[2025-12-08T07:00:39.130+0000] {processor.py:186} INFO - Started process (PID=101) to work on /home/airflow/.local/lib/python3.12/site-packages/airflow/example_dags/example_dynamic_task_mapping_with_no_taskflow_operators.py
[2025-12-08T07:00:39.132+0000] {processor.py:914} INFO - Processing file /home/airflow/.local/lib/python3.12/site-packages/airflow/example_dags/example_dynamic_task_mapping_with_no_taskflow_operators.py for tasks to queue
[2025-12-08T07:00:39.140+0000] {logging_mixin.py:190} INFO - [2025-12-08T07:00:39.139+0000] {dagbag.py:587} INFO - Filling up the DagBag from /home/airflow/.local/lib/python3.12/site-packages/airflow/example_dags/example_dynamic_task_mapping_with_no_taskflow_operators.py
[2025-12-08T07:00:39.163+0000] {processor.py:925} INFO - DAG(s) 'example_dynamic_task_mapping_with_no_taskflow_operators' retrieved from /home/airflow/.local/lib/python3.12/site-packages/airflow/example_dags/example_dynamic_task_mapping_with_no_taskflow_operators.py
[2025-12-08T07:00:39.215+0000] {logging_mixin.py:190} INFO - [2025-12-08T07:00:39.214+0000] {dag.py:3211} INFO - Sync 1 DAGs
[2025-12-08T07:00:39.270+0000] {logging_mixin.py:190} INFO - [2025-12-08T07:00:39.270+0000] {dag.py:4138} INFO - Setting next_dagrun for example_dynamic_task_mapping_with_no_taskflow_operators to 2025-12-07 00:00:00+00:00, run_after=2025-12-08 00:00:00+00:00
[2025-12-08T07:00:39.313+0000] {processor.py:208} INFO - Processing /home/airflow/.local/lib/python3.12/site-packages/airflow/example_dags/example_dynamic_task_mapping_with_no_taskflow_operators.py took 0.197 seconds
[2025-12-08T07:01:09.877+0000] {processor.py:186} INFO - Started process (PID=163) to work on /home/airflow/.local/lib/python3.12/site-packages/airflow/example_dags/example_dynamic_task_mapping_with_no_taskflow_operators.py
[2025-12-08T07:01:09.880+0000] {processor.py:914} INFO - Processing file /home/airflow/.local/lib/python3.12/site-packages/airflow/example_dags/example_dynamic_task_mapping_with_no_taskflow_operators.py for tasks to queue
[2025-12-08T07:01:09.885+0000] {logging_mixin.py:190} INFO - [2025-12-08T07:01:09.884+0000] {dagbag.py:587} INFO - Filling up the DagBag from /home/airflow/.local/lib/python3.12/site-packages/airflow/example_dags/example_dynamic_task_mapping_with_no_taskflow_operators.py
[2025-12-08T07:01:09.904+0000] {processor.py:925} INFO - DAG(s) 'example_dynamic_task_mapping_with_no_taskflow_operators' retrieved from /home/airflow/.local/lib/python3.12/site-packages/airflow/example_dags/example_dynamic_task_mapping_with_no_taskflow_operators.py
[2025-12-08T07:01:09.939+0000] {logging_mixin.py:190} INFO - [2025-12-08T07:01:09.939+0000] {dag.py:3211} INFO - Sync 1 DAGs
[2025-12-08T07:01:09.979+0000] {logging_mixin.py:190} INFO - [2025-12-08T07:01:09.978+0000] {dag.py:4138} INFO - Setting next_dagrun for example_dynamic_task_mapping_with_no_taskflow_operators to 2025-12-07 00:00:00+00:00, run_after=2025-12-08 00:00:00+00:00
[2025-12-08T07:01:10.013+0000] {processor.py:208} INFO - Processing /home/airflow/.local/lib/python3.12/site-packages/airflow/example_dags/example_dynamic_task_mapping_with_no_taskflow_operators.py took 0.147 seconds
[2025-12-08T07:01:42.385+0000] {processor.py:186} INFO - Started process (PID=225) to work on /home/airflow/.local/lib/python3.12/site-packages/airflow/example_dags/example_dynamic_task_mapping_with_no_taskflow_operators.py
[2025-12-08T07:01:42.387+0000] {processor.py:914} INFO - Processing file /home/airflow/.local/lib/python3.12/site-packages/airflow/example_dags/example_dynamic_task_mapping_with_no_taskflow_operators.py for tasks to queue
[2025-12-08T07:01:42.392+0000] {logging_mixin.py:190} INFO - [2025-12-08T07:01:42.391+0000] {dagbag.py:587} INFO - Filling up the DagBag from /home/airflow/.local/lib/python3.12/site-packages/airflow/example_dags/example_dynamic_task_mapping_with_no_taskflow_operators.py
[2025-12-08T07:01:42.408+0000] {processor.py:925} INFO - DAG(s) 'example_dynamic_task_mapping_with_no_taskflow_operators' retrieved from /home/airflow/.local/lib/python3.12/site-packages/airflow/example_dags/example_dynamic_task_mapping_with_no_taskflow_operators.py
[2025-12-08T07:01:42.448+0000] {logging_mixin.py:190} INFO - [2025-12-08T07:01:42.448+0000] {dag.py:3211} INFO - Sync 1 DAGs
[2025-12-08T07:01:42.496+0000] {logging_mixin.py:190} INFO - [2025-12-08T07:01:42.496+0000] {dag.py:4138} INFO - Setting next_dagrun for example_dynamic_task_mapping_with_no_taskflow_operators to 2025-12-07 00:00:00+00:00, run_after=2025-12-08 00:00:00+00:00
[2025-12-08T07:01:42.557+0000] {processor.py:208} INFO - Processing /home/airflow/.local/lib/python3.12/site-packages/airflow/example_dags/example_dynamic_task_mapping_with_no_taskflow_operators.py took 0.181 seconds
[2025-12-08T07:02:13.613+0000] {processor.py:186} INFO - Started process (PID=287) to work on /home/airflow/.local/lib/python3.12/site-packages/airflow/example_dags/example_dynamic_task_mapping_with_no_taskflow_operators.py
[2025-12-08T07:02:13.622+0000] {processor.py:914} INFO - Processing file /home/airflow/.local/lib/python3.12/site-packages/airflow/example_dags/example_dynamic_task_mapping_with_no_taskflow_operators.py for tasks to queue
[2025-12-08T07:02:13.628+0000] {logging_mixin.py:190} INFO - [2025-12-08T07:02:13.628+0000] {dagbag.py:587} INFO - Filling up the DagBag from /home/airflow/.local/lib/python3.12/site-packages/airflow/example_dags/example_dynamic_task_mapping_with_no_taskflow_operators.py
[2025-12-08T07:02:13.654+0000] {processor.py:925} INFO - DAG(s) 'example_dynamic_task_mapping_with_no_taskflow_operators' retrieved from /home/airflow/.local/lib/python3.12/site-packages/airflow/example_dags/example_dynamic_task_mapping_with_no_taskflow_operators.py
[2025-12-08T07:02:13.725+0000] {logging_mixin.py:190} INFO - [2025-12-08T07:02:13.724+0000] {dag.py:3211} INFO - Sync 1 DAGs
[2025-12-08T07:02:13.776+0000] {logging_mixin.py:190} INFO - [2025-12-08T07:02:13.776+0000] {dag.py:4138} INFO - Setting next_dagrun for example_dynamic_task_mapping_with_no_taskflow_operators to 2025-12-07 00:00:00+00:00, run_after=2025-12-08 00:00:00+00:00
[2025-12-08T07:02:13.821+0000] {processor.py:208} INFO - Processing /home/airflow/.local/lib/python3.12/site-packages/airflow/example_dags/example_dynamic_task_mapping_with_no_taskflow_operators.py took 0.229 seconds
[2025-12-08T07:02:44.368+0000] {processor.py:186} INFO - Started process (PID=349) to work on /home/airflow/.local/lib/python3.12/site-packages/airflow/example_dags/example_dynamic_task_mapping_with_no_taskflow_operators.py
[2025-12-08T07:02:44.370+0000] {processor.py:914} INFO - Processing file /home/airflow/.local/lib/python3.12/site-packages/airflow/example_dags/example_dynamic_task_mapping_with_no_taskflow_operators.py for tasks to queue
[2025-12-08T07:02:44.374+0000] {logging_mixin.py:190} INFO - [2025-12-08T07:02:44.373+0000] {dagbag.py:587} INFO - Filling up the DagBag from /home/airflow/.local/lib/python3.12/site-packages/airflow/example_dags/example_dynamic_task_mapping_with_no_taskflow_operators.py
[2025-12-08T07:02:44.386+0000] {processor.py:925} INFO - DAG(s) 'example_dynamic_task_mapping_with_no_taskflow_operators' retrieved from /home/airflow/.local/lib/python3.12/site-packages/airflow/example_dags/example_dynamic_task_mapping_with_no_taskflow_operators.py
[2025-12-08T07:02:44.419+0000] {logging_mixin.py:190} INFO - [2025-12-08T07:02:44.419+0000] {dag.py:3211} INFO - Sync 1 DAGs
[2025-12-08T07:02:44.456+0000] {logging_mixin.py:190} INFO - [2025-12-08T07:02:44.456+0000] {dag.py:4138} INFO - Setting next_dagrun for example_dynamic_task_mapping_with_no_taskflow_operators to 2025-12-07 00:00:00+00:00, run_after=2025-12-08 00:00:00+00:00
[2025-12-08T07:02:44.495+0000] {processor.py:208} INFO - Processing /home/airflow/.local/lib/python3.12/site-packages/airflow/example_dags/example_dynamic_task_mapping_with_no_taskflow_operators.py took 0.135 seconds
[2025-12-08T07:03:15.048+0000] {processor.py:186} INFO - Started process (PID=410) to work on /home/airflow/.local/lib/python3.12/site-packages/airflow/example_dags/example_dynamic_task_mapping_with_no_taskflow_operators.py
[2025-12-08T07:03:15.050+0000] {processor.py:914} INFO - Processing file /home/airflow/.local/lib/python3.12/site-packages/airflow/example_dags/example_dynamic_task_mapping_with_no_taskflow_operators.py for tasks to queue
[2025-12-08T07:03:15.056+0000] {logging_mixin.py:190} INFO - [2025-12-08T07:03:15.054+0000] {dagbag.py:587} INFO - Filling up the DagBag from /home/airflow/.local/lib/python3.12/site-packages/airflow/example_dags/example_dynamic_task_mapping_with_no_taskflow_operators.py
[2025-12-08T07:03:15.071+0000] {processor.py:925} INFO - DAG(s) 'example_dynamic_task_mapping_with_no_taskflow_operators' retrieved from /home/airflow/.local/lib/python3.12/site-packages/airflow/example_dags/example_dynamic_task_mapping_with_no_taskflow_operators.py
[2025-12-08T07:03:15.104+0000] {logging_mixin.py:190} INFO - [2025-12-08T07:03:15.104+0000] {dag.py:3211} INFO - Sync 1 DAGs
[2025-12-08T07:03:15.137+0000] {logging_mixin.py:190} INFO - [2025-12-08T07:03:15.137+0000] {dag.py:4138} INFO - Setting next_dagrun for example_dynamic_task_mapping_with_no_taskflow_operators to 2025-12-07 00:00:00+00:00, run_after=2025-12-08 00:00:00+00:00
[2025-12-08T07:03:15.174+0000] {processor.py:208} INFO - Processing /home/airflow/.local/lib/python3.12/site-packages/airflow/example_dags/example_dynamic_task_mapping_with_no_taskflow_operators.py took 0.137 seconds
[2025-12-08T07:03:45.688+0000] {processor.py:186} INFO - Started process (PID=473) to work on /home/airflow/.local/lib/python3.12/site-packages/airflow/example_dags/example_dynamic_task_mapping_with_no_taskflow_operators.py
[2025-12-08T07:03:45.691+0000] {processor.py:914} INFO - Processing file /home/airflow/.local/lib/python3.12/site-packages/airflow/example_dags/example_dynamic_task_mapping_with_no_taskflow_operators.py for tasks to queue
[2025-12-08T07:03:45.697+0000] {logging_mixin.py:190} INFO - [2025-12-08T07:03:45.696+0000] {dagbag.py:587} INFO - Filling up the DagBag from /home/airflow/.local/lib/python3.12/site-packages/airflow/example_dags/example_dynamic_task_mapping_with_no_taskflow_operators.py
[2025-12-08T07:03:45.716+0000] {processor.py:925} INFO - DAG(s) 'example_dynamic_task_mapping_with_no_taskflow_operators' retrieved from /home/airflow/.local/lib/python3.12/site-packages/airflow/example_dags/example_dynamic_task_mapping_with_no_taskflow_operators.py
[2025-12-08T07:03:45.747+0000] {logging_mixin.py:190} INFO - [2025-12-08T07:03:45.747+0000] {dag.py:3211} INFO - Sync 1 DAGs
[2025-12-08T07:03:45.779+0000] {logging_mixin.py:190} INFO - [2025-12-08T07:03:45.779+0000] {dag.py:4138} INFO - Setting next_dagrun for example_dynamic_task_mapping_with_no_taskflow_operators to 2025-12-07 00:00:00+00:00, run_after=2025-12-08 00:00:00+00:00
[2025-12-08T07:03:45.823+0000] {processor.py:208} INFO - Processing /home/airflow/.local/lib/python3.12/site-packages/airflow/example_dags/example_dynamic_task_mapping_with_no_taskflow_operators.py took 0.152 seconds
[2025-12-08T07:04:16.832+0000] {processor.py:186} INFO - Started process (PID=535) to work on /home/airflow/.local/lib/python3.12/site-packages/airflow/example_dags/example_dynamic_task_mapping_with_no_taskflow_operators.py
[2025-12-08T07:04:16.836+0000] {processor.py:914} INFO - Processing file /home/airflow/.local/lib/python3.12/site-packages/airflow/example_dags/example_dynamic_task_mapping_with_no_taskflow_operators.py for tasks to queue
[2025-12-08T07:04:16.842+0000] {logging_mixin.py:190} INFO - [2025-12-08T07:04:16.840+0000] {dagbag.py:587} INFO - Filling up the DagBag from /home/airflow/.local/lib/python3.12/site-packages/airflow/example_dags/example_dynamic_task_mapping_with_no_taskflow_operators.py
[2025-12-08T07:04:16.863+0000] {processor.py:925} INFO - DAG(s) 'example_dynamic_task_mapping_with_no_taskflow_operators' retrieved from /home/airflow/.local/lib/python3.12/site-packages/airflow/example_dags/example_dynamic_task_mapping_with_no_taskflow_operators.py
[2025-12-08T07:04:16.907+0000] {logging_mixin.py:190} INFO - [2025-12-08T07:04:16.906+0000] {dag.py:3211} INFO - Sync 1 DAGs
[2025-12-08T07:04:16.970+0000] {logging_mixin.py:190} INFO - [2025-12-08T07:04:16.968+0000] {dag.py:4138} INFO - Setting next_dagrun for example_dynamic_task_mapping_with_no_taskflow_operators to 2025-12-07 00:00:00+00:00, run_after=2025-12-08 00:00:00+00:00
[2025-12-08T07:04:17.011+0000] {processor.py:208} INFO - Processing /home/airflow/.local/lib/python3.12/site-packages/airflow/example_dags/example_dynamic_task_mapping_with_no_taskflow_operators.py took 0.193 seconds
[2025-12-08T07:04:47.386+0000] {processor.py:186} INFO - Started process (PID=597) to work on /home/airflow/.local/lib/python3.12/site-packages/airflow/example_dags/example_dynamic_task_mapping_with_no_taskflow_operators.py
[2025-12-08T07:04:47.388+0000] {processor.py:914} INFO - Processing file /home/airflow/.local/lib/python3.12/site-packages/airflow/example_dags/example_dynamic_task_mapping_with_no_taskflow_operators.py for tasks to queue
[2025-12-08T07:04:47.393+0000] {logging_mixin.py:190} INFO - [2025-12-08T07:04:47.393+0000] {dagbag.py:587} INFO - Filling up the DagBag from /home/airflow/.local/lib/python3.12/site-packages/airflow/example_dags/example_dynamic_task_mapping_with_no_taskflow_operators.py
[2025-12-08T07:04:47.409+0000] {processor.py:925} INFO - DAG(s) 'example_dynamic_task_mapping_with_no_taskflow_operators' retrieved from /home/airflow/.local/lib/python3.12/site-packages/airflow/example_dags/example_dynamic_task_mapping_with_no_taskflow_operators.py
[2025-12-08T07:04:47.446+0000] {logging_mixin.py:190} INFO - [2025-12-08T07:04:47.446+0000] {dag.py:3211} INFO - Sync 1 DAGs
[2025-12-08T07:04:47.487+0000] {logging_mixin.py:190} INFO - [2025-12-08T07:04:47.487+0000] {dag.py:4138} INFO - Setting next_dagrun for example_dynamic_task_mapping_with_no_taskflow_operators to 2025-12-07 00:00:00+00:00, run_after=2025-12-08 00:00:00+00:00
[2025-12-08T07:04:47.520+0000] {processor.py:208} INFO - Processing /home/airflow/.local/lib/python3.12/site-packages/airflow/example_dags/example_dynamic_task_mapping_with_no_taskflow_operators.py took 0.143 seconds
[2025-12-08T07:05:18.059+0000] {processor.py:186} INFO - Started process (PID=659) to work on /home/airflow/.local/lib/python3.12/site-packages/airflow/example_dags/example_dynamic_task_mapping_with_no_taskflow_operators.py
[2025-12-08T07:05:18.061+0000] {processor.py:914} INFO - Processing file /home/airflow/.local/lib/python3.12/site-packages/airflow/example_dags/example_dynamic_task_mapping_with_no_taskflow_operators.py for tasks to queue
[2025-12-08T07:05:18.069+0000] {logging_mixin.py:190} INFO - [2025-12-08T07:05:18.067+0000] {dagbag.py:587} INFO - Filling up the DagBag from /home/airflow/.local/lib/python3.12/site-packages/airflow/example_dags/example_dynamic_task_mapping_with_no_taskflow_operators.py
[2025-12-08T07:05:18.085+0000] {processor.py:925} INFO - DAG(s) 'example_dynamic_task_mapping_with_no_taskflow_operators' retrieved from /home/airflow/.local/lib/python3.12/site-packages/airflow/example_dags/example_dynamic_task_mapping_with_no_taskflow_operators.py
[2025-12-08T07:05:18.123+0000] {logging_mixin.py:190} INFO - [2025-12-08T07:05:18.122+0000] {dag.py:3211} INFO - Sync 1 DAGs
[2025-12-08T07:05:18.162+0000] {logging_mixin.py:190} INFO - [2025-12-08T07:05:18.161+0000] {dag.py:4138} INFO - Setting next_dagrun for example_dynamic_task_mapping_with_no_taskflow_operators to 2025-12-07 00:00:00+00:00, run_after=2025-12-08 00:00:00+00:00
[2025-12-08T07:05:18.189+0000] {processor.py:208} INFO - Processing /home/airflow/.local/lib/python3.12/site-packages/airflow/example_dags/example_dynamic_task_mapping_with_no_taskflow_operators.py took 0.139 seconds
[2025-12-08T07:07:35.578+0000] {processor.py:186} INFO - Started process (PID=95) to work on /home/airflow/.local/lib/python3.12/site-packages/airflow/example_dags/example_dynamic_task_mapping_with_no_taskflow_operators.py
[2025-12-08T07:07:35.587+0000] {processor.py:914} INFO - Processing file /home/airflow/.local/lib/python3.12/site-packages/airflow/example_dags/example_dynamic_task_mapping_with_no_taskflow_operators.py for tasks to queue
[2025-12-08T07:07:35.599+0000] {logging_mixin.py:190} INFO - [2025-12-08T07:07:35.598+0000] {dagbag.py:587} INFO - Filling up the DagBag from /home/airflow/.local/lib/python3.12/site-packages/airflow/example_dags/example_dynamic_task_mapping_with_no_taskflow_operators.py
[2025-12-08T07:07:35.632+0000] {processor.py:925} INFO - DAG(s) 'example_dynamic_task_mapping_with_no_taskflow_operators' retrieved from /home/airflow/.local/lib/python3.12/site-packages/airflow/example_dags/example_dynamic_task_mapping_with_no_taskflow_operators.py
[2025-12-08T07:07:35.734+0000] {logging_mixin.py:190} INFO - [2025-12-08T07:07:35.734+0000] {dag.py:3211} INFO - Sync 1 DAGs
[2025-12-08T07:07:35.841+0000] {logging_mixin.py:190} INFO - [2025-12-08T07:07:35.840+0000] {dag.py:4138} INFO - Setting next_dagrun for example_dynamic_task_mapping_with_no_taskflow_operators to 2025-12-07 00:00:00+00:00, run_after=2025-12-08 00:00:00+00:00
[2025-12-08T07:07:35.942+0000] {processor.py:208} INFO - Processing /home/airflow/.local/lib/python3.12/site-packages/airflow/example_dags/example_dynamic_task_mapping_with_no_taskflow_operators.py took 0.377 seconds
[2025-12-08T07:08:06.604+0000] {processor.py:186} INFO - Started process (PID=157) to work on /home/airflow/.local/lib/python3.12/site-packages/airflow/example_dags/example_dynamic_task_mapping_with_no_taskflow_operators.py
[2025-12-08T07:08:06.607+0000] {processor.py:914} INFO - Processing file /home/airflow/.local/lib/python3.12/site-packages/airflow/example_dags/example_dynamic_task_mapping_with_no_taskflow_operators.py for tasks to queue
[2025-12-08T07:08:06.612+0000] {logging_mixin.py:190} INFO - [2025-12-08T07:08:06.612+0000] {dagbag.py:587} INFO - Filling up the DagBag from /home/airflow/.local/lib/python3.12/site-packages/airflow/example_dags/example_dynamic_task_mapping_with_no_taskflow_operators.py
[2025-12-08T07:08:06.640+0000] {processor.py:925} INFO - DAG(s) 'example_dynamic_task_mapping_with_no_taskflow_operators' retrieved from /home/airflow/.local/lib/python3.12/site-packages/airflow/example_dags/example_dynamic_task_mapping_with_no_taskflow_operators.py
[2025-12-08T07:08:06.709+0000] {logging_mixin.py:190} INFO - [2025-12-08T07:08:06.709+0000] {dag.py:3211} INFO - Sync 1 DAGs
[2025-12-08T07:08:06.769+0000] {logging_mixin.py:190} INFO - [2025-12-08T07:08:06.768+0000] {dag.py:4138} INFO - Setting next_dagrun for example_dynamic_task_mapping_with_no_taskflow_operators to 2025-12-07 00:00:00+00:00, run_after=2025-12-08 00:00:00+00:00
[2025-12-08T07:08:06.828+0000] {processor.py:208} INFO - Processing /home/airflow/.local/lib/python3.12/site-packages/airflow/example_dags/example_dynamic_task_mapping_with_no_taskflow_operators.py took 0.237 seconds
[2025-12-08T07:08:37.232+0000] {processor.py:186} INFO - Started process (PID=219) to work on /home/airflow/.local/lib/python3.12/site-packages/airflow/example_dags/example_dynamic_task_mapping_with_no_taskflow_operators.py
[2025-12-08T07:08:37.242+0000] {processor.py:914} INFO - Processing file /home/airflow/.local/lib/python3.12/site-packages/airflow/example_dags/example_dynamic_task_mapping_with_no_taskflow_operators.py for tasks to queue
[2025-12-08T07:08:37.247+0000] {logging_mixin.py:190} INFO - [2025-12-08T07:08:37.246+0000] {dagbag.py:587} INFO - Filling up the DagBag from /home/airflow/.local/lib/python3.12/site-packages/airflow/example_dags/example_dynamic_task_mapping_with_no_taskflow_operators.py
[2025-12-08T07:08:37.266+0000] {processor.py:925} INFO - DAG(s) 'example_dynamic_task_mapping_with_no_taskflow_operators' retrieved from /home/airflow/.local/lib/python3.12/site-packages/airflow/example_dags/example_dynamic_task_mapping_with_no_taskflow_operators.py
[2025-12-08T07:08:37.311+0000] {logging_mixin.py:190} INFO - [2025-12-08T07:08:37.311+0000] {dag.py:3211} INFO - Sync 1 DAGs
[2025-12-08T07:08:37.344+0000] {logging_mixin.py:190} INFO - [2025-12-08T07:08:37.343+0000] {dag.py:4138} INFO - Setting next_dagrun for example_dynamic_task_mapping_with_no_taskflow_operators to 2025-12-07 00:00:00+00:00, run_after=2025-12-08 00:00:00+00:00
[2025-12-08T07:08:37.379+0000] {processor.py:208} INFO - Processing /home/airflow/.local/lib/python3.12/site-packages/airflow/example_dags/example_dynamic_task_mapping_with_no_taskflow_operators.py took 0.159 seconds
[2025-12-08T07:09:07.939+0000] {processor.py:186} INFO - Started process (PID=281) to work on /home/airflow/.local/lib/python3.12/site-packages/airflow/example_dags/example_dynamic_task_mapping_with_no_taskflow_operators.py
[2025-12-08T07:09:07.944+0000] {processor.py:914} INFO - Processing file /home/airflow/.local/lib/python3.12/site-packages/airflow/example_dags/example_dynamic_task_mapping_with_no_taskflow_operators.py for tasks to queue
[2025-12-08T07:09:07.950+0000] {logging_mixin.py:190} INFO - [2025-12-08T07:09:07.949+0000] {dagbag.py:587} INFO - Filling up the DagBag from /home/airflow/.local/lib/python3.12/site-packages/airflow/example_dags/example_dynamic_task_mapping_with_no_taskflow_operators.py
[2025-12-08T07:09:07.964+0000] {processor.py:925} INFO - DAG(s) 'example_dynamic_task_mapping_with_no_taskflow_operators' retrieved from /home/airflow/.local/lib/python3.12/site-packages/airflow/example_dags/example_dynamic_task_mapping_with_no_taskflow_operators.py
[2025-12-08T07:09:07.988+0000] {logging_mixin.py:190} INFO - [2025-12-08T07:09:07.988+0000] {dag.py:3211} INFO - Sync 1 DAGs
[2025-12-08T07:09:08.012+0000] {logging_mixin.py:190} INFO - [2025-12-08T07:09:08.012+0000] {dag.py:4138} INFO - Setting next_dagrun for example_dynamic_task_mapping_with_no_taskflow_operators to 2025-12-07 00:00:00+00:00, run_after=2025-12-08 00:00:00+00:00
[2025-12-08T07:09:08.033+0000] {processor.py:208} INFO - Processing /home/airflow/.local/lib/python3.12/site-packages/airflow/example_dags/example_dynamic_task_mapping_with_no_taskflow_operators.py took 0.110 seconds
[2025-12-08T07:09:38.868+0000] {processor.py:186} INFO - Started process (PID=343) to work on /home/airflow/.local/lib/python3.12/site-packages/airflow/example_dags/example_dynamic_task_mapping_with_no_taskflow_operators.py
[2025-12-08T07:09:38.870+0000] {processor.py:914} INFO - Processing file /home/airflow/.local/lib/python3.12/site-packages/airflow/example_dags/example_dynamic_task_mapping_with_no_taskflow_operators.py for tasks to queue
[2025-12-08T07:09:38.873+0000] {logging_mixin.py:190} INFO - [2025-12-08T07:09:38.872+0000] {dagbag.py:587} INFO - Filling up the DagBag from /home/airflow/.local/lib/python3.12/site-packages/airflow/example_dags/example_dynamic_task_mapping_with_no_taskflow_operators.py
[2025-12-08T07:09:38.881+0000] {processor.py:925} INFO - DAG(s) 'example_dynamic_task_mapping_with_no_taskflow_operators' retrieved from /home/airflow/.local/lib/python3.12/site-packages/airflow/example_dags/example_dynamic_task_mapping_with_no_taskflow_operators.py
[2025-12-08T07:09:38.904+0000] {logging_mixin.py:190} INFO - [2025-12-08T07:09:38.903+0000] {dag.py:3211} INFO - Sync 1 DAGs
[2025-12-08T07:09:38.933+0000] {logging_mixin.py:190} INFO - [2025-12-08T07:09:38.933+0000] {dag.py:4138} INFO - Setting next_dagrun for example_dynamic_task_mapping_with_no_taskflow_operators to 2025-12-07 00:00:00+00:00, run_after=2025-12-08 00:00:00+00:00
[2025-12-08T07:09:38.957+0000] {processor.py:208} INFO - Processing /home/airflow/.local/lib/python3.12/site-packages/airflow/example_dags/example_dynamic_task_mapping_with_no_taskflow_operators.py took 0.094 seconds
[2025-12-08T07:10:09.667+0000] {processor.py:186} INFO - Started process (PID=405) to work on /home/airflow/.local/lib/python3.12/site-packages/airflow/example_dags/example_dynamic_task_mapping_with_no_taskflow_operators.py
[2025-12-08T07:10:09.669+0000] {processor.py:914} INFO - Processing file /home/airflow/.local/lib/python3.12/site-packages/airflow/example_dags/example_dynamic_task_mapping_with_no_taskflow_operators.py for tasks to queue
[2025-12-08T07:10:09.672+0000] {logging_mixin.py:190} INFO - [2025-12-08T07:10:09.671+0000] {dagbag.py:587} INFO - Filling up the DagBag from /home/airflow/.local/lib/python3.12/site-packages/airflow/example_dags/example_dynamic_task_mapping_with_no_taskflow_operators.py
[2025-12-08T07:10:09.681+0000] {processor.py:925} INFO - DAG(s) 'example_dynamic_task_mapping_with_no_taskflow_operators' retrieved from /home/airflow/.local/lib/python3.12/site-packages/airflow/example_dags/example_dynamic_task_mapping_with_no_taskflow_operators.py
[2025-12-08T07:10:09.703+0000] {logging_mixin.py:190} INFO - [2025-12-08T07:10:09.702+0000] {dag.py:3211} INFO - Sync 1 DAGs
[2025-12-08T07:10:09.724+0000] {logging_mixin.py:190} INFO - [2025-12-08T07:10:09.724+0000] {dag.py:4138} INFO - Setting next_dagrun for example_dynamic_task_mapping_with_no_taskflow_operators to 2025-12-07 00:00:00+00:00, run_after=2025-12-08 00:00:00+00:00
[2025-12-08T07:10:09.748+0000] {processor.py:208} INFO - Processing /home/airflow/.local/lib/python3.12/site-packages/airflow/example_dags/example_dynamic_task_mapping_with_no_taskflow_operators.py took 0.087 seconds
[2025-12-08T07:10:39.994+0000] {processor.py:186} INFO - Started process (PID=467) to work on /home/airflow/.local/lib/python3.12/site-packages/airflow/example_dags/example_dynamic_task_mapping_with_no_taskflow_operators.py
[2025-12-08T07:10:39.997+0000] {processor.py:914} INFO - Processing file /home/airflow/.local/lib/python3.12/site-packages/airflow/example_dags/example_dynamic_task_mapping_with_no_taskflow_operators.py for tasks to queue
[2025-12-08T07:10:40.000+0000] {logging_mixin.py:190} INFO - [2025-12-08T07:10:40.000+0000] {dagbag.py:587} INFO - Filling up the DagBag from /home/airflow/.local/lib/python3.12/site-packages/airflow/example_dags/example_dynamic_task_mapping_with_no_taskflow_operators.py
[2025-12-08T07:10:40.015+0000] {processor.py:925} INFO - DAG(s) 'example_dynamic_task_mapping_with_no_taskflow_operators' retrieved from /home/airflow/.local/lib/python3.12/site-packages/airflow/example_dags/example_dynamic_task_mapping_with_no_taskflow_operators.py
[2025-12-08T07:10:40.049+0000] {logging_mixin.py:190} INFO - [2025-12-08T07:10:40.049+0000] {dag.py:3211} INFO - Sync 1 DAGs
[2025-12-08T07:10:40.077+0000] {logging_mixin.py:190} INFO - [2025-12-08T07:10:40.077+0000] {dag.py:4138} INFO - Setting next_dagrun for example_dynamic_task_mapping_with_no_taskflow_operators to 2025-12-07 00:00:00+00:00, run_after=2025-12-08 00:00:00+00:00
[2025-12-08T07:10:40.106+0000] {processor.py:208} INFO - Processing /home/airflow/.local/lib/python3.12/site-packages/airflow/example_dags/example_dynamic_task_mapping_with_no_taskflow_operators.py took 0.121 seconds
[2025-12-08T07:11:10.220+0000] {processor.py:186} INFO - Started process (PID=529) to work on /home/airflow/.local/lib/python3.12/site-packages/airflow/example_dags/example_dynamic_task_mapping_with_no_taskflow_operators.py
[2025-12-08T07:11:10.222+0000] {processor.py:914} INFO - Processing file /home/airflow/.local/lib/python3.12/site-packages/airflow/example_dags/example_dynamic_task_mapping_with_no_taskflow_operators.py for tasks to queue
[2025-12-08T07:11:10.226+0000] {logging_mixin.py:190} INFO - [2025-12-08T07:11:10.226+0000] {dagbag.py:587} INFO - Filling up the DagBag from /home/airflow/.local/lib/python3.12/site-packages/airflow/example_dags/example_dynamic_task_mapping_with_no_taskflow_operators.py
[2025-12-08T07:11:10.242+0000] {processor.py:925} INFO - DAG(s) 'example_dynamic_task_mapping_with_no_taskflow_operators' retrieved from /home/airflow/.local/lib/python3.12/site-packages/airflow/example_dags/example_dynamic_task_mapping_with_no_taskflow_operators.py
[2025-12-08T07:11:10.274+0000] {logging_mixin.py:190} INFO - [2025-12-08T07:11:10.274+0000] {dag.py:3211} INFO - Sync 1 DAGs
[2025-12-08T07:11:10.305+0000] {logging_mixin.py:190} INFO - [2025-12-08T07:11:10.304+0000] {dag.py:4138} INFO - Setting next_dagrun for example_dynamic_task_mapping_with_no_taskflow_operators to 2025-12-07 00:00:00+00:00, run_after=2025-12-08 00:00:00+00:00
[2025-12-08T07:11:10.334+0000] {processor.py:208} INFO - Processing /home/airflow/.local/lib/python3.12/site-packages/airflow/example_dags/example_dynamic_task_mapping_with_no_taskflow_operators.py took 0.120 seconds
[2025-12-08T07:11:40.544+0000] {processor.py:186} INFO - Started process (PID=591) to work on /home/airflow/.local/lib/python3.12/site-packages/airflow/example_dags/example_dynamic_task_mapping_with_no_taskflow_operators.py
[2025-12-08T07:11:40.546+0000] {processor.py:914} INFO - Processing file /home/airflow/.local/lib/python3.12/site-packages/airflow/example_dags/example_dynamic_task_mapping_with_no_taskflow_operators.py for tasks to queue
[2025-12-08T07:11:40.549+0000] {logging_mixin.py:190} INFO - [2025-12-08T07:11:40.549+0000] {dagbag.py:587} INFO - Filling up the DagBag from /home/airflow/.local/lib/python3.12/site-packages/airflow/example_dags/example_dynamic_task_mapping_with_no_taskflow_operators.py
[2025-12-08T07:11:40.559+0000] {processor.py:925} INFO - DAG(s) 'example_dynamic_task_mapping_with_no_taskflow_operators' retrieved from /home/airflow/.local/lib/python3.12/site-packages/airflow/example_dags/example_dynamic_task_mapping_with_no_taskflow_operators.py
[2025-12-08T07:11:40.583+0000] {logging_mixin.py:190} INFO - [2025-12-08T07:11:40.583+0000] {dag.py:3211} INFO - Sync 1 DAGs
[2025-12-08T07:11:40.605+0000] {logging_mixin.py:190} INFO - [2025-12-08T07:11:40.604+0000] {dag.py:4138} INFO - Setting next_dagrun for example_dynamic_task_mapping_with_no_taskflow_operators to 2025-12-07 00:00:00+00:00, run_after=2025-12-08 00:00:00+00:00
[2025-12-08T07:11:40.626+0000] {processor.py:208} INFO - Processing /home/airflow/.local/lib/python3.12/site-packages/airflow/example_dags/example_dynamic_task_mapping_with_no_taskflow_operators.py took 0.088 seconds
[2025-12-08T07:12:10.773+0000] {processor.py:186} INFO - Started process (PID=653) to work on /home/airflow/.local/lib/python3.12/site-packages/airflow/example_dags/example_dynamic_task_mapping_with_no_taskflow_operators.py
[2025-12-08T07:12:10.775+0000] {processor.py:914} INFO - Processing file /home/airflow/.local/lib/python3.12/site-packages/airflow/example_dags/example_dynamic_task_mapping_with_no_taskflow_operators.py for tasks to queue
[2025-12-08T07:12:10.778+0000] {logging_mixin.py:190} INFO - [2025-12-08T07:12:10.778+0000] {dagbag.py:587} INFO - Filling up the DagBag from /home/airflow/.local/lib/python3.12/site-packages/airflow/example_dags/example_dynamic_task_mapping_with_no_taskflow_operators.py
[2025-12-08T07:12:10.790+0000] {processor.py:925} INFO - DAG(s) 'example_dynamic_task_mapping_with_no_taskflow_operators' retrieved from /home/airflow/.local/lib/python3.12/site-packages/airflow/example_dags/example_dynamic_task_mapping_with_no_taskflow_operators.py
[2025-12-08T07:12:10.817+0000] {logging_mixin.py:190} INFO - [2025-12-08T07:12:10.817+0000] {dag.py:3211} INFO - Sync 1 DAGs
[2025-12-08T07:12:10.843+0000] {logging_mixin.py:190} INFO - [2025-12-08T07:12:10.842+0000] {dag.py:4138} INFO - Setting next_dagrun for example_dynamic_task_mapping_with_no_taskflow_operators to 2025-12-07 00:00:00+00:00, run_after=2025-12-08 00:00:00+00:00
[2025-12-08T07:12:10.869+0000] {processor.py:208} INFO - Processing /home/airflow/.local/lib/python3.12/site-packages/airflow/example_dags/example_dynamic_task_mapping_with_no_taskflow_operators.py took 0.102 seconds
[2025-12-08T07:12:41.189+0000] {processor.py:186} INFO - Started process (PID=716) to work on /home/airflow/.local/lib/python3.12/site-packages/airflow/example_dags/example_dynamic_task_mapping_with_no_taskflow_operators.py
[2025-12-08T07:12:41.191+0000] {processor.py:914} INFO - Processing file /home/airflow/.local/lib/python3.12/site-packages/airflow/example_dags/example_dynamic_task_mapping_with_no_taskflow_operators.py for tasks to queue
[2025-12-08T07:12:41.194+0000] {logging_mixin.py:190} INFO - [2025-12-08T07:12:41.194+0000] {dagbag.py:587} INFO - Filling up the DagBag from /home/airflow/.local/lib/python3.12/site-packages/airflow/example_dags/example_dynamic_task_mapping_with_no_taskflow_operators.py
[2025-12-08T07:12:41.203+0000] {processor.py:925} INFO - DAG(s) 'example_dynamic_task_mapping_with_no_taskflow_operators' retrieved from /home/airflow/.local/lib/python3.12/site-packages/airflow/example_dags/example_dynamic_task_mapping_with_no_taskflow_operators.py
[2025-12-08T07:12:41.229+0000] {logging_mixin.py:190} INFO - [2025-12-08T07:12:41.229+0000] {dag.py:3211} INFO - Sync 1 DAGs
[2025-12-08T07:12:41.257+0000] {logging_mixin.py:190} INFO - [2025-12-08T07:12:41.256+0000] {dag.py:4138} INFO - Setting next_dagrun for example_dynamic_task_mapping_with_no_taskflow_operators to 2025-12-07 00:00:00+00:00, run_after=2025-12-08 00:00:00+00:00
[2025-12-08T07:12:41.281+0000] {processor.py:208} INFO - Processing /home/airflow/.local/lib/python3.12/site-packages/airflow/example_dags/example_dynamic_task_mapping_with_no_taskflow_operators.py took 0.100 seconds
[2025-12-08T07:13:12.056+0000] {processor.py:186} INFO - Started process (PID=778) to work on /home/airflow/.local/lib/python3.12/site-packages/airflow/example_dags/example_dynamic_task_mapping_with_no_taskflow_operators.py
[2025-12-08T07:13:12.058+0000] {processor.py:914} INFO - Processing file /home/airflow/.local/lib/python3.12/site-packages/airflow/example_dags/example_dynamic_task_mapping_with_no_taskflow_operators.py for tasks to queue
[2025-12-08T07:13:12.062+0000] {logging_mixin.py:190} INFO - [2025-12-08T07:13:12.061+0000] {dagbag.py:587} INFO - Filling up the DagBag from /home/airflow/.local/lib/python3.12/site-packages/airflow/example_dags/example_dynamic_task_mapping_with_no_taskflow_operators.py
[2025-12-08T07:13:12.071+0000] {processor.py:925} INFO - DAG(s) 'example_dynamic_task_mapping_with_no_taskflow_operators' retrieved from /home/airflow/.local/lib/python3.12/site-packages/airflow/example_dags/example_dynamic_task_mapping_with_no_taskflow_operators.py
[2025-12-08T07:13:12.099+0000] {logging_mixin.py:190} INFO - [2025-12-08T07:13:12.099+0000] {dag.py:3211} INFO - Sync 1 DAGs
[2025-12-08T07:13:12.130+0000] {logging_mixin.py:190} INFO - [2025-12-08T07:13:12.129+0000] {dag.py:4138} INFO - Setting next_dagrun for example_dynamic_task_mapping_with_no_taskflow_operators to 2025-12-07 00:00:00+00:00, run_after=2025-12-08 00:00:00+00:00
[2025-12-08T07:13:12.158+0000] {processor.py:208} INFO - Processing /home/airflow/.local/lib/python3.12/site-packages/airflow/example_dags/example_dynamic_task_mapping_with_no_taskflow_operators.py took 0.110 seconds
[2025-12-08T07:13:42.497+0000] {processor.py:186} INFO - Started process (PID=840) to work on /home/airflow/.local/lib/python3.12/site-packages/airflow/example_dags/example_dynamic_task_mapping_with_no_taskflow_operators.py
[2025-12-08T07:13:42.499+0000] {processor.py:914} INFO - Processing file /home/airflow/.local/lib/python3.12/site-packages/airflow/example_dags/example_dynamic_task_mapping_with_no_taskflow_operators.py for tasks to queue
[2025-12-08T07:13:42.502+0000] {logging_mixin.py:190} INFO - [2025-12-08T07:13:42.502+0000] {dagbag.py:587} INFO - Filling up the DagBag from /home/airflow/.local/lib/python3.12/site-packages/airflow/example_dags/example_dynamic_task_mapping_with_no_taskflow_operators.py
[2025-12-08T07:13:42.512+0000] {processor.py:925} INFO - DAG(s) 'example_dynamic_task_mapping_with_no_taskflow_operators' retrieved from /home/airflow/.local/lib/python3.12/site-packages/airflow/example_dags/example_dynamic_task_mapping_with_no_taskflow_operators.py
[2025-12-08T07:13:42.538+0000] {logging_mixin.py:190} INFO - [2025-12-08T07:13:42.538+0000] {dag.py:3211} INFO - Sync 1 DAGs
[2025-12-08T07:13:42.559+0000] {logging_mixin.py:190} INFO - [2025-12-08T07:13:42.559+0000] {dag.py:4138} INFO - Setting next_dagrun for example_dynamic_task_mapping_with_no_taskflow_operators to 2025-12-07 00:00:00+00:00, run_after=2025-12-08 00:00:00+00:00
[2025-12-08T07:13:42.582+0000] {processor.py:208} INFO - Processing /home/airflow/.local/lib/python3.12/site-packages/airflow/example_dags/example_dynamic_task_mapping_with_no_taskflow_operators.py took 0.091 seconds
[2025-12-08T07:14:13.030+0000] {processor.py:186} INFO - Started process (PID=902) to work on /home/airflow/.local/lib/python3.12/site-packages/airflow/example_dags/example_dynamic_task_mapping_with_no_taskflow_operators.py
[2025-12-08T07:14:13.032+0000] {processor.py:914} INFO - Processing file /home/airflow/.local/lib/python3.12/site-packages/airflow/example_dags/example_dynamic_task_mapping_with_no_taskflow_operators.py for tasks to queue
[2025-12-08T07:14:13.037+0000] {logging_mixin.py:190} INFO - [2025-12-08T07:14:13.037+0000] {dagbag.py:587} INFO - Filling up the DagBag from /home/airflow/.local/lib/python3.12/site-packages/airflow/example_dags/example_dynamic_task_mapping_with_no_taskflow_operators.py
[2025-12-08T07:14:13.048+0000] {processor.py:925} INFO - DAG(s) 'example_dynamic_task_mapping_with_no_taskflow_operators' retrieved from /home/airflow/.local/lib/python3.12/site-packages/airflow/example_dags/example_dynamic_task_mapping_with_no_taskflow_operators.py
[2025-12-08T07:14:13.071+0000] {logging_mixin.py:190} INFO - [2025-12-08T07:14:13.071+0000] {dag.py:3211} INFO - Sync 1 DAGs
[2025-12-08T07:14:13.096+0000] {logging_mixin.py:190} INFO - [2025-12-08T07:14:13.095+0000] {dag.py:4138} INFO - Setting next_dagrun for example_dynamic_task_mapping_with_no_taskflow_operators to 2025-12-07 00:00:00+00:00, run_after=2025-12-08 00:00:00+00:00
[2025-12-08T07:14:13.120+0000] {processor.py:208} INFO - Processing /home/airflow/.local/lib/python3.12/site-packages/airflow/example_dags/example_dynamic_task_mapping_with_no_taskflow_operators.py took 0.101 seconds
[2025-12-08T07:14:43.422+0000] {processor.py:186} INFO - Started process (PID=964) to work on /home/airflow/.local/lib/python3.12/site-packages/airflow/example_dags/example_dynamic_task_mapping_with_no_taskflow_operators.py
[2025-12-08T07:14:43.424+0000] {processor.py:914} INFO - Processing file /home/airflow/.local/lib/python3.12/site-packages/airflow/example_dags/example_dynamic_task_mapping_with_no_taskflow_operators.py for tasks to queue
[2025-12-08T07:14:43.427+0000] {logging_mixin.py:190} INFO - [2025-12-08T07:14:43.427+0000] {dagbag.py:587} INFO - Filling up the DagBag from /home/airflow/.local/lib/python3.12/site-packages/airflow/example_dags/example_dynamic_task_mapping_with_no_taskflow_operators.py
[2025-12-08T07:14:43.438+0000] {processor.py:925} INFO - DAG(s) 'example_dynamic_task_mapping_with_no_taskflow_operators' retrieved from /home/airflow/.local/lib/python3.12/site-packages/airflow/example_dags/example_dynamic_task_mapping_with_no_taskflow_operators.py
[2025-12-08T07:14:43.460+0000] {logging_mixin.py:190} INFO - [2025-12-08T07:14:43.459+0000] {dag.py:3211} INFO - Sync 1 DAGs
[2025-12-08T07:14:43.482+0000] {logging_mixin.py:190} INFO - [2025-12-08T07:14:43.482+0000] {dag.py:4138} INFO - Setting next_dagrun for example_dynamic_task_mapping_with_no_taskflow_operators to 2025-12-07 00:00:00+00:00, run_after=2025-12-08 00:00:00+00:00
[2025-12-08T07:14:43.506+0000] {processor.py:208} INFO - Processing /home/airflow/.local/lib/python3.12/site-packages/airflow/example_dags/example_dynamic_task_mapping_with_no_taskflow_operators.py took 0.091 seconds
[2025-12-08T07:15:13.577+0000] {processor.py:186} INFO - Started process (PID=1026) to work on /home/airflow/.local/lib/python3.12/site-packages/airflow/example_dags/example_dynamic_task_mapping_with_no_taskflow_operators.py
[2025-12-08T07:15:13.579+0000] {processor.py:914} INFO - Processing file /home/airflow/.local/lib/python3.12/site-packages/airflow/example_dags/example_dynamic_task_mapping_with_no_taskflow_operators.py for tasks to queue
[2025-12-08T07:15:13.582+0000] {logging_mixin.py:190} INFO - [2025-12-08T07:15:13.582+0000] {dagbag.py:587} INFO - Filling up the DagBag from /home/airflow/.local/lib/python3.12/site-packages/airflow/example_dags/example_dynamic_task_mapping_with_no_taskflow_operators.py
[2025-12-08T07:15:13.591+0000] {processor.py:925} INFO - DAG(s) 'example_dynamic_task_mapping_with_no_taskflow_operators' retrieved from /home/airflow/.local/lib/python3.12/site-packages/airflow/example_dags/example_dynamic_task_mapping_with_no_taskflow_operators.py
[2025-12-08T07:15:13.615+0000] {logging_mixin.py:190} INFO - [2025-12-08T07:15:13.614+0000] {dag.py:3211} INFO - Sync 1 DAGs
[2025-12-08T07:15:13.638+0000] {logging_mixin.py:190} INFO - [2025-12-08T07:15:13.637+0000] {dag.py:4138} INFO - Setting next_dagrun for example_dynamic_task_mapping_with_no_taskflow_operators to 2025-12-07 00:00:00+00:00, run_after=2025-12-08 00:00:00+00:00
[2025-12-08T07:15:13.661+0000] {processor.py:208} INFO - Processing /home/airflow/.local/lib/python3.12/site-packages/airflow/example_dags/example_dynamic_task_mapping_with_no_taskflow_operators.py took 0.089 seconds
[2025-12-08T07:15:44.151+0000] {processor.py:186} INFO - Started process (PID=1088) to work on /home/airflow/.local/lib/python3.12/site-packages/airflow/example_dags/example_dynamic_task_mapping_with_no_taskflow_operators.py
[2025-12-08T07:15:44.154+0000] {processor.py:914} INFO - Processing file /home/airflow/.local/lib/python3.12/site-packages/airflow/example_dags/example_dynamic_task_mapping_with_no_taskflow_operators.py for tasks to queue
[2025-12-08T07:15:44.163+0000] {logging_mixin.py:190} INFO - [2025-12-08T07:15:44.161+0000] {dagbag.py:587} INFO - Filling up the DagBag from /home/airflow/.local/lib/python3.12/site-packages/airflow/example_dags/example_dynamic_task_mapping_with_no_taskflow_operators.py
[2025-12-08T07:15:44.190+0000] {processor.py:925} INFO - DAG(s) 'example_dynamic_task_mapping_with_no_taskflow_operators' retrieved from /home/airflow/.local/lib/python3.12/site-packages/airflow/example_dags/example_dynamic_task_mapping_with_no_taskflow_operators.py
[2025-12-08T07:15:44.253+0000] {logging_mixin.py:190} INFO - [2025-12-08T07:15:44.252+0000] {dag.py:3211} INFO - Sync 1 DAGs
[2025-12-08T07:15:44.309+0000] {logging_mixin.py:190} INFO - [2025-12-08T07:15:44.308+0000] {dag.py:4138} INFO - Setting next_dagrun for example_dynamic_task_mapping_with_no_taskflow_operators to 2025-12-07 00:00:00+00:00, run_after=2025-12-08 00:00:00+00:00
[2025-12-08T07:15:44.362+0000] {processor.py:208} INFO - Processing /home/airflow/.local/lib/python3.12/site-packages/airflow/example_dags/example_dynamic_task_mapping_with_no_taskflow_operators.py took 0.231 seconds
[2025-12-08T07:16:15.224+0000] {processor.py:186} INFO - Started process (PID=1150) to work on /home/airflow/.local/lib/python3.12/site-packages/airflow/example_dags/example_dynamic_task_mapping_with_no_taskflow_operators.py
[2025-12-08T07:16:15.226+0000] {processor.py:914} INFO - Processing file /home/airflow/.local/lib/python3.12/site-packages/airflow/example_dags/example_dynamic_task_mapping_with_no_taskflow_operators.py for tasks to queue
[2025-12-08T07:16:15.232+0000] {logging_mixin.py:190} INFO - [2025-12-08T07:16:15.232+0000] {dagbag.py:587} INFO - Filling up the DagBag from /home/airflow/.local/lib/python3.12/site-packages/airflow/example_dags/example_dynamic_task_mapping_with_no_taskflow_operators.py
[2025-12-08T07:16:15.250+0000] {processor.py:925} INFO - DAG(s) 'example_dynamic_task_mapping_with_no_taskflow_operators' retrieved from /home/airflow/.local/lib/python3.12/site-packages/airflow/example_dags/example_dynamic_task_mapping_with_no_taskflow_operators.py
[2025-12-08T07:16:15.299+0000] {logging_mixin.py:190} INFO - [2025-12-08T07:16:15.298+0000] {dag.py:3211} INFO - Sync 1 DAGs
[2025-12-08T07:16:15.338+0000] {logging_mixin.py:190} INFO - [2025-12-08T07:16:15.338+0000] {dag.py:4138} INFO - Setting next_dagrun for example_dynamic_task_mapping_with_no_taskflow_operators to 2025-12-07 00:00:00+00:00, run_after=2025-12-08 00:00:00+00:00
[2025-12-08T07:16:15.381+0000] {processor.py:208} INFO - Processing /home/airflow/.local/lib/python3.12/site-packages/airflow/example_dags/example_dynamic_task_mapping_with_no_taskflow_operators.py took 0.170 seconds
[2025-12-08T07:16:45.863+0000] {processor.py:186} INFO - Started process (PID=1212) to work on /home/airflow/.local/lib/python3.12/site-packages/airflow/example_dags/example_dynamic_task_mapping_with_no_taskflow_operators.py
[2025-12-08T07:16:45.865+0000] {processor.py:914} INFO - Processing file /home/airflow/.local/lib/python3.12/site-packages/airflow/example_dags/example_dynamic_task_mapping_with_no_taskflow_operators.py for tasks to queue
[2025-12-08T07:16:45.871+0000] {logging_mixin.py:190} INFO - [2025-12-08T07:16:45.870+0000] {dagbag.py:587} INFO - Filling up the DagBag from /home/airflow/.local/lib/python3.12/site-packages/airflow/example_dags/example_dynamic_task_mapping_with_no_taskflow_operators.py
[2025-12-08T07:16:45.896+0000] {processor.py:925} INFO - DAG(s) 'example_dynamic_task_mapping_with_no_taskflow_operators' retrieved from /home/airflow/.local/lib/python3.12/site-packages/airflow/example_dags/example_dynamic_task_mapping_with_no_taskflow_operators.py
[2025-12-08T07:16:45.946+0000] {logging_mixin.py:190} INFO - [2025-12-08T07:16:45.946+0000] {dag.py:3211} INFO - Sync 1 DAGs
[2025-12-08T07:16:46.008+0000] {logging_mixin.py:190} INFO - [2025-12-08T07:16:46.008+0000] {dag.py:4138} INFO - Setting next_dagrun for example_dynamic_task_mapping_with_no_taskflow_operators to 2025-12-07 00:00:00+00:00, run_after=2025-12-08 00:00:00+00:00
[2025-12-08T07:16:46.055+0000] {processor.py:208} INFO - Processing /home/airflow/.local/lib/python3.12/site-packages/airflow/example_dags/example_dynamic_task_mapping_with_no_taskflow_operators.py took 0.208 seconds
[2025-12-08T07:17:16.562+0000] {processor.py:186} INFO - Started process (PID=1274) to work on /home/airflow/.local/lib/python3.12/site-packages/airflow/example_dags/example_dynamic_task_mapping_with_no_taskflow_operators.py
[2025-12-08T07:17:16.565+0000] {processor.py:914} INFO - Processing file /home/airflow/.local/lib/python3.12/site-packages/airflow/example_dags/example_dynamic_task_mapping_with_no_taskflow_operators.py for tasks to queue
[2025-12-08T07:17:16.570+0000] {logging_mixin.py:190} INFO - [2025-12-08T07:17:16.569+0000] {dagbag.py:587} INFO - Filling up the DagBag from /home/airflow/.local/lib/python3.12/site-packages/airflow/example_dags/example_dynamic_task_mapping_with_no_taskflow_operators.py
[2025-12-08T07:17:16.591+0000] {processor.py:925} INFO - DAG(s) 'example_dynamic_task_mapping_with_no_taskflow_operators' retrieved from /home/airflow/.local/lib/python3.12/site-packages/airflow/example_dags/example_dynamic_task_mapping_with_no_taskflow_operators.py
[2025-12-08T07:17:16.641+0000] {logging_mixin.py:190} INFO - [2025-12-08T07:17:16.640+0000] {dag.py:3211} INFO - Sync 1 DAGs
[2025-12-08T07:17:16.695+0000] {logging_mixin.py:190} INFO - [2025-12-08T07:17:16.695+0000] {dag.py:4138} INFO - Setting next_dagrun for example_dynamic_task_mapping_with_no_taskflow_operators to 2025-12-07 00:00:00+00:00, run_after=2025-12-08 00:00:00+00:00
[2025-12-08T07:17:16.739+0000] {processor.py:208} INFO - Processing /home/airflow/.local/lib/python3.12/site-packages/airflow/example_dags/example_dynamic_task_mapping_with_no_taskflow_operators.py took 0.192 seconds
[2025-12-08T07:17:46.917+0000] {processor.py:186} INFO - Started process (PID=1336) to work on /home/airflow/.local/lib/python3.12/site-packages/airflow/example_dags/example_dynamic_task_mapping_with_no_taskflow_operators.py
[2025-12-08T07:17:46.920+0000] {processor.py:914} INFO - Processing file /home/airflow/.local/lib/python3.12/site-packages/airflow/example_dags/example_dynamic_task_mapping_with_no_taskflow_operators.py for tasks to queue
[2025-12-08T07:17:46.926+0000] {logging_mixin.py:190} INFO - [2025-12-08T07:17:46.925+0000] {dagbag.py:587} INFO - Filling up the DagBag from /home/airflow/.local/lib/python3.12/site-packages/airflow/example_dags/example_dynamic_task_mapping_with_no_taskflow_operators.py
[2025-12-08T07:17:46.943+0000] {processor.py:925} INFO - DAG(s) 'example_dynamic_task_mapping_with_no_taskflow_operators' retrieved from /home/airflow/.local/lib/python3.12/site-packages/airflow/example_dags/example_dynamic_task_mapping_with_no_taskflow_operators.py
[2025-12-08T07:17:46.979+0000] {logging_mixin.py:190} INFO - [2025-12-08T07:17:46.978+0000] {dag.py:3211} INFO - Sync 1 DAGs
[2025-12-08T07:17:47.036+0000] {logging_mixin.py:190} INFO - [2025-12-08T07:17:47.035+0000] {dag.py:4138} INFO - Setting next_dagrun for example_dynamic_task_mapping_with_no_taskflow_operators to 2025-12-07 00:00:00+00:00, run_after=2025-12-08 00:00:00+00:00
[2025-12-08T07:17:47.089+0000] {processor.py:208} INFO - Processing /home/airflow/.local/lib/python3.12/site-packages/airflow/example_dags/example_dynamic_task_mapping_with_no_taskflow_operators.py took 0.189 seconds
[2025-12-08T07:18:18.081+0000] {processor.py:186} INFO - Started process (PID=1398) to work on /home/airflow/.local/lib/python3.12/site-packages/airflow/example_dags/example_dynamic_task_mapping_with_no_taskflow_operators.py
[2025-12-08T07:18:18.084+0000] {processor.py:914} INFO - Processing file /home/airflow/.local/lib/python3.12/site-packages/airflow/example_dags/example_dynamic_task_mapping_with_no_taskflow_operators.py for tasks to queue
[2025-12-08T07:18:18.091+0000] {logging_mixin.py:190} INFO - [2025-12-08T07:18:18.090+0000] {dagbag.py:587} INFO - Filling up the DagBag from /home/airflow/.local/lib/python3.12/site-packages/airflow/example_dags/example_dynamic_task_mapping_with_no_taskflow_operators.py
[2025-12-08T07:18:18.109+0000] {processor.py:925} INFO - DAG(s) 'example_dynamic_task_mapping_with_no_taskflow_operators' retrieved from /home/airflow/.local/lib/python3.12/site-packages/airflow/example_dags/example_dynamic_task_mapping_with_no_taskflow_operators.py
[2025-12-08T07:18:18.150+0000] {logging_mixin.py:190} INFO - [2025-12-08T07:18:18.149+0000] {dag.py:3211} INFO - Sync 1 DAGs
[2025-12-08T07:18:18.199+0000] {logging_mixin.py:190} INFO - [2025-12-08T07:18:18.199+0000] {dag.py:4138} INFO - Setting next_dagrun for example_dynamic_task_mapping_with_no_taskflow_operators to 2025-12-07 00:00:00+00:00, run_after=2025-12-08 00:00:00+00:00
[2025-12-08T07:18:18.247+0000] {processor.py:208} INFO - Processing /home/airflow/.local/lib/python3.12/site-packages/airflow/example_dags/example_dynamic_task_mapping_with_no_taskflow_operators.py took 0.186 seconds
[2025-12-08T07:18:48.691+0000] {processor.py:186} INFO - Started process (PID=1460) to work on /home/airflow/.local/lib/python3.12/site-packages/airflow/example_dags/example_dynamic_task_mapping_with_no_taskflow_operators.py
[2025-12-08T07:18:48.694+0000] {processor.py:914} INFO - Processing file /home/airflow/.local/lib/python3.12/site-packages/airflow/example_dags/example_dynamic_task_mapping_with_no_taskflow_operators.py for tasks to queue
[2025-12-08T07:18:48.701+0000] {logging_mixin.py:190} INFO - [2025-12-08T07:18:48.700+0000] {dagbag.py:587} INFO - Filling up the DagBag from /home/airflow/.local/lib/python3.12/site-packages/airflow/example_dags/example_dynamic_task_mapping_with_no_taskflow_operators.py
[2025-12-08T07:18:48.718+0000] {processor.py:925} INFO - DAG(s) 'example_dynamic_task_mapping_with_no_taskflow_operators' retrieved from /home/airflow/.local/lib/python3.12/site-packages/airflow/example_dags/example_dynamic_task_mapping_with_no_taskflow_operators.py
[2025-12-08T07:18:48.766+0000] {logging_mixin.py:190} INFO - [2025-12-08T07:18:48.766+0000] {dag.py:3211} INFO - Sync 1 DAGs
[2025-12-08T07:18:48.815+0000] {logging_mixin.py:190} INFO - [2025-12-08T07:18:48.815+0000] {dag.py:4138} INFO - Setting next_dagrun for example_dynamic_task_mapping_with_no_taskflow_operators to 2025-12-07 00:00:00+00:00, run_after=2025-12-08 00:00:00+00:00
[2025-12-08T07:18:48.865+0000] {processor.py:208} INFO - Processing /home/airflow/.local/lib/python3.12/site-packages/airflow/example_dags/example_dynamic_task_mapping_with_no_taskflow_operators.py took 0.191 seconds
[2025-12-08T07:19:19.084+0000] {processor.py:186} INFO - Started process (PID=1522) to work on /home/airflow/.local/lib/python3.12/site-packages/airflow/example_dags/example_dynamic_task_mapping_with_no_taskflow_operators.py
[2025-12-08T07:19:19.086+0000] {processor.py:914} INFO - Processing file /home/airflow/.local/lib/python3.12/site-packages/airflow/example_dags/example_dynamic_task_mapping_with_no_taskflow_operators.py for tasks to queue
[2025-12-08T07:19:19.091+0000] {logging_mixin.py:190} INFO - [2025-12-08T07:19:19.091+0000] {dagbag.py:587} INFO - Filling up the DagBag from /home/airflow/.local/lib/python3.12/site-packages/airflow/example_dags/example_dynamic_task_mapping_with_no_taskflow_operators.py
[2025-12-08T07:19:19.105+0000] {processor.py:925} INFO - DAG(s) 'example_dynamic_task_mapping_with_no_taskflow_operators' retrieved from /home/airflow/.local/lib/python3.12/site-packages/airflow/example_dags/example_dynamic_task_mapping_with_no_taskflow_operators.py
[2025-12-08T07:19:19.152+0000] {logging_mixin.py:190} INFO - [2025-12-08T07:19:19.151+0000] {dag.py:3211} INFO - Sync 1 DAGs
[2025-12-08T07:19:19.192+0000] {logging_mixin.py:190} INFO - [2025-12-08T07:19:19.191+0000] {dag.py:4138} INFO - Setting next_dagrun for example_dynamic_task_mapping_with_no_taskflow_operators to 2025-12-07 00:00:00+00:00, run_after=2025-12-08 00:00:00+00:00
[2025-12-08T07:19:19.225+0000] {processor.py:208} INFO - Processing /home/airflow/.local/lib/python3.12/site-packages/airflow/example_dags/example_dynamic_task_mapping_with_no_taskflow_operators.py took 0.153 seconds
[2025-12-08T07:19:49.755+0000] {processor.py:186} INFO - Started process (PID=1585) to work on /home/airflow/.local/lib/python3.12/site-packages/airflow/example_dags/example_dynamic_task_mapping_with_no_taskflow_operators.py
[2025-12-08T07:19:49.758+0000] {processor.py:914} INFO - Processing file /home/airflow/.local/lib/python3.12/site-packages/airflow/example_dags/example_dynamic_task_mapping_with_no_taskflow_operators.py for tasks to queue
[2025-12-08T07:19:49.766+0000] {logging_mixin.py:190} INFO - [2025-12-08T07:19:49.765+0000] {dagbag.py:587} INFO - Filling up the DagBag from /home/airflow/.local/lib/python3.12/site-packages/airflow/example_dags/example_dynamic_task_mapping_with_no_taskflow_operators.py
[2025-12-08T07:19:49.784+0000] {processor.py:925} INFO - DAG(s) 'example_dynamic_task_mapping_with_no_taskflow_operators' retrieved from /home/airflow/.local/lib/python3.12/site-packages/airflow/example_dags/example_dynamic_task_mapping_with_no_taskflow_operators.py
[2025-12-08T07:19:49.826+0000] {logging_mixin.py:190} INFO - [2025-12-08T07:19:49.825+0000] {dag.py:3211} INFO - Sync 1 DAGs
[2025-12-08T07:19:49.868+0000] {logging_mixin.py:190} INFO - [2025-12-08T07:19:49.867+0000] {dag.py:4138} INFO - Setting next_dagrun for example_dynamic_task_mapping_with_no_taskflow_operators to 2025-12-07 00:00:00+00:00, run_after=2025-12-08 00:00:00+00:00
[2025-12-08T07:19:49.909+0000] {processor.py:208} INFO - Processing /home/airflow/.local/lib/python3.12/site-packages/airflow/example_dags/example_dynamic_task_mapping_with_no_taskflow_operators.py took 0.177 seconds
[2025-12-08T07:20:20.251+0000] {processor.py:186} INFO - Started process (PID=1648) to work on /home/airflow/.local/lib/python3.12/site-packages/airflow/example_dags/example_dynamic_task_mapping_with_no_taskflow_operators.py
[2025-12-08T07:20:20.254+0000] {processor.py:914} INFO - Processing file /home/airflow/.local/lib/python3.12/site-packages/airflow/example_dags/example_dynamic_task_mapping_with_no_taskflow_operators.py for tasks to queue
[2025-12-08T07:20:20.261+0000] {logging_mixin.py:190} INFO - [2025-12-08T07:20:20.261+0000] {dagbag.py:587} INFO - Filling up the DagBag from /home/airflow/.local/lib/python3.12/site-packages/airflow/example_dags/example_dynamic_task_mapping_with_no_taskflow_operators.py
[2025-12-08T07:20:20.282+0000] {processor.py:925} INFO - DAG(s) 'example_dynamic_task_mapping_with_no_taskflow_operators' retrieved from /home/airflow/.local/lib/python3.12/site-packages/airflow/example_dags/example_dynamic_task_mapping_with_no_taskflow_operators.py
[2025-12-08T07:20:20.329+0000] {logging_mixin.py:190} INFO - [2025-12-08T07:20:20.329+0000] {dag.py:3211} INFO - Sync 1 DAGs
[2025-12-08T07:20:20.388+0000] {logging_mixin.py:190} INFO - [2025-12-08T07:20:20.387+0000] {dag.py:4138} INFO - Setting next_dagrun for example_dynamic_task_mapping_with_no_taskflow_operators to 2025-12-07 00:00:00+00:00, run_after=2025-12-08 00:00:00+00:00
[2025-12-08T07:20:20.433+0000] {processor.py:208} INFO - Processing /home/airflow/.local/lib/python3.12/site-packages/airflow/example_dags/example_dynamic_task_mapping_with_no_taskflow_operators.py took 0.195 seconds
[2025-12-08T07:20:50.641+0000] {processor.py:186} INFO - Started process (PID=1710) to work on /home/airflow/.local/lib/python3.12/site-packages/airflow/example_dags/example_dynamic_task_mapping_with_no_taskflow_operators.py
[2025-12-08T07:20:50.644+0000] {processor.py:914} INFO - Processing file /home/airflow/.local/lib/python3.12/site-packages/airflow/example_dags/example_dynamic_task_mapping_with_no_taskflow_operators.py for tasks to queue
[2025-12-08T07:20:50.650+0000] {logging_mixin.py:190} INFO - [2025-12-08T07:20:50.649+0000] {dagbag.py:587} INFO - Filling up the DagBag from /home/airflow/.local/lib/python3.12/site-packages/airflow/example_dags/example_dynamic_task_mapping_with_no_taskflow_operators.py
[2025-12-08T07:20:50.669+0000] {processor.py:925} INFO - DAG(s) 'example_dynamic_task_mapping_with_no_taskflow_operators' retrieved from /home/airflow/.local/lib/python3.12/site-packages/airflow/example_dags/example_dynamic_task_mapping_with_no_taskflow_operators.py
[2025-12-08T07:20:50.708+0000] {logging_mixin.py:190} INFO - [2025-12-08T07:20:50.708+0000] {dag.py:3211} INFO - Sync 1 DAGs
[2025-12-08T07:20:50.757+0000] {logging_mixin.py:190} INFO - [2025-12-08T07:20:50.756+0000] {dag.py:4138} INFO - Setting next_dagrun for example_dynamic_task_mapping_with_no_taskflow_operators to 2025-12-07 00:00:00+00:00, run_after=2025-12-08 00:00:00+00:00
[2025-12-08T07:20:50.799+0000] {processor.py:208} INFO - Processing /home/airflow/.local/lib/python3.12/site-packages/airflow/example_dags/example_dynamic_task_mapping_with_no_taskflow_operators.py took 0.170 seconds
[2025-12-08T07:21:21.819+0000] {processor.py:186} INFO - Started process (PID=1772) to work on /home/airflow/.local/lib/python3.12/site-packages/airflow/example_dags/example_dynamic_task_mapping_with_no_taskflow_operators.py
[2025-12-08T07:21:21.822+0000] {processor.py:914} INFO - Processing file /home/airflow/.local/lib/python3.12/site-packages/airflow/example_dags/example_dynamic_task_mapping_with_no_taskflow_operators.py for tasks to queue
[2025-12-08T07:21:21.831+0000] {logging_mixin.py:190} INFO - [2025-12-08T07:21:21.829+0000] {dagbag.py:587} INFO - Filling up the DagBag from /home/airflow/.local/lib/python3.12/site-packages/airflow/example_dags/example_dynamic_task_mapping_with_no_taskflow_operators.py
[2025-12-08T07:21:21.853+0000] {processor.py:925} INFO - DAG(s) 'example_dynamic_task_mapping_with_no_taskflow_operators' retrieved from /home/airflow/.local/lib/python3.12/site-packages/airflow/example_dags/example_dynamic_task_mapping_with_no_taskflow_operators.py
[2025-12-08T07:21:21.905+0000] {logging_mixin.py:190} INFO - [2025-12-08T07:21:21.904+0000] {dag.py:3211} INFO - Sync 1 DAGs
[2025-12-08T07:21:21.966+0000] {logging_mixin.py:190} INFO - [2025-12-08T07:21:21.965+0000] {dag.py:4138} INFO - Setting next_dagrun for example_dynamic_task_mapping_with_no_taskflow_operators to 2025-12-07 00:00:00+00:00, run_after=2025-12-08 00:00:00+00:00
[2025-12-08T07:21:22.030+0000] {processor.py:208} INFO - Processing /home/airflow/.local/lib/python3.12/site-packages/airflow/example_dags/example_dynamic_task_mapping_with_no_taskflow_operators.py took 0.237 seconds
[2025-12-08T07:21:53.070+0000] {processor.py:186} INFO - Started process (PID=1834) to work on /home/airflow/.local/lib/python3.12/site-packages/airflow/example_dags/example_dynamic_task_mapping_with_no_taskflow_operators.py
[2025-12-08T07:21:53.072+0000] {processor.py:914} INFO - Processing file /home/airflow/.local/lib/python3.12/site-packages/airflow/example_dags/example_dynamic_task_mapping_with_no_taskflow_operators.py for tasks to queue
[2025-12-08T07:21:53.079+0000] {logging_mixin.py:190} INFO - [2025-12-08T07:21:53.078+0000] {dagbag.py:587} INFO - Filling up the DagBag from /home/airflow/.local/lib/python3.12/site-packages/airflow/example_dags/example_dynamic_task_mapping_with_no_taskflow_operators.py
[2025-12-08T07:21:53.101+0000] {processor.py:925} INFO - DAG(s) 'example_dynamic_task_mapping_with_no_taskflow_operators' retrieved from /home/airflow/.local/lib/python3.12/site-packages/airflow/example_dags/example_dynamic_task_mapping_with_no_taskflow_operators.py
[2025-12-08T07:21:53.143+0000] {logging_mixin.py:190} INFO - [2025-12-08T07:21:53.143+0000] {dag.py:3211} INFO - Sync 1 DAGs
[2025-12-08T07:21:53.196+0000] {logging_mixin.py:190} INFO - [2025-12-08T07:21:53.195+0000] {dag.py:4138} INFO - Setting next_dagrun for example_dynamic_task_mapping_with_no_taskflow_operators to 2025-12-07 00:00:00+00:00, run_after=2025-12-08 00:00:00+00:00
[2025-12-08T07:21:53.244+0000] {processor.py:208} INFO - Processing /home/airflow/.local/lib/python3.12/site-packages/airflow/example_dags/example_dynamic_task_mapping_with_no_taskflow_operators.py took 0.191 seconds
[2025-12-08T07:22:24.075+0000] {processor.py:186} INFO - Started process (PID=1896) to work on /home/airflow/.local/lib/python3.12/site-packages/airflow/example_dags/example_dynamic_task_mapping_with_no_taskflow_operators.py
[2025-12-08T07:22:24.078+0000] {processor.py:914} INFO - Processing file /home/airflow/.local/lib/python3.12/site-packages/airflow/example_dags/example_dynamic_task_mapping_with_no_taskflow_operators.py for tasks to queue
[2025-12-08T07:22:24.085+0000] {logging_mixin.py:190} INFO - [2025-12-08T07:22:24.083+0000] {dagbag.py:587} INFO - Filling up the DagBag from /home/airflow/.local/lib/python3.12/site-packages/airflow/example_dags/example_dynamic_task_mapping_with_no_taskflow_operators.py
[2025-12-08T07:22:24.108+0000] {processor.py:925} INFO - DAG(s) 'example_dynamic_task_mapping_with_no_taskflow_operators' retrieved from /home/airflow/.local/lib/python3.12/site-packages/airflow/example_dags/example_dynamic_task_mapping_with_no_taskflow_operators.py
[2025-12-08T07:22:24.160+0000] {logging_mixin.py:190} INFO - [2025-12-08T07:22:24.159+0000] {dag.py:3211} INFO - Sync 1 DAGs
[2025-12-08T07:22:24.219+0000] {logging_mixin.py:190} INFO - [2025-12-08T07:22:24.218+0000] {dag.py:4138} INFO - Setting next_dagrun for example_dynamic_task_mapping_with_no_taskflow_operators to 2025-12-07 00:00:00+00:00, run_after=2025-12-08 00:00:00+00:00
[2025-12-08T07:22:24.271+0000] {processor.py:208} INFO - Processing /home/airflow/.local/lib/python3.12/site-packages/airflow/example_dags/example_dynamic_task_mapping_with_no_taskflow_operators.py took 0.208 seconds
[2025-12-08T07:22:55.446+0000] {processor.py:186} INFO - Started process (PID=1958) to work on /home/airflow/.local/lib/python3.12/site-packages/airflow/example_dags/example_dynamic_task_mapping_with_no_taskflow_operators.py
[2025-12-08T07:22:55.449+0000] {processor.py:914} INFO - Processing file /home/airflow/.local/lib/python3.12/site-packages/airflow/example_dags/example_dynamic_task_mapping_with_no_taskflow_operators.py for tasks to queue
[2025-12-08T07:22:55.455+0000] {logging_mixin.py:190} INFO - [2025-12-08T07:22:55.453+0000] {dagbag.py:587} INFO - Filling up the DagBag from /home/airflow/.local/lib/python3.12/site-packages/airflow/example_dags/example_dynamic_task_mapping_with_no_taskflow_operators.py
[2025-12-08T07:22:55.471+0000] {processor.py:925} INFO - DAG(s) 'example_dynamic_task_mapping_with_no_taskflow_operators' retrieved from /home/airflow/.local/lib/python3.12/site-packages/airflow/example_dags/example_dynamic_task_mapping_with_no_taskflow_operators.py
[2025-12-08T07:22:55.527+0000] {logging_mixin.py:190} INFO - [2025-12-08T07:22:55.526+0000] {dag.py:3211} INFO - Sync 1 DAGs
[2025-12-08T07:22:55.572+0000] {logging_mixin.py:190} INFO - [2025-12-08T07:22:55.572+0000] {dag.py:4138} INFO - Setting next_dagrun for example_dynamic_task_mapping_with_no_taskflow_operators to 2025-12-07 00:00:00+00:00, run_after=2025-12-08 00:00:00+00:00
[2025-12-08T07:22:55.611+0000] {processor.py:208} INFO - Processing /home/airflow/.local/lib/python3.12/site-packages/airflow/example_dags/example_dynamic_task_mapping_with_no_taskflow_operators.py took 0.176 seconds
[2025-12-08T07:23:25.774+0000] {processor.py:186} INFO - Started process (PID=2020) to work on /home/airflow/.local/lib/python3.12/site-packages/airflow/example_dags/example_dynamic_task_mapping_with_no_taskflow_operators.py
[2025-12-08T07:23:25.777+0000] {processor.py:914} INFO - Processing file /home/airflow/.local/lib/python3.12/site-packages/airflow/example_dags/example_dynamic_task_mapping_with_no_taskflow_operators.py for tasks to queue
[2025-12-08T07:23:25.782+0000] {logging_mixin.py:190} INFO - [2025-12-08T07:23:25.781+0000] {dagbag.py:587} INFO - Filling up the DagBag from /home/airflow/.local/lib/python3.12/site-packages/airflow/example_dags/example_dynamic_task_mapping_with_no_taskflow_operators.py
[2025-12-08T07:23:25.796+0000] {processor.py:925} INFO - DAG(s) 'example_dynamic_task_mapping_with_no_taskflow_operators' retrieved from /home/airflow/.local/lib/python3.12/site-packages/airflow/example_dags/example_dynamic_task_mapping_with_no_taskflow_operators.py
[2025-12-08T07:23:25.831+0000] {logging_mixin.py:190} INFO - [2025-12-08T07:23:25.831+0000] {dag.py:3211} INFO - Sync 1 DAGs
[2025-12-08T07:23:25.877+0000] {logging_mixin.py:190} INFO - [2025-12-08T07:23:25.876+0000] {dag.py:4138} INFO - Setting next_dagrun for example_dynamic_task_mapping_with_no_taskflow_operators to 2025-12-07 00:00:00+00:00, run_after=2025-12-08 00:00:00+00:00
[2025-12-08T07:23:25.917+0000] {processor.py:208} INFO - Processing /home/airflow/.local/lib/python3.12/site-packages/airflow/example_dags/example_dynamic_task_mapping_with_no_taskflow_operators.py took 0.153 seconds
[2025-12-08T07:23:57.421+0000] {processor.py:186} INFO - Started process (PID=2081) to work on /home/airflow/.local/lib/python3.12/site-packages/airflow/example_dags/example_dynamic_task_mapping_with_no_taskflow_operators.py
[2025-12-08T07:23:57.429+0000] {processor.py:914} INFO - Processing file /home/airflow/.local/lib/python3.12/site-packages/airflow/example_dags/example_dynamic_task_mapping_with_no_taskflow_operators.py for tasks to queue
[2025-12-08T07:23:57.453+0000] {logging_mixin.py:190} INFO - [2025-12-08T07:23:57.451+0000] {dagbag.py:587} INFO - Filling up the DagBag from /home/airflow/.local/lib/python3.12/site-packages/airflow/example_dags/example_dynamic_task_mapping_with_no_taskflow_operators.py
[2025-12-08T07:23:57.537+0000] {processor.py:925} INFO - DAG(s) 'example_dynamic_task_mapping_with_no_taskflow_operators' retrieved from /home/airflow/.local/lib/python3.12/site-packages/airflow/example_dags/example_dynamic_task_mapping_with_no_taskflow_operators.py
[2025-12-08T07:23:57.687+0000] {logging_mixin.py:190} INFO - [2025-12-08T07:23:57.678+0000] {dag.py:3211} INFO - Sync 1 DAGs
[2025-12-08T07:23:57.883+0000] {logging_mixin.py:190} INFO - [2025-12-08T07:23:57.881+0000] {dag.py:4138} INFO - Setting next_dagrun for example_dynamic_task_mapping_with_no_taskflow_operators to 2025-12-07 00:00:00+00:00, run_after=2025-12-08 00:00:00+00:00
[2025-12-08T07:23:58.017+0000] {processor.py:208} INFO - Processing /home/airflow/.local/lib/python3.12/site-packages/airflow/example_dags/example_dynamic_task_mapping_with_no_taskflow_operators.py took 0.636 seconds
[2025-12-08T07:24:29.041+0000] {processor.py:186} INFO - Started process (PID=2143) to work on /home/airflow/.local/lib/python3.12/site-packages/airflow/example_dags/example_dynamic_task_mapping_with_no_taskflow_operators.py
[2025-12-08T07:24:29.042+0000] {processor.py:914} INFO - Processing file /home/airflow/.local/lib/python3.12/site-packages/airflow/example_dags/example_dynamic_task_mapping_with_no_taskflow_operators.py for tasks to queue
[2025-12-08T07:24:29.048+0000] {logging_mixin.py:190} INFO - [2025-12-08T07:24:29.047+0000] {dagbag.py:587} INFO - Filling up the DagBag from /home/airflow/.local/lib/python3.12/site-packages/airflow/example_dags/example_dynamic_task_mapping_with_no_taskflow_operators.py
[2025-12-08T07:24:29.064+0000] {processor.py:925} INFO - DAG(s) 'example_dynamic_task_mapping_with_no_taskflow_operators' retrieved from /home/airflow/.local/lib/python3.12/site-packages/airflow/example_dags/example_dynamic_task_mapping_with_no_taskflow_operators.py
[2025-12-08T07:24:29.102+0000] {logging_mixin.py:190} INFO - [2025-12-08T07:24:29.102+0000] {dag.py:3211} INFO - Sync 1 DAGs
[2025-12-08T07:24:29.143+0000] {logging_mixin.py:190} INFO - [2025-12-08T07:24:29.142+0000] {dag.py:4138} INFO - Setting next_dagrun for example_dynamic_task_mapping_with_no_taskflow_operators to 2025-12-07 00:00:00+00:00, run_after=2025-12-08 00:00:00+00:00
[2025-12-08T07:24:29.183+0000] {processor.py:208} INFO - Processing /home/airflow/.local/lib/python3.12/site-packages/airflow/example_dags/example_dynamic_task_mapping_with_no_taskflow_operators.py took 0.151 seconds
[2025-12-08T07:26:38.399+0000] {processor.py:186} INFO - Started process (PID=94) to work on /home/airflow/.local/lib/python3.12/site-packages/airflow/example_dags/example_dynamic_task_mapping_with_no_taskflow_operators.py
[2025-12-08T07:26:38.401+0000] {processor.py:914} INFO - Processing file /home/airflow/.local/lib/python3.12/site-packages/airflow/example_dags/example_dynamic_task_mapping_with_no_taskflow_operators.py for tasks to queue
[2025-12-08T07:26:38.407+0000] {logging_mixin.py:190} INFO - [2025-12-08T07:26:38.406+0000] {dagbag.py:587} INFO - Filling up the DagBag from /home/airflow/.local/lib/python3.12/site-packages/airflow/example_dags/example_dynamic_task_mapping_with_no_taskflow_operators.py
[2025-12-08T07:26:38.424+0000] {processor.py:925} INFO - DAG(s) 'example_dynamic_task_mapping_with_no_taskflow_operators' retrieved from /home/airflow/.local/lib/python3.12/site-packages/airflow/example_dags/example_dynamic_task_mapping_with_no_taskflow_operators.py
[2025-12-08T07:26:38.467+0000] {logging_mixin.py:190} INFO - [2025-12-08T07:26:38.467+0000] {dag.py:3211} INFO - Sync 1 DAGs
[2025-12-08T07:26:38.518+0000] {logging_mixin.py:190} INFO - [2025-12-08T07:26:38.517+0000] {dag.py:4138} INFO - Setting next_dagrun for example_dynamic_task_mapping_with_no_taskflow_operators to 2025-12-07 00:00:00+00:00, run_after=2025-12-08 00:00:00+00:00
[2025-12-08T07:26:38.563+0000] {processor.py:208} INFO - Processing /home/airflow/.local/lib/python3.12/site-packages/airflow/example_dags/example_dynamic_task_mapping_with_no_taskflow_operators.py took 0.172 seconds
[2025-12-08T07:27:09.085+0000] {processor.py:186} INFO - Started process (PID=157) to work on /home/airflow/.local/lib/python3.12/site-packages/airflow/example_dags/example_dynamic_task_mapping_with_no_taskflow_operators.py
[2025-12-08T07:27:09.088+0000] {processor.py:914} INFO - Processing file /home/airflow/.local/lib/python3.12/site-packages/airflow/example_dags/example_dynamic_task_mapping_with_no_taskflow_operators.py for tasks to queue
[2025-12-08T07:27:09.096+0000] {logging_mixin.py:190} INFO - [2025-12-08T07:27:09.096+0000] {dagbag.py:587} INFO - Filling up the DagBag from /home/airflow/.local/lib/python3.12/site-packages/airflow/example_dags/example_dynamic_task_mapping_with_no_taskflow_operators.py
[2025-12-08T07:27:09.116+0000] {processor.py:925} INFO - DAG(s) 'example_dynamic_task_mapping_with_no_taskflow_operators' retrieved from /home/airflow/.local/lib/python3.12/site-packages/airflow/example_dags/example_dynamic_task_mapping_with_no_taskflow_operators.py
[2025-12-08T07:27:09.166+0000] {logging_mixin.py:190} INFO - [2025-12-08T07:27:09.165+0000] {dag.py:3211} INFO - Sync 1 DAGs
[2025-12-08T07:27:09.216+0000] {logging_mixin.py:190} INFO - [2025-12-08T07:27:09.215+0000] {dag.py:4138} INFO - Setting next_dagrun for example_dynamic_task_mapping_with_no_taskflow_operators to 2025-12-07 00:00:00+00:00, run_after=2025-12-08 00:00:00+00:00
[2025-12-08T07:27:09.308+0000] {processor.py:208} INFO - Processing /home/airflow/.local/lib/python3.12/site-packages/airflow/example_dags/example_dynamic_task_mapping_with_no_taskflow_operators.py took 0.236 seconds
[2025-12-08T07:27:39.531+0000] {processor.py:186} INFO - Started process (PID=220) to work on /home/airflow/.local/lib/python3.12/site-packages/airflow/example_dags/example_dynamic_task_mapping_with_no_taskflow_operators.py
[2025-12-08T07:27:39.533+0000] {processor.py:914} INFO - Processing file /home/airflow/.local/lib/python3.12/site-packages/airflow/example_dags/example_dynamic_task_mapping_with_no_taskflow_operators.py for tasks to queue
[2025-12-08T07:27:39.539+0000] {logging_mixin.py:190} INFO - [2025-12-08T07:27:39.538+0000] {dagbag.py:587} INFO - Filling up the DagBag from /home/airflow/.local/lib/python3.12/site-packages/airflow/example_dags/example_dynamic_task_mapping_with_no_taskflow_operators.py
[2025-12-08T07:27:39.557+0000] {processor.py:925} INFO - DAG(s) 'example_dynamic_task_mapping_with_no_taskflow_operators' retrieved from /home/airflow/.local/lib/python3.12/site-packages/airflow/example_dags/example_dynamic_task_mapping_with_no_taskflow_operators.py
[2025-12-08T07:27:39.600+0000] {logging_mixin.py:190} INFO - [2025-12-08T07:27:39.600+0000] {dag.py:3211} INFO - Sync 1 DAGs
[2025-12-08T07:27:39.643+0000] {logging_mixin.py:190} INFO - [2025-12-08T07:27:39.642+0000] {dag.py:4138} INFO - Setting next_dagrun for example_dynamic_task_mapping_with_no_taskflow_operators to 2025-12-07 00:00:00+00:00, run_after=2025-12-08 00:00:00+00:00
[2025-12-08T07:27:39.695+0000] {processor.py:208} INFO - Processing /home/airflow/.local/lib/python3.12/site-packages/airflow/example_dags/example_dynamic_task_mapping_with_no_taskflow_operators.py took 0.182 seconds
[2025-12-08T07:28:09.765+0000] {processor.py:186} INFO - Started process (PID=294) to work on /home/airflow/.local/lib/python3.12/site-packages/airflow/example_dags/example_dynamic_task_mapping_with_no_taskflow_operators.py
[2025-12-08T07:28:09.768+0000] {processor.py:914} INFO - Processing file /home/airflow/.local/lib/python3.12/site-packages/airflow/example_dags/example_dynamic_task_mapping_with_no_taskflow_operators.py for tasks to queue
[2025-12-08T07:28:09.775+0000] {logging_mixin.py:190} INFO - [2025-12-08T07:28:09.773+0000] {dagbag.py:587} INFO - Filling up the DagBag from /home/airflow/.local/lib/python3.12/site-packages/airflow/example_dags/example_dynamic_task_mapping_with_no_taskflow_operators.py
[2025-12-08T07:28:09.791+0000] {processor.py:925} INFO - DAG(s) 'example_dynamic_task_mapping_with_no_taskflow_operators' retrieved from /home/airflow/.local/lib/python3.12/site-packages/airflow/example_dags/example_dynamic_task_mapping_with_no_taskflow_operators.py
[2025-12-08T07:28:09.838+0000] {logging_mixin.py:190} INFO - [2025-12-08T07:28:09.837+0000] {dag.py:3211} INFO - Sync 1 DAGs
[2025-12-08T07:28:09.883+0000] {logging_mixin.py:190} INFO - [2025-12-08T07:28:09.882+0000] {dag.py:4138} INFO - Setting next_dagrun for example_dynamic_task_mapping_with_no_taskflow_operators to 2025-12-07 00:00:00+00:00, run_after=2025-12-08 00:00:00+00:00
[2025-12-08T07:28:09.924+0000] {processor.py:208} INFO - Processing /home/airflow/.local/lib/python3.12/site-packages/airflow/example_dags/example_dynamic_task_mapping_with_no_taskflow_operators.py took 0.169 seconds
[2025-12-08T07:28:42.289+0000] {processor.py:186} INFO - Started process (PID=358) to work on /home/airflow/.local/lib/python3.12/site-packages/airflow/example_dags/example_dynamic_task_mapping_with_no_taskflow_operators.py
[2025-12-08T07:28:42.297+0000] {processor.py:914} INFO - Processing file /home/airflow/.local/lib/python3.12/site-packages/airflow/example_dags/example_dynamic_task_mapping_with_no_taskflow_operators.py for tasks to queue
[2025-12-08T07:28:42.324+0000] {logging_mixin.py:190} INFO - [2025-12-08T07:28:42.319+0000] {dagbag.py:587} INFO - Filling up the DagBag from /home/airflow/.local/lib/python3.12/site-packages/airflow/example_dags/example_dynamic_task_mapping_with_no_taskflow_operators.py
[2025-12-08T07:28:42.373+0000] {processor.py:925} INFO - DAG(s) 'example_dynamic_task_mapping_with_no_taskflow_operators' retrieved from /home/airflow/.local/lib/python3.12/site-packages/airflow/example_dags/example_dynamic_task_mapping_with_no_taskflow_operators.py
[2025-12-08T07:28:42.457+0000] {logging_mixin.py:190} INFO - [2025-12-08T07:28:42.456+0000] {dag.py:3211} INFO - Sync 1 DAGs
[2025-12-08T07:28:42.652+0000] {logging_mixin.py:190} INFO - [2025-12-08T07:28:42.651+0000] {dag.py:4138} INFO - Setting next_dagrun for example_dynamic_task_mapping_with_no_taskflow_operators to 2025-12-07 00:00:00+00:00, run_after=2025-12-08 00:00:00+00:00
[2025-12-08T07:28:42.715+0000] {processor.py:208} INFO - Processing /home/airflow/.local/lib/python3.12/site-packages/airflow/example_dags/example_dynamic_task_mapping_with_no_taskflow_operators.py took 0.463 seconds
[2025-12-08T07:29:13.135+0000] {processor.py:186} INFO - Started process (PID=421) to work on /home/airflow/.local/lib/python3.12/site-packages/airflow/example_dags/example_dynamic_task_mapping_with_no_taskflow_operators.py
[2025-12-08T07:29:13.137+0000] {processor.py:914} INFO - Processing file /home/airflow/.local/lib/python3.12/site-packages/airflow/example_dags/example_dynamic_task_mapping_with_no_taskflow_operators.py for tasks to queue
[2025-12-08T07:29:13.142+0000] {logging_mixin.py:190} INFO - [2025-12-08T07:29:13.142+0000] {dagbag.py:587} INFO - Filling up the DagBag from /home/airflow/.local/lib/python3.12/site-packages/airflow/example_dags/example_dynamic_task_mapping_with_no_taskflow_operators.py
[2025-12-08T07:29:13.159+0000] {processor.py:925} INFO - DAG(s) 'example_dynamic_task_mapping_with_no_taskflow_operators' retrieved from /home/airflow/.local/lib/python3.12/site-packages/airflow/example_dags/example_dynamic_task_mapping_with_no_taskflow_operators.py
[2025-12-08T07:29:13.194+0000] {logging_mixin.py:190} INFO - [2025-12-08T07:29:13.193+0000] {dag.py:3211} INFO - Sync 1 DAGs
[2025-12-08T07:29:13.228+0000] {logging_mixin.py:190} INFO - [2025-12-08T07:29:13.227+0000] {dag.py:4138} INFO - Setting next_dagrun for example_dynamic_task_mapping_with_no_taskflow_operators to 2025-12-07 00:00:00+00:00, run_after=2025-12-08 00:00:00+00:00
[2025-12-08T07:29:13.262+0000] {processor.py:208} INFO - Processing /home/airflow/.local/lib/python3.12/site-packages/airflow/example_dags/example_dynamic_task_mapping_with_no_taskflow_operators.py took 0.138 seconds
[2025-12-08T07:29:43.404+0000] {processor.py:186} INFO - Started process (PID=484) to work on /home/airflow/.local/lib/python3.12/site-packages/airflow/example_dags/example_dynamic_task_mapping_with_no_taskflow_operators.py
[2025-12-08T07:29:43.406+0000] {processor.py:914} INFO - Processing file /home/airflow/.local/lib/python3.12/site-packages/airflow/example_dags/example_dynamic_task_mapping_with_no_taskflow_operators.py for tasks to queue
[2025-12-08T07:29:43.413+0000] {logging_mixin.py:190} INFO - [2025-12-08T07:29:43.412+0000] {dagbag.py:587} INFO - Filling up the DagBag from /home/airflow/.local/lib/python3.12/site-packages/airflow/example_dags/example_dynamic_task_mapping_with_no_taskflow_operators.py
[2025-12-08T07:29:43.429+0000] {processor.py:925} INFO - DAG(s) 'example_dynamic_task_mapping_with_no_taskflow_operators' retrieved from /home/airflow/.local/lib/python3.12/site-packages/airflow/example_dags/example_dynamic_task_mapping_with_no_taskflow_operators.py
[2025-12-08T07:29:43.469+0000] {logging_mixin.py:190} INFO - [2025-12-08T07:29:43.468+0000] {dag.py:3211} INFO - Sync 1 DAGs
[2025-12-08T07:29:43.506+0000] {logging_mixin.py:190} INFO - [2025-12-08T07:29:43.506+0000] {dag.py:4138} INFO - Setting next_dagrun for example_dynamic_task_mapping_with_no_taskflow_operators to 2025-12-07 00:00:00+00:00, run_after=2025-12-08 00:00:00+00:00
[2025-12-08T07:29:43.540+0000] {processor.py:208} INFO - Processing /home/airflow/.local/lib/python3.12/site-packages/airflow/example_dags/example_dynamic_task_mapping_with_no_taskflow_operators.py took 0.145 seconds
[2025-12-08T07:30:14.411+0000] {processor.py:186} INFO - Started process (PID=547) to work on /home/airflow/.local/lib/python3.12/site-packages/airflow/example_dags/example_dynamic_task_mapping_with_no_taskflow_operators.py
[2025-12-08T07:30:14.414+0000] {processor.py:914} INFO - Processing file /home/airflow/.local/lib/python3.12/site-packages/airflow/example_dags/example_dynamic_task_mapping_with_no_taskflow_operators.py for tasks to queue
[2025-12-08T07:30:14.418+0000] {logging_mixin.py:190} INFO - [2025-12-08T07:30:14.417+0000] {dagbag.py:587} INFO - Filling up the DagBag from /home/airflow/.local/lib/python3.12/site-packages/airflow/example_dags/example_dynamic_task_mapping_with_no_taskflow_operators.py
[2025-12-08T07:30:14.439+0000] {processor.py:925} INFO - DAG(s) 'example_dynamic_task_mapping_with_no_taskflow_operators' retrieved from /home/airflow/.local/lib/python3.12/site-packages/airflow/example_dags/example_dynamic_task_mapping_with_no_taskflow_operators.py
[2025-12-08T07:30:14.478+0000] {logging_mixin.py:190} INFO - [2025-12-08T07:30:14.477+0000] {dag.py:3211} INFO - Sync 1 DAGs
[2025-12-08T07:30:14.535+0000] {logging_mixin.py:190} INFO - [2025-12-08T07:30:14.534+0000] {dag.py:4138} INFO - Setting next_dagrun for example_dynamic_task_mapping_with_no_taskflow_operators to 2025-12-07 00:00:00+00:00, run_after=2025-12-08 00:00:00+00:00
[2025-12-08T07:30:14.583+0000] {processor.py:208} INFO - Processing /home/airflow/.local/lib/python3.12/site-packages/airflow/example_dags/example_dynamic_task_mapping_with_no_taskflow_operators.py took 0.182 seconds
[2025-12-08T07:30:45.198+0000] {processor.py:186} INFO - Started process (PID=610) to work on /home/airflow/.local/lib/python3.12/site-packages/airflow/example_dags/example_dynamic_task_mapping_with_no_taskflow_operators.py
[2025-12-08T07:30:45.201+0000] {processor.py:914} INFO - Processing file /home/airflow/.local/lib/python3.12/site-packages/airflow/example_dags/example_dynamic_task_mapping_with_no_taskflow_operators.py for tasks to queue
[2025-12-08T07:30:45.208+0000] {logging_mixin.py:190} INFO - [2025-12-08T07:30:45.207+0000] {dagbag.py:587} INFO - Filling up the DagBag from /home/airflow/.local/lib/python3.12/site-packages/airflow/example_dags/example_dynamic_task_mapping_with_no_taskflow_operators.py
[2025-12-08T07:30:45.224+0000] {processor.py:925} INFO - DAG(s) 'example_dynamic_task_mapping_with_no_taskflow_operators' retrieved from /home/airflow/.local/lib/python3.12/site-packages/airflow/example_dags/example_dynamic_task_mapping_with_no_taskflow_operators.py
[2025-12-08T07:30:45.265+0000] {logging_mixin.py:190} INFO - [2025-12-08T07:30:45.264+0000] {dag.py:3211} INFO - Sync 1 DAGs
[2025-12-08T07:30:45.307+0000] {logging_mixin.py:190} INFO - [2025-12-08T07:30:45.307+0000] {dag.py:4138} INFO - Setting next_dagrun for example_dynamic_task_mapping_with_no_taskflow_operators to 2025-12-07 00:00:00+00:00, run_after=2025-12-08 00:00:00+00:00
[2025-12-08T07:30:45.361+0000] {processor.py:208} INFO - Processing /home/airflow/.local/lib/python3.12/site-packages/airflow/example_dags/example_dynamic_task_mapping_with_no_taskflow_operators.py took 0.174 seconds
[2025-12-08T07:31:16.353+0000] {processor.py:186} INFO - Started process (PID=673) to work on /home/airflow/.local/lib/python3.12/site-packages/airflow/example_dags/example_dynamic_task_mapping_with_no_taskflow_operators.py
[2025-12-08T07:31:16.356+0000] {processor.py:914} INFO - Processing file /home/airflow/.local/lib/python3.12/site-packages/airflow/example_dags/example_dynamic_task_mapping_with_no_taskflow_operators.py for tasks to queue
[2025-12-08T07:31:16.361+0000] {logging_mixin.py:190} INFO - [2025-12-08T07:31:16.361+0000] {dagbag.py:587} INFO - Filling up the DagBag from /home/airflow/.local/lib/python3.12/site-packages/airflow/example_dags/example_dynamic_task_mapping_with_no_taskflow_operators.py
[2025-12-08T07:31:16.378+0000] {processor.py:925} INFO - DAG(s) 'example_dynamic_task_mapping_with_no_taskflow_operators' retrieved from /home/airflow/.local/lib/python3.12/site-packages/airflow/example_dags/example_dynamic_task_mapping_with_no_taskflow_operators.py
[2025-12-08T07:31:16.431+0000] {logging_mixin.py:190} INFO - [2025-12-08T07:31:16.430+0000] {dag.py:3211} INFO - Sync 1 DAGs
[2025-12-08T07:31:16.489+0000] {logging_mixin.py:190} INFO - [2025-12-08T07:31:16.488+0000] {dag.py:4138} INFO - Setting next_dagrun for example_dynamic_task_mapping_with_no_taskflow_operators to 2025-12-07 00:00:00+00:00, run_after=2025-12-08 00:00:00+00:00
[2025-12-08T07:31:16.539+0000] {processor.py:208} INFO - Processing /home/airflow/.local/lib/python3.12/site-packages/airflow/example_dags/example_dynamic_task_mapping_with_no_taskflow_operators.py took 0.197 seconds
[2025-12-08T07:31:47.477+0000] {processor.py:186} INFO - Started process (PID=736) to work on /home/airflow/.local/lib/python3.12/site-packages/airflow/example_dags/example_dynamic_task_mapping_with_no_taskflow_operators.py
[2025-12-08T07:31:47.480+0000] {processor.py:914} INFO - Processing file /home/airflow/.local/lib/python3.12/site-packages/airflow/example_dags/example_dynamic_task_mapping_with_no_taskflow_operators.py for tasks to queue
[2025-12-08T07:31:47.485+0000] {logging_mixin.py:190} INFO - [2025-12-08T07:31:47.484+0000] {dagbag.py:587} INFO - Filling up the DagBag from /home/airflow/.local/lib/python3.12/site-packages/airflow/example_dags/example_dynamic_task_mapping_with_no_taskflow_operators.py
[2025-12-08T07:31:47.503+0000] {processor.py:925} INFO - DAG(s) 'example_dynamic_task_mapping_with_no_taskflow_operators' retrieved from /home/airflow/.local/lib/python3.12/site-packages/airflow/example_dags/example_dynamic_task_mapping_with_no_taskflow_operators.py
[2025-12-08T07:31:47.546+0000] {logging_mixin.py:190} INFO - [2025-12-08T07:31:47.546+0000] {dag.py:3211} INFO - Sync 1 DAGs
[2025-12-08T07:31:47.592+0000] {logging_mixin.py:190} INFO - [2025-12-08T07:31:47.591+0000] {dag.py:4138} INFO - Setting next_dagrun for example_dynamic_task_mapping_with_no_taskflow_operators to 2025-12-07 00:00:00+00:00, run_after=2025-12-08 00:00:00+00:00
[2025-12-08T07:31:47.629+0000] {processor.py:208} INFO - Processing /home/airflow/.local/lib/python3.12/site-packages/airflow/example_dags/example_dynamic_task_mapping_with_no_taskflow_operators.py took 0.169 seconds
[2025-12-08T07:32:18.233+0000] {processor.py:186} INFO - Started process (PID=805) to work on /home/airflow/.local/lib/python3.12/site-packages/airflow/example_dags/example_dynamic_task_mapping_with_no_taskflow_operators.py
[2025-12-08T07:32:18.239+0000] {processor.py:914} INFO - Processing file /home/airflow/.local/lib/python3.12/site-packages/airflow/example_dags/example_dynamic_task_mapping_with_no_taskflow_operators.py for tasks to queue
[2025-12-08T07:32:18.248+0000] {logging_mixin.py:190} INFO - [2025-12-08T07:32:18.247+0000] {dagbag.py:587} INFO - Filling up the DagBag from /home/airflow/.local/lib/python3.12/site-packages/airflow/example_dags/example_dynamic_task_mapping_with_no_taskflow_operators.py
[2025-12-08T07:32:18.270+0000] {processor.py:925} INFO - DAG(s) 'example_dynamic_task_mapping_with_no_taskflow_operators' retrieved from /home/airflow/.local/lib/python3.12/site-packages/airflow/example_dags/example_dynamic_task_mapping_with_no_taskflow_operators.py
[2025-12-08T07:32:18.313+0000] {logging_mixin.py:190} INFO - [2025-12-08T07:32:18.312+0000] {dag.py:3211} INFO - Sync 1 DAGs
[2025-12-08T07:32:18.370+0000] {logging_mixin.py:190} INFO - [2025-12-08T07:32:18.370+0000] {dag.py:4138} INFO - Setting next_dagrun for example_dynamic_task_mapping_with_no_taskflow_operators to 2025-12-07 00:00:00+00:00, run_after=2025-12-08 00:00:00+00:00
[2025-12-08T07:32:18.425+0000] {processor.py:208} INFO - Processing /home/airflow/.local/lib/python3.12/site-packages/airflow/example_dags/example_dynamic_task_mapping_with_no_taskflow_operators.py took 0.205 seconds
[2025-12-08T07:32:49.440+0000] {processor.py:186} INFO - Started process (PID=868) to work on /home/airflow/.local/lib/python3.12/site-packages/airflow/example_dags/example_dynamic_task_mapping_with_no_taskflow_operators.py
[2025-12-08T07:32:49.443+0000] {processor.py:914} INFO - Processing file /home/airflow/.local/lib/python3.12/site-packages/airflow/example_dags/example_dynamic_task_mapping_with_no_taskflow_operators.py for tasks to queue
[2025-12-08T07:32:49.452+0000] {logging_mixin.py:190} INFO - [2025-12-08T07:32:49.451+0000] {dagbag.py:587} INFO - Filling up the DagBag from /home/airflow/.local/lib/python3.12/site-packages/airflow/example_dags/example_dynamic_task_mapping_with_no_taskflow_operators.py
[2025-12-08T07:32:49.478+0000] {processor.py:925} INFO - DAG(s) 'example_dynamic_task_mapping_with_no_taskflow_operators' retrieved from /home/airflow/.local/lib/python3.12/site-packages/airflow/example_dags/example_dynamic_task_mapping_with_no_taskflow_operators.py
[2025-12-08T07:32:49.518+0000] {logging_mixin.py:190} INFO - [2025-12-08T07:32:49.517+0000] {dag.py:3211} INFO - Sync 1 DAGs
[2025-12-08T07:32:49.558+0000] {logging_mixin.py:190} INFO - [2025-12-08T07:32:49.558+0000] {dag.py:4138} INFO - Setting next_dagrun for example_dynamic_task_mapping_with_no_taskflow_operators to 2025-12-07 00:00:00+00:00, run_after=2025-12-08 00:00:00+00:00
[2025-12-08T07:32:49.596+0000] {processor.py:208} INFO - Processing /home/airflow/.local/lib/python3.12/site-packages/airflow/example_dags/example_dynamic_task_mapping_with_no_taskflow_operators.py took 0.170 seconds
[2025-12-08T07:33:19.859+0000] {processor.py:186} INFO - Started process (PID=931) to work on /home/airflow/.local/lib/python3.12/site-packages/airflow/example_dags/example_dynamic_task_mapping_with_no_taskflow_operators.py
[2025-12-08T07:33:19.862+0000] {processor.py:914} INFO - Processing file /home/airflow/.local/lib/python3.12/site-packages/airflow/example_dags/example_dynamic_task_mapping_with_no_taskflow_operators.py for tasks to queue
[2025-12-08T07:33:19.869+0000] {logging_mixin.py:190} INFO - [2025-12-08T07:33:19.868+0000] {dagbag.py:587} INFO - Filling up the DagBag from /home/airflow/.local/lib/python3.12/site-packages/airflow/example_dags/example_dynamic_task_mapping_with_no_taskflow_operators.py
[2025-12-08T07:33:19.889+0000] {processor.py:925} INFO - DAG(s) 'example_dynamic_task_mapping_with_no_taskflow_operators' retrieved from /home/airflow/.local/lib/python3.12/site-packages/airflow/example_dags/example_dynamic_task_mapping_with_no_taskflow_operators.py
[2025-12-08T07:33:19.938+0000] {logging_mixin.py:190} INFO - [2025-12-08T07:33:19.937+0000] {dag.py:3211} INFO - Sync 1 DAGs
[2025-12-08T07:33:20.004+0000] {logging_mixin.py:190} INFO - [2025-12-08T07:33:20.004+0000] {dag.py:4138} INFO - Setting next_dagrun for example_dynamic_task_mapping_with_no_taskflow_operators to 2025-12-07 00:00:00+00:00, run_after=2025-12-08 00:00:00+00:00
[2025-12-08T07:33:20.047+0000] {processor.py:208} INFO - Processing /home/airflow/.local/lib/python3.12/site-packages/airflow/example_dags/example_dynamic_task_mapping_with_no_taskflow_operators.py took 0.201 seconds
[2025-12-08T07:33:50.422+0000] {processor.py:186} INFO - Started process (PID=994) to work on /home/airflow/.local/lib/python3.12/site-packages/airflow/example_dags/example_dynamic_task_mapping_with_no_taskflow_operators.py
[2025-12-08T07:33:50.425+0000] {processor.py:914} INFO - Processing file /home/airflow/.local/lib/python3.12/site-packages/airflow/example_dags/example_dynamic_task_mapping_with_no_taskflow_operators.py for tasks to queue
[2025-12-08T07:33:50.432+0000] {logging_mixin.py:190} INFO - [2025-12-08T07:33:50.431+0000] {dagbag.py:587} INFO - Filling up the DagBag from /home/airflow/.local/lib/python3.12/site-packages/airflow/example_dags/example_dynamic_task_mapping_with_no_taskflow_operators.py
[2025-12-08T07:33:50.452+0000] {processor.py:925} INFO - DAG(s) 'example_dynamic_task_mapping_with_no_taskflow_operators' retrieved from /home/airflow/.local/lib/python3.12/site-packages/airflow/example_dags/example_dynamic_task_mapping_with_no_taskflow_operators.py
[2025-12-08T07:33:50.510+0000] {logging_mixin.py:190} INFO - [2025-12-08T07:33:50.509+0000] {dag.py:3211} INFO - Sync 1 DAGs
[2025-12-08T07:33:50.558+0000] {logging_mixin.py:190} INFO - [2025-12-08T07:33:50.557+0000] {dag.py:4138} INFO - Setting next_dagrun for example_dynamic_task_mapping_with_no_taskflow_operators to 2025-12-07 00:00:00+00:00, run_after=2025-12-08 00:00:00+00:00
[2025-12-08T07:33:50.621+0000] {processor.py:208} INFO - Processing /home/airflow/.local/lib/python3.12/site-packages/airflow/example_dags/example_dynamic_task_mapping_with_no_taskflow_operators.py took 0.213 seconds
[2025-12-08T07:34:20.943+0000] {processor.py:186} INFO - Started process (PID=1057) to work on /home/airflow/.local/lib/python3.12/site-packages/airflow/example_dags/example_dynamic_task_mapping_with_no_taskflow_operators.py
[2025-12-08T07:34:20.945+0000] {processor.py:914} INFO - Processing file /home/airflow/.local/lib/python3.12/site-packages/airflow/example_dags/example_dynamic_task_mapping_with_no_taskflow_operators.py for tasks to queue
[2025-12-08T07:34:20.950+0000] {logging_mixin.py:190} INFO - [2025-12-08T07:34:20.950+0000] {dagbag.py:587} INFO - Filling up the DagBag from /home/airflow/.local/lib/python3.12/site-packages/airflow/example_dags/example_dynamic_task_mapping_with_no_taskflow_operators.py
[2025-12-08T07:34:20.968+0000] {processor.py:925} INFO - DAG(s) 'example_dynamic_task_mapping_with_no_taskflow_operators' retrieved from /home/airflow/.local/lib/python3.12/site-packages/airflow/example_dags/example_dynamic_task_mapping_with_no_taskflow_operators.py
[2025-12-08T07:34:21.006+0000] {logging_mixin.py:190} INFO - [2025-12-08T07:34:21.005+0000] {dag.py:3211} INFO - Sync 1 DAGs
[2025-12-08T07:34:21.050+0000] {logging_mixin.py:190} INFO - [2025-12-08T07:34:21.049+0000] {dag.py:4138} INFO - Setting next_dagrun for example_dynamic_task_mapping_with_no_taskflow_operators to 2025-12-07 00:00:00+00:00, run_after=2025-12-08 00:00:00+00:00
[2025-12-08T07:34:21.084+0000] {processor.py:208} INFO - Processing /home/airflow/.local/lib/python3.12/site-packages/airflow/example_dags/example_dynamic_task_mapping_with_no_taskflow_operators.py took 0.152 seconds
[2025-12-08T07:34:51.748+0000] {processor.py:186} INFO - Started process (PID=1121) to work on /home/airflow/.local/lib/python3.12/site-packages/airflow/example_dags/example_dynamic_task_mapping_with_no_taskflow_operators.py
[2025-12-08T07:34:51.750+0000] {processor.py:914} INFO - Processing file /home/airflow/.local/lib/python3.12/site-packages/airflow/example_dags/example_dynamic_task_mapping_with_no_taskflow_operators.py for tasks to queue
[2025-12-08T07:34:51.755+0000] {logging_mixin.py:190} INFO - [2025-12-08T07:34:51.754+0000] {dagbag.py:587} INFO - Filling up the DagBag from /home/airflow/.local/lib/python3.12/site-packages/airflow/example_dags/example_dynamic_task_mapping_with_no_taskflow_operators.py
[2025-12-08T07:34:51.777+0000] {processor.py:925} INFO - DAG(s) 'example_dynamic_task_mapping_with_no_taskflow_operators' retrieved from /home/airflow/.local/lib/python3.12/site-packages/airflow/example_dags/example_dynamic_task_mapping_with_no_taskflow_operators.py
[2025-12-08T07:34:51.823+0000] {logging_mixin.py:190} INFO - [2025-12-08T07:34:51.823+0000] {dag.py:3211} INFO - Sync 1 DAGs
[2025-12-08T07:34:51.871+0000] {logging_mixin.py:190} INFO - [2025-12-08T07:34:51.870+0000] {dag.py:4138} INFO - Setting next_dagrun for example_dynamic_task_mapping_with_no_taskflow_operators to 2025-12-07 00:00:00+00:00, run_after=2025-12-08 00:00:00+00:00
[2025-12-08T07:34:51.914+0000] {processor.py:208} INFO - Processing /home/airflow/.local/lib/python3.12/site-packages/airflow/example_dags/example_dynamic_task_mapping_with_no_taskflow_operators.py took 0.180 seconds
[2025-12-08T07:35:22.330+0000] {processor.py:186} INFO - Started process (PID=1185) to work on /home/airflow/.local/lib/python3.12/site-packages/airflow/example_dags/example_dynamic_task_mapping_with_no_taskflow_operators.py
[2025-12-08T07:35:22.333+0000] {processor.py:914} INFO - Processing file /home/airflow/.local/lib/python3.12/site-packages/airflow/example_dags/example_dynamic_task_mapping_with_no_taskflow_operators.py for tasks to queue
[2025-12-08T07:35:22.338+0000] {logging_mixin.py:190} INFO - [2025-12-08T07:35:22.337+0000] {dagbag.py:587} INFO - Filling up the DagBag from /home/airflow/.local/lib/python3.12/site-packages/airflow/example_dags/example_dynamic_task_mapping_with_no_taskflow_operators.py
[2025-12-08T07:35:22.366+0000] {processor.py:925} INFO - DAG(s) 'example_dynamic_task_mapping_with_no_taskflow_operators' retrieved from /home/airflow/.local/lib/python3.12/site-packages/airflow/example_dags/example_dynamic_task_mapping_with_no_taskflow_operators.py
[2025-12-08T07:35:22.414+0000] {logging_mixin.py:190} INFO - [2025-12-08T07:35:22.414+0000] {dag.py:3211} INFO - Sync 1 DAGs
[2025-12-08T07:35:22.470+0000] {logging_mixin.py:190} INFO - [2025-12-08T07:35:22.469+0000] {dag.py:4138} INFO - Setting next_dagrun for example_dynamic_task_mapping_with_no_taskflow_operators to 2025-12-07 00:00:00+00:00, run_after=2025-12-08 00:00:00+00:00
[2025-12-08T07:35:22.520+0000] {processor.py:208} INFO - Processing /home/airflow/.local/lib/python3.12/site-packages/airflow/example_dags/example_dynamic_task_mapping_with_no_taskflow_operators.py took 0.203 seconds
[2025-12-08T07:35:52.764+0000] {processor.py:186} INFO - Started process (PID=1248) to work on /home/airflow/.local/lib/python3.12/site-packages/airflow/example_dags/example_dynamic_task_mapping_with_no_taskflow_operators.py
[2025-12-08T07:35:52.767+0000] {processor.py:914} INFO - Processing file /home/airflow/.local/lib/python3.12/site-packages/airflow/example_dags/example_dynamic_task_mapping_with_no_taskflow_operators.py for tasks to queue
[2025-12-08T07:35:52.772+0000] {logging_mixin.py:190} INFO - [2025-12-08T07:35:52.771+0000] {dagbag.py:587} INFO - Filling up the DagBag from /home/airflow/.local/lib/python3.12/site-packages/airflow/example_dags/example_dynamic_task_mapping_with_no_taskflow_operators.py
[2025-12-08T07:35:52.790+0000] {processor.py:925} INFO - DAG(s) 'example_dynamic_task_mapping_with_no_taskflow_operators' retrieved from /home/airflow/.local/lib/python3.12/site-packages/airflow/example_dags/example_dynamic_task_mapping_with_no_taskflow_operators.py
[2025-12-08T07:35:52.832+0000] {logging_mixin.py:190} INFO - [2025-12-08T07:35:52.831+0000] {dag.py:3211} INFO - Sync 1 DAGs
[2025-12-08T07:35:52.874+0000] {logging_mixin.py:190} INFO - [2025-12-08T07:35:52.873+0000] {dag.py:4138} INFO - Setting next_dagrun for example_dynamic_task_mapping_with_no_taskflow_operators to 2025-12-07 00:00:00+00:00, run_after=2025-12-08 00:00:00+00:00
[2025-12-08T07:35:52.913+0000] {processor.py:208} INFO - Processing /home/airflow/.local/lib/python3.12/site-packages/airflow/example_dags/example_dynamic_task_mapping_with_no_taskflow_operators.py took 0.161 seconds
[2025-12-08T07:36:23.476+0000] {processor.py:186} INFO - Started process (PID=1311) to work on /home/airflow/.local/lib/python3.12/site-packages/airflow/example_dags/example_dynamic_task_mapping_with_no_taskflow_operators.py
[2025-12-08T07:36:23.479+0000] {processor.py:914} INFO - Processing file /home/airflow/.local/lib/python3.12/site-packages/airflow/example_dags/example_dynamic_task_mapping_with_no_taskflow_operators.py for tasks to queue
[2025-12-08T07:36:23.485+0000] {logging_mixin.py:190} INFO - [2025-12-08T07:36:23.484+0000] {dagbag.py:587} INFO - Filling up the DagBag from /home/airflow/.local/lib/python3.12/site-packages/airflow/example_dags/example_dynamic_task_mapping_with_no_taskflow_operators.py
[2025-12-08T07:36:23.503+0000] {processor.py:925} INFO - DAG(s) 'example_dynamic_task_mapping_with_no_taskflow_operators' retrieved from /home/airflow/.local/lib/python3.12/site-packages/airflow/example_dags/example_dynamic_task_mapping_with_no_taskflow_operators.py
[2025-12-08T07:36:23.545+0000] {logging_mixin.py:190} INFO - [2025-12-08T07:36:23.544+0000] {dag.py:3211} INFO - Sync 1 DAGs
[2025-12-08T07:36:23.598+0000] {logging_mixin.py:190} INFO - [2025-12-08T07:36:23.598+0000] {dag.py:4138} INFO - Setting next_dagrun for example_dynamic_task_mapping_with_no_taskflow_operators to 2025-12-07 00:00:00+00:00, run_after=2025-12-08 00:00:00+00:00
[2025-12-08T07:36:23.655+0000] {processor.py:208} INFO - Processing /home/airflow/.local/lib/python3.12/site-packages/airflow/example_dags/example_dynamic_task_mapping_with_no_taskflow_operators.py took 0.191 seconds
[2025-12-08T07:36:54.145+0000] {processor.py:186} INFO - Started process (PID=1374) to work on /home/airflow/.local/lib/python3.12/site-packages/airflow/example_dags/example_dynamic_task_mapping_with_no_taskflow_operators.py
[2025-12-08T07:36:54.147+0000] {processor.py:914} INFO - Processing file /home/airflow/.local/lib/python3.12/site-packages/airflow/example_dags/example_dynamic_task_mapping_with_no_taskflow_operators.py for tasks to queue
[2025-12-08T07:36:54.154+0000] {logging_mixin.py:190} INFO - [2025-12-08T07:36:54.153+0000] {dagbag.py:587} INFO - Filling up the DagBag from /home/airflow/.local/lib/python3.12/site-packages/airflow/example_dags/example_dynamic_task_mapping_with_no_taskflow_operators.py
[2025-12-08T07:36:54.175+0000] {processor.py:925} INFO - DAG(s) 'example_dynamic_task_mapping_with_no_taskflow_operators' retrieved from /home/airflow/.local/lib/python3.12/site-packages/airflow/example_dags/example_dynamic_task_mapping_with_no_taskflow_operators.py
[2025-12-08T07:36:54.236+0000] {logging_mixin.py:190} INFO - [2025-12-08T07:36:54.235+0000] {dag.py:3211} INFO - Sync 1 DAGs
[2025-12-08T07:36:54.304+0000] {logging_mixin.py:190} INFO - [2025-12-08T07:36:54.304+0000] {dag.py:4138} INFO - Setting next_dagrun for example_dynamic_task_mapping_with_no_taskflow_operators to 2025-12-07 00:00:00+00:00, run_after=2025-12-08 00:00:00+00:00
[2025-12-08T07:36:54.382+0000] {processor.py:208} INFO - Processing /home/airflow/.local/lib/python3.12/site-packages/airflow/example_dags/example_dynamic_task_mapping_with_no_taskflow_operators.py took 0.248 seconds
[2025-12-08T07:37:24.742+0000] {processor.py:186} INFO - Started process (PID=1437) to work on /home/airflow/.local/lib/python3.12/site-packages/airflow/example_dags/example_dynamic_task_mapping_with_no_taskflow_operators.py
[2025-12-08T07:37:24.745+0000] {processor.py:914} INFO - Processing file /home/airflow/.local/lib/python3.12/site-packages/airflow/example_dags/example_dynamic_task_mapping_with_no_taskflow_operators.py for tasks to queue
[2025-12-08T07:37:24.753+0000] {logging_mixin.py:190} INFO - [2025-12-08T07:37:24.752+0000] {dagbag.py:587} INFO - Filling up the DagBag from /home/airflow/.local/lib/python3.12/site-packages/airflow/example_dags/example_dynamic_task_mapping_with_no_taskflow_operators.py
[2025-12-08T07:37:24.768+0000] {processor.py:925} INFO - DAG(s) 'example_dynamic_task_mapping_with_no_taskflow_operators' retrieved from /home/airflow/.local/lib/python3.12/site-packages/airflow/example_dags/example_dynamic_task_mapping_with_no_taskflow_operators.py
[2025-12-08T07:37:24.811+0000] {logging_mixin.py:190} INFO - [2025-12-08T07:37:24.810+0000] {dag.py:3211} INFO - Sync 1 DAGs
[2025-12-08T07:37:24.852+0000] {logging_mixin.py:190} INFO - [2025-12-08T07:37:24.852+0000] {dag.py:4138} INFO - Setting next_dagrun for example_dynamic_task_mapping_with_no_taskflow_operators to 2025-12-07 00:00:00+00:00, run_after=2025-12-08 00:00:00+00:00
[2025-12-08T07:37:24.890+0000] {processor.py:208} INFO - Processing /home/airflow/.local/lib/python3.12/site-packages/airflow/example_dags/example_dynamic_task_mapping_with_no_taskflow_operators.py took 0.159 seconds
[2025-12-08T07:37:55.809+0000] {processor.py:186} INFO - Started process (PID=1501) to work on /home/airflow/.local/lib/python3.12/site-packages/airflow/example_dags/example_dynamic_task_mapping_with_no_taskflow_operators.py
[2025-12-08T07:37:55.814+0000] {processor.py:914} INFO - Processing file /home/airflow/.local/lib/python3.12/site-packages/airflow/example_dags/example_dynamic_task_mapping_with_no_taskflow_operators.py for tasks to queue
[2025-12-08T07:37:55.819+0000] {logging_mixin.py:190} INFO - [2025-12-08T07:37:55.819+0000] {dagbag.py:587} INFO - Filling up the DagBag from /home/airflow/.local/lib/python3.12/site-packages/airflow/example_dags/example_dynamic_task_mapping_with_no_taskflow_operators.py
[2025-12-08T07:37:55.839+0000] {processor.py:925} INFO - DAG(s) 'example_dynamic_task_mapping_with_no_taskflow_operators' retrieved from /home/airflow/.local/lib/python3.12/site-packages/airflow/example_dags/example_dynamic_task_mapping_with_no_taskflow_operators.py
[2025-12-08T07:37:55.884+0000] {logging_mixin.py:190} INFO - [2025-12-08T07:37:55.884+0000] {dag.py:3211} INFO - Sync 1 DAGs
[2025-12-08T07:37:55.949+0000] {logging_mixin.py:190} INFO - [2025-12-08T07:37:55.947+0000] {dag.py:4138} INFO - Setting next_dagrun for example_dynamic_task_mapping_with_no_taskflow_operators to 2025-12-07 00:00:00+00:00, run_after=2025-12-08 00:00:00+00:00
[2025-12-08T07:37:56.003+0000] {processor.py:208} INFO - Processing /home/airflow/.local/lib/python3.12/site-packages/airflow/example_dags/example_dynamic_task_mapping_with_no_taskflow_operators.py took 0.207 seconds
[2025-12-08T07:38:26.691+0000] {processor.py:186} INFO - Started process (PID=1564) to work on /home/airflow/.local/lib/python3.12/site-packages/airflow/example_dags/example_dynamic_task_mapping_with_no_taskflow_operators.py
[2025-12-08T07:38:26.694+0000] {processor.py:914} INFO - Processing file /home/airflow/.local/lib/python3.12/site-packages/airflow/example_dags/example_dynamic_task_mapping_with_no_taskflow_operators.py for tasks to queue
[2025-12-08T07:38:26.700+0000] {logging_mixin.py:190} INFO - [2025-12-08T07:38:26.699+0000] {dagbag.py:587} INFO - Filling up the DagBag from /home/airflow/.local/lib/python3.12/site-packages/airflow/example_dags/example_dynamic_task_mapping_with_no_taskflow_operators.py
[2025-12-08T07:38:26.718+0000] {processor.py:925} INFO - DAG(s) 'example_dynamic_task_mapping_with_no_taskflow_operators' retrieved from /home/airflow/.local/lib/python3.12/site-packages/airflow/example_dags/example_dynamic_task_mapping_with_no_taskflow_operators.py
[2025-12-08T07:38:26.761+0000] {logging_mixin.py:190} INFO - [2025-12-08T07:38:26.760+0000] {dag.py:3211} INFO - Sync 1 DAGs
[2025-12-08T07:38:26.808+0000] {logging_mixin.py:190} INFO - [2025-12-08T07:38:26.807+0000] {dag.py:4138} INFO - Setting next_dagrun for example_dynamic_task_mapping_with_no_taskflow_operators to 2025-12-07 00:00:00+00:00, run_after=2025-12-08 00:00:00+00:00
[2025-12-08T07:38:26.844+0000] {processor.py:208} INFO - Processing /home/airflow/.local/lib/python3.12/site-packages/airflow/example_dags/example_dynamic_task_mapping_with_no_taskflow_operators.py took 0.164 seconds
[2025-12-08T07:38:57.545+0000] {processor.py:186} INFO - Started process (PID=1628) to work on /home/airflow/.local/lib/python3.12/site-packages/airflow/example_dags/example_dynamic_task_mapping_with_no_taskflow_operators.py
[2025-12-08T07:38:57.548+0000] {processor.py:914} INFO - Processing file /home/airflow/.local/lib/python3.12/site-packages/airflow/example_dags/example_dynamic_task_mapping_with_no_taskflow_operators.py for tasks to queue
[2025-12-08T07:38:57.554+0000] {logging_mixin.py:190} INFO - [2025-12-08T07:38:57.553+0000] {dagbag.py:587} INFO - Filling up the DagBag from /home/airflow/.local/lib/python3.12/site-packages/airflow/example_dags/example_dynamic_task_mapping_with_no_taskflow_operators.py
[2025-12-08T07:38:57.573+0000] {processor.py:925} INFO - DAG(s) 'example_dynamic_task_mapping_with_no_taskflow_operators' retrieved from /home/airflow/.local/lib/python3.12/site-packages/airflow/example_dags/example_dynamic_task_mapping_with_no_taskflow_operators.py
[2025-12-08T07:38:57.611+0000] {logging_mixin.py:190} INFO - [2025-12-08T07:38:57.610+0000] {dag.py:3211} INFO - Sync 1 DAGs
[2025-12-08T07:38:57.654+0000] {logging_mixin.py:190} INFO - [2025-12-08T07:38:57.654+0000] {dag.py:4138} INFO - Setting next_dagrun for example_dynamic_task_mapping_with_no_taskflow_operators to 2025-12-07 00:00:00+00:00, run_after=2025-12-08 00:00:00+00:00
[2025-12-08T07:38:57.694+0000] {processor.py:208} INFO - Processing /home/airflow/.local/lib/python3.12/site-packages/airflow/example_dags/example_dynamic_task_mapping_with_no_taskflow_operators.py took 0.159 seconds
[2025-12-08T07:39:28.387+0000] {processor.py:186} INFO - Started process (PID=1691) to work on /home/airflow/.local/lib/python3.12/site-packages/airflow/example_dags/example_dynamic_task_mapping_with_no_taskflow_operators.py
[2025-12-08T07:39:28.389+0000] {processor.py:914} INFO - Processing file /home/airflow/.local/lib/python3.12/site-packages/airflow/example_dags/example_dynamic_task_mapping_with_no_taskflow_operators.py for tasks to queue
[2025-12-08T07:39:28.395+0000] {logging_mixin.py:190} INFO - [2025-12-08T07:39:28.394+0000] {dagbag.py:587} INFO - Filling up the DagBag from /home/airflow/.local/lib/python3.12/site-packages/airflow/example_dags/example_dynamic_task_mapping_with_no_taskflow_operators.py
[2025-12-08T07:39:28.410+0000] {processor.py:925} INFO - DAG(s) 'example_dynamic_task_mapping_with_no_taskflow_operators' retrieved from /home/airflow/.local/lib/python3.12/site-packages/airflow/example_dags/example_dynamic_task_mapping_with_no_taskflow_operators.py
[2025-12-08T07:39:28.446+0000] {logging_mixin.py:190} INFO - [2025-12-08T07:39:28.445+0000] {dag.py:3211} INFO - Sync 1 DAGs
[2025-12-08T07:39:28.487+0000] {logging_mixin.py:190} INFO - [2025-12-08T07:39:28.486+0000] {dag.py:4138} INFO - Setting next_dagrun for example_dynamic_task_mapping_with_no_taskflow_operators to 2025-12-07 00:00:00+00:00, run_after=2025-12-08 00:00:00+00:00
[2025-12-08T07:39:28.522+0000] {processor.py:208} INFO - Processing /home/airflow/.local/lib/python3.12/site-packages/airflow/example_dags/example_dynamic_task_mapping_with_no_taskflow_operators.py took 0.147 seconds
[2025-12-08T07:40:00.299+0000] {processor.py:186} INFO - Started process (PID=1754) to work on /home/airflow/.local/lib/python3.12/site-packages/airflow/example_dags/example_dynamic_task_mapping_with_no_taskflow_operators.py
[2025-12-08T07:40:00.302+0000] {processor.py:914} INFO - Processing file /home/airflow/.local/lib/python3.12/site-packages/airflow/example_dags/example_dynamic_task_mapping_with_no_taskflow_operators.py for tasks to queue
[2025-12-08T07:40:00.307+0000] {logging_mixin.py:190} INFO - [2025-12-08T07:40:00.306+0000] {dagbag.py:587} INFO - Filling up the DagBag from /home/airflow/.local/lib/python3.12/site-packages/airflow/example_dags/example_dynamic_task_mapping_with_no_taskflow_operators.py
[2025-12-08T07:40:00.323+0000] {processor.py:925} INFO - DAG(s) 'example_dynamic_task_mapping_with_no_taskflow_operators' retrieved from /home/airflow/.local/lib/python3.12/site-packages/airflow/example_dags/example_dynamic_task_mapping_with_no_taskflow_operators.py
[2025-12-08T07:40:00.363+0000] {logging_mixin.py:190} INFO - [2025-12-08T07:40:00.363+0000] {dag.py:3211} INFO - Sync 1 DAGs
[2025-12-08T07:40:00.407+0000] {logging_mixin.py:190} INFO - [2025-12-08T07:40:00.406+0000] {dag.py:4138} INFO - Setting next_dagrun for example_dynamic_task_mapping_with_no_taskflow_operators to 2025-12-07 00:00:00+00:00, run_after=2025-12-08 00:00:00+00:00
[2025-12-08T07:40:00.456+0000] {processor.py:208} INFO - Processing /home/airflow/.local/lib/python3.12/site-packages/airflow/example_dags/example_dynamic_task_mapping_with_no_taskflow_operators.py took 0.166 seconds
[2025-12-08T07:40:31.776+0000] {processor.py:186} INFO - Started process (PID=1817) to work on /home/airflow/.local/lib/python3.12/site-packages/airflow/example_dags/example_dynamic_task_mapping_with_no_taskflow_operators.py
[2025-12-08T07:40:31.779+0000] {processor.py:914} INFO - Processing file /home/airflow/.local/lib/python3.12/site-packages/airflow/example_dags/example_dynamic_task_mapping_with_no_taskflow_operators.py for tasks to queue
[2025-12-08T07:40:31.786+0000] {logging_mixin.py:190} INFO - [2025-12-08T07:40:31.785+0000] {dagbag.py:587} INFO - Filling up the DagBag from /home/airflow/.local/lib/python3.12/site-packages/airflow/example_dags/example_dynamic_task_mapping_with_no_taskflow_operators.py
[2025-12-08T07:40:31.806+0000] {processor.py:925} INFO - DAG(s) 'example_dynamic_task_mapping_with_no_taskflow_operators' retrieved from /home/airflow/.local/lib/python3.12/site-packages/airflow/example_dags/example_dynamic_task_mapping_with_no_taskflow_operators.py
[2025-12-08T07:40:31.855+0000] {logging_mixin.py:190} INFO - [2025-12-08T07:40:31.853+0000] {dag.py:3211} INFO - Sync 1 DAGs
[2025-12-08T07:40:31.904+0000] {logging_mixin.py:190} INFO - [2025-12-08T07:40:31.904+0000] {dag.py:4138} INFO - Setting next_dagrun for example_dynamic_task_mapping_with_no_taskflow_operators to 2025-12-07 00:00:00+00:00, run_after=2025-12-08 00:00:00+00:00
[2025-12-08T07:40:31.956+0000] {processor.py:208} INFO - Processing /home/airflow/.local/lib/python3.12/site-packages/airflow/example_dags/example_dynamic_task_mapping_with_no_taskflow_operators.py took 0.190 seconds
[2025-12-08T07:41:02.907+0000] {processor.py:186} INFO - Started process (PID=1880) to work on /home/airflow/.local/lib/python3.12/site-packages/airflow/example_dags/example_dynamic_task_mapping_with_no_taskflow_operators.py
[2025-12-08T07:41:02.909+0000] {processor.py:914} INFO - Processing file /home/airflow/.local/lib/python3.12/site-packages/airflow/example_dags/example_dynamic_task_mapping_with_no_taskflow_operators.py for tasks to queue
[2025-12-08T07:41:02.916+0000] {logging_mixin.py:190} INFO - [2025-12-08T07:41:02.915+0000] {dagbag.py:587} INFO - Filling up the DagBag from /home/airflow/.local/lib/python3.12/site-packages/airflow/example_dags/example_dynamic_task_mapping_with_no_taskflow_operators.py
[2025-12-08T07:41:02.939+0000] {processor.py:925} INFO - DAG(s) 'example_dynamic_task_mapping_with_no_taskflow_operators' retrieved from /home/airflow/.local/lib/python3.12/site-packages/airflow/example_dags/example_dynamic_task_mapping_with_no_taskflow_operators.py
[2025-12-08T07:41:02.984+0000] {logging_mixin.py:190} INFO - [2025-12-08T07:41:02.984+0000] {dag.py:3211} INFO - Sync 1 DAGs
[2025-12-08T07:41:03.039+0000] {logging_mixin.py:190} INFO - [2025-12-08T07:41:03.038+0000] {dag.py:4138} INFO - Setting next_dagrun for example_dynamic_task_mapping_with_no_taskflow_operators to 2025-12-07 00:00:00+00:00, run_after=2025-12-08 00:00:00+00:00
[2025-12-08T07:41:03.078+0000] {processor.py:208} INFO - Processing /home/airflow/.local/lib/python3.12/site-packages/airflow/example_dags/example_dynamic_task_mapping_with_no_taskflow_operators.py took 0.183 seconds
[2025-12-08T07:41:33.370+0000] {processor.py:186} INFO - Started process (PID=1943) to work on /home/airflow/.local/lib/python3.12/site-packages/airflow/example_dags/example_dynamic_task_mapping_with_no_taskflow_operators.py
[2025-12-08T07:41:33.373+0000] {processor.py:914} INFO - Processing file /home/airflow/.local/lib/python3.12/site-packages/airflow/example_dags/example_dynamic_task_mapping_with_no_taskflow_operators.py for tasks to queue
[2025-12-08T07:41:33.377+0000] {logging_mixin.py:190} INFO - [2025-12-08T07:41:33.376+0000] {dagbag.py:587} INFO - Filling up the DagBag from /home/airflow/.local/lib/python3.12/site-packages/airflow/example_dags/example_dynamic_task_mapping_with_no_taskflow_operators.py
[2025-12-08T07:41:33.398+0000] {processor.py:925} INFO - DAG(s) 'example_dynamic_task_mapping_with_no_taskflow_operators' retrieved from /home/airflow/.local/lib/python3.12/site-packages/airflow/example_dags/example_dynamic_task_mapping_with_no_taskflow_operators.py
[2025-12-08T07:41:33.444+0000] {logging_mixin.py:190} INFO - [2025-12-08T07:41:33.443+0000] {dag.py:3211} INFO - Sync 1 DAGs
[2025-12-08T07:41:33.508+0000] {logging_mixin.py:190} INFO - [2025-12-08T07:41:33.507+0000] {dag.py:4138} INFO - Setting next_dagrun for example_dynamic_task_mapping_with_no_taskflow_operators to 2025-12-07 00:00:00+00:00, run_after=2025-12-08 00:00:00+00:00
[2025-12-08T07:41:33.558+0000] {processor.py:208} INFO - Processing /home/airflow/.local/lib/python3.12/site-packages/airflow/example_dags/example_dynamic_task_mapping_with_no_taskflow_operators.py took 0.199 seconds
[2025-12-08T07:42:04.621+0000] {processor.py:186} INFO - Started process (PID=2006) to work on /home/airflow/.local/lib/python3.12/site-packages/airflow/example_dags/example_dynamic_task_mapping_with_no_taskflow_operators.py
[2025-12-08T07:42:04.630+0000] {processor.py:914} INFO - Processing file /home/airflow/.local/lib/python3.12/site-packages/airflow/example_dags/example_dynamic_task_mapping_with_no_taskflow_operators.py for tasks to queue
[2025-12-08T07:42:04.640+0000] {logging_mixin.py:190} INFO - [2025-12-08T07:42:04.639+0000] {dagbag.py:587} INFO - Filling up the DagBag from /home/airflow/.local/lib/python3.12/site-packages/airflow/example_dags/example_dynamic_task_mapping_with_no_taskflow_operators.py
[2025-12-08T07:42:04.684+0000] {processor.py:925} INFO - DAG(s) 'example_dynamic_task_mapping_with_no_taskflow_operators' retrieved from /home/airflow/.local/lib/python3.12/site-packages/airflow/example_dags/example_dynamic_task_mapping_with_no_taskflow_operators.py
[2025-12-08T07:42:04.783+0000] {logging_mixin.py:190} INFO - [2025-12-08T07:42:04.783+0000] {dag.py:3211} INFO - Sync 1 DAGs
[2025-12-08T07:42:04.914+0000] {logging_mixin.py:190} INFO - [2025-12-08T07:42:04.914+0000] {dag.py:4138} INFO - Setting next_dagrun for example_dynamic_task_mapping_with_no_taskflow_operators to 2025-12-07 00:00:00+00:00, run_after=2025-12-08 00:00:00+00:00
[2025-12-08T07:42:05.004+0000] {processor.py:208} INFO - Processing /home/airflow/.local/lib/python3.12/site-packages/airflow/example_dags/example_dynamic_task_mapping_with_no_taskflow_operators.py took 0.415 seconds
[2025-12-08T07:42:35.845+0000] {processor.py:186} INFO - Started process (PID=2070) to work on /home/airflow/.local/lib/python3.12/site-packages/airflow/example_dags/example_dynamic_task_mapping_with_no_taskflow_operators.py
[2025-12-08T07:42:35.848+0000] {processor.py:914} INFO - Processing file /home/airflow/.local/lib/python3.12/site-packages/airflow/example_dags/example_dynamic_task_mapping_with_no_taskflow_operators.py for tasks to queue
[2025-12-08T07:42:35.857+0000] {logging_mixin.py:190} INFO - [2025-12-08T07:42:35.855+0000] {dagbag.py:587} INFO - Filling up the DagBag from /home/airflow/.local/lib/python3.12/site-packages/airflow/example_dags/example_dynamic_task_mapping_with_no_taskflow_operators.py
[2025-12-08T07:42:35.883+0000] {processor.py:925} INFO - DAG(s) 'example_dynamic_task_mapping_with_no_taskflow_operators' retrieved from /home/airflow/.local/lib/python3.12/site-packages/airflow/example_dags/example_dynamic_task_mapping_with_no_taskflow_operators.py
[2025-12-08T07:42:35.939+0000] {logging_mixin.py:190} INFO - [2025-12-08T07:42:35.938+0000] {dag.py:3211} INFO - Sync 1 DAGs
[2025-12-08T07:42:35.998+0000] {logging_mixin.py:190} INFO - [2025-12-08T07:42:35.998+0000] {dag.py:4138} INFO - Setting next_dagrun for example_dynamic_task_mapping_with_no_taskflow_operators to 2025-12-07 00:00:00+00:00, run_after=2025-12-08 00:00:00+00:00
[2025-12-08T07:42:36.053+0000] {processor.py:208} INFO - Processing /home/airflow/.local/lib/python3.12/site-packages/airflow/example_dags/example_dynamic_task_mapping_with_no_taskflow_operators.py took 0.222 seconds
[2025-12-08T07:43:06.448+0000] {processor.py:186} INFO - Started process (PID=2132) to work on /home/airflow/.local/lib/python3.12/site-packages/airflow/example_dags/example_dynamic_task_mapping_with_no_taskflow_operators.py
[2025-12-08T07:43:06.450+0000] {processor.py:914} INFO - Processing file /home/airflow/.local/lib/python3.12/site-packages/airflow/example_dags/example_dynamic_task_mapping_with_no_taskflow_operators.py for tasks to queue
[2025-12-08T07:43:06.455+0000] {logging_mixin.py:190} INFO - [2025-12-08T07:43:06.455+0000] {dagbag.py:587} INFO - Filling up the DagBag from /home/airflow/.local/lib/python3.12/site-packages/airflow/example_dags/example_dynamic_task_mapping_with_no_taskflow_operators.py
[2025-12-08T07:43:06.478+0000] {processor.py:925} INFO - DAG(s) 'example_dynamic_task_mapping_with_no_taskflow_operators' retrieved from /home/airflow/.local/lib/python3.12/site-packages/airflow/example_dags/example_dynamic_task_mapping_with_no_taskflow_operators.py
[2025-12-08T07:43:06.524+0000] {logging_mixin.py:190} INFO - [2025-12-08T07:43:06.524+0000] {dag.py:3211} INFO - Sync 1 DAGs
[2025-12-08T07:43:06.573+0000] {logging_mixin.py:190} INFO - [2025-12-08T07:43:06.573+0000] {dag.py:4138} INFO - Setting next_dagrun for example_dynamic_task_mapping_with_no_taskflow_operators to 2025-12-07 00:00:00+00:00, run_after=2025-12-08 00:00:00+00:00
[2025-12-08T07:43:06.617+0000] {processor.py:208} INFO - Processing /home/airflow/.local/lib/python3.12/site-packages/airflow/example_dags/example_dynamic_task_mapping_with_no_taskflow_operators.py took 0.183 seconds
[2025-12-08T07:43:36.719+0000] {processor.py:186} INFO - Started process (PID=2194) to work on /home/airflow/.local/lib/python3.12/site-packages/airflow/example_dags/example_dynamic_task_mapping_with_no_taskflow_operators.py
[2025-12-08T07:43:36.722+0000] {processor.py:914} INFO - Processing file /home/airflow/.local/lib/python3.12/site-packages/airflow/example_dags/example_dynamic_task_mapping_with_no_taskflow_operators.py for tasks to queue
[2025-12-08T07:43:36.728+0000] {logging_mixin.py:190} INFO - [2025-12-08T07:43:36.727+0000] {dagbag.py:587} INFO - Filling up the DagBag from /home/airflow/.local/lib/python3.12/site-packages/airflow/example_dags/example_dynamic_task_mapping_with_no_taskflow_operators.py
[2025-12-08T07:43:36.768+0000] {processor.py:925} INFO - DAG(s) 'example_dynamic_task_mapping_with_no_taskflow_operators' retrieved from /home/airflow/.local/lib/python3.12/site-packages/airflow/example_dags/example_dynamic_task_mapping_with_no_taskflow_operators.py
[2025-12-08T07:43:36.822+0000] {logging_mixin.py:190} INFO - [2025-12-08T07:43:36.822+0000] {dag.py:3211} INFO - Sync 1 DAGs
[2025-12-08T07:43:36.870+0000] {logging_mixin.py:190} INFO - [2025-12-08T07:43:36.870+0000] {dag.py:4138} INFO - Setting next_dagrun for example_dynamic_task_mapping_with_no_taskflow_operators to 2025-12-07 00:00:00+00:00, run_after=2025-12-08 00:00:00+00:00
[2025-12-08T07:43:36.916+0000] {processor.py:208} INFO - Processing /home/airflow/.local/lib/python3.12/site-packages/airflow/example_dags/example_dynamic_task_mapping_with_no_taskflow_operators.py took 0.212 seconds
[2025-12-08T07:44:07.180+0000] {processor.py:186} INFO - Started process (PID=2257) to work on /home/airflow/.local/lib/python3.12/site-packages/airflow/example_dags/example_dynamic_task_mapping_with_no_taskflow_operators.py
[2025-12-08T07:44:07.183+0000] {processor.py:914} INFO - Processing file /home/airflow/.local/lib/python3.12/site-packages/airflow/example_dags/example_dynamic_task_mapping_with_no_taskflow_operators.py for tasks to queue
[2025-12-08T07:44:07.189+0000] {logging_mixin.py:190} INFO - [2025-12-08T07:44:07.189+0000] {dagbag.py:587} INFO - Filling up the DagBag from /home/airflow/.local/lib/python3.12/site-packages/airflow/example_dags/example_dynamic_task_mapping_with_no_taskflow_operators.py
[2025-12-08T07:44:07.207+0000] {processor.py:925} INFO - DAG(s) 'example_dynamic_task_mapping_with_no_taskflow_operators' retrieved from /home/airflow/.local/lib/python3.12/site-packages/airflow/example_dags/example_dynamic_task_mapping_with_no_taskflow_operators.py
[2025-12-08T07:44:07.254+0000] {logging_mixin.py:190} INFO - [2025-12-08T07:44:07.254+0000] {dag.py:3211} INFO - Sync 1 DAGs
[2025-12-08T07:44:07.304+0000] {logging_mixin.py:190} INFO - [2025-12-08T07:44:07.303+0000] {dag.py:4138} INFO - Setting next_dagrun for example_dynamic_task_mapping_with_no_taskflow_operators to 2025-12-07 00:00:00+00:00, run_after=2025-12-08 00:00:00+00:00
[2025-12-08T07:44:07.354+0000] {processor.py:208} INFO - Processing /home/airflow/.local/lib/python3.12/site-packages/airflow/example_dags/example_dynamic_task_mapping_with_no_taskflow_operators.py took 0.186 seconds
[2025-12-08T07:44:38.017+0000] {processor.py:186} INFO - Started process (PID=2320) to work on /home/airflow/.local/lib/python3.12/site-packages/airflow/example_dags/example_dynamic_task_mapping_with_no_taskflow_operators.py
[2025-12-08T07:44:38.020+0000] {processor.py:914} INFO - Processing file /home/airflow/.local/lib/python3.12/site-packages/airflow/example_dags/example_dynamic_task_mapping_with_no_taskflow_operators.py for tasks to queue
[2025-12-08T07:44:38.025+0000] {logging_mixin.py:190} INFO - [2025-12-08T07:44:38.025+0000] {dagbag.py:587} INFO - Filling up the DagBag from /home/airflow/.local/lib/python3.12/site-packages/airflow/example_dags/example_dynamic_task_mapping_with_no_taskflow_operators.py
[2025-12-08T07:44:38.050+0000] {processor.py:925} INFO - DAG(s) 'example_dynamic_task_mapping_with_no_taskflow_operators' retrieved from /home/airflow/.local/lib/python3.12/site-packages/airflow/example_dags/example_dynamic_task_mapping_with_no_taskflow_operators.py
[2025-12-08T07:44:38.099+0000] {logging_mixin.py:190} INFO - [2025-12-08T07:44:38.099+0000] {dag.py:3211} INFO - Sync 1 DAGs
[2025-12-08T07:44:38.169+0000] {logging_mixin.py:190} INFO - [2025-12-08T07:44:38.169+0000] {dag.py:4138} INFO - Setting next_dagrun for example_dynamic_task_mapping_with_no_taskflow_operators to 2025-12-07 00:00:00+00:00, run_after=2025-12-08 00:00:00+00:00
[2025-12-08T07:44:38.228+0000] {processor.py:208} INFO - Processing /home/airflow/.local/lib/python3.12/site-packages/airflow/example_dags/example_dynamic_task_mapping_with_no_taskflow_operators.py took 0.222 seconds
[2025-12-08T07:45:08.492+0000] {processor.py:186} INFO - Started process (PID=2383) to work on /home/airflow/.local/lib/python3.12/site-packages/airflow/example_dags/example_dynamic_task_mapping_with_no_taskflow_operators.py
[2025-12-08T07:45:08.496+0000] {processor.py:914} INFO - Processing file /home/airflow/.local/lib/python3.12/site-packages/airflow/example_dags/example_dynamic_task_mapping_with_no_taskflow_operators.py for tasks to queue
[2025-12-08T07:45:08.504+0000] {logging_mixin.py:190} INFO - [2025-12-08T07:45:08.503+0000] {dagbag.py:587} INFO - Filling up the DagBag from /home/airflow/.local/lib/python3.12/site-packages/airflow/example_dags/example_dynamic_task_mapping_with_no_taskflow_operators.py
[2025-12-08T07:45:08.521+0000] {processor.py:925} INFO - DAG(s) 'example_dynamic_task_mapping_with_no_taskflow_operators' retrieved from /home/airflow/.local/lib/python3.12/site-packages/airflow/example_dags/example_dynamic_task_mapping_with_no_taskflow_operators.py
[2025-12-08T07:45:08.569+0000] {logging_mixin.py:190} INFO - [2025-12-08T07:45:08.568+0000] {dag.py:3211} INFO - Sync 1 DAGs
[2025-12-08T07:45:08.618+0000] {logging_mixin.py:190} INFO - [2025-12-08T07:45:08.617+0000] {dag.py:4138} INFO - Setting next_dagrun for example_dynamic_task_mapping_with_no_taskflow_operators to 2025-12-07 00:00:00+00:00, run_after=2025-12-08 00:00:00+00:00
[2025-12-08T07:45:08.667+0000] {processor.py:208} INFO - Processing /home/airflow/.local/lib/python3.12/site-packages/airflow/example_dags/example_dynamic_task_mapping_with_no_taskflow_operators.py took 0.185 seconds
[2025-12-08T07:45:38.771+0000] {processor.py:186} INFO - Started process (PID=2451) to work on /home/airflow/.local/lib/python3.12/site-packages/airflow/example_dags/example_dynamic_task_mapping_with_no_taskflow_operators.py
[2025-12-08T07:45:38.775+0000] {processor.py:914} INFO - Processing file /home/airflow/.local/lib/python3.12/site-packages/airflow/example_dags/example_dynamic_task_mapping_with_no_taskflow_operators.py for tasks to queue
[2025-12-08T07:45:38.782+0000] {logging_mixin.py:190} INFO - [2025-12-08T07:45:38.781+0000] {dagbag.py:587} INFO - Filling up the DagBag from /home/airflow/.local/lib/python3.12/site-packages/airflow/example_dags/example_dynamic_task_mapping_with_no_taskflow_operators.py
[2025-12-08T07:45:38.807+0000] {processor.py:925} INFO - DAG(s) 'example_dynamic_task_mapping_with_no_taskflow_operators' retrieved from /home/airflow/.local/lib/python3.12/site-packages/airflow/example_dags/example_dynamic_task_mapping_with_no_taskflow_operators.py
[2025-12-08T07:45:38.862+0000] {logging_mixin.py:190} INFO - [2025-12-08T07:45:38.862+0000] {dag.py:3211} INFO - Sync 1 DAGs
[2025-12-08T07:45:38.912+0000] {logging_mixin.py:190} INFO - [2025-12-08T07:45:38.912+0000] {dag.py:4138} INFO - Setting next_dagrun for example_dynamic_task_mapping_with_no_taskflow_operators to 2025-12-07 00:00:00+00:00, run_after=2025-12-08 00:00:00+00:00
[2025-12-08T07:45:38.951+0000] {processor.py:208} INFO - Processing /home/airflow/.local/lib/python3.12/site-packages/airflow/example_dags/example_dynamic_task_mapping_with_no_taskflow_operators.py took 0.191 seconds
[2025-12-08T07:46:09.423+0000] {processor.py:186} INFO - Started process (PID=2514) to work on /home/airflow/.local/lib/python3.12/site-packages/airflow/example_dags/example_dynamic_task_mapping_with_no_taskflow_operators.py
[2025-12-08T07:46:09.425+0000] {processor.py:914} INFO - Processing file /home/airflow/.local/lib/python3.12/site-packages/airflow/example_dags/example_dynamic_task_mapping_with_no_taskflow_operators.py for tasks to queue
[2025-12-08T07:46:09.431+0000] {logging_mixin.py:190} INFO - [2025-12-08T07:46:09.431+0000] {dagbag.py:587} INFO - Filling up the DagBag from /home/airflow/.local/lib/python3.12/site-packages/airflow/example_dags/example_dynamic_task_mapping_with_no_taskflow_operators.py
[2025-12-08T07:46:09.452+0000] {processor.py:925} INFO - DAG(s) 'example_dynamic_task_mapping_with_no_taskflow_operators' retrieved from /home/airflow/.local/lib/python3.12/site-packages/airflow/example_dags/example_dynamic_task_mapping_with_no_taskflow_operators.py
[2025-12-08T07:46:09.495+0000] {logging_mixin.py:190} INFO - [2025-12-08T07:46:09.495+0000] {dag.py:3211} INFO - Sync 1 DAGs
[2025-12-08T07:46:09.546+0000] {logging_mixin.py:190} INFO - [2025-12-08T07:46:09.545+0000] {dag.py:4138} INFO - Setting next_dagrun for example_dynamic_task_mapping_with_no_taskflow_operators to 2025-12-07 00:00:00+00:00, run_after=2025-12-08 00:00:00+00:00
[2025-12-08T07:46:09.591+0000] {processor.py:208} INFO - Processing /home/airflow/.local/lib/python3.12/site-packages/airflow/example_dags/example_dynamic_task_mapping_with_no_taskflow_operators.py took 0.181 seconds
[2025-12-08T07:46:40.026+0000] {processor.py:186} INFO - Started process (PID=2577) to work on /home/airflow/.local/lib/python3.12/site-packages/airflow/example_dags/example_dynamic_task_mapping_with_no_taskflow_operators.py
[2025-12-08T07:46:40.030+0000] {processor.py:914} INFO - Processing file /home/airflow/.local/lib/python3.12/site-packages/airflow/example_dags/example_dynamic_task_mapping_with_no_taskflow_operators.py for tasks to queue
[2025-12-08T07:46:40.036+0000] {logging_mixin.py:190} INFO - [2025-12-08T07:46:40.036+0000] {dagbag.py:587} INFO - Filling up the DagBag from /home/airflow/.local/lib/python3.12/site-packages/airflow/example_dags/example_dynamic_task_mapping_with_no_taskflow_operators.py
[2025-12-08T07:46:40.060+0000] {processor.py:925} INFO - DAG(s) 'example_dynamic_task_mapping_with_no_taskflow_operators' retrieved from /home/airflow/.local/lib/python3.12/site-packages/airflow/example_dags/example_dynamic_task_mapping_with_no_taskflow_operators.py
[2025-12-08T07:46:40.120+0000] {logging_mixin.py:190} INFO - [2025-12-08T07:46:40.119+0000] {dag.py:3211} INFO - Sync 1 DAGs
[2025-12-08T07:46:40.171+0000] {logging_mixin.py:190} INFO - [2025-12-08T07:46:40.170+0000] {dag.py:4138} INFO - Setting next_dagrun for example_dynamic_task_mapping_with_no_taskflow_operators to 2025-12-07 00:00:00+00:00, run_after=2025-12-08 00:00:00+00:00
[2025-12-08T07:46:40.214+0000] {processor.py:208} INFO - Processing /home/airflow/.local/lib/python3.12/site-packages/airflow/example_dags/example_dynamic_task_mapping_with_no_taskflow_operators.py took 0.203 seconds
[2025-12-08T07:47:10.854+0000] {processor.py:186} INFO - Started process (PID=2640) to work on /home/airflow/.local/lib/python3.12/site-packages/airflow/example_dags/example_dynamic_task_mapping_with_no_taskflow_operators.py
[2025-12-08T07:47:10.857+0000] {processor.py:914} INFO - Processing file /home/airflow/.local/lib/python3.12/site-packages/airflow/example_dags/example_dynamic_task_mapping_with_no_taskflow_operators.py for tasks to queue
[2025-12-08T07:47:10.862+0000] {logging_mixin.py:190} INFO - [2025-12-08T07:47:10.861+0000] {dagbag.py:587} INFO - Filling up the DagBag from /home/airflow/.local/lib/python3.12/site-packages/airflow/example_dags/example_dynamic_task_mapping_with_no_taskflow_operators.py
[2025-12-08T07:47:10.884+0000] {processor.py:925} INFO - DAG(s) 'example_dynamic_task_mapping_with_no_taskflow_operators' retrieved from /home/airflow/.local/lib/python3.12/site-packages/airflow/example_dags/example_dynamic_task_mapping_with_no_taskflow_operators.py
[2025-12-08T07:47:10.928+0000] {logging_mixin.py:190} INFO - [2025-12-08T07:47:10.928+0000] {dag.py:3211} INFO - Sync 1 DAGs
[2025-12-08T07:47:10.978+0000] {logging_mixin.py:190} INFO - [2025-12-08T07:47:10.978+0000] {dag.py:4138} INFO - Setting next_dagrun for example_dynamic_task_mapping_with_no_taskflow_operators to 2025-12-07 00:00:00+00:00, run_after=2025-12-08 00:00:00+00:00
[2025-12-08T07:47:11.022+0000] {processor.py:208} INFO - Processing /home/airflow/.local/lib/python3.12/site-packages/airflow/example_dags/example_dynamic_task_mapping_with_no_taskflow_operators.py took 0.184 seconds
[2025-12-08T07:47:41.404+0000] {processor.py:186} INFO - Started process (PID=2703) to work on /home/airflow/.local/lib/python3.12/site-packages/airflow/example_dags/example_dynamic_task_mapping_with_no_taskflow_operators.py
[2025-12-08T07:47:41.407+0000] {processor.py:914} INFO - Processing file /home/airflow/.local/lib/python3.12/site-packages/airflow/example_dags/example_dynamic_task_mapping_with_no_taskflow_operators.py for tasks to queue
[2025-12-08T07:47:41.413+0000] {logging_mixin.py:190} INFO - [2025-12-08T07:47:41.412+0000] {dagbag.py:587} INFO - Filling up the DagBag from /home/airflow/.local/lib/python3.12/site-packages/airflow/example_dags/example_dynamic_task_mapping_with_no_taskflow_operators.py
[2025-12-08T07:47:41.437+0000] {processor.py:925} INFO - DAG(s) 'example_dynamic_task_mapping_with_no_taskflow_operators' retrieved from /home/airflow/.local/lib/python3.12/site-packages/airflow/example_dags/example_dynamic_task_mapping_with_no_taskflow_operators.py
[2025-12-08T07:47:41.486+0000] {logging_mixin.py:190} INFO - [2025-12-08T07:47:41.486+0000] {dag.py:3211} INFO - Sync 1 DAGs
[2025-12-08T07:47:41.543+0000] {logging_mixin.py:190} INFO - [2025-12-08T07:47:41.543+0000] {dag.py:4138} INFO - Setting next_dagrun for example_dynamic_task_mapping_with_no_taskflow_operators to 2025-12-07 00:00:00+00:00, run_after=2025-12-08 00:00:00+00:00
[2025-12-08T07:47:41.597+0000] {processor.py:208} INFO - Processing /home/airflow/.local/lib/python3.12/site-packages/airflow/example_dags/example_dynamic_task_mapping_with_no_taskflow_operators.py took 0.205 seconds
[2025-12-08T07:48:11.968+0000] {processor.py:186} INFO - Started process (PID=2766) to work on /home/airflow/.local/lib/python3.12/site-packages/airflow/example_dags/example_dynamic_task_mapping_with_no_taskflow_operators.py
[2025-12-08T07:48:11.974+0000] {processor.py:914} INFO - Processing file /home/airflow/.local/lib/python3.12/site-packages/airflow/example_dags/example_dynamic_task_mapping_with_no_taskflow_operators.py for tasks to queue
[2025-12-08T07:48:11.980+0000] {logging_mixin.py:190} INFO - [2025-12-08T07:48:11.979+0000] {dagbag.py:587} INFO - Filling up the DagBag from /home/airflow/.local/lib/python3.12/site-packages/airflow/example_dags/example_dynamic_task_mapping_with_no_taskflow_operators.py
[2025-12-08T07:48:11.999+0000] {processor.py:925} INFO - DAG(s) 'example_dynamic_task_mapping_with_no_taskflow_operators' retrieved from /home/airflow/.local/lib/python3.12/site-packages/airflow/example_dags/example_dynamic_task_mapping_with_no_taskflow_operators.py
[2025-12-08T07:48:12.048+0000] {logging_mixin.py:190} INFO - [2025-12-08T07:48:12.047+0000] {dag.py:3211} INFO - Sync 1 DAGs
[2025-12-08T07:48:12.097+0000] {logging_mixin.py:190} INFO - [2025-12-08T07:48:12.096+0000] {dag.py:4138} INFO - Setting next_dagrun for example_dynamic_task_mapping_with_no_taskflow_operators to 2025-12-07 00:00:00+00:00, run_after=2025-12-08 00:00:00+00:00
[2025-12-08T07:48:12.138+0000] {processor.py:208} INFO - Processing /home/airflow/.local/lib/python3.12/site-packages/airflow/example_dags/example_dynamic_task_mapping_with_no_taskflow_operators.py took 0.187 seconds
[2025-12-08T07:48:42.365+0000] {processor.py:186} INFO - Started process (PID=2829) to work on /home/airflow/.local/lib/python3.12/site-packages/airflow/example_dags/example_dynamic_task_mapping_with_no_taskflow_operators.py
[2025-12-08T07:48:42.367+0000] {processor.py:914} INFO - Processing file /home/airflow/.local/lib/python3.12/site-packages/airflow/example_dags/example_dynamic_task_mapping_with_no_taskflow_operators.py for tasks to queue
[2025-12-08T07:48:42.370+0000] {logging_mixin.py:190} INFO - [2025-12-08T07:48:42.370+0000] {dagbag.py:587} INFO - Filling up the DagBag from /home/airflow/.local/lib/python3.12/site-packages/airflow/example_dags/example_dynamic_task_mapping_with_no_taskflow_operators.py
[2025-12-08T07:48:42.382+0000] {processor.py:925} INFO - DAG(s) 'example_dynamic_task_mapping_with_no_taskflow_operators' retrieved from /home/airflow/.local/lib/python3.12/site-packages/airflow/example_dags/example_dynamic_task_mapping_with_no_taskflow_operators.py
[2025-12-08T07:48:42.411+0000] {logging_mixin.py:190} INFO - [2025-12-08T07:48:42.410+0000] {dag.py:3211} INFO - Sync 1 DAGs
[2025-12-08T07:48:42.435+0000] {logging_mixin.py:190} INFO - [2025-12-08T07:48:42.435+0000] {dag.py:4138} INFO - Setting next_dagrun for example_dynamic_task_mapping_with_no_taskflow_operators to 2025-12-07 00:00:00+00:00, run_after=2025-12-08 00:00:00+00:00
[2025-12-08T07:48:42.463+0000] {processor.py:208} INFO - Processing /home/airflow/.local/lib/python3.12/site-packages/airflow/example_dags/example_dynamic_task_mapping_with_no_taskflow_operators.py took 0.108 seconds
[2025-12-08T07:49:13.123+0000] {processor.py:186} INFO - Started process (PID=2892) to work on /home/airflow/.local/lib/python3.12/site-packages/airflow/example_dags/example_dynamic_task_mapping_with_no_taskflow_operators.py
[2025-12-08T07:49:13.126+0000] {processor.py:914} INFO - Processing file /home/airflow/.local/lib/python3.12/site-packages/airflow/example_dags/example_dynamic_task_mapping_with_no_taskflow_operators.py for tasks to queue
[2025-12-08T07:49:13.132+0000] {logging_mixin.py:190} INFO - [2025-12-08T07:49:13.131+0000] {dagbag.py:587} INFO - Filling up the DagBag from /home/airflow/.local/lib/python3.12/site-packages/airflow/example_dags/example_dynamic_task_mapping_with_no_taskflow_operators.py
[2025-12-08T07:49:13.156+0000] {processor.py:925} INFO - DAG(s) 'example_dynamic_task_mapping_with_no_taskflow_operators' retrieved from /home/airflow/.local/lib/python3.12/site-packages/airflow/example_dags/example_dynamic_task_mapping_with_no_taskflow_operators.py
[2025-12-08T07:49:13.200+0000] {logging_mixin.py:190} INFO - [2025-12-08T07:49:13.200+0000] {dag.py:3211} INFO - Sync 1 DAGs
[2025-12-08T07:49:13.755+0000] {logging_mixin.py:190} INFO - [2025-12-08T07:49:13.754+0000] {dag.py:4138} INFO - Setting next_dagrun for example_dynamic_task_mapping_with_no_taskflow_operators to 2025-12-07 00:00:00+00:00, run_after=2025-12-08 00:00:00+00:00
[2025-12-08T07:49:13.795+0000] {processor.py:208} INFO - Processing /home/airflow/.local/lib/python3.12/site-packages/airflow/example_dags/example_dynamic_task_mapping_with_no_taskflow_operators.py took 0.685 seconds
[2025-12-08T07:49:44.228+0000] {processor.py:186} INFO - Started process (PID=2955) to work on /home/airflow/.local/lib/python3.12/site-packages/airflow/example_dags/example_dynamic_task_mapping_with_no_taskflow_operators.py
[2025-12-08T07:49:44.230+0000] {processor.py:914} INFO - Processing file /home/airflow/.local/lib/python3.12/site-packages/airflow/example_dags/example_dynamic_task_mapping_with_no_taskflow_operators.py for tasks to queue
[2025-12-08T07:49:44.234+0000] {logging_mixin.py:190} INFO - [2025-12-08T07:49:44.234+0000] {dagbag.py:587} INFO - Filling up the DagBag from /home/airflow/.local/lib/python3.12/site-packages/airflow/example_dags/example_dynamic_task_mapping_with_no_taskflow_operators.py
[2025-12-08T07:49:44.253+0000] {processor.py:925} INFO - DAG(s) 'example_dynamic_task_mapping_with_no_taskflow_operators' retrieved from /home/airflow/.local/lib/python3.12/site-packages/airflow/example_dags/example_dynamic_task_mapping_with_no_taskflow_operators.py
[2025-12-08T07:49:44.288+0000] {logging_mixin.py:190} INFO - [2025-12-08T07:49:44.287+0000] {dag.py:3211} INFO - Sync 1 DAGs
[2025-12-08T07:49:44.674+0000] {logging_mixin.py:190} INFO - [2025-12-08T07:49:44.674+0000] {dag.py:4138} INFO - Setting next_dagrun for example_dynamic_task_mapping_with_no_taskflow_operators to 2025-12-07 00:00:00+00:00, run_after=2025-12-08 00:00:00+00:00
[2025-12-08T07:49:44.715+0000] {processor.py:208} INFO - Processing /home/airflow/.local/lib/python3.12/site-packages/airflow/example_dags/example_dynamic_task_mapping_with_no_taskflow_operators.py took 0.423 seconds
[2025-12-08T07:50:14.887+0000] {processor.py:186} INFO - Started process (PID=3018) to work on /home/airflow/.local/lib/python3.12/site-packages/airflow/example_dags/example_dynamic_task_mapping_with_no_taskflow_operators.py
[2025-12-08T07:50:14.890+0000] {processor.py:914} INFO - Processing file /home/airflow/.local/lib/python3.12/site-packages/airflow/example_dags/example_dynamic_task_mapping_with_no_taskflow_operators.py for tasks to queue
[2025-12-08T07:50:14.896+0000] {logging_mixin.py:190} INFO - [2025-12-08T07:50:14.895+0000] {dagbag.py:587} INFO - Filling up the DagBag from /home/airflow/.local/lib/python3.12/site-packages/airflow/example_dags/example_dynamic_task_mapping_with_no_taskflow_operators.py
[2025-12-08T07:50:14.925+0000] {processor.py:925} INFO - DAG(s) 'example_dynamic_task_mapping_with_no_taskflow_operators' retrieved from /home/airflow/.local/lib/python3.12/site-packages/airflow/example_dags/example_dynamic_task_mapping_with_no_taskflow_operators.py
[2025-12-08T07:50:14.980+0000] {logging_mixin.py:190} INFO - [2025-12-08T07:50:14.979+0000] {dag.py:3211} INFO - Sync 1 DAGs
[2025-12-08T07:50:15.041+0000] {logging_mixin.py:190} INFO - [2025-12-08T07:50:15.040+0000] {dag.py:4138} INFO - Setting next_dagrun for example_dynamic_task_mapping_with_no_taskflow_operators to 2025-12-07 00:00:00+00:00, run_after=2025-12-08 00:00:00+00:00
[2025-12-08T07:50:15.426+0000] {processor.py:208} INFO - Processing /home/airflow/.local/lib/python3.12/site-packages/airflow/example_dags/example_dynamic_task_mapping_with_no_taskflow_operators.py took 0.549 seconds
[2025-12-08T07:50:45.597+0000] {processor.py:186} INFO - Started process (PID=3080) to work on /home/airflow/.local/lib/python3.12/site-packages/airflow/example_dags/example_dynamic_task_mapping_with_no_taskflow_operators.py
[2025-12-08T07:50:45.600+0000] {processor.py:914} INFO - Processing file /home/airflow/.local/lib/python3.12/site-packages/airflow/example_dags/example_dynamic_task_mapping_with_no_taskflow_operators.py for tasks to queue
[2025-12-08T07:50:45.606+0000] {logging_mixin.py:190} INFO - [2025-12-08T07:50:45.605+0000] {dagbag.py:587} INFO - Filling up the DagBag from /home/airflow/.local/lib/python3.12/site-packages/airflow/example_dags/example_dynamic_task_mapping_with_no_taskflow_operators.py
[2025-12-08T07:50:45.627+0000] {processor.py:925} INFO - DAG(s) 'example_dynamic_task_mapping_with_no_taskflow_operators' retrieved from /home/airflow/.local/lib/python3.12/site-packages/airflow/example_dags/example_dynamic_task_mapping_with_no_taskflow_operators.py
[2025-12-08T07:50:45.668+0000] {logging_mixin.py:190} INFO - [2025-12-08T07:50:45.667+0000] {dag.py:3211} INFO - Sync 1 DAGs
[2025-12-08T07:50:45.710+0000] {logging_mixin.py:190} INFO - [2025-12-08T07:50:45.709+0000] {dag.py:4138} INFO - Setting next_dagrun for example_dynamic_task_mapping_with_no_taskflow_operators to 2025-12-07 00:00:00+00:00, run_after=2025-12-08 00:00:00+00:00
[2025-12-08T07:50:45.750+0000] {processor.py:208} INFO - Processing /home/airflow/.local/lib/python3.12/site-packages/airflow/example_dags/example_dynamic_task_mapping_with_no_taskflow_operators.py took 0.162 seconds
[2025-12-08T07:51:16.397+0000] {processor.py:186} INFO - Started process (PID=3144) to work on /home/airflow/.local/lib/python3.12/site-packages/airflow/example_dags/example_dynamic_task_mapping_with_no_taskflow_operators.py
[2025-12-08T07:51:16.399+0000] {processor.py:914} INFO - Processing file /home/airflow/.local/lib/python3.12/site-packages/airflow/example_dags/example_dynamic_task_mapping_with_no_taskflow_operators.py for tasks to queue
[2025-12-08T07:51:16.403+0000] {logging_mixin.py:190} INFO - [2025-12-08T07:51:16.403+0000] {dagbag.py:587} INFO - Filling up the DagBag from /home/airflow/.local/lib/python3.12/site-packages/airflow/example_dags/example_dynamic_task_mapping_with_no_taskflow_operators.py
[2025-12-08T07:51:16.416+0000] {processor.py:925} INFO - DAG(s) 'example_dynamic_task_mapping_with_no_taskflow_operators' retrieved from /home/airflow/.local/lib/python3.12/site-packages/airflow/example_dags/example_dynamic_task_mapping_with_no_taskflow_operators.py
[2025-12-08T07:51:16.444+0000] {logging_mixin.py:190} INFO - [2025-12-08T07:51:16.444+0000] {dag.py:3211} INFO - Sync 1 DAGs
[2025-12-08T07:51:16.477+0000] {logging_mixin.py:190} INFO - [2025-12-08T07:51:16.477+0000] {dag.py:4138} INFO - Setting next_dagrun for example_dynamic_task_mapping_with_no_taskflow_operators to 2025-12-07 00:00:00+00:00, run_after=2025-12-08 00:00:00+00:00
[2025-12-08T07:51:16.505+0000] {processor.py:208} INFO - Processing /home/airflow/.local/lib/python3.12/site-packages/airflow/example_dags/example_dynamic_task_mapping_with_no_taskflow_operators.py took 0.117 seconds
[2025-12-08T07:51:47.283+0000] {processor.py:186} INFO - Started process (PID=3207) to work on /home/airflow/.local/lib/python3.12/site-packages/airflow/example_dags/example_dynamic_task_mapping_with_no_taskflow_operators.py
[2025-12-08T07:51:47.286+0000] {processor.py:914} INFO - Processing file /home/airflow/.local/lib/python3.12/site-packages/airflow/example_dags/example_dynamic_task_mapping_with_no_taskflow_operators.py for tasks to queue
[2025-12-08T07:51:47.289+0000] {logging_mixin.py:190} INFO - [2025-12-08T07:51:47.289+0000] {dagbag.py:587} INFO - Filling up the DagBag from /home/airflow/.local/lib/python3.12/site-packages/airflow/example_dags/example_dynamic_task_mapping_with_no_taskflow_operators.py
[2025-12-08T07:51:47.299+0000] {processor.py:925} INFO - DAG(s) 'example_dynamic_task_mapping_with_no_taskflow_operators' retrieved from /home/airflow/.local/lib/python3.12/site-packages/airflow/example_dags/example_dynamic_task_mapping_with_no_taskflow_operators.py
[2025-12-08T07:51:47.324+0000] {logging_mixin.py:190} INFO - [2025-12-08T07:51:47.324+0000] {dag.py:3211} INFO - Sync 1 DAGs
[2025-12-08T07:51:47.348+0000] {logging_mixin.py:190} INFO - [2025-12-08T07:51:47.348+0000] {dag.py:4138} INFO - Setting next_dagrun for example_dynamic_task_mapping_with_no_taskflow_operators to 2025-12-07 00:00:00+00:00, run_after=2025-12-08 00:00:00+00:00
[2025-12-08T07:51:47.377+0000] {processor.py:208} INFO - Processing /home/airflow/.local/lib/python3.12/site-packages/airflow/example_dags/example_dynamic_task_mapping_with_no_taskflow_operators.py took 0.099 seconds
[2025-12-08T07:52:17.814+0000] {processor.py:186} INFO - Started process (PID=3270) to work on /home/airflow/.local/lib/python3.12/site-packages/airflow/example_dags/example_dynamic_task_mapping_with_no_taskflow_operators.py
[2025-12-08T07:52:17.815+0000] {processor.py:914} INFO - Processing file /home/airflow/.local/lib/python3.12/site-packages/airflow/example_dags/example_dynamic_task_mapping_with_no_taskflow_operators.py for tasks to queue
[2025-12-08T07:52:17.819+0000] {logging_mixin.py:190} INFO - [2025-12-08T07:52:17.818+0000] {dagbag.py:587} INFO - Filling up the DagBag from /home/airflow/.local/lib/python3.12/site-packages/airflow/example_dags/example_dynamic_task_mapping_with_no_taskflow_operators.py
[2025-12-08T07:52:17.829+0000] {processor.py:925} INFO - DAG(s) 'example_dynamic_task_mapping_with_no_taskflow_operators' retrieved from /home/airflow/.local/lib/python3.12/site-packages/airflow/example_dags/example_dynamic_task_mapping_with_no_taskflow_operators.py
[2025-12-08T07:52:17.853+0000] {logging_mixin.py:190} INFO - [2025-12-08T07:52:17.853+0000] {dag.py:3211} INFO - Sync 1 DAGs
[2025-12-08T07:52:17.879+0000] {logging_mixin.py:190} INFO - [2025-12-08T07:52:17.878+0000] {dag.py:4138} INFO - Setting next_dagrun for example_dynamic_task_mapping_with_no_taskflow_operators to 2025-12-07 00:00:00+00:00, run_after=2025-12-08 00:00:00+00:00
[2025-12-08T07:52:17.909+0000] {processor.py:208} INFO - Processing /home/airflow/.local/lib/python3.12/site-packages/airflow/example_dags/example_dynamic_task_mapping_with_no_taskflow_operators.py took 0.103 seconds
[2025-12-08T07:52:48.433+0000] {processor.py:186} INFO - Started process (PID=3333) to work on /home/airflow/.local/lib/python3.12/site-packages/airflow/example_dags/example_dynamic_task_mapping_with_no_taskflow_operators.py
[2025-12-08T07:52:48.435+0000] {processor.py:914} INFO - Processing file /home/airflow/.local/lib/python3.12/site-packages/airflow/example_dags/example_dynamic_task_mapping_with_no_taskflow_operators.py for tasks to queue
[2025-12-08T07:52:48.439+0000] {logging_mixin.py:190} INFO - [2025-12-08T07:52:48.438+0000] {dagbag.py:587} INFO - Filling up the DagBag from /home/airflow/.local/lib/python3.12/site-packages/airflow/example_dags/example_dynamic_task_mapping_with_no_taskflow_operators.py
[2025-12-08T07:52:48.457+0000] {processor.py:925} INFO - DAG(s) 'example_dynamic_task_mapping_with_no_taskflow_operators' retrieved from /home/airflow/.local/lib/python3.12/site-packages/airflow/example_dags/example_dynamic_task_mapping_with_no_taskflow_operators.py
[2025-12-08T07:52:48.489+0000] {logging_mixin.py:190} INFO - [2025-12-08T07:52:48.489+0000] {dag.py:3211} INFO - Sync 1 DAGs
[2025-12-08T07:52:48.521+0000] {logging_mixin.py:190} INFO - [2025-12-08T07:52:48.521+0000] {dag.py:4138} INFO - Setting next_dagrun for example_dynamic_task_mapping_with_no_taskflow_operators to 2025-12-07 00:00:00+00:00, run_after=2025-12-08 00:00:00+00:00
[2025-12-08T07:52:48.551+0000] {processor.py:208} INFO - Processing /home/airflow/.local/lib/python3.12/site-packages/airflow/example_dags/example_dynamic_task_mapping_with_no_taskflow_operators.py took 0.127 seconds
[2025-12-08T07:53:19.127+0000] {processor.py:186} INFO - Started process (PID=3396) to work on /home/airflow/.local/lib/python3.12/site-packages/airflow/example_dags/example_dynamic_task_mapping_with_no_taskflow_operators.py
[2025-12-08T07:53:19.130+0000] {processor.py:914} INFO - Processing file /home/airflow/.local/lib/python3.12/site-packages/airflow/example_dags/example_dynamic_task_mapping_with_no_taskflow_operators.py for tasks to queue
[2025-12-08T07:53:19.143+0000] {logging_mixin.py:190} INFO - [2025-12-08T07:53:19.139+0000] {dagbag.py:587} INFO - Filling up the DagBag from /home/airflow/.local/lib/python3.12/site-packages/airflow/example_dags/example_dynamic_task_mapping_with_no_taskflow_operators.py
[2025-12-08T07:53:19.161+0000] {processor.py:925} INFO - DAG(s) 'example_dynamic_task_mapping_with_no_taskflow_operators' retrieved from /home/airflow/.local/lib/python3.12/site-packages/airflow/example_dags/example_dynamic_task_mapping_with_no_taskflow_operators.py
[2025-12-08T07:53:19.186+0000] {logging_mixin.py:190} INFO - [2025-12-08T07:53:19.185+0000] {dag.py:3211} INFO - Sync 1 DAGs
[2025-12-08T07:53:19.214+0000] {logging_mixin.py:190} INFO - [2025-12-08T07:53:19.213+0000] {dag.py:4138} INFO - Setting next_dagrun for example_dynamic_task_mapping_with_no_taskflow_operators to 2025-12-07 00:00:00+00:00, run_after=2025-12-08 00:00:00+00:00
[2025-12-08T07:53:19.244+0000] {processor.py:208} INFO - Processing /home/airflow/.local/lib/python3.12/site-packages/airflow/example_dags/example_dynamic_task_mapping_with_no_taskflow_operators.py took 0.127 seconds
[2025-12-08T07:53:49.587+0000] {processor.py:186} INFO - Started process (PID=3459) to work on /home/airflow/.local/lib/python3.12/site-packages/airflow/example_dags/example_dynamic_task_mapping_with_no_taskflow_operators.py
[2025-12-08T07:53:49.589+0000] {processor.py:914} INFO - Processing file /home/airflow/.local/lib/python3.12/site-packages/airflow/example_dags/example_dynamic_task_mapping_with_no_taskflow_operators.py for tasks to queue
[2025-12-08T07:53:49.593+0000] {logging_mixin.py:190} INFO - [2025-12-08T07:53:49.592+0000] {dagbag.py:587} INFO - Filling up the DagBag from /home/airflow/.local/lib/python3.12/site-packages/airflow/example_dags/example_dynamic_task_mapping_with_no_taskflow_operators.py
[2025-12-08T07:53:49.605+0000] {processor.py:925} INFO - DAG(s) 'example_dynamic_task_mapping_with_no_taskflow_operators' retrieved from /home/airflow/.local/lib/python3.12/site-packages/airflow/example_dags/example_dynamic_task_mapping_with_no_taskflow_operators.py
[2025-12-08T07:53:49.634+0000] {logging_mixin.py:190} INFO - [2025-12-08T07:53:49.634+0000] {dag.py:3211} INFO - Sync 1 DAGs
[2025-12-08T07:53:49.665+0000] {logging_mixin.py:190} INFO - [2025-12-08T07:53:49.664+0000] {dag.py:4138} INFO - Setting next_dagrun for example_dynamic_task_mapping_with_no_taskflow_operators to 2025-12-07 00:00:00+00:00, run_after=2025-12-08 00:00:00+00:00
[2025-12-08T07:53:49.698+0000] {processor.py:208} INFO - Processing /home/airflow/.local/lib/python3.12/site-packages/airflow/example_dags/example_dynamic_task_mapping_with_no_taskflow_operators.py took 0.118 seconds
[2025-12-08T07:54:20.179+0000] {processor.py:186} INFO - Started process (PID=3522) to work on /home/airflow/.local/lib/python3.12/site-packages/airflow/example_dags/example_dynamic_task_mapping_with_no_taskflow_operators.py
[2025-12-08T07:54:20.182+0000] {processor.py:914} INFO - Processing file /home/airflow/.local/lib/python3.12/site-packages/airflow/example_dags/example_dynamic_task_mapping_with_no_taskflow_operators.py for tasks to queue
[2025-12-08T07:54:20.189+0000] {logging_mixin.py:190} INFO - [2025-12-08T07:54:20.188+0000] {dagbag.py:587} INFO - Filling up the DagBag from /home/airflow/.local/lib/python3.12/site-packages/airflow/example_dags/example_dynamic_task_mapping_with_no_taskflow_operators.py
[2025-12-08T07:54:20.213+0000] {processor.py:925} INFO - DAG(s) 'example_dynamic_task_mapping_with_no_taskflow_operators' retrieved from /home/airflow/.local/lib/python3.12/site-packages/airflow/example_dags/example_dynamic_task_mapping_with_no_taskflow_operators.py
[2025-12-08T07:54:20.255+0000] {logging_mixin.py:190} INFO - [2025-12-08T07:54:20.255+0000] {dag.py:3211} INFO - Sync 1 DAGs
[2025-12-08T07:54:20.301+0000] {logging_mixin.py:190} INFO - [2025-12-08T07:54:20.300+0000] {dag.py:4138} INFO - Setting next_dagrun for example_dynamic_task_mapping_with_no_taskflow_operators to 2025-12-07 00:00:00+00:00, run_after=2025-12-08 00:00:00+00:00
[2025-12-08T07:54:20.340+0000] {processor.py:208} INFO - Processing /home/airflow/.local/lib/python3.12/site-packages/airflow/example_dags/example_dynamic_task_mapping_with_no_taskflow_operators.py took 0.178 seconds
[2025-12-08T07:54:51.057+0000] {processor.py:186} INFO - Started process (PID=3585) to work on /home/airflow/.local/lib/python3.12/site-packages/airflow/example_dags/example_dynamic_task_mapping_with_no_taskflow_operators.py
[2025-12-08T07:54:51.059+0000] {processor.py:914} INFO - Processing file /home/airflow/.local/lib/python3.12/site-packages/airflow/example_dags/example_dynamic_task_mapping_with_no_taskflow_operators.py for tasks to queue
[2025-12-08T07:54:51.064+0000] {logging_mixin.py:190} INFO - [2025-12-08T07:54:51.063+0000] {dagbag.py:587} INFO - Filling up the DagBag from /home/airflow/.local/lib/python3.12/site-packages/airflow/example_dags/example_dynamic_task_mapping_with_no_taskflow_operators.py
[2025-12-08T07:54:51.078+0000] {processor.py:925} INFO - DAG(s) 'example_dynamic_task_mapping_with_no_taskflow_operators' retrieved from /home/airflow/.local/lib/python3.12/site-packages/airflow/example_dags/example_dynamic_task_mapping_with_no_taskflow_operators.py
[2025-12-08T07:54:51.113+0000] {logging_mixin.py:190} INFO - [2025-12-08T07:54:51.112+0000] {dag.py:3211} INFO - Sync 1 DAGs
[2025-12-08T07:54:51.149+0000] {logging_mixin.py:190} INFO - [2025-12-08T07:54:51.149+0000] {dag.py:4138} INFO - Setting next_dagrun for example_dynamic_task_mapping_with_no_taskflow_operators to 2025-12-07 00:00:00+00:00, run_after=2025-12-08 00:00:00+00:00
[2025-12-08T07:54:51.181+0000] {processor.py:208} INFO - Processing /home/airflow/.local/lib/python3.12/site-packages/airflow/example_dags/example_dynamic_task_mapping_with_no_taskflow_operators.py took 0.133 seconds
[2025-12-08T07:55:21.724+0000] {processor.py:186} INFO - Started process (PID=3648) to work on /home/airflow/.local/lib/python3.12/site-packages/airflow/example_dags/example_dynamic_task_mapping_with_no_taskflow_operators.py
[2025-12-08T07:55:21.726+0000] {processor.py:914} INFO - Processing file /home/airflow/.local/lib/python3.12/site-packages/airflow/example_dags/example_dynamic_task_mapping_with_no_taskflow_operators.py for tasks to queue
[2025-12-08T07:55:21.731+0000] {logging_mixin.py:190} INFO - [2025-12-08T07:55:21.730+0000] {dagbag.py:587} INFO - Filling up the DagBag from /home/airflow/.local/lib/python3.12/site-packages/airflow/example_dags/example_dynamic_task_mapping_with_no_taskflow_operators.py
[2025-12-08T07:55:21.746+0000] {processor.py:925} INFO - DAG(s) 'example_dynamic_task_mapping_with_no_taskflow_operators' retrieved from /home/airflow/.local/lib/python3.12/site-packages/airflow/example_dags/example_dynamic_task_mapping_with_no_taskflow_operators.py
[2025-12-08T07:55:21.780+0000] {logging_mixin.py:190} INFO - [2025-12-08T07:55:21.780+0000] {dag.py:3211} INFO - Sync 1 DAGs
[2025-12-08T07:55:21.812+0000] {logging_mixin.py:190} INFO - [2025-12-08T07:55:21.812+0000] {dag.py:4138} INFO - Setting next_dagrun for example_dynamic_task_mapping_with_no_taskflow_operators to 2025-12-07 00:00:00+00:00, run_after=2025-12-08 00:00:00+00:00
[2025-12-08T07:55:21.840+0000] {processor.py:208} INFO - Processing /home/airflow/.local/lib/python3.12/site-packages/airflow/example_dags/example_dynamic_task_mapping_with_no_taskflow_operators.py took 0.128 seconds
[2025-12-08T07:55:52.216+0000] {processor.py:186} INFO - Started process (PID=3712) to work on /home/airflow/.local/lib/python3.12/site-packages/airflow/example_dags/example_dynamic_task_mapping_with_no_taskflow_operators.py
[2025-12-08T07:55:52.218+0000] {processor.py:914} INFO - Processing file /home/airflow/.local/lib/python3.12/site-packages/airflow/example_dags/example_dynamic_task_mapping_with_no_taskflow_operators.py for tasks to queue
[2025-12-08T07:55:52.223+0000] {logging_mixin.py:190} INFO - [2025-12-08T07:55:52.222+0000] {dagbag.py:587} INFO - Filling up the DagBag from /home/airflow/.local/lib/python3.12/site-packages/airflow/example_dags/example_dynamic_task_mapping_with_no_taskflow_operators.py
[2025-12-08T07:55:52.233+0000] {processor.py:925} INFO - DAG(s) 'example_dynamic_task_mapping_with_no_taskflow_operators' retrieved from /home/airflow/.local/lib/python3.12/site-packages/airflow/example_dags/example_dynamic_task_mapping_with_no_taskflow_operators.py
[2025-12-08T07:55:52.260+0000] {logging_mixin.py:190} INFO - [2025-12-08T07:55:52.259+0000] {dag.py:3211} INFO - Sync 1 DAGs
[2025-12-08T07:55:52.289+0000] {logging_mixin.py:190} INFO - [2025-12-08T07:55:52.289+0000] {dag.py:4138} INFO - Setting next_dagrun for example_dynamic_task_mapping_with_no_taskflow_operators to 2025-12-07 00:00:00+00:00, run_after=2025-12-08 00:00:00+00:00
[2025-12-08T07:55:52.316+0000] {processor.py:208} INFO - Processing /home/airflow/.local/lib/python3.12/site-packages/airflow/example_dags/example_dynamic_task_mapping_with_no_taskflow_operators.py took 0.110 seconds
[2025-12-08T07:56:22.569+0000] {processor.py:186} INFO - Started process (PID=3776) to work on /home/airflow/.local/lib/python3.12/site-packages/airflow/example_dags/example_dynamic_task_mapping_with_no_taskflow_operators.py
[2025-12-08T07:56:22.572+0000] {processor.py:914} INFO - Processing file /home/airflow/.local/lib/python3.12/site-packages/airflow/example_dags/example_dynamic_task_mapping_with_no_taskflow_operators.py for tasks to queue
[2025-12-08T07:56:22.577+0000] {logging_mixin.py:190} INFO - [2025-12-08T07:56:22.576+0000] {dagbag.py:587} INFO - Filling up the DagBag from /home/airflow/.local/lib/python3.12/site-packages/airflow/example_dags/example_dynamic_task_mapping_with_no_taskflow_operators.py
[2025-12-08T07:56:22.593+0000] {processor.py:925} INFO - DAG(s) 'example_dynamic_task_mapping_with_no_taskflow_operators' retrieved from /home/airflow/.local/lib/python3.12/site-packages/airflow/example_dags/example_dynamic_task_mapping_with_no_taskflow_operators.py
[2025-12-08T07:56:22.623+0000] {logging_mixin.py:190} INFO - [2025-12-08T07:56:22.623+0000] {dag.py:3211} INFO - Sync 1 DAGs
[2025-12-08T07:56:22.656+0000] {logging_mixin.py:190} INFO - [2025-12-08T07:56:22.655+0000] {dag.py:4138} INFO - Setting next_dagrun for example_dynamic_task_mapping_with_no_taskflow_operators to 2025-12-07 00:00:00+00:00, run_after=2025-12-08 00:00:00+00:00
[2025-12-08T07:56:22.684+0000] {processor.py:208} INFO - Processing /home/airflow/.local/lib/python3.12/site-packages/airflow/example_dags/example_dynamic_task_mapping_with_no_taskflow_operators.py took 0.128 seconds
[2025-12-08T07:56:53.414+0000] {processor.py:186} INFO - Started process (PID=3839) to work on /home/airflow/.local/lib/python3.12/site-packages/airflow/example_dags/example_dynamic_task_mapping_with_no_taskflow_operators.py
[2025-12-08T07:56:53.416+0000] {processor.py:914} INFO - Processing file /home/airflow/.local/lib/python3.12/site-packages/airflow/example_dags/example_dynamic_task_mapping_with_no_taskflow_operators.py for tasks to queue
[2025-12-08T07:56:53.419+0000] {logging_mixin.py:190} INFO - [2025-12-08T07:56:53.419+0000] {dagbag.py:587} INFO - Filling up the DagBag from /home/airflow/.local/lib/python3.12/site-packages/airflow/example_dags/example_dynamic_task_mapping_with_no_taskflow_operators.py
[2025-12-08T07:56:53.432+0000] {processor.py:925} INFO - DAG(s) 'example_dynamic_task_mapping_with_no_taskflow_operators' retrieved from /home/airflow/.local/lib/python3.12/site-packages/airflow/example_dags/example_dynamic_task_mapping_with_no_taskflow_operators.py
[2025-12-08T07:56:53.455+0000] {logging_mixin.py:190} INFO - [2025-12-08T07:56:53.455+0000] {dag.py:3211} INFO - Sync 1 DAGs
[2025-12-08T07:56:53.481+0000] {logging_mixin.py:190} INFO - [2025-12-08T07:56:53.481+0000] {dag.py:4138} INFO - Setting next_dagrun for example_dynamic_task_mapping_with_no_taskflow_operators to 2025-12-07 00:00:00+00:00, run_after=2025-12-08 00:00:00+00:00
[2025-12-08T07:56:53.505+0000] {processor.py:208} INFO - Processing /home/airflow/.local/lib/python3.12/site-packages/airflow/example_dags/example_dynamic_task_mapping_with_no_taskflow_operators.py took 0.103 seconds
[2025-12-08T07:57:24.110+0000] {processor.py:186} INFO - Started process (PID=3902) to work on /home/airflow/.local/lib/python3.12/site-packages/airflow/example_dags/example_dynamic_task_mapping_with_no_taskflow_operators.py
[2025-12-08T07:57:24.111+0000] {processor.py:914} INFO - Processing file /home/airflow/.local/lib/python3.12/site-packages/airflow/example_dags/example_dynamic_task_mapping_with_no_taskflow_operators.py for tasks to queue
[2025-12-08T07:57:24.115+0000] {logging_mixin.py:190} INFO - [2025-12-08T07:57:24.114+0000] {dagbag.py:587} INFO - Filling up the DagBag from /home/airflow/.local/lib/python3.12/site-packages/airflow/example_dags/example_dynamic_task_mapping_with_no_taskflow_operators.py
[2025-12-08T07:57:24.129+0000] {processor.py:925} INFO - DAG(s) 'example_dynamic_task_mapping_with_no_taskflow_operators' retrieved from /home/airflow/.local/lib/python3.12/site-packages/airflow/example_dags/example_dynamic_task_mapping_with_no_taskflow_operators.py
[2025-12-08T07:57:24.169+0000] {logging_mixin.py:190} INFO - [2025-12-08T07:57:24.169+0000] {dag.py:3211} INFO - Sync 1 DAGs
[2025-12-08T07:57:24.214+0000] {logging_mixin.py:190} INFO - [2025-12-08T07:57:24.214+0000] {dag.py:4138} INFO - Setting next_dagrun for example_dynamic_task_mapping_with_no_taskflow_operators to 2025-12-07 00:00:00+00:00, run_after=2025-12-08 00:00:00+00:00
[2025-12-08T07:57:24.252+0000] {processor.py:208} INFO - Processing /home/airflow/.local/lib/python3.12/site-packages/airflow/example_dags/example_dynamic_task_mapping_with_no_taskflow_operators.py took 0.151 seconds
[2025-12-08T07:57:54.415+0000] {processor.py:186} INFO - Started process (PID=3966) to work on /home/airflow/.local/lib/python3.12/site-packages/airflow/example_dags/example_dynamic_task_mapping_with_no_taskflow_operators.py
[2025-12-08T07:57:54.417+0000] {processor.py:914} INFO - Processing file /home/airflow/.local/lib/python3.12/site-packages/airflow/example_dags/example_dynamic_task_mapping_with_no_taskflow_operators.py for tasks to queue
[2025-12-08T07:57:54.421+0000] {logging_mixin.py:190} INFO - [2025-12-08T07:57:54.420+0000] {dagbag.py:587} INFO - Filling up the DagBag from /home/airflow/.local/lib/python3.12/site-packages/airflow/example_dags/example_dynamic_task_mapping_with_no_taskflow_operators.py
[2025-12-08T07:57:54.431+0000] {processor.py:925} INFO - DAG(s) 'example_dynamic_task_mapping_with_no_taskflow_operators' retrieved from /home/airflow/.local/lib/python3.12/site-packages/airflow/example_dags/example_dynamic_task_mapping_with_no_taskflow_operators.py
[2025-12-08T07:57:54.456+0000] {logging_mixin.py:190} INFO - [2025-12-08T07:57:54.456+0000] {dag.py:3211} INFO - Sync 1 DAGs
[2025-12-08T07:57:54.484+0000] {logging_mixin.py:190} INFO - [2025-12-08T07:57:54.483+0000] {dag.py:4138} INFO - Setting next_dagrun for example_dynamic_task_mapping_with_no_taskflow_operators to 2025-12-07 00:00:00+00:00, run_after=2025-12-08 00:00:00+00:00
[2025-12-08T07:57:54.510+0000] {processor.py:208} INFO - Processing /home/airflow/.local/lib/python3.12/site-packages/airflow/example_dags/example_dynamic_task_mapping_with_no_taskflow_operators.py took 0.104 seconds
[2025-12-08T07:58:24.670+0000] {processor.py:186} INFO - Started process (PID=4029) to work on /home/airflow/.local/lib/python3.12/site-packages/airflow/example_dags/example_dynamic_task_mapping_with_no_taskflow_operators.py
[2025-12-08T07:58:24.672+0000] {processor.py:914} INFO - Processing file /home/airflow/.local/lib/python3.12/site-packages/airflow/example_dags/example_dynamic_task_mapping_with_no_taskflow_operators.py for tasks to queue
[2025-12-08T07:58:24.675+0000] {logging_mixin.py:190} INFO - [2025-12-08T07:58:24.674+0000] {dagbag.py:587} INFO - Filling up the DagBag from /home/airflow/.local/lib/python3.12/site-packages/airflow/example_dags/example_dynamic_task_mapping_with_no_taskflow_operators.py
[2025-12-08T07:58:24.685+0000] {processor.py:925} INFO - DAG(s) 'example_dynamic_task_mapping_with_no_taskflow_operators' retrieved from /home/airflow/.local/lib/python3.12/site-packages/airflow/example_dags/example_dynamic_task_mapping_with_no_taskflow_operators.py
[2025-12-08T07:58:24.709+0000] {logging_mixin.py:190} INFO - [2025-12-08T07:58:24.709+0000] {dag.py:3211} INFO - Sync 1 DAGs
[2025-12-08T07:58:24.735+0000] {logging_mixin.py:190} INFO - [2025-12-08T07:58:24.735+0000] {dag.py:4138} INFO - Setting next_dagrun for example_dynamic_task_mapping_with_no_taskflow_operators to 2025-12-07 00:00:00+00:00, run_after=2025-12-08 00:00:00+00:00
[2025-12-08T07:58:24.758+0000] {processor.py:208} INFO - Processing /home/airflow/.local/lib/python3.12/site-packages/airflow/example_dags/example_dynamic_task_mapping_with_no_taskflow_operators.py took 0.096 seconds
[2025-12-08T07:58:55.035+0000] {processor.py:186} INFO - Started process (PID=4093) to work on /home/airflow/.local/lib/python3.12/site-packages/airflow/example_dags/example_dynamic_task_mapping_with_no_taskflow_operators.py
[2025-12-08T07:58:55.036+0000] {processor.py:914} INFO - Processing file /home/airflow/.local/lib/python3.12/site-packages/airflow/example_dags/example_dynamic_task_mapping_with_no_taskflow_operators.py for tasks to queue
[2025-12-08T07:58:55.040+0000] {logging_mixin.py:190} INFO - [2025-12-08T07:58:55.039+0000] {dagbag.py:587} INFO - Filling up the DagBag from /home/airflow/.local/lib/python3.12/site-packages/airflow/example_dags/example_dynamic_task_mapping_with_no_taskflow_operators.py
[2025-12-08T07:58:55.050+0000] {processor.py:925} INFO - DAG(s) 'example_dynamic_task_mapping_with_no_taskflow_operators' retrieved from /home/airflow/.local/lib/python3.12/site-packages/airflow/example_dags/example_dynamic_task_mapping_with_no_taskflow_operators.py
[2025-12-08T07:58:55.077+0000] {logging_mixin.py:190} INFO - [2025-12-08T07:58:55.077+0000] {dag.py:3211} INFO - Sync 1 DAGs
[2025-12-08T07:58:55.104+0000] {logging_mixin.py:190} INFO - [2025-12-08T07:58:55.104+0000] {dag.py:4138} INFO - Setting next_dagrun for example_dynamic_task_mapping_with_no_taskflow_operators to 2025-12-07 00:00:00+00:00, run_after=2025-12-08 00:00:00+00:00
[2025-12-08T07:58:55.129+0000] {processor.py:208} INFO - Processing /home/airflow/.local/lib/python3.12/site-packages/airflow/example_dags/example_dynamic_task_mapping_with_no_taskflow_operators.py took 0.101 seconds
[2025-12-08T07:59:25.571+0000] {processor.py:186} INFO - Started process (PID=4156) to work on /home/airflow/.local/lib/python3.12/site-packages/airflow/example_dags/example_dynamic_task_mapping_with_no_taskflow_operators.py
[2025-12-08T07:59:25.573+0000] {processor.py:914} INFO - Processing file /home/airflow/.local/lib/python3.12/site-packages/airflow/example_dags/example_dynamic_task_mapping_with_no_taskflow_operators.py for tasks to queue
[2025-12-08T07:59:25.576+0000] {logging_mixin.py:190} INFO - [2025-12-08T07:59:25.576+0000] {dagbag.py:587} INFO - Filling up the DagBag from /home/airflow/.local/lib/python3.12/site-packages/airflow/example_dags/example_dynamic_task_mapping_with_no_taskflow_operators.py
[2025-12-08T07:59:25.586+0000] {processor.py:925} INFO - DAG(s) 'example_dynamic_task_mapping_with_no_taskflow_operators' retrieved from /home/airflow/.local/lib/python3.12/site-packages/airflow/example_dags/example_dynamic_task_mapping_with_no_taskflow_operators.py
[2025-12-08T07:59:25.610+0000] {logging_mixin.py:190} INFO - [2025-12-08T07:59:25.609+0000] {dag.py:3211} INFO - Sync 1 DAGs
[2025-12-08T07:59:25.634+0000] {logging_mixin.py:190} INFO - [2025-12-08T07:59:25.634+0000] {dag.py:4138} INFO - Setting next_dagrun for example_dynamic_task_mapping_with_no_taskflow_operators to 2025-12-07 00:00:00+00:00, run_after=2025-12-08 00:00:00+00:00
[2025-12-08T07:59:25.656+0000] {processor.py:208} INFO - Processing /home/airflow/.local/lib/python3.12/site-packages/airflow/example_dags/example_dynamic_task_mapping_with_no_taskflow_operators.py took 0.092 seconds
[2025-12-08T07:59:55.899+0000] {processor.py:186} INFO - Started process (PID=4219) to work on /home/airflow/.local/lib/python3.12/site-packages/airflow/example_dags/example_dynamic_task_mapping_with_no_taskflow_operators.py
[2025-12-08T07:59:55.901+0000] {processor.py:914} INFO - Processing file /home/airflow/.local/lib/python3.12/site-packages/airflow/example_dags/example_dynamic_task_mapping_with_no_taskflow_operators.py for tasks to queue
[2025-12-08T07:59:55.905+0000] {logging_mixin.py:190} INFO - [2025-12-08T07:59:55.904+0000] {dagbag.py:587} INFO - Filling up the DagBag from /home/airflow/.local/lib/python3.12/site-packages/airflow/example_dags/example_dynamic_task_mapping_with_no_taskflow_operators.py
[2025-12-08T07:59:55.920+0000] {processor.py:925} INFO - DAG(s) 'example_dynamic_task_mapping_with_no_taskflow_operators' retrieved from /home/airflow/.local/lib/python3.12/site-packages/airflow/example_dags/example_dynamic_task_mapping_with_no_taskflow_operators.py
[2025-12-08T07:59:55.950+0000] {logging_mixin.py:190} INFO - [2025-12-08T07:59:55.950+0000] {dag.py:3211} INFO - Sync 1 DAGs
[2025-12-08T07:59:55.990+0000] {logging_mixin.py:190} INFO - [2025-12-08T07:59:55.989+0000] {dag.py:4138} INFO - Setting next_dagrun for example_dynamic_task_mapping_with_no_taskflow_operators to 2025-12-07 00:00:00+00:00, run_after=2025-12-08 00:00:00+00:00
[2025-12-08T07:59:56.017+0000] {processor.py:208} INFO - Processing /home/airflow/.local/lib/python3.12/site-packages/airflow/example_dags/example_dynamic_task_mapping_with_no_taskflow_operators.py took 0.128 seconds
[2025-12-08T08:00:26.101+0000] {processor.py:186} INFO - Started process (PID=4282) to work on /home/airflow/.local/lib/python3.12/site-packages/airflow/example_dags/example_dynamic_task_mapping_with_no_taskflow_operators.py
[2025-12-08T08:00:26.103+0000] {processor.py:914} INFO - Processing file /home/airflow/.local/lib/python3.12/site-packages/airflow/example_dags/example_dynamic_task_mapping_with_no_taskflow_operators.py for tasks to queue
[2025-12-08T08:00:26.107+0000] {logging_mixin.py:190} INFO - [2025-12-08T08:00:26.106+0000] {dagbag.py:587} INFO - Filling up the DagBag from /home/airflow/.local/lib/python3.12/site-packages/airflow/example_dags/example_dynamic_task_mapping_with_no_taskflow_operators.py
[2025-12-08T08:00:26.117+0000] {processor.py:925} INFO - DAG(s) 'example_dynamic_task_mapping_with_no_taskflow_operators' retrieved from /home/airflow/.local/lib/python3.12/site-packages/airflow/example_dags/example_dynamic_task_mapping_with_no_taskflow_operators.py
[2025-12-08T08:00:26.143+0000] {logging_mixin.py:190} INFO - [2025-12-08T08:00:26.143+0000] {dag.py:3211} INFO - Sync 1 DAGs
[2025-12-08T08:00:26.169+0000] {logging_mixin.py:190} INFO - [2025-12-08T08:00:26.168+0000] {dag.py:4138} INFO - Setting next_dagrun for example_dynamic_task_mapping_with_no_taskflow_operators to 2025-12-07 00:00:00+00:00, run_after=2025-12-08 00:00:00+00:00
[2025-12-08T08:00:26.190+0000] {processor.py:208} INFO - Processing /home/airflow/.local/lib/python3.12/site-packages/airflow/example_dags/example_dynamic_task_mapping_with_no_taskflow_operators.py took 0.097 seconds
[2025-12-08T08:00:56.514+0000] {processor.py:186} INFO - Started process (PID=4345) to work on /home/airflow/.local/lib/python3.12/site-packages/airflow/example_dags/example_dynamic_task_mapping_with_no_taskflow_operators.py
[2025-12-08T08:00:56.516+0000] {processor.py:914} INFO - Processing file /home/airflow/.local/lib/python3.12/site-packages/airflow/example_dags/example_dynamic_task_mapping_with_no_taskflow_operators.py for tasks to queue
[2025-12-08T08:00:56.519+0000] {logging_mixin.py:190} INFO - [2025-12-08T08:00:56.518+0000] {dagbag.py:587} INFO - Filling up the DagBag from /home/airflow/.local/lib/python3.12/site-packages/airflow/example_dags/example_dynamic_task_mapping_with_no_taskflow_operators.py
[2025-12-08T08:00:56.528+0000] {processor.py:925} INFO - DAG(s) 'example_dynamic_task_mapping_with_no_taskflow_operators' retrieved from /home/airflow/.local/lib/python3.12/site-packages/airflow/example_dags/example_dynamic_task_mapping_with_no_taskflow_operators.py
[2025-12-08T08:00:56.552+0000] {logging_mixin.py:190} INFO - [2025-12-08T08:00:56.551+0000] {dag.py:3211} INFO - Sync 1 DAGs
[2025-12-08T08:00:56.577+0000] {logging_mixin.py:190} INFO - [2025-12-08T08:00:56.577+0000] {dag.py:4138} INFO - Setting next_dagrun for example_dynamic_task_mapping_with_no_taskflow_operators to 2025-12-07 00:00:00+00:00, run_after=2025-12-08 00:00:00+00:00
[2025-12-08T08:00:56.598+0000] {processor.py:208} INFO - Processing /home/airflow/.local/lib/python3.12/site-packages/airflow/example_dags/example_dynamic_task_mapping_with_no_taskflow_operators.py took 0.090 seconds
[2025-12-08T08:01:26.986+0000] {processor.py:186} INFO - Started process (PID=4408) to work on /home/airflow/.local/lib/python3.12/site-packages/airflow/example_dags/example_dynamic_task_mapping_with_no_taskflow_operators.py
[2025-12-08T08:01:26.988+0000] {processor.py:914} INFO - Processing file /home/airflow/.local/lib/python3.12/site-packages/airflow/example_dags/example_dynamic_task_mapping_with_no_taskflow_operators.py for tasks to queue
[2025-12-08T08:01:26.992+0000] {logging_mixin.py:190} INFO - [2025-12-08T08:01:26.991+0000] {dagbag.py:587} INFO - Filling up the DagBag from /home/airflow/.local/lib/python3.12/site-packages/airflow/example_dags/example_dynamic_task_mapping_with_no_taskflow_operators.py
[2025-12-08T08:01:27.013+0000] {processor.py:925} INFO - DAG(s) 'example_dynamic_task_mapping_with_no_taskflow_operators' retrieved from /home/airflow/.local/lib/python3.12/site-packages/airflow/example_dags/example_dynamic_task_mapping_with_no_taskflow_operators.py
[2025-12-08T08:01:27.044+0000] {logging_mixin.py:190} INFO - [2025-12-08T08:01:27.043+0000] {dag.py:3211} INFO - Sync 1 DAGs
[2025-12-08T08:01:27.075+0000] {logging_mixin.py:190} INFO - [2025-12-08T08:01:27.074+0000] {dag.py:4138} INFO - Setting next_dagrun for example_dynamic_task_mapping_with_no_taskflow_operators to 2025-12-07 00:00:00+00:00, run_after=2025-12-08 00:00:00+00:00
[2025-12-08T08:01:27.098+0000] {processor.py:208} INFO - Processing /home/airflow/.local/lib/python3.12/site-packages/airflow/example_dags/example_dynamic_task_mapping_with_no_taskflow_operators.py took 0.123 seconds
[2025-12-08T08:01:57.262+0000] {processor.py:186} INFO - Started process (PID=4471) to work on /home/airflow/.local/lib/python3.12/site-packages/airflow/example_dags/example_dynamic_task_mapping_with_no_taskflow_operators.py
[2025-12-08T08:01:57.266+0000] {processor.py:914} INFO - Processing file /home/airflow/.local/lib/python3.12/site-packages/airflow/example_dags/example_dynamic_task_mapping_with_no_taskflow_operators.py for tasks to queue
[2025-12-08T08:01:57.272+0000] {logging_mixin.py:190} INFO - [2025-12-08T08:01:57.271+0000] {dagbag.py:587} INFO - Filling up the DagBag from /home/airflow/.local/lib/python3.12/site-packages/airflow/example_dags/example_dynamic_task_mapping_with_no_taskflow_operators.py
[2025-12-08T08:01:57.287+0000] {processor.py:925} INFO - DAG(s) 'example_dynamic_task_mapping_with_no_taskflow_operators' retrieved from /home/airflow/.local/lib/python3.12/site-packages/airflow/example_dags/example_dynamic_task_mapping_with_no_taskflow_operators.py
[2025-12-08T08:01:57.313+0000] {logging_mixin.py:190} INFO - [2025-12-08T08:01:57.313+0000] {dag.py:3211} INFO - Sync 1 DAGs
[2025-12-08T08:01:57.343+0000] {logging_mixin.py:190} INFO - [2025-12-08T08:01:57.343+0000] {dag.py:4138} INFO - Setting next_dagrun for example_dynamic_task_mapping_with_no_taskflow_operators to 2025-12-07 00:00:00+00:00, run_after=2025-12-08 00:00:00+00:00
[2025-12-08T08:01:57.365+0000] {processor.py:208} INFO - Processing /home/airflow/.local/lib/python3.12/site-packages/airflow/example_dags/example_dynamic_task_mapping_with_no_taskflow_operators.py took 0.113 seconds
[2025-12-08T08:02:27.773+0000] {processor.py:186} INFO - Started process (PID=4534) to work on /home/airflow/.local/lib/python3.12/site-packages/airflow/example_dags/example_dynamic_task_mapping_with_no_taskflow_operators.py
[2025-12-08T08:02:27.775+0000] {processor.py:914} INFO - Processing file /home/airflow/.local/lib/python3.12/site-packages/airflow/example_dags/example_dynamic_task_mapping_with_no_taskflow_operators.py for tasks to queue
[2025-12-08T08:02:27.779+0000] {logging_mixin.py:190} INFO - [2025-12-08T08:02:27.779+0000] {dagbag.py:587} INFO - Filling up the DagBag from /home/airflow/.local/lib/python3.12/site-packages/airflow/example_dags/example_dynamic_task_mapping_with_no_taskflow_operators.py
[2025-12-08T08:02:27.792+0000] {processor.py:925} INFO - DAG(s) 'example_dynamic_task_mapping_with_no_taskflow_operators' retrieved from /home/airflow/.local/lib/python3.12/site-packages/airflow/example_dags/example_dynamic_task_mapping_with_no_taskflow_operators.py
[2025-12-08T08:02:27.822+0000] {logging_mixin.py:190} INFO - [2025-12-08T08:02:27.822+0000] {dag.py:3211} INFO - Sync 1 DAGs
[2025-12-08T08:02:27.858+0000] {logging_mixin.py:190} INFO - [2025-12-08T08:02:27.858+0000] {dag.py:4138} INFO - Setting next_dagrun for example_dynamic_task_mapping_with_no_taskflow_operators to 2025-12-07 00:00:00+00:00, run_after=2025-12-08 00:00:00+00:00
[2025-12-08T08:02:27.894+0000] {processor.py:208} INFO - Processing /home/airflow/.local/lib/python3.12/site-packages/airflow/example_dags/example_dynamic_task_mapping_with_no_taskflow_operators.py took 0.131 seconds
[2025-12-08T08:02:58.381+0000] {processor.py:186} INFO - Started process (PID=4597) to work on /home/airflow/.local/lib/python3.12/site-packages/airflow/example_dags/example_dynamic_task_mapping_with_no_taskflow_operators.py
[2025-12-08T08:02:58.383+0000] {processor.py:914} INFO - Processing file /home/airflow/.local/lib/python3.12/site-packages/airflow/example_dags/example_dynamic_task_mapping_with_no_taskflow_operators.py for tasks to queue
[2025-12-08T08:02:58.388+0000] {logging_mixin.py:190} INFO - [2025-12-08T08:02:58.388+0000] {dagbag.py:587} INFO - Filling up the DagBag from /home/airflow/.local/lib/python3.12/site-packages/airflow/example_dags/example_dynamic_task_mapping_with_no_taskflow_operators.py
[2025-12-08T08:02:58.410+0000] {processor.py:925} INFO - DAG(s) 'example_dynamic_task_mapping_with_no_taskflow_operators' retrieved from /home/airflow/.local/lib/python3.12/site-packages/airflow/example_dags/example_dynamic_task_mapping_with_no_taskflow_operators.py
[2025-12-08T08:02:58.451+0000] {logging_mixin.py:190} INFO - [2025-12-08T08:02:58.450+0000] {dag.py:3211} INFO - Sync 1 DAGs
[2025-12-08T08:02:58.496+0000] {logging_mixin.py:190} INFO - [2025-12-08T08:02:58.496+0000] {dag.py:4138} INFO - Setting next_dagrun for example_dynamic_task_mapping_with_no_taskflow_operators to 2025-12-07 00:00:00+00:00, run_after=2025-12-08 00:00:00+00:00
[2025-12-08T08:02:58.533+0000] {processor.py:208} INFO - Processing /home/airflow/.local/lib/python3.12/site-packages/airflow/example_dags/example_dynamic_task_mapping_with_no_taskflow_operators.py took 0.166 seconds
[2025-12-08T08:03:28.651+0000] {processor.py:186} INFO - Started process (PID=4660) to work on /home/airflow/.local/lib/python3.12/site-packages/airflow/example_dags/example_dynamic_task_mapping_with_no_taskflow_operators.py
[2025-12-08T08:03:28.654+0000] {processor.py:914} INFO - Processing file /home/airflow/.local/lib/python3.12/site-packages/airflow/example_dags/example_dynamic_task_mapping_with_no_taskflow_operators.py for tasks to queue
[2025-12-08T08:03:28.659+0000] {logging_mixin.py:190} INFO - [2025-12-08T08:03:28.658+0000] {dagbag.py:587} INFO - Filling up the DagBag from /home/airflow/.local/lib/python3.12/site-packages/airflow/example_dags/example_dynamic_task_mapping_with_no_taskflow_operators.py
[2025-12-08T08:03:28.670+0000] {processor.py:925} INFO - DAG(s) 'example_dynamic_task_mapping_with_no_taskflow_operators' retrieved from /home/airflow/.local/lib/python3.12/site-packages/airflow/example_dags/example_dynamic_task_mapping_with_no_taskflow_operators.py
[2025-12-08T08:03:28.695+0000] {logging_mixin.py:190} INFO - [2025-12-08T08:03:28.695+0000] {dag.py:3211} INFO - Sync 1 DAGs
[2025-12-08T08:03:28.716+0000] {logging_mixin.py:190} INFO - [2025-12-08T08:03:28.716+0000] {dag.py:4138} INFO - Setting next_dagrun for example_dynamic_task_mapping_with_no_taskflow_operators to 2025-12-07 00:00:00+00:00, run_after=2025-12-08 00:00:00+00:00
[2025-12-08T08:03:28.735+0000] {processor.py:208} INFO - Processing /home/airflow/.local/lib/python3.12/site-packages/airflow/example_dags/example_dynamic_task_mapping_with_no_taskflow_operators.py took 0.095 seconds
[2025-12-08T08:03:59.037+0000] {processor.py:186} INFO - Started process (PID=4723) to work on /home/airflow/.local/lib/python3.12/site-packages/airflow/example_dags/example_dynamic_task_mapping_with_no_taskflow_operators.py
[2025-12-08T08:03:59.039+0000] {processor.py:914} INFO - Processing file /home/airflow/.local/lib/python3.12/site-packages/airflow/example_dags/example_dynamic_task_mapping_with_no_taskflow_operators.py for tasks to queue
[2025-12-08T08:03:59.043+0000] {logging_mixin.py:190} INFO - [2025-12-08T08:03:59.043+0000] {dagbag.py:587} INFO - Filling up the DagBag from /home/airflow/.local/lib/python3.12/site-packages/airflow/example_dags/example_dynamic_task_mapping_with_no_taskflow_operators.py
[2025-12-08T08:03:59.057+0000] {processor.py:925} INFO - DAG(s) 'example_dynamic_task_mapping_with_no_taskflow_operators' retrieved from /home/airflow/.local/lib/python3.12/site-packages/airflow/example_dags/example_dynamic_task_mapping_with_no_taskflow_operators.py
[2025-12-08T08:03:59.085+0000] {logging_mixin.py:190} INFO - [2025-12-08T08:03:59.085+0000] {dag.py:3211} INFO - Sync 1 DAGs
[2025-12-08T08:03:59.121+0000] {logging_mixin.py:190} INFO - [2025-12-08T08:03:59.121+0000] {dag.py:4138} INFO - Setting next_dagrun for example_dynamic_task_mapping_with_no_taskflow_operators to 2025-12-07 00:00:00+00:00, run_after=2025-12-08 00:00:00+00:00
[2025-12-08T08:03:59.155+0000] {processor.py:208} INFO - Processing /home/airflow/.local/lib/python3.12/site-packages/airflow/example_dags/example_dynamic_task_mapping_with_no_taskflow_operators.py took 0.126 seconds
[2025-12-08T08:04:29.466+0000] {processor.py:186} INFO - Started process (PID=4786) to work on /home/airflow/.local/lib/python3.12/site-packages/airflow/example_dags/example_dynamic_task_mapping_with_no_taskflow_operators.py
[2025-12-08T08:04:29.467+0000] {processor.py:914} INFO - Processing file /home/airflow/.local/lib/python3.12/site-packages/airflow/example_dags/example_dynamic_task_mapping_with_no_taskflow_operators.py for tasks to queue
[2025-12-08T08:04:29.472+0000] {logging_mixin.py:190} INFO - [2025-12-08T08:04:29.471+0000] {dagbag.py:587} INFO - Filling up the DagBag from /home/airflow/.local/lib/python3.12/site-packages/airflow/example_dags/example_dynamic_task_mapping_with_no_taskflow_operators.py
[2025-12-08T08:04:29.489+0000] {processor.py:925} INFO - DAG(s) 'example_dynamic_task_mapping_with_no_taskflow_operators' retrieved from /home/airflow/.local/lib/python3.12/site-packages/airflow/example_dags/example_dynamic_task_mapping_with_no_taskflow_operators.py
[2025-12-08T08:04:29.522+0000] {logging_mixin.py:190} INFO - [2025-12-08T08:04:29.522+0000] {dag.py:3211} INFO - Sync 1 DAGs
[2025-12-08T08:04:29.558+0000] {logging_mixin.py:190} INFO - [2025-12-08T08:04:29.557+0000] {dag.py:4138} INFO - Setting next_dagrun for example_dynamic_task_mapping_with_no_taskflow_operators to 2025-12-07 00:00:00+00:00, run_after=2025-12-08 00:00:00+00:00
[2025-12-08T08:04:29.593+0000] {processor.py:208} INFO - Processing /home/airflow/.local/lib/python3.12/site-packages/airflow/example_dags/example_dynamic_task_mapping_with_no_taskflow_operators.py took 0.136 seconds
[2025-12-08T08:05:00.024+0000] {processor.py:186} INFO - Started process (PID=4849) to work on /home/airflow/.local/lib/python3.12/site-packages/airflow/example_dags/example_dynamic_task_mapping_with_no_taskflow_operators.py
[2025-12-08T08:05:00.025+0000] {processor.py:914} INFO - Processing file /home/airflow/.local/lib/python3.12/site-packages/airflow/example_dags/example_dynamic_task_mapping_with_no_taskflow_operators.py for tasks to queue
[2025-12-08T08:05:00.029+0000] {logging_mixin.py:190} INFO - [2025-12-08T08:05:00.028+0000] {dagbag.py:587} INFO - Filling up the DagBag from /home/airflow/.local/lib/python3.12/site-packages/airflow/example_dags/example_dynamic_task_mapping_with_no_taskflow_operators.py
[2025-12-08T08:05:00.044+0000] {processor.py:925} INFO - DAG(s) 'example_dynamic_task_mapping_with_no_taskflow_operators' retrieved from /home/airflow/.local/lib/python3.12/site-packages/airflow/example_dags/example_dynamic_task_mapping_with_no_taskflow_operators.py
[2025-12-08T08:05:00.075+0000] {logging_mixin.py:190} INFO - [2025-12-08T08:05:00.075+0000] {dag.py:3211} INFO - Sync 1 DAGs
[2025-12-08T08:05:00.104+0000] {logging_mixin.py:190} INFO - [2025-12-08T08:05:00.103+0000] {dag.py:4138} INFO - Setting next_dagrun for example_dynamic_task_mapping_with_no_taskflow_operators to 2025-12-07 00:00:00+00:00, run_after=2025-12-08 00:00:00+00:00
[2025-12-08T08:05:00.134+0000] {processor.py:208} INFO - Processing /home/airflow/.local/lib/python3.12/site-packages/airflow/example_dags/example_dynamic_task_mapping_with_no_taskflow_operators.py took 0.116 seconds
[2025-12-08T08:05:30.750+0000] {processor.py:186} INFO - Started process (PID=4912) to work on /home/airflow/.local/lib/python3.12/site-packages/airflow/example_dags/example_dynamic_task_mapping_with_no_taskflow_operators.py
[2025-12-08T08:05:30.752+0000] {processor.py:914} INFO - Processing file /home/airflow/.local/lib/python3.12/site-packages/airflow/example_dags/example_dynamic_task_mapping_with_no_taskflow_operators.py for tasks to queue
[2025-12-08T08:05:30.758+0000] {logging_mixin.py:190} INFO - [2025-12-08T08:05:30.758+0000] {dagbag.py:587} INFO - Filling up the DagBag from /home/airflow/.local/lib/python3.12/site-packages/airflow/example_dags/example_dynamic_task_mapping_with_no_taskflow_operators.py
[2025-12-08T08:05:30.785+0000] {processor.py:925} INFO - DAG(s) 'example_dynamic_task_mapping_with_no_taskflow_operators' retrieved from /home/airflow/.local/lib/python3.12/site-packages/airflow/example_dags/example_dynamic_task_mapping_with_no_taskflow_operators.py
[2025-12-08T08:05:30.844+0000] {logging_mixin.py:190} INFO - [2025-12-08T08:05:30.843+0000] {dag.py:3211} INFO - Sync 1 DAGs
[2025-12-08T08:05:30.902+0000] {logging_mixin.py:190} INFO - [2025-12-08T08:05:30.902+0000] {dag.py:4138} INFO - Setting next_dagrun for example_dynamic_task_mapping_with_no_taskflow_operators to 2025-12-07 00:00:00+00:00, run_after=2025-12-08 00:00:00+00:00
[2025-12-08T08:05:30.945+0000] {processor.py:208} INFO - Processing /home/airflow/.local/lib/python3.12/site-packages/airflow/example_dags/example_dynamic_task_mapping_with_no_taskflow_operators.py took 0.208 seconds
[2025-12-08T08:06:01.518+0000] {processor.py:186} INFO - Started process (PID=4975) to work on /home/airflow/.local/lib/python3.12/site-packages/airflow/example_dags/example_dynamic_task_mapping_with_no_taskflow_operators.py
[2025-12-08T08:06:01.520+0000] {processor.py:914} INFO - Processing file /home/airflow/.local/lib/python3.12/site-packages/airflow/example_dags/example_dynamic_task_mapping_with_no_taskflow_operators.py for tasks to queue
[2025-12-08T08:06:01.523+0000] {logging_mixin.py:190} INFO - [2025-12-08T08:06:01.522+0000] {dagbag.py:587} INFO - Filling up the DagBag from /home/airflow/.local/lib/python3.12/site-packages/airflow/example_dags/example_dynamic_task_mapping_with_no_taskflow_operators.py
[2025-12-08T08:06:01.534+0000] {processor.py:925} INFO - DAG(s) 'example_dynamic_task_mapping_with_no_taskflow_operators' retrieved from /home/airflow/.local/lib/python3.12/site-packages/airflow/example_dags/example_dynamic_task_mapping_with_no_taskflow_operators.py
[2025-12-08T08:06:01.566+0000] {logging_mixin.py:190} INFO - [2025-12-08T08:06:01.566+0000] {dag.py:3211} INFO - Sync 1 DAGs
[2025-12-08T08:06:01.602+0000] {logging_mixin.py:190} INFO - [2025-12-08T08:06:01.602+0000] {dag.py:4138} INFO - Setting next_dagrun for example_dynamic_task_mapping_with_no_taskflow_operators to 2025-12-07 00:00:00+00:00, run_after=2025-12-08 00:00:00+00:00
[2025-12-08T08:06:01.632+0000] {processor.py:208} INFO - Processing /home/airflow/.local/lib/python3.12/site-packages/airflow/example_dags/example_dynamic_task_mapping_with_no_taskflow_operators.py took 0.122 seconds
[2025-12-08T08:06:32.870+0000] {processor.py:186} INFO - Started process (PID=5044) to work on /home/airflow/.local/lib/python3.12/site-packages/airflow/example_dags/example_dynamic_task_mapping_with_no_taskflow_operators.py
[2025-12-08T08:06:32.874+0000] {processor.py:914} INFO - Processing file /home/airflow/.local/lib/python3.12/site-packages/airflow/example_dags/example_dynamic_task_mapping_with_no_taskflow_operators.py for tasks to queue
[2025-12-08T08:06:32.884+0000] {logging_mixin.py:190} INFO - [2025-12-08T08:06:32.882+0000] {dagbag.py:587} INFO - Filling up the DagBag from /home/airflow/.local/lib/python3.12/site-packages/airflow/example_dags/example_dynamic_task_mapping_with_no_taskflow_operators.py
[2025-12-08T08:06:32.920+0000] {processor.py:925} INFO - DAG(s) 'example_dynamic_task_mapping_with_no_taskflow_operators' retrieved from /home/airflow/.local/lib/python3.12/site-packages/airflow/example_dags/example_dynamic_task_mapping_with_no_taskflow_operators.py
[2025-12-08T08:06:32.996+0000] {logging_mixin.py:190} INFO - [2025-12-08T08:06:32.995+0000] {dag.py:3211} INFO - Sync 1 DAGs
[2025-12-08T08:06:33.088+0000] {logging_mixin.py:190} INFO - [2025-12-08T08:06:33.087+0000] {dag.py:4138} INFO - Setting next_dagrun for example_dynamic_task_mapping_with_no_taskflow_operators to 2025-12-07 00:00:00+00:00, run_after=2025-12-08 00:00:00+00:00
[2025-12-08T08:06:33.158+0000] {processor.py:208} INFO - Processing /home/airflow/.local/lib/python3.12/site-packages/airflow/example_dags/example_dynamic_task_mapping_with_no_taskflow_operators.py took 0.309 seconds
[2025-12-08T08:07:03.361+0000] {processor.py:186} INFO - Started process (PID=5107) to work on /home/airflow/.local/lib/python3.12/site-packages/airflow/example_dags/example_dynamic_task_mapping_with_no_taskflow_operators.py
[2025-12-08T08:07:03.364+0000] {processor.py:914} INFO - Processing file /home/airflow/.local/lib/python3.12/site-packages/airflow/example_dags/example_dynamic_task_mapping_with_no_taskflow_operators.py for tasks to queue
[2025-12-08T08:07:03.372+0000] {logging_mixin.py:190} INFO - [2025-12-08T08:07:03.371+0000] {dagbag.py:587} INFO - Filling up the DagBag from /home/airflow/.local/lib/python3.12/site-packages/airflow/example_dags/example_dynamic_task_mapping_with_no_taskflow_operators.py
[2025-12-08T08:07:03.389+0000] {processor.py:925} INFO - DAG(s) 'example_dynamic_task_mapping_with_no_taskflow_operators' retrieved from /home/airflow/.local/lib/python3.12/site-packages/airflow/example_dags/example_dynamic_task_mapping_with_no_taskflow_operators.py
[2025-12-08T08:07:03.437+0000] {logging_mixin.py:190} INFO - [2025-12-08T08:07:03.436+0000] {dag.py:3211} INFO - Sync 1 DAGs
[2025-12-08T08:07:03.482+0000] {logging_mixin.py:190} INFO - [2025-12-08T08:07:03.482+0000] {dag.py:4138} INFO - Setting next_dagrun for example_dynamic_task_mapping_with_no_taskflow_operators to 2025-12-07 00:00:00+00:00, run_after=2025-12-08 00:00:00+00:00
[2025-12-08T08:07:03.529+0000] {processor.py:208} INFO - Processing /home/airflow/.local/lib/python3.12/site-packages/airflow/example_dags/example_dynamic_task_mapping_with_no_taskflow_operators.py took 0.181 seconds
[2025-12-08T08:07:33.779+0000] {processor.py:186} INFO - Started process (PID=5169) to work on /home/airflow/.local/lib/python3.12/site-packages/airflow/example_dags/example_dynamic_task_mapping_with_no_taskflow_operators.py
[2025-12-08T08:07:33.782+0000] {processor.py:914} INFO - Processing file /home/airflow/.local/lib/python3.12/site-packages/airflow/example_dags/example_dynamic_task_mapping_with_no_taskflow_operators.py for tasks to queue
[2025-12-08T08:07:33.785+0000] {logging_mixin.py:190} INFO - [2025-12-08T08:07:33.785+0000] {dagbag.py:587} INFO - Filling up the DagBag from /home/airflow/.local/lib/python3.12/site-packages/airflow/example_dags/example_dynamic_task_mapping_with_no_taskflow_operators.py
[2025-12-08T08:07:33.796+0000] {processor.py:925} INFO - DAG(s) 'example_dynamic_task_mapping_with_no_taskflow_operators' retrieved from /home/airflow/.local/lib/python3.12/site-packages/airflow/example_dags/example_dynamic_task_mapping_with_no_taskflow_operators.py
[2025-12-08T08:07:33.827+0000] {logging_mixin.py:190} INFO - [2025-12-08T08:07:33.826+0000] {dag.py:3211} INFO - Sync 1 DAGs
[2025-12-08T08:07:33.856+0000] {logging_mixin.py:190} INFO - [2025-12-08T08:07:33.855+0000] {dag.py:4138} INFO - Setting next_dagrun for example_dynamic_task_mapping_with_no_taskflow_operators to 2025-12-07 00:00:00+00:00, run_after=2025-12-08 00:00:00+00:00
[2025-12-08T08:07:33.883+0000] {processor.py:208} INFO - Processing /home/airflow/.local/lib/python3.12/site-packages/airflow/example_dags/example_dynamic_task_mapping_with_no_taskflow_operators.py took 0.119 seconds
[2025-12-08T08:08:04.330+0000] {processor.py:186} INFO - Started process (PID=5233) to work on /home/airflow/.local/lib/python3.12/site-packages/airflow/example_dags/example_dynamic_task_mapping_with_no_taskflow_operators.py
[2025-12-08T08:08:04.332+0000] {processor.py:914} INFO - Processing file /home/airflow/.local/lib/python3.12/site-packages/airflow/example_dags/example_dynamic_task_mapping_with_no_taskflow_operators.py for tasks to queue
[2025-12-08T08:08:04.336+0000] {logging_mixin.py:190} INFO - [2025-12-08T08:08:04.335+0000] {dagbag.py:587} INFO - Filling up the DagBag from /home/airflow/.local/lib/python3.12/site-packages/airflow/example_dags/example_dynamic_task_mapping_with_no_taskflow_operators.py
[2025-12-08T08:08:04.348+0000] {processor.py:925} INFO - DAG(s) 'example_dynamic_task_mapping_with_no_taskflow_operators' retrieved from /home/airflow/.local/lib/python3.12/site-packages/airflow/example_dags/example_dynamic_task_mapping_with_no_taskflow_operators.py
[2025-12-08T08:08:04.378+0000] {logging_mixin.py:190} INFO - [2025-12-08T08:08:04.378+0000] {dag.py:3211} INFO - Sync 1 DAGs
[2025-12-08T08:08:04.410+0000] {logging_mixin.py:190} INFO - [2025-12-08T08:08:04.410+0000] {dag.py:4138} INFO - Setting next_dagrun for example_dynamic_task_mapping_with_no_taskflow_operators to 2025-12-07 00:00:00+00:00, run_after=2025-12-08 00:00:00+00:00
[2025-12-08T08:08:04.443+0000] {processor.py:208} INFO - Processing /home/airflow/.local/lib/python3.12/site-packages/airflow/example_dags/example_dynamic_task_mapping_with_no_taskflow_operators.py took 0.120 seconds
[2025-12-08T08:08:34.594+0000] {processor.py:186} INFO - Started process (PID=5296) to work on /home/airflow/.local/lib/python3.12/site-packages/airflow/example_dags/example_dynamic_task_mapping_with_no_taskflow_operators.py
[2025-12-08T08:08:34.596+0000] {processor.py:914} INFO - Processing file /home/airflow/.local/lib/python3.12/site-packages/airflow/example_dags/example_dynamic_task_mapping_with_no_taskflow_operators.py for tasks to queue
[2025-12-08T08:08:34.600+0000] {logging_mixin.py:190} INFO - [2025-12-08T08:08:34.600+0000] {dagbag.py:587} INFO - Filling up the DagBag from /home/airflow/.local/lib/python3.12/site-packages/airflow/example_dags/example_dynamic_task_mapping_with_no_taskflow_operators.py
[2025-12-08T08:08:34.610+0000] {processor.py:925} INFO - DAG(s) 'example_dynamic_task_mapping_with_no_taskflow_operators' retrieved from /home/airflow/.local/lib/python3.12/site-packages/airflow/example_dags/example_dynamic_task_mapping_with_no_taskflow_operators.py
[2025-12-08T08:08:34.638+0000] {logging_mixin.py:190} INFO - [2025-12-08T08:08:34.638+0000] {dag.py:3211} INFO - Sync 1 DAGs
[2025-12-08T08:08:34.663+0000] {logging_mixin.py:190} INFO - [2025-12-08T08:08:34.663+0000] {dag.py:4138} INFO - Setting next_dagrun for example_dynamic_task_mapping_with_no_taskflow_operators to 2025-12-07 00:00:00+00:00, run_after=2025-12-08 00:00:00+00:00
[2025-12-08T08:08:34.689+0000] {processor.py:208} INFO - Processing /home/airflow/.local/lib/python3.12/site-packages/airflow/example_dags/example_dynamic_task_mapping_with_no_taskflow_operators.py took 0.102 seconds
[2025-12-08T08:09:05.294+0000] {processor.py:186} INFO - Started process (PID=5365) to work on /home/airflow/.local/lib/python3.12/site-packages/airflow/example_dags/example_dynamic_task_mapping_with_no_taskflow_operators.py
[2025-12-08T08:09:05.296+0000] {processor.py:914} INFO - Processing file /home/airflow/.local/lib/python3.12/site-packages/airflow/example_dags/example_dynamic_task_mapping_with_no_taskflow_operators.py for tasks to queue
[2025-12-08T08:09:05.303+0000] {logging_mixin.py:190} INFO - [2025-12-08T08:09:05.303+0000] {dagbag.py:587} INFO - Filling up the DagBag from /home/airflow/.local/lib/python3.12/site-packages/airflow/example_dags/example_dynamic_task_mapping_with_no_taskflow_operators.py
[2025-12-08T08:09:05.322+0000] {processor.py:925} INFO - DAG(s) 'example_dynamic_task_mapping_with_no_taskflow_operators' retrieved from /home/airflow/.local/lib/python3.12/site-packages/airflow/example_dags/example_dynamic_task_mapping_with_no_taskflow_operators.py
[2025-12-08T08:09:05.364+0000] {logging_mixin.py:190} INFO - [2025-12-08T08:09:05.364+0000] {dag.py:3211} INFO - Sync 1 DAGs
[2025-12-08T08:09:05.416+0000] {logging_mixin.py:190} INFO - [2025-12-08T08:09:05.416+0000] {dag.py:4138} INFO - Setting next_dagrun for example_dynamic_task_mapping_with_no_taskflow_operators to 2025-12-07 00:00:00+00:00, run_after=2025-12-08 00:00:00+00:00
[2025-12-08T08:09:05.458+0000] {processor.py:208} INFO - Processing /home/airflow/.local/lib/python3.12/site-packages/airflow/example_dags/example_dynamic_task_mapping_with_no_taskflow_operators.py took 0.177 seconds
[2025-12-08T08:09:35.649+0000] {processor.py:186} INFO - Started process (PID=5427) to work on /home/airflow/.local/lib/python3.12/site-packages/airflow/example_dags/example_dynamic_task_mapping_with_no_taskflow_operators.py
[2025-12-08T08:09:35.651+0000] {processor.py:914} INFO - Processing file /home/airflow/.local/lib/python3.12/site-packages/airflow/example_dags/example_dynamic_task_mapping_with_no_taskflow_operators.py for tasks to queue
[2025-12-08T08:09:35.655+0000] {logging_mixin.py:190} INFO - [2025-12-08T08:09:35.654+0000] {dagbag.py:587} INFO - Filling up the DagBag from /home/airflow/.local/lib/python3.12/site-packages/airflow/example_dags/example_dynamic_task_mapping_with_no_taskflow_operators.py
[2025-12-08T08:09:35.669+0000] {processor.py:925} INFO - DAG(s) 'example_dynamic_task_mapping_with_no_taskflow_operators' retrieved from /home/airflow/.local/lib/python3.12/site-packages/airflow/example_dags/example_dynamic_task_mapping_with_no_taskflow_operators.py
[2025-12-08T08:09:35.702+0000] {logging_mixin.py:190} INFO - [2025-12-08T08:09:35.702+0000] {dag.py:3211} INFO - Sync 1 DAGs
[2025-12-08T08:09:35.743+0000] {logging_mixin.py:190} INFO - [2025-12-08T08:09:35.743+0000] {dag.py:4138} INFO - Setting next_dagrun for example_dynamic_task_mapping_with_no_taskflow_operators to 2025-12-07 00:00:00+00:00, run_after=2025-12-08 00:00:00+00:00
[2025-12-08T08:09:35.788+0000] {processor.py:208} INFO - Processing /home/airflow/.local/lib/python3.12/site-packages/airflow/example_dags/example_dynamic_task_mapping_with_no_taskflow_operators.py took 0.148 seconds
[2025-12-08T08:10:05.881+0000] {processor.py:186} INFO - Started process (PID=5490) to work on /home/airflow/.local/lib/python3.12/site-packages/airflow/example_dags/example_dynamic_task_mapping_with_no_taskflow_operators.py
[2025-12-08T08:10:05.883+0000] {processor.py:914} INFO - Processing file /home/airflow/.local/lib/python3.12/site-packages/airflow/example_dags/example_dynamic_task_mapping_with_no_taskflow_operators.py for tasks to queue
[2025-12-08T08:10:05.887+0000] {logging_mixin.py:190} INFO - [2025-12-08T08:10:05.886+0000] {dagbag.py:587} INFO - Filling up the DagBag from /home/airflow/.local/lib/python3.12/site-packages/airflow/example_dags/example_dynamic_task_mapping_with_no_taskflow_operators.py
[2025-12-08T08:10:05.908+0000] {processor.py:925} INFO - DAG(s) 'example_dynamic_task_mapping_with_no_taskflow_operators' retrieved from /home/airflow/.local/lib/python3.12/site-packages/airflow/example_dags/example_dynamic_task_mapping_with_no_taskflow_operators.py
[2025-12-08T08:10:05.946+0000] {logging_mixin.py:190} INFO - [2025-12-08T08:10:05.946+0000] {dag.py:3211} INFO - Sync 1 DAGs
[2025-12-08T08:10:05.980+0000] {logging_mixin.py:190} INFO - [2025-12-08T08:10:05.980+0000] {dag.py:4138} INFO - Setting next_dagrun for example_dynamic_task_mapping_with_no_taskflow_operators to 2025-12-07 00:00:00+00:00, run_after=2025-12-08 00:00:00+00:00
[2025-12-08T08:10:06.009+0000] {processor.py:208} INFO - Processing /home/airflow/.local/lib/python3.12/site-packages/airflow/example_dags/example_dynamic_task_mapping_with_no_taskflow_operators.py took 0.138 seconds
[2025-12-08T08:10:36.142+0000] {processor.py:186} INFO - Started process (PID=5553) to work on /home/airflow/.local/lib/python3.12/site-packages/airflow/example_dags/example_dynamic_task_mapping_with_no_taskflow_operators.py
[2025-12-08T08:10:36.144+0000] {processor.py:914} INFO - Processing file /home/airflow/.local/lib/python3.12/site-packages/airflow/example_dags/example_dynamic_task_mapping_with_no_taskflow_operators.py for tasks to queue
[2025-12-08T08:10:36.150+0000] {logging_mixin.py:190} INFO - [2025-12-08T08:10:36.149+0000] {dagbag.py:587} INFO - Filling up the DagBag from /home/airflow/.local/lib/python3.12/site-packages/airflow/example_dags/example_dynamic_task_mapping_with_no_taskflow_operators.py
[2025-12-08T08:10:36.163+0000] {processor.py:925} INFO - DAG(s) 'example_dynamic_task_mapping_with_no_taskflow_operators' retrieved from /home/airflow/.local/lib/python3.12/site-packages/airflow/example_dags/example_dynamic_task_mapping_with_no_taskflow_operators.py
[2025-12-08T08:10:36.198+0000] {logging_mixin.py:190} INFO - [2025-12-08T08:10:36.198+0000] {dag.py:3211} INFO - Sync 1 DAGs
[2025-12-08T08:10:36.235+0000] {logging_mixin.py:190} INFO - [2025-12-08T08:10:36.235+0000] {dag.py:4138} INFO - Setting next_dagrun for example_dynamic_task_mapping_with_no_taskflow_operators to 2025-12-07 00:00:00+00:00, run_after=2025-12-08 00:00:00+00:00
[2025-12-08T08:10:36.269+0000] {processor.py:208} INFO - Processing /home/airflow/.local/lib/python3.12/site-packages/airflow/example_dags/example_dynamic_task_mapping_with_no_taskflow_operators.py took 0.138 seconds
[2025-12-08T08:11:06.968+0000] {processor.py:186} INFO - Started process (PID=5616) to work on /home/airflow/.local/lib/python3.12/site-packages/airflow/example_dags/example_dynamic_task_mapping_with_no_taskflow_operators.py
[2025-12-08T08:11:06.969+0000] {processor.py:914} INFO - Processing file /home/airflow/.local/lib/python3.12/site-packages/airflow/example_dags/example_dynamic_task_mapping_with_no_taskflow_operators.py for tasks to queue
[2025-12-08T08:11:06.973+0000] {logging_mixin.py:190} INFO - [2025-12-08T08:11:06.972+0000] {dagbag.py:587} INFO - Filling up the DagBag from /home/airflow/.local/lib/python3.12/site-packages/airflow/example_dags/example_dynamic_task_mapping_with_no_taskflow_operators.py
[2025-12-08T08:11:06.984+0000] {processor.py:925} INFO - DAG(s) 'example_dynamic_task_mapping_with_no_taskflow_operators' retrieved from /home/airflow/.local/lib/python3.12/site-packages/airflow/example_dags/example_dynamic_task_mapping_with_no_taskflow_operators.py
[2025-12-08T08:11:07.010+0000] {logging_mixin.py:190} INFO - [2025-12-08T08:11:07.010+0000] {dag.py:3211} INFO - Sync 1 DAGs
[2025-12-08T08:11:07.038+0000] {logging_mixin.py:190} INFO - [2025-12-08T08:11:07.038+0000] {dag.py:4138} INFO - Setting next_dagrun for example_dynamic_task_mapping_with_no_taskflow_operators to 2025-12-07 00:00:00+00:00, run_after=2025-12-08 00:00:00+00:00
[2025-12-08T08:11:07.069+0000] {processor.py:208} INFO - Processing /home/airflow/.local/lib/python3.12/site-packages/airflow/example_dags/example_dynamic_task_mapping_with_no_taskflow_operators.py took 0.108 seconds
[2025-12-08T08:11:37.362+0000] {processor.py:186} INFO - Started process (PID=5679) to work on /home/airflow/.local/lib/python3.12/site-packages/airflow/example_dags/example_dynamic_task_mapping_with_no_taskflow_operators.py
[2025-12-08T08:11:37.364+0000] {processor.py:914} INFO - Processing file /home/airflow/.local/lib/python3.12/site-packages/airflow/example_dags/example_dynamic_task_mapping_with_no_taskflow_operators.py for tasks to queue
[2025-12-08T08:11:37.368+0000] {logging_mixin.py:190} INFO - [2025-12-08T08:11:37.368+0000] {dagbag.py:587} INFO - Filling up the DagBag from /home/airflow/.local/lib/python3.12/site-packages/airflow/example_dags/example_dynamic_task_mapping_with_no_taskflow_operators.py
[2025-12-08T08:11:37.382+0000] {processor.py:925} INFO - DAG(s) 'example_dynamic_task_mapping_with_no_taskflow_operators' retrieved from /home/airflow/.local/lib/python3.12/site-packages/airflow/example_dags/example_dynamic_task_mapping_with_no_taskflow_operators.py
[2025-12-08T08:11:37.409+0000] {logging_mixin.py:190} INFO - [2025-12-08T08:11:37.409+0000] {dag.py:3211} INFO - Sync 1 DAGs
[2025-12-08T08:11:37.440+0000] {logging_mixin.py:190} INFO - [2025-12-08T08:11:37.440+0000] {dag.py:4138} INFO - Setting next_dagrun for example_dynamic_task_mapping_with_no_taskflow_operators to 2025-12-07 00:00:00+00:00, run_after=2025-12-08 00:00:00+00:00
[2025-12-08T08:11:37.469+0000] {processor.py:208} INFO - Processing /home/airflow/.local/lib/python3.12/site-packages/airflow/example_dags/example_dynamic_task_mapping_with_no_taskflow_operators.py took 0.115 seconds
[2025-12-08T08:12:08.027+0000] {processor.py:186} INFO - Started process (PID=5742) to work on /home/airflow/.local/lib/python3.12/site-packages/airflow/example_dags/example_dynamic_task_mapping_with_no_taskflow_operators.py
[2025-12-08T08:12:08.029+0000] {processor.py:914} INFO - Processing file /home/airflow/.local/lib/python3.12/site-packages/airflow/example_dags/example_dynamic_task_mapping_with_no_taskflow_operators.py for tasks to queue
[2025-12-08T08:12:08.034+0000] {logging_mixin.py:190} INFO - [2025-12-08T08:12:08.034+0000] {dagbag.py:587} INFO - Filling up the DagBag from /home/airflow/.local/lib/python3.12/site-packages/airflow/example_dags/example_dynamic_task_mapping_with_no_taskflow_operators.py
[2025-12-08T08:12:08.047+0000] {processor.py:925} INFO - DAG(s) 'example_dynamic_task_mapping_with_no_taskflow_operators' retrieved from /home/airflow/.local/lib/python3.12/site-packages/airflow/example_dags/example_dynamic_task_mapping_with_no_taskflow_operators.py
[2025-12-08T08:12:08.084+0000] {logging_mixin.py:190} INFO - [2025-12-08T08:12:08.083+0000] {dag.py:3211} INFO - Sync 1 DAGs
[2025-12-08T08:12:08.120+0000] {logging_mixin.py:190} INFO - [2025-12-08T08:12:08.120+0000] {dag.py:4138} INFO - Setting next_dagrun for example_dynamic_task_mapping_with_no_taskflow_operators to 2025-12-07 00:00:00+00:00, run_after=2025-12-08 00:00:00+00:00
[2025-12-08T08:12:08.156+0000] {processor.py:208} INFO - Processing /home/airflow/.local/lib/python3.12/site-packages/airflow/example_dags/example_dynamic_task_mapping_with_no_taskflow_operators.py took 0.136 seconds
[2025-12-08T08:12:38.827+0000] {processor.py:186} INFO - Started process (PID=5806) to work on /home/airflow/.local/lib/python3.12/site-packages/airflow/example_dags/example_dynamic_task_mapping_with_no_taskflow_operators.py
[2025-12-08T08:12:38.830+0000] {processor.py:914} INFO - Processing file /home/airflow/.local/lib/python3.12/site-packages/airflow/example_dags/example_dynamic_task_mapping_with_no_taskflow_operators.py for tasks to queue
[2025-12-08T08:12:38.837+0000] {logging_mixin.py:190} INFO - [2025-12-08T08:12:38.836+0000] {dagbag.py:587} INFO - Filling up the DagBag from /home/airflow/.local/lib/python3.12/site-packages/airflow/example_dags/example_dynamic_task_mapping_with_no_taskflow_operators.py
[2025-12-08T08:12:38.859+0000] {processor.py:925} INFO - DAG(s) 'example_dynamic_task_mapping_with_no_taskflow_operators' retrieved from /home/airflow/.local/lib/python3.12/site-packages/airflow/example_dags/example_dynamic_task_mapping_with_no_taskflow_operators.py
[2025-12-08T08:12:38.912+0000] {logging_mixin.py:190} INFO - [2025-12-08T08:12:38.911+0000] {dag.py:3211} INFO - Sync 1 DAGs
[2025-12-08T08:12:38.980+0000] {logging_mixin.py:190} INFO - [2025-12-08T08:12:38.979+0000] {dag.py:4138} INFO - Setting next_dagrun for example_dynamic_task_mapping_with_no_taskflow_operators to 2025-12-07 00:00:00+00:00, run_after=2025-12-08 00:00:00+00:00
[2025-12-08T08:12:39.043+0000] {processor.py:208} INFO - Processing /home/airflow/.local/lib/python3.12/site-packages/airflow/example_dags/example_dynamic_task_mapping_with_no_taskflow_operators.py took 0.234 seconds
[2025-12-08T08:13:09.327+0000] {processor.py:186} INFO - Started process (PID=5869) to work on /home/airflow/.local/lib/python3.12/site-packages/airflow/example_dags/example_dynamic_task_mapping_with_no_taskflow_operators.py
[2025-12-08T08:13:09.332+0000] {processor.py:914} INFO - Processing file /home/airflow/.local/lib/python3.12/site-packages/airflow/example_dags/example_dynamic_task_mapping_with_no_taskflow_operators.py for tasks to queue
[2025-12-08T08:13:09.337+0000] {logging_mixin.py:190} INFO - [2025-12-08T08:13:09.336+0000] {dagbag.py:587} INFO - Filling up the DagBag from /home/airflow/.local/lib/python3.12/site-packages/airflow/example_dags/example_dynamic_task_mapping_with_no_taskflow_operators.py
[2025-12-08T08:13:09.366+0000] {processor.py:925} INFO - DAG(s) 'example_dynamic_task_mapping_with_no_taskflow_operators' retrieved from /home/airflow/.local/lib/python3.12/site-packages/airflow/example_dags/example_dynamic_task_mapping_with_no_taskflow_operators.py
[2025-12-08T08:13:09.427+0000] {logging_mixin.py:190} INFO - [2025-12-08T08:13:09.426+0000] {dag.py:3211} INFO - Sync 1 DAGs
[2025-12-08T08:13:09.512+0000] {logging_mixin.py:190} INFO - [2025-12-08T08:13:09.510+0000] {dag.py:4138} INFO - Setting next_dagrun for example_dynamic_task_mapping_with_no_taskflow_operators to 2025-12-07 00:00:00+00:00, run_after=2025-12-08 00:00:00+00:00
[2025-12-08T08:13:09.576+0000] {processor.py:208} INFO - Processing /home/airflow/.local/lib/python3.12/site-packages/airflow/example_dags/example_dynamic_task_mapping_with_no_taskflow_operators.py took 0.262 seconds
[2025-12-08T08:13:39.858+0000] {processor.py:186} INFO - Started process (PID=5932) to work on /home/airflow/.local/lib/python3.12/site-packages/airflow/example_dags/example_dynamic_task_mapping_with_no_taskflow_operators.py
[2025-12-08T08:13:39.861+0000] {processor.py:914} INFO - Processing file /home/airflow/.local/lib/python3.12/site-packages/airflow/example_dags/example_dynamic_task_mapping_with_no_taskflow_operators.py for tasks to queue
[2025-12-08T08:13:39.864+0000] {logging_mixin.py:190} INFO - [2025-12-08T08:13:39.864+0000] {dagbag.py:587} INFO - Filling up the DagBag from /home/airflow/.local/lib/python3.12/site-packages/airflow/example_dags/example_dynamic_task_mapping_with_no_taskflow_operators.py
[2025-12-08T08:13:39.873+0000] {processor.py:925} INFO - DAG(s) 'example_dynamic_task_mapping_with_no_taskflow_operators' retrieved from /home/airflow/.local/lib/python3.12/site-packages/airflow/example_dags/example_dynamic_task_mapping_with_no_taskflow_operators.py
[2025-12-08T08:13:39.893+0000] {logging_mixin.py:190} INFO - [2025-12-08T08:13:39.893+0000] {dag.py:3211} INFO - Sync 1 DAGs
[2025-12-08T08:13:39.915+0000] {logging_mixin.py:190} INFO - [2025-12-08T08:13:39.915+0000] {dag.py:4138} INFO - Setting next_dagrun for example_dynamic_task_mapping_with_no_taskflow_operators to 2025-12-07 00:00:00+00:00, run_after=2025-12-08 00:00:00+00:00
[2025-12-08T08:13:39.946+0000] {processor.py:208} INFO - Processing /home/airflow/.local/lib/python3.12/site-packages/airflow/example_dags/example_dynamic_task_mapping_with_no_taskflow_operators.py took 0.094 seconds
[2025-12-08T08:14:10.758+0000] {processor.py:186} INFO - Started process (PID=5995) to work on /home/airflow/.local/lib/python3.12/site-packages/airflow/example_dags/example_dynamic_task_mapping_with_no_taskflow_operators.py
[2025-12-08T08:14:10.760+0000] {processor.py:914} INFO - Processing file /home/airflow/.local/lib/python3.12/site-packages/airflow/example_dags/example_dynamic_task_mapping_with_no_taskflow_operators.py for tasks to queue
[2025-12-08T08:14:10.764+0000] {logging_mixin.py:190} INFO - [2025-12-08T08:14:10.764+0000] {dagbag.py:587} INFO - Filling up the DagBag from /home/airflow/.local/lib/python3.12/site-packages/airflow/example_dags/example_dynamic_task_mapping_with_no_taskflow_operators.py
[2025-12-08T08:14:10.776+0000] {processor.py:925} INFO - DAG(s) 'example_dynamic_task_mapping_with_no_taskflow_operators' retrieved from /home/airflow/.local/lib/python3.12/site-packages/airflow/example_dags/example_dynamic_task_mapping_with_no_taskflow_operators.py
[2025-12-08T08:14:10.801+0000] {logging_mixin.py:190} INFO - [2025-12-08T08:14:10.801+0000] {dag.py:3211} INFO - Sync 1 DAGs
[2025-12-08T08:14:10.825+0000] {logging_mixin.py:190} INFO - [2025-12-08T08:14:10.825+0000] {dag.py:4138} INFO - Setting next_dagrun for example_dynamic_task_mapping_with_no_taskflow_operators to 2025-12-07 00:00:00+00:00, run_after=2025-12-08 00:00:00+00:00
[2025-12-08T08:14:10.846+0000] {processor.py:208} INFO - Processing /home/airflow/.local/lib/python3.12/site-packages/airflow/example_dags/example_dynamic_task_mapping_with_no_taskflow_operators.py took 0.098 seconds
[2025-12-08T08:14:41.269+0000] {processor.py:186} INFO - Started process (PID=6059) to work on /home/airflow/.local/lib/python3.12/site-packages/airflow/example_dags/example_dynamic_task_mapping_with_no_taskflow_operators.py
[2025-12-08T08:14:41.271+0000] {processor.py:914} INFO - Processing file /home/airflow/.local/lib/python3.12/site-packages/airflow/example_dags/example_dynamic_task_mapping_with_no_taskflow_operators.py for tasks to queue
[2025-12-08T08:14:41.275+0000] {logging_mixin.py:190} INFO - [2025-12-08T08:14:41.274+0000] {dagbag.py:587} INFO - Filling up the DagBag from /home/airflow/.local/lib/python3.12/site-packages/airflow/example_dags/example_dynamic_task_mapping_with_no_taskflow_operators.py
[2025-12-08T08:14:41.285+0000] {processor.py:925} INFO - DAG(s) 'example_dynamic_task_mapping_with_no_taskflow_operators' retrieved from /home/airflow/.local/lib/python3.12/site-packages/airflow/example_dags/example_dynamic_task_mapping_with_no_taskflow_operators.py
[2025-12-08T08:14:41.310+0000] {logging_mixin.py:190} INFO - [2025-12-08T08:14:41.309+0000] {dag.py:3211} INFO - Sync 1 DAGs
[2025-12-08T08:14:41.334+0000] {logging_mixin.py:190} INFO - [2025-12-08T08:14:41.333+0000] {dag.py:4138} INFO - Setting next_dagrun for example_dynamic_task_mapping_with_no_taskflow_operators to 2025-12-07 00:00:00+00:00, run_after=2025-12-08 00:00:00+00:00
[2025-12-08T08:14:41.356+0000] {processor.py:208} INFO - Processing /home/airflow/.local/lib/python3.12/site-packages/airflow/example_dags/example_dynamic_task_mapping_with_no_taskflow_operators.py took 0.095 seconds
[2025-12-08T08:15:12.049+0000] {processor.py:186} INFO - Started process (PID=6122) to work on /home/airflow/.local/lib/python3.12/site-packages/airflow/example_dags/example_dynamic_task_mapping_with_no_taskflow_operators.py
[2025-12-08T08:15:12.051+0000] {processor.py:914} INFO - Processing file /home/airflow/.local/lib/python3.12/site-packages/airflow/example_dags/example_dynamic_task_mapping_with_no_taskflow_operators.py for tasks to queue
[2025-12-08T08:15:12.055+0000] {logging_mixin.py:190} INFO - [2025-12-08T08:15:12.055+0000] {dagbag.py:587} INFO - Filling up the DagBag from /home/airflow/.local/lib/python3.12/site-packages/airflow/example_dags/example_dynamic_task_mapping_with_no_taskflow_operators.py
[2025-12-08T08:15:12.065+0000] {processor.py:925} INFO - DAG(s) 'example_dynamic_task_mapping_with_no_taskflow_operators' retrieved from /home/airflow/.local/lib/python3.12/site-packages/airflow/example_dags/example_dynamic_task_mapping_with_no_taskflow_operators.py
[2025-12-08T08:15:12.089+0000] {logging_mixin.py:190} INFO - [2025-12-08T08:15:12.089+0000] {dag.py:3211} INFO - Sync 1 DAGs
[2025-12-08T08:15:12.112+0000] {logging_mixin.py:190} INFO - [2025-12-08T08:15:12.112+0000] {dag.py:4138} INFO - Setting next_dagrun for example_dynamic_task_mapping_with_no_taskflow_operators to 2025-12-07 00:00:00+00:00, run_after=2025-12-08 00:00:00+00:00
[2025-12-08T08:15:12.142+0000] {processor.py:208} INFO - Processing /home/airflow/.local/lib/python3.12/site-packages/airflow/example_dags/example_dynamic_task_mapping_with_no_taskflow_operators.py took 0.101 seconds
[2025-12-08T08:15:42.837+0000] {processor.py:186} INFO - Started process (PID=6185) to work on /home/airflow/.local/lib/python3.12/site-packages/airflow/example_dags/example_dynamic_task_mapping_with_no_taskflow_operators.py
[2025-12-08T08:15:42.839+0000] {processor.py:914} INFO - Processing file /home/airflow/.local/lib/python3.12/site-packages/airflow/example_dags/example_dynamic_task_mapping_with_no_taskflow_operators.py for tasks to queue
[2025-12-08T08:15:42.842+0000] {logging_mixin.py:190} INFO - [2025-12-08T08:15:42.842+0000] {dagbag.py:587} INFO - Filling up the DagBag from /home/airflow/.local/lib/python3.12/site-packages/airflow/example_dags/example_dynamic_task_mapping_with_no_taskflow_operators.py
[2025-12-08T08:15:42.852+0000] {processor.py:925} INFO - DAG(s) 'example_dynamic_task_mapping_with_no_taskflow_operators' retrieved from /home/airflow/.local/lib/python3.12/site-packages/airflow/example_dags/example_dynamic_task_mapping_with_no_taskflow_operators.py
[2025-12-08T08:15:42.877+0000] {logging_mixin.py:190} INFO - [2025-12-08T08:15:42.877+0000] {dag.py:3211} INFO - Sync 1 DAGs
[2025-12-08T08:15:42.900+0000] {logging_mixin.py:190} INFO - [2025-12-08T08:15:42.900+0000] {dag.py:4138} INFO - Setting next_dagrun for example_dynamic_task_mapping_with_no_taskflow_operators to 2025-12-07 00:00:00+00:00, run_after=2025-12-08 00:00:00+00:00
[2025-12-08T08:15:42.930+0000] {processor.py:208} INFO - Processing /home/airflow/.local/lib/python3.12/site-packages/airflow/example_dags/example_dynamic_task_mapping_with_no_taskflow_operators.py took 0.098 seconds
[2025-12-08T08:16:13.244+0000] {processor.py:186} INFO - Started process (PID=6248) to work on /home/airflow/.local/lib/python3.12/site-packages/airflow/example_dags/example_dynamic_task_mapping_with_no_taskflow_operators.py
[2025-12-08T08:16:13.245+0000] {processor.py:914} INFO - Processing file /home/airflow/.local/lib/python3.12/site-packages/airflow/example_dags/example_dynamic_task_mapping_with_no_taskflow_operators.py for tasks to queue
[2025-12-08T08:16:13.249+0000] {logging_mixin.py:190} INFO - [2025-12-08T08:16:13.249+0000] {dagbag.py:587} INFO - Filling up the DagBag from /home/airflow/.local/lib/python3.12/site-packages/airflow/example_dags/example_dynamic_task_mapping_with_no_taskflow_operators.py
[2025-12-08T08:16:13.260+0000] {processor.py:925} INFO - DAG(s) 'example_dynamic_task_mapping_with_no_taskflow_operators' retrieved from /home/airflow/.local/lib/python3.12/site-packages/airflow/example_dags/example_dynamic_task_mapping_with_no_taskflow_operators.py
[2025-12-08T08:16:13.288+0000] {logging_mixin.py:190} INFO - [2025-12-08T08:16:13.288+0000] {dag.py:3211} INFO - Sync 1 DAGs
[2025-12-08T08:16:13.316+0000] {logging_mixin.py:190} INFO - [2025-12-08T08:16:13.315+0000] {dag.py:4138} INFO - Setting next_dagrun for example_dynamic_task_mapping_with_no_taskflow_operators to 2025-12-07 00:00:00+00:00, run_after=2025-12-08 00:00:00+00:00
[2025-12-08T08:16:13.349+0000] {processor.py:208} INFO - Processing /home/airflow/.local/lib/python3.12/site-packages/airflow/example_dags/example_dynamic_task_mapping_with_no_taskflow_operators.py took 0.111 seconds
[2025-12-08T08:16:43.672+0000] {processor.py:186} INFO - Started process (PID=6311) to work on /home/airflow/.local/lib/python3.12/site-packages/airflow/example_dags/example_dynamic_task_mapping_with_no_taskflow_operators.py
[2025-12-08T08:16:43.674+0000] {processor.py:914} INFO - Processing file /home/airflow/.local/lib/python3.12/site-packages/airflow/example_dags/example_dynamic_task_mapping_with_no_taskflow_operators.py for tasks to queue
[2025-12-08T08:16:43.678+0000] {logging_mixin.py:190} INFO - [2025-12-08T08:16:43.677+0000] {dagbag.py:587} INFO - Filling up the DagBag from /home/airflow/.local/lib/python3.12/site-packages/airflow/example_dags/example_dynamic_task_mapping_with_no_taskflow_operators.py
[2025-12-08T08:16:43.687+0000] {processor.py:925} INFO - DAG(s) 'example_dynamic_task_mapping_with_no_taskflow_operators' retrieved from /home/airflow/.local/lib/python3.12/site-packages/airflow/example_dags/example_dynamic_task_mapping_with_no_taskflow_operators.py
[2025-12-08T08:16:43.710+0000] {logging_mixin.py:190} INFO - [2025-12-08T08:16:43.710+0000] {dag.py:3211} INFO - Sync 1 DAGs
[2025-12-08T08:16:43.734+0000] {logging_mixin.py:190} INFO - [2025-12-08T08:16:43.734+0000] {dag.py:4138} INFO - Setting next_dagrun for example_dynamic_task_mapping_with_no_taskflow_operators to 2025-12-07 00:00:00+00:00, run_after=2025-12-08 00:00:00+00:00
[2025-12-08T08:16:43.761+0000] {processor.py:208} INFO - Processing /home/airflow/.local/lib/python3.12/site-packages/airflow/example_dags/example_dynamic_task_mapping_with_no_taskflow_operators.py took 0.099 seconds
[2025-12-08T08:17:14.239+0000] {processor.py:186} INFO - Started process (PID=6374) to work on /home/airflow/.local/lib/python3.12/site-packages/airflow/example_dags/example_dynamic_task_mapping_with_no_taskflow_operators.py
[2025-12-08T08:17:14.241+0000] {processor.py:914} INFO - Processing file /home/airflow/.local/lib/python3.12/site-packages/airflow/example_dags/example_dynamic_task_mapping_with_no_taskflow_operators.py for tasks to queue
[2025-12-08T08:17:14.243+0000] {logging_mixin.py:190} INFO - [2025-12-08T08:17:14.243+0000] {dagbag.py:587} INFO - Filling up the DagBag from /home/airflow/.local/lib/python3.12/site-packages/airflow/example_dags/example_dynamic_task_mapping_with_no_taskflow_operators.py
[2025-12-08T08:17:14.257+0000] {processor.py:925} INFO - DAG(s) 'example_dynamic_task_mapping_with_no_taskflow_operators' retrieved from /home/airflow/.local/lib/python3.12/site-packages/airflow/example_dags/example_dynamic_task_mapping_with_no_taskflow_operators.py
[2025-12-08T08:17:14.286+0000] {logging_mixin.py:190} INFO - [2025-12-08T08:17:14.286+0000] {dag.py:3211} INFO - Sync 1 DAGs
[2025-12-08T08:17:14.318+0000] {logging_mixin.py:190} INFO - [2025-12-08T08:17:14.318+0000] {dag.py:4138} INFO - Setting next_dagrun for example_dynamic_task_mapping_with_no_taskflow_operators to 2025-12-07 00:00:00+00:00, run_after=2025-12-08 00:00:00+00:00
[2025-12-08T08:17:14.341+0000] {processor.py:208} INFO - Processing /home/airflow/.local/lib/python3.12/site-packages/airflow/example_dags/example_dynamic_task_mapping_with_no_taskflow_operators.py took 0.110 seconds
[2025-12-08T08:17:44.762+0000] {processor.py:186} INFO - Started process (PID=6437) to work on /home/airflow/.local/lib/python3.12/site-packages/airflow/example_dags/example_dynamic_task_mapping_with_no_taskflow_operators.py
[2025-12-08T08:17:44.765+0000] {processor.py:914} INFO - Processing file /home/airflow/.local/lib/python3.12/site-packages/airflow/example_dags/example_dynamic_task_mapping_with_no_taskflow_operators.py for tasks to queue
[2025-12-08T08:17:44.769+0000] {logging_mixin.py:190} INFO - [2025-12-08T08:17:44.769+0000] {dagbag.py:587} INFO - Filling up the DagBag from /home/airflow/.local/lib/python3.12/site-packages/airflow/example_dags/example_dynamic_task_mapping_with_no_taskflow_operators.py
[2025-12-08T08:17:44.781+0000] {processor.py:925} INFO - DAG(s) 'example_dynamic_task_mapping_with_no_taskflow_operators' retrieved from /home/airflow/.local/lib/python3.12/site-packages/airflow/example_dags/example_dynamic_task_mapping_with_no_taskflow_operators.py
[2025-12-08T08:17:44.806+0000] {logging_mixin.py:190} INFO - [2025-12-08T08:17:44.806+0000] {dag.py:3211} INFO - Sync 1 DAGs
[2025-12-08T08:17:44.831+0000] {logging_mixin.py:190} INFO - [2025-12-08T08:17:44.831+0000] {dag.py:4138} INFO - Setting next_dagrun for example_dynamic_task_mapping_with_no_taskflow_operators to 2025-12-07 00:00:00+00:00, run_after=2025-12-08 00:00:00+00:00
[2025-12-08T08:17:44.854+0000] {processor.py:208} INFO - Processing /home/airflow/.local/lib/python3.12/site-packages/airflow/example_dags/example_dynamic_task_mapping_with_no_taskflow_operators.py took 0.101 seconds
[2025-12-08T08:18:15.211+0000] {processor.py:186} INFO - Started process (PID=6500) to work on /home/airflow/.local/lib/python3.12/site-packages/airflow/example_dags/example_dynamic_task_mapping_with_no_taskflow_operators.py
[2025-12-08T08:18:15.212+0000] {processor.py:914} INFO - Processing file /home/airflow/.local/lib/python3.12/site-packages/airflow/example_dags/example_dynamic_task_mapping_with_no_taskflow_operators.py for tasks to queue
[2025-12-08T08:18:15.216+0000] {logging_mixin.py:190} INFO - [2025-12-08T08:18:15.216+0000] {dagbag.py:587} INFO - Filling up the DagBag from /home/airflow/.local/lib/python3.12/site-packages/airflow/example_dags/example_dynamic_task_mapping_with_no_taskflow_operators.py
[2025-12-08T08:18:15.226+0000] {processor.py:925} INFO - DAG(s) 'example_dynamic_task_mapping_with_no_taskflow_operators' retrieved from /home/airflow/.local/lib/python3.12/site-packages/airflow/example_dags/example_dynamic_task_mapping_with_no_taskflow_operators.py
[2025-12-08T08:18:15.252+0000] {logging_mixin.py:190} INFO - [2025-12-08T08:18:15.252+0000] {dag.py:3211} INFO - Sync 1 DAGs
[2025-12-08T08:18:15.277+0000] {logging_mixin.py:190} INFO - [2025-12-08T08:18:15.277+0000] {dag.py:4138} INFO - Setting next_dagrun for example_dynamic_task_mapping_with_no_taskflow_operators to 2025-12-07 00:00:00+00:00, run_after=2025-12-08 00:00:00+00:00
[2025-12-08T08:18:15.300+0000] {processor.py:208} INFO - Processing /home/airflow/.local/lib/python3.12/site-packages/airflow/example_dags/example_dynamic_task_mapping_with_no_taskflow_operators.py took 0.099 seconds
[2025-12-08T08:18:45.787+0000] {processor.py:186} INFO - Started process (PID=6563) to work on /home/airflow/.local/lib/python3.12/site-packages/airflow/example_dags/example_dynamic_task_mapping_with_no_taskflow_operators.py
[2025-12-08T08:18:45.789+0000] {processor.py:914} INFO - Processing file /home/airflow/.local/lib/python3.12/site-packages/airflow/example_dags/example_dynamic_task_mapping_with_no_taskflow_operators.py for tasks to queue
[2025-12-08T08:18:45.792+0000] {logging_mixin.py:190} INFO - [2025-12-08T08:18:45.791+0000] {dagbag.py:587} INFO - Filling up the DagBag from /home/airflow/.local/lib/python3.12/site-packages/airflow/example_dags/example_dynamic_task_mapping_with_no_taskflow_operators.py
[2025-12-08T08:18:45.801+0000] {processor.py:925} INFO - DAG(s) 'example_dynamic_task_mapping_with_no_taskflow_operators' retrieved from /home/airflow/.local/lib/python3.12/site-packages/airflow/example_dags/example_dynamic_task_mapping_with_no_taskflow_operators.py
[2025-12-08T08:18:45.824+0000] {logging_mixin.py:190} INFO - [2025-12-08T08:18:45.824+0000] {dag.py:3211} INFO - Sync 1 DAGs
[2025-12-08T08:18:45.849+0000] {logging_mixin.py:190} INFO - [2025-12-08T08:18:45.848+0000] {dag.py:4138} INFO - Setting next_dagrun for example_dynamic_task_mapping_with_no_taskflow_operators to 2025-12-07 00:00:00+00:00, run_after=2025-12-08 00:00:00+00:00
[2025-12-08T08:18:45.869+0000] {processor.py:208} INFO - Processing /home/airflow/.local/lib/python3.12/site-packages/airflow/example_dags/example_dynamic_task_mapping_with_no_taskflow_operators.py took 0.089 seconds
[2025-12-08T08:19:16.216+0000] {processor.py:186} INFO - Started process (PID=6626) to work on /home/airflow/.local/lib/python3.12/site-packages/airflow/example_dags/example_dynamic_task_mapping_with_no_taskflow_operators.py
[2025-12-08T08:19:16.219+0000] {processor.py:914} INFO - Processing file /home/airflow/.local/lib/python3.12/site-packages/airflow/example_dags/example_dynamic_task_mapping_with_no_taskflow_operators.py for tasks to queue
[2025-12-08T08:19:16.227+0000] {logging_mixin.py:190} INFO - [2025-12-08T08:19:16.226+0000] {dagbag.py:587} INFO - Filling up the DagBag from /home/airflow/.local/lib/python3.12/site-packages/airflow/example_dags/example_dynamic_task_mapping_with_no_taskflow_operators.py
[2025-12-08T08:19:16.252+0000] {processor.py:925} INFO - DAG(s) 'example_dynamic_task_mapping_with_no_taskflow_operators' retrieved from /home/airflow/.local/lib/python3.12/site-packages/airflow/example_dags/example_dynamic_task_mapping_with_no_taskflow_operators.py
[2025-12-08T08:19:16.292+0000] {logging_mixin.py:190} INFO - [2025-12-08T08:19:16.292+0000] {dag.py:3211} INFO - Sync 1 DAGs
[2025-12-08T08:19:16.326+0000] {logging_mixin.py:190} INFO - [2025-12-08T08:19:16.326+0000] {dag.py:4138} INFO - Setting next_dagrun for example_dynamic_task_mapping_with_no_taskflow_operators to 2025-12-07 00:00:00+00:00, run_after=2025-12-08 00:00:00+00:00
[2025-12-08T08:19:16.354+0000] {processor.py:208} INFO - Processing /home/airflow/.local/lib/python3.12/site-packages/airflow/example_dags/example_dynamic_task_mapping_with_no_taskflow_operators.py took 0.155 seconds
[2025-12-08T08:19:46.829+0000] {processor.py:186} INFO - Started process (PID=6689) to work on /home/airflow/.local/lib/python3.12/site-packages/airflow/example_dags/example_dynamic_task_mapping_with_no_taskflow_operators.py
[2025-12-08T08:19:46.832+0000] {processor.py:914} INFO - Processing file /home/airflow/.local/lib/python3.12/site-packages/airflow/example_dags/example_dynamic_task_mapping_with_no_taskflow_operators.py for tasks to queue
[2025-12-08T08:19:46.843+0000] {logging_mixin.py:190} INFO - [2025-12-08T08:19:46.841+0000] {dagbag.py:587} INFO - Filling up the DagBag from /home/airflow/.local/lib/python3.12/site-packages/airflow/example_dags/example_dynamic_task_mapping_with_no_taskflow_operators.py
[2025-12-08T08:19:46.871+0000] {processor.py:925} INFO - DAG(s) 'example_dynamic_task_mapping_with_no_taskflow_operators' retrieved from /home/airflow/.local/lib/python3.12/site-packages/airflow/example_dags/example_dynamic_task_mapping_with_no_taskflow_operators.py
[2025-12-08T08:19:46.925+0000] {logging_mixin.py:190} INFO - [2025-12-08T08:19:46.924+0000] {dag.py:3211} INFO - Sync 1 DAGs
[2025-12-08T08:19:46.975+0000] {logging_mixin.py:190} INFO - [2025-12-08T08:19:46.975+0000] {dag.py:4138} INFO - Setting next_dagrun for example_dynamic_task_mapping_with_no_taskflow_operators to 2025-12-07 00:00:00+00:00, run_after=2025-12-08 00:00:00+00:00
[2025-12-08T08:19:47.035+0000] {processor.py:208} INFO - Processing /home/airflow/.local/lib/python3.12/site-packages/airflow/example_dags/example_dynamic_task_mapping_with_no_taskflow_operators.py took 0.230 seconds
[2025-12-08T08:20:17.929+0000] {processor.py:186} INFO - Started process (PID=6752) to work on /home/airflow/.local/lib/python3.12/site-packages/airflow/example_dags/example_dynamic_task_mapping_with_no_taskflow_operators.py
[2025-12-08T08:20:17.939+0000] {processor.py:914} INFO - Processing file /home/airflow/.local/lib/python3.12/site-packages/airflow/example_dags/example_dynamic_task_mapping_with_no_taskflow_operators.py for tasks to queue
[2025-12-08T08:20:17.945+0000] {logging_mixin.py:190} INFO - [2025-12-08T08:20:17.944+0000] {dagbag.py:587} INFO - Filling up the DagBag from /home/airflow/.local/lib/python3.12/site-packages/airflow/example_dags/example_dynamic_task_mapping_with_no_taskflow_operators.py
[2025-12-08T08:20:17.970+0000] {processor.py:925} INFO - DAG(s) 'example_dynamic_task_mapping_with_no_taskflow_operators' retrieved from /home/airflow/.local/lib/python3.12/site-packages/airflow/example_dags/example_dynamic_task_mapping_with_no_taskflow_operators.py
[2025-12-08T08:20:18.036+0000] {logging_mixin.py:190} INFO - [2025-12-08T08:20:18.036+0000] {dag.py:3211} INFO - Sync 1 DAGs
[2025-12-08T08:20:18.083+0000] {logging_mixin.py:190} INFO - [2025-12-08T08:20:18.083+0000] {dag.py:4138} INFO - Setting next_dagrun for example_dynamic_task_mapping_with_no_taskflow_operators to 2025-12-07 00:00:00+00:00, run_after=2025-12-08 00:00:00+00:00
[2025-12-08T08:20:18.136+0000] {processor.py:208} INFO - Processing /home/airflow/.local/lib/python3.12/site-packages/airflow/example_dags/example_dynamic_task_mapping_with_no_taskflow_operators.py took 0.243 seconds
[2025-12-08T08:20:48.444+0000] {processor.py:186} INFO - Started process (PID=6816) to work on /home/airflow/.local/lib/python3.12/site-packages/airflow/example_dags/example_dynamic_task_mapping_with_no_taskflow_operators.py
[2025-12-08T08:20:48.447+0000] {processor.py:914} INFO - Processing file /home/airflow/.local/lib/python3.12/site-packages/airflow/example_dags/example_dynamic_task_mapping_with_no_taskflow_operators.py for tasks to queue
[2025-12-08T08:20:48.454+0000] {logging_mixin.py:190} INFO - [2025-12-08T08:20:48.452+0000] {dagbag.py:587} INFO - Filling up the DagBag from /home/airflow/.local/lib/python3.12/site-packages/airflow/example_dags/example_dynamic_task_mapping_with_no_taskflow_operators.py
[2025-12-08T08:20:48.471+0000] {processor.py:925} INFO - DAG(s) 'example_dynamic_task_mapping_with_no_taskflow_operators' retrieved from /home/airflow/.local/lib/python3.12/site-packages/airflow/example_dags/example_dynamic_task_mapping_with_no_taskflow_operators.py
[2025-12-08T08:20:48.511+0000] {logging_mixin.py:190} INFO - [2025-12-08T08:20:48.511+0000] {dag.py:3211} INFO - Sync 1 DAGs
[2025-12-08T08:20:48.559+0000] {logging_mixin.py:190} INFO - [2025-12-08T08:20:48.558+0000] {dag.py:4138} INFO - Setting next_dagrun for example_dynamic_task_mapping_with_no_taskflow_operators to 2025-12-07 00:00:00+00:00, run_after=2025-12-08 00:00:00+00:00
[2025-12-08T08:20:48.598+0000] {processor.py:208} INFO - Processing /home/airflow/.local/lib/python3.12/site-packages/airflow/example_dags/example_dynamic_task_mapping_with_no_taskflow_operators.py took 0.176 seconds
[2025-12-08T08:21:19.047+0000] {processor.py:186} INFO - Started process (PID=6879) to work on /home/airflow/.local/lib/python3.12/site-packages/airflow/example_dags/example_dynamic_task_mapping_with_no_taskflow_operators.py
[2025-12-08T08:21:19.051+0000] {processor.py:914} INFO - Processing file /home/airflow/.local/lib/python3.12/site-packages/airflow/example_dags/example_dynamic_task_mapping_with_no_taskflow_operators.py for tasks to queue
[2025-12-08T08:21:19.060+0000] {logging_mixin.py:190} INFO - [2025-12-08T08:21:19.058+0000] {dagbag.py:587} INFO - Filling up the DagBag from /home/airflow/.local/lib/python3.12/site-packages/airflow/example_dags/example_dynamic_task_mapping_with_no_taskflow_operators.py
[2025-12-08T08:21:19.095+0000] {processor.py:925} INFO - DAG(s) 'example_dynamic_task_mapping_with_no_taskflow_operators' retrieved from /home/airflow/.local/lib/python3.12/site-packages/airflow/example_dags/example_dynamic_task_mapping_with_no_taskflow_operators.py
[2025-12-08T08:21:19.152+0000] {logging_mixin.py:190} INFO - [2025-12-08T08:21:19.152+0000] {dag.py:3211} INFO - Sync 1 DAGs
[2025-12-08T08:21:19.227+0000] {logging_mixin.py:190} INFO - [2025-12-08T08:21:19.226+0000] {dag.py:4138} INFO - Setting next_dagrun for example_dynamic_task_mapping_with_no_taskflow_operators to 2025-12-07 00:00:00+00:00, run_after=2025-12-08 00:00:00+00:00
[2025-12-08T08:21:19.290+0000] {processor.py:208} INFO - Processing /home/airflow/.local/lib/python3.12/site-packages/airflow/example_dags/example_dynamic_task_mapping_with_no_taskflow_operators.py took 0.256 seconds
[2025-12-08T08:21:49.712+0000] {processor.py:186} INFO - Started process (PID=6943) to work on /home/airflow/.local/lib/python3.12/site-packages/airflow/example_dags/example_dynamic_task_mapping_with_no_taskflow_operators.py
[2025-12-08T08:21:49.716+0000] {processor.py:914} INFO - Processing file /home/airflow/.local/lib/python3.12/site-packages/airflow/example_dags/example_dynamic_task_mapping_with_no_taskflow_operators.py for tasks to queue
[2025-12-08T08:21:49.725+0000] {logging_mixin.py:190} INFO - [2025-12-08T08:21:49.723+0000] {dagbag.py:587} INFO - Filling up the DagBag from /home/airflow/.local/lib/python3.12/site-packages/airflow/example_dags/example_dynamic_task_mapping_with_no_taskflow_operators.py
[2025-12-08T08:21:49.756+0000] {processor.py:925} INFO - DAG(s) 'example_dynamic_task_mapping_with_no_taskflow_operators' retrieved from /home/airflow/.local/lib/python3.12/site-packages/airflow/example_dags/example_dynamic_task_mapping_with_no_taskflow_operators.py
[2025-12-08T08:21:49.795+0000] {logging_mixin.py:190} INFO - [2025-12-08T08:21:49.794+0000] {dag.py:3211} INFO - Sync 1 DAGs
[2025-12-08T08:21:49.840+0000] {logging_mixin.py:190} INFO - [2025-12-08T08:21:49.840+0000] {dag.py:4138} INFO - Setting next_dagrun for example_dynamic_task_mapping_with_no_taskflow_operators to 2025-12-07 00:00:00+00:00, run_after=2025-12-08 00:00:00+00:00
[2025-12-08T08:21:49.880+0000] {processor.py:208} INFO - Processing /home/airflow/.local/lib/python3.12/site-packages/airflow/example_dags/example_dynamic_task_mapping_with_no_taskflow_operators.py took 0.188 seconds
[2025-12-08T08:22:20.275+0000] {processor.py:186} INFO - Started process (PID=7005) to work on /home/airflow/.local/lib/python3.12/site-packages/airflow/example_dags/example_dynamic_task_mapping_with_no_taskflow_operators.py
[2025-12-08T08:22:20.278+0000] {processor.py:914} INFO - Processing file /home/airflow/.local/lib/python3.12/site-packages/airflow/example_dags/example_dynamic_task_mapping_with_no_taskflow_operators.py for tasks to queue
[2025-12-08T08:22:20.283+0000] {logging_mixin.py:190} INFO - [2025-12-08T08:22:20.282+0000] {dagbag.py:587} INFO - Filling up the DagBag from /home/airflow/.local/lib/python3.12/site-packages/airflow/example_dags/example_dynamic_task_mapping_with_no_taskflow_operators.py
[2025-12-08T08:22:20.297+0000] {processor.py:925} INFO - DAG(s) 'example_dynamic_task_mapping_with_no_taskflow_operators' retrieved from /home/airflow/.local/lib/python3.12/site-packages/airflow/example_dags/example_dynamic_task_mapping_with_no_taskflow_operators.py
[2025-12-08T08:22:20.328+0000] {logging_mixin.py:190} INFO - [2025-12-08T08:22:20.328+0000] {dag.py:3211} INFO - Sync 1 DAGs
[2025-12-08T08:22:20.361+0000] {logging_mixin.py:190} INFO - [2025-12-08T08:22:20.361+0000] {dag.py:4138} INFO - Setting next_dagrun for example_dynamic_task_mapping_with_no_taskflow_operators to 2025-12-07 00:00:00+00:00, run_after=2025-12-08 00:00:00+00:00
[2025-12-08T08:22:20.394+0000] {processor.py:208} INFO - Processing /home/airflow/.local/lib/python3.12/site-packages/airflow/example_dags/example_dynamic_task_mapping_with_no_taskflow_operators.py took 0.132 seconds
[2025-12-08T08:22:50.555+0000] {processor.py:186} INFO - Started process (PID=7068) to work on /home/airflow/.local/lib/python3.12/site-packages/airflow/example_dags/example_dynamic_task_mapping_with_no_taskflow_operators.py
[2025-12-08T08:22:50.556+0000] {processor.py:914} INFO - Processing file /home/airflow/.local/lib/python3.12/site-packages/airflow/example_dags/example_dynamic_task_mapping_with_no_taskflow_operators.py for tasks to queue
[2025-12-08T08:22:50.559+0000] {logging_mixin.py:190} INFO - [2025-12-08T08:22:50.559+0000] {dagbag.py:587} INFO - Filling up the DagBag from /home/airflow/.local/lib/python3.12/site-packages/airflow/example_dags/example_dynamic_task_mapping_with_no_taskflow_operators.py
[2025-12-08T08:22:50.568+0000] {processor.py:925} INFO - DAG(s) 'example_dynamic_task_mapping_with_no_taskflow_operators' retrieved from /home/airflow/.local/lib/python3.12/site-packages/airflow/example_dags/example_dynamic_task_mapping_with_no_taskflow_operators.py
[2025-12-08T08:22:50.594+0000] {logging_mixin.py:190} INFO - [2025-12-08T08:22:50.593+0000] {dag.py:3211} INFO - Sync 1 DAGs
[2025-12-08T08:22:50.620+0000] {logging_mixin.py:190} INFO - [2025-12-08T08:22:50.620+0000] {dag.py:4138} INFO - Setting next_dagrun for example_dynamic_task_mapping_with_no_taskflow_operators to 2025-12-07 00:00:00+00:00, run_after=2025-12-08 00:00:00+00:00
[2025-12-08T08:22:50.644+0000] {processor.py:208} INFO - Processing /home/airflow/.local/lib/python3.12/site-packages/airflow/example_dags/example_dynamic_task_mapping_with_no_taskflow_operators.py took 0.095 seconds
[2025-12-08T08:23:20.809+0000] {processor.py:186} INFO - Started process (PID=7131) to work on /home/airflow/.local/lib/python3.12/site-packages/airflow/example_dags/example_dynamic_task_mapping_with_no_taskflow_operators.py
[2025-12-08T08:23:20.812+0000] {processor.py:914} INFO - Processing file /home/airflow/.local/lib/python3.12/site-packages/airflow/example_dags/example_dynamic_task_mapping_with_no_taskflow_operators.py for tasks to queue
[2025-12-08T08:23:20.817+0000] {logging_mixin.py:190} INFO - [2025-12-08T08:23:20.817+0000] {dagbag.py:587} INFO - Filling up the DagBag from /home/airflow/.local/lib/python3.12/site-packages/airflow/example_dags/example_dynamic_task_mapping_with_no_taskflow_operators.py
[2025-12-08T08:23:20.828+0000] {processor.py:925} INFO - DAG(s) 'example_dynamic_task_mapping_with_no_taskflow_operators' retrieved from /home/airflow/.local/lib/python3.12/site-packages/airflow/example_dags/example_dynamic_task_mapping_with_no_taskflow_operators.py
[2025-12-08T08:23:20.955+0000] {logging_mixin.py:190} INFO - [2025-12-08T08:23:20.954+0000] {dag.py:3211} INFO - Sync 1 DAGs
[2025-12-08T08:23:20.981+0000] {logging_mixin.py:190} INFO - [2025-12-08T08:23:20.981+0000] {dag.py:4138} INFO - Setting next_dagrun for example_dynamic_task_mapping_with_no_taskflow_operators to 2025-12-07 00:00:00+00:00, run_after=2025-12-08 00:00:00+00:00
[2025-12-08T08:23:21.006+0000] {processor.py:208} INFO - Processing /home/airflow/.local/lib/python3.12/site-packages/airflow/example_dags/example_dynamic_task_mapping_with_no_taskflow_operators.py took 0.110 seconds
[2025-12-08T08:23:51.693+0000] {processor.py:186} INFO - Started process (PID=7194) to work on /home/airflow/.local/lib/python3.12/site-packages/airflow/example_dags/example_dynamic_task_mapping_with_no_taskflow_operators.py
[2025-12-08T08:23:51.695+0000] {processor.py:914} INFO - Processing file /home/airflow/.local/lib/python3.12/site-packages/airflow/example_dags/example_dynamic_task_mapping_with_no_taskflow_operators.py for tasks to queue
[2025-12-08T08:23:51.697+0000] {logging_mixin.py:190} INFO - [2025-12-08T08:23:51.697+0000] {dagbag.py:587} INFO - Filling up the DagBag from /home/airflow/.local/lib/python3.12/site-packages/airflow/example_dags/example_dynamic_task_mapping_with_no_taskflow_operators.py
[2025-12-08T08:23:51.706+0000] {processor.py:925} INFO - DAG(s) 'example_dynamic_task_mapping_with_no_taskflow_operators' retrieved from /home/airflow/.local/lib/python3.12/site-packages/airflow/example_dags/example_dynamic_task_mapping_with_no_taskflow_operators.py
[2025-12-08T08:23:51.732+0000] {logging_mixin.py:190} INFO - [2025-12-08T08:23:51.731+0000] {dag.py:3211} INFO - Sync 1 DAGs
[2025-12-08T08:23:51.755+0000] {logging_mixin.py:190} INFO - [2025-12-08T08:23:51.755+0000] {dag.py:4138} INFO - Setting next_dagrun for example_dynamic_task_mapping_with_no_taskflow_operators to 2025-12-07 00:00:00+00:00, run_after=2025-12-08 00:00:00+00:00
[2025-12-08T08:23:51.779+0000] {processor.py:208} INFO - Processing /home/airflow/.local/lib/python3.12/site-packages/airflow/example_dags/example_dynamic_task_mapping_with_no_taskflow_operators.py took 0.091 seconds
[2025-12-08T08:24:22.378+0000] {processor.py:186} INFO - Started process (PID=7257) to work on /home/airflow/.local/lib/python3.12/site-packages/airflow/example_dags/example_dynamic_task_mapping_with_no_taskflow_operators.py
[2025-12-08T08:24:22.380+0000] {processor.py:914} INFO - Processing file /home/airflow/.local/lib/python3.12/site-packages/airflow/example_dags/example_dynamic_task_mapping_with_no_taskflow_operators.py for tasks to queue
[2025-12-08T08:24:22.384+0000] {logging_mixin.py:190} INFO - [2025-12-08T08:24:22.384+0000] {dagbag.py:587} INFO - Filling up the DagBag from /home/airflow/.local/lib/python3.12/site-packages/airflow/example_dags/example_dynamic_task_mapping_with_no_taskflow_operators.py
[2025-12-08T08:24:22.394+0000] {processor.py:925} INFO - DAG(s) 'example_dynamic_task_mapping_with_no_taskflow_operators' retrieved from /home/airflow/.local/lib/python3.12/site-packages/airflow/example_dags/example_dynamic_task_mapping_with_no_taskflow_operators.py
[2025-12-08T08:24:22.419+0000] {logging_mixin.py:190} INFO - [2025-12-08T08:24:22.419+0000] {dag.py:3211} INFO - Sync 1 DAGs
[2025-12-08T08:24:22.446+0000] {logging_mixin.py:190} INFO - [2025-12-08T08:24:22.445+0000] {dag.py:4138} INFO - Setting next_dagrun for example_dynamic_task_mapping_with_no_taskflow_operators to 2025-12-07 00:00:00+00:00, run_after=2025-12-08 00:00:00+00:00
[2025-12-08T08:24:22.470+0000] {processor.py:208} INFO - Processing /home/airflow/.local/lib/python3.12/site-packages/airflow/example_dags/example_dynamic_task_mapping_with_no_taskflow_operators.py took 0.098 seconds
[2025-12-08T08:24:52.951+0000] {processor.py:186} INFO - Started process (PID=7320) to work on /home/airflow/.local/lib/python3.12/site-packages/airflow/example_dags/example_dynamic_task_mapping_with_no_taskflow_operators.py
[2025-12-08T08:24:52.954+0000] {processor.py:914} INFO - Processing file /home/airflow/.local/lib/python3.12/site-packages/airflow/example_dags/example_dynamic_task_mapping_with_no_taskflow_operators.py for tasks to queue
[2025-12-08T08:24:52.963+0000] {logging_mixin.py:190} INFO - [2025-12-08T08:24:52.962+0000] {dagbag.py:587} INFO - Filling up the DagBag from /home/airflow/.local/lib/python3.12/site-packages/airflow/example_dags/example_dynamic_task_mapping_with_no_taskflow_operators.py
[2025-12-08T08:24:52.985+0000] {processor.py:925} INFO - DAG(s) 'example_dynamic_task_mapping_with_no_taskflow_operators' retrieved from /home/airflow/.local/lib/python3.12/site-packages/airflow/example_dags/example_dynamic_task_mapping_with_no_taskflow_operators.py
[2025-12-08T08:24:53.027+0000] {logging_mixin.py:190} INFO - [2025-12-08T08:24:53.027+0000] {dag.py:3211} INFO - Sync 1 DAGs
[2025-12-08T08:24:53.053+0000] {logging_mixin.py:190} INFO - [2025-12-08T08:24:53.052+0000] {dag.py:4138} INFO - Setting next_dagrun for example_dynamic_task_mapping_with_no_taskflow_operators to 2025-12-07 00:00:00+00:00, run_after=2025-12-08 00:00:00+00:00
[2025-12-08T08:24:53.077+0000] {processor.py:208} INFO - Processing /home/airflow/.local/lib/python3.12/site-packages/airflow/example_dags/example_dynamic_task_mapping_with_no_taskflow_operators.py took 0.142 seconds
[2025-12-08T08:25:23.310+0000] {processor.py:186} INFO - Started process (PID=7383) to work on /home/airflow/.local/lib/python3.12/site-packages/airflow/example_dags/example_dynamic_task_mapping_with_no_taskflow_operators.py
[2025-12-08T08:25:23.313+0000] {processor.py:914} INFO - Processing file /home/airflow/.local/lib/python3.12/site-packages/airflow/example_dags/example_dynamic_task_mapping_with_no_taskflow_operators.py for tasks to queue
[2025-12-08T08:25:23.319+0000] {logging_mixin.py:190} INFO - [2025-12-08T08:25:23.319+0000] {dagbag.py:587} INFO - Filling up the DagBag from /home/airflow/.local/lib/python3.12/site-packages/airflow/example_dags/example_dynamic_task_mapping_with_no_taskflow_operators.py
[2025-12-08T08:25:23.337+0000] {processor.py:925} INFO - DAG(s) 'example_dynamic_task_mapping_with_no_taskflow_operators' retrieved from /home/airflow/.local/lib/python3.12/site-packages/airflow/example_dags/example_dynamic_task_mapping_with_no_taskflow_operators.py
[2025-12-08T08:25:23.380+0000] {logging_mixin.py:190} INFO - [2025-12-08T08:25:23.380+0000] {dag.py:3211} INFO - Sync 1 DAGs
[2025-12-08T08:25:23.421+0000] {logging_mixin.py:190} INFO - [2025-12-08T08:25:23.421+0000] {dag.py:4138} INFO - Setting next_dagrun for example_dynamic_task_mapping_with_no_taskflow_operators to 2025-12-07 00:00:00+00:00, run_after=2025-12-08 00:00:00+00:00
[2025-12-08T08:25:23.462+0000] {processor.py:208} INFO - Processing /home/airflow/.local/lib/python3.12/site-packages/airflow/example_dags/example_dynamic_task_mapping_with_no_taskflow_operators.py took 0.168 seconds
[2025-12-08T08:25:54.067+0000] {processor.py:186} INFO - Started process (PID=7446) to work on /home/airflow/.local/lib/python3.12/site-packages/airflow/example_dags/example_dynamic_task_mapping_with_no_taskflow_operators.py
[2025-12-08T08:25:54.068+0000] {processor.py:914} INFO - Processing file /home/airflow/.local/lib/python3.12/site-packages/airflow/example_dags/example_dynamic_task_mapping_with_no_taskflow_operators.py for tasks to queue
[2025-12-08T08:25:54.072+0000] {logging_mixin.py:190} INFO - [2025-12-08T08:25:54.071+0000] {dagbag.py:587} INFO - Filling up the DagBag from /home/airflow/.local/lib/python3.12/site-packages/airflow/example_dags/example_dynamic_task_mapping_with_no_taskflow_operators.py
[2025-12-08T08:25:54.082+0000] {processor.py:925} INFO - DAG(s) 'example_dynamic_task_mapping_with_no_taskflow_operators' retrieved from /home/airflow/.local/lib/python3.12/site-packages/airflow/example_dags/example_dynamic_task_mapping_with_no_taskflow_operators.py
[2025-12-08T08:25:54.106+0000] {logging_mixin.py:190} INFO - [2025-12-08T08:25:54.106+0000] {dag.py:3211} INFO - Sync 1 DAGs
[2025-12-08T08:25:54.132+0000] {logging_mixin.py:190} INFO - [2025-12-08T08:25:54.132+0000] {dag.py:4138} INFO - Setting next_dagrun for example_dynamic_task_mapping_with_no_taskflow_operators to 2025-12-07 00:00:00+00:00, run_after=2025-12-08 00:00:00+00:00
[2025-12-08T08:25:54.154+0000] {processor.py:208} INFO - Processing /home/airflow/.local/lib/python3.12/site-packages/airflow/example_dags/example_dynamic_task_mapping_with_no_taskflow_operators.py took 0.094 seconds
[2025-12-08T08:26:24.501+0000] {processor.py:186} INFO - Started process (PID=7509) to work on /home/airflow/.local/lib/python3.12/site-packages/airflow/example_dags/example_dynamic_task_mapping_with_no_taskflow_operators.py
[2025-12-08T08:26:24.503+0000] {processor.py:914} INFO - Processing file /home/airflow/.local/lib/python3.12/site-packages/airflow/example_dags/example_dynamic_task_mapping_with_no_taskflow_operators.py for tasks to queue
[2025-12-08T08:26:24.507+0000] {logging_mixin.py:190} INFO - [2025-12-08T08:26:24.506+0000] {dagbag.py:587} INFO - Filling up the DagBag from /home/airflow/.local/lib/python3.12/site-packages/airflow/example_dags/example_dynamic_task_mapping_with_no_taskflow_operators.py
[2025-12-08T08:26:24.517+0000] {processor.py:925} INFO - DAG(s) 'example_dynamic_task_mapping_with_no_taskflow_operators' retrieved from /home/airflow/.local/lib/python3.12/site-packages/airflow/example_dags/example_dynamic_task_mapping_with_no_taskflow_operators.py
[2025-12-08T08:26:24.540+0000] {logging_mixin.py:190} INFO - [2025-12-08T08:26:24.540+0000] {dag.py:3211} INFO - Sync 1 DAGs
[2025-12-08T08:26:24.564+0000] {logging_mixin.py:190} INFO - [2025-12-08T08:26:24.564+0000] {dag.py:4138} INFO - Setting next_dagrun for example_dynamic_task_mapping_with_no_taskflow_operators to 2025-12-07 00:00:00+00:00, run_after=2025-12-08 00:00:00+00:00
[2025-12-08T08:26:24.592+0000] {processor.py:208} INFO - Processing /home/airflow/.local/lib/python3.12/site-packages/airflow/example_dags/example_dynamic_task_mapping_with_no_taskflow_operators.py took 0.097 seconds
[2025-12-08T08:26:55.043+0000] {processor.py:186} INFO - Started process (PID=7573) to work on /home/airflow/.local/lib/python3.12/site-packages/airflow/example_dags/example_dynamic_task_mapping_with_no_taskflow_operators.py
[2025-12-08T08:26:55.046+0000] {processor.py:914} INFO - Processing file /home/airflow/.local/lib/python3.12/site-packages/airflow/example_dags/example_dynamic_task_mapping_with_no_taskflow_operators.py for tasks to queue
[2025-12-08T08:26:55.053+0000] {logging_mixin.py:190} INFO - [2025-12-08T08:26:55.052+0000] {dagbag.py:587} INFO - Filling up the DagBag from /home/airflow/.local/lib/python3.12/site-packages/airflow/example_dags/example_dynamic_task_mapping_with_no_taskflow_operators.py
[2025-12-08T08:26:55.072+0000] {processor.py:925} INFO - DAG(s) 'example_dynamic_task_mapping_with_no_taskflow_operators' retrieved from /home/airflow/.local/lib/python3.12/site-packages/airflow/example_dags/example_dynamic_task_mapping_with_no_taskflow_operators.py
[2025-12-08T08:26:55.111+0000] {logging_mixin.py:190} INFO - [2025-12-08T08:26:55.111+0000] {dag.py:3211} INFO - Sync 1 DAGs
[2025-12-08T08:26:55.150+0000] {logging_mixin.py:190} INFO - [2025-12-08T08:26:55.150+0000] {dag.py:4138} INFO - Setting next_dagrun for example_dynamic_task_mapping_with_no_taskflow_operators to 2025-12-07 00:00:00+00:00, run_after=2025-12-08 00:00:00+00:00
[2025-12-08T08:26:55.189+0000] {processor.py:208} INFO - Processing /home/airflow/.local/lib/python3.12/site-packages/airflow/example_dags/example_dynamic_task_mapping_with_no_taskflow_operators.py took 0.155 seconds
[2025-12-08T08:27:25.320+0000] {processor.py:186} INFO - Started process (PID=7636) to work on /home/airflow/.local/lib/python3.12/site-packages/airflow/example_dags/example_dynamic_task_mapping_with_no_taskflow_operators.py
[2025-12-08T08:27:25.321+0000] {processor.py:914} INFO - Processing file /home/airflow/.local/lib/python3.12/site-packages/airflow/example_dags/example_dynamic_task_mapping_with_no_taskflow_operators.py for tasks to queue
[2025-12-08T08:27:25.326+0000] {logging_mixin.py:190} INFO - [2025-12-08T08:27:25.325+0000] {dagbag.py:587} INFO - Filling up the DagBag from /home/airflow/.local/lib/python3.12/site-packages/airflow/example_dags/example_dynamic_task_mapping_with_no_taskflow_operators.py
[2025-12-08T08:27:25.336+0000] {processor.py:925} INFO - DAG(s) 'example_dynamic_task_mapping_with_no_taskflow_operators' retrieved from /home/airflow/.local/lib/python3.12/site-packages/airflow/example_dags/example_dynamic_task_mapping_with_no_taskflow_operators.py
[2025-12-08T08:27:25.362+0000] {logging_mixin.py:190} INFO - [2025-12-08T08:27:25.361+0000] {dag.py:3211} INFO - Sync 1 DAGs
[2025-12-08T08:27:25.393+0000] {logging_mixin.py:190} INFO - [2025-12-08T08:27:25.393+0000] {dag.py:4138} INFO - Setting next_dagrun for example_dynamic_task_mapping_with_no_taskflow_operators to 2025-12-07 00:00:00+00:00, run_after=2025-12-08 00:00:00+00:00
[2025-12-08T08:27:25.425+0000] {processor.py:208} INFO - Processing /home/airflow/.local/lib/python3.12/site-packages/airflow/example_dags/example_dynamic_task_mapping_with_no_taskflow_operators.py took 0.111 seconds
[2025-12-08T08:27:55.495+0000] {processor.py:186} INFO - Started process (PID=7699) to work on /home/airflow/.local/lib/python3.12/site-packages/airflow/example_dags/example_dynamic_task_mapping_with_no_taskflow_operators.py
[2025-12-08T08:27:55.498+0000] {processor.py:914} INFO - Processing file /home/airflow/.local/lib/python3.12/site-packages/airflow/example_dags/example_dynamic_task_mapping_with_no_taskflow_operators.py for tasks to queue
[2025-12-08T08:27:55.502+0000] {logging_mixin.py:190} INFO - [2025-12-08T08:27:55.501+0000] {dagbag.py:587} INFO - Filling up the DagBag from /home/airflow/.local/lib/python3.12/site-packages/airflow/example_dags/example_dynamic_task_mapping_with_no_taskflow_operators.py
[2025-12-08T08:27:55.512+0000] {processor.py:925} INFO - DAG(s) 'example_dynamic_task_mapping_with_no_taskflow_operators' retrieved from /home/airflow/.local/lib/python3.12/site-packages/airflow/example_dags/example_dynamic_task_mapping_with_no_taskflow_operators.py
[2025-12-08T08:27:55.536+0000] {logging_mixin.py:190} INFO - [2025-12-08T08:27:55.536+0000] {dag.py:3211} INFO - Sync 1 DAGs
[2025-12-08T08:27:55.560+0000] {logging_mixin.py:190} INFO - [2025-12-08T08:27:55.560+0000] {dag.py:4138} INFO - Setting next_dagrun for example_dynamic_task_mapping_with_no_taskflow_operators to 2025-12-07 00:00:00+00:00, run_after=2025-12-08 00:00:00+00:00
[2025-12-08T08:27:55.582+0000] {processor.py:208} INFO - Processing /home/airflow/.local/lib/python3.12/site-packages/airflow/example_dags/example_dynamic_task_mapping_with_no_taskflow_operators.py took 0.096 seconds
[2025-12-08T08:28:25.783+0000] {processor.py:186} INFO - Started process (PID=7762) to work on /home/airflow/.local/lib/python3.12/site-packages/airflow/example_dags/example_dynamic_task_mapping_with_no_taskflow_operators.py
[2025-12-08T08:28:25.785+0000] {processor.py:914} INFO - Processing file /home/airflow/.local/lib/python3.12/site-packages/airflow/example_dags/example_dynamic_task_mapping_with_no_taskflow_operators.py for tasks to queue
[2025-12-08T08:28:25.789+0000] {logging_mixin.py:190} INFO - [2025-12-08T08:28:25.789+0000] {dagbag.py:587} INFO - Filling up the DagBag from /home/airflow/.local/lib/python3.12/site-packages/airflow/example_dags/example_dynamic_task_mapping_with_no_taskflow_operators.py
[2025-12-08T08:28:25.804+0000] {processor.py:925} INFO - DAG(s) 'example_dynamic_task_mapping_with_no_taskflow_operators' retrieved from /home/airflow/.local/lib/python3.12/site-packages/airflow/example_dags/example_dynamic_task_mapping_with_no_taskflow_operators.py
[2025-12-08T08:28:25.832+0000] {logging_mixin.py:190} INFO - [2025-12-08T08:28:25.832+0000] {dag.py:3211} INFO - Sync 1 DAGs
[2025-12-08T08:28:25.857+0000] {logging_mixin.py:190} INFO - [2025-12-08T08:28:25.857+0000] {dag.py:4138} INFO - Setting next_dagrun for example_dynamic_task_mapping_with_no_taskflow_operators to 2025-12-07 00:00:00+00:00, run_after=2025-12-08 00:00:00+00:00
[2025-12-08T08:28:25.882+0000] {processor.py:208} INFO - Processing /home/airflow/.local/lib/python3.12/site-packages/airflow/example_dags/example_dynamic_task_mapping_with_no_taskflow_operators.py took 0.108 seconds
[2025-12-08T08:28:56.295+0000] {processor.py:186} INFO - Started process (PID=7825) to work on /home/airflow/.local/lib/python3.12/site-packages/airflow/example_dags/example_dynamic_task_mapping_with_no_taskflow_operators.py
[2025-12-08T08:28:56.296+0000] {processor.py:914} INFO - Processing file /home/airflow/.local/lib/python3.12/site-packages/airflow/example_dags/example_dynamic_task_mapping_with_no_taskflow_operators.py for tasks to queue
[2025-12-08T08:28:56.299+0000] {logging_mixin.py:190} INFO - [2025-12-08T08:28:56.299+0000] {dagbag.py:587} INFO - Filling up the DagBag from /home/airflow/.local/lib/python3.12/site-packages/airflow/example_dags/example_dynamic_task_mapping_with_no_taskflow_operators.py
[2025-12-08T08:28:56.311+0000] {processor.py:925} INFO - DAG(s) 'example_dynamic_task_mapping_with_no_taskflow_operators' retrieved from /home/airflow/.local/lib/python3.12/site-packages/airflow/example_dags/example_dynamic_task_mapping_with_no_taskflow_operators.py
[2025-12-08T08:28:56.337+0000] {logging_mixin.py:190} INFO - [2025-12-08T08:28:56.337+0000] {dag.py:3211} INFO - Sync 1 DAGs
[2025-12-08T08:28:56.368+0000] {logging_mixin.py:190} INFO - [2025-12-08T08:28:56.368+0000] {dag.py:4138} INFO - Setting next_dagrun for example_dynamic_task_mapping_with_no_taskflow_operators to 2025-12-07 00:00:00+00:00, run_after=2025-12-08 00:00:00+00:00
[2025-12-08T08:28:56.396+0000] {processor.py:208} INFO - Processing /home/airflow/.local/lib/python3.12/site-packages/airflow/example_dags/example_dynamic_task_mapping_with_no_taskflow_operators.py took 0.110 seconds
[2025-12-08T08:29:26.491+0000] {processor.py:186} INFO - Started process (PID=7888) to work on /home/airflow/.local/lib/python3.12/site-packages/airflow/example_dags/example_dynamic_task_mapping_with_no_taskflow_operators.py
[2025-12-08T08:29:26.493+0000] {processor.py:914} INFO - Processing file /home/airflow/.local/lib/python3.12/site-packages/airflow/example_dags/example_dynamic_task_mapping_with_no_taskflow_operators.py for tasks to queue
[2025-12-08T08:29:26.496+0000] {logging_mixin.py:190} INFO - [2025-12-08T08:29:26.496+0000] {dagbag.py:587} INFO - Filling up the DagBag from /home/airflow/.local/lib/python3.12/site-packages/airflow/example_dags/example_dynamic_task_mapping_with_no_taskflow_operators.py
[2025-12-08T08:29:26.506+0000] {processor.py:925} INFO - DAG(s) 'example_dynamic_task_mapping_with_no_taskflow_operators' retrieved from /home/airflow/.local/lib/python3.12/site-packages/airflow/example_dags/example_dynamic_task_mapping_with_no_taskflow_operators.py
[2025-12-08T08:29:26.532+0000] {logging_mixin.py:190} INFO - [2025-12-08T08:29:26.532+0000] {dag.py:3211} INFO - Sync 1 DAGs
[2025-12-08T08:29:26.558+0000] {logging_mixin.py:190} INFO - [2025-12-08T08:29:26.557+0000] {dag.py:4138} INFO - Setting next_dagrun for example_dynamic_task_mapping_with_no_taskflow_operators to 2025-12-07 00:00:00+00:00, run_after=2025-12-08 00:00:00+00:00
[2025-12-08T08:29:26.581+0000] {processor.py:208} INFO - Processing /home/airflow/.local/lib/python3.12/site-packages/airflow/example_dags/example_dynamic_task_mapping_with_no_taskflow_operators.py took 0.098 seconds
[2025-12-08T08:29:57.141+0000] {processor.py:186} INFO - Started process (PID=7951) to work on /home/airflow/.local/lib/python3.12/site-packages/airflow/example_dags/example_dynamic_task_mapping_with_no_taskflow_operators.py
[2025-12-08T08:29:57.143+0000] {processor.py:914} INFO - Processing file /home/airflow/.local/lib/python3.12/site-packages/airflow/example_dags/example_dynamic_task_mapping_with_no_taskflow_operators.py for tasks to queue
[2025-12-08T08:29:57.147+0000] {logging_mixin.py:190} INFO - [2025-12-08T08:29:57.146+0000] {dagbag.py:587} INFO - Filling up the DagBag from /home/airflow/.local/lib/python3.12/site-packages/airflow/example_dags/example_dynamic_task_mapping_with_no_taskflow_operators.py
[2025-12-08T08:29:57.156+0000] {processor.py:925} INFO - DAG(s) 'example_dynamic_task_mapping_with_no_taskflow_operators' retrieved from /home/airflow/.local/lib/python3.12/site-packages/airflow/example_dags/example_dynamic_task_mapping_with_no_taskflow_operators.py
[2025-12-08T08:29:57.182+0000] {logging_mixin.py:190} INFO - [2025-12-08T08:29:57.182+0000] {dag.py:3211} INFO - Sync 1 DAGs
[2025-12-08T08:29:57.205+0000] {logging_mixin.py:190} INFO - [2025-12-08T08:29:57.205+0000] {dag.py:4138} INFO - Setting next_dagrun for example_dynamic_task_mapping_with_no_taskflow_operators to 2025-12-07 00:00:00+00:00, run_after=2025-12-08 00:00:00+00:00
[2025-12-08T08:29:57.229+0000] {processor.py:208} INFO - Processing /home/airflow/.local/lib/python3.12/site-packages/airflow/example_dags/example_dynamic_task_mapping_with_no_taskflow_operators.py took 0.095 seconds
[2025-12-08T08:30:27.721+0000] {processor.py:186} INFO - Started process (PID=8014) to work on /home/airflow/.local/lib/python3.12/site-packages/airflow/example_dags/example_dynamic_task_mapping_with_no_taskflow_operators.py
[2025-12-08T08:30:27.723+0000] {processor.py:914} INFO - Processing file /home/airflow/.local/lib/python3.12/site-packages/airflow/example_dags/example_dynamic_task_mapping_with_no_taskflow_operators.py for tasks to queue
[2025-12-08T08:30:27.726+0000] {logging_mixin.py:190} INFO - [2025-12-08T08:30:27.725+0000] {dagbag.py:587} INFO - Filling up the DagBag from /home/airflow/.local/lib/python3.12/site-packages/airflow/example_dags/example_dynamic_task_mapping_with_no_taskflow_operators.py
[2025-12-08T08:30:27.736+0000] {processor.py:925} INFO - DAG(s) 'example_dynamic_task_mapping_with_no_taskflow_operators' retrieved from /home/airflow/.local/lib/python3.12/site-packages/airflow/example_dags/example_dynamic_task_mapping_with_no_taskflow_operators.py
[2025-12-08T08:30:27.762+0000] {logging_mixin.py:190} INFO - [2025-12-08T08:30:27.762+0000] {dag.py:3211} INFO - Sync 1 DAGs
[2025-12-08T08:30:27.791+0000] {logging_mixin.py:190} INFO - [2025-12-08T08:30:27.791+0000] {dag.py:4138} INFO - Setting next_dagrun for example_dynamic_task_mapping_with_no_taskflow_operators to 2025-12-07 00:00:00+00:00, run_after=2025-12-08 00:00:00+00:00
[2025-12-08T08:30:27.816+0000] {processor.py:208} INFO - Processing /home/airflow/.local/lib/python3.12/site-packages/airflow/example_dags/example_dynamic_task_mapping_with_no_taskflow_operators.py took 0.103 seconds
[2025-12-08T08:30:58.517+0000] {processor.py:186} INFO - Started process (PID=8077) to work on /home/airflow/.local/lib/python3.12/site-packages/airflow/example_dags/example_dynamic_task_mapping_with_no_taskflow_operators.py
[2025-12-08T08:30:58.519+0000] {processor.py:914} INFO - Processing file /home/airflow/.local/lib/python3.12/site-packages/airflow/example_dags/example_dynamic_task_mapping_with_no_taskflow_operators.py for tasks to queue
[2025-12-08T08:30:58.522+0000] {logging_mixin.py:190} INFO - [2025-12-08T08:30:58.522+0000] {dagbag.py:587} INFO - Filling up the DagBag from /home/airflow/.local/lib/python3.12/site-packages/airflow/example_dags/example_dynamic_task_mapping_with_no_taskflow_operators.py
[2025-12-08T08:30:58.536+0000] {processor.py:925} INFO - DAG(s) 'example_dynamic_task_mapping_with_no_taskflow_operators' retrieved from /home/airflow/.local/lib/python3.12/site-packages/airflow/example_dags/example_dynamic_task_mapping_with_no_taskflow_operators.py
[2025-12-08T08:30:58.561+0000] {logging_mixin.py:190} INFO - [2025-12-08T08:30:58.561+0000] {dag.py:3211} INFO - Sync 1 DAGs
[2025-12-08T08:30:58.589+0000] {logging_mixin.py:190} INFO - [2025-12-08T08:30:58.588+0000] {dag.py:4138} INFO - Setting next_dagrun for example_dynamic_task_mapping_with_no_taskflow_operators to 2025-12-07 00:00:00+00:00, run_after=2025-12-08 00:00:00+00:00
[2025-12-08T08:30:58.612+0000] {processor.py:208} INFO - Processing /home/airflow/.local/lib/python3.12/site-packages/airflow/example_dags/example_dynamic_task_mapping_with_no_taskflow_operators.py took 0.103 seconds
[2025-12-08T08:31:28.974+0000] {processor.py:186} INFO - Started process (PID=8140) to work on /home/airflow/.local/lib/python3.12/site-packages/airflow/example_dags/example_dynamic_task_mapping_with_no_taskflow_operators.py
[2025-12-08T08:31:28.977+0000] {processor.py:914} INFO - Processing file /home/airflow/.local/lib/python3.12/site-packages/airflow/example_dags/example_dynamic_task_mapping_with_no_taskflow_operators.py for tasks to queue
[2025-12-08T08:31:28.983+0000] {logging_mixin.py:190} INFO - [2025-12-08T08:31:28.982+0000] {dagbag.py:587} INFO - Filling up the DagBag from /home/airflow/.local/lib/python3.12/site-packages/airflow/example_dags/example_dynamic_task_mapping_with_no_taskflow_operators.py
[2025-12-08T08:31:28.996+0000] {processor.py:925} INFO - DAG(s) 'example_dynamic_task_mapping_with_no_taskflow_operators' retrieved from /home/airflow/.local/lib/python3.12/site-packages/airflow/example_dags/example_dynamic_task_mapping_with_no_taskflow_operators.py
[2025-12-08T08:31:29.026+0000] {logging_mixin.py:190} INFO - [2025-12-08T08:31:29.025+0000] {dag.py:3211} INFO - Sync 1 DAGs
[2025-12-08T08:31:29.056+0000] {logging_mixin.py:190} INFO - [2025-12-08T08:31:29.056+0000] {dag.py:4138} INFO - Setting next_dagrun for example_dynamic_task_mapping_with_no_taskflow_operators to 2025-12-07 00:00:00+00:00, run_after=2025-12-08 00:00:00+00:00
[2025-12-08T08:31:29.099+0000] {processor.py:208} INFO - Processing /home/airflow/.local/lib/python3.12/site-packages/airflow/example_dags/example_dynamic_task_mapping_with_no_taskflow_operators.py took 0.136 seconds
[2025-12-08T08:31:59.618+0000] {processor.py:186} INFO - Started process (PID=8203) to work on /home/airflow/.local/lib/python3.12/site-packages/airflow/example_dags/example_dynamic_task_mapping_with_no_taskflow_operators.py
[2025-12-08T08:31:59.621+0000] {processor.py:914} INFO - Processing file /home/airflow/.local/lib/python3.12/site-packages/airflow/example_dags/example_dynamic_task_mapping_with_no_taskflow_operators.py for tasks to queue
[2025-12-08T08:31:59.629+0000] {logging_mixin.py:190} INFO - [2025-12-08T08:31:59.628+0000] {dagbag.py:587} INFO - Filling up the DagBag from /home/airflow/.local/lib/python3.12/site-packages/airflow/example_dags/example_dynamic_task_mapping_with_no_taskflow_operators.py
[2025-12-08T08:31:59.655+0000] {processor.py:925} INFO - DAG(s) 'example_dynamic_task_mapping_with_no_taskflow_operators' retrieved from /home/airflow/.local/lib/python3.12/site-packages/airflow/example_dags/example_dynamic_task_mapping_with_no_taskflow_operators.py
[2025-12-08T08:31:59.703+0000] {logging_mixin.py:190} INFO - [2025-12-08T08:31:59.703+0000] {dag.py:3211} INFO - Sync 1 DAGs
[2025-12-08T08:31:59.743+0000] {logging_mixin.py:190} INFO - [2025-12-08T08:31:59.743+0000] {dag.py:4138} INFO - Setting next_dagrun for example_dynamic_task_mapping_with_no_taskflow_operators to 2025-12-07 00:00:00+00:00, run_after=2025-12-08 00:00:00+00:00
[2025-12-08T08:31:59.779+0000] {processor.py:208} INFO - Processing /home/airflow/.local/lib/python3.12/site-packages/airflow/example_dags/example_dynamic_task_mapping_with_no_taskflow_operators.py took 0.179 seconds
[2025-12-08T08:32:29.965+0000] {processor.py:186} INFO - Started process (PID=8266) to work on /home/airflow/.local/lib/python3.12/site-packages/airflow/example_dags/example_dynamic_task_mapping_with_no_taskflow_operators.py
[2025-12-08T08:32:29.967+0000] {processor.py:914} INFO - Processing file /home/airflow/.local/lib/python3.12/site-packages/airflow/example_dags/example_dynamic_task_mapping_with_no_taskflow_operators.py for tasks to queue
[2025-12-08T08:32:29.972+0000] {logging_mixin.py:190} INFO - [2025-12-08T08:32:29.971+0000] {dagbag.py:587} INFO - Filling up the DagBag from /home/airflow/.local/lib/python3.12/site-packages/airflow/example_dags/example_dynamic_task_mapping_with_no_taskflow_operators.py
[2025-12-08T08:32:29.983+0000] {processor.py:925} INFO - DAG(s) 'example_dynamic_task_mapping_with_no_taskflow_operators' retrieved from /home/airflow/.local/lib/python3.12/site-packages/airflow/example_dags/example_dynamic_task_mapping_with_no_taskflow_operators.py
[2025-12-08T08:32:30.007+0000] {logging_mixin.py:190} INFO - [2025-12-08T08:32:30.006+0000] {dag.py:3211} INFO - Sync 1 DAGs
[2025-12-08T08:32:30.029+0000] {logging_mixin.py:190} INFO - [2025-12-08T08:32:30.028+0000] {dag.py:4138} INFO - Setting next_dagrun for example_dynamic_task_mapping_with_no_taskflow_operators to 2025-12-07 00:00:00+00:00, run_after=2025-12-08 00:00:00+00:00
[2025-12-08T08:32:30.049+0000] {processor.py:208} INFO - Processing /home/airflow/.local/lib/python3.12/site-packages/airflow/example_dags/example_dynamic_task_mapping_with_no_taskflow_operators.py took 0.095 seconds
[2025-12-08T08:33:00.192+0000] {processor.py:186} INFO - Started process (PID=8330) to work on /home/airflow/.local/lib/python3.12/site-packages/airflow/example_dags/example_dynamic_task_mapping_with_no_taskflow_operators.py
[2025-12-08T08:33:00.194+0000] {processor.py:914} INFO - Processing file /home/airflow/.local/lib/python3.12/site-packages/airflow/example_dags/example_dynamic_task_mapping_with_no_taskflow_operators.py for tasks to queue
[2025-12-08T08:33:00.199+0000] {logging_mixin.py:190} INFO - [2025-12-08T08:33:00.199+0000] {dagbag.py:587} INFO - Filling up the DagBag from /home/airflow/.local/lib/python3.12/site-packages/airflow/example_dags/example_dynamic_task_mapping_with_no_taskflow_operators.py
[2025-12-08T08:33:00.215+0000] {processor.py:925} INFO - DAG(s) 'example_dynamic_task_mapping_with_no_taskflow_operators' retrieved from /home/airflow/.local/lib/python3.12/site-packages/airflow/example_dags/example_dynamic_task_mapping_with_no_taskflow_operators.py
[2025-12-08T08:33:00.243+0000] {logging_mixin.py:190} INFO - [2025-12-08T08:33:00.243+0000] {dag.py:3211} INFO - Sync 1 DAGs
[2025-12-08T08:33:00.270+0000] {logging_mixin.py:190} INFO - [2025-12-08T08:33:00.270+0000] {dag.py:4138} INFO - Setting next_dagrun for example_dynamic_task_mapping_with_no_taskflow_operators to 2025-12-07 00:00:00+00:00, run_after=2025-12-08 00:00:00+00:00
[2025-12-08T08:33:00.291+0000] {processor.py:208} INFO - Processing /home/airflow/.local/lib/python3.12/site-packages/airflow/example_dags/example_dynamic_task_mapping_with_no_taskflow_operators.py took 0.110 seconds
[2025-12-08T08:33:31.741+0000] {processor.py:186} INFO - Started process (PID=8393) to work on /home/airflow/.local/lib/python3.12/site-packages/airflow/example_dags/example_dynamic_task_mapping_with_no_taskflow_operators.py
[2025-12-08T08:33:31.743+0000] {processor.py:914} INFO - Processing file /home/airflow/.local/lib/python3.12/site-packages/airflow/example_dags/example_dynamic_task_mapping_with_no_taskflow_operators.py for tasks to queue
[2025-12-08T08:33:31.748+0000] {logging_mixin.py:190} INFO - [2025-12-08T08:33:31.748+0000] {dagbag.py:587} INFO - Filling up the DagBag from /home/airflow/.local/lib/python3.12/site-packages/airflow/example_dags/example_dynamic_task_mapping_with_no_taskflow_operators.py
[2025-12-08T08:33:31.768+0000] {processor.py:925} INFO - DAG(s) 'example_dynamic_task_mapping_with_no_taskflow_operators' retrieved from /home/airflow/.local/lib/python3.12/site-packages/airflow/example_dags/example_dynamic_task_mapping_with_no_taskflow_operators.py
[2025-12-08T08:33:31.801+0000] {logging_mixin.py:190} INFO - [2025-12-08T08:33:31.801+0000] {dag.py:3211} INFO - Sync 1 DAGs
[2025-12-08T08:33:31.846+0000] {logging_mixin.py:190} INFO - [2025-12-08T08:33:31.845+0000] {dag.py:4138} INFO - Setting next_dagrun for example_dynamic_task_mapping_with_no_taskflow_operators to 2025-12-07 00:00:00+00:00, run_after=2025-12-08 00:00:00+00:00
[2025-12-08T08:33:31.880+0000] {processor.py:208} INFO - Processing /home/airflow/.local/lib/python3.12/site-packages/airflow/example_dags/example_dynamic_task_mapping_with_no_taskflow_operators.py took 0.149 seconds
[2025-12-08T08:34:02.657+0000] {processor.py:186} INFO - Started process (PID=8456) to work on /home/airflow/.local/lib/python3.12/site-packages/airflow/example_dags/example_dynamic_task_mapping_with_no_taskflow_operators.py
[2025-12-08T08:34:02.658+0000] {processor.py:914} INFO - Processing file /home/airflow/.local/lib/python3.12/site-packages/airflow/example_dags/example_dynamic_task_mapping_with_no_taskflow_operators.py for tasks to queue
[2025-12-08T08:34:02.661+0000] {logging_mixin.py:190} INFO - [2025-12-08T08:34:02.661+0000] {dagbag.py:587} INFO - Filling up the DagBag from /home/airflow/.local/lib/python3.12/site-packages/airflow/example_dags/example_dynamic_task_mapping_with_no_taskflow_operators.py
[2025-12-08T08:34:02.671+0000] {processor.py:925} INFO - DAG(s) 'example_dynamic_task_mapping_with_no_taskflow_operators' retrieved from /home/airflow/.local/lib/python3.12/site-packages/airflow/example_dags/example_dynamic_task_mapping_with_no_taskflow_operators.py
[2025-12-08T08:34:02.694+0000] {logging_mixin.py:190} INFO - [2025-12-08T08:34:02.694+0000] {dag.py:3211} INFO - Sync 1 DAGs
[2025-12-08T08:34:02.719+0000] {logging_mixin.py:190} INFO - [2025-12-08T08:34:02.719+0000] {dag.py:4138} INFO - Setting next_dagrun for example_dynamic_task_mapping_with_no_taskflow_operators to 2025-12-07 00:00:00+00:00, run_after=2025-12-08 00:00:00+00:00
[2025-12-08T08:34:02.739+0000] {processor.py:208} INFO - Processing /home/airflow/.local/lib/python3.12/site-packages/airflow/example_dags/example_dynamic_task_mapping_with_no_taskflow_operators.py took 0.090 seconds
[2025-12-08T08:34:33.816+0000] {processor.py:186} INFO - Started process (PID=8519) to work on /home/airflow/.local/lib/python3.12/site-packages/airflow/example_dags/example_dynamic_task_mapping_with_no_taskflow_operators.py
[2025-12-08T08:34:33.818+0000] {processor.py:914} INFO - Processing file /home/airflow/.local/lib/python3.12/site-packages/airflow/example_dags/example_dynamic_task_mapping_with_no_taskflow_operators.py for tasks to queue
[2025-12-08T08:34:33.826+0000] {logging_mixin.py:190} INFO - [2025-12-08T08:34:33.825+0000] {dagbag.py:587} INFO - Filling up the DagBag from /home/airflow/.local/lib/python3.12/site-packages/airflow/example_dags/example_dynamic_task_mapping_with_no_taskflow_operators.py
[2025-12-08T08:34:33.841+0000] {processor.py:925} INFO - DAG(s) 'example_dynamic_task_mapping_with_no_taskflow_operators' retrieved from /home/airflow/.local/lib/python3.12/site-packages/airflow/example_dags/example_dynamic_task_mapping_with_no_taskflow_operators.py
[2025-12-08T08:34:33.877+0000] {logging_mixin.py:190} INFO - [2025-12-08T08:34:33.877+0000] {dag.py:3211} INFO - Sync 1 DAGs
[2025-12-08T08:34:33.916+0000] {logging_mixin.py:190} INFO - [2025-12-08T08:34:33.916+0000] {dag.py:4138} INFO - Setting next_dagrun for example_dynamic_task_mapping_with_no_taskflow_operators to 2025-12-07 00:00:00+00:00, run_after=2025-12-08 00:00:00+00:00
[2025-12-08T08:34:33.957+0000] {processor.py:208} INFO - Processing /home/airflow/.local/lib/python3.12/site-packages/airflow/example_dags/example_dynamic_task_mapping_with_no_taskflow_operators.py took 0.154 seconds
[2025-12-08T08:35:04.085+0000] {processor.py:186} INFO - Started process (PID=8582) to work on /home/airflow/.local/lib/python3.12/site-packages/airflow/example_dags/example_dynamic_task_mapping_with_no_taskflow_operators.py
[2025-12-08T08:35:04.087+0000] {processor.py:914} INFO - Processing file /home/airflow/.local/lib/python3.12/site-packages/airflow/example_dags/example_dynamic_task_mapping_with_no_taskflow_operators.py for tasks to queue
[2025-12-08T08:35:04.090+0000] {logging_mixin.py:190} INFO - [2025-12-08T08:35:04.090+0000] {dagbag.py:587} INFO - Filling up the DagBag from /home/airflow/.local/lib/python3.12/site-packages/airflow/example_dags/example_dynamic_task_mapping_with_no_taskflow_operators.py
[2025-12-08T08:35:04.100+0000] {processor.py:925} INFO - DAG(s) 'example_dynamic_task_mapping_with_no_taskflow_operators' retrieved from /home/airflow/.local/lib/python3.12/site-packages/airflow/example_dags/example_dynamic_task_mapping_with_no_taskflow_operators.py
[2025-12-08T08:35:04.122+0000] {logging_mixin.py:190} INFO - [2025-12-08T08:35:04.122+0000] {dag.py:3211} INFO - Sync 1 DAGs
[2025-12-08T08:35:04.146+0000] {logging_mixin.py:190} INFO - [2025-12-08T08:35:04.146+0000] {dag.py:4138} INFO - Setting next_dagrun for example_dynamic_task_mapping_with_no_taskflow_operators to 2025-12-07 00:00:00+00:00, run_after=2025-12-08 00:00:00+00:00
[2025-12-08T08:35:04.167+0000] {processor.py:208} INFO - Processing /home/airflow/.local/lib/python3.12/site-packages/airflow/example_dags/example_dynamic_task_mapping_with_no_taskflow_operators.py took 0.090 seconds
[2025-12-08T08:35:35.156+0000] {processor.py:186} INFO - Started process (PID=8645) to work on /home/airflow/.local/lib/python3.12/site-packages/airflow/example_dags/example_dynamic_task_mapping_with_no_taskflow_operators.py
[2025-12-08T08:35:35.158+0000] {processor.py:914} INFO - Processing file /home/airflow/.local/lib/python3.12/site-packages/airflow/example_dags/example_dynamic_task_mapping_with_no_taskflow_operators.py for tasks to queue
[2025-12-08T08:35:35.162+0000] {logging_mixin.py:190} INFO - [2025-12-08T08:35:35.162+0000] {dagbag.py:587} INFO - Filling up the DagBag from /home/airflow/.local/lib/python3.12/site-packages/airflow/example_dags/example_dynamic_task_mapping_with_no_taskflow_operators.py
[2025-12-08T08:35:35.171+0000] {processor.py:925} INFO - DAG(s) 'example_dynamic_task_mapping_with_no_taskflow_operators' retrieved from /home/airflow/.local/lib/python3.12/site-packages/airflow/example_dags/example_dynamic_task_mapping_with_no_taskflow_operators.py
[2025-12-08T08:35:35.193+0000] {logging_mixin.py:190} INFO - [2025-12-08T08:35:35.193+0000] {dag.py:3211} INFO - Sync 1 DAGs
[2025-12-08T08:35:35.214+0000] {logging_mixin.py:190} INFO - [2025-12-08T08:35:35.214+0000] {dag.py:4138} INFO - Setting next_dagrun for example_dynamic_task_mapping_with_no_taskflow_operators to 2025-12-07 00:00:00+00:00, run_after=2025-12-08 00:00:00+00:00
[2025-12-08T08:35:35.234+0000] {processor.py:208} INFO - Processing /home/airflow/.local/lib/python3.12/site-packages/airflow/example_dags/example_dynamic_task_mapping_with_no_taskflow_operators.py took 0.085 seconds
[2025-12-08T08:36:05.840+0000] {processor.py:186} INFO - Started process (PID=8708) to work on /home/airflow/.local/lib/python3.12/site-packages/airflow/example_dags/example_dynamic_task_mapping_with_no_taskflow_operators.py
[2025-12-08T08:36:05.842+0000] {processor.py:914} INFO - Processing file /home/airflow/.local/lib/python3.12/site-packages/airflow/example_dags/example_dynamic_task_mapping_with_no_taskflow_operators.py for tasks to queue
[2025-12-08T08:36:05.845+0000] {logging_mixin.py:190} INFO - [2025-12-08T08:36:05.845+0000] {dagbag.py:587} INFO - Filling up the DagBag from /home/airflow/.local/lib/python3.12/site-packages/airflow/example_dags/example_dynamic_task_mapping_with_no_taskflow_operators.py
[2025-12-08T08:36:05.855+0000] {processor.py:925} INFO - DAG(s) 'example_dynamic_task_mapping_with_no_taskflow_operators' retrieved from /home/airflow/.local/lib/python3.12/site-packages/airflow/example_dags/example_dynamic_task_mapping_with_no_taskflow_operators.py
[2025-12-08T08:36:05.880+0000] {logging_mixin.py:190} INFO - [2025-12-08T08:36:05.879+0000] {dag.py:3211} INFO - Sync 1 DAGs
[2025-12-08T08:36:05.901+0000] {logging_mixin.py:190} INFO - [2025-12-08T08:36:05.901+0000] {dag.py:4138} INFO - Setting next_dagrun for example_dynamic_task_mapping_with_no_taskflow_operators to 2025-12-07 00:00:00+00:00, run_after=2025-12-08 00:00:00+00:00
[2025-12-08T08:36:05.923+0000] {processor.py:208} INFO - Processing /home/airflow/.local/lib/python3.12/site-packages/airflow/example_dags/example_dynamic_task_mapping_with_no_taskflow_operators.py took 0.091 seconds
[2025-12-08T08:36:36.520+0000] {processor.py:186} INFO - Started process (PID=8771) to work on /home/airflow/.local/lib/python3.12/site-packages/airflow/example_dags/example_dynamic_task_mapping_with_no_taskflow_operators.py
[2025-12-08T08:36:36.522+0000] {processor.py:914} INFO - Processing file /home/airflow/.local/lib/python3.12/site-packages/airflow/example_dags/example_dynamic_task_mapping_with_no_taskflow_operators.py for tasks to queue
[2025-12-08T08:36:36.525+0000] {logging_mixin.py:190} INFO - [2025-12-08T08:36:36.524+0000] {dagbag.py:587} INFO - Filling up the DagBag from /home/airflow/.local/lib/python3.12/site-packages/airflow/example_dags/example_dynamic_task_mapping_with_no_taskflow_operators.py
[2025-12-08T08:36:36.534+0000] {processor.py:925} INFO - DAG(s) 'example_dynamic_task_mapping_with_no_taskflow_operators' retrieved from /home/airflow/.local/lib/python3.12/site-packages/airflow/example_dags/example_dynamic_task_mapping_with_no_taskflow_operators.py
[2025-12-08T08:36:36.553+0000] {logging_mixin.py:190} INFO - [2025-12-08T08:36:36.552+0000] {dag.py:3211} INFO - Sync 1 DAGs
[2025-12-08T08:36:36.571+0000] {logging_mixin.py:190} INFO - [2025-12-08T08:36:36.571+0000] {dag.py:4138} INFO - Setting next_dagrun for example_dynamic_task_mapping_with_no_taskflow_operators to 2025-12-07 00:00:00+00:00, run_after=2025-12-08 00:00:00+00:00
[2025-12-08T08:36:36.596+0000] {processor.py:208} INFO - Processing /home/airflow/.local/lib/python3.12/site-packages/airflow/example_dags/example_dynamic_task_mapping_with_no_taskflow_operators.py took 0.084 seconds
[2025-12-08T08:37:06.788+0000] {processor.py:186} INFO - Started process (PID=8834) to work on /home/airflow/.local/lib/python3.12/site-packages/airflow/example_dags/example_dynamic_task_mapping_with_no_taskflow_operators.py
[2025-12-08T08:37:06.790+0000] {processor.py:914} INFO - Processing file /home/airflow/.local/lib/python3.12/site-packages/airflow/example_dags/example_dynamic_task_mapping_with_no_taskflow_operators.py for tasks to queue
[2025-12-08T08:37:06.793+0000] {logging_mixin.py:190} INFO - [2025-12-08T08:37:06.792+0000] {dagbag.py:587} INFO - Filling up the DagBag from /home/airflow/.local/lib/python3.12/site-packages/airflow/example_dags/example_dynamic_task_mapping_with_no_taskflow_operators.py
[2025-12-08T08:37:06.801+0000] {processor.py:925} INFO - DAG(s) 'example_dynamic_task_mapping_with_no_taskflow_operators' retrieved from /home/airflow/.local/lib/python3.12/site-packages/airflow/example_dags/example_dynamic_task_mapping_with_no_taskflow_operators.py
[2025-12-08T08:37:06.823+0000] {logging_mixin.py:190} INFO - [2025-12-08T08:37:06.823+0000] {dag.py:3211} INFO - Sync 1 DAGs
[2025-12-08T08:37:06.846+0000] {logging_mixin.py:190} INFO - [2025-12-08T08:37:06.846+0000] {dag.py:4138} INFO - Setting next_dagrun for example_dynamic_task_mapping_with_no_taskflow_operators to 2025-12-07 00:00:00+00:00, run_after=2025-12-08 00:00:00+00:00
[2025-12-08T08:37:06.867+0000] {processor.py:208} INFO - Processing /home/airflow/.local/lib/python3.12/site-packages/airflow/example_dags/example_dynamic_task_mapping_with_no_taskflow_operators.py took 0.085 seconds
[2025-12-08T08:37:37.537+0000] {processor.py:186} INFO - Started process (PID=8897) to work on /home/airflow/.local/lib/python3.12/site-packages/airflow/example_dags/example_dynamic_task_mapping_with_no_taskflow_operators.py
[2025-12-08T08:37:37.539+0000] {processor.py:914} INFO - Processing file /home/airflow/.local/lib/python3.12/site-packages/airflow/example_dags/example_dynamic_task_mapping_with_no_taskflow_operators.py for tasks to queue
[2025-12-08T08:37:37.543+0000] {logging_mixin.py:190} INFO - [2025-12-08T08:37:37.542+0000] {dagbag.py:587} INFO - Filling up the DagBag from /home/airflow/.local/lib/python3.12/site-packages/airflow/example_dags/example_dynamic_task_mapping_with_no_taskflow_operators.py
[2025-12-08T08:37:37.555+0000] {processor.py:925} INFO - DAG(s) 'example_dynamic_task_mapping_with_no_taskflow_operators' retrieved from /home/airflow/.local/lib/python3.12/site-packages/airflow/example_dags/example_dynamic_task_mapping_with_no_taskflow_operators.py
[2025-12-08T08:37:37.584+0000] {logging_mixin.py:190} INFO - [2025-12-08T08:37:37.584+0000] {dag.py:3211} INFO - Sync 1 DAGs
[2025-12-08T08:37:37.613+0000] {logging_mixin.py:190} INFO - [2025-12-08T08:37:37.613+0000] {dag.py:4138} INFO - Setting next_dagrun for example_dynamic_task_mapping_with_no_taskflow_operators to 2025-12-07 00:00:00+00:00, run_after=2025-12-08 00:00:00+00:00
[2025-12-08T08:37:37.820+0000] {processor.py:208} INFO - Processing /home/airflow/.local/lib/python3.12/site-packages/airflow/example_dags/example_dynamic_task_mapping_with_no_taskflow_operators.py took 0.291 seconds
[2025-12-08T08:38:08.228+0000] {processor.py:186} INFO - Started process (PID=8960) to work on /home/airflow/.local/lib/python3.12/site-packages/airflow/example_dags/example_dynamic_task_mapping_with_no_taskflow_operators.py
[2025-12-08T08:38:08.230+0000] {processor.py:914} INFO - Processing file /home/airflow/.local/lib/python3.12/site-packages/airflow/example_dags/example_dynamic_task_mapping_with_no_taskflow_operators.py for tasks to queue
[2025-12-08T08:38:08.233+0000] {logging_mixin.py:190} INFO - [2025-12-08T08:38:08.232+0000] {dagbag.py:587} INFO - Filling up the DagBag from /home/airflow/.local/lib/python3.12/site-packages/airflow/example_dags/example_dynamic_task_mapping_with_no_taskflow_operators.py
[2025-12-08T08:38:08.244+0000] {processor.py:925} INFO - DAG(s) 'example_dynamic_task_mapping_with_no_taskflow_operators' retrieved from /home/airflow/.local/lib/python3.12/site-packages/airflow/example_dags/example_dynamic_task_mapping_with_no_taskflow_operators.py
[2025-12-08T08:38:08.270+0000] {logging_mixin.py:190} INFO - [2025-12-08T08:38:08.270+0000] {dag.py:3211} INFO - Sync 1 DAGs
[2025-12-08T08:38:08.293+0000] {logging_mixin.py:190} INFO - [2025-12-08T08:38:08.293+0000] {dag.py:4138} INFO - Setting next_dagrun for example_dynamic_task_mapping_with_no_taskflow_operators to 2025-12-07 00:00:00+00:00, run_after=2025-12-08 00:00:00+00:00
[2025-12-08T08:38:08.314+0000] {processor.py:208} INFO - Processing /home/airflow/.local/lib/python3.12/site-packages/airflow/example_dags/example_dynamic_task_mapping_with_no_taskflow_operators.py took 0.092 seconds
[2025-12-08T08:38:38.984+0000] {processor.py:186} INFO - Started process (PID=9023) to work on /home/airflow/.local/lib/python3.12/site-packages/airflow/example_dags/example_dynamic_task_mapping_with_no_taskflow_operators.py
[2025-12-08T08:38:38.986+0000] {processor.py:914} INFO - Processing file /home/airflow/.local/lib/python3.12/site-packages/airflow/example_dags/example_dynamic_task_mapping_with_no_taskflow_operators.py for tasks to queue
[2025-12-08T08:38:38.988+0000] {logging_mixin.py:190} INFO - [2025-12-08T08:38:38.988+0000] {dagbag.py:587} INFO - Filling up the DagBag from /home/airflow/.local/lib/python3.12/site-packages/airflow/example_dags/example_dynamic_task_mapping_with_no_taskflow_operators.py
[2025-12-08T08:38:38.996+0000] {processor.py:925} INFO - DAG(s) 'example_dynamic_task_mapping_with_no_taskflow_operators' retrieved from /home/airflow/.local/lib/python3.12/site-packages/airflow/example_dags/example_dynamic_task_mapping_with_no_taskflow_operators.py
[2025-12-08T08:38:39.015+0000] {logging_mixin.py:190} INFO - [2025-12-08T08:38:39.015+0000] {dag.py:3211} INFO - Sync 1 DAGs
[2025-12-08T08:38:39.036+0000] {logging_mixin.py:190} INFO - [2025-12-08T08:38:39.036+0000] {dag.py:4138} INFO - Setting next_dagrun for example_dynamic_task_mapping_with_no_taskflow_operators to 2025-12-07 00:00:00+00:00, run_after=2025-12-08 00:00:00+00:00
[2025-12-08T08:38:39.053+0000] {processor.py:208} INFO - Processing /home/airflow/.local/lib/python3.12/site-packages/airflow/example_dags/example_dynamic_task_mapping_with_no_taskflow_operators.py took 0.076 seconds
[2025-12-08T08:39:09.244+0000] {processor.py:186} INFO - Started process (PID=9086) to work on /home/airflow/.local/lib/python3.12/site-packages/airflow/example_dags/example_dynamic_task_mapping_with_no_taskflow_operators.py
[2025-12-08T08:39:09.246+0000] {processor.py:914} INFO - Processing file /home/airflow/.local/lib/python3.12/site-packages/airflow/example_dags/example_dynamic_task_mapping_with_no_taskflow_operators.py for tasks to queue
[2025-12-08T08:39:09.251+0000] {logging_mixin.py:190} INFO - [2025-12-08T08:39:09.250+0000] {dagbag.py:587} INFO - Filling up the DagBag from /home/airflow/.local/lib/python3.12/site-packages/airflow/example_dags/example_dynamic_task_mapping_with_no_taskflow_operators.py
[2025-12-08T08:39:09.270+0000] {processor.py:925} INFO - DAG(s) 'example_dynamic_task_mapping_with_no_taskflow_operators' retrieved from /home/airflow/.local/lib/python3.12/site-packages/airflow/example_dags/example_dynamic_task_mapping_with_no_taskflow_operators.py
[2025-12-08T08:39:09.299+0000] {logging_mixin.py:190} INFO - [2025-12-08T08:39:09.299+0000] {dag.py:3211} INFO - Sync 1 DAGs
[2025-12-08T08:39:09.328+0000] {logging_mixin.py:190} INFO - [2025-12-08T08:39:09.328+0000] {dag.py:4138} INFO - Setting next_dagrun for example_dynamic_task_mapping_with_no_taskflow_operators to 2025-12-07 00:00:00+00:00, run_after=2025-12-08 00:00:00+00:00
[2025-12-08T08:39:09.353+0000] {processor.py:208} INFO - Processing /home/airflow/.local/lib/python3.12/site-packages/airflow/example_dags/example_dynamic_task_mapping_with_no_taskflow_operators.py took 0.117 seconds
[2025-12-08T08:39:40.840+0000] {processor.py:186} INFO - Started process (PID=9146) to work on /home/airflow/.local/lib/python3.12/site-packages/airflow/example_dags/example_dynamic_task_mapping_with_no_taskflow_operators.py
[2025-12-08T08:39:40.841+0000] {processor.py:914} INFO - Processing file /home/airflow/.local/lib/python3.12/site-packages/airflow/example_dags/example_dynamic_task_mapping_with_no_taskflow_operators.py for tasks to queue
[2025-12-08T08:39:40.844+0000] {logging_mixin.py:190} INFO - [2025-12-08T08:39:40.843+0000] {dagbag.py:587} INFO - Filling up the DagBag from /home/airflow/.local/lib/python3.12/site-packages/airflow/example_dags/example_dynamic_task_mapping_with_no_taskflow_operators.py
[2025-12-08T08:39:40.856+0000] {processor.py:925} INFO - DAG(s) 'example_dynamic_task_mapping_with_no_taskflow_operators' retrieved from /home/airflow/.local/lib/python3.12/site-packages/airflow/example_dags/example_dynamic_task_mapping_with_no_taskflow_operators.py
[2025-12-08T08:39:40.890+0000] {logging_mixin.py:190} INFO - [2025-12-08T08:39:40.889+0000] {dag.py:3211} INFO - Sync 1 DAGs
[2025-12-08T08:39:41.105+0000] {logging_mixin.py:190} INFO - [2025-12-08T08:39:41.105+0000] {dag.py:4138} INFO - Setting next_dagrun for example_dynamic_task_mapping_with_no_taskflow_operators to 2025-12-07 00:00:00+00:00, run_after=2025-12-08 00:00:00+00:00
[2025-12-08T08:39:41.131+0000] {processor.py:208} INFO - Processing /home/airflow/.local/lib/python3.12/site-packages/airflow/example_dags/example_dynamic_task_mapping_with_no_taskflow_operators.py took 0.299 seconds
[2025-12-08T08:40:11.410+0000] {processor.py:186} INFO - Started process (PID=9209) to work on /home/airflow/.local/lib/python3.12/site-packages/airflow/example_dags/example_dynamic_task_mapping_with_no_taskflow_operators.py
[2025-12-08T08:40:11.412+0000] {processor.py:914} INFO - Processing file /home/airflow/.local/lib/python3.12/site-packages/airflow/example_dags/example_dynamic_task_mapping_with_no_taskflow_operators.py for tasks to queue
[2025-12-08T08:40:11.415+0000] {logging_mixin.py:190} INFO - [2025-12-08T08:40:11.415+0000] {dagbag.py:587} INFO - Filling up the DagBag from /home/airflow/.local/lib/python3.12/site-packages/airflow/example_dags/example_dynamic_task_mapping_with_no_taskflow_operators.py
[2025-12-08T08:40:11.428+0000] {processor.py:925} INFO - DAG(s) 'example_dynamic_task_mapping_with_no_taskflow_operators' retrieved from /home/airflow/.local/lib/python3.12/site-packages/airflow/example_dags/example_dynamic_task_mapping_with_no_taskflow_operators.py
[2025-12-08T08:40:11.454+0000] {logging_mixin.py:190} INFO - [2025-12-08T08:40:11.454+0000] {dag.py:3211} INFO - Sync 1 DAGs
[2025-12-08T08:40:11.486+0000] {logging_mixin.py:190} INFO - [2025-12-08T08:40:11.485+0000] {dag.py:4138} INFO - Setting next_dagrun for example_dynamic_task_mapping_with_no_taskflow_operators to 2025-12-07 00:00:00+00:00, run_after=2025-12-08 00:00:00+00:00
[2025-12-08T08:40:11.675+0000] {processor.py:208} INFO - Processing /home/airflow/.local/lib/python3.12/site-packages/airflow/example_dags/example_dynamic_task_mapping_with_no_taskflow_operators.py took 0.271 seconds
[2025-12-08T08:40:42.686+0000] {processor.py:186} INFO - Started process (PID=9272) to work on /home/airflow/.local/lib/python3.12/site-packages/airflow/example_dags/example_dynamic_task_mapping_with_no_taskflow_operators.py
[2025-12-08T08:40:42.687+0000] {processor.py:914} INFO - Processing file /home/airflow/.local/lib/python3.12/site-packages/airflow/example_dags/example_dynamic_task_mapping_with_no_taskflow_operators.py for tasks to queue
[2025-12-08T08:40:42.690+0000] {logging_mixin.py:190} INFO - [2025-12-08T08:40:42.690+0000] {dagbag.py:587} INFO - Filling up the DagBag from /home/airflow/.local/lib/python3.12/site-packages/airflow/example_dags/example_dynamic_task_mapping_with_no_taskflow_operators.py
[2025-12-08T08:40:42.700+0000] {processor.py:925} INFO - DAG(s) 'example_dynamic_task_mapping_with_no_taskflow_operators' retrieved from /home/airflow/.local/lib/python3.12/site-packages/airflow/example_dags/example_dynamic_task_mapping_with_no_taskflow_operators.py
[2025-12-08T08:40:42.724+0000] {logging_mixin.py:190} INFO - [2025-12-08T08:40:42.724+0000] {dag.py:3211} INFO - Sync 1 DAGs
[2025-12-08T08:40:42.748+0000] {logging_mixin.py:190} INFO - [2025-12-08T08:40:42.748+0000] {dag.py:4138} INFO - Setting next_dagrun for example_dynamic_task_mapping_with_no_taskflow_operators to 2025-12-07 00:00:00+00:00, run_after=2025-12-08 00:00:00+00:00
[2025-12-08T08:40:42.945+0000] {processor.py:208} INFO - Processing /home/airflow/.local/lib/python3.12/site-packages/airflow/example_dags/example_dynamic_task_mapping_with_no_taskflow_operators.py took 0.266 seconds
[2025-12-08T08:41:13.683+0000] {processor.py:186} INFO - Started process (PID=9335) to work on /home/airflow/.local/lib/python3.12/site-packages/airflow/example_dags/example_dynamic_task_mapping_with_no_taskflow_operators.py
[2025-12-08T08:41:13.699+0000] {processor.py:914} INFO - Processing file /home/airflow/.local/lib/python3.12/site-packages/airflow/example_dags/example_dynamic_task_mapping_with_no_taskflow_operators.py for tasks to queue
[2025-12-08T08:41:13.715+0000] {logging_mixin.py:190} INFO - [2025-12-08T08:41:13.714+0000] {dagbag.py:587} INFO - Filling up the DagBag from /home/airflow/.local/lib/python3.12/site-packages/airflow/example_dags/example_dynamic_task_mapping_with_no_taskflow_operators.py
[2025-12-08T08:41:13.756+0000] {processor.py:925} INFO - DAG(s) 'example_dynamic_task_mapping_with_no_taskflow_operators' retrieved from /home/airflow/.local/lib/python3.12/site-packages/airflow/example_dags/example_dynamic_task_mapping_with_no_taskflow_operators.py
[2025-12-08T08:41:13.813+0000] {logging_mixin.py:190} INFO - [2025-12-08T08:41:13.812+0000] {dag.py:3211} INFO - Sync 1 DAGs
[2025-12-08T08:41:13.882+0000] {logging_mixin.py:190} INFO - [2025-12-08T08:41:13.881+0000] {dag.py:4138} INFO - Setting next_dagrun for example_dynamic_task_mapping_with_no_taskflow_operators to 2025-12-07 00:00:00+00:00, run_after=2025-12-08 00:00:00+00:00
[2025-12-08T08:41:13.935+0000] {processor.py:208} INFO - Processing /home/airflow/.local/lib/python3.12/site-packages/airflow/example_dags/example_dynamic_task_mapping_with_no_taskflow_operators.py took 0.262 seconds
[2025-12-08T08:41:44.324+0000] {processor.py:186} INFO - Started process (PID=9399) to work on /home/airflow/.local/lib/python3.12/site-packages/airflow/example_dags/example_dynamic_task_mapping_with_no_taskflow_operators.py
[2025-12-08T08:41:44.327+0000] {processor.py:914} INFO - Processing file /home/airflow/.local/lib/python3.12/site-packages/airflow/example_dags/example_dynamic_task_mapping_with_no_taskflow_operators.py for tasks to queue
[2025-12-08T08:41:44.333+0000] {logging_mixin.py:190} INFO - [2025-12-08T08:41:44.333+0000] {dagbag.py:587} INFO - Filling up the DagBag from /home/airflow/.local/lib/python3.12/site-packages/airflow/example_dags/example_dynamic_task_mapping_with_no_taskflow_operators.py
[2025-12-08T08:41:44.351+0000] {processor.py:925} INFO - DAG(s) 'example_dynamic_task_mapping_with_no_taskflow_operators' retrieved from /home/airflow/.local/lib/python3.12/site-packages/airflow/example_dags/example_dynamic_task_mapping_with_no_taskflow_operators.py
[2025-12-08T08:41:44.389+0000] {logging_mixin.py:190} INFO - [2025-12-08T08:41:44.388+0000] {dag.py:3211} INFO - Sync 1 DAGs
[2025-12-08T08:41:44.429+0000] {logging_mixin.py:190} INFO - [2025-12-08T08:41:44.429+0000] {dag.py:4138} INFO - Setting next_dagrun for example_dynamic_task_mapping_with_no_taskflow_operators to 2025-12-07 00:00:00+00:00, run_after=2025-12-08 00:00:00+00:00
[2025-12-08T08:41:44.460+0000] {processor.py:208} INFO - Processing /home/airflow/.local/lib/python3.12/site-packages/airflow/example_dags/example_dynamic_task_mapping_with_no_taskflow_operators.py took 0.150 seconds
[2025-12-08T08:42:15.335+0000] {processor.py:186} INFO - Started process (PID=9462) to work on /home/airflow/.local/lib/python3.12/site-packages/airflow/example_dags/example_dynamic_task_mapping_with_no_taskflow_operators.py
[2025-12-08T08:42:15.337+0000] {processor.py:914} INFO - Processing file /home/airflow/.local/lib/python3.12/site-packages/airflow/example_dags/example_dynamic_task_mapping_with_no_taskflow_operators.py for tasks to queue
[2025-12-08T08:42:15.342+0000] {logging_mixin.py:190} INFO - [2025-12-08T08:42:15.342+0000] {dagbag.py:587} INFO - Filling up the DagBag from /home/airflow/.local/lib/python3.12/site-packages/airflow/example_dags/example_dynamic_task_mapping_with_no_taskflow_operators.py
[2025-12-08T08:42:15.357+0000] {processor.py:925} INFO - DAG(s) 'example_dynamic_task_mapping_with_no_taskflow_operators' retrieved from /home/airflow/.local/lib/python3.12/site-packages/airflow/example_dags/example_dynamic_task_mapping_with_no_taskflow_operators.py
[2025-12-08T08:42:15.392+0000] {logging_mixin.py:190} INFO - [2025-12-08T08:42:15.392+0000] {dag.py:3211} INFO - Sync 1 DAGs
[2025-12-08T08:42:15.430+0000] {logging_mixin.py:190} INFO - [2025-12-08T08:42:15.429+0000] {dag.py:4138} INFO - Setting next_dagrun for example_dynamic_task_mapping_with_no_taskflow_operators to 2025-12-07 00:00:00+00:00, run_after=2025-12-08 00:00:00+00:00
[2025-12-08T08:42:15.469+0000] {processor.py:208} INFO - Processing /home/airflow/.local/lib/python3.12/site-packages/airflow/example_dags/example_dynamic_task_mapping_with_no_taskflow_operators.py took 0.144 seconds
[2025-12-08T08:42:45.813+0000] {processor.py:186} INFO - Started process (PID=9525) to work on /home/airflow/.local/lib/python3.12/site-packages/airflow/example_dags/example_dynamic_task_mapping_with_no_taskflow_operators.py
[2025-12-08T08:42:45.815+0000] {processor.py:914} INFO - Processing file /home/airflow/.local/lib/python3.12/site-packages/airflow/example_dags/example_dynamic_task_mapping_with_no_taskflow_operators.py for tasks to queue
[2025-12-08T08:42:45.818+0000] {logging_mixin.py:190} INFO - [2025-12-08T08:42:45.818+0000] {dagbag.py:587} INFO - Filling up the DagBag from /home/airflow/.local/lib/python3.12/site-packages/airflow/example_dags/example_dynamic_task_mapping_with_no_taskflow_operators.py
[2025-12-08T08:42:45.827+0000] {processor.py:925} INFO - DAG(s) 'example_dynamic_task_mapping_with_no_taskflow_operators' retrieved from /home/airflow/.local/lib/python3.12/site-packages/airflow/example_dags/example_dynamic_task_mapping_with_no_taskflow_operators.py
[2025-12-08T08:42:45.850+0000] {logging_mixin.py:190} INFO - [2025-12-08T08:42:45.849+0000] {dag.py:3211} INFO - Sync 1 DAGs
[2025-12-08T08:42:45.875+0000] {logging_mixin.py:190} INFO - [2025-12-08T08:42:45.875+0000] {dag.py:4138} INFO - Setting next_dagrun for example_dynamic_task_mapping_with_no_taskflow_operators to 2025-12-07 00:00:00+00:00, run_after=2025-12-08 00:00:00+00:00
[2025-12-08T08:42:45.897+0000] {processor.py:208} INFO - Processing /home/airflow/.local/lib/python3.12/site-packages/airflow/example_dags/example_dynamic_task_mapping_with_no_taskflow_operators.py took 0.089 seconds
