[2025-12-08T07:00:37.986+0000] {processor.py:186} INFO - Started process (PID=94) to work on /home/airflow/.local/lib/python3.12/site-packages/airflow/example_dags/example_sensor_decorator.py
[2025-12-08T07:00:37.991+0000] {processor.py:914} INFO - Processing file /home/airflow/.local/lib/python3.12/site-packages/airflow/example_dags/example_sensor_decorator.py for tasks to queue
[2025-12-08T07:00:37.999+0000] {logging_mixin.py:190} INFO - [2025-12-08T07:00:37.998+0000] {dagbag.py:587} INFO - Filling up the DagBag from /home/airflow/.local/lib/python3.12/site-packages/airflow/example_dags/example_sensor_decorator.py
[2025-12-08T07:00:38.030+0000] {processor.py:925} INFO - DAG(s) 'example_sensor_decorator' retrieved from /home/airflow/.local/lib/python3.12/site-packages/airflow/example_dags/example_sensor_decorator.py
[2025-12-08T07:00:38.112+0000] {logging_mixin.py:190} INFO - [2025-12-08T07:00:38.111+0000] {dag.py:3211} INFO - Sync 1 DAGs
[2025-12-08T07:00:38.144+0000] {logging_mixin.py:190} INFO - [2025-12-08T07:00:38.143+0000] {dag.py:4138} INFO - Setting next_dagrun for example_sensor_decorator to None, run_after=None
[2025-12-08T07:00:38.197+0000] {processor.py:208} INFO - Processing /home/airflow/.local/lib/python3.12/site-packages/airflow/example_dags/example_sensor_decorator.py took 0.226 seconds
[2025-12-08T07:01:08.490+0000] {processor.py:186} INFO - Started process (PID=156) to work on /home/airflow/.local/lib/python3.12/site-packages/airflow/example_dags/example_sensor_decorator.py
[2025-12-08T07:01:08.492+0000] {processor.py:914} INFO - Processing file /home/airflow/.local/lib/python3.12/site-packages/airflow/example_dags/example_sensor_decorator.py for tasks to queue
[2025-12-08T07:01:08.499+0000] {logging_mixin.py:190} INFO - [2025-12-08T07:01:08.496+0000] {dagbag.py:587} INFO - Filling up the DagBag from /home/airflow/.local/lib/python3.12/site-packages/airflow/example_dags/example_sensor_decorator.py
[2025-12-08T07:01:08.514+0000] {processor.py:925} INFO - DAG(s) 'example_sensor_decorator' retrieved from /home/airflow/.local/lib/python3.12/site-packages/airflow/example_dags/example_sensor_decorator.py
[2025-12-08T07:01:08.556+0000] {logging_mixin.py:190} INFO - [2025-12-08T07:01:08.555+0000] {dag.py:3211} INFO - Sync 1 DAGs
[2025-12-08T07:01:08.579+0000] {logging_mixin.py:190} INFO - [2025-12-08T07:01:08.578+0000] {dag.py:4138} INFO - Setting next_dagrun for example_sensor_decorator to None, run_after=None
[2025-12-08T07:01:08.627+0000] {processor.py:208} INFO - Processing /home/airflow/.local/lib/python3.12/site-packages/airflow/example_dags/example_sensor_decorator.py took 0.147 seconds
[2025-12-08T07:01:40.752+0000] {processor.py:186} INFO - Started process (PID=218) to work on /home/airflow/.local/lib/python3.12/site-packages/airflow/example_dags/example_sensor_decorator.py
[2025-12-08T07:01:40.756+0000] {processor.py:914} INFO - Processing file /home/airflow/.local/lib/python3.12/site-packages/airflow/example_dags/example_sensor_decorator.py for tasks to queue
[2025-12-08T07:01:40.775+0000] {logging_mixin.py:190} INFO - [2025-12-08T07:01:40.775+0000] {dagbag.py:587} INFO - Filling up the DagBag from /home/airflow/.local/lib/python3.12/site-packages/airflow/example_dags/example_sensor_decorator.py
[2025-12-08T07:01:40.799+0000] {processor.py:925} INFO - DAG(s) 'example_sensor_decorator' retrieved from /home/airflow/.local/lib/python3.12/site-packages/airflow/example_dags/example_sensor_decorator.py
[2025-12-08T07:01:40.883+0000] {logging_mixin.py:190} INFO - [2025-12-08T07:01:40.877+0000] {dag.py:3211} INFO - Sync 1 DAGs
[2025-12-08T07:01:40.952+0000] {logging_mixin.py:190} INFO - [2025-12-08T07:01:40.951+0000] {dag.py:4138} INFO - Setting next_dagrun for example_sensor_decorator to None, run_after=None
[2025-12-08T07:01:41.026+0000] {processor.py:208} INFO - Processing /home/airflow/.local/lib/python3.12/site-packages/airflow/example_dags/example_sensor_decorator.py took 0.288 seconds
[2025-12-08T07:02:11.198+0000] {processor.py:186} INFO - Started process (PID=280) to work on /home/airflow/.local/lib/python3.12/site-packages/airflow/example_dags/example_sensor_decorator.py
[2025-12-08T07:02:11.206+0000] {processor.py:914} INFO - Processing file /home/airflow/.local/lib/python3.12/site-packages/airflow/example_dags/example_sensor_decorator.py for tasks to queue
[2025-12-08T07:02:11.224+0000] {logging_mixin.py:190} INFO - [2025-12-08T07:02:11.223+0000] {dagbag.py:587} INFO - Filling up the DagBag from /home/airflow/.local/lib/python3.12/site-packages/airflow/example_dags/example_sensor_decorator.py
[2025-12-08T07:02:11.243+0000] {processor.py:925} INFO - DAG(s) 'example_sensor_decorator' retrieved from /home/airflow/.local/lib/python3.12/site-packages/airflow/example_dags/example_sensor_decorator.py
[2025-12-08T07:02:11.282+0000] {logging_mixin.py:190} INFO - [2025-12-08T07:02:11.281+0000] {dag.py:3211} INFO - Sync 1 DAGs
[2025-12-08T07:02:11.304+0000] {logging_mixin.py:190} INFO - [2025-12-08T07:02:11.303+0000] {dag.py:4138} INFO - Setting next_dagrun for example_sensor_decorator to None, run_after=None
[2025-12-08T07:02:11.333+0000] {processor.py:208} INFO - Processing /home/airflow/.local/lib/python3.12/site-packages/airflow/example_dags/example_sensor_decorator.py took 0.156 seconds
[2025-12-08T07:02:41.625+0000] {processor.py:186} INFO - Started process (PID=342) to work on /home/airflow/.local/lib/python3.12/site-packages/airflow/example_dags/example_sensor_decorator.py
[2025-12-08T07:02:41.627+0000] {processor.py:914} INFO - Processing file /home/airflow/.local/lib/python3.12/site-packages/airflow/example_dags/example_sensor_decorator.py for tasks to queue
[2025-12-08T07:02:41.633+0000] {logging_mixin.py:190} INFO - [2025-12-08T07:02:41.632+0000] {dagbag.py:587} INFO - Filling up the DagBag from /home/airflow/.local/lib/python3.12/site-packages/airflow/example_dags/example_sensor_decorator.py
[2025-12-08T07:02:41.646+0000] {processor.py:925} INFO - DAG(s) 'example_sensor_decorator' retrieved from /home/airflow/.local/lib/python3.12/site-packages/airflow/example_dags/example_sensor_decorator.py
[2025-12-08T07:02:41.691+0000] {logging_mixin.py:190} INFO - [2025-12-08T07:02:41.691+0000] {dag.py:3211} INFO - Sync 1 DAGs
[2025-12-08T07:02:41.715+0000] {logging_mixin.py:190} INFO - [2025-12-08T07:02:41.715+0000] {dag.py:4138} INFO - Setting next_dagrun for example_sensor_decorator to None, run_after=None
[2025-12-08T07:02:41.751+0000] {processor.py:208} INFO - Processing /home/airflow/.local/lib/python3.12/site-packages/airflow/example_dags/example_sensor_decorator.py took 0.137 seconds
[2025-12-08T07:03:12.327+0000] {processor.py:186} INFO - Started process (PID=403) to work on /home/airflow/.local/lib/python3.12/site-packages/airflow/example_dags/example_sensor_decorator.py
[2025-12-08T07:03:12.328+0000] {processor.py:914} INFO - Processing file /home/airflow/.local/lib/python3.12/site-packages/airflow/example_dags/example_sensor_decorator.py for tasks to queue
[2025-12-08T07:03:12.334+0000] {logging_mixin.py:190} INFO - [2025-12-08T07:03:12.334+0000] {dagbag.py:587} INFO - Filling up the DagBag from /home/airflow/.local/lib/python3.12/site-packages/airflow/example_dags/example_sensor_decorator.py
[2025-12-08T07:03:12.347+0000] {processor.py:925} INFO - DAG(s) 'example_sensor_decorator' retrieved from /home/airflow/.local/lib/python3.12/site-packages/airflow/example_dags/example_sensor_decorator.py
[2025-12-08T07:03:12.381+0000] {logging_mixin.py:190} INFO - [2025-12-08T07:03:12.380+0000] {dag.py:3211} INFO - Sync 1 DAGs
[2025-12-08T07:03:12.402+0000] {logging_mixin.py:190} INFO - [2025-12-08T07:03:12.401+0000] {dag.py:4138} INFO - Setting next_dagrun for example_sensor_decorator to None, run_after=None
[2025-12-08T07:03:12.440+0000] {processor.py:208} INFO - Processing /home/airflow/.local/lib/python3.12/site-packages/airflow/example_dags/example_sensor_decorator.py took 0.121 seconds
[2025-12-08T07:03:43.641+0000] {processor.py:186} INFO - Started process (PID=466) to work on /home/airflow/.local/lib/python3.12/site-packages/airflow/example_dags/example_sensor_decorator.py
[2025-12-08T07:03:43.645+0000] {processor.py:914} INFO - Processing file /home/airflow/.local/lib/python3.12/site-packages/airflow/example_dags/example_sensor_decorator.py for tasks to queue
[2025-12-08T07:03:43.654+0000] {logging_mixin.py:190} INFO - [2025-12-08T07:03:43.653+0000] {dagbag.py:587} INFO - Filling up the DagBag from /home/airflow/.local/lib/python3.12/site-packages/airflow/example_dags/example_sensor_decorator.py
[2025-12-08T07:03:43.669+0000] {processor.py:925} INFO - DAG(s) 'example_sensor_decorator' retrieved from /home/airflow/.local/lib/python3.12/site-packages/airflow/example_dags/example_sensor_decorator.py
[2025-12-08T07:03:43.726+0000] {logging_mixin.py:190} INFO - [2025-12-08T07:03:43.725+0000] {dag.py:3211} INFO - Sync 1 DAGs
[2025-12-08T07:03:43.765+0000] {logging_mixin.py:190} INFO - [2025-12-08T07:03:43.764+0000] {dag.py:4138} INFO - Setting next_dagrun for example_sensor_decorator to None, run_after=None
[2025-12-08T07:03:43.809+0000] {processor.py:208} INFO - Processing /home/airflow/.local/lib/python3.12/site-packages/airflow/example_dags/example_sensor_decorator.py took 0.183 seconds
[2025-12-08T07:04:15.330+0000] {processor.py:186} INFO - Started process (PID=528) to work on /home/airflow/.local/lib/python3.12/site-packages/airflow/example_dags/example_sensor_decorator.py
[2025-12-08T07:04:15.333+0000] {processor.py:914} INFO - Processing file /home/airflow/.local/lib/python3.12/site-packages/airflow/example_dags/example_sensor_decorator.py for tasks to queue
[2025-12-08T07:04:15.350+0000] {logging_mixin.py:190} INFO - [2025-12-08T07:04:15.348+0000] {dagbag.py:587} INFO - Filling up the DagBag from /home/airflow/.local/lib/python3.12/site-packages/airflow/example_dags/example_sensor_decorator.py
[2025-12-08T07:04:15.377+0000] {processor.py:925} INFO - DAG(s) 'example_sensor_decorator' retrieved from /home/airflow/.local/lib/python3.12/site-packages/airflow/example_dags/example_sensor_decorator.py
[2025-12-08T07:04:15.425+0000] {logging_mixin.py:190} INFO - [2025-12-08T07:04:15.424+0000] {dag.py:3211} INFO - Sync 1 DAGs
[2025-12-08T07:04:15.461+0000] {logging_mixin.py:190} INFO - [2025-12-08T07:04:15.460+0000] {dag.py:4138} INFO - Setting next_dagrun for example_sensor_decorator to None, run_after=None
[2025-12-08T07:04:15.500+0000] {processor.py:208} INFO - Processing /home/airflow/.local/lib/python3.12/site-packages/airflow/example_dags/example_sensor_decorator.py took 0.195 seconds
[2025-12-08T07:04:45.629+0000] {processor.py:186} INFO - Started process (PID=590) to work on /home/airflow/.local/lib/python3.12/site-packages/airflow/example_dags/example_sensor_decorator.py
[2025-12-08T07:04:45.632+0000] {processor.py:914} INFO - Processing file /home/airflow/.local/lib/python3.12/site-packages/airflow/example_dags/example_sensor_decorator.py for tasks to queue
[2025-12-08T07:04:45.646+0000] {logging_mixin.py:190} INFO - [2025-12-08T07:04:45.645+0000] {dagbag.py:587} INFO - Filling up the DagBag from /home/airflow/.local/lib/python3.12/site-packages/airflow/example_dags/example_sensor_decorator.py
[2025-12-08T07:04:45.672+0000] {processor.py:925} INFO - DAG(s) 'example_sensor_decorator' retrieved from /home/airflow/.local/lib/python3.12/site-packages/airflow/example_dags/example_sensor_decorator.py
[2025-12-08T07:04:45.717+0000] {logging_mixin.py:190} INFO - [2025-12-08T07:04:45.717+0000] {dag.py:3211} INFO - Sync 1 DAGs
[2025-12-08T07:04:45.741+0000] {logging_mixin.py:190} INFO - [2025-12-08T07:04:45.740+0000] {dag.py:4138} INFO - Setting next_dagrun for example_sensor_decorator to None, run_after=None
[2025-12-08T07:04:45.800+0000] {processor.py:208} INFO - Processing /home/airflow/.local/lib/python3.12/site-packages/airflow/example_dags/example_sensor_decorator.py took 0.187 seconds
[2025-12-08T07:05:16.377+0000] {processor.py:186} INFO - Started process (PID=652) to work on /home/airflow/.local/lib/python3.12/site-packages/airflow/example_dags/example_sensor_decorator.py
[2025-12-08T07:05:16.382+0000] {processor.py:914} INFO - Processing file /home/airflow/.local/lib/python3.12/site-packages/airflow/example_dags/example_sensor_decorator.py for tasks to queue
[2025-12-08T07:05:16.391+0000] {logging_mixin.py:190} INFO - [2025-12-08T07:05:16.390+0000] {dagbag.py:587} INFO - Filling up the DagBag from /home/airflow/.local/lib/python3.12/site-packages/airflow/example_dags/example_sensor_decorator.py
[2025-12-08T07:05:16.403+0000] {processor.py:925} INFO - DAG(s) 'example_sensor_decorator' retrieved from /home/airflow/.local/lib/python3.12/site-packages/airflow/example_dags/example_sensor_decorator.py
[2025-12-08T07:05:16.436+0000] {logging_mixin.py:190} INFO - [2025-12-08T07:05:16.436+0000] {dag.py:3211} INFO - Sync 1 DAGs
[2025-12-08T07:05:16.466+0000] {logging_mixin.py:190} INFO - [2025-12-08T07:05:16.465+0000] {dag.py:4138} INFO - Setting next_dagrun for example_sensor_decorator to None, run_after=None
[2025-12-08T07:05:16.504+0000] {processor.py:208} INFO - Processing /home/airflow/.local/lib/python3.12/site-packages/airflow/example_dags/example_sensor_decorator.py took 0.141 seconds
[2025-12-08T07:07:33.614+0000] {processor.py:186} INFO - Started process (PID=81) to work on /home/airflow/.local/lib/python3.12/site-packages/airflow/example_dags/example_sensor_decorator.py
[2025-12-08T07:07:33.619+0000] {processor.py:914} INFO - Processing file /home/airflow/.local/lib/python3.12/site-packages/airflow/example_dags/example_sensor_decorator.py for tasks to queue
[2025-12-08T07:07:33.632+0000] {logging_mixin.py:190} INFO - [2025-12-08T07:07:33.631+0000] {dagbag.py:587} INFO - Filling up the DagBag from /home/airflow/.local/lib/python3.12/site-packages/airflow/example_dags/example_sensor_decorator.py
[2025-12-08T07:07:33.682+0000] {processor.py:925} INFO - DAG(s) 'example_sensor_decorator' retrieved from /home/airflow/.local/lib/python3.12/site-packages/airflow/example_dags/example_sensor_decorator.py
[2025-12-08T07:07:33.809+0000] {logging_mixin.py:190} INFO - [2025-12-08T07:07:33.808+0000] {dag.py:3211} INFO - Sync 1 DAGs
[2025-12-08T07:07:33.850+0000] {logging_mixin.py:190} INFO - [2025-12-08T07:07:33.849+0000] {dag.py:4138} INFO - Setting next_dagrun for example_sensor_decorator to None, run_after=None
[2025-12-08T07:07:33.951+0000] {processor.py:208} INFO - Processing /home/airflow/.local/lib/python3.12/site-packages/airflow/example_dags/example_sensor_decorator.py took 0.352 seconds
[2025-12-08T07:08:04.905+0000] {processor.py:186} INFO - Started process (PID=144) to work on /home/airflow/.local/lib/python3.12/site-packages/airflow/example_dags/example_sensor_decorator.py
[2025-12-08T07:08:04.910+0000] {processor.py:914} INFO - Processing file /home/airflow/.local/lib/python3.12/site-packages/airflow/example_dags/example_sensor_decorator.py for tasks to queue
[2025-12-08T07:08:04.921+0000] {logging_mixin.py:190} INFO - [2025-12-08T07:08:04.920+0000] {dagbag.py:587} INFO - Filling up the DagBag from /home/airflow/.local/lib/python3.12/site-packages/airflow/example_dags/example_sensor_decorator.py
[2025-12-08T07:08:04.940+0000] {processor.py:925} INFO - DAG(s) 'example_sensor_decorator' retrieved from /home/airflow/.local/lib/python3.12/site-packages/airflow/example_dags/example_sensor_decorator.py
[2025-12-08T07:08:04.998+0000] {logging_mixin.py:190} INFO - [2025-12-08T07:08:04.998+0000] {dag.py:3211} INFO - Sync 1 DAGs
[2025-12-08T07:08:05.035+0000] {logging_mixin.py:190} INFO - [2025-12-08T07:08:05.034+0000] {dag.py:4138} INFO - Setting next_dagrun for example_sensor_decorator to None, run_after=None
[2025-12-08T07:08:05.081+0000] {processor.py:208} INFO - Processing /home/airflow/.local/lib/python3.12/site-packages/airflow/example_dags/example_sensor_decorator.py took 0.197 seconds
[2025-12-08T07:08:35.551+0000] {processor.py:186} INFO - Started process (PID=206) to work on /home/airflow/.local/lib/python3.12/site-packages/airflow/example_dags/example_sensor_decorator.py
[2025-12-08T07:08:35.557+0000] {processor.py:914} INFO - Processing file /home/airflow/.local/lib/python3.12/site-packages/airflow/example_dags/example_sensor_decorator.py for tasks to queue
[2025-12-08T07:08:35.563+0000] {logging_mixin.py:190} INFO - [2025-12-08T07:08:35.562+0000] {dagbag.py:587} INFO - Filling up the DagBag from /home/airflow/.local/lib/python3.12/site-packages/airflow/example_dags/example_sensor_decorator.py
[2025-12-08T07:08:35.579+0000] {processor.py:925} INFO - DAG(s) 'example_sensor_decorator' retrieved from /home/airflow/.local/lib/python3.12/site-packages/airflow/example_dags/example_sensor_decorator.py
[2025-12-08T07:08:35.616+0000] {logging_mixin.py:190} INFO - [2025-12-08T07:08:35.616+0000] {dag.py:3211} INFO - Sync 1 DAGs
[2025-12-08T07:08:35.638+0000] {logging_mixin.py:190} INFO - [2025-12-08T07:08:35.637+0000] {dag.py:4138} INFO - Setting next_dagrun for example_sensor_decorator to None, run_after=None
[2025-12-08T07:08:35.675+0000] {processor.py:208} INFO - Processing /home/airflow/.local/lib/python3.12/site-packages/airflow/example_dags/example_sensor_decorator.py took 0.141 seconds
[2025-12-08T07:09:06.502+0000] {processor.py:186} INFO - Started process (PID=274) to work on /home/airflow/.local/lib/python3.12/site-packages/airflow/example_dags/example_sensor_decorator.py
[2025-12-08T07:09:06.503+0000] {processor.py:914} INFO - Processing file /home/airflow/.local/lib/python3.12/site-packages/airflow/example_dags/example_sensor_decorator.py for tasks to queue
[2025-12-08T07:09:06.506+0000] {logging_mixin.py:190} INFO - [2025-12-08T07:09:06.506+0000] {dagbag.py:587} INFO - Filling up the DagBag from /home/airflow/.local/lib/python3.12/site-packages/airflow/example_dags/example_sensor_decorator.py
[2025-12-08T07:09:06.516+0000] {processor.py:925} INFO - DAG(s) 'example_sensor_decorator' retrieved from /home/airflow/.local/lib/python3.12/site-packages/airflow/example_dags/example_sensor_decorator.py
[2025-12-08T07:09:06.538+0000] {logging_mixin.py:190} INFO - [2025-12-08T07:09:06.537+0000] {dag.py:3211} INFO - Sync 1 DAGs
[2025-12-08T07:09:06.549+0000] {logging_mixin.py:190} INFO - [2025-12-08T07:09:06.549+0000] {dag.py:4138} INFO - Setting next_dagrun for example_sensor_decorator to None, run_after=None
[2025-12-08T07:09:06.571+0000] {processor.py:208} INFO - Processing /home/airflow/.local/lib/python3.12/site-packages/airflow/example_dags/example_sensor_decorator.py took 0.076 seconds
[2025-12-08T07:09:37.370+0000] {processor.py:186} INFO - Started process (PID=336) to work on /home/airflow/.local/lib/python3.12/site-packages/airflow/example_dags/example_sensor_decorator.py
[2025-12-08T07:09:37.373+0000] {processor.py:914} INFO - Processing file /home/airflow/.local/lib/python3.12/site-packages/airflow/example_dags/example_sensor_decorator.py for tasks to queue
[2025-12-08T07:09:37.376+0000] {logging_mixin.py:190} INFO - [2025-12-08T07:09:37.376+0000] {dagbag.py:587} INFO - Filling up the DagBag from /home/airflow/.local/lib/python3.12/site-packages/airflow/example_dags/example_sensor_decorator.py
[2025-12-08T07:09:37.384+0000] {processor.py:925} INFO - DAG(s) 'example_sensor_decorator' retrieved from /home/airflow/.local/lib/python3.12/site-packages/airflow/example_dags/example_sensor_decorator.py
[2025-12-08T07:09:37.406+0000] {logging_mixin.py:190} INFO - [2025-12-08T07:09:37.406+0000] {dag.py:3211} INFO - Sync 1 DAGs
[2025-12-08T07:09:37.419+0000] {logging_mixin.py:190} INFO - [2025-12-08T07:09:37.419+0000] {dag.py:4138} INFO - Setting next_dagrun for example_sensor_decorator to None, run_after=None
[2025-12-08T07:09:37.444+0000] {processor.py:208} INFO - Processing /home/airflow/.local/lib/python3.12/site-packages/airflow/example_dags/example_sensor_decorator.py took 0.080 seconds
[2025-12-08T07:10:08.199+0000] {processor.py:186} INFO - Started process (PID=398) to work on /home/airflow/.local/lib/python3.12/site-packages/airflow/example_dags/example_sensor_decorator.py
[2025-12-08T07:10:08.201+0000] {processor.py:914} INFO - Processing file /home/airflow/.local/lib/python3.12/site-packages/airflow/example_dags/example_sensor_decorator.py for tasks to queue
[2025-12-08T07:10:08.205+0000] {logging_mixin.py:190} INFO - [2025-12-08T07:10:08.204+0000] {dagbag.py:587} INFO - Filling up the DagBag from /home/airflow/.local/lib/python3.12/site-packages/airflow/example_dags/example_sensor_decorator.py
[2025-12-08T07:10:08.212+0000] {processor.py:925} INFO - DAG(s) 'example_sensor_decorator' retrieved from /home/airflow/.local/lib/python3.12/site-packages/airflow/example_dags/example_sensor_decorator.py
[2025-12-08T07:10:08.232+0000] {logging_mixin.py:190} INFO - [2025-12-08T07:10:08.232+0000] {dag.py:3211} INFO - Sync 1 DAGs
[2025-12-08T07:10:08.247+0000] {logging_mixin.py:190} INFO - [2025-12-08T07:10:08.247+0000] {dag.py:4138} INFO - Setting next_dagrun for example_sensor_decorator to None, run_after=None
[2025-12-08T07:10:08.278+0000] {processor.py:208} INFO - Processing /home/airflow/.local/lib/python3.12/site-packages/airflow/example_dags/example_sensor_decorator.py took 0.084 seconds
[2025-12-08T07:10:38.434+0000] {processor.py:186} INFO - Started process (PID=460) to work on /home/airflow/.local/lib/python3.12/site-packages/airflow/example_dags/example_sensor_decorator.py
[2025-12-08T07:10:38.435+0000] {processor.py:914} INFO - Processing file /home/airflow/.local/lib/python3.12/site-packages/airflow/example_dags/example_sensor_decorator.py for tasks to queue
[2025-12-08T07:10:38.439+0000] {logging_mixin.py:190} INFO - [2025-12-08T07:10:38.438+0000] {dagbag.py:587} INFO - Filling up the DagBag from /home/airflow/.local/lib/python3.12/site-packages/airflow/example_dags/example_sensor_decorator.py
[2025-12-08T07:10:38.447+0000] {processor.py:925} INFO - DAG(s) 'example_sensor_decorator' retrieved from /home/airflow/.local/lib/python3.12/site-packages/airflow/example_dags/example_sensor_decorator.py
[2025-12-08T07:10:38.467+0000] {logging_mixin.py:190} INFO - [2025-12-08T07:10:38.467+0000] {dag.py:3211} INFO - Sync 1 DAGs
[2025-12-08T07:10:38.481+0000] {logging_mixin.py:190} INFO - [2025-12-08T07:10:38.481+0000] {dag.py:4138} INFO - Setting next_dagrun for example_sensor_decorator to None, run_after=None
[2025-12-08T07:10:38.503+0000] {processor.py:208} INFO - Processing /home/airflow/.local/lib/python3.12/site-packages/airflow/example_dags/example_sensor_decorator.py took 0.075 seconds
[2025-12-08T07:11:08.725+0000] {processor.py:186} INFO - Started process (PID=522) to work on /home/airflow/.local/lib/python3.12/site-packages/airflow/example_dags/example_sensor_decorator.py
[2025-12-08T07:11:08.727+0000] {processor.py:914} INFO - Processing file /home/airflow/.local/lib/python3.12/site-packages/airflow/example_dags/example_sensor_decorator.py for tasks to queue
[2025-12-08T07:11:08.730+0000] {logging_mixin.py:190} INFO - [2025-12-08T07:11:08.730+0000] {dagbag.py:587} INFO - Filling up the DagBag from /home/airflow/.local/lib/python3.12/site-packages/airflow/example_dags/example_sensor_decorator.py
[2025-12-08T07:11:08.740+0000] {processor.py:925} INFO - DAG(s) 'example_sensor_decorator' retrieved from /home/airflow/.local/lib/python3.12/site-packages/airflow/example_dags/example_sensor_decorator.py
[2025-12-08T07:11:08.761+0000] {logging_mixin.py:190} INFO - [2025-12-08T07:11:08.760+0000] {dag.py:3211} INFO - Sync 1 DAGs
[2025-12-08T07:11:08.776+0000] {logging_mixin.py:190} INFO - [2025-12-08T07:11:08.776+0000] {dag.py:4138} INFO - Setting next_dagrun for example_sensor_decorator to None, run_after=None
[2025-12-08T07:11:08.801+0000] {processor.py:208} INFO - Processing /home/airflow/.local/lib/python3.12/site-packages/airflow/example_dags/example_sensor_decorator.py took 0.082 seconds
[2025-12-08T07:11:39.060+0000] {processor.py:186} INFO - Started process (PID=584) to work on /home/airflow/.local/lib/python3.12/site-packages/airflow/example_dags/example_sensor_decorator.py
[2025-12-08T07:11:39.062+0000] {processor.py:914} INFO - Processing file /home/airflow/.local/lib/python3.12/site-packages/airflow/example_dags/example_sensor_decorator.py for tasks to queue
[2025-12-08T07:11:39.065+0000] {logging_mixin.py:190} INFO - [2025-12-08T07:11:39.064+0000] {dagbag.py:587} INFO - Filling up the DagBag from /home/airflow/.local/lib/python3.12/site-packages/airflow/example_dags/example_sensor_decorator.py
[2025-12-08T07:11:39.073+0000] {processor.py:925} INFO - DAG(s) 'example_sensor_decorator' retrieved from /home/airflow/.local/lib/python3.12/site-packages/airflow/example_dags/example_sensor_decorator.py
[2025-12-08T07:11:39.101+0000] {logging_mixin.py:190} INFO - [2025-12-08T07:11:39.101+0000] {dag.py:3211} INFO - Sync 1 DAGs
[2025-12-08T07:11:39.119+0000] {logging_mixin.py:190} INFO - [2025-12-08T07:11:39.119+0000] {dag.py:4138} INFO - Setting next_dagrun for example_sensor_decorator to None, run_after=None
[2025-12-08T07:11:39.148+0000] {processor.py:208} INFO - Processing /home/airflow/.local/lib/python3.12/site-packages/airflow/example_dags/example_sensor_decorator.py took 0.095 seconds
[2025-12-08T07:12:09.377+0000] {processor.py:186} INFO - Started process (PID=646) to work on /home/airflow/.local/lib/python3.12/site-packages/airflow/example_dags/example_sensor_decorator.py
[2025-12-08T07:12:09.379+0000] {processor.py:914} INFO - Processing file /home/airflow/.local/lib/python3.12/site-packages/airflow/example_dags/example_sensor_decorator.py for tasks to queue
[2025-12-08T07:12:09.383+0000] {logging_mixin.py:190} INFO - [2025-12-08T07:12:09.382+0000] {dagbag.py:587} INFO - Filling up the DagBag from /home/airflow/.local/lib/python3.12/site-packages/airflow/example_dags/example_sensor_decorator.py
[2025-12-08T07:12:09.390+0000] {processor.py:925} INFO - DAG(s) 'example_sensor_decorator' retrieved from /home/airflow/.local/lib/python3.12/site-packages/airflow/example_dags/example_sensor_decorator.py
[2025-12-08T07:12:09.412+0000] {logging_mixin.py:190} INFO - [2025-12-08T07:12:09.412+0000] {dag.py:3211} INFO - Sync 1 DAGs
[2025-12-08T07:12:09.427+0000] {logging_mixin.py:190} INFO - [2025-12-08T07:12:09.426+0000] {dag.py:4138} INFO - Setting next_dagrun for example_sensor_decorator to None, run_after=None
[2025-12-08T07:12:09.452+0000] {processor.py:208} INFO - Processing /home/airflow/.local/lib/python3.12/site-packages/airflow/example_dags/example_sensor_decorator.py took 0.081 seconds
[2025-12-08T07:12:39.726+0000] {processor.py:186} INFO - Started process (PID=709) to work on /home/airflow/.local/lib/python3.12/site-packages/airflow/example_dags/example_sensor_decorator.py
[2025-12-08T07:12:39.728+0000] {processor.py:914} INFO - Processing file /home/airflow/.local/lib/python3.12/site-packages/airflow/example_dags/example_sensor_decorator.py for tasks to queue
[2025-12-08T07:12:39.732+0000] {logging_mixin.py:190} INFO - [2025-12-08T07:12:39.732+0000] {dagbag.py:587} INFO - Filling up the DagBag from /home/airflow/.local/lib/python3.12/site-packages/airflow/example_dags/example_sensor_decorator.py
[2025-12-08T07:12:39.742+0000] {processor.py:925} INFO - DAG(s) 'example_sensor_decorator' retrieved from /home/airflow/.local/lib/python3.12/site-packages/airflow/example_dags/example_sensor_decorator.py
[2025-12-08T07:12:39.769+0000] {logging_mixin.py:190} INFO - [2025-12-08T07:12:39.769+0000] {dag.py:3211} INFO - Sync 1 DAGs
[2025-12-08T07:12:39.784+0000] {logging_mixin.py:190} INFO - [2025-12-08T07:12:39.783+0000] {dag.py:4138} INFO - Setting next_dagrun for example_sensor_decorator to None, run_after=None
[2025-12-08T07:12:39.808+0000] {processor.py:208} INFO - Processing /home/airflow/.local/lib/python3.12/site-packages/airflow/example_dags/example_sensor_decorator.py took 0.092 seconds
[2025-12-08T07:13:10.601+0000] {processor.py:186} INFO - Started process (PID=771) to work on /home/airflow/.local/lib/python3.12/site-packages/airflow/example_dags/example_sensor_decorator.py
[2025-12-08T07:13:10.603+0000] {processor.py:914} INFO - Processing file /home/airflow/.local/lib/python3.12/site-packages/airflow/example_dags/example_sensor_decorator.py for tasks to queue
[2025-12-08T07:13:10.607+0000] {logging_mixin.py:190} INFO - [2025-12-08T07:13:10.606+0000] {dagbag.py:587} INFO - Filling up the DagBag from /home/airflow/.local/lib/python3.12/site-packages/airflow/example_dags/example_sensor_decorator.py
[2025-12-08T07:13:10.615+0000] {processor.py:925} INFO - DAG(s) 'example_sensor_decorator' retrieved from /home/airflow/.local/lib/python3.12/site-packages/airflow/example_dags/example_sensor_decorator.py
[2025-12-08T07:13:10.642+0000] {logging_mixin.py:190} INFO - [2025-12-08T07:13:10.641+0000] {dag.py:3211} INFO - Sync 1 DAGs
[2025-12-08T07:13:10.660+0000] {logging_mixin.py:190} INFO - [2025-12-08T07:13:10.660+0000] {dag.py:4138} INFO - Setting next_dagrun for example_sensor_decorator to None, run_after=None
[2025-12-08T07:13:10.688+0000] {processor.py:208} INFO - Processing /home/airflow/.local/lib/python3.12/site-packages/airflow/example_dags/example_sensor_decorator.py took 0.094 seconds
[2025-12-08T07:13:41.077+0000] {processor.py:186} INFO - Started process (PID=833) to work on /home/airflow/.local/lib/python3.12/site-packages/airflow/example_dags/example_sensor_decorator.py
[2025-12-08T07:13:41.080+0000] {processor.py:914} INFO - Processing file /home/airflow/.local/lib/python3.12/site-packages/airflow/example_dags/example_sensor_decorator.py for tasks to queue
[2025-12-08T07:13:41.085+0000] {logging_mixin.py:190} INFO - [2025-12-08T07:13:41.084+0000] {dagbag.py:587} INFO - Filling up the DagBag from /home/airflow/.local/lib/python3.12/site-packages/airflow/example_dags/example_sensor_decorator.py
[2025-12-08T07:13:41.094+0000] {processor.py:925} INFO - DAG(s) 'example_sensor_decorator' retrieved from /home/airflow/.local/lib/python3.12/site-packages/airflow/example_dags/example_sensor_decorator.py
[2025-12-08T07:13:41.114+0000] {logging_mixin.py:190} INFO - [2025-12-08T07:13:41.114+0000] {dag.py:3211} INFO - Sync 1 DAGs
[2025-12-08T07:13:41.128+0000] {logging_mixin.py:190} INFO - [2025-12-08T07:13:41.128+0000] {dag.py:4138} INFO - Setting next_dagrun for example_sensor_decorator to None, run_after=None
[2025-12-08T07:13:41.147+0000] {processor.py:208} INFO - Processing /home/airflow/.local/lib/python3.12/site-packages/airflow/example_dags/example_sensor_decorator.py took 0.079 seconds
[2025-12-08T07:14:11.554+0000] {processor.py:186} INFO - Started process (PID=895) to work on /home/airflow/.local/lib/python3.12/site-packages/airflow/example_dags/example_sensor_decorator.py
[2025-12-08T07:14:11.557+0000] {processor.py:914} INFO - Processing file /home/airflow/.local/lib/python3.12/site-packages/airflow/example_dags/example_sensor_decorator.py for tasks to queue
[2025-12-08T07:14:11.561+0000] {logging_mixin.py:190} INFO - [2025-12-08T07:14:11.561+0000] {dagbag.py:587} INFO - Filling up the DagBag from /home/airflow/.local/lib/python3.12/site-packages/airflow/example_dags/example_sensor_decorator.py
[2025-12-08T07:14:11.570+0000] {processor.py:925} INFO - DAG(s) 'example_sensor_decorator' retrieved from /home/airflow/.local/lib/python3.12/site-packages/airflow/example_dags/example_sensor_decorator.py
[2025-12-08T07:14:11.592+0000] {logging_mixin.py:190} INFO - [2025-12-08T07:14:11.592+0000] {dag.py:3211} INFO - Sync 1 DAGs
[2025-12-08T07:14:11.606+0000] {logging_mixin.py:190} INFO - [2025-12-08T07:14:11.606+0000] {dag.py:4138} INFO - Setting next_dagrun for example_sensor_decorator to None, run_after=None
[2025-12-08T07:14:11.629+0000] {processor.py:208} INFO - Processing /home/airflow/.local/lib/python3.12/site-packages/airflow/example_dags/example_sensor_decorator.py took 0.084 seconds
[2025-12-08T07:14:41.964+0000] {processor.py:186} INFO - Started process (PID=957) to work on /home/airflow/.local/lib/python3.12/site-packages/airflow/example_dags/example_sensor_decorator.py
[2025-12-08T07:14:41.966+0000] {processor.py:914} INFO - Processing file /home/airflow/.local/lib/python3.12/site-packages/airflow/example_dags/example_sensor_decorator.py for tasks to queue
[2025-12-08T07:14:41.970+0000] {logging_mixin.py:190} INFO - [2025-12-08T07:14:41.970+0000] {dagbag.py:587} INFO - Filling up the DagBag from /home/airflow/.local/lib/python3.12/site-packages/airflow/example_dags/example_sensor_decorator.py
[2025-12-08T07:14:41.980+0000] {processor.py:925} INFO - DAG(s) 'example_sensor_decorator' retrieved from /home/airflow/.local/lib/python3.12/site-packages/airflow/example_dags/example_sensor_decorator.py
[2025-12-08T07:14:42.005+0000] {logging_mixin.py:190} INFO - [2025-12-08T07:14:42.005+0000] {dag.py:3211} INFO - Sync 1 DAGs
[2025-12-08T07:14:42.019+0000] {logging_mixin.py:190} INFO - [2025-12-08T07:14:42.019+0000] {dag.py:4138} INFO - Setting next_dagrun for example_sensor_decorator to None, run_after=None
[2025-12-08T07:14:42.047+0000] {processor.py:208} INFO - Processing /home/airflow/.local/lib/python3.12/site-packages/airflow/example_dags/example_sensor_decorator.py took 0.092 seconds
[2025-12-08T07:15:12.148+0000] {processor.py:186} INFO - Started process (PID=1019) to work on /home/airflow/.local/lib/python3.12/site-packages/airflow/example_dags/example_sensor_decorator.py
[2025-12-08T07:15:12.149+0000] {processor.py:914} INFO - Processing file /home/airflow/.local/lib/python3.12/site-packages/airflow/example_dags/example_sensor_decorator.py for tasks to queue
[2025-12-08T07:15:12.153+0000] {logging_mixin.py:190} INFO - [2025-12-08T07:15:12.152+0000] {dagbag.py:587} INFO - Filling up the DagBag from /home/airflow/.local/lib/python3.12/site-packages/airflow/example_dags/example_sensor_decorator.py
[2025-12-08T07:15:12.161+0000] {processor.py:925} INFO - DAG(s) 'example_sensor_decorator' retrieved from /home/airflow/.local/lib/python3.12/site-packages/airflow/example_dags/example_sensor_decorator.py
[2025-12-08T07:15:12.185+0000] {logging_mixin.py:190} INFO - [2025-12-08T07:15:12.184+0000] {dag.py:3211} INFO - Sync 1 DAGs
[2025-12-08T07:15:12.201+0000] {logging_mixin.py:190} INFO - [2025-12-08T07:15:12.200+0000] {dag.py:4138} INFO - Setting next_dagrun for example_sensor_decorator to None, run_after=None
[2025-12-08T07:15:12.237+0000] {processor.py:208} INFO - Processing /home/airflow/.local/lib/python3.12/site-packages/airflow/example_dags/example_sensor_decorator.py took 0.097 seconds
[2025-12-08T07:15:42.367+0000] {processor.py:186} INFO - Started process (PID=1081) to work on /home/airflow/.local/lib/python3.12/site-packages/airflow/example_dags/example_sensor_decorator.py
[2025-12-08T07:15:42.370+0000] {processor.py:914} INFO - Processing file /home/airflow/.local/lib/python3.12/site-packages/airflow/example_dags/example_sensor_decorator.py for tasks to queue
[2025-12-08T07:15:42.377+0000] {logging_mixin.py:190} INFO - [2025-12-08T07:15:42.376+0000] {dagbag.py:587} INFO - Filling up the DagBag from /home/airflow/.local/lib/python3.12/site-packages/airflow/example_dags/example_sensor_decorator.py
[2025-12-08T07:15:42.396+0000] {processor.py:925} INFO - DAG(s) 'example_sensor_decorator' retrieved from /home/airflow/.local/lib/python3.12/site-packages/airflow/example_dags/example_sensor_decorator.py
[2025-12-08T07:15:42.436+0000] {logging_mixin.py:190} INFO - [2025-12-08T07:15:42.435+0000] {dag.py:3211} INFO - Sync 1 DAGs
[2025-12-08T07:15:42.463+0000] {logging_mixin.py:190} INFO - [2025-12-08T07:15:42.462+0000] {dag.py:4138} INFO - Setting next_dagrun for example_sensor_decorator to None, run_after=None
[2025-12-08T07:15:42.500+0000] {processor.py:208} INFO - Processing /home/airflow/.local/lib/python3.12/site-packages/airflow/example_dags/example_sensor_decorator.py took 0.148 seconds
[2025-12-08T07:16:13.264+0000] {processor.py:186} INFO - Started process (PID=1143) to work on /home/airflow/.local/lib/python3.12/site-packages/airflow/example_dags/example_sensor_decorator.py
[2025-12-08T07:16:13.267+0000] {processor.py:914} INFO - Processing file /home/airflow/.local/lib/python3.12/site-packages/airflow/example_dags/example_sensor_decorator.py for tasks to queue
[2025-12-08T07:16:13.277+0000] {logging_mixin.py:190} INFO - [2025-12-08T07:16:13.276+0000] {dagbag.py:587} INFO - Filling up the DagBag from /home/airflow/.local/lib/python3.12/site-packages/airflow/example_dags/example_sensor_decorator.py
[2025-12-08T07:16:13.310+0000] {processor.py:925} INFO - DAG(s) 'example_sensor_decorator' retrieved from /home/airflow/.local/lib/python3.12/site-packages/airflow/example_dags/example_sensor_decorator.py
[2025-12-08T07:16:13.380+0000] {logging_mixin.py:190} INFO - [2025-12-08T07:16:13.379+0000] {dag.py:3211} INFO - Sync 1 DAGs
[2025-12-08T07:16:13.433+0000] {logging_mixin.py:190} INFO - [2025-12-08T07:16:13.432+0000] {dag.py:4138} INFO - Setting next_dagrun for example_sensor_decorator to None, run_after=None
[2025-12-08T07:16:13.491+0000] {processor.py:208} INFO - Processing /home/airflow/.local/lib/python3.12/site-packages/airflow/example_dags/example_sensor_decorator.py took 0.246 seconds
[2025-12-08T07:16:43.990+0000] {processor.py:186} INFO - Started process (PID=1205) to work on /home/airflow/.local/lib/python3.12/site-packages/airflow/example_dags/example_sensor_decorator.py
[2025-12-08T07:16:43.992+0000] {processor.py:914} INFO - Processing file /home/airflow/.local/lib/python3.12/site-packages/airflow/example_dags/example_sensor_decorator.py for tasks to queue
[2025-12-08T07:16:43.998+0000] {logging_mixin.py:190} INFO - [2025-12-08T07:16:43.997+0000] {dagbag.py:587} INFO - Filling up the DagBag from /home/airflow/.local/lib/python3.12/site-packages/airflow/example_dags/example_sensor_decorator.py
[2025-12-08T07:16:44.011+0000] {processor.py:925} INFO - DAG(s) 'example_sensor_decorator' retrieved from /home/airflow/.local/lib/python3.12/site-packages/airflow/example_dags/example_sensor_decorator.py
[2025-12-08T07:16:44.058+0000] {logging_mixin.py:190} INFO - [2025-12-08T07:16:44.057+0000] {dag.py:3211} INFO - Sync 1 DAGs
[2025-12-08T07:16:44.087+0000] {logging_mixin.py:190} INFO - [2025-12-08T07:16:44.087+0000] {dag.py:4138} INFO - Setting next_dagrun for example_sensor_decorator to None, run_after=None
[2025-12-08T07:16:44.128+0000] {processor.py:208} INFO - Processing /home/airflow/.local/lib/python3.12/site-packages/airflow/example_dags/example_sensor_decorator.py took 0.147 seconds
[2025-12-08T07:17:14.885+0000] {processor.py:186} INFO - Started process (PID=1267) to work on /home/airflow/.local/lib/python3.12/site-packages/airflow/example_dags/example_sensor_decorator.py
[2025-12-08T07:17:14.888+0000] {processor.py:914} INFO - Processing file /home/airflow/.local/lib/python3.12/site-packages/airflow/example_dags/example_sensor_decorator.py for tasks to queue
[2025-12-08T07:17:14.895+0000] {logging_mixin.py:190} INFO - [2025-12-08T07:17:14.894+0000] {dagbag.py:587} INFO - Filling up the DagBag from /home/airflow/.local/lib/python3.12/site-packages/airflow/example_dags/example_sensor_decorator.py
[2025-12-08T07:17:14.907+0000] {processor.py:925} INFO - DAG(s) 'example_sensor_decorator' retrieved from /home/airflow/.local/lib/python3.12/site-packages/airflow/example_dags/example_sensor_decorator.py
[2025-12-08T07:17:14.943+0000] {logging_mixin.py:190} INFO - [2025-12-08T07:17:14.942+0000] {dag.py:3211} INFO - Sync 1 DAGs
[2025-12-08T07:17:14.969+0000] {logging_mixin.py:190} INFO - [2025-12-08T07:17:14.969+0000] {dag.py:4138} INFO - Setting next_dagrun for example_sensor_decorator to None, run_after=None
[2025-12-08T07:17:15.005+0000] {processor.py:208} INFO - Processing /home/airflow/.local/lib/python3.12/site-packages/airflow/example_dags/example_sensor_decorator.py took 0.132 seconds
[2025-12-08T07:17:45.215+0000] {processor.py:186} INFO - Started process (PID=1329) to work on /home/airflow/.local/lib/python3.12/site-packages/airflow/example_dags/example_sensor_decorator.py
[2025-12-08T07:17:45.217+0000] {processor.py:914} INFO - Processing file /home/airflow/.local/lib/python3.12/site-packages/airflow/example_dags/example_sensor_decorator.py for tasks to queue
[2025-12-08T07:17:45.223+0000] {logging_mixin.py:190} INFO - [2025-12-08T07:17:45.222+0000] {dagbag.py:587} INFO - Filling up the DagBag from /home/airflow/.local/lib/python3.12/site-packages/airflow/example_dags/example_sensor_decorator.py
[2025-12-08T07:17:45.242+0000] {processor.py:925} INFO - DAG(s) 'example_sensor_decorator' retrieved from /home/airflow/.local/lib/python3.12/site-packages/airflow/example_dags/example_sensor_decorator.py
[2025-12-08T07:17:45.280+0000] {logging_mixin.py:190} INFO - [2025-12-08T07:17:45.279+0000] {dag.py:3211} INFO - Sync 1 DAGs
[2025-12-08T07:17:45.304+0000] {logging_mixin.py:190} INFO - [2025-12-08T07:17:45.303+0000] {dag.py:4138} INFO - Setting next_dagrun for example_sensor_decorator to None, run_after=None
[2025-12-08T07:17:45.337+0000] {processor.py:208} INFO - Processing /home/airflow/.local/lib/python3.12/site-packages/airflow/example_dags/example_sensor_decorator.py took 0.140 seconds
[2025-12-08T07:18:16.055+0000] {processor.py:186} INFO - Started process (PID=1391) to work on /home/airflow/.local/lib/python3.12/site-packages/airflow/example_dags/example_sensor_decorator.py
[2025-12-08T07:18:16.058+0000] {processor.py:914} INFO - Processing file /home/airflow/.local/lib/python3.12/site-packages/airflow/example_dags/example_sensor_decorator.py for tasks to queue
[2025-12-08T07:18:16.064+0000] {logging_mixin.py:190} INFO - [2025-12-08T07:18:16.063+0000] {dagbag.py:587} INFO - Filling up the DagBag from /home/airflow/.local/lib/python3.12/site-packages/airflow/example_dags/example_sensor_decorator.py
[2025-12-08T07:18:16.080+0000] {processor.py:925} INFO - DAG(s) 'example_sensor_decorator' retrieved from /home/airflow/.local/lib/python3.12/site-packages/airflow/example_dags/example_sensor_decorator.py
[2025-12-08T07:18:16.128+0000] {logging_mixin.py:190} INFO - [2025-12-08T07:18:16.128+0000] {dag.py:3211} INFO - Sync 1 DAGs
[2025-12-08T07:18:16.149+0000] {logging_mixin.py:190} INFO - [2025-12-08T07:18:16.149+0000] {dag.py:4138} INFO - Setting next_dagrun for example_sensor_decorator to None, run_after=None
[2025-12-08T07:18:16.189+0000] {processor.py:208} INFO - Processing /home/airflow/.local/lib/python3.12/site-packages/airflow/example_dags/example_sensor_decorator.py took 0.159 seconds
[2025-12-08T07:18:46.660+0000] {processor.py:186} INFO - Started process (PID=1453) to work on /home/airflow/.local/lib/python3.12/site-packages/airflow/example_dags/example_sensor_decorator.py
[2025-12-08T07:18:46.663+0000] {processor.py:914} INFO - Processing file /home/airflow/.local/lib/python3.12/site-packages/airflow/example_dags/example_sensor_decorator.py for tasks to queue
[2025-12-08T07:18:46.674+0000] {logging_mixin.py:190} INFO - [2025-12-08T07:18:46.673+0000] {dagbag.py:587} INFO - Filling up the DagBag from /home/airflow/.local/lib/python3.12/site-packages/airflow/example_dags/example_sensor_decorator.py
[2025-12-08T07:18:46.694+0000] {processor.py:925} INFO - DAG(s) 'example_sensor_decorator' retrieved from /home/airflow/.local/lib/python3.12/site-packages/airflow/example_dags/example_sensor_decorator.py
[2025-12-08T07:18:46.745+0000] {logging_mixin.py:190} INFO - [2025-12-08T07:18:46.744+0000] {dag.py:3211} INFO - Sync 1 DAGs
[2025-12-08T07:18:46.804+0000] {logging_mixin.py:190} INFO - [2025-12-08T07:18:46.803+0000] {dag.py:4138} INFO - Setting next_dagrun for example_sensor_decorator to None, run_after=None
[2025-12-08T07:18:46.854+0000] {processor.py:208} INFO - Processing /home/airflow/.local/lib/python3.12/site-packages/airflow/example_dags/example_sensor_decorator.py took 0.208 seconds
[2025-12-08T07:19:17.225+0000] {processor.py:186} INFO - Started process (PID=1515) to work on /home/airflow/.local/lib/python3.12/site-packages/airflow/example_dags/example_sensor_decorator.py
[2025-12-08T07:19:17.227+0000] {processor.py:914} INFO - Processing file /home/airflow/.local/lib/python3.12/site-packages/airflow/example_dags/example_sensor_decorator.py for tasks to queue
[2025-12-08T07:19:17.233+0000] {logging_mixin.py:190} INFO - [2025-12-08T07:19:17.232+0000] {dagbag.py:587} INFO - Filling up the DagBag from /home/airflow/.local/lib/python3.12/site-packages/airflow/example_dags/example_sensor_decorator.py
[2025-12-08T07:19:17.246+0000] {processor.py:925} INFO - DAG(s) 'example_sensor_decorator' retrieved from /home/airflow/.local/lib/python3.12/site-packages/airflow/example_dags/example_sensor_decorator.py
[2025-12-08T07:19:17.291+0000] {logging_mixin.py:190} INFO - [2025-12-08T07:19:17.290+0000] {dag.py:3211} INFO - Sync 1 DAGs
[2025-12-08T07:19:17.324+0000] {logging_mixin.py:190} INFO - [2025-12-08T07:19:17.323+0000] {dag.py:4138} INFO - Setting next_dagrun for example_sensor_decorator to None, run_after=None
[2025-12-08T07:19:17.375+0000] {processor.py:208} INFO - Processing /home/airflow/.local/lib/python3.12/site-packages/airflow/example_dags/example_sensor_decorator.py took 0.160 seconds
[2025-12-08T07:19:47.462+0000] {processor.py:186} INFO - Started process (PID=1577) to work on /home/airflow/.local/lib/python3.12/site-packages/airflow/example_dags/example_sensor_decorator.py
[2025-12-08T07:19:47.465+0000] {processor.py:914} INFO - Processing file /home/airflow/.local/lib/python3.12/site-packages/airflow/example_dags/example_sensor_decorator.py for tasks to queue
[2025-12-08T07:19:47.471+0000] {logging_mixin.py:190} INFO - [2025-12-08T07:19:47.470+0000] {dagbag.py:587} INFO - Filling up the DagBag from /home/airflow/.local/lib/python3.12/site-packages/airflow/example_dags/example_sensor_decorator.py
[2025-12-08T07:19:47.486+0000] {processor.py:925} INFO - DAG(s) 'example_sensor_decorator' retrieved from /home/airflow/.local/lib/python3.12/site-packages/airflow/example_dags/example_sensor_decorator.py
[2025-12-08T07:19:47.522+0000] {logging_mixin.py:190} INFO - [2025-12-08T07:19:47.521+0000] {dag.py:3211} INFO - Sync 1 DAGs
[2025-12-08T07:19:47.542+0000] {logging_mixin.py:190} INFO - [2025-12-08T07:19:47.542+0000] {dag.py:4138} INFO - Setting next_dagrun for example_sensor_decorator to None, run_after=None
[2025-12-08T07:19:47.579+0000] {processor.py:208} INFO - Processing /home/airflow/.local/lib/python3.12/site-packages/airflow/example_dags/example_sensor_decorator.py took 0.126 seconds
[2025-12-08T07:20:17.936+0000] {processor.py:186} INFO - Started process (PID=1640) to work on /home/airflow/.local/lib/python3.12/site-packages/airflow/example_dags/example_sensor_decorator.py
[2025-12-08T07:20:17.939+0000] {processor.py:914} INFO - Processing file /home/airflow/.local/lib/python3.12/site-packages/airflow/example_dags/example_sensor_decorator.py for tasks to queue
[2025-12-08T07:20:17.946+0000] {logging_mixin.py:190} INFO - [2025-12-08T07:20:17.945+0000] {dagbag.py:587} INFO - Filling up the DagBag from /home/airflow/.local/lib/python3.12/site-packages/airflow/example_dags/example_sensor_decorator.py
[2025-12-08T07:20:17.966+0000] {processor.py:925} INFO - DAG(s) 'example_sensor_decorator' retrieved from /home/airflow/.local/lib/python3.12/site-packages/airflow/example_dags/example_sensor_decorator.py
[2025-12-08T07:20:18.045+0000] {logging_mixin.py:190} INFO - [2025-12-08T07:20:18.045+0000] {dag.py:3211} INFO - Sync 1 DAGs
[2025-12-08T07:20:18.093+0000] {logging_mixin.py:190} INFO - [2025-12-08T07:20:18.092+0000] {dag.py:4138} INFO - Setting next_dagrun for example_sensor_decorator to None, run_after=None
[2025-12-08T07:20:18.134+0000] {processor.py:208} INFO - Processing /home/airflow/.local/lib/python3.12/site-packages/airflow/example_dags/example_sensor_decorator.py took 0.215 seconds
[2025-12-08T07:20:48.463+0000] {processor.py:186} INFO - Started process (PID=1702) to work on /home/airflow/.local/lib/python3.12/site-packages/airflow/example_dags/example_sensor_decorator.py
[2025-12-08T07:20:48.464+0000] {processor.py:914} INFO - Processing file /home/airflow/.local/lib/python3.12/site-packages/airflow/example_dags/example_sensor_decorator.py for tasks to queue
[2025-12-08T07:20:48.471+0000] {logging_mixin.py:190} INFO - [2025-12-08T07:20:48.471+0000] {dagbag.py:587} INFO - Filling up the DagBag from /home/airflow/.local/lib/python3.12/site-packages/airflow/example_dags/example_sensor_decorator.py
[2025-12-08T07:20:48.485+0000] {processor.py:925} INFO - DAG(s) 'example_sensor_decorator' retrieved from /home/airflow/.local/lib/python3.12/site-packages/airflow/example_dags/example_sensor_decorator.py
[2025-12-08T07:20:48.511+0000] {logging_mixin.py:190} INFO - [2025-12-08T07:20:48.511+0000] {dag.py:3211} INFO - Sync 1 DAGs
[2025-12-08T07:20:48.539+0000] {logging_mixin.py:190} INFO - [2025-12-08T07:20:48.538+0000] {dag.py:4138} INFO - Setting next_dagrun for example_sensor_decorator to None, run_after=None
[2025-12-08T07:20:48.560+0000] {processor.py:208} INFO - Processing /home/airflow/.local/lib/python3.12/site-packages/airflow/example_dags/example_sensor_decorator.py took 0.109 seconds
[2025-12-08T07:21:19.561+0000] {processor.py:186} INFO - Started process (PID=1764) to work on /home/airflow/.local/lib/python3.12/site-packages/airflow/example_dags/example_sensor_decorator.py
[2025-12-08T07:21:19.564+0000] {processor.py:914} INFO - Processing file /home/airflow/.local/lib/python3.12/site-packages/airflow/example_dags/example_sensor_decorator.py for tasks to queue
[2025-12-08T07:21:19.571+0000] {logging_mixin.py:190} INFO - [2025-12-08T07:21:19.570+0000] {dagbag.py:587} INFO - Filling up the DagBag from /home/airflow/.local/lib/python3.12/site-packages/airflow/example_dags/example_sensor_decorator.py
[2025-12-08T07:21:19.602+0000] {processor.py:925} INFO - DAG(s) 'example_sensor_decorator' retrieved from /home/airflow/.local/lib/python3.12/site-packages/airflow/example_dags/example_sensor_decorator.py
[2025-12-08T07:21:19.646+0000] {logging_mixin.py:190} INFO - [2025-12-08T07:21:19.645+0000] {dag.py:3211} INFO - Sync 1 DAGs
[2025-12-08T07:21:19.678+0000] {logging_mixin.py:190} INFO - [2025-12-08T07:21:19.677+0000] {dag.py:4138} INFO - Setting next_dagrun for example_sensor_decorator to None, run_after=None
[2025-12-08T07:21:19.724+0000] {processor.py:208} INFO - Processing /home/airflow/.local/lib/python3.12/site-packages/airflow/example_dags/example_sensor_decorator.py took 0.180 seconds
[2025-12-08T07:21:50.156+0000] {processor.py:186} INFO - Started process (PID=1826) to work on /home/airflow/.local/lib/python3.12/site-packages/airflow/example_dags/example_sensor_decorator.py
[2025-12-08T07:21:50.158+0000] {processor.py:914} INFO - Processing file /home/airflow/.local/lib/python3.12/site-packages/airflow/example_dags/example_sensor_decorator.py for tasks to queue
[2025-12-08T07:21:50.167+0000] {logging_mixin.py:190} INFO - [2025-12-08T07:21:50.166+0000] {dagbag.py:587} INFO - Filling up the DagBag from /home/airflow/.local/lib/python3.12/site-packages/airflow/example_dags/example_sensor_decorator.py
[2025-12-08T07:21:50.185+0000] {processor.py:925} INFO - DAG(s) 'example_sensor_decorator' retrieved from /home/airflow/.local/lib/python3.12/site-packages/airflow/example_dags/example_sensor_decorator.py
[2025-12-08T07:21:50.224+0000] {logging_mixin.py:190} INFO - [2025-12-08T07:21:50.224+0000] {dag.py:3211} INFO - Sync 1 DAGs
[2025-12-08T07:21:50.252+0000] {logging_mixin.py:190} INFO - [2025-12-08T07:21:50.251+0000] {dag.py:4138} INFO - Setting next_dagrun for example_sensor_decorator to None, run_after=None
[2025-12-08T07:21:50.300+0000] {processor.py:208} INFO - Processing /home/airflow/.local/lib/python3.12/site-packages/airflow/example_dags/example_sensor_decorator.py took 0.156 seconds
[2025-12-08T07:22:20.652+0000] {processor.py:186} INFO - Started process (PID=1888) to work on /home/airflow/.local/lib/python3.12/site-packages/airflow/example_dags/example_sensor_decorator.py
[2025-12-08T07:22:20.655+0000] {processor.py:914} INFO - Processing file /home/airflow/.local/lib/python3.12/site-packages/airflow/example_dags/example_sensor_decorator.py for tasks to queue
[2025-12-08T07:22:20.660+0000] {logging_mixin.py:190} INFO - [2025-12-08T07:22:20.659+0000] {dagbag.py:587} INFO - Filling up the DagBag from /home/airflow/.local/lib/python3.12/site-packages/airflow/example_dags/example_sensor_decorator.py
[2025-12-08T07:22:20.678+0000] {processor.py:925} INFO - DAG(s) 'example_sensor_decorator' retrieved from /home/airflow/.local/lib/python3.12/site-packages/airflow/example_dags/example_sensor_decorator.py
[2025-12-08T07:22:20.716+0000] {logging_mixin.py:190} INFO - [2025-12-08T07:22:20.715+0000] {dag.py:3211} INFO - Sync 1 DAGs
[2025-12-08T07:22:20.746+0000] {logging_mixin.py:190} INFO - [2025-12-08T07:22:20.745+0000] {dag.py:4138} INFO - Setting next_dagrun for example_sensor_decorator to None, run_after=None
[2025-12-08T07:22:20.789+0000] {processor.py:208} INFO - Processing /home/airflow/.local/lib/python3.12/site-packages/airflow/example_dags/example_sensor_decorator.py took 0.152 seconds
[2025-12-08T07:22:51.306+0000] {processor.py:186} INFO - Started process (PID=1950) to work on /home/airflow/.local/lib/python3.12/site-packages/airflow/example_dags/example_sensor_decorator.py
[2025-12-08T07:22:51.309+0000] {processor.py:914} INFO - Processing file /home/airflow/.local/lib/python3.12/site-packages/airflow/example_dags/example_sensor_decorator.py for tasks to queue
[2025-12-08T07:22:51.315+0000] {logging_mixin.py:190} INFO - [2025-12-08T07:22:51.314+0000] {dagbag.py:587} INFO - Filling up the DagBag from /home/airflow/.local/lib/python3.12/site-packages/airflow/example_dags/example_sensor_decorator.py
[2025-12-08T07:22:51.331+0000] {processor.py:925} INFO - DAG(s) 'example_sensor_decorator' retrieved from /home/airflow/.local/lib/python3.12/site-packages/airflow/example_dags/example_sensor_decorator.py
[2025-12-08T07:22:51.368+0000] {logging_mixin.py:190} INFO - [2025-12-08T07:22:51.367+0000] {dag.py:3211} INFO - Sync 1 DAGs
[2025-12-08T07:22:51.390+0000] {logging_mixin.py:190} INFO - [2025-12-08T07:22:51.390+0000] {dag.py:4138} INFO - Setting next_dagrun for example_sensor_decorator to None, run_after=None
[2025-12-08T07:22:51.426+0000] {processor.py:208} INFO - Processing /home/airflow/.local/lib/python3.12/site-packages/airflow/example_dags/example_sensor_decorator.py took 0.132 seconds
[2025-12-08T07:23:21.600+0000] {processor.py:186} INFO - Started process (PID=2012) to work on /home/airflow/.local/lib/python3.12/site-packages/airflow/example_dags/example_sensor_decorator.py
[2025-12-08T07:23:21.603+0000] {processor.py:914} INFO - Processing file /home/airflow/.local/lib/python3.12/site-packages/airflow/example_dags/example_sensor_decorator.py for tasks to queue
[2025-12-08T07:23:21.609+0000] {logging_mixin.py:190} INFO - [2025-12-08T07:23:21.608+0000] {dagbag.py:587} INFO - Filling up the DagBag from /home/airflow/.local/lib/python3.12/site-packages/airflow/example_dags/example_sensor_decorator.py
[2025-12-08T07:23:21.623+0000] {processor.py:925} INFO - DAG(s) 'example_sensor_decorator' retrieved from /home/airflow/.local/lib/python3.12/site-packages/airflow/example_dags/example_sensor_decorator.py
[2025-12-08T07:23:21.660+0000] {logging_mixin.py:190} INFO - [2025-12-08T07:23:21.659+0000] {dag.py:3211} INFO - Sync 1 DAGs
[2025-12-08T07:23:21.680+0000] {logging_mixin.py:190} INFO - [2025-12-08T07:23:21.680+0000] {dag.py:4138} INFO - Setting next_dagrun for example_sensor_decorator to None, run_after=None
[2025-12-08T07:23:21.717+0000] {processor.py:208} INFO - Processing /home/airflow/.local/lib/python3.12/site-packages/airflow/example_dags/example_sensor_decorator.py took 0.128 seconds
[2025-12-08T07:23:52.320+0000] {processor.py:186} INFO - Started process (PID=2073) to work on /home/airflow/.local/lib/python3.12/site-packages/airflow/example_dags/example_sensor_decorator.py
[2025-12-08T07:23:52.323+0000] {processor.py:914} INFO - Processing file /home/airflow/.local/lib/python3.12/site-packages/airflow/example_dags/example_sensor_decorator.py for tasks to queue
[2025-12-08T07:23:52.327+0000] {logging_mixin.py:190} INFO - [2025-12-08T07:23:52.327+0000] {dagbag.py:587} INFO - Filling up the DagBag from /home/airflow/.local/lib/python3.12/site-packages/airflow/example_dags/example_sensor_decorator.py
[2025-12-08T07:23:52.346+0000] {processor.py:925} INFO - DAG(s) 'example_sensor_decorator' retrieved from /home/airflow/.local/lib/python3.12/site-packages/airflow/example_dags/example_sensor_decorator.py
[2025-12-08T07:23:52.390+0000] {logging_mixin.py:190} INFO - [2025-12-08T07:23:52.389+0000] {dag.py:3211} INFO - Sync 1 DAGs
[2025-12-08T07:23:52.423+0000] {logging_mixin.py:190} INFO - [2025-12-08T07:23:52.422+0000] {dag.py:4138} INFO - Setting next_dagrun for example_sensor_decorator to None, run_after=None
[2025-12-08T07:23:52.468+0000] {processor.py:208} INFO - Processing /home/airflow/.local/lib/python3.12/site-packages/airflow/example_dags/example_sensor_decorator.py took 0.157 seconds
[2025-12-08T07:24:23.062+0000] {processor.py:186} INFO - Started process (PID=2135) to work on /home/airflow/.local/lib/python3.12/site-packages/airflow/example_dags/example_sensor_decorator.py
[2025-12-08T07:24:23.065+0000] {processor.py:914} INFO - Processing file /home/airflow/.local/lib/python3.12/site-packages/airflow/example_dags/example_sensor_decorator.py for tasks to queue
[2025-12-08T07:24:23.071+0000] {logging_mixin.py:190} INFO - [2025-12-08T07:24:23.070+0000] {dagbag.py:587} INFO - Filling up the DagBag from /home/airflow/.local/lib/python3.12/site-packages/airflow/example_dags/example_sensor_decorator.py
[2025-12-08T07:24:23.091+0000] {processor.py:925} INFO - DAG(s) 'example_sensor_decorator' retrieved from /home/airflow/.local/lib/python3.12/site-packages/airflow/example_dags/example_sensor_decorator.py
[2025-12-08T07:24:23.134+0000] {logging_mixin.py:190} INFO - [2025-12-08T07:24:23.133+0000] {dag.py:3211} INFO - Sync 1 DAGs
[2025-12-08T07:24:23.162+0000] {logging_mixin.py:190} INFO - [2025-12-08T07:24:23.161+0000] {dag.py:4138} INFO - Setting next_dagrun for example_sensor_decorator to None, run_after=None
[2025-12-08T07:24:23.206+0000] {processor.py:208} INFO - Processing /home/airflow/.local/lib/python3.12/site-packages/airflow/example_dags/example_sensor_decorator.py took 0.160 seconds
[2025-12-08T07:26:37.267+0000] {processor.py:186} INFO - Started process (PID=87) to work on /home/airflow/.local/lib/python3.12/site-packages/airflow/example_dags/example_sensor_decorator.py
[2025-12-08T07:26:37.270+0000] {processor.py:914} INFO - Processing file /home/airflow/.local/lib/python3.12/site-packages/airflow/example_dags/example_sensor_decorator.py for tasks to queue
[2025-12-08T07:26:37.277+0000] {logging_mixin.py:190} INFO - [2025-12-08T07:26:37.276+0000] {dagbag.py:587} INFO - Filling up the DagBag from /home/airflow/.local/lib/python3.12/site-packages/airflow/example_dags/example_sensor_decorator.py
[2025-12-08T07:26:37.295+0000] {processor.py:925} INFO - DAG(s) 'example_sensor_decorator' retrieved from /home/airflow/.local/lib/python3.12/site-packages/airflow/example_dags/example_sensor_decorator.py
[2025-12-08T07:26:37.367+0000] {logging_mixin.py:190} INFO - [2025-12-08T07:26:37.366+0000] {dag.py:3211} INFO - Sync 1 DAGs
[2025-12-08T07:26:37.423+0000] {logging_mixin.py:190} INFO - [2025-12-08T07:26:37.422+0000] {dag.py:4138} INFO - Setting next_dagrun for example_sensor_decorator to None, run_after=None
[2025-12-08T07:26:37.510+0000] {processor.py:208} INFO - Processing /home/airflow/.local/lib/python3.12/site-packages/airflow/example_dags/example_sensor_decorator.py took 0.259 seconds
[2025-12-08T07:27:07.681+0000] {processor.py:186} INFO - Started process (PID=150) to work on /home/airflow/.local/lib/python3.12/site-packages/airflow/example_dags/example_sensor_decorator.py
[2025-12-08T07:27:07.684+0000] {processor.py:914} INFO - Processing file /home/airflow/.local/lib/python3.12/site-packages/airflow/example_dags/example_sensor_decorator.py for tasks to queue
[2025-12-08T07:27:07.694+0000] {logging_mixin.py:190} INFO - [2025-12-08T07:27:07.693+0000] {dagbag.py:587} INFO - Filling up the DagBag from /home/airflow/.local/lib/python3.12/site-packages/airflow/example_dags/example_sensor_decorator.py
[2025-12-08T07:27:07.715+0000] {processor.py:925} INFO - DAG(s) 'example_sensor_decorator' retrieved from /home/airflow/.local/lib/python3.12/site-packages/airflow/example_dags/example_sensor_decorator.py
[2025-12-08T07:27:07.756+0000] {logging_mixin.py:190} INFO - [2025-12-08T07:27:07.756+0000] {dag.py:3211} INFO - Sync 1 DAGs
[2025-12-08T07:27:07.779+0000] {logging_mixin.py:190} INFO - [2025-12-08T07:27:07.778+0000] {dag.py:4138} INFO - Setting next_dagrun for example_sensor_decorator to None, run_after=None
[2025-12-08T07:27:07.823+0000] {processor.py:208} INFO - Processing /home/airflow/.local/lib/python3.12/site-packages/airflow/example_dags/example_sensor_decorator.py took 0.151 seconds
[2025-12-08T07:27:38.297+0000] {processor.py:186} INFO - Started process (PID=213) to work on /home/airflow/.local/lib/python3.12/site-packages/airflow/example_dags/example_sensor_decorator.py
[2025-12-08T07:27:38.299+0000] {processor.py:914} INFO - Processing file /home/airflow/.local/lib/python3.12/site-packages/airflow/example_dags/example_sensor_decorator.py for tasks to queue
[2025-12-08T07:27:38.306+0000] {logging_mixin.py:190} INFO - [2025-12-08T07:27:38.305+0000] {dagbag.py:587} INFO - Filling up the DagBag from /home/airflow/.local/lib/python3.12/site-packages/airflow/example_dags/example_sensor_decorator.py
[2025-12-08T07:27:38.318+0000] {processor.py:925} INFO - DAG(s) 'example_sensor_decorator' retrieved from /home/airflow/.local/lib/python3.12/site-packages/airflow/example_dags/example_sensor_decorator.py
[2025-12-08T07:27:38.357+0000] {logging_mixin.py:190} INFO - [2025-12-08T07:27:38.357+0000] {dag.py:3211} INFO - Sync 1 DAGs
[2025-12-08T07:27:38.381+0000] {logging_mixin.py:190} INFO - [2025-12-08T07:27:38.381+0000] {dag.py:4138} INFO - Setting next_dagrun for example_sensor_decorator to None, run_after=None
[2025-12-08T07:27:38.425+0000] {processor.py:208} INFO - Processing /home/airflow/.local/lib/python3.12/site-packages/airflow/example_dags/example_sensor_decorator.py took 0.140 seconds
[2025-12-08T07:28:09.024+0000] {processor.py:186} INFO - Started process (PID=288) to work on /home/airflow/.local/lib/python3.12/site-packages/airflow/example_dags/example_sensor_decorator.py
[2025-12-08T07:28:09.027+0000] {processor.py:914} INFO - Processing file /home/airflow/.local/lib/python3.12/site-packages/airflow/example_dags/example_sensor_decorator.py for tasks to queue
[2025-12-08T07:28:09.034+0000] {logging_mixin.py:190} INFO - [2025-12-08T07:28:09.033+0000] {dagbag.py:587} INFO - Filling up the DagBag from /home/airflow/.local/lib/python3.12/site-packages/airflow/example_dags/example_sensor_decorator.py
[2025-12-08T07:28:09.051+0000] {processor.py:925} INFO - DAG(s) 'example_sensor_decorator' retrieved from /home/airflow/.local/lib/python3.12/site-packages/airflow/example_dags/example_sensor_decorator.py
[2025-12-08T07:28:09.099+0000] {logging_mixin.py:190} INFO - [2025-12-08T07:28:09.099+0000] {dag.py:3211} INFO - Sync 1 DAGs
[2025-12-08T07:28:09.124+0000] {logging_mixin.py:190} INFO - [2025-12-08T07:28:09.124+0000] {dag.py:4138} INFO - Setting next_dagrun for example_sensor_decorator to None, run_after=None
[2025-12-08T07:28:09.169+0000] {processor.py:208} INFO - Processing /home/airflow/.local/lib/python3.12/site-packages/airflow/example_dags/example_sensor_decorator.py took 0.154 seconds
[2025-12-08T07:28:40.422+0000] {processor.py:186} INFO - Started process (PID=351) to work on /home/airflow/.local/lib/python3.12/site-packages/airflow/example_dags/example_sensor_decorator.py
[2025-12-08T07:28:40.428+0000] {processor.py:914} INFO - Processing file /home/airflow/.local/lib/python3.12/site-packages/airflow/example_dags/example_sensor_decorator.py for tasks to queue
[2025-12-08T07:28:40.439+0000] {logging_mixin.py:190} INFO - [2025-12-08T07:28:40.438+0000] {dagbag.py:587} INFO - Filling up the DagBag from /home/airflow/.local/lib/python3.12/site-packages/airflow/example_dags/example_sensor_decorator.py
[2025-12-08T07:28:40.466+0000] {processor.py:925} INFO - DAG(s) 'example_sensor_decorator' retrieved from /home/airflow/.local/lib/python3.12/site-packages/airflow/example_dags/example_sensor_decorator.py
[2025-12-08T07:28:40.569+0000] {logging_mixin.py:190} INFO - [2025-12-08T07:28:40.569+0000] {dag.py:3211} INFO - Sync 1 DAGs
[2025-12-08T07:28:40.640+0000] {logging_mixin.py:190} INFO - [2025-12-08T07:28:40.639+0000] {dag.py:4138} INFO - Setting next_dagrun for example_sensor_decorator to None, run_after=None
[2025-12-08T07:28:40.742+0000] {processor.py:208} INFO - Processing /home/airflow/.local/lib/python3.12/site-packages/airflow/example_dags/example_sensor_decorator.py took 0.344 seconds
[2025-12-08T07:29:11.085+0000] {processor.py:186} INFO - Started process (PID=414) to work on /home/airflow/.local/lib/python3.12/site-packages/airflow/example_dags/example_sensor_decorator.py
[2025-12-08T07:29:11.087+0000] {processor.py:914} INFO - Processing file /home/airflow/.local/lib/python3.12/site-packages/airflow/example_dags/example_sensor_decorator.py for tasks to queue
[2025-12-08T07:29:11.093+0000] {logging_mixin.py:190} INFO - [2025-12-08T07:29:11.092+0000] {dagbag.py:587} INFO - Filling up the DagBag from /home/airflow/.local/lib/python3.12/site-packages/airflow/example_dags/example_sensor_decorator.py
[2025-12-08T07:29:11.109+0000] {processor.py:925} INFO - DAG(s) 'example_sensor_decorator' retrieved from /home/airflow/.local/lib/python3.12/site-packages/airflow/example_dags/example_sensor_decorator.py
[2025-12-08T07:29:11.149+0000] {logging_mixin.py:190} INFO - [2025-12-08T07:29:11.148+0000] {dag.py:3211} INFO - Sync 1 DAGs
[2025-12-08T07:29:11.173+0000] {logging_mixin.py:190} INFO - [2025-12-08T07:29:11.173+0000] {dag.py:4138} INFO - Setting next_dagrun for example_sensor_decorator to None, run_after=None
[2025-12-08T07:29:11.213+0000] {processor.py:208} INFO - Processing /home/airflow/.local/lib/python3.12/site-packages/airflow/example_dags/example_sensor_decorator.py took 0.141 seconds
[2025-12-08T07:29:42.473+0000] {processor.py:186} INFO - Started process (PID=477) to work on /home/airflow/.local/lib/python3.12/site-packages/airflow/example_dags/example_sensor_decorator.py
[2025-12-08T07:29:42.476+0000] {processor.py:914} INFO - Processing file /home/airflow/.local/lib/python3.12/site-packages/airflow/example_dags/example_sensor_decorator.py for tasks to queue
[2025-12-08T07:29:42.481+0000] {logging_mixin.py:190} INFO - [2025-12-08T07:29:42.480+0000] {dagbag.py:587} INFO - Filling up the DagBag from /home/airflow/.local/lib/python3.12/site-packages/airflow/example_dags/example_sensor_decorator.py
[2025-12-08T07:29:42.501+0000] {processor.py:925} INFO - DAG(s) 'example_sensor_decorator' retrieved from /home/airflow/.local/lib/python3.12/site-packages/airflow/example_dags/example_sensor_decorator.py
[2025-12-08T07:29:42.538+0000] {logging_mixin.py:190} INFO - [2025-12-08T07:29:42.538+0000] {dag.py:3211} INFO - Sync 1 DAGs
[2025-12-08T07:29:42.567+0000] {logging_mixin.py:190} INFO - [2025-12-08T07:29:42.566+0000] {dag.py:4138} INFO - Setting next_dagrun for example_sensor_decorator to None, run_after=None
[2025-12-08T07:29:42.604+0000] {processor.py:208} INFO - Processing /home/airflow/.local/lib/python3.12/site-packages/airflow/example_dags/example_sensor_decorator.py took 0.142 seconds
[2025-12-08T07:30:13.351+0000] {processor.py:186} INFO - Started process (PID=540) to work on /home/airflow/.local/lib/python3.12/site-packages/airflow/example_dags/example_sensor_decorator.py
[2025-12-08T07:30:13.354+0000] {processor.py:914} INFO - Processing file /home/airflow/.local/lib/python3.12/site-packages/airflow/example_dags/example_sensor_decorator.py for tasks to queue
[2025-12-08T07:30:13.363+0000] {logging_mixin.py:190} INFO - [2025-12-08T07:30:13.362+0000] {dagbag.py:587} INFO - Filling up the DagBag from /home/airflow/.local/lib/python3.12/site-packages/airflow/example_dags/example_sensor_decorator.py
[2025-12-08T07:30:13.391+0000] {processor.py:925} INFO - DAG(s) 'example_sensor_decorator' retrieved from /home/airflow/.local/lib/python3.12/site-packages/airflow/example_dags/example_sensor_decorator.py
[2025-12-08T07:30:13.458+0000] {logging_mixin.py:190} INFO - [2025-12-08T07:30:13.458+0000] {dag.py:3211} INFO - Sync 1 DAGs
[2025-12-08T07:30:13.525+0000] {logging_mixin.py:190} INFO - [2025-12-08T07:30:13.524+0000] {dag.py:4138} INFO - Setting next_dagrun for example_sensor_decorator to None, run_after=None
[2025-12-08T07:30:13.594+0000] {processor.py:208} INFO - Processing /home/airflow/.local/lib/python3.12/site-packages/airflow/example_dags/example_sensor_decorator.py took 0.269 seconds
[2025-12-08T07:30:43.836+0000] {processor.py:186} INFO - Started process (PID=603) to work on /home/airflow/.local/lib/python3.12/site-packages/airflow/example_dags/example_sensor_decorator.py
[2025-12-08T07:30:43.839+0000] {processor.py:914} INFO - Processing file /home/airflow/.local/lib/python3.12/site-packages/airflow/example_dags/example_sensor_decorator.py for tasks to queue
[2025-12-08T07:30:43.845+0000] {logging_mixin.py:190} INFO - [2025-12-08T07:30:43.844+0000] {dagbag.py:587} INFO - Filling up the DagBag from /home/airflow/.local/lib/python3.12/site-packages/airflow/example_dags/example_sensor_decorator.py
[2025-12-08T07:30:43.869+0000] {processor.py:925} INFO - DAG(s) 'example_sensor_decorator' retrieved from /home/airflow/.local/lib/python3.12/site-packages/airflow/example_dags/example_sensor_decorator.py
[2025-12-08T07:30:43.932+0000] {logging_mixin.py:190} INFO - [2025-12-08T07:30:43.931+0000] {dag.py:3211} INFO - Sync 1 DAGs
[2025-12-08T07:30:43.976+0000] {logging_mixin.py:190} INFO - [2025-12-08T07:30:43.975+0000] {dag.py:4138} INFO - Setting next_dagrun for example_sensor_decorator to None, run_after=None
[2025-12-08T07:30:44.020+0000] {processor.py:208} INFO - Processing /home/airflow/.local/lib/python3.12/site-packages/airflow/example_dags/example_sensor_decorator.py took 0.203 seconds
[2025-12-08T07:31:14.881+0000] {processor.py:186} INFO - Started process (PID=665) to work on /home/airflow/.local/lib/python3.12/site-packages/airflow/example_dags/example_sensor_decorator.py
[2025-12-08T07:31:14.884+0000] {processor.py:914} INFO - Processing file /home/airflow/.local/lib/python3.12/site-packages/airflow/example_dags/example_sensor_decorator.py for tasks to queue
[2025-12-08T07:31:14.891+0000] {logging_mixin.py:190} INFO - [2025-12-08T07:31:14.889+0000] {dagbag.py:587} INFO - Filling up the DagBag from /home/airflow/.local/lib/python3.12/site-packages/airflow/example_dags/example_sensor_decorator.py
[2025-12-08T07:31:14.911+0000] {processor.py:925} INFO - DAG(s) 'example_sensor_decorator' retrieved from /home/airflow/.local/lib/python3.12/site-packages/airflow/example_dags/example_sensor_decorator.py
[2025-12-08T07:31:14.963+0000] {logging_mixin.py:190} INFO - [2025-12-08T07:31:14.963+0000] {dag.py:3211} INFO - Sync 1 DAGs
[2025-12-08T07:31:14.998+0000] {logging_mixin.py:190} INFO - [2025-12-08T07:31:14.998+0000] {dag.py:4138} INFO - Setting next_dagrun for example_sensor_decorator to None, run_after=None
[2025-12-08T07:31:15.043+0000] {processor.py:208} INFO - Processing /home/airflow/.local/lib/python3.12/site-packages/airflow/example_dags/example_sensor_decorator.py took 0.178 seconds
[2025-12-08T07:31:46.041+0000] {processor.py:186} INFO - Started process (PID=729) to work on /home/airflow/.local/lib/python3.12/site-packages/airflow/example_dags/example_sensor_decorator.py
[2025-12-08T07:31:46.045+0000] {processor.py:914} INFO - Processing file /home/airflow/.local/lib/python3.12/site-packages/airflow/example_dags/example_sensor_decorator.py for tasks to queue
[2025-12-08T07:31:46.057+0000] {logging_mixin.py:190} INFO - [2025-12-08T07:31:46.054+0000] {dagbag.py:587} INFO - Filling up the DagBag from /home/airflow/.local/lib/python3.12/site-packages/airflow/example_dags/example_sensor_decorator.py
[2025-12-08T07:31:46.086+0000] {processor.py:925} INFO - DAG(s) 'example_sensor_decorator' retrieved from /home/airflow/.local/lib/python3.12/site-packages/airflow/example_dags/example_sensor_decorator.py
[2025-12-08T07:31:46.132+0000] {logging_mixin.py:190} INFO - [2025-12-08T07:31:46.131+0000] {dag.py:3211} INFO - Sync 1 DAGs
[2025-12-08T07:31:46.169+0000] {logging_mixin.py:190} INFO - [2025-12-08T07:31:46.169+0000] {dag.py:4138} INFO - Setting next_dagrun for example_sensor_decorator to None, run_after=None
[2025-12-08T07:31:46.220+0000] {processor.py:208} INFO - Processing /home/airflow/.local/lib/python3.12/site-packages/airflow/example_dags/example_sensor_decorator.py took 0.190 seconds
[2025-12-08T07:32:16.943+0000] {processor.py:186} INFO - Started process (PID=792) to work on /home/airflow/.local/lib/python3.12/site-packages/airflow/example_dags/example_sensor_decorator.py
[2025-12-08T07:32:16.945+0000] {processor.py:914} INFO - Processing file /home/airflow/.local/lib/python3.12/site-packages/airflow/example_dags/example_sensor_decorator.py for tasks to queue
[2025-12-08T07:32:16.951+0000] {logging_mixin.py:190} INFO - [2025-12-08T07:32:16.951+0000] {dagbag.py:587} INFO - Filling up the DagBag from /home/airflow/.local/lib/python3.12/site-packages/airflow/example_dags/example_sensor_decorator.py
[2025-12-08T07:32:16.968+0000] {processor.py:925} INFO - DAG(s) 'example_sensor_decorator' retrieved from /home/airflow/.local/lib/python3.12/site-packages/airflow/example_dags/example_sensor_decorator.py
[2025-12-08T07:32:17.009+0000] {logging_mixin.py:190} INFO - [2025-12-08T07:32:17.008+0000] {dag.py:3211} INFO - Sync 1 DAGs
[2025-12-08T07:32:17.037+0000] {logging_mixin.py:190} INFO - [2025-12-08T07:32:17.036+0000] {dag.py:4138} INFO - Setting next_dagrun for example_sensor_decorator to None, run_after=None
[2025-12-08T07:32:17.077+0000] {processor.py:208} INFO - Processing /home/airflow/.local/lib/python3.12/site-packages/airflow/example_dags/example_sensor_decorator.py took 0.150 seconds
[2025-12-08T07:32:47.824+0000] {processor.py:186} INFO - Started process (PID=855) to work on /home/airflow/.local/lib/python3.12/site-packages/airflow/example_dags/example_sensor_decorator.py
[2025-12-08T07:32:47.828+0000] {processor.py:914} INFO - Processing file /home/airflow/.local/lib/python3.12/site-packages/airflow/example_dags/example_sensor_decorator.py for tasks to queue
[2025-12-08T07:32:47.836+0000] {logging_mixin.py:190} INFO - [2025-12-08T07:32:47.835+0000] {dagbag.py:587} INFO - Filling up the DagBag from /home/airflow/.local/lib/python3.12/site-packages/airflow/example_dags/example_sensor_decorator.py
[2025-12-08T07:32:47.877+0000] {processor.py:925} INFO - DAG(s) 'example_sensor_decorator' retrieved from /home/airflow/.local/lib/python3.12/site-packages/airflow/example_dags/example_sensor_decorator.py
[2025-12-08T07:32:47.928+0000] {logging_mixin.py:190} INFO - [2025-12-08T07:32:47.927+0000] {dag.py:3211} INFO - Sync 1 DAGs
[2025-12-08T07:32:47.961+0000] {logging_mixin.py:190} INFO - [2025-12-08T07:32:47.961+0000] {dag.py:4138} INFO - Setting next_dagrun for example_sensor_decorator to None, run_after=None
[2025-12-08T07:32:48.010+0000] {processor.py:208} INFO - Processing /home/airflow/.local/lib/python3.12/site-packages/airflow/example_dags/example_sensor_decorator.py took 0.198 seconds
[2025-12-08T07:33:18.500+0000] {processor.py:186} INFO - Started process (PID=918) to work on /home/airflow/.local/lib/python3.12/site-packages/airflow/example_dags/example_sensor_decorator.py
[2025-12-08T07:33:18.504+0000] {processor.py:914} INFO - Processing file /home/airflow/.local/lib/python3.12/site-packages/airflow/example_dags/example_sensor_decorator.py for tasks to queue
[2025-12-08T07:33:18.510+0000] {logging_mixin.py:190} INFO - [2025-12-08T07:33:18.509+0000] {dagbag.py:587} INFO - Filling up the DagBag from /home/airflow/.local/lib/python3.12/site-packages/airflow/example_dags/example_sensor_decorator.py
[2025-12-08T07:33:18.538+0000] {processor.py:925} INFO - DAG(s) 'example_sensor_decorator' retrieved from /home/airflow/.local/lib/python3.12/site-packages/airflow/example_dags/example_sensor_decorator.py
[2025-12-08T07:33:18.598+0000] {logging_mixin.py:190} INFO - [2025-12-08T07:33:18.598+0000] {dag.py:3211} INFO - Sync 1 DAGs
[2025-12-08T07:33:18.640+0000] {logging_mixin.py:190} INFO - [2025-12-08T07:33:18.639+0000] {dag.py:4138} INFO - Setting next_dagrun for example_sensor_decorator to None, run_after=None
[2025-12-08T07:33:18.729+0000] {processor.py:208} INFO - Processing /home/airflow/.local/lib/python3.12/site-packages/airflow/example_dags/example_sensor_decorator.py took 0.243 seconds
[2025-12-08T07:33:48.932+0000] {processor.py:186} INFO - Started process (PID=980) to work on /home/airflow/.local/lib/python3.12/site-packages/airflow/example_dags/example_sensor_decorator.py
[2025-12-08T07:33:48.935+0000] {processor.py:914} INFO - Processing file /home/airflow/.local/lib/python3.12/site-packages/airflow/example_dags/example_sensor_decorator.py for tasks to queue
[2025-12-08T07:33:48.953+0000] {logging_mixin.py:190} INFO - [2025-12-08T07:33:48.951+0000] {dagbag.py:587} INFO - Filling up the DagBag from /home/airflow/.local/lib/python3.12/site-packages/airflow/example_dags/example_sensor_decorator.py
[2025-12-08T07:33:48.979+0000] {processor.py:925} INFO - DAG(s) 'example_sensor_decorator' retrieved from /home/airflow/.local/lib/python3.12/site-packages/airflow/example_dags/example_sensor_decorator.py
[2025-12-08T07:33:49.039+0000] {logging_mixin.py:190} INFO - [2025-12-08T07:33:49.039+0000] {dag.py:3211} INFO - Sync 1 DAGs
[2025-12-08T07:33:49.078+0000] {logging_mixin.py:190} INFO - [2025-12-08T07:33:49.077+0000] {dag.py:4138} INFO - Setting next_dagrun for example_sensor_decorator to None, run_after=None
[2025-12-08T07:33:49.130+0000] {processor.py:208} INFO - Processing /home/airflow/.local/lib/python3.12/site-packages/airflow/example_dags/example_sensor_decorator.py took 0.217 seconds
[2025-12-08T07:34:19.893+0000] {processor.py:186} INFO - Started process (PID=1049) to work on /home/airflow/.local/lib/python3.12/site-packages/airflow/example_dags/example_sensor_decorator.py
[2025-12-08T07:34:19.897+0000] {processor.py:914} INFO - Processing file /home/airflow/.local/lib/python3.12/site-packages/airflow/example_dags/example_sensor_decorator.py for tasks to queue
[2025-12-08T07:34:19.903+0000] {logging_mixin.py:190} INFO - [2025-12-08T07:34:19.903+0000] {dagbag.py:587} INFO - Filling up the DagBag from /home/airflow/.local/lib/python3.12/site-packages/airflow/example_dags/example_sensor_decorator.py
[2025-12-08T07:34:19.922+0000] {processor.py:925} INFO - DAG(s) 'example_sensor_decorator' retrieved from /home/airflow/.local/lib/python3.12/site-packages/airflow/example_dags/example_sensor_decorator.py
[2025-12-08T07:34:19.961+0000] {logging_mixin.py:190} INFO - [2025-12-08T07:34:19.960+0000] {dag.py:3211} INFO - Sync 1 DAGs
[2025-12-08T07:34:19.984+0000] {logging_mixin.py:190} INFO - [2025-12-08T07:34:19.983+0000] {dag.py:4138} INFO - Setting next_dagrun for example_sensor_decorator to None, run_after=None
[2025-12-08T07:34:20.021+0000] {processor.py:208} INFO - Processing /home/airflow/.local/lib/python3.12/site-packages/airflow/example_dags/example_sensor_decorator.py took 0.141 seconds
[2025-12-08T07:34:50.489+0000] {processor.py:186} INFO - Started process (PID=1113) to work on /home/airflow/.local/lib/python3.12/site-packages/airflow/example_dags/example_sensor_decorator.py
[2025-12-08T07:34:50.492+0000] {processor.py:914} INFO - Processing file /home/airflow/.local/lib/python3.12/site-packages/airflow/example_dags/example_sensor_decorator.py for tasks to queue
[2025-12-08T07:34:50.498+0000] {logging_mixin.py:190} INFO - [2025-12-08T07:34:50.496+0000] {dagbag.py:587} INFO - Filling up the DagBag from /home/airflow/.local/lib/python3.12/site-packages/airflow/example_dags/example_sensor_decorator.py
[2025-12-08T07:34:50.516+0000] {processor.py:925} INFO - DAG(s) 'example_sensor_decorator' retrieved from /home/airflow/.local/lib/python3.12/site-packages/airflow/example_dags/example_sensor_decorator.py
[2025-12-08T07:34:50.561+0000] {logging_mixin.py:190} INFO - [2025-12-08T07:34:50.560+0000] {dag.py:3211} INFO - Sync 1 DAGs
[2025-12-08T07:34:50.591+0000] {logging_mixin.py:190} INFO - [2025-12-08T07:34:50.590+0000] {dag.py:4138} INFO - Setting next_dagrun for example_sensor_decorator to None, run_after=None
[2025-12-08T07:34:50.628+0000] {processor.py:208} INFO - Processing /home/airflow/.local/lib/python3.12/site-packages/airflow/example_dags/example_sensor_decorator.py took 0.151 seconds
[2025-12-08T07:35:21.022+0000] {processor.py:186} INFO - Started process (PID=1177) to work on /home/airflow/.local/lib/python3.12/site-packages/airflow/example_dags/example_sensor_decorator.py
[2025-12-08T07:35:21.026+0000] {processor.py:914} INFO - Processing file /home/airflow/.local/lib/python3.12/site-packages/airflow/example_dags/example_sensor_decorator.py for tasks to queue
[2025-12-08T07:35:21.032+0000] {logging_mixin.py:190} INFO - [2025-12-08T07:35:21.031+0000] {dagbag.py:587} INFO - Filling up the DagBag from /home/airflow/.local/lib/python3.12/site-packages/airflow/example_dags/example_sensor_decorator.py
[2025-12-08T07:35:21.048+0000] {processor.py:925} INFO - DAG(s) 'example_sensor_decorator' retrieved from /home/airflow/.local/lib/python3.12/site-packages/airflow/example_dags/example_sensor_decorator.py
[2025-12-08T07:35:21.100+0000] {logging_mixin.py:190} INFO - [2025-12-08T07:35:21.099+0000] {dag.py:3211} INFO - Sync 1 DAGs
[2025-12-08T07:35:21.131+0000] {logging_mixin.py:190} INFO - [2025-12-08T07:35:21.131+0000] {dag.py:4138} INFO - Setting next_dagrun for example_sensor_decorator to None, run_after=None
[2025-12-08T07:35:21.173+0000] {processor.py:208} INFO - Processing /home/airflow/.local/lib/python3.12/site-packages/airflow/example_dags/example_sensor_decorator.py took 0.164 seconds
[2025-12-08T07:35:51.465+0000] {processor.py:186} INFO - Started process (PID=1239) to work on /home/airflow/.local/lib/python3.12/site-packages/airflow/example_dags/example_sensor_decorator.py
[2025-12-08T07:35:51.468+0000] {processor.py:914} INFO - Processing file /home/airflow/.local/lib/python3.12/site-packages/airflow/example_dags/example_sensor_decorator.py for tasks to queue
[2025-12-08T07:35:51.473+0000] {logging_mixin.py:190} INFO - [2025-12-08T07:35:51.472+0000] {dagbag.py:587} INFO - Filling up the DagBag from /home/airflow/.local/lib/python3.12/site-packages/airflow/example_dags/example_sensor_decorator.py
[2025-12-08T07:35:51.488+0000] {processor.py:925} INFO - DAG(s) 'example_sensor_decorator' retrieved from /home/airflow/.local/lib/python3.12/site-packages/airflow/example_dags/example_sensor_decorator.py
[2025-12-08T07:35:51.531+0000] {logging_mixin.py:190} INFO - [2025-12-08T07:35:51.530+0000] {dag.py:3211} INFO - Sync 1 DAGs
[2025-12-08T07:35:51.554+0000] {logging_mixin.py:190} INFO - [2025-12-08T07:35:51.553+0000] {dag.py:4138} INFO - Setting next_dagrun for example_sensor_decorator to None, run_after=None
[2025-12-08T07:35:51.596+0000] {processor.py:208} INFO - Processing /home/airflow/.local/lib/python3.12/site-packages/airflow/example_dags/example_sensor_decorator.py took 0.143 seconds
[2025-12-08T07:36:22.201+0000] {processor.py:186} INFO - Started process (PID=1302) to work on /home/airflow/.local/lib/python3.12/site-packages/airflow/example_dags/example_sensor_decorator.py
[2025-12-08T07:36:22.204+0000] {processor.py:914} INFO - Processing file /home/airflow/.local/lib/python3.12/site-packages/airflow/example_dags/example_sensor_decorator.py for tasks to queue
[2025-12-08T07:36:22.213+0000] {logging_mixin.py:190} INFO - [2025-12-08T07:36:22.212+0000] {dagbag.py:587} INFO - Filling up the DagBag from /home/airflow/.local/lib/python3.12/site-packages/airflow/example_dags/example_sensor_decorator.py
[2025-12-08T07:36:22.230+0000] {processor.py:925} INFO - DAG(s) 'example_sensor_decorator' retrieved from /home/airflow/.local/lib/python3.12/site-packages/airflow/example_dags/example_sensor_decorator.py
[2025-12-08T07:36:22.278+0000] {logging_mixin.py:190} INFO - [2025-12-08T07:36:22.277+0000] {dag.py:3211} INFO - Sync 1 DAGs
[2025-12-08T07:36:22.302+0000] {logging_mixin.py:190} INFO - [2025-12-08T07:36:22.302+0000] {dag.py:4138} INFO - Setting next_dagrun for example_sensor_decorator to None, run_after=None
[2025-12-08T07:36:22.345+0000] {processor.py:208} INFO - Processing /home/airflow/.local/lib/python3.12/site-packages/airflow/example_dags/example_sensor_decorator.py took 0.154 seconds
[2025-12-08T07:36:52.697+0000] {processor.py:186} INFO - Started process (PID=1365) to work on /home/airflow/.local/lib/python3.12/site-packages/airflow/example_dags/example_sensor_decorator.py
[2025-12-08T07:36:52.700+0000] {processor.py:914} INFO - Processing file /home/airflow/.local/lib/python3.12/site-packages/airflow/example_dags/example_sensor_decorator.py for tasks to queue
[2025-12-08T07:36:52.706+0000] {logging_mixin.py:190} INFO - [2025-12-08T07:36:52.706+0000] {dagbag.py:587} INFO - Filling up the DagBag from /home/airflow/.local/lib/python3.12/site-packages/airflow/example_dags/example_sensor_decorator.py
[2025-12-08T07:36:52.721+0000] {processor.py:925} INFO - DAG(s) 'example_sensor_decorator' retrieved from /home/airflow/.local/lib/python3.12/site-packages/airflow/example_dags/example_sensor_decorator.py
[2025-12-08T07:36:52.761+0000] {logging_mixin.py:190} INFO - [2025-12-08T07:36:52.760+0000] {dag.py:3211} INFO - Sync 1 DAGs
[2025-12-08T07:36:52.789+0000] {logging_mixin.py:190} INFO - [2025-12-08T07:36:52.788+0000] {dag.py:4138} INFO - Setting next_dagrun for example_sensor_decorator to None, run_after=None
[2025-12-08T07:36:52.832+0000] {processor.py:208} INFO - Processing /home/airflow/.local/lib/python3.12/site-packages/airflow/example_dags/example_sensor_decorator.py took 0.146 seconds
[2025-12-08T07:37:23.403+0000] {processor.py:186} INFO - Started process (PID=1428) to work on /home/airflow/.local/lib/python3.12/site-packages/airflow/example_dags/example_sensor_decorator.py
[2025-12-08T07:37:23.405+0000] {processor.py:914} INFO - Processing file /home/airflow/.local/lib/python3.12/site-packages/airflow/example_dags/example_sensor_decorator.py for tasks to queue
[2025-12-08T07:37:23.412+0000] {logging_mixin.py:190} INFO - [2025-12-08T07:37:23.411+0000] {dagbag.py:587} INFO - Filling up the DagBag from /home/airflow/.local/lib/python3.12/site-packages/airflow/example_dags/example_sensor_decorator.py
[2025-12-08T07:37:23.432+0000] {processor.py:925} INFO - DAG(s) 'example_sensor_decorator' retrieved from /home/airflow/.local/lib/python3.12/site-packages/airflow/example_dags/example_sensor_decorator.py
[2025-12-08T07:37:23.470+0000] {logging_mixin.py:190} INFO - [2025-12-08T07:37:23.470+0000] {dag.py:3211} INFO - Sync 1 DAGs
[2025-12-08T07:37:23.499+0000] {logging_mixin.py:190} INFO - [2025-12-08T07:37:23.499+0000] {dag.py:4138} INFO - Setting next_dagrun for example_sensor_decorator to None, run_after=None
[2025-12-08T07:37:23.547+0000] {processor.py:208} INFO - Processing /home/airflow/.local/lib/python3.12/site-packages/airflow/example_dags/example_sensor_decorator.py took 0.153 seconds
[2025-12-08T07:37:53.962+0000] {processor.py:186} INFO - Started process (PID=1492) to work on /home/airflow/.local/lib/python3.12/site-packages/airflow/example_dags/example_sensor_decorator.py
[2025-12-08T07:37:53.964+0000] {processor.py:914} INFO - Processing file /home/airflow/.local/lib/python3.12/site-packages/airflow/example_dags/example_sensor_decorator.py for tasks to queue
[2025-12-08T07:37:53.974+0000] {logging_mixin.py:190} INFO - [2025-12-08T07:37:53.973+0000] {dagbag.py:587} INFO - Filling up the DagBag from /home/airflow/.local/lib/python3.12/site-packages/airflow/example_dags/example_sensor_decorator.py
[2025-12-08T07:37:53.995+0000] {processor.py:925} INFO - DAG(s) 'example_sensor_decorator' retrieved from /home/airflow/.local/lib/python3.12/site-packages/airflow/example_dags/example_sensor_decorator.py
[2025-12-08T07:37:54.039+0000] {logging_mixin.py:190} INFO - [2025-12-08T07:37:54.038+0000] {dag.py:3211} INFO - Sync 1 DAGs
[2025-12-08T07:37:54.080+0000] {logging_mixin.py:190} INFO - [2025-12-08T07:37:54.079+0000] {dag.py:4138} INFO - Setting next_dagrun for example_sensor_decorator to None, run_after=None
[2025-12-08T07:37:54.125+0000] {processor.py:208} INFO - Processing /home/airflow/.local/lib/python3.12/site-packages/airflow/example_dags/example_sensor_decorator.py took 0.175 seconds
[2025-12-08T07:38:25.078+0000] {processor.py:186} INFO - Started process (PID=1555) to work on /home/airflow/.local/lib/python3.12/site-packages/airflow/example_dags/example_sensor_decorator.py
[2025-12-08T07:38:25.087+0000] {processor.py:914} INFO - Processing file /home/airflow/.local/lib/python3.12/site-packages/airflow/example_dags/example_sensor_decorator.py for tasks to queue
[2025-12-08T07:38:25.096+0000] {logging_mixin.py:190} INFO - [2025-12-08T07:38:25.095+0000] {dagbag.py:587} INFO - Filling up the DagBag from /home/airflow/.local/lib/python3.12/site-packages/airflow/example_dags/example_sensor_decorator.py
[2025-12-08T07:38:25.120+0000] {processor.py:925} INFO - DAG(s) 'example_sensor_decorator' retrieved from /home/airflow/.local/lib/python3.12/site-packages/airflow/example_dags/example_sensor_decorator.py
[2025-12-08T07:38:25.178+0000] {logging_mixin.py:190} INFO - [2025-12-08T07:38:25.177+0000] {dag.py:3211} INFO - Sync 1 DAGs
[2025-12-08T07:38:25.212+0000] {logging_mixin.py:190} INFO - [2025-12-08T07:38:25.212+0000] {dag.py:4138} INFO - Setting next_dagrun for example_sensor_decorator to None, run_after=None
[2025-12-08T07:38:25.267+0000] {processor.py:208} INFO - Processing /home/airflow/.local/lib/python3.12/site-packages/airflow/example_dags/example_sensor_decorator.py took 0.218 seconds
[2025-12-08T07:38:56.250+0000] {processor.py:186} INFO - Started process (PID=1619) to work on /home/airflow/.local/lib/python3.12/site-packages/airflow/example_dags/example_sensor_decorator.py
[2025-12-08T07:38:56.252+0000] {processor.py:914} INFO - Processing file /home/airflow/.local/lib/python3.12/site-packages/airflow/example_dags/example_sensor_decorator.py for tasks to queue
[2025-12-08T07:38:56.260+0000] {logging_mixin.py:190} INFO - [2025-12-08T07:38:56.259+0000] {dagbag.py:587} INFO - Filling up the DagBag from /home/airflow/.local/lib/python3.12/site-packages/airflow/example_dags/example_sensor_decorator.py
[2025-12-08T07:38:56.277+0000] {processor.py:925} INFO - DAG(s) 'example_sensor_decorator' retrieved from /home/airflow/.local/lib/python3.12/site-packages/airflow/example_dags/example_sensor_decorator.py
[2025-12-08T07:38:56.316+0000] {logging_mixin.py:190} INFO - [2025-12-08T07:38:56.316+0000] {dag.py:3211} INFO - Sync 1 DAGs
[2025-12-08T07:38:56.341+0000] {logging_mixin.py:190} INFO - [2025-12-08T07:38:56.341+0000] {dag.py:4138} INFO - Setting next_dagrun for example_sensor_decorator to None, run_after=None
[2025-12-08T07:38:56.393+0000] {processor.py:208} INFO - Processing /home/airflow/.local/lib/python3.12/site-packages/airflow/example_dags/example_sensor_decorator.py took 0.152 seconds
[2025-12-08T07:39:27.106+0000] {processor.py:186} INFO - Started process (PID=1682) to work on /home/airflow/.local/lib/python3.12/site-packages/airflow/example_dags/example_sensor_decorator.py
[2025-12-08T07:39:27.109+0000] {processor.py:914} INFO - Processing file /home/airflow/.local/lib/python3.12/site-packages/airflow/example_dags/example_sensor_decorator.py for tasks to queue
[2025-12-08T07:39:27.115+0000] {logging_mixin.py:190} INFO - [2025-12-08T07:39:27.114+0000] {dagbag.py:587} INFO - Filling up the DagBag from /home/airflow/.local/lib/python3.12/site-packages/airflow/example_dags/example_sensor_decorator.py
[2025-12-08T07:39:27.130+0000] {processor.py:925} INFO - DAG(s) 'example_sensor_decorator' retrieved from /home/airflow/.local/lib/python3.12/site-packages/airflow/example_dags/example_sensor_decorator.py
[2025-12-08T07:39:27.168+0000] {logging_mixin.py:190} INFO - [2025-12-08T07:39:27.168+0000] {dag.py:3211} INFO - Sync 1 DAGs
[2025-12-08T07:39:27.193+0000] {logging_mixin.py:190} INFO - [2025-12-08T07:39:27.192+0000] {dag.py:4138} INFO - Setting next_dagrun for example_sensor_decorator to None, run_after=None
[2025-12-08T07:39:27.233+0000] {processor.py:208} INFO - Processing /home/airflow/.local/lib/python3.12/site-packages/airflow/example_dags/example_sensor_decorator.py took 0.137 seconds
[2025-12-08T07:39:57.568+0000] {processor.py:186} INFO - Started process (PID=1745) to work on /home/airflow/.local/lib/python3.12/site-packages/airflow/example_dags/example_sensor_decorator.py
[2025-12-08T07:39:57.570+0000] {processor.py:914} INFO - Processing file /home/airflow/.local/lib/python3.12/site-packages/airflow/example_dags/example_sensor_decorator.py for tasks to queue
[2025-12-08T07:39:57.578+0000] {logging_mixin.py:190} INFO - [2025-12-08T07:39:57.577+0000] {dagbag.py:587} INFO - Filling up the DagBag from /home/airflow/.local/lib/python3.12/site-packages/airflow/example_dags/example_sensor_decorator.py
[2025-12-08T07:39:57.595+0000] {processor.py:925} INFO - DAG(s) 'example_sensor_decorator' retrieved from /home/airflow/.local/lib/python3.12/site-packages/airflow/example_dags/example_sensor_decorator.py
[2025-12-08T07:39:57.630+0000] {logging_mixin.py:190} INFO - [2025-12-08T07:39:57.629+0000] {dag.py:3211} INFO - Sync 1 DAGs
[2025-12-08T07:39:57.654+0000] {logging_mixin.py:190} INFO - [2025-12-08T07:39:57.653+0000] {dag.py:4138} INFO - Setting next_dagrun for example_sensor_decorator to None, run_after=None
[2025-12-08T07:39:57.695+0000] {processor.py:208} INFO - Processing /home/airflow/.local/lib/python3.12/site-packages/airflow/example_dags/example_sensor_decorator.py took 0.137 seconds
[2025-12-08T07:40:28.404+0000] {processor.py:186} INFO - Started process (PID=1808) to work on /home/airflow/.local/lib/python3.12/site-packages/airflow/example_dags/example_sensor_decorator.py
[2025-12-08T07:40:28.407+0000] {processor.py:914} INFO - Processing file /home/airflow/.local/lib/python3.12/site-packages/airflow/example_dags/example_sensor_decorator.py for tasks to queue
[2025-12-08T07:40:28.418+0000] {logging_mixin.py:190} INFO - [2025-12-08T07:40:28.416+0000] {dagbag.py:587} INFO - Filling up the DagBag from /home/airflow/.local/lib/python3.12/site-packages/airflow/example_dags/example_sensor_decorator.py
[2025-12-08T07:40:28.443+0000] {processor.py:925} INFO - DAG(s) 'example_sensor_decorator' retrieved from /home/airflow/.local/lib/python3.12/site-packages/airflow/example_dags/example_sensor_decorator.py
[2025-12-08T07:40:28.501+0000] {logging_mixin.py:190} INFO - [2025-12-08T07:40:28.500+0000] {dag.py:3211} INFO - Sync 1 DAGs
[2025-12-08T07:40:28.538+0000] {logging_mixin.py:190} INFO - [2025-12-08T07:40:28.537+0000] {dag.py:4138} INFO - Setting next_dagrun for example_sensor_decorator to None, run_after=None
[2025-12-08T07:40:28.589+0000] {processor.py:208} INFO - Processing /home/airflow/.local/lib/python3.12/site-packages/airflow/example_dags/example_sensor_decorator.py took 0.205 seconds
[2025-12-08T07:40:58.732+0000] {processor.py:186} INFO - Started process (PID=1871) to work on /home/airflow/.local/lib/python3.12/site-packages/airflow/example_dags/example_sensor_decorator.py
[2025-12-08T07:40:58.734+0000] {processor.py:914} INFO - Processing file /home/airflow/.local/lib/python3.12/site-packages/airflow/example_dags/example_sensor_decorator.py for tasks to queue
[2025-12-08T07:40:58.739+0000] {logging_mixin.py:190} INFO - [2025-12-08T07:40:58.738+0000] {dagbag.py:587} INFO - Filling up the DagBag from /home/airflow/.local/lib/python3.12/site-packages/airflow/example_dags/example_sensor_decorator.py
[2025-12-08T07:40:58.760+0000] {processor.py:925} INFO - DAG(s) 'example_sensor_decorator' retrieved from /home/airflow/.local/lib/python3.12/site-packages/airflow/example_dags/example_sensor_decorator.py
[2025-12-08T07:40:58.802+0000] {logging_mixin.py:190} INFO - [2025-12-08T07:40:58.801+0000] {dag.py:3211} INFO - Sync 1 DAGs
[2025-12-08T07:40:58.831+0000] {logging_mixin.py:190} INFO - [2025-12-08T07:40:58.830+0000] {dag.py:4138} INFO - Setting next_dagrun for example_sensor_decorator to None, run_after=None
[2025-12-08T07:40:58.881+0000] {processor.py:208} INFO - Processing /home/airflow/.local/lib/python3.12/site-packages/airflow/example_dags/example_sensor_decorator.py took 0.165 seconds
[2025-12-08T07:41:29.477+0000] {processor.py:186} INFO - Started process (PID=1934) to work on /home/airflow/.local/lib/python3.12/site-packages/airflow/example_dags/example_sensor_decorator.py
[2025-12-08T07:41:29.480+0000] {processor.py:914} INFO - Processing file /home/airflow/.local/lib/python3.12/site-packages/airflow/example_dags/example_sensor_decorator.py for tasks to queue
[2025-12-08T07:41:29.486+0000] {logging_mixin.py:190} INFO - [2025-12-08T07:41:29.485+0000] {dagbag.py:587} INFO - Filling up the DagBag from /home/airflow/.local/lib/python3.12/site-packages/airflow/example_dags/example_sensor_decorator.py
[2025-12-08T07:41:29.504+0000] {processor.py:925} INFO - DAG(s) 'example_sensor_decorator' retrieved from /home/airflow/.local/lib/python3.12/site-packages/airflow/example_dags/example_sensor_decorator.py
[2025-12-08T07:41:29.549+0000] {logging_mixin.py:190} INFO - [2025-12-08T07:41:29.548+0000] {dag.py:3211} INFO - Sync 1 DAGs
[2025-12-08T07:41:29.582+0000] {logging_mixin.py:190} INFO - [2025-12-08T07:41:29.581+0000] {dag.py:4138} INFO - Setting next_dagrun for example_sensor_decorator to None, run_after=None
[2025-12-08T07:41:29.627+0000] {processor.py:208} INFO - Processing /home/airflow/.local/lib/python3.12/site-packages/airflow/example_dags/example_sensor_decorator.py took 0.161 seconds
[2025-12-08T07:41:59.893+0000] {processor.py:186} INFO - Started process (PID=1997) to work on /home/airflow/.local/lib/python3.12/site-packages/airflow/example_dags/example_sensor_decorator.py
[2025-12-08T07:41:59.899+0000] {processor.py:914} INFO - Processing file /home/airflow/.local/lib/python3.12/site-packages/airflow/example_dags/example_sensor_decorator.py for tasks to queue
[2025-12-08T07:41:59.908+0000] {logging_mixin.py:190} INFO - [2025-12-08T07:41:59.907+0000] {dagbag.py:587} INFO - Filling up the DagBag from /home/airflow/.local/lib/python3.12/site-packages/airflow/example_dags/example_sensor_decorator.py
[2025-12-08T07:41:59.927+0000] {processor.py:925} INFO - DAG(s) 'example_sensor_decorator' retrieved from /home/airflow/.local/lib/python3.12/site-packages/airflow/example_dags/example_sensor_decorator.py
[2025-12-08T07:41:59.979+0000] {logging_mixin.py:190} INFO - [2025-12-08T07:41:59.978+0000] {dag.py:3211} INFO - Sync 1 DAGs
[2025-12-08T07:42:00.015+0000] {logging_mixin.py:190} INFO - [2025-12-08T07:42:00.014+0000] {dag.py:4138} INFO - Setting next_dagrun for example_sensor_decorator to None, run_after=None
[2025-12-08T07:42:00.067+0000] {processor.py:208} INFO - Processing /home/airflow/.local/lib/python3.12/site-packages/airflow/example_dags/example_sensor_decorator.py took 0.196 seconds
[2025-12-08T07:42:30.354+0000] {processor.py:186} INFO - Started process (PID=2061) to work on /home/airflow/.local/lib/python3.12/site-packages/airflow/example_dags/example_sensor_decorator.py
[2025-12-08T07:42:30.358+0000] {processor.py:914} INFO - Processing file /home/airflow/.local/lib/python3.12/site-packages/airflow/example_dags/example_sensor_decorator.py for tasks to queue
[2025-12-08T07:42:30.366+0000] {logging_mixin.py:190} INFO - [2025-12-08T07:42:30.364+0000] {dagbag.py:587} INFO - Filling up the DagBag from /home/airflow/.local/lib/python3.12/site-packages/airflow/example_dags/example_sensor_decorator.py
[2025-12-08T07:42:30.393+0000] {processor.py:925} INFO - DAG(s) 'example_sensor_decorator' retrieved from /home/airflow/.local/lib/python3.12/site-packages/airflow/example_dags/example_sensor_decorator.py
[2025-12-08T07:42:30.462+0000] {logging_mixin.py:190} INFO - [2025-12-08T07:42:30.461+0000] {dag.py:3211} INFO - Sync 1 DAGs
[2025-12-08T07:42:30.509+0000] {logging_mixin.py:190} INFO - [2025-12-08T07:42:30.509+0000] {dag.py:4138} INFO - Setting next_dagrun for example_sensor_decorator to None, run_after=None
[2025-12-08T07:42:30.568+0000] {processor.py:208} INFO - Processing /home/airflow/.local/lib/python3.12/site-packages/airflow/example_dags/example_sensor_decorator.py took 0.235 seconds
[2025-12-08T07:43:01.361+0000] {processor.py:186} INFO - Started process (PID=2123) to work on /home/airflow/.local/lib/python3.12/site-packages/airflow/example_dags/example_sensor_decorator.py
[2025-12-08T07:43:01.363+0000] {processor.py:914} INFO - Processing file /home/airflow/.local/lib/python3.12/site-packages/airflow/example_dags/example_sensor_decorator.py for tasks to queue
[2025-12-08T07:43:01.371+0000] {logging_mixin.py:190} INFO - [2025-12-08T07:43:01.370+0000] {dagbag.py:587} INFO - Filling up the DagBag from /home/airflow/.local/lib/python3.12/site-packages/airflow/example_dags/example_sensor_decorator.py
[2025-12-08T07:43:01.387+0000] {processor.py:925} INFO - DAG(s) 'example_sensor_decorator' retrieved from /home/airflow/.local/lib/python3.12/site-packages/airflow/example_dags/example_sensor_decorator.py
[2025-12-08T07:43:01.434+0000] {logging_mixin.py:190} INFO - [2025-12-08T07:43:01.433+0000] {dag.py:3211} INFO - Sync 1 DAGs
[2025-12-08T07:43:01.465+0000] {logging_mixin.py:190} INFO - [2025-12-08T07:43:01.465+0000] {dag.py:4138} INFO - Setting next_dagrun for example_sensor_decorator to None, run_after=None
[2025-12-08T07:43:01.510+0000] {processor.py:208} INFO - Processing /home/airflow/.local/lib/python3.12/site-packages/airflow/example_dags/example_sensor_decorator.py took 0.160 seconds
[2025-12-08T07:43:31.848+0000] {processor.py:186} INFO - Started process (PID=2186) to work on /home/airflow/.local/lib/python3.12/site-packages/airflow/example_dags/example_sensor_decorator.py
[2025-12-08T07:43:31.851+0000] {processor.py:914} INFO - Processing file /home/airflow/.local/lib/python3.12/site-packages/airflow/example_dags/example_sensor_decorator.py for tasks to queue
[2025-12-08T07:43:31.856+0000] {logging_mixin.py:190} INFO - [2025-12-08T07:43:31.856+0000] {dagbag.py:587} INFO - Filling up the DagBag from /home/airflow/.local/lib/python3.12/site-packages/airflow/example_dags/example_sensor_decorator.py
[2025-12-08T07:43:31.876+0000] {processor.py:925} INFO - DAG(s) 'example_sensor_decorator' retrieved from /home/airflow/.local/lib/python3.12/site-packages/airflow/example_dags/example_sensor_decorator.py
[2025-12-08T07:43:31.924+0000] {logging_mixin.py:190} INFO - [2025-12-08T07:43:31.923+0000] {dag.py:3211} INFO - Sync 1 DAGs
[2025-12-08T07:43:31.952+0000] {logging_mixin.py:190} INFO - [2025-12-08T07:43:31.951+0000] {dag.py:4138} INFO - Setting next_dagrun for example_sensor_decorator to None, run_after=None
[2025-12-08T07:43:31.997+0000] {processor.py:208} INFO - Processing /home/airflow/.local/lib/python3.12/site-packages/airflow/example_dags/example_sensor_decorator.py took 0.161 seconds
[2025-12-08T07:44:02.230+0000] {processor.py:186} INFO - Started process (PID=2249) to work on /home/airflow/.local/lib/python3.12/site-packages/airflow/example_dags/example_sensor_decorator.py
[2025-12-08T07:44:02.233+0000] {processor.py:914} INFO - Processing file /home/airflow/.local/lib/python3.12/site-packages/airflow/example_dags/example_sensor_decorator.py for tasks to queue
[2025-12-08T07:44:02.239+0000] {logging_mixin.py:190} INFO - [2025-12-08T07:44:02.238+0000] {dagbag.py:587} INFO - Filling up the DagBag from /home/airflow/.local/lib/python3.12/site-packages/airflow/example_dags/example_sensor_decorator.py
[2025-12-08T07:44:02.259+0000] {processor.py:925} INFO - DAG(s) 'example_sensor_decorator' retrieved from /home/airflow/.local/lib/python3.12/site-packages/airflow/example_dags/example_sensor_decorator.py
[2025-12-08T07:44:02.303+0000] {logging_mixin.py:190} INFO - [2025-12-08T07:44:02.303+0000] {dag.py:3211} INFO - Sync 1 DAGs
[2025-12-08T07:44:02.334+0000] {logging_mixin.py:190} INFO - [2025-12-08T07:44:02.333+0000] {dag.py:4138} INFO - Setting next_dagrun for example_sensor_decorator to None, run_after=None
[2025-12-08T07:44:02.384+0000] {processor.py:208} INFO - Processing /home/airflow/.local/lib/python3.12/site-packages/airflow/example_dags/example_sensor_decorator.py took 0.169 seconds
[2025-12-08T07:44:32.971+0000] {processor.py:186} INFO - Started process (PID=2312) to work on /home/airflow/.local/lib/python3.12/site-packages/airflow/example_dags/example_sensor_decorator.py
[2025-12-08T07:44:32.974+0000] {processor.py:914} INFO - Processing file /home/airflow/.local/lib/python3.12/site-packages/airflow/example_dags/example_sensor_decorator.py for tasks to queue
[2025-12-08T07:44:32.982+0000] {logging_mixin.py:190} INFO - [2025-12-08T07:44:32.981+0000] {dagbag.py:587} INFO - Filling up the DagBag from /home/airflow/.local/lib/python3.12/site-packages/airflow/example_dags/example_sensor_decorator.py
[2025-12-08T07:44:33.004+0000] {processor.py:925} INFO - DAG(s) 'example_sensor_decorator' retrieved from /home/airflow/.local/lib/python3.12/site-packages/airflow/example_dags/example_sensor_decorator.py
[2025-12-08T07:44:33.063+0000] {logging_mixin.py:190} INFO - [2025-12-08T07:44:33.062+0000] {dag.py:3211} INFO - Sync 1 DAGs
[2025-12-08T07:44:33.099+0000] {logging_mixin.py:190} INFO - [2025-12-08T07:44:33.098+0000] {dag.py:4138} INFO - Setting next_dagrun for example_sensor_decorator to None, run_after=None
[2025-12-08T07:44:33.153+0000] {processor.py:208} INFO - Processing /home/airflow/.local/lib/python3.12/site-packages/airflow/example_dags/example_sensor_decorator.py took 0.198 seconds
[2025-12-08T07:45:03.481+0000] {processor.py:186} INFO - Started process (PID=2375) to work on /home/airflow/.local/lib/python3.12/site-packages/airflow/example_dags/example_sensor_decorator.py
[2025-12-08T07:45:03.484+0000] {processor.py:914} INFO - Processing file /home/airflow/.local/lib/python3.12/site-packages/airflow/example_dags/example_sensor_decorator.py for tasks to queue
[2025-12-08T07:45:03.493+0000] {logging_mixin.py:190} INFO - [2025-12-08T07:45:03.492+0000] {dagbag.py:587} INFO - Filling up the DagBag from /home/airflow/.local/lib/python3.12/site-packages/airflow/example_dags/example_sensor_decorator.py
[2025-12-08T07:45:03.519+0000] {processor.py:925} INFO - DAG(s) 'example_sensor_decorator' retrieved from /home/airflow/.local/lib/python3.12/site-packages/airflow/example_dags/example_sensor_decorator.py
[2025-12-08T07:45:03.578+0000] {logging_mixin.py:190} INFO - [2025-12-08T07:45:03.577+0000] {dag.py:3211} INFO - Sync 1 DAGs
[2025-12-08T07:45:03.622+0000] {logging_mixin.py:190} INFO - [2025-12-08T07:45:03.622+0000] {dag.py:4138} INFO - Setting next_dagrun for example_sensor_decorator to None, run_after=None
[2025-12-08T07:45:03.675+0000] {processor.py:208} INFO - Processing /home/airflow/.local/lib/python3.12/site-packages/airflow/example_dags/example_sensor_decorator.py took 0.207 seconds
[2025-12-08T07:45:34.425+0000] {processor.py:186} INFO - Started process (PID=2444) to work on /home/airflow/.local/lib/python3.12/site-packages/airflow/example_dags/example_sensor_decorator.py
[2025-12-08T07:45:34.435+0000] {processor.py:914} INFO - Processing file /home/airflow/.local/lib/python3.12/site-packages/airflow/example_dags/example_sensor_decorator.py for tasks to queue
[2025-12-08T07:45:34.446+0000] {logging_mixin.py:190} INFO - [2025-12-08T07:45:34.441+0000] {dagbag.py:587} INFO - Filling up the DagBag from /home/airflow/.local/lib/python3.12/site-packages/airflow/example_dags/example_sensor_decorator.py
[2025-12-08T07:45:34.486+0000] {processor.py:925} INFO - DAG(s) 'example_sensor_decorator' retrieved from /home/airflow/.local/lib/python3.12/site-packages/airflow/example_dags/example_sensor_decorator.py
[2025-12-08T07:45:34.569+0000] {logging_mixin.py:190} INFO - [2025-12-08T07:45:34.568+0000] {dag.py:3211} INFO - Sync 1 DAGs
[2025-12-08T07:45:34.657+0000] {logging_mixin.py:190} INFO - [2025-12-08T07:45:34.656+0000] {dag.py:4138} INFO - Setting next_dagrun for example_sensor_decorator to None, run_after=None
[2025-12-08T07:45:34.745+0000] {processor.py:208} INFO - Processing /home/airflow/.local/lib/python3.12/site-packages/airflow/example_dags/example_sensor_decorator.py took 0.339 seconds
[2025-12-08T07:46:05.653+0000] {processor.py:186} INFO - Started process (PID=2507) to work on /home/airflow/.local/lib/python3.12/site-packages/airflow/example_dags/example_sensor_decorator.py
[2025-12-08T07:46:05.655+0000] {processor.py:914} INFO - Processing file /home/airflow/.local/lib/python3.12/site-packages/airflow/example_dags/example_sensor_decorator.py for tasks to queue
[2025-12-08T07:46:05.662+0000] {logging_mixin.py:190} INFO - [2025-12-08T07:46:05.661+0000] {dagbag.py:587} INFO - Filling up the DagBag from /home/airflow/.local/lib/python3.12/site-packages/airflow/example_dags/example_sensor_decorator.py
[2025-12-08T07:46:05.691+0000] {processor.py:925} INFO - DAG(s) 'example_sensor_decorator' retrieved from /home/airflow/.local/lib/python3.12/site-packages/airflow/example_dags/example_sensor_decorator.py
[2025-12-08T07:46:05.748+0000] {logging_mixin.py:190} INFO - [2025-12-08T07:46:05.747+0000] {dag.py:3211} INFO - Sync 1 DAGs
[2025-12-08T07:46:05.793+0000] {logging_mixin.py:190} INFO - [2025-12-08T07:46:05.792+0000] {dag.py:4138} INFO - Setting next_dagrun for example_sensor_decorator to None, run_after=None
[2025-12-08T07:46:05.840+0000] {processor.py:208} INFO - Processing /home/airflow/.local/lib/python3.12/site-packages/airflow/example_dags/example_sensor_decorator.py took 0.198 seconds
[2025-12-08T07:46:36.266+0000] {processor.py:186} INFO - Started process (PID=2570) to work on /home/airflow/.local/lib/python3.12/site-packages/airflow/example_dags/example_sensor_decorator.py
[2025-12-08T07:46:36.270+0000] {processor.py:914} INFO - Processing file /home/airflow/.local/lib/python3.12/site-packages/airflow/example_dags/example_sensor_decorator.py for tasks to queue
[2025-12-08T07:46:36.278+0000] {logging_mixin.py:190} INFO - [2025-12-08T07:46:36.277+0000] {dagbag.py:587} INFO - Filling up the DagBag from /home/airflow/.local/lib/python3.12/site-packages/airflow/example_dags/example_sensor_decorator.py
[2025-12-08T07:46:36.296+0000] {processor.py:925} INFO - DAG(s) 'example_sensor_decorator' retrieved from /home/airflow/.local/lib/python3.12/site-packages/airflow/example_dags/example_sensor_decorator.py
[2025-12-08T07:46:36.344+0000] {logging_mixin.py:190} INFO - [2025-12-08T07:46:36.343+0000] {dag.py:3211} INFO - Sync 1 DAGs
[2025-12-08T07:46:36.377+0000] {logging_mixin.py:190} INFO - [2025-12-08T07:46:36.376+0000] {dag.py:4138} INFO - Setting next_dagrun for example_sensor_decorator to None, run_after=None
[2025-12-08T07:46:36.427+0000] {processor.py:208} INFO - Processing /home/airflow/.local/lib/python3.12/site-packages/airflow/example_dags/example_sensor_decorator.py took 0.175 seconds
[2025-12-08T07:47:07.137+0000] {processor.py:186} INFO - Started process (PID=2633) to work on /home/airflow/.local/lib/python3.12/site-packages/airflow/example_dags/example_sensor_decorator.py
[2025-12-08T07:47:07.140+0000] {processor.py:914} INFO - Processing file /home/airflow/.local/lib/python3.12/site-packages/airflow/example_dags/example_sensor_decorator.py for tasks to queue
[2025-12-08T07:47:07.147+0000] {logging_mixin.py:190} INFO - [2025-12-08T07:47:07.146+0000] {dagbag.py:587} INFO - Filling up the DagBag from /home/airflow/.local/lib/python3.12/site-packages/airflow/example_dags/example_sensor_decorator.py
[2025-12-08T07:47:07.171+0000] {processor.py:925} INFO - DAG(s) 'example_sensor_decorator' retrieved from /home/airflow/.local/lib/python3.12/site-packages/airflow/example_dags/example_sensor_decorator.py
[2025-12-08T07:47:07.222+0000] {logging_mixin.py:190} INFO - [2025-12-08T07:47:07.222+0000] {dag.py:3211} INFO - Sync 1 DAGs
[2025-12-08T07:47:07.248+0000] {logging_mixin.py:190} INFO - [2025-12-08T07:47:07.247+0000] {dag.py:4138} INFO - Setting next_dagrun for example_sensor_decorator to None, run_after=None
[2025-12-08T07:47:07.289+0000] {processor.py:208} INFO - Processing /home/airflow/.local/lib/python3.12/site-packages/airflow/example_dags/example_sensor_decorator.py took 0.172 seconds
[2025-12-08T07:47:37.796+0000] {processor.py:186} INFO - Started process (PID=2696) to work on /home/airflow/.local/lib/python3.12/site-packages/airflow/example_dags/example_sensor_decorator.py
[2025-12-08T07:47:37.799+0000] {processor.py:914} INFO - Processing file /home/airflow/.local/lib/python3.12/site-packages/airflow/example_dags/example_sensor_decorator.py for tasks to queue
[2025-12-08T07:47:37.804+0000] {logging_mixin.py:190} INFO - [2025-12-08T07:47:37.803+0000] {dagbag.py:587} INFO - Filling up the DagBag from /home/airflow/.local/lib/python3.12/site-packages/airflow/example_dags/example_sensor_decorator.py
[2025-12-08T07:47:37.824+0000] {processor.py:925} INFO - DAG(s) 'example_sensor_decorator' retrieved from /home/airflow/.local/lib/python3.12/site-packages/airflow/example_dags/example_sensor_decorator.py
[2025-12-08T07:47:37.865+0000] {logging_mixin.py:190} INFO - [2025-12-08T07:47:37.864+0000] {dag.py:3211} INFO - Sync 1 DAGs
[2025-12-08T07:47:37.889+0000] {logging_mixin.py:190} INFO - [2025-12-08T07:47:37.888+0000] {dag.py:4138} INFO - Setting next_dagrun for example_sensor_decorator to None, run_after=None
[2025-12-08T07:47:37.926+0000] {processor.py:208} INFO - Processing /home/airflow/.local/lib/python3.12/site-packages/airflow/example_dags/example_sensor_decorator.py took 0.142 seconds
[2025-12-08T07:48:08.358+0000] {processor.py:186} INFO - Started process (PID=2759) to work on /home/airflow/.local/lib/python3.12/site-packages/airflow/example_dags/example_sensor_decorator.py
[2025-12-08T07:48:08.360+0000] {processor.py:914} INFO - Processing file /home/airflow/.local/lib/python3.12/site-packages/airflow/example_dags/example_sensor_decorator.py for tasks to queue
[2025-12-08T07:48:08.367+0000] {logging_mixin.py:190} INFO - [2025-12-08T07:48:08.366+0000] {dagbag.py:587} INFO - Filling up the DagBag from /home/airflow/.local/lib/python3.12/site-packages/airflow/example_dags/example_sensor_decorator.py
[2025-12-08T07:48:08.388+0000] {processor.py:925} INFO - DAG(s) 'example_sensor_decorator' retrieved from /home/airflow/.local/lib/python3.12/site-packages/airflow/example_dags/example_sensor_decorator.py
[2025-12-08T07:48:08.427+0000] {logging_mixin.py:190} INFO - [2025-12-08T07:48:08.427+0000] {dag.py:3211} INFO - Sync 1 DAGs
[2025-12-08T07:48:08.457+0000] {logging_mixin.py:190} INFO - [2025-12-08T07:48:08.457+0000] {dag.py:4138} INFO - Setting next_dagrun for example_sensor_decorator to None, run_after=None
[2025-12-08T07:48:08.499+0000] {processor.py:208} INFO - Processing /home/airflow/.local/lib/python3.12/site-packages/airflow/example_dags/example_sensor_decorator.py took 0.155 seconds
[2025-12-08T07:48:38.837+0000] {processor.py:186} INFO - Started process (PID=2822) to work on /home/airflow/.local/lib/python3.12/site-packages/airflow/example_dags/example_sensor_decorator.py
[2025-12-08T07:48:38.840+0000] {processor.py:914} INFO - Processing file /home/airflow/.local/lib/python3.12/site-packages/airflow/example_dags/example_sensor_decorator.py for tasks to queue
[2025-12-08T07:48:38.846+0000] {logging_mixin.py:190} INFO - [2025-12-08T07:48:38.845+0000] {dagbag.py:587} INFO - Filling up the DagBag from /home/airflow/.local/lib/python3.12/site-packages/airflow/example_dags/example_sensor_decorator.py
[2025-12-08T07:48:38.865+0000] {processor.py:925} INFO - DAG(s) 'example_sensor_decorator' retrieved from /home/airflow/.local/lib/python3.12/site-packages/airflow/example_dags/example_sensor_decorator.py
[2025-12-08T07:48:38.902+0000] {logging_mixin.py:190} INFO - [2025-12-08T07:48:38.901+0000] {dag.py:3211} INFO - Sync 1 DAGs
[2025-12-08T07:48:38.929+0000] {logging_mixin.py:190} INFO - [2025-12-08T07:48:38.929+0000] {dag.py:4138} INFO - Setting next_dagrun for example_sensor_decorator to None, run_after=None
[2025-12-08T07:48:38.966+0000] {processor.py:208} INFO - Processing /home/airflow/.local/lib/python3.12/site-packages/airflow/example_dags/example_sensor_decorator.py took 0.139 seconds
[2025-12-08T07:49:09.806+0000] {processor.py:186} INFO - Started process (PID=2885) to work on /home/airflow/.local/lib/python3.12/site-packages/airflow/example_dags/example_sensor_decorator.py
[2025-12-08T07:49:09.808+0000] {processor.py:914} INFO - Processing file /home/airflow/.local/lib/python3.12/site-packages/airflow/example_dags/example_sensor_decorator.py for tasks to queue
[2025-12-08T07:49:09.814+0000] {logging_mixin.py:190} INFO - [2025-12-08T07:49:09.813+0000] {dagbag.py:587} INFO - Filling up the DagBag from /home/airflow/.local/lib/python3.12/site-packages/airflow/example_dags/example_sensor_decorator.py
[2025-12-08T07:49:09.832+0000] {processor.py:925} INFO - DAG(s) 'example_sensor_decorator' retrieved from /home/airflow/.local/lib/python3.12/site-packages/airflow/example_dags/example_sensor_decorator.py
[2025-12-08T07:49:09.870+0000] {logging_mixin.py:190} INFO - [2025-12-08T07:49:09.870+0000] {dag.py:3211} INFO - Sync 1 DAGs
[2025-12-08T07:49:09.895+0000] {logging_mixin.py:190} INFO - [2025-12-08T07:49:09.894+0000] {dag.py:4138} INFO - Setting next_dagrun for example_sensor_decorator to None, run_after=None
[2025-12-08T07:49:09.938+0000] {processor.py:208} INFO - Processing /home/airflow/.local/lib/python3.12/site-packages/airflow/example_dags/example_sensor_decorator.py took 0.142 seconds
[2025-12-08T07:49:41.028+0000] {processor.py:186} INFO - Started process (PID=2948) to work on /home/airflow/.local/lib/python3.12/site-packages/airflow/example_dags/example_sensor_decorator.py
[2025-12-08T07:49:41.031+0000] {processor.py:914} INFO - Processing file /home/airflow/.local/lib/python3.12/site-packages/airflow/example_dags/example_sensor_decorator.py for tasks to queue
[2025-12-08T07:49:41.035+0000] {logging_mixin.py:190} INFO - [2025-12-08T07:49:41.035+0000] {dagbag.py:587} INFO - Filling up the DagBag from /home/airflow/.local/lib/python3.12/site-packages/airflow/example_dags/example_sensor_decorator.py
[2025-12-08T07:49:41.050+0000] {processor.py:925} INFO - DAG(s) 'example_sensor_decorator' retrieved from /home/airflow/.local/lib/python3.12/site-packages/airflow/example_dags/example_sensor_decorator.py
[2025-12-08T07:49:41.087+0000] {logging_mixin.py:190} INFO - [2025-12-08T07:49:41.086+0000] {dag.py:3211} INFO - Sync 1 DAGs
[2025-12-08T07:49:41.110+0000] {logging_mixin.py:190} INFO - [2025-12-08T07:49:41.110+0000] {dag.py:4138} INFO - Setting next_dagrun for example_sensor_decorator to None, run_after=None
[2025-12-08T07:49:41.145+0000] {processor.py:208} INFO - Processing /home/airflow/.local/lib/python3.12/site-packages/airflow/example_dags/example_sensor_decorator.py took 0.127 seconds
[2025-12-08T07:50:11.546+0000] {processor.py:186} INFO - Started process (PID=3011) to work on /home/airflow/.local/lib/python3.12/site-packages/airflow/example_dags/example_sensor_decorator.py
[2025-12-08T07:50:11.548+0000] {processor.py:914} INFO - Processing file /home/airflow/.local/lib/python3.12/site-packages/airflow/example_dags/example_sensor_decorator.py for tasks to queue
[2025-12-08T07:50:11.554+0000] {logging_mixin.py:190} INFO - [2025-12-08T07:50:11.554+0000] {dagbag.py:587} INFO - Filling up the DagBag from /home/airflow/.local/lib/python3.12/site-packages/airflow/example_dags/example_sensor_decorator.py
[2025-12-08T07:50:11.574+0000] {processor.py:925} INFO - DAG(s) 'example_sensor_decorator' retrieved from /home/airflow/.local/lib/python3.12/site-packages/airflow/example_dags/example_sensor_decorator.py
[2025-12-08T07:50:11.615+0000] {logging_mixin.py:190} INFO - [2025-12-08T07:50:11.615+0000] {dag.py:3211} INFO - Sync 1 DAGs
[2025-12-08T07:50:11.643+0000] {logging_mixin.py:190} INFO - [2025-12-08T07:50:11.642+0000] {dag.py:4138} INFO - Setting next_dagrun for example_sensor_decorator to None, run_after=None
[2025-12-08T07:50:11.685+0000] {processor.py:208} INFO - Processing /home/airflow/.local/lib/python3.12/site-packages/airflow/example_dags/example_sensor_decorator.py took 0.154 seconds
[2025-12-08T07:50:42.495+0000] {processor.py:186} INFO - Started process (PID=3074) to work on /home/airflow/.local/lib/python3.12/site-packages/airflow/example_dags/example_sensor_decorator.py
[2025-12-08T07:50:42.497+0000] {processor.py:914} INFO - Processing file /home/airflow/.local/lib/python3.12/site-packages/airflow/example_dags/example_sensor_decorator.py for tasks to queue
[2025-12-08T07:50:42.503+0000] {logging_mixin.py:190} INFO - [2025-12-08T07:50:42.502+0000] {dagbag.py:587} INFO - Filling up the DagBag from /home/airflow/.local/lib/python3.12/site-packages/airflow/example_dags/example_sensor_decorator.py
[2025-12-08T07:50:42.517+0000] {processor.py:925} INFO - DAG(s) 'example_sensor_decorator' retrieved from /home/airflow/.local/lib/python3.12/site-packages/airflow/example_dags/example_sensor_decorator.py
[2025-12-08T07:50:42.558+0000] {logging_mixin.py:190} INFO - [2025-12-08T07:50:42.557+0000] {dag.py:3211} INFO - Sync 1 DAGs
[2025-12-08T07:50:42.579+0000] {logging_mixin.py:190} INFO - [2025-12-08T07:50:42.579+0000] {dag.py:4138} INFO - Setting next_dagrun for example_sensor_decorator to None, run_after=None
[2025-12-08T07:50:42.623+0000] {processor.py:208} INFO - Processing /home/airflow/.local/lib/python3.12/site-packages/airflow/example_dags/example_sensor_decorator.py took 0.142 seconds
[2025-12-08T07:51:12.917+0000] {processor.py:186} INFO - Started process (PID=3137) to work on /home/airflow/.local/lib/python3.12/site-packages/airflow/example_dags/example_sensor_decorator.py
[2025-12-08T07:51:12.919+0000] {processor.py:914} INFO - Processing file /home/airflow/.local/lib/python3.12/site-packages/airflow/example_dags/example_sensor_decorator.py for tasks to queue
[2025-12-08T07:51:12.923+0000] {logging_mixin.py:190} INFO - [2025-12-08T07:51:12.922+0000] {dagbag.py:587} INFO - Filling up the DagBag from /home/airflow/.local/lib/python3.12/site-packages/airflow/example_dags/example_sensor_decorator.py
[2025-12-08T07:51:12.934+0000] {processor.py:925} INFO - DAG(s) 'example_sensor_decorator' retrieved from /home/airflow/.local/lib/python3.12/site-packages/airflow/example_dags/example_sensor_decorator.py
[2025-12-08T07:51:12.963+0000] {logging_mixin.py:190} INFO - [2025-12-08T07:51:12.962+0000] {dag.py:3211} INFO - Sync 1 DAGs
[2025-12-08T07:51:12.984+0000] {logging_mixin.py:190} INFO - [2025-12-08T07:51:12.984+0000] {dag.py:4138} INFO - Setting next_dagrun for example_sensor_decorator to None, run_after=None
[2025-12-08T07:51:13.012+0000] {processor.py:208} INFO - Processing /home/airflow/.local/lib/python3.12/site-packages/airflow/example_dags/example_sensor_decorator.py took 0.104 seconds
[2025-12-08T07:51:43.735+0000] {processor.py:186} INFO - Started process (PID=3200) to work on /home/airflow/.local/lib/python3.12/site-packages/airflow/example_dags/example_sensor_decorator.py
[2025-12-08T07:51:43.737+0000] {processor.py:914} INFO - Processing file /home/airflow/.local/lib/python3.12/site-packages/airflow/example_dags/example_sensor_decorator.py for tasks to queue
[2025-12-08T07:51:43.740+0000] {logging_mixin.py:190} INFO - [2025-12-08T07:51:43.740+0000] {dagbag.py:587} INFO - Filling up the DagBag from /home/airflow/.local/lib/python3.12/site-packages/airflow/example_dags/example_sensor_decorator.py
[2025-12-08T07:51:43.751+0000] {processor.py:925} INFO - DAG(s) 'example_sensor_decorator' retrieved from /home/airflow/.local/lib/python3.12/site-packages/airflow/example_dags/example_sensor_decorator.py
[2025-12-08T07:51:43.775+0000] {logging_mixin.py:190} INFO - [2025-12-08T07:51:43.775+0000] {dag.py:3211} INFO - Sync 1 DAGs
[2025-12-08T07:51:43.790+0000] {logging_mixin.py:190} INFO - [2025-12-08T07:51:43.789+0000] {dag.py:4138} INFO - Setting next_dagrun for example_sensor_decorator to None, run_after=None
[2025-12-08T07:51:43.809+0000] {processor.py:208} INFO - Processing /home/airflow/.local/lib/python3.12/site-packages/airflow/example_dags/example_sensor_decorator.py took 0.080 seconds
[2025-12-08T07:52:14.221+0000] {processor.py:186} INFO - Started process (PID=3263) to work on /home/airflow/.local/lib/python3.12/site-packages/airflow/example_dags/example_sensor_decorator.py
[2025-12-08T07:52:14.223+0000] {processor.py:914} INFO - Processing file /home/airflow/.local/lib/python3.12/site-packages/airflow/example_dags/example_sensor_decorator.py for tasks to queue
[2025-12-08T07:52:14.227+0000] {logging_mixin.py:190} INFO - [2025-12-08T07:52:14.227+0000] {dagbag.py:587} INFO - Filling up the DagBag from /home/airflow/.local/lib/python3.12/site-packages/airflow/example_dags/example_sensor_decorator.py
[2025-12-08T07:52:14.242+0000] {processor.py:925} INFO - DAG(s) 'example_sensor_decorator' retrieved from /home/airflow/.local/lib/python3.12/site-packages/airflow/example_dags/example_sensor_decorator.py
[2025-12-08T07:52:14.274+0000] {logging_mixin.py:190} INFO - [2025-12-08T07:52:14.274+0000] {dag.py:3211} INFO - Sync 1 DAGs
[2025-12-08T07:52:14.297+0000] {logging_mixin.py:190} INFO - [2025-12-08T07:52:14.297+0000] {dag.py:4138} INFO - Setting next_dagrun for example_sensor_decorator to None, run_after=None
[2025-12-08T07:52:14.327+0000] {processor.py:208} INFO - Processing /home/airflow/.local/lib/python3.12/site-packages/airflow/example_dags/example_sensor_decorator.py took 0.113 seconds
[2025-12-08T07:52:44.746+0000] {processor.py:186} INFO - Started process (PID=3326) to work on /home/airflow/.local/lib/python3.12/site-packages/airflow/example_dags/example_sensor_decorator.py
[2025-12-08T07:52:44.747+0000] {processor.py:914} INFO - Processing file /home/airflow/.local/lib/python3.12/site-packages/airflow/example_dags/example_sensor_decorator.py for tasks to queue
[2025-12-08T07:52:44.752+0000] {logging_mixin.py:190} INFO - [2025-12-08T07:52:44.751+0000] {dagbag.py:587} INFO - Filling up the DagBag from /home/airflow/.local/lib/python3.12/site-packages/airflow/example_dags/example_sensor_decorator.py
[2025-12-08T07:52:44.765+0000] {processor.py:925} INFO - DAG(s) 'example_sensor_decorator' retrieved from /home/airflow/.local/lib/python3.12/site-packages/airflow/example_dags/example_sensor_decorator.py
[2025-12-08T07:52:44.793+0000] {logging_mixin.py:190} INFO - [2025-12-08T07:52:44.792+0000] {dag.py:3211} INFO - Sync 1 DAGs
[2025-12-08T07:52:44.812+0000] {logging_mixin.py:190} INFO - [2025-12-08T07:52:44.811+0000] {dag.py:4138} INFO - Setting next_dagrun for example_sensor_decorator to None, run_after=None
[2025-12-08T07:52:44.846+0000] {processor.py:208} INFO - Processing /home/airflow/.local/lib/python3.12/site-packages/airflow/example_dags/example_sensor_decorator.py took 0.107 seconds
[2025-12-08T07:53:15.500+0000] {processor.py:186} INFO - Started process (PID=3389) to work on /home/airflow/.local/lib/python3.12/site-packages/airflow/example_dags/example_sensor_decorator.py
[2025-12-08T07:53:15.505+0000] {processor.py:914} INFO - Processing file /home/airflow/.local/lib/python3.12/site-packages/airflow/example_dags/example_sensor_decorator.py for tasks to queue
[2025-12-08T07:53:15.517+0000] {logging_mixin.py:190} INFO - [2025-12-08T07:53:15.515+0000] {dagbag.py:587} INFO - Filling up the DagBag from /home/airflow/.local/lib/python3.12/site-packages/airflow/example_dags/example_sensor_decorator.py
[2025-12-08T07:53:15.548+0000] {processor.py:925} INFO - DAG(s) 'example_sensor_decorator' retrieved from /home/airflow/.local/lib/python3.12/site-packages/airflow/example_dags/example_sensor_decorator.py
[2025-12-08T07:53:15.622+0000] {logging_mixin.py:190} INFO - [2025-12-08T07:53:15.621+0000] {dag.py:3211} INFO - Sync 1 DAGs
[2025-12-08T07:53:15.678+0000] {logging_mixin.py:190} INFO - [2025-12-08T07:53:15.677+0000] {dag.py:4138} INFO - Setting next_dagrun for example_sensor_decorator to None, run_after=None
[2025-12-08T07:53:15.748+0000] {processor.py:208} INFO - Processing /home/airflow/.local/lib/python3.12/site-packages/airflow/example_dags/example_sensor_decorator.py took 0.266 seconds
[2025-12-08T07:53:45.835+0000] {processor.py:186} INFO - Started process (PID=3452) to work on /home/airflow/.local/lib/python3.12/site-packages/airflow/example_dags/example_sensor_decorator.py
[2025-12-08T07:53:45.838+0000] {processor.py:914} INFO - Processing file /home/airflow/.local/lib/python3.12/site-packages/airflow/example_dags/example_sensor_decorator.py for tasks to queue
[2025-12-08T07:53:45.841+0000] {logging_mixin.py:190} INFO - [2025-12-08T07:53:45.841+0000] {dagbag.py:587} INFO - Filling up the DagBag from /home/airflow/.local/lib/python3.12/site-packages/airflow/example_dags/example_sensor_decorator.py
[2025-12-08T07:53:45.852+0000] {processor.py:925} INFO - DAG(s) 'example_sensor_decorator' retrieved from /home/airflow/.local/lib/python3.12/site-packages/airflow/example_dags/example_sensor_decorator.py
[2025-12-08T07:53:45.880+0000] {logging_mixin.py:190} INFO - [2025-12-08T07:53:45.880+0000] {dag.py:3211} INFO - Sync 1 DAGs
[2025-12-08T07:53:45.899+0000] {logging_mixin.py:190} INFO - [2025-12-08T07:53:45.898+0000] {dag.py:4138} INFO - Setting next_dagrun for example_sensor_decorator to None, run_after=None
[2025-12-08T07:53:45.923+0000] {processor.py:208} INFO - Processing /home/airflow/.local/lib/python3.12/site-packages/airflow/example_dags/example_sensor_decorator.py took 0.099 seconds
[2025-12-08T07:54:17.925+0000] {processor.py:186} INFO - Started process (PID=3515) to work on /home/airflow/.local/lib/python3.12/site-packages/airflow/example_dags/example_sensor_decorator.py
[2025-12-08T07:54:17.933+0000] {processor.py:914} INFO - Processing file /home/airflow/.local/lib/python3.12/site-packages/airflow/example_dags/example_sensor_decorator.py for tasks to queue
[2025-12-08T07:54:17.946+0000] {logging_mixin.py:190} INFO - [2025-12-08T07:54:17.944+0000] {dagbag.py:587} INFO - Filling up the DagBag from /home/airflow/.local/lib/python3.12/site-packages/airflow/example_dags/example_sensor_decorator.py
[2025-12-08T07:54:17.975+0000] {processor.py:925} INFO - DAG(s) 'example_sensor_decorator' retrieved from /home/airflow/.local/lib/python3.12/site-packages/airflow/example_dags/example_sensor_decorator.py
[2025-12-08T07:54:18.062+0000] {logging_mixin.py:190} INFO - [2025-12-08T07:54:18.061+0000] {dag.py:3211} INFO - Sync 1 DAGs
[2025-12-08T07:54:18.126+0000] {logging_mixin.py:190} INFO - [2025-12-08T07:54:18.125+0000] {dag.py:4138} INFO - Setting next_dagrun for example_sensor_decorator to None, run_after=None
[2025-12-08T07:54:18.204+0000] {processor.py:208} INFO - Processing /home/airflow/.local/lib/python3.12/site-packages/airflow/example_dags/example_sensor_decorator.py took 0.304 seconds
[2025-12-08T07:54:48.512+0000] {processor.py:186} INFO - Started process (PID=3578) to work on /home/airflow/.local/lib/python3.12/site-packages/airflow/example_dags/example_sensor_decorator.py
[2025-12-08T07:54:48.515+0000] {processor.py:914} INFO - Processing file /home/airflow/.local/lib/python3.12/site-packages/airflow/example_dags/example_sensor_decorator.py for tasks to queue
[2025-12-08T07:54:48.521+0000] {logging_mixin.py:190} INFO - [2025-12-08T07:54:48.520+0000] {dagbag.py:587} INFO - Filling up the DagBag from /home/airflow/.local/lib/python3.12/site-packages/airflow/example_dags/example_sensor_decorator.py
[2025-12-08T07:54:48.531+0000] {processor.py:925} INFO - DAG(s) 'example_sensor_decorator' retrieved from /home/airflow/.local/lib/python3.12/site-packages/airflow/example_dags/example_sensor_decorator.py
[2025-12-08T07:54:48.556+0000] {logging_mixin.py:190} INFO - [2025-12-08T07:54:48.556+0000] {dag.py:3211} INFO - Sync 1 DAGs
[2025-12-08T07:54:48.572+0000] {logging_mixin.py:190} INFO - [2025-12-08T07:54:48.571+0000] {dag.py:4138} INFO - Setting next_dagrun for example_sensor_decorator to None, run_after=None
[2025-12-08T07:54:48.599+0000] {processor.py:208} INFO - Processing /home/airflow/.local/lib/python3.12/site-packages/airflow/example_dags/example_sensor_decorator.py took 0.094 seconds
[2025-12-08T07:55:19.164+0000] {processor.py:186} INFO - Started process (PID=3641) to work on /home/airflow/.local/lib/python3.12/site-packages/airflow/example_dags/example_sensor_decorator.py
[2025-12-08T07:55:19.166+0000] {processor.py:914} INFO - Processing file /home/airflow/.local/lib/python3.12/site-packages/airflow/example_dags/example_sensor_decorator.py for tasks to queue
[2025-12-08T07:55:19.170+0000] {logging_mixin.py:190} INFO - [2025-12-08T07:55:19.170+0000] {dagbag.py:587} INFO - Filling up the DagBag from /home/airflow/.local/lib/python3.12/site-packages/airflow/example_dags/example_sensor_decorator.py
[2025-12-08T07:55:19.182+0000] {processor.py:925} INFO - DAG(s) 'example_sensor_decorator' retrieved from /home/airflow/.local/lib/python3.12/site-packages/airflow/example_dags/example_sensor_decorator.py
[2025-12-08T07:55:19.208+0000] {logging_mixin.py:190} INFO - [2025-12-08T07:55:19.207+0000] {dag.py:3211} INFO - Sync 1 DAGs
[2025-12-08T07:55:19.229+0000] {logging_mixin.py:190} INFO - [2025-12-08T07:55:19.229+0000] {dag.py:4138} INFO - Setting next_dagrun for example_sensor_decorator to None, run_after=None
[2025-12-08T07:55:19.256+0000] {processor.py:208} INFO - Processing /home/airflow/.local/lib/python3.12/site-packages/airflow/example_dags/example_sensor_decorator.py took 0.099 seconds
[2025-12-08T07:55:49.672+0000] {processor.py:186} INFO - Started process (PID=3705) to work on /home/airflow/.local/lib/python3.12/site-packages/airflow/example_dags/example_sensor_decorator.py
[2025-12-08T07:55:49.674+0000] {processor.py:914} INFO - Processing file /home/airflow/.local/lib/python3.12/site-packages/airflow/example_dags/example_sensor_decorator.py for tasks to queue
[2025-12-08T07:55:49.679+0000] {logging_mixin.py:190} INFO - [2025-12-08T07:55:49.678+0000] {dagbag.py:587} INFO - Filling up the DagBag from /home/airflow/.local/lib/python3.12/site-packages/airflow/example_dags/example_sensor_decorator.py
[2025-12-08T07:55:49.690+0000] {processor.py:925} INFO - DAG(s) 'example_sensor_decorator' retrieved from /home/airflow/.local/lib/python3.12/site-packages/airflow/example_dags/example_sensor_decorator.py
[2025-12-08T07:55:49.720+0000] {logging_mixin.py:190} INFO - [2025-12-08T07:55:49.719+0000] {dag.py:3211} INFO - Sync 1 DAGs
[2025-12-08T07:55:49.740+0000] {logging_mixin.py:190} INFO - [2025-12-08T07:55:49.739+0000] {dag.py:4138} INFO - Setting next_dagrun for example_sensor_decorator to None, run_after=None
[2025-12-08T07:55:49.770+0000] {processor.py:208} INFO - Processing /home/airflow/.local/lib/python3.12/site-packages/airflow/example_dags/example_sensor_decorator.py took 0.105 seconds
[2025-12-08T07:56:19.963+0000] {processor.py:186} INFO - Started process (PID=3769) to work on /home/airflow/.local/lib/python3.12/site-packages/airflow/example_dags/example_sensor_decorator.py
[2025-12-08T07:56:19.965+0000] {processor.py:914} INFO - Processing file /home/airflow/.local/lib/python3.12/site-packages/airflow/example_dags/example_sensor_decorator.py for tasks to queue
[2025-12-08T07:56:19.970+0000] {logging_mixin.py:190} INFO - [2025-12-08T07:56:19.969+0000] {dagbag.py:587} INFO - Filling up the DagBag from /home/airflow/.local/lib/python3.12/site-packages/airflow/example_dags/example_sensor_decorator.py
[2025-12-08T07:56:19.980+0000] {processor.py:925} INFO - DAG(s) 'example_sensor_decorator' retrieved from /home/airflow/.local/lib/python3.12/site-packages/airflow/example_dags/example_sensor_decorator.py
[2025-12-08T07:56:20.007+0000] {logging_mixin.py:190} INFO - [2025-12-08T07:56:20.006+0000] {dag.py:3211} INFO - Sync 1 DAGs
[2025-12-08T07:56:20.025+0000] {logging_mixin.py:190} INFO - [2025-12-08T07:56:20.024+0000] {dag.py:4138} INFO - Setting next_dagrun for example_sensor_decorator to None, run_after=None
[2025-12-08T07:56:20.057+0000] {processor.py:208} INFO - Processing /home/airflow/.local/lib/python3.12/site-packages/airflow/example_dags/example_sensor_decorator.py took 0.101 seconds
[2025-12-08T07:56:50.838+0000] {processor.py:186} INFO - Started process (PID=3832) to work on /home/airflow/.local/lib/python3.12/site-packages/airflow/example_dags/example_sensor_decorator.py
[2025-12-08T07:56:50.840+0000] {processor.py:914} INFO - Processing file /home/airflow/.local/lib/python3.12/site-packages/airflow/example_dags/example_sensor_decorator.py for tasks to queue
[2025-12-08T07:56:50.845+0000] {logging_mixin.py:190} INFO - [2025-12-08T07:56:50.844+0000] {dagbag.py:587} INFO - Filling up the DagBag from /home/airflow/.local/lib/python3.12/site-packages/airflow/example_dags/example_sensor_decorator.py
[2025-12-08T07:56:50.859+0000] {processor.py:925} INFO - DAG(s) 'example_sensor_decorator' retrieved from /home/airflow/.local/lib/python3.12/site-packages/airflow/example_dags/example_sensor_decorator.py
[2025-12-08T07:56:50.893+0000] {logging_mixin.py:190} INFO - [2025-12-08T07:56:50.893+0000] {dag.py:3211} INFO - Sync 1 DAGs
[2025-12-08T07:56:50.913+0000] {logging_mixin.py:190} INFO - [2025-12-08T07:56:50.913+0000] {dag.py:4138} INFO - Setting next_dagrun for example_sensor_decorator to None, run_after=None
[2025-12-08T07:56:50.945+0000] {processor.py:208} INFO - Processing /home/airflow/.local/lib/python3.12/site-packages/airflow/example_dags/example_sensor_decorator.py took 0.115 seconds
[2025-12-08T07:57:21.543+0000] {processor.py:186} INFO - Started process (PID=3895) to work on /home/airflow/.local/lib/python3.12/site-packages/airflow/example_dags/example_sensor_decorator.py
[2025-12-08T07:57:21.545+0000] {processor.py:914} INFO - Processing file /home/airflow/.local/lib/python3.12/site-packages/airflow/example_dags/example_sensor_decorator.py for tasks to queue
[2025-12-08T07:57:21.550+0000] {logging_mixin.py:190} INFO - [2025-12-08T07:57:21.549+0000] {dagbag.py:587} INFO - Filling up the DagBag from /home/airflow/.local/lib/python3.12/site-packages/airflow/example_dags/example_sensor_decorator.py
[2025-12-08T07:57:21.560+0000] {processor.py:925} INFO - DAG(s) 'example_sensor_decorator' retrieved from /home/airflow/.local/lib/python3.12/site-packages/airflow/example_dags/example_sensor_decorator.py
[2025-12-08T07:57:21.588+0000] {logging_mixin.py:190} INFO - [2025-12-08T07:57:21.587+0000] {dag.py:3211} INFO - Sync 1 DAGs
[2025-12-08T07:57:21.607+0000] {logging_mixin.py:190} INFO - [2025-12-08T07:57:21.606+0000] {dag.py:4138} INFO - Setting next_dagrun for example_sensor_decorator to None, run_after=None
[2025-12-08T07:57:21.636+0000] {processor.py:208} INFO - Processing /home/airflow/.local/lib/python3.12/site-packages/airflow/example_dags/example_sensor_decorator.py took 0.102 seconds
[2025-12-08T07:57:51.904+0000] {processor.py:186} INFO - Started process (PID=3959) to work on /home/airflow/.local/lib/python3.12/site-packages/airflow/example_dags/example_sensor_decorator.py
[2025-12-08T07:57:51.906+0000] {processor.py:914} INFO - Processing file /home/airflow/.local/lib/python3.12/site-packages/airflow/example_dags/example_sensor_decorator.py for tasks to queue
[2025-12-08T07:57:51.910+0000] {logging_mixin.py:190} INFO - [2025-12-08T07:57:51.909+0000] {dagbag.py:587} INFO - Filling up the DagBag from /home/airflow/.local/lib/python3.12/site-packages/airflow/example_dags/example_sensor_decorator.py
[2025-12-08T07:57:51.918+0000] {processor.py:925} INFO - DAG(s) 'example_sensor_decorator' retrieved from /home/airflow/.local/lib/python3.12/site-packages/airflow/example_dags/example_sensor_decorator.py
[2025-12-08T07:57:51.941+0000] {logging_mixin.py:190} INFO - [2025-12-08T07:57:51.940+0000] {dag.py:3211} INFO - Sync 1 DAGs
[2025-12-08T07:57:51.960+0000] {logging_mixin.py:190} INFO - [2025-12-08T07:57:51.960+0000] {dag.py:4138} INFO - Setting next_dagrun for example_sensor_decorator to None, run_after=None
[2025-12-08T07:57:51.986+0000] {processor.py:208} INFO - Processing /home/airflow/.local/lib/python3.12/site-packages/airflow/example_dags/example_sensor_decorator.py took 0.089 seconds
[2025-12-08T07:58:22.314+0000] {processor.py:186} INFO - Started process (PID=4022) to work on /home/airflow/.local/lib/python3.12/site-packages/airflow/example_dags/example_sensor_decorator.py
[2025-12-08T07:58:22.316+0000] {processor.py:914} INFO - Processing file /home/airflow/.local/lib/python3.12/site-packages/airflow/example_dags/example_sensor_decorator.py for tasks to queue
[2025-12-08T07:58:22.319+0000] {logging_mixin.py:190} INFO - [2025-12-08T07:58:22.319+0000] {dagbag.py:587} INFO - Filling up the DagBag from /home/airflow/.local/lib/python3.12/site-packages/airflow/example_dags/example_sensor_decorator.py
[2025-12-08T07:58:22.329+0000] {processor.py:925} INFO - DAG(s) 'example_sensor_decorator' retrieved from /home/airflow/.local/lib/python3.12/site-packages/airflow/example_dags/example_sensor_decorator.py
[2025-12-08T07:58:22.352+0000] {logging_mixin.py:190} INFO - [2025-12-08T07:58:22.352+0000] {dag.py:3211} INFO - Sync 1 DAGs
[2025-12-08T07:58:22.368+0000] {logging_mixin.py:190} INFO - [2025-12-08T07:58:22.367+0000] {dag.py:4138} INFO - Setting next_dagrun for example_sensor_decorator to None, run_after=None
[2025-12-08T07:58:22.393+0000] {processor.py:208} INFO - Processing /home/airflow/.local/lib/python3.12/site-packages/airflow/example_dags/example_sensor_decorator.py took 0.086 seconds
[2025-12-08T07:58:52.669+0000] {processor.py:186} INFO - Started process (PID=4086) to work on /home/airflow/.local/lib/python3.12/site-packages/airflow/example_dags/example_sensor_decorator.py
[2025-12-08T07:58:52.671+0000] {processor.py:914} INFO - Processing file /home/airflow/.local/lib/python3.12/site-packages/airflow/example_dags/example_sensor_decorator.py for tasks to queue
[2025-12-08T07:58:52.675+0000] {logging_mixin.py:190} INFO - [2025-12-08T07:58:52.674+0000] {dagbag.py:587} INFO - Filling up the DagBag from /home/airflow/.local/lib/python3.12/site-packages/airflow/example_dags/example_sensor_decorator.py
[2025-12-08T07:58:52.685+0000] {processor.py:925} INFO - DAG(s) 'example_sensor_decorator' retrieved from /home/airflow/.local/lib/python3.12/site-packages/airflow/example_dags/example_sensor_decorator.py
[2025-12-08T07:58:52.709+0000] {logging_mixin.py:190} INFO - [2025-12-08T07:58:52.709+0000] {dag.py:3211} INFO - Sync 1 DAGs
[2025-12-08T07:58:52.724+0000] {logging_mixin.py:190} INFO - [2025-12-08T07:58:52.724+0000] {dag.py:4138} INFO - Setting next_dagrun for example_sensor_decorator to None, run_after=None
[2025-12-08T07:58:52.745+0000] {processor.py:208} INFO - Processing /home/airflow/.local/lib/python3.12/site-packages/airflow/example_dags/example_sensor_decorator.py took 0.082 seconds
[2025-12-08T07:59:23.105+0000] {processor.py:186} INFO - Started process (PID=4149) to work on /home/airflow/.local/lib/python3.12/site-packages/airflow/example_dags/example_sensor_decorator.py
[2025-12-08T07:59:23.107+0000] {processor.py:914} INFO - Processing file /home/airflow/.local/lib/python3.12/site-packages/airflow/example_dags/example_sensor_decorator.py for tasks to queue
[2025-12-08T07:59:23.110+0000] {logging_mixin.py:190} INFO - [2025-12-08T07:59:23.110+0000] {dagbag.py:587} INFO - Filling up the DagBag from /home/airflow/.local/lib/python3.12/site-packages/airflow/example_dags/example_sensor_decorator.py
[2025-12-08T07:59:23.123+0000] {processor.py:925} INFO - DAG(s) 'example_sensor_decorator' retrieved from /home/airflow/.local/lib/python3.12/site-packages/airflow/example_dags/example_sensor_decorator.py
[2025-12-08T07:59:23.146+0000] {logging_mixin.py:190} INFO - [2025-12-08T07:59:23.146+0000] {dag.py:3211} INFO - Sync 1 DAGs
[2025-12-08T07:59:23.163+0000] {logging_mixin.py:190} INFO - [2025-12-08T07:59:23.162+0000] {dag.py:4138} INFO - Setting next_dagrun for example_sensor_decorator to None, run_after=None
[2025-12-08T07:59:23.187+0000] {processor.py:208} INFO - Processing /home/airflow/.local/lib/python3.12/site-packages/airflow/example_dags/example_sensor_decorator.py took 0.089 seconds
[2025-12-08T07:59:53.405+0000] {processor.py:186} INFO - Started process (PID=4212) to work on /home/airflow/.local/lib/python3.12/site-packages/airflow/example_dags/example_sensor_decorator.py
[2025-12-08T07:59:53.407+0000] {processor.py:914} INFO - Processing file /home/airflow/.local/lib/python3.12/site-packages/airflow/example_dags/example_sensor_decorator.py for tasks to queue
[2025-12-08T07:59:53.410+0000] {logging_mixin.py:190} INFO - [2025-12-08T07:59:53.410+0000] {dagbag.py:587} INFO - Filling up the DagBag from /home/airflow/.local/lib/python3.12/site-packages/airflow/example_dags/example_sensor_decorator.py
[2025-12-08T07:59:53.419+0000] {processor.py:925} INFO - DAG(s) 'example_sensor_decorator' retrieved from /home/airflow/.local/lib/python3.12/site-packages/airflow/example_dags/example_sensor_decorator.py
[2025-12-08T07:59:53.444+0000] {logging_mixin.py:190} INFO - [2025-12-08T07:59:53.444+0000] {dag.py:3211} INFO - Sync 1 DAGs
[2025-12-08T07:59:53.461+0000] {logging_mixin.py:190} INFO - [2025-12-08T07:59:53.460+0000] {dag.py:4138} INFO - Setting next_dagrun for example_sensor_decorator to None, run_after=None
[2025-12-08T07:59:53.484+0000] {processor.py:208} INFO - Processing /home/airflow/.local/lib/python3.12/site-packages/airflow/example_dags/example_sensor_decorator.py took 0.086 seconds
[2025-12-08T08:00:23.569+0000] {processor.py:186} INFO - Started process (PID=4275) to work on /home/airflow/.local/lib/python3.12/site-packages/airflow/example_dags/example_sensor_decorator.py
[2025-12-08T08:00:23.571+0000] {processor.py:914} INFO - Processing file /home/airflow/.local/lib/python3.12/site-packages/airflow/example_dags/example_sensor_decorator.py for tasks to queue
[2025-12-08T08:00:23.574+0000] {logging_mixin.py:190} INFO - [2025-12-08T08:00:23.574+0000] {dagbag.py:587} INFO - Filling up the DagBag from /home/airflow/.local/lib/python3.12/site-packages/airflow/example_dags/example_sensor_decorator.py
[2025-12-08T08:00:23.583+0000] {processor.py:925} INFO - DAG(s) 'example_sensor_decorator' retrieved from /home/airflow/.local/lib/python3.12/site-packages/airflow/example_dags/example_sensor_decorator.py
[2025-12-08T08:00:23.607+0000] {logging_mixin.py:190} INFO - [2025-12-08T08:00:23.607+0000] {dag.py:3211} INFO - Sync 1 DAGs
[2025-12-08T08:00:23.625+0000] {logging_mixin.py:190} INFO - [2025-12-08T08:00:23.624+0000] {dag.py:4138} INFO - Setting next_dagrun for example_sensor_decorator to None, run_after=None
[2025-12-08T08:00:23.648+0000] {processor.py:208} INFO - Processing /home/airflow/.local/lib/python3.12/site-packages/airflow/example_dags/example_sensor_decorator.py took 0.087 seconds
[2025-12-08T08:00:54.009+0000] {processor.py:186} INFO - Started process (PID=4338) to work on /home/airflow/.local/lib/python3.12/site-packages/airflow/example_dags/example_sensor_decorator.py
[2025-12-08T08:00:54.011+0000] {processor.py:914} INFO - Processing file /home/airflow/.local/lib/python3.12/site-packages/airflow/example_dags/example_sensor_decorator.py for tasks to queue
[2025-12-08T08:00:54.015+0000] {logging_mixin.py:190} INFO - [2025-12-08T08:00:54.015+0000] {dagbag.py:587} INFO - Filling up the DagBag from /home/airflow/.local/lib/python3.12/site-packages/airflow/example_dags/example_sensor_decorator.py
[2025-12-08T08:00:54.025+0000] {processor.py:925} INFO - DAG(s) 'example_sensor_decorator' retrieved from /home/airflow/.local/lib/python3.12/site-packages/airflow/example_dags/example_sensor_decorator.py
[2025-12-08T08:00:54.050+0000] {logging_mixin.py:190} INFO - [2025-12-08T08:00:54.049+0000] {dag.py:3211} INFO - Sync 1 DAGs
[2025-12-08T08:00:54.067+0000] {logging_mixin.py:190} INFO - [2025-12-08T08:00:54.066+0000] {dag.py:4138} INFO - Setting next_dagrun for example_sensor_decorator to None, run_after=None
[2025-12-08T08:00:54.090+0000] {processor.py:208} INFO - Processing /home/airflow/.local/lib/python3.12/site-packages/airflow/example_dags/example_sensor_decorator.py took 0.088 seconds
[2025-12-08T08:01:24.497+0000] {processor.py:186} INFO - Started process (PID=4401) to work on /home/airflow/.local/lib/python3.12/site-packages/airflow/example_dags/example_sensor_decorator.py
[2025-12-08T08:01:24.498+0000] {processor.py:914} INFO - Processing file /home/airflow/.local/lib/python3.12/site-packages/airflow/example_dags/example_sensor_decorator.py for tasks to queue
[2025-12-08T08:01:24.502+0000] {logging_mixin.py:190} INFO - [2025-12-08T08:01:24.502+0000] {dagbag.py:587} INFO - Filling up the DagBag from /home/airflow/.local/lib/python3.12/site-packages/airflow/example_dags/example_sensor_decorator.py
[2025-12-08T08:01:24.511+0000] {processor.py:925} INFO - DAG(s) 'example_sensor_decorator' retrieved from /home/airflow/.local/lib/python3.12/site-packages/airflow/example_dags/example_sensor_decorator.py
[2025-12-08T08:01:24.534+0000] {logging_mixin.py:190} INFO - [2025-12-08T08:01:24.534+0000] {dag.py:3211} INFO - Sync 1 DAGs
[2025-12-08T08:01:24.551+0000] {logging_mixin.py:190} INFO - [2025-12-08T08:01:24.551+0000] {dag.py:4138} INFO - Setting next_dagrun for example_sensor_decorator to None, run_after=None
[2025-12-08T08:01:24.576+0000] {processor.py:208} INFO - Processing /home/airflow/.local/lib/python3.12/site-packages/airflow/example_dags/example_sensor_decorator.py took 0.085 seconds
[2025-12-08T08:01:54.845+0000] {processor.py:186} INFO - Started process (PID=4464) to work on /home/airflow/.local/lib/python3.12/site-packages/airflow/example_dags/example_sensor_decorator.py
[2025-12-08T08:01:54.847+0000] {processor.py:914} INFO - Processing file /home/airflow/.local/lib/python3.12/site-packages/airflow/example_dags/example_sensor_decorator.py for tasks to queue
[2025-12-08T08:01:54.851+0000] {logging_mixin.py:190} INFO - [2025-12-08T08:01:54.851+0000] {dagbag.py:587} INFO - Filling up the DagBag from /home/airflow/.local/lib/python3.12/site-packages/airflow/example_dags/example_sensor_decorator.py
[2025-12-08T08:01:54.860+0000] {processor.py:925} INFO - DAG(s) 'example_sensor_decorator' retrieved from /home/airflow/.local/lib/python3.12/site-packages/airflow/example_dags/example_sensor_decorator.py
[2025-12-08T08:01:54.882+0000] {logging_mixin.py:190} INFO - [2025-12-08T08:01:54.882+0000] {dag.py:3211} INFO - Sync 1 DAGs
[2025-12-08T08:01:54.897+0000] {logging_mixin.py:190} INFO - [2025-12-08T08:01:54.897+0000] {dag.py:4138} INFO - Setting next_dagrun for example_sensor_decorator to None, run_after=None
[2025-12-08T08:01:54.917+0000] {processor.py:208} INFO - Processing /home/airflow/.local/lib/python3.12/site-packages/airflow/example_dags/example_sensor_decorator.py took 0.079 seconds
[2025-12-08T08:02:25.213+0000] {processor.py:186} INFO - Started process (PID=4527) to work on /home/airflow/.local/lib/python3.12/site-packages/airflow/example_dags/example_sensor_decorator.py
[2025-12-08T08:02:25.215+0000] {processor.py:914} INFO - Processing file /home/airflow/.local/lib/python3.12/site-packages/airflow/example_dags/example_sensor_decorator.py for tasks to queue
[2025-12-08T08:02:25.220+0000] {logging_mixin.py:190} INFO - [2025-12-08T08:02:25.219+0000] {dagbag.py:587} INFO - Filling up the DagBag from /home/airflow/.local/lib/python3.12/site-packages/airflow/example_dags/example_sensor_decorator.py
[2025-12-08T08:02:25.229+0000] {processor.py:925} INFO - DAG(s) 'example_sensor_decorator' retrieved from /home/airflow/.local/lib/python3.12/site-packages/airflow/example_dags/example_sensor_decorator.py
[2025-12-08T08:02:25.255+0000] {logging_mixin.py:190} INFO - [2025-12-08T08:02:25.255+0000] {dag.py:3211} INFO - Sync 1 DAGs
[2025-12-08T08:02:25.274+0000] {logging_mixin.py:190} INFO - [2025-12-08T08:02:25.273+0000] {dag.py:4138} INFO - Setting next_dagrun for example_sensor_decorator to None, run_after=None
[2025-12-08T08:02:25.300+0000] {processor.py:208} INFO - Processing /home/airflow/.local/lib/python3.12/site-packages/airflow/example_dags/example_sensor_decorator.py took 0.095 seconds
[2025-12-08T08:02:55.563+0000] {processor.py:186} INFO - Started process (PID=4589) to work on /home/airflow/.local/lib/python3.12/site-packages/airflow/example_dags/example_sensor_decorator.py
[2025-12-08T08:02:55.565+0000] {processor.py:914} INFO - Processing file /home/airflow/.local/lib/python3.12/site-packages/airflow/example_dags/example_sensor_decorator.py for tasks to queue
[2025-12-08T08:02:55.569+0000] {logging_mixin.py:190} INFO - [2025-12-08T08:02:55.569+0000] {dagbag.py:587} INFO - Filling up the DagBag from /home/airflow/.local/lib/python3.12/site-packages/airflow/example_dags/example_sensor_decorator.py
[2025-12-08T08:02:55.578+0000] {processor.py:925} INFO - DAG(s) 'example_sensor_decorator' retrieved from /home/airflow/.local/lib/python3.12/site-packages/airflow/example_dags/example_sensor_decorator.py
[2025-12-08T08:02:55.599+0000] {logging_mixin.py:190} INFO - [2025-12-08T08:02:55.599+0000] {dag.py:3211} INFO - Sync 1 DAGs
[2025-12-08T08:02:55.614+0000] {logging_mixin.py:190} INFO - [2025-12-08T08:02:55.614+0000] {dag.py:4138} INFO - Setting next_dagrun for example_sensor_decorator to None, run_after=None
[2025-12-08T08:02:55.639+0000] {processor.py:208} INFO - Processing /home/airflow/.local/lib/python3.12/site-packages/airflow/example_dags/example_sensor_decorator.py took 0.083 seconds
[2025-12-08T08:03:26.187+0000] {processor.py:186} INFO - Started process (PID=4652) to work on /home/airflow/.local/lib/python3.12/site-packages/airflow/example_dags/example_sensor_decorator.py
[2025-12-08T08:03:26.188+0000] {processor.py:914} INFO - Processing file /home/airflow/.local/lib/python3.12/site-packages/airflow/example_dags/example_sensor_decorator.py for tasks to queue
[2025-12-08T08:03:26.191+0000] {logging_mixin.py:190} INFO - [2025-12-08T08:03:26.191+0000] {dagbag.py:587} INFO - Filling up the DagBag from /home/airflow/.local/lib/python3.12/site-packages/airflow/example_dags/example_sensor_decorator.py
[2025-12-08T08:03:26.201+0000] {processor.py:925} INFO - DAG(s) 'example_sensor_decorator' retrieved from /home/airflow/.local/lib/python3.12/site-packages/airflow/example_dags/example_sensor_decorator.py
[2025-12-08T08:03:26.227+0000] {logging_mixin.py:190} INFO - [2025-12-08T08:03:26.226+0000] {dag.py:3211} INFO - Sync 1 DAGs
[2025-12-08T08:03:26.244+0000] {logging_mixin.py:190} INFO - [2025-12-08T08:03:26.244+0000] {dag.py:4138} INFO - Setting next_dagrun for example_sensor_decorator to None, run_after=None
[2025-12-08T08:03:26.267+0000] {processor.py:208} INFO - Processing /home/airflow/.local/lib/python3.12/site-packages/airflow/example_dags/example_sensor_decorator.py took 0.087 seconds
[2025-12-08T08:03:56.430+0000] {processor.py:186} INFO - Started process (PID=4715) to work on /home/airflow/.local/lib/python3.12/site-packages/airflow/example_dags/example_sensor_decorator.py
[2025-12-08T08:03:56.431+0000] {processor.py:914} INFO - Processing file /home/airflow/.local/lib/python3.12/site-packages/airflow/example_dags/example_sensor_decorator.py for tasks to queue
[2025-12-08T08:03:56.435+0000] {logging_mixin.py:190} INFO - [2025-12-08T08:03:56.434+0000] {dagbag.py:587} INFO - Filling up the DagBag from /home/airflow/.local/lib/python3.12/site-packages/airflow/example_dags/example_sensor_decorator.py
[2025-12-08T08:03:56.443+0000] {processor.py:925} INFO - DAG(s) 'example_sensor_decorator' retrieved from /home/airflow/.local/lib/python3.12/site-packages/airflow/example_dags/example_sensor_decorator.py
[2025-12-08T08:03:56.467+0000] {logging_mixin.py:190} INFO - [2025-12-08T08:03:56.467+0000] {dag.py:3211} INFO - Sync 1 DAGs
[2025-12-08T08:03:56.484+0000] {logging_mixin.py:190} INFO - [2025-12-08T08:03:56.483+0000] {dag.py:4138} INFO - Setting next_dagrun for example_sensor_decorator to None, run_after=None
[2025-12-08T08:03:56.514+0000] {processor.py:208} INFO - Processing /home/airflow/.local/lib/python3.12/site-packages/airflow/example_dags/example_sensor_decorator.py took 0.091 seconds
[2025-12-08T08:04:26.713+0000] {processor.py:186} INFO - Started process (PID=4778) to work on /home/airflow/.local/lib/python3.12/site-packages/airflow/example_dags/example_sensor_decorator.py
[2025-12-08T08:04:26.715+0000] {processor.py:914} INFO - Processing file /home/airflow/.local/lib/python3.12/site-packages/airflow/example_dags/example_sensor_decorator.py for tasks to queue
[2025-12-08T08:04:26.720+0000] {logging_mixin.py:190} INFO - [2025-12-08T08:04:26.719+0000] {dagbag.py:587} INFO - Filling up the DagBag from /home/airflow/.local/lib/python3.12/site-packages/airflow/example_dags/example_sensor_decorator.py
[2025-12-08T08:04:26.733+0000] {processor.py:925} INFO - DAG(s) 'example_sensor_decorator' retrieved from /home/airflow/.local/lib/python3.12/site-packages/airflow/example_dags/example_sensor_decorator.py
[2025-12-08T08:04:26.768+0000] {logging_mixin.py:190} INFO - [2025-12-08T08:04:26.768+0000] {dag.py:3211} INFO - Sync 1 DAGs
[2025-12-08T08:04:26.794+0000] {logging_mixin.py:190} INFO - [2025-12-08T08:04:26.794+0000] {dag.py:4138} INFO - Setting next_dagrun for example_sensor_decorator to None, run_after=None
[2025-12-08T08:04:26.830+0000] {processor.py:208} INFO - Processing /home/airflow/.local/lib/python3.12/site-packages/airflow/example_dags/example_sensor_decorator.py took 0.125 seconds
[2025-12-08T08:04:57.036+0000] {processor.py:186} INFO - Started process (PID=4841) to work on /home/airflow/.local/lib/python3.12/site-packages/airflow/example_dags/example_sensor_decorator.py
[2025-12-08T08:04:57.039+0000] {processor.py:914} INFO - Processing file /home/airflow/.local/lib/python3.12/site-packages/airflow/example_dags/example_sensor_decorator.py for tasks to queue
[2025-12-08T08:04:57.045+0000] {logging_mixin.py:190} INFO - [2025-12-08T08:04:57.045+0000] {dagbag.py:587} INFO - Filling up the DagBag from /home/airflow/.local/lib/python3.12/site-packages/airflow/example_dags/example_sensor_decorator.py
[2025-12-08T08:04:57.061+0000] {processor.py:925} INFO - DAG(s) 'example_sensor_decorator' retrieved from /home/airflow/.local/lib/python3.12/site-packages/airflow/example_dags/example_sensor_decorator.py
[2025-12-08T08:04:57.116+0000] {logging_mixin.py:190} INFO - [2025-12-08T08:04:57.116+0000] {dag.py:3211} INFO - Sync 1 DAGs
[2025-12-08T08:04:57.151+0000] {logging_mixin.py:190} INFO - [2025-12-08T08:04:57.150+0000] {dag.py:4138} INFO - Setting next_dagrun for example_sensor_decorator to None, run_after=None
[2025-12-08T08:04:57.195+0000] {processor.py:208} INFO - Processing /home/airflow/.local/lib/python3.12/site-packages/airflow/example_dags/example_sensor_decorator.py took 0.174 seconds
[2025-12-08T08:05:27.367+0000] {processor.py:186} INFO - Started process (PID=4903) to work on /home/airflow/.local/lib/python3.12/site-packages/airflow/example_dags/example_sensor_decorator.py
[2025-12-08T08:05:27.370+0000] {processor.py:914} INFO - Processing file /home/airflow/.local/lib/python3.12/site-packages/airflow/example_dags/example_sensor_decorator.py for tasks to queue
[2025-12-08T08:05:27.376+0000] {logging_mixin.py:190} INFO - [2025-12-08T08:05:27.375+0000] {dagbag.py:587} INFO - Filling up the DagBag from /home/airflow/.local/lib/python3.12/site-packages/airflow/example_dags/example_sensor_decorator.py
[2025-12-08T08:05:27.398+0000] {processor.py:925} INFO - DAG(s) 'example_sensor_decorator' retrieved from /home/airflow/.local/lib/python3.12/site-packages/airflow/example_dags/example_sensor_decorator.py
[2025-12-08T08:05:27.445+0000] {logging_mixin.py:190} INFO - [2025-12-08T08:05:27.445+0000] {dag.py:3211} INFO - Sync 1 DAGs
[2025-12-08T08:05:27.470+0000] {logging_mixin.py:190} INFO - [2025-12-08T08:05:27.470+0000] {dag.py:4138} INFO - Setting next_dagrun for example_sensor_decorator to None, run_after=None
[2025-12-08T08:05:27.519+0000] {processor.py:208} INFO - Processing /home/airflow/.local/lib/python3.12/site-packages/airflow/example_dags/example_sensor_decorator.py took 0.164 seconds
[2025-12-08T08:05:57.842+0000] {processor.py:186} INFO - Started process (PID=4966) to work on /home/airflow/.local/lib/python3.12/site-packages/airflow/example_dags/example_sensor_decorator.py
[2025-12-08T08:05:57.844+0000] {processor.py:914} INFO - Processing file /home/airflow/.local/lib/python3.12/site-packages/airflow/example_dags/example_sensor_decorator.py for tasks to queue
[2025-12-08T08:05:57.848+0000] {logging_mixin.py:190} INFO - [2025-12-08T08:05:57.847+0000] {dagbag.py:587} INFO - Filling up the DagBag from /home/airflow/.local/lib/python3.12/site-packages/airflow/example_dags/example_sensor_decorator.py
[2025-12-08T08:05:57.861+0000] {processor.py:925} INFO - DAG(s) 'example_sensor_decorator' retrieved from /home/airflow/.local/lib/python3.12/site-packages/airflow/example_dags/example_sensor_decorator.py
[2025-12-08T08:05:57.889+0000] {logging_mixin.py:190} INFO - [2025-12-08T08:05:57.889+0000] {dag.py:3211} INFO - Sync 1 DAGs
[2025-12-08T08:05:57.907+0000] {logging_mixin.py:190} INFO - [2025-12-08T08:05:57.906+0000] {dag.py:4138} INFO - Setting next_dagrun for example_sensor_decorator to None, run_after=None
[2025-12-08T08:05:57.934+0000] {processor.py:208} INFO - Processing /home/airflow/.local/lib/python3.12/site-packages/airflow/example_dags/example_sensor_decorator.py took 0.100 seconds
[2025-12-08T08:06:28.854+0000] {processor.py:186} INFO - Started process (PID=5029) to work on /home/airflow/.local/lib/python3.12/site-packages/airflow/example_dags/example_sensor_decorator.py
[2025-12-08T08:06:28.857+0000] {processor.py:914} INFO - Processing file /home/airflow/.local/lib/python3.12/site-packages/airflow/example_dags/example_sensor_decorator.py for tasks to queue
[2025-12-08T08:06:28.865+0000] {logging_mixin.py:190} INFO - [2025-12-08T08:06:28.864+0000] {dagbag.py:587} INFO - Filling up the DagBag from /home/airflow/.local/lib/python3.12/site-packages/airflow/example_dags/example_sensor_decorator.py
[2025-12-08T08:06:28.896+0000] {processor.py:925} INFO - DAG(s) 'example_sensor_decorator' retrieved from /home/airflow/.local/lib/python3.12/site-packages/airflow/example_dags/example_sensor_decorator.py
[2025-12-08T08:06:28.979+0000] {logging_mixin.py:190} INFO - [2025-12-08T08:06:28.978+0000] {dag.py:3211} INFO - Sync 1 DAGs
[2025-12-08T08:06:29.030+0000] {logging_mixin.py:190} INFO - [2025-12-08T08:06:29.029+0000] {dag.py:4138} INFO - Setting next_dagrun for example_sensor_decorator to None, run_after=None
[2025-12-08T08:06:29.111+0000] {processor.py:208} INFO - Processing /home/airflow/.local/lib/python3.12/site-packages/airflow/example_dags/example_sensor_decorator.py took 0.275 seconds
[2025-12-08T08:06:59.485+0000] {processor.py:186} INFO - Started process (PID=5097) to work on /home/airflow/.local/lib/python3.12/site-packages/airflow/example_dags/example_sensor_decorator.py
[2025-12-08T08:06:59.487+0000] {processor.py:914} INFO - Processing file /home/airflow/.local/lib/python3.12/site-packages/airflow/example_dags/example_sensor_decorator.py for tasks to queue
[2025-12-08T08:06:59.493+0000] {logging_mixin.py:190} INFO - [2025-12-08T08:06:59.493+0000] {dagbag.py:587} INFO - Filling up the DagBag from /home/airflow/.local/lib/python3.12/site-packages/airflow/example_dags/example_sensor_decorator.py
[2025-12-08T08:06:59.506+0000] {processor.py:925} INFO - DAG(s) 'example_sensor_decorator' retrieved from /home/airflow/.local/lib/python3.12/site-packages/airflow/example_dags/example_sensor_decorator.py
[2025-12-08T08:06:59.550+0000] {logging_mixin.py:190} INFO - [2025-12-08T08:06:59.549+0000] {dag.py:3211} INFO - Sync 1 DAGs
[2025-12-08T08:06:59.577+0000] {logging_mixin.py:190} INFO - [2025-12-08T08:06:59.577+0000] {dag.py:4138} INFO - Setting next_dagrun for example_sensor_decorator to None, run_after=None
[2025-12-08T08:06:59.612+0000] {processor.py:208} INFO - Processing /home/airflow/.local/lib/python3.12/site-packages/airflow/example_dags/example_sensor_decorator.py took 0.139 seconds
[2025-12-08T08:07:30.022+0000] {processor.py:186} INFO - Started process (PID=5160) to work on /home/airflow/.local/lib/python3.12/site-packages/airflow/example_dags/example_sensor_decorator.py
[2025-12-08T08:07:30.024+0000] {processor.py:914} INFO - Processing file /home/airflow/.local/lib/python3.12/site-packages/airflow/example_dags/example_sensor_decorator.py for tasks to queue
[2025-12-08T08:07:30.028+0000] {logging_mixin.py:190} INFO - [2025-12-08T08:07:30.028+0000] {dagbag.py:587} INFO - Filling up the DagBag from /home/airflow/.local/lib/python3.12/site-packages/airflow/example_dags/example_sensor_decorator.py
[2025-12-08T08:07:30.046+0000] {processor.py:925} INFO - DAG(s) 'example_sensor_decorator' retrieved from /home/airflow/.local/lib/python3.12/site-packages/airflow/example_dags/example_sensor_decorator.py
[2025-12-08T08:07:30.083+0000] {logging_mixin.py:190} INFO - [2025-12-08T08:07:30.082+0000] {dag.py:3211} INFO - Sync 1 DAGs
[2025-12-08T08:07:30.103+0000] {logging_mixin.py:190} INFO - [2025-12-08T08:07:30.103+0000] {dag.py:4138} INFO - Setting next_dagrun for example_sensor_decorator to None, run_after=None
[2025-12-08T08:07:30.135+0000] {processor.py:208} INFO - Processing /home/airflow/.local/lib/python3.12/site-packages/airflow/example_dags/example_sensor_decorator.py took 0.127 seconds
[2025-12-08T08:08:00.449+0000] {processor.py:186} INFO - Started process (PID=5224) to work on /home/airflow/.local/lib/python3.12/site-packages/airflow/example_dags/example_sensor_decorator.py
[2025-12-08T08:08:00.451+0000] {processor.py:914} INFO - Processing file /home/airflow/.local/lib/python3.12/site-packages/airflow/example_dags/example_sensor_decorator.py for tasks to queue
[2025-12-08T08:08:00.454+0000] {logging_mixin.py:190} INFO - [2025-12-08T08:08:00.454+0000] {dagbag.py:587} INFO - Filling up the DagBag from /home/airflow/.local/lib/python3.12/site-packages/airflow/example_dags/example_sensor_decorator.py
[2025-12-08T08:08:00.466+0000] {processor.py:925} INFO - DAG(s) 'example_sensor_decorator' retrieved from /home/airflow/.local/lib/python3.12/site-packages/airflow/example_dags/example_sensor_decorator.py
[2025-12-08T08:08:00.495+0000] {logging_mixin.py:190} INFO - [2025-12-08T08:08:00.494+0000] {dag.py:3211} INFO - Sync 1 DAGs
[2025-12-08T08:08:00.513+0000] {logging_mixin.py:190} INFO - [2025-12-08T08:08:00.513+0000] {dag.py:4138} INFO - Setting next_dagrun for example_sensor_decorator to None, run_after=None
[2025-12-08T08:08:00.547+0000] {processor.py:208} INFO - Processing /home/airflow/.local/lib/python3.12/site-packages/airflow/example_dags/example_sensor_decorator.py took 0.108 seconds
[2025-12-08T08:08:30.725+0000] {processor.py:186} INFO - Started process (PID=5287) to work on /home/airflow/.local/lib/python3.12/site-packages/airflow/example_dags/example_sensor_decorator.py
[2025-12-08T08:08:30.727+0000] {processor.py:914} INFO - Processing file /home/airflow/.local/lib/python3.12/site-packages/airflow/example_dags/example_sensor_decorator.py for tasks to queue
[2025-12-08T08:08:30.730+0000] {logging_mixin.py:190} INFO - [2025-12-08T08:08:30.730+0000] {dagbag.py:587} INFO - Filling up the DagBag from /home/airflow/.local/lib/python3.12/site-packages/airflow/example_dags/example_sensor_decorator.py
[2025-12-08T08:08:30.742+0000] {processor.py:925} INFO - DAG(s) 'example_sensor_decorator' retrieved from /home/airflow/.local/lib/python3.12/site-packages/airflow/example_dags/example_sensor_decorator.py
[2025-12-08T08:08:30.777+0000] {logging_mixin.py:190} INFO - [2025-12-08T08:08:30.777+0000] {dag.py:3211} INFO - Sync 1 DAGs
[2025-12-08T08:08:30.797+0000] {logging_mixin.py:190} INFO - [2025-12-08T08:08:30.797+0000] {dag.py:4138} INFO - Setting next_dagrun for example_sensor_decorator to None, run_after=None
[2025-12-08T08:08:30.828+0000] {processor.py:208} INFO - Processing /home/airflow/.local/lib/python3.12/site-packages/airflow/example_dags/example_sensor_decorator.py took 0.111 seconds
[2025-12-08T08:09:01.637+0000] {processor.py:186} INFO - Started process (PID=5350) to work on /home/airflow/.local/lib/python3.12/site-packages/airflow/example_dags/example_sensor_decorator.py
[2025-12-08T08:09:01.639+0000] {processor.py:914} INFO - Processing file /home/airflow/.local/lib/python3.12/site-packages/airflow/example_dags/example_sensor_decorator.py for tasks to queue
[2025-12-08T08:09:01.642+0000] {logging_mixin.py:190} INFO - [2025-12-08T08:09:01.642+0000] {dagbag.py:587} INFO - Filling up the DagBag from /home/airflow/.local/lib/python3.12/site-packages/airflow/example_dags/example_sensor_decorator.py
[2025-12-08T08:09:01.654+0000] {processor.py:925} INFO - DAG(s) 'example_sensor_decorator' retrieved from /home/airflow/.local/lib/python3.12/site-packages/airflow/example_dags/example_sensor_decorator.py
[2025-12-08T08:09:01.686+0000] {logging_mixin.py:190} INFO - [2025-12-08T08:09:01.685+0000] {dag.py:3211} INFO - Sync 1 DAGs
[2025-12-08T08:09:01.704+0000] {logging_mixin.py:190} INFO - [2025-12-08T08:09:01.704+0000] {dag.py:4138} INFO - Setting next_dagrun for example_sensor_decorator to None, run_after=None
[2025-12-08T08:09:01.740+0000] {processor.py:208} INFO - Processing /home/airflow/.local/lib/python3.12/site-packages/airflow/example_dags/example_sensor_decorator.py took 0.111 seconds
[2025-12-08T08:09:32.679+0000] {processor.py:186} INFO - Started process (PID=5413) to work on /home/airflow/.local/lib/python3.12/site-packages/airflow/example_dags/example_sensor_decorator.py
[2025-12-08T08:09:32.685+0000] {processor.py:914} INFO - Processing file /home/airflow/.local/lib/python3.12/site-packages/airflow/example_dags/example_sensor_decorator.py for tasks to queue
[2025-12-08T08:09:32.690+0000] {logging_mixin.py:190} INFO - [2025-12-08T08:09:32.690+0000] {dagbag.py:587} INFO - Filling up the DagBag from /home/airflow/.local/lib/python3.12/site-packages/airflow/example_dags/example_sensor_decorator.py
[2025-12-08T08:09:32.708+0000] {processor.py:925} INFO - DAG(s) 'example_sensor_decorator' retrieved from /home/airflow/.local/lib/python3.12/site-packages/airflow/example_dags/example_sensor_decorator.py
[2025-12-08T08:09:32.745+0000] {logging_mixin.py:190} INFO - [2025-12-08T08:09:32.744+0000] {dag.py:3211} INFO - Sync 1 DAGs
[2025-12-08T08:09:32.772+0000] {logging_mixin.py:190} INFO - [2025-12-08T08:09:32.772+0000] {dag.py:4138} INFO - Setting next_dagrun for example_sensor_decorator to None, run_after=None
[2025-12-08T08:09:32.811+0000] {processor.py:208} INFO - Processing /home/airflow/.local/lib/python3.12/site-packages/airflow/example_dags/example_sensor_decorator.py took 0.142 seconds
[2025-12-08T08:10:02.985+0000] {processor.py:186} INFO - Started process (PID=5476) to work on /home/airflow/.local/lib/python3.12/site-packages/airflow/example_dags/example_sensor_decorator.py
[2025-12-08T08:10:02.986+0000] {processor.py:914} INFO - Processing file /home/airflow/.local/lib/python3.12/site-packages/airflow/example_dags/example_sensor_decorator.py for tasks to queue
[2025-12-08T08:10:02.991+0000] {logging_mixin.py:190} INFO - [2025-12-08T08:10:02.990+0000] {dagbag.py:587} INFO - Filling up the DagBag from /home/airflow/.local/lib/python3.12/site-packages/airflow/example_dags/example_sensor_decorator.py
[2025-12-08T08:10:03.007+0000] {processor.py:925} INFO - DAG(s) 'example_sensor_decorator' retrieved from /home/airflow/.local/lib/python3.12/site-packages/airflow/example_dags/example_sensor_decorator.py
[2025-12-08T08:10:03.039+0000] {logging_mixin.py:190} INFO - [2025-12-08T08:10:03.038+0000] {dag.py:3211} INFO - Sync 1 DAGs
[2025-12-08T08:10:03.067+0000] {logging_mixin.py:190} INFO - [2025-12-08T08:10:03.067+0000] {dag.py:4138} INFO - Setting next_dagrun for example_sensor_decorator to None, run_after=None
[2025-12-08T08:10:03.105+0000] {processor.py:208} INFO - Processing /home/airflow/.local/lib/python3.12/site-packages/airflow/example_dags/example_sensor_decorator.py took 0.131 seconds
[2025-12-08T08:10:33.386+0000] {processor.py:186} INFO - Started process (PID=5539) to work on /home/airflow/.local/lib/python3.12/site-packages/airflow/example_dags/example_sensor_decorator.py
[2025-12-08T08:10:33.388+0000] {processor.py:914} INFO - Processing file /home/airflow/.local/lib/python3.12/site-packages/airflow/example_dags/example_sensor_decorator.py for tasks to queue
[2025-12-08T08:10:33.392+0000] {logging_mixin.py:190} INFO - [2025-12-08T08:10:33.391+0000] {dagbag.py:587} INFO - Filling up the DagBag from /home/airflow/.local/lib/python3.12/site-packages/airflow/example_dags/example_sensor_decorator.py
[2025-12-08T08:10:33.403+0000] {processor.py:925} INFO - DAG(s) 'example_sensor_decorator' retrieved from /home/airflow/.local/lib/python3.12/site-packages/airflow/example_dags/example_sensor_decorator.py
[2025-12-08T08:10:33.431+0000] {logging_mixin.py:190} INFO - [2025-12-08T08:10:33.431+0000] {dag.py:3211} INFO - Sync 1 DAGs
[2025-12-08T08:10:33.449+0000] {logging_mixin.py:190} INFO - [2025-12-08T08:10:33.449+0000] {dag.py:4138} INFO - Setting next_dagrun for example_sensor_decorator to None, run_after=None
[2025-12-08T08:10:33.482+0000] {processor.py:208} INFO - Processing /home/airflow/.local/lib/python3.12/site-packages/airflow/example_dags/example_sensor_decorator.py took 0.103 seconds
[2025-12-08T08:11:04.207+0000] {processor.py:186} INFO - Started process (PID=5602) to work on /home/airflow/.local/lib/python3.12/site-packages/airflow/example_dags/example_sensor_decorator.py
[2025-12-08T08:11:04.209+0000] {processor.py:914} INFO - Processing file /home/airflow/.local/lib/python3.12/site-packages/airflow/example_dags/example_sensor_decorator.py for tasks to queue
[2025-12-08T08:11:04.214+0000] {logging_mixin.py:190} INFO - [2025-12-08T08:11:04.213+0000] {dagbag.py:587} INFO - Filling up the DagBag from /home/airflow/.local/lib/python3.12/site-packages/airflow/example_dags/example_sensor_decorator.py
[2025-12-08T08:11:04.226+0000] {processor.py:925} INFO - DAG(s) 'example_sensor_decorator' retrieved from /home/airflow/.local/lib/python3.12/site-packages/airflow/example_dags/example_sensor_decorator.py
[2025-12-08T08:11:04.259+0000] {logging_mixin.py:190} INFO - [2025-12-08T08:11:04.259+0000] {dag.py:3211} INFO - Sync 1 DAGs
[2025-12-08T08:11:04.283+0000] {logging_mixin.py:190} INFO - [2025-12-08T08:11:04.282+0000] {dag.py:4138} INFO - Setting next_dagrun for example_sensor_decorator to None, run_after=None
[2025-12-08T08:11:04.318+0000] {processor.py:208} INFO - Processing /home/airflow/.local/lib/python3.12/site-packages/airflow/example_dags/example_sensor_decorator.py took 0.121 seconds
[2025-12-08T08:11:34.513+0000] {processor.py:186} INFO - Started process (PID=5665) to work on /home/airflow/.local/lib/python3.12/site-packages/airflow/example_dags/example_sensor_decorator.py
[2025-12-08T08:11:34.515+0000] {processor.py:914} INFO - Processing file /home/airflow/.local/lib/python3.12/site-packages/airflow/example_dags/example_sensor_decorator.py for tasks to queue
[2025-12-08T08:11:34.520+0000] {logging_mixin.py:190} INFO - [2025-12-08T08:11:34.519+0000] {dagbag.py:587} INFO - Filling up the DagBag from /home/airflow/.local/lib/python3.12/site-packages/airflow/example_dags/example_sensor_decorator.py
[2025-12-08T08:11:34.531+0000] {processor.py:925} INFO - DAG(s) 'example_sensor_decorator' retrieved from /home/airflow/.local/lib/python3.12/site-packages/airflow/example_dags/example_sensor_decorator.py
[2025-12-08T08:11:34.563+0000] {logging_mixin.py:190} INFO - [2025-12-08T08:11:34.563+0000] {dag.py:3211} INFO - Sync 1 DAGs
[2025-12-08T08:11:34.587+0000] {logging_mixin.py:190} INFO - [2025-12-08T08:11:34.586+0000] {dag.py:4138} INFO - Setting next_dagrun for example_sensor_decorator to None, run_after=None
[2025-12-08T08:11:34.619+0000] {processor.py:208} INFO - Processing /home/airflow/.local/lib/python3.12/site-packages/airflow/example_dags/example_sensor_decorator.py took 0.113 seconds
[2025-12-08T08:12:05.366+0000] {processor.py:186} INFO - Started process (PID=5728) to work on /home/airflow/.local/lib/python3.12/site-packages/airflow/example_dags/example_sensor_decorator.py
[2025-12-08T08:12:05.368+0000] {processor.py:914} INFO - Processing file /home/airflow/.local/lib/python3.12/site-packages/airflow/example_dags/example_sensor_decorator.py for tasks to queue
[2025-12-08T08:12:05.373+0000] {logging_mixin.py:190} INFO - [2025-12-08T08:12:05.372+0000] {dagbag.py:587} INFO - Filling up the DagBag from /home/airflow/.local/lib/python3.12/site-packages/airflow/example_dags/example_sensor_decorator.py
[2025-12-08T08:12:05.387+0000] {processor.py:925} INFO - DAG(s) 'example_sensor_decorator' retrieved from /home/airflow/.local/lib/python3.12/site-packages/airflow/example_dags/example_sensor_decorator.py
[2025-12-08T08:12:05.418+0000] {logging_mixin.py:190} INFO - [2025-12-08T08:12:05.418+0000] {dag.py:3211} INFO - Sync 1 DAGs
[2025-12-08T08:12:05.436+0000] {logging_mixin.py:190} INFO - [2025-12-08T08:12:05.436+0000] {dag.py:4138} INFO - Setting next_dagrun for example_sensor_decorator to None, run_after=None
[2025-12-08T08:12:05.470+0000] {processor.py:208} INFO - Processing /home/airflow/.local/lib/python3.12/site-packages/airflow/example_dags/example_sensor_decorator.py took 0.114 seconds
[2025-12-08T08:12:35.844+0000] {processor.py:186} INFO - Started process (PID=5791) to work on /home/airflow/.local/lib/python3.12/site-packages/airflow/example_dags/example_sensor_decorator.py
[2025-12-08T08:12:35.847+0000] {processor.py:914} INFO - Processing file /home/airflow/.local/lib/python3.12/site-packages/airflow/example_dags/example_sensor_decorator.py for tasks to queue
[2025-12-08T08:12:35.856+0000] {logging_mixin.py:190} INFO - [2025-12-08T08:12:35.853+0000] {dagbag.py:587} INFO - Filling up the DagBag from /home/airflow/.local/lib/python3.12/site-packages/airflow/example_dags/example_sensor_decorator.py
[2025-12-08T08:12:35.890+0000] {processor.py:925} INFO - DAG(s) 'example_sensor_decorator' retrieved from /home/airflow/.local/lib/python3.12/site-packages/airflow/example_dags/example_sensor_decorator.py
[2025-12-08T08:12:35.986+0000] {logging_mixin.py:190} INFO - [2025-12-08T08:12:35.985+0000] {dag.py:3211} INFO - Sync 1 DAGs
[2025-12-08T08:12:36.070+0000] {logging_mixin.py:190} INFO - [2025-12-08T08:12:36.069+0000] {dag.py:4138} INFO - Setting next_dagrun for example_sensor_decorator to None, run_after=None
[2025-12-08T08:12:36.159+0000] {processor.py:208} INFO - Processing /home/airflow/.local/lib/python3.12/site-packages/airflow/example_dags/example_sensor_decorator.py took 0.335 seconds
[2025-12-08T08:13:06.432+0000] {processor.py:186} INFO - Started process (PID=5855) to work on /home/airflow/.local/lib/python3.12/site-packages/airflow/example_dags/example_sensor_decorator.py
[2025-12-08T08:13:06.435+0000] {processor.py:914} INFO - Processing file /home/airflow/.local/lib/python3.12/site-packages/airflow/example_dags/example_sensor_decorator.py for tasks to queue
[2025-12-08T08:13:06.442+0000] {logging_mixin.py:190} INFO - [2025-12-08T08:13:06.441+0000] {dagbag.py:587} INFO - Filling up the DagBag from /home/airflow/.local/lib/python3.12/site-packages/airflow/example_dags/example_sensor_decorator.py
[2025-12-08T08:13:06.468+0000] {processor.py:925} INFO - DAG(s) 'example_sensor_decorator' retrieved from /home/airflow/.local/lib/python3.12/site-packages/airflow/example_dags/example_sensor_decorator.py
[2025-12-08T08:13:06.537+0000] {logging_mixin.py:190} INFO - [2025-12-08T08:13:06.536+0000] {dag.py:3211} INFO - Sync 1 DAGs
[2025-12-08T08:13:06.582+0000] {logging_mixin.py:190} INFO - [2025-12-08T08:13:06.581+0000] {dag.py:4138} INFO - Setting next_dagrun for example_sensor_decorator to None, run_after=None
[2025-12-08T08:13:06.653+0000] {processor.py:208} INFO - Processing /home/airflow/.local/lib/python3.12/site-packages/airflow/example_dags/example_sensor_decorator.py took 0.237 seconds
[2025-12-08T08:13:37.220+0000] {processor.py:186} INFO - Started process (PID=5924) to work on /home/airflow/.local/lib/python3.12/site-packages/airflow/example_dags/example_sensor_decorator.py
[2025-12-08T08:13:37.222+0000] {processor.py:914} INFO - Processing file /home/airflow/.local/lib/python3.12/site-packages/airflow/example_dags/example_sensor_decorator.py for tasks to queue
[2025-12-08T08:13:37.226+0000] {logging_mixin.py:190} INFO - [2025-12-08T08:13:37.226+0000] {dagbag.py:587} INFO - Filling up the DagBag from /home/airflow/.local/lib/python3.12/site-packages/airflow/example_dags/example_sensor_decorator.py
[2025-12-08T08:13:37.236+0000] {processor.py:925} INFO - DAG(s) 'example_sensor_decorator' retrieved from /home/airflow/.local/lib/python3.12/site-packages/airflow/example_dags/example_sensor_decorator.py
[2025-12-08T08:13:37.263+0000] {logging_mixin.py:190} INFO - [2025-12-08T08:13:37.262+0000] {dag.py:3211} INFO - Sync 1 DAGs
[2025-12-08T08:13:37.279+0000] {logging_mixin.py:190} INFO - [2025-12-08T08:13:37.279+0000] {dag.py:4138} INFO - Setting next_dagrun for example_sensor_decorator to None, run_after=None
[2025-12-08T08:13:37.309+0000] {processor.py:208} INFO - Processing /home/airflow/.local/lib/python3.12/site-packages/airflow/example_dags/example_sensor_decorator.py took 0.097 seconds
[2025-12-08T08:14:08.036+0000] {processor.py:186} INFO - Started process (PID=5986) to work on /home/airflow/.local/lib/python3.12/site-packages/airflow/example_dags/example_sensor_decorator.py
[2025-12-08T08:14:08.038+0000] {processor.py:914} INFO - Processing file /home/airflow/.local/lib/python3.12/site-packages/airflow/example_dags/example_sensor_decorator.py for tasks to queue
[2025-12-08T08:14:08.043+0000] {logging_mixin.py:190} INFO - [2025-12-08T08:14:08.042+0000] {dagbag.py:587} INFO - Filling up the DagBag from /home/airflow/.local/lib/python3.12/site-packages/airflow/example_dags/example_sensor_decorator.py
[2025-12-08T08:14:08.052+0000] {processor.py:925} INFO - DAG(s) 'example_sensor_decorator' retrieved from /home/airflow/.local/lib/python3.12/site-packages/airflow/example_dags/example_sensor_decorator.py
[2025-12-08T08:14:08.077+0000] {logging_mixin.py:190} INFO - [2025-12-08T08:14:08.076+0000] {dag.py:3211} INFO - Sync 1 DAGs
[2025-12-08T08:14:08.091+0000] {logging_mixin.py:190} INFO - [2025-12-08T08:14:08.091+0000] {dag.py:4138} INFO - Setting next_dagrun for example_sensor_decorator to None, run_after=None
[2025-12-08T08:14:08.123+0000] {processor.py:208} INFO - Processing /home/airflow/.local/lib/python3.12/site-packages/airflow/example_dags/example_sensor_decorator.py took 0.099 seconds
[2025-12-08T08:14:38.538+0000] {processor.py:186} INFO - Started process (PID=6050) to work on /home/airflow/.local/lib/python3.12/site-packages/airflow/example_dags/example_sensor_decorator.py
[2025-12-08T08:14:38.540+0000] {processor.py:914} INFO - Processing file /home/airflow/.local/lib/python3.12/site-packages/airflow/example_dags/example_sensor_decorator.py for tasks to queue
[2025-12-08T08:14:38.544+0000] {logging_mixin.py:190} INFO - [2025-12-08T08:14:38.544+0000] {dagbag.py:587} INFO - Filling up the DagBag from /home/airflow/.local/lib/python3.12/site-packages/airflow/example_dags/example_sensor_decorator.py
[2025-12-08T08:14:38.553+0000] {processor.py:925} INFO - DAG(s) 'example_sensor_decorator' retrieved from /home/airflow/.local/lib/python3.12/site-packages/airflow/example_dags/example_sensor_decorator.py
[2025-12-08T08:14:38.578+0000] {logging_mixin.py:190} INFO - [2025-12-08T08:14:38.577+0000] {dag.py:3211} INFO - Sync 1 DAGs
[2025-12-08T08:14:38.593+0000] {logging_mixin.py:190} INFO - [2025-12-08T08:14:38.592+0000] {dag.py:4138} INFO - Setting next_dagrun for example_sensor_decorator to None, run_after=None
[2025-12-08T08:14:38.623+0000] {processor.py:208} INFO - Processing /home/airflow/.local/lib/python3.12/site-packages/airflow/example_dags/example_sensor_decorator.py took 0.097 seconds
[2025-12-08T08:15:09.344+0000] {processor.py:186} INFO - Started process (PID=6113) to work on /home/airflow/.local/lib/python3.12/site-packages/airflow/example_dags/example_sensor_decorator.py
[2025-12-08T08:15:09.345+0000] {processor.py:914} INFO - Processing file /home/airflow/.local/lib/python3.12/site-packages/airflow/example_dags/example_sensor_decorator.py for tasks to queue
[2025-12-08T08:15:09.350+0000] {logging_mixin.py:190} INFO - [2025-12-08T08:15:09.349+0000] {dagbag.py:587} INFO - Filling up the DagBag from /home/airflow/.local/lib/python3.12/site-packages/airflow/example_dags/example_sensor_decorator.py
[2025-12-08T08:15:09.360+0000] {processor.py:925} INFO - DAG(s) 'example_sensor_decorator' retrieved from /home/airflow/.local/lib/python3.12/site-packages/airflow/example_dags/example_sensor_decorator.py
[2025-12-08T08:15:09.388+0000] {logging_mixin.py:190} INFO - [2025-12-08T08:15:09.388+0000] {dag.py:3211} INFO - Sync 1 DAGs
[2025-12-08T08:15:09.403+0000] {logging_mixin.py:190} INFO - [2025-12-08T08:15:09.402+0000] {dag.py:4138} INFO - Setting next_dagrun for example_sensor_decorator to None, run_after=None
[2025-12-08T08:15:09.430+0000] {processor.py:208} INFO - Processing /home/airflow/.local/lib/python3.12/site-packages/airflow/example_dags/example_sensor_decorator.py took 0.095 seconds
[2025-12-08T08:15:40.204+0000] {processor.py:186} INFO - Started process (PID=6176) to work on /home/airflow/.local/lib/python3.12/site-packages/airflow/example_dags/example_sensor_decorator.py
[2025-12-08T08:15:40.206+0000] {processor.py:914} INFO - Processing file /home/airflow/.local/lib/python3.12/site-packages/airflow/example_dags/example_sensor_decorator.py for tasks to queue
[2025-12-08T08:15:40.211+0000] {logging_mixin.py:190} INFO - [2025-12-08T08:15:40.210+0000] {dagbag.py:587} INFO - Filling up the DagBag from /home/airflow/.local/lib/python3.12/site-packages/airflow/example_dags/example_sensor_decorator.py
[2025-12-08T08:15:40.221+0000] {processor.py:925} INFO - DAG(s) 'example_sensor_decorator' retrieved from /home/airflow/.local/lib/python3.12/site-packages/airflow/example_dags/example_sensor_decorator.py
[2025-12-08T08:15:40.246+0000] {logging_mixin.py:190} INFO - [2025-12-08T08:15:40.245+0000] {dag.py:3211} INFO - Sync 1 DAGs
[2025-12-08T08:15:40.261+0000] {logging_mixin.py:190} INFO - [2025-12-08T08:15:40.260+0000] {dag.py:4138} INFO - Setting next_dagrun for example_sensor_decorator to None, run_after=None
[2025-12-08T08:15:40.283+0000] {processor.py:208} INFO - Processing /home/airflow/.local/lib/python3.12/site-packages/airflow/example_dags/example_sensor_decorator.py took 0.090 seconds
[2025-12-08T08:16:10.622+0000] {processor.py:186} INFO - Started process (PID=6239) to work on /home/airflow/.local/lib/python3.12/site-packages/airflow/example_dags/example_sensor_decorator.py
[2025-12-08T08:16:10.623+0000] {processor.py:914} INFO - Processing file /home/airflow/.local/lib/python3.12/site-packages/airflow/example_dags/example_sensor_decorator.py for tasks to queue
[2025-12-08T08:16:10.627+0000] {logging_mixin.py:190} INFO - [2025-12-08T08:16:10.627+0000] {dagbag.py:587} INFO - Filling up the DagBag from /home/airflow/.local/lib/python3.12/site-packages/airflow/example_dags/example_sensor_decorator.py
[2025-12-08T08:16:10.635+0000] {processor.py:925} INFO - DAG(s) 'example_sensor_decorator' retrieved from /home/airflow/.local/lib/python3.12/site-packages/airflow/example_dags/example_sensor_decorator.py
[2025-12-08T08:16:10.662+0000] {logging_mixin.py:190} INFO - [2025-12-08T08:16:10.661+0000] {dag.py:3211} INFO - Sync 1 DAGs
[2025-12-08T08:16:10.675+0000] {logging_mixin.py:190} INFO - [2025-12-08T08:16:10.675+0000] {dag.py:4138} INFO - Setting next_dagrun for example_sensor_decorator to None, run_after=None
[2025-12-08T08:16:10.699+0000] {processor.py:208} INFO - Processing /home/airflow/.local/lib/python3.12/site-packages/airflow/example_dags/example_sensor_decorator.py took 0.086 seconds
[2025-12-08T08:16:40.991+0000] {processor.py:186} INFO - Started process (PID=6302) to work on /home/airflow/.local/lib/python3.12/site-packages/airflow/example_dags/example_sensor_decorator.py
[2025-12-08T08:16:40.993+0000] {processor.py:914} INFO - Processing file /home/airflow/.local/lib/python3.12/site-packages/airflow/example_dags/example_sensor_decorator.py for tasks to queue
[2025-12-08T08:16:40.998+0000] {logging_mixin.py:190} INFO - [2025-12-08T08:16:40.998+0000] {dagbag.py:587} INFO - Filling up the DagBag from /home/airflow/.local/lib/python3.12/site-packages/airflow/example_dags/example_sensor_decorator.py
[2025-12-08T08:16:41.007+0000] {processor.py:925} INFO - DAG(s) 'example_sensor_decorator' retrieved from /home/airflow/.local/lib/python3.12/site-packages/airflow/example_dags/example_sensor_decorator.py
[2025-12-08T08:16:41.035+0000] {logging_mixin.py:190} INFO - [2025-12-08T08:16:41.035+0000] {dag.py:3211} INFO - Sync 1 DAGs
[2025-12-08T08:16:41.051+0000] {logging_mixin.py:190} INFO - [2025-12-08T08:16:41.050+0000] {dag.py:4138} INFO - Setting next_dagrun for example_sensor_decorator to None, run_after=None
[2025-12-08T08:16:41.077+0000] {processor.py:208} INFO - Processing /home/airflow/.local/lib/python3.12/site-packages/airflow/example_dags/example_sensor_decorator.py took 0.092 seconds
[2025-12-08T08:17:11.386+0000] {processor.py:186} INFO - Started process (PID=6365) to work on /home/airflow/.local/lib/python3.12/site-packages/airflow/example_dags/example_sensor_decorator.py
[2025-12-08T08:17:11.388+0000] {processor.py:914} INFO - Processing file /home/airflow/.local/lib/python3.12/site-packages/airflow/example_dags/example_sensor_decorator.py for tasks to queue
[2025-12-08T08:17:11.393+0000] {logging_mixin.py:190} INFO - [2025-12-08T08:17:11.393+0000] {dagbag.py:587} INFO - Filling up the DagBag from /home/airflow/.local/lib/python3.12/site-packages/airflow/example_dags/example_sensor_decorator.py
[2025-12-08T08:17:11.405+0000] {processor.py:925} INFO - DAG(s) 'example_sensor_decorator' retrieved from /home/airflow/.local/lib/python3.12/site-packages/airflow/example_dags/example_sensor_decorator.py
[2025-12-08T08:17:11.430+0000] {logging_mixin.py:190} INFO - [2025-12-08T08:17:11.429+0000] {dag.py:3211} INFO - Sync 1 DAGs
[2025-12-08T08:17:11.447+0000] {logging_mixin.py:190} INFO - [2025-12-08T08:17:11.447+0000] {dag.py:4138} INFO - Setting next_dagrun for example_sensor_decorator to None, run_after=None
[2025-12-08T08:17:11.476+0000] {processor.py:208} INFO - Processing /home/airflow/.local/lib/python3.12/site-packages/airflow/example_dags/example_sensor_decorator.py took 0.102 seconds
[2025-12-08T08:17:42.085+0000] {processor.py:186} INFO - Started process (PID=6428) to work on /home/airflow/.local/lib/python3.12/site-packages/airflow/example_dags/example_sensor_decorator.py
[2025-12-08T08:17:42.087+0000] {processor.py:914} INFO - Processing file /home/airflow/.local/lib/python3.12/site-packages/airflow/example_dags/example_sensor_decorator.py for tasks to queue
[2025-12-08T08:17:42.092+0000] {logging_mixin.py:190} INFO - [2025-12-08T08:17:42.091+0000] {dagbag.py:587} INFO - Filling up the DagBag from /home/airflow/.local/lib/python3.12/site-packages/airflow/example_dags/example_sensor_decorator.py
[2025-12-08T08:17:42.100+0000] {processor.py:925} INFO - DAG(s) 'example_sensor_decorator' retrieved from /home/airflow/.local/lib/python3.12/site-packages/airflow/example_dags/example_sensor_decorator.py
[2025-12-08T08:17:42.125+0000] {logging_mixin.py:190} INFO - [2025-12-08T08:17:42.125+0000] {dag.py:3211} INFO - Sync 1 DAGs
[2025-12-08T08:17:42.141+0000] {logging_mixin.py:190} INFO - [2025-12-08T08:17:42.141+0000] {dag.py:4138} INFO - Setting next_dagrun for example_sensor_decorator to None, run_after=None
[2025-12-08T08:17:42.166+0000] {processor.py:208} INFO - Processing /home/airflow/.local/lib/python3.12/site-packages/airflow/example_dags/example_sensor_decorator.py took 0.091 seconds
[2025-12-08T08:18:12.558+0000] {processor.py:186} INFO - Started process (PID=6491) to work on /home/airflow/.local/lib/python3.12/site-packages/airflow/example_dags/example_sensor_decorator.py
[2025-12-08T08:18:12.560+0000] {processor.py:914} INFO - Processing file /home/airflow/.local/lib/python3.12/site-packages/airflow/example_dags/example_sensor_decorator.py for tasks to queue
[2025-12-08T08:18:12.563+0000] {logging_mixin.py:190} INFO - [2025-12-08T08:18:12.563+0000] {dagbag.py:587} INFO - Filling up the DagBag from /home/airflow/.local/lib/python3.12/site-packages/airflow/example_dags/example_sensor_decorator.py
[2025-12-08T08:18:12.572+0000] {processor.py:925} INFO - DAG(s) 'example_sensor_decorator' retrieved from /home/airflow/.local/lib/python3.12/site-packages/airflow/example_dags/example_sensor_decorator.py
[2025-12-08T08:18:12.595+0000] {logging_mixin.py:190} INFO - [2025-12-08T08:18:12.595+0000] {dag.py:3211} INFO - Sync 1 DAGs
[2025-12-08T08:18:12.611+0000] {logging_mixin.py:190} INFO - [2025-12-08T08:18:12.611+0000] {dag.py:4138} INFO - Setting next_dagrun for example_sensor_decorator to None, run_after=None
[2025-12-08T08:18:12.635+0000] {processor.py:208} INFO - Processing /home/airflow/.local/lib/python3.12/site-packages/airflow/example_dags/example_sensor_decorator.py took 0.086 seconds
[2025-12-08T08:18:43.196+0000] {processor.py:186} INFO - Started process (PID=6554) to work on /home/airflow/.local/lib/python3.12/site-packages/airflow/example_dags/example_sensor_decorator.py
[2025-12-08T08:18:43.198+0000] {processor.py:914} INFO - Processing file /home/airflow/.local/lib/python3.12/site-packages/airflow/example_dags/example_sensor_decorator.py for tasks to queue
[2025-12-08T08:18:43.202+0000] {logging_mixin.py:190} INFO - [2025-12-08T08:18:43.201+0000] {dagbag.py:587} INFO - Filling up the DagBag from /home/airflow/.local/lib/python3.12/site-packages/airflow/example_dags/example_sensor_decorator.py
[2025-12-08T08:18:43.210+0000] {processor.py:925} INFO - DAG(s) 'example_sensor_decorator' retrieved from /home/airflow/.local/lib/python3.12/site-packages/airflow/example_dags/example_sensor_decorator.py
[2025-12-08T08:18:43.235+0000] {logging_mixin.py:190} INFO - [2025-12-08T08:18:43.235+0000] {dag.py:3211} INFO - Sync 1 DAGs
[2025-12-08T08:18:43.251+0000] {logging_mixin.py:190} INFO - [2025-12-08T08:18:43.251+0000] {dag.py:4138} INFO - Setting next_dagrun for example_sensor_decorator to None, run_after=None
[2025-12-08T08:18:43.273+0000] {processor.py:208} INFO - Processing /home/airflow/.local/lib/python3.12/site-packages/airflow/example_dags/example_sensor_decorator.py took 0.083 seconds
[2025-12-08T08:19:13.435+0000] {processor.py:186} INFO - Started process (PID=6617) to work on /home/airflow/.local/lib/python3.12/site-packages/airflow/example_dags/example_sensor_decorator.py
[2025-12-08T08:19:13.439+0000] {processor.py:914} INFO - Processing file /home/airflow/.local/lib/python3.12/site-packages/airflow/example_dags/example_sensor_decorator.py for tasks to queue
[2025-12-08T08:19:13.450+0000] {logging_mixin.py:190} INFO - [2025-12-08T08:19:13.446+0000] {dagbag.py:587} INFO - Filling up the DagBag from /home/airflow/.local/lib/python3.12/site-packages/airflow/example_dags/example_sensor_decorator.py
[2025-12-08T08:19:13.472+0000] {processor.py:925} INFO - DAG(s) 'example_sensor_decorator' retrieved from /home/airflow/.local/lib/python3.12/site-packages/airflow/example_dags/example_sensor_decorator.py
[2025-12-08T08:19:13.497+0000] {logging_mixin.py:190} INFO - [2025-12-08T08:19:13.496+0000] {dag.py:3211} INFO - Sync 1 DAGs
[2025-12-08T08:19:13.516+0000] {logging_mixin.py:190} INFO - [2025-12-08T08:19:13.515+0000] {dag.py:4138} INFO - Setting next_dagrun for example_sensor_decorator to None, run_after=None
[2025-12-08T08:19:13.538+0000] {processor.py:208} INFO - Processing /home/airflow/.local/lib/python3.12/site-packages/airflow/example_dags/example_sensor_decorator.py took 0.119 seconds
[2025-12-08T08:19:44.401+0000] {processor.py:186} INFO - Started process (PID=6680) to work on /home/airflow/.local/lib/python3.12/site-packages/airflow/example_dags/example_sensor_decorator.py
[2025-12-08T08:19:44.404+0000] {processor.py:914} INFO - Processing file /home/airflow/.local/lib/python3.12/site-packages/airflow/example_dags/example_sensor_decorator.py for tasks to queue
[2025-12-08T08:19:44.410+0000] {logging_mixin.py:190} INFO - [2025-12-08T08:19:44.409+0000] {dagbag.py:587} INFO - Filling up the DagBag from /home/airflow/.local/lib/python3.12/site-packages/airflow/example_dags/example_sensor_decorator.py
[2025-12-08T08:19:44.430+0000] {processor.py:925} INFO - DAG(s) 'example_sensor_decorator' retrieved from /home/airflow/.local/lib/python3.12/site-packages/airflow/example_dags/example_sensor_decorator.py
[2025-12-08T08:19:44.476+0000] {logging_mixin.py:190} INFO - [2025-12-08T08:19:44.475+0000] {dag.py:3211} INFO - Sync 1 DAGs
[2025-12-08T08:19:44.509+0000] {logging_mixin.py:190} INFO - [2025-12-08T08:19:44.508+0000] {dag.py:4138} INFO - Setting next_dagrun for example_sensor_decorator to None, run_after=None
[2025-12-08T08:19:44.560+0000] {processor.py:208} INFO - Processing /home/airflow/.local/lib/python3.12/site-packages/airflow/example_dags/example_sensor_decorator.py took 0.171 seconds
[2025-12-08T08:20:15.017+0000] {processor.py:186} INFO - Started process (PID=6743) to work on /home/airflow/.local/lib/python3.12/site-packages/airflow/example_dags/example_sensor_decorator.py
[2025-12-08T08:20:15.019+0000] {processor.py:914} INFO - Processing file /home/airflow/.local/lib/python3.12/site-packages/airflow/example_dags/example_sensor_decorator.py for tasks to queue
[2025-12-08T08:20:15.030+0000] {logging_mixin.py:190} INFO - [2025-12-08T08:20:15.029+0000] {dagbag.py:587} INFO - Filling up the DagBag from /home/airflow/.local/lib/python3.12/site-packages/airflow/example_dags/example_sensor_decorator.py
[2025-12-08T08:20:15.055+0000] {processor.py:925} INFO - DAG(s) 'example_sensor_decorator' retrieved from /home/airflow/.local/lib/python3.12/site-packages/airflow/example_dags/example_sensor_decorator.py
[2025-12-08T08:20:15.108+0000] {logging_mixin.py:190} INFO - [2025-12-08T08:20:15.107+0000] {dag.py:3211} INFO - Sync 1 DAGs
[2025-12-08T08:20:15.149+0000] {logging_mixin.py:190} INFO - [2025-12-08T08:20:15.148+0000] {dag.py:4138} INFO - Setting next_dagrun for example_sensor_decorator to None, run_after=None
[2025-12-08T08:20:15.191+0000] {processor.py:208} INFO - Processing /home/airflow/.local/lib/python3.12/site-packages/airflow/example_dags/example_sensor_decorator.py took 0.199 seconds
[2025-12-08T08:20:46.153+0000] {processor.py:186} INFO - Started process (PID=6808) to work on /home/airflow/.local/lib/python3.12/site-packages/airflow/example_dags/example_sensor_decorator.py
[2025-12-08T08:20:46.155+0000] {processor.py:914} INFO - Processing file /home/airflow/.local/lib/python3.12/site-packages/airflow/example_dags/example_sensor_decorator.py for tasks to queue
[2025-12-08T08:20:46.161+0000] {logging_mixin.py:190} INFO - [2025-12-08T08:20:46.161+0000] {dagbag.py:587} INFO - Filling up the DagBag from /home/airflow/.local/lib/python3.12/site-packages/airflow/example_dags/example_sensor_decorator.py
[2025-12-08T08:20:46.184+0000] {processor.py:925} INFO - DAG(s) 'example_sensor_decorator' retrieved from /home/airflow/.local/lib/python3.12/site-packages/airflow/example_dags/example_sensor_decorator.py
[2025-12-08T08:20:46.237+0000] {logging_mixin.py:190} INFO - [2025-12-08T08:20:46.237+0000] {dag.py:3211} INFO - Sync 1 DAGs
[2025-12-08T08:20:46.272+0000] {logging_mixin.py:190} INFO - [2025-12-08T08:20:46.271+0000] {dag.py:4138} INFO - Setting next_dagrun for example_sensor_decorator to None, run_after=None
[2025-12-08T08:20:46.322+0000] {processor.py:208} INFO - Processing /home/airflow/.local/lib/python3.12/site-packages/airflow/example_dags/example_sensor_decorator.py took 0.188 seconds
[2025-12-08T08:21:16.490+0000] {processor.py:186} INFO - Started process (PID=6871) to work on /home/airflow/.local/lib/python3.12/site-packages/airflow/example_dags/example_sensor_decorator.py
[2025-12-08T08:21:16.492+0000] {processor.py:914} INFO - Processing file /home/airflow/.local/lib/python3.12/site-packages/airflow/example_dags/example_sensor_decorator.py for tasks to queue
[2025-12-08T08:21:16.496+0000] {logging_mixin.py:190} INFO - [2025-12-08T08:21:16.496+0000] {dagbag.py:587} INFO - Filling up the DagBag from /home/airflow/.local/lib/python3.12/site-packages/airflow/example_dags/example_sensor_decorator.py
[2025-12-08T08:21:16.508+0000] {processor.py:925} INFO - DAG(s) 'example_sensor_decorator' retrieved from /home/airflow/.local/lib/python3.12/site-packages/airflow/example_dags/example_sensor_decorator.py
[2025-12-08T08:21:16.534+0000] {logging_mixin.py:190} INFO - [2025-12-08T08:21:16.533+0000] {dag.py:3211} INFO - Sync 1 DAGs
[2025-12-08T08:21:16.550+0000] {logging_mixin.py:190} INFO - [2025-12-08T08:21:16.549+0000] {dag.py:4138} INFO - Setting next_dagrun for example_sensor_decorator to None, run_after=None
[2025-12-08T08:21:16.574+0000] {processor.py:208} INFO - Processing /home/airflow/.local/lib/python3.12/site-packages/airflow/example_dags/example_sensor_decorator.py took 0.092 seconds
[2025-12-08T08:21:47.433+0000] {processor.py:186} INFO - Started process (PID=6935) to work on /home/airflow/.local/lib/python3.12/site-packages/airflow/example_dags/example_sensor_decorator.py
[2025-12-08T08:21:47.435+0000] {processor.py:914} INFO - Processing file /home/airflow/.local/lib/python3.12/site-packages/airflow/example_dags/example_sensor_decorator.py for tasks to queue
[2025-12-08T08:21:47.439+0000] {logging_mixin.py:190} INFO - [2025-12-08T08:21:47.438+0000] {dagbag.py:587} INFO - Filling up the DagBag from /home/airflow/.local/lib/python3.12/site-packages/airflow/example_dags/example_sensor_decorator.py
[2025-12-08T08:21:47.448+0000] {processor.py:925} INFO - DAG(s) 'example_sensor_decorator' retrieved from /home/airflow/.local/lib/python3.12/site-packages/airflow/example_dags/example_sensor_decorator.py
[2025-12-08T08:21:47.474+0000] {logging_mixin.py:190} INFO - [2025-12-08T08:21:47.474+0000] {dag.py:3211} INFO - Sync 1 DAGs
[2025-12-08T08:21:47.491+0000] {logging_mixin.py:190} INFO - [2025-12-08T08:21:47.491+0000] {dag.py:4138} INFO - Setting next_dagrun for example_sensor_decorator to None, run_after=None
[2025-12-08T08:21:47.519+0000] {processor.py:208} INFO - Processing /home/airflow/.local/lib/python3.12/site-packages/airflow/example_dags/example_sensor_decorator.py took 0.094 seconds
[2025-12-08T08:22:17.738+0000] {processor.py:186} INFO - Started process (PID=6998) to work on /home/airflow/.local/lib/python3.12/site-packages/airflow/example_dags/example_sensor_decorator.py
[2025-12-08T08:22:17.739+0000] {processor.py:914} INFO - Processing file /home/airflow/.local/lib/python3.12/site-packages/airflow/example_dags/example_sensor_decorator.py for tasks to queue
[2025-12-08T08:22:17.742+0000] {logging_mixin.py:190} INFO - [2025-12-08T08:22:17.742+0000] {dagbag.py:587} INFO - Filling up the DagBag from /home/airflow/.local/lib/python3.12/site-packages/airflow/example_dags/example_sensor_decorator.py
[2025-12-08T08:22:17.752+0000] {processor.py:925} INFO - DAG(s) 'example_sensor_decorator' retrieved from /home/airflow/.local/lib/python3.12/site-packages/airflow/example_dags/example_sensor_decorator.py
[2025-12-08T08:22:17.775+0000] {logging_mixin.py:190} INFO - [2025-12-08T08:22:17.775+0000] {dag.py:3211} INFO - Sync 1 DAGs
[2025-12-08T08:22:17.789+0000] {logging_mixin.py:190} INFO - [2025-12-08T08:22:17.789+0000] {dag.py:4138} INFO - Setting next_dagrun for example_sensor_decorator to None, run_after=None
[2025-12-08T08:22:17.809+0000] {processor.py:208} INFO - Processing /home/airflow/.local/lib/python3.12/site-packages/airflow/example_dags/example_sensor_decorator.py took 0.077 seconds
[2025-12-08T08:22:48.094+0000] {processor.py:186} INFO - Started process (PID=7061) to work on /home/airflow/.local/lib/python3.12/site-packages/airflow/example_dags/example_sensor_decorator.py
[2025-12-08T08:22:48.096+0000] {processor.py:914} INFO - Processing file /home/airflow/.local/lib/python3.12/site-packages/airflow/example_dags/example_sensor_decorator.py for tasks to queue
[2025-12-08T08:22:48.100+0000] {logging_mixin.py:190} INFO - [2025-12-08T08:22:48.099+0000] {dagbag.py:587} INFO - Filling up the DagBag from /home/airflow/.local/lib/python3.12/site-packages/airflow/example_dags/example_sensor_decorator.py
[2025-12-08T08:22:48.108+0000] {processor.py:925} INFO - DAG(s) 'example_sensor_decorator' retrieved from /home/airflow/.local/lib/python3.12/site-packages/airflow/example_dags/example_sensor_decorator.py
[2025-12-08T08:22:48.133+0000] {logging_mixin.py:190} INFO - [2025-12-08T08:22:48.133+0000] {dag.py:3211} INFO - Sync 1 DAGs
[2025-12-08T08:22:48.148+0000] {logging_mixin.py:190} INFO - [2025-12-08T08:22:48.148+0000] {dag.py:4138} INFO - Setting next_dagrun for example_sensor_decorator to None, run_after=None
[2025-12-08T08:22:48.173+0000] {processor.py:208} INFO - Processing /home/airflow/.local/lib/python3.12/site-packages/airflow/example_dags/example_sensor_decorator.py took 0.085 seconds
[2025-12-08T08:23:18.327+0000] {processor.py:186} INFO - Started process (PID=7124) to work on /home/airflow/.local/lib/python3.12/site-packages/airflow/example_dags/example_sensor_decorator.py
[2025-12-08T08:23:18.328+0000] {processor.py:914} INFO - Processing file /home/airflow/.local/lib/python3.12/site-packages/airflow/example_dags/example_sensor_decorator.py for tasks to queue
[2025-12-08T08:23:18.331+0000] {logging_mixin.py:190} INFO - [2025-12-08T08:23:18.331+0000] {dagbag.py:587} INFO - Filling up the DagBag from /home/airflow/.local/lib/python3.12/site-packages/airflow/example_dags/example_sensor_decorator.py
[2025-12-08T08:23:18.340+0000] {processor.py:925} INFO - DAG(s) 'example_sensor_decorator' retrieved from /home/airflow/.local/lib/python3.12/site-packages/airflow/example_dags/example_sensor_decorator.py
[2025-12-08T08:23:18.365+0000] {logging_mixin.py:190} INFO - [2025-12-08T08:23:18.365+0000] {dag.py:3211} INFO - Sync 1 DAGs
[2025-12-08T08:23:18.380+0000] {logging_mixin.py:190} INFO - [2025-12-08T08:23:18.380+0000] {dag.py:4138} INFO - Setting next_dagrun for example_sensor_decorator to None, run_after=None
[2025-12-08T08:23:18.404+0000] {processor.py:208} INFO - Processing /home/airflow/.local/lib/python3.12/site-packages/airflow/example_dags/example_sensor_decorator.py took 0.083 seconds
[2025-12-08T08:23:49.157+0000] {processor.py:186} INFO - Started process (PID=7187) to work on /home/airflow/.local/lib/python3.12/site-packages/airflow/example_dags/example_sensor_decorator.py
[2025-12-08T08:23:49.159+0000] {processor.py:914} INFO - Processing file /home/airflow/.local/lib/python3.12/site-packages/airflow/example_dags/example_sensor_decorator.py for tasks to queue
[2025-12-08T08:23:49.162+0000] {logging_mixin.py:190} INFO - [2025-12-08T08:23:49.161+0000] {dagbag.py:587} INFO - Filling up the DagBag from /home/airflow/.local/lib/python3.12/site-packages/airflow/example_dags/example_sensor_decorator.py
[2025-12-08T08:23:49.171+0000] {processor.py:925} INFO - DAG(s) 'example_sensor_decorator' retrieved from /home/airflow/.local/lib/python3.12/site-packages/airflow/example_dags/example_sensor_decorator.py
[2025-12-08T08:23:49.193+0000] {logging_mixin.py:190} INFO - [2025-12-08T08:23:49.193+0000] {dag.py:3211} INFO - Sync 1 DAGs
[2025-12-08T08:23:49.210+0000] {logging_mixin.py:190} INFO - [2025-12-08T08:23:49.209+0000] {dag.py:4138} INFO - Setting next_dagrun for example_sensor_decorator to None, run_after=None
[2025-12-08T08:23:49.243+0000] {processor.py:208} INFO - Processing /home/airflow/.local/lib/python3.12/site-packages/airflow/example_dags/example_sensor_decorator.py took 0.091 seconds
[2025-12-08T08:24:19.884+0000] {processor.py:186} INFO - Started process (PID=7250) to work on /home/airflow/.local/lib/python3.12/site-packages/airflow/example_dags/example_sensor_decorator.py
[2025-12-08T08:24:19.885+0000] {processor.py:914} INFO - Processing file /home/airflow/.local/lib/python3.12/site-packages/airflow/example_dags/example_sensor_decorator.py for tasks to queue
[2025-12-08T08:24:19.889+0000] {logging_mixin.py:190} INFO - [2025-12-08T08:24:19.889+0000] {dagbag.py:587} INFO - Filling up the DagBag from /home/airflow/.local/lib/python3.12/site-packages/airflow/example_dags/example_sensor_decorator.py
[2025-12-08T08:24:19.899+0000] {processor.py:925} INFO - DAG(s) 'example_sensor_decorator' retrieved from /home/airflow/.local/lib/python3.12/site-packages/airflow/example_dags/example_sensor_decorator.py
[2025-12-08T08:24:19.920+0000] {logging_mixin.py:190} INFO - [2025-12-08T08:24:19.920+0000] {dag.py:3211} INFO - Sync 1 DAGs
[2025-12-08T08:24:19.934+0000] {logging_mixin.py:190} INFO - [2025-12-08T08:24:19.934+0000] {dag.py:4138} INFO - Setting next_dagrun for example_sensor_decorator to None, run_after=None
[2025-12-08T08:24:19.957+0000] {processor.py:208} INFO - Processing /home/airflow/.local/lib/python3.12/site-packages/airflow/example_dags/example_sensor_decorator.py took 0.079 seconds
[2025-12-08T08:24:50.534+0000] {processor.py:186} INFO - Started process (PID=7313) to work on /home/airflow/.local/lib/python3.12/site-packages/airflow/example_dags/example_sensor_decorator.py
[2025-12-08T08:24:50.536+0000] {processor.py:914} INFO - Processing file /home/airflow/.local/lib/python3.12/site-packages/airflow/example_dags/example_sensor_decorator.py for tasks to queue
[2025-12-08T08:24:50.540+0000] {logging_mixin.py:190} INFO - [2025-12-08T08:24:50.540+0000] {dagbag.py:587} INFO - Filling up the DagBag from /home/airflow/.local/lib/python3.12/site-packages/airflow/example_dags/example_sensor_decorator.py
[2025-12-08T08:24:50.549+0000] {processor.py:925} INFO - DAG(s) 'example_sensor_decorator' retrieved from /home/airflow/.local/lib/python3.12/site-packages/airflow/example_dags/example_sensor_decorator.py
[2025-12-08T08:24:50.571+0000] {logging_mixin.py:190} INFO - [2025-12-08T08:24:50.571+0000] {dag.py:3211} INFO - Sync 1 DAGs
[2025-12-08T08:24:50.585+0000] {logging_mixin.py:190} INFO - [2025-12-08T08:24:50.584+0000] {dag.py:4138} INFO - Setting next_dagrun for example_sensor_decorator to None, run_after=None
[2025-12-08T08:24:50.604+0000] {processor.py:208} INFO - Processing /home/airflow/.local/lib/python3.12/site-packages/airflow/example_dags/example_sensor_decorator.py took 0.076 seconds
[2025-12-08T08:25:21.474+0000] {processor.py:186} INFO - Started process (PID=7376) to work on /home/airflow/.local/lib/python3.12/site-packages/airflow/example_dags/example_sensor_decorator.py
[2025-12-08T08:25:21.475+0000] {processor.py:914} INFO - Processing file /home/airflow/.local/lib/python3.12/site-packages/airflow/example_dags/example_sensor_decorator.py for tasks to queue
[2025-12-08T08:25:21.478+0000] {logging_mixin.py:190} INFO - [2025-12-08T08:25:21.478+0000] {dagbag.py:587} INFO - Filling up the DagBag from /home/airflow/.local/lib/python3.12/site-packages/airflow/example_dags/example_sensor_decorator.py
[2025-12-08T08:25:21.485+0000] {processor.py:925} INFO - DAG(s) 'example_sensor_decorator' retrieved from /home/airflow/.local/lib/python3.12/site-packages/airflow/example_dags/example_sensor_decorator.py
[2025-12-08T08:25:21.504+0000] {logging_mixin.py:190} INFO - [2025-12-08T08:25:21.504+0000] {dag.py:3211} INFO - Sync 1 DAGs
[2025-12-08T08:25:21.515+0000] {logging_mixin.py:190} INFO - [2025-12-08T08:25:21.515+0000] {dag.py:4138} INFO - Setting next_dagrun for example_sensor_decorator to None, run_after=None
[2025-12-08T08:25:21.531+0000] {processor.py:208} INFO - Processing /home/airflow/.local/lib/python3.12/site-packages/airflow/example_dags/example_sensor_decorator.py took 0.063 seconds
[2025-12-08T08:25:52.478+0000] {processor.py:186} INFO - Started process (PID=7439) to work on /home/airflow/.local/lib/python3.12/site-packages/airflow/example_dags/example_sensor_decorator.py
[2025-12-08T08:25:52.480+0000] {processor.py:914} INFO - Processing file /home/airflow/.local/lib/python3.12/site-packages/airflow/example_dags/example_sensor_decorator.py for tasks to queue
[2025-12-08T08:25:52.484+0000] {logging_mixin.py:190} INFO - [2025-12-08T08:25:52.483+0000] {dagbag.py:587} INFO - Filling up the DagBag from /home/airflow/.local/lib/python3.12/site-packages/airflow/example_dags/example_sensor_decorator.py
[2025-12-08T08:25:52.493+0000] {processor.py:925} INFO - DAG(s) 'example_sensor_decorator' retrieved from /home/airflow/.local/lib/python3.12/site-packages/airflow/example_dags/example_sensor_decorator.py
[2025-12-08T08:25:52.516+0000] {logging_mixin.py:190} INFO - [2025-12-08T08:25:52.516+0000] {dag.py:3211} INFO - Sync 1 DAGs
[2025-12-08T08:25:52.533+0000] {logging_mixin.py:190} INFO - [2025-12-08T08:25:52.533+0000] {dag.py:4138} INFO - Setting next_dagrun for example_sensor_decorator to None, run_after=None
[2025-12-08T08:25:52.558+0000] {processor.py:208} INFO - Processing /home/airflow/.local/lib/python3.12/site-packages/airflow/example_dags/example_sensor_decorator.py took 0.087 seconds
[2025-12-08T08:26:22.817+0000] {processor.py:186} INFO - Started process (PID=7502) to work on /home/airflow/.local/lib/python3.12/site-packages/airflow/example_dags/example_sensor_decorator.py
[2025-12-08T08:26:22.819+0000] {processor.py:914} INFO - Processing file /home/airflow/.local/lib/python3.12/site-packages/airflow/example_dags/example_sensor_decorator.py for tasks to queue
[2025-12-08T08:26:22.822+0000] {logging_mixin.py:190} INFO - [2025-12-08T08:26:22.821+0000] {dagbag.py:587} INFO - Filling up the DagBag from /home/airflow/.local/lib/python3.12/site-packages/airflow/example_dags/example_sensor_decorator.py
[2025-12-08T08:26:22.832+0000] {processor.py:925} INFO - DAG(s) 'example_sensor_decorator' retrieved from /home/airflow/.local/lib/python3.12/site-packages/airflow/example_dags/example_sensor_decorator.py
[2025-12-08T08:26:22.858+0000] {logging_mixin.py:190} INFO - [2025-12-08T08:26:22.858+0000] {dag.py:3211} INFO - Sync 1 DAGs
[2025-12-08T08:26:22.875+0000] {logging_mixin.py:190} INFO - [2025-12-08T08:26:22.874+0000] {dag.py:4138} INFO - Setting next_dagrun for example_sensor_decorator to None, run_after=None
[2025-12-08T08:26:22.901+0000] {processor.py:208} INFO - Processing /home/airflow/.local/lib/python3.12/site-packages/airflow/example_dags/example_sensor_decorator.py took 0.091 seconds
[2025-12-08T08:26:53.210+0000] {processor.py:186} INFO - Started process (PID=7566) to work on /home/airflow/.local/lib/python3.12/site-packages/airflow/example_dags/example_sensor_decorator.py
[2025-12-08T08:26:53.213+0000] {processor.py:914} INFO - Processing file /home/airflow/.local/lib/python3.12/site-packages/airflow/example_dags/example_sensor_decorator.py for tasks to queue
[2025-12-08T08:26:53.218+0000] {logging_mixin.py:190} INFO - [2025-12-08T08:26:53.217+0000] {dagbag.py:587} INFO - Filling up the DagBag from /home/airflow/.local/lib/python3.12/site-packages/airflow/example_dags/example_sensor_decorator.py
[2025-12-08T08:26:53.236+0000] {processor.py:925} INFO - DAG(s) 'example_sensor_decorator' retrieved from /home/airflow/.local/lib/python3.12/site-packages/airflow/example_dags/example_sensor_decorator.py
[2025-12-08T08:26:53.274+0000] {logging_mixin.py:190} INFO - [2025-12-08T08:26:53.274+0000] {dag.py:3211} INFO - Sync 1 DAGs
[2025-12-08T08:26:53.299+0000] {logging_mixin.py:190} INFO - [2025-12-08T08:26:53.299+0000] {dag.py:4138} INFO - Setting next_dagrun for example_sensor_decorator to None, run_after=None
[2025-12-08T08:26:53.343+0000] {processor.py:208} INFO - Processing /home/airflow/.local/lib/python3.12/site-packages/airflow/example_dags/example_sensor_decorator.py took 0.145 seconds
[2025-12-08T08:27:23.496+0000] {processor.py:186} INFO - Started process (PID=7629) to work on /home/airflow/.local/lib/python3.12/site-packages/airflow/example_dags/example_sensor_decorator.py
[2025-12-08T08:27:23.497+0000] {processor.py:914} INFO - Processing file /home/airflow/.local/lib/python3.12/site-packages/airflow/example_dags/example_sensor_decorator.py for tasks to queue
[2025-12-08T08:27:23.502+0000] {logging_mixin.py:190} INFO - [2025-12-08T08:27:23.501+0000] {dagbag.py:587} INFO - Filling up the DagBag from /home/airflow/.local/lib/python3.12/site-packages/airflow/example_dags/example_sensor_decorator.py
[2025-12-08T08:27:23.522+0000] {processor.py:925} INFO - DAG(s) 'example_sensor_decorator' retrieved from /home/airflow/.local/lib/python3.12/site-packages/airflow/example_dags/example_sensor_decorator.py
[2025-12-08T08:27:23.562+0000] {logging_mixin.py:190} INFO - [2025-12-08T08:27:23.561+0000] {dag.py:3211} INFO - Sync 1 DAGs
[2025-12-08T08:27:23.605+0000] {logging_mixin.py:190} INFO - [2025-12-08T08:27:23.605+0000] {dag.py:4138} INFO - Setting next_dagrun for example_sensor_decorator to None, run_after=None
[2025-12-08T08:27:23.651+0000] {processor.py:208} INFO - Processing /home/airflow/.local/lib/python3.12/site-packages/airflow/example_dags/example_sensor_decorator.py took 0.165 seconds
[2025-12-08T08:27:53.862+0000] {processor.py:186} INFO - Started process (PID=7692) to work on /home/airflow/.local/lib/python3.12/site-packages/airflow/example_dags/example_sensor_decorator.py
[2025-12-08T08:27:53.864+0000] {processor.py:914} INFO - Processing file /home/airflow/.local/lib/python3.12/site-packages/airflow/example_dags/example_sensor_decorator.py for tasks to queue
[2025-12-08T08:27:53.869+0000] {logging_mixin.py:190} INFO - [2025-12-08T08:27:53.868+0000] {dagbag.py:587} INFO - Filling up the DagBag from /home/airflow/.local/lib/python3.12/site-packages/airflow/example_dags/example_sensor_decorator.py
[2025-12-08T08:27:53.878+0000] {processor.py:925} INFO - DAG(s) 'example_sensor_decorator' retrieved from /home/airflow/.local/lib/python3.12/site-packages/airflow/example_dags/example_sensor_decorator.py
[2025-12-08T08:27:53.905+0000] {logging_mixin.py:190} INFO - [2025-12-08T08:27:53.904+0000] {dag.py:3211} INFO - Sync 1 DAGs
[2025-12-08T08:27:53.919+0000] {logging_mixin.py:190} INFO - [2025-12-08T08:27:53.919+0000] {dag.py:4138} INFO - Setting next_dagrun for example_sensor_decorator to None, run_after=None
[2025-12-08T08:27:53.941+0000] {processor.py:208} INFO - Processing /home/airflow/.local/lib/python3.12/site-packages/airflow/example_dags/example_sensor_decorator.py took 0.088 seconds
[2025-12-08T08:28:24.024+0000] {processor.py:186} INFO - Started process (PID=7755) to work on /home/airflow/.local/lib/python3.12/site-packages/airflow/example_dags/example_sensor_decorator.py
[2025-12-08T08:28:24.026+0000] {processor.py:914} INFO - Processing file /home/airflow/.local/lib/python3.12/site-packages/airflow/example_dags/example_sensor_decorator.py for tasks to queue
[2025-12-08T08:28:24.030+0000] {logging_mixin.py:190} INFO - [2025-12-08T08:28:24.029+0000] {dagbag.py:587} INFO - Filling up the DagBag from /home/airflow/.local/lib/python3.12/site-packages/airflow/example_dags/example_sensor_decorator.py
[2025-12-08T08:28:24.039+0000] {processor.py:925} INFO - DAG(s) 'example_sensor_decorator' retrieved from /home/airflow/.local/lib/python3.12/site-packages/airflow/example_dags/example_sensor_decorator.py
[2025-12-08T08:28:24.068+0000] {logging_mixin.py:190} INFO - [2025-12-08T08:28:24.067+0000] {dag.py:3211} INFO - Sync 1 DAGs
[2025-12-08T08:28:24.083+0000] {logging_mixin.py:190} INFO - [2025-12-08T08:28:24.083+0000] {dag.py:4138} INFO - Setting next_dagrun for example_sensor_decorator to None, run_after=None
[2025-12-08T08:28:24.107+0000] {processor.py:208} INFO - Processing /home/airflow/.local/lib/python3.12/site-packages/airflow/example_dags/example_sensor_decorator.py took 0.089 seconds
[2025-12-08T08:28:54.622+0000] {processor.py:186} INFO - Started process (PID=7818) to work on /home/airflow/.local/lib/python3.12/site-packages/airflow/example_dags/example_sensor_decorator.py
[2025-12-08T08:28:54.624+0000] {processor.py:914} INFO - Processing file /home/airflow/.local/lib/python3.12/site-packages/airflow/example_dags/example_sensor_decorator.py for tasks to queue
[2025-12-08T08:28:54.628+0000] {logging_mixin.py:190} INFO - [2025-12-08T08:28:54.628+0000] {dagbag.py:587} INFO - Filling up the DagBag from /home/airflow/.local/lib/python3.12/site-packages/airflow/example_dags/example_sensor_decorator.py
[2025-12-08T08:28:54.637+0000] {processor.py:925} INFO - DAG(s) 'example_sensor_decorator' retrieved from /home/airflow/.local/lib/python3.12/site-packages/airflow/example_dags/example_sensor_decorator.py
[2025-12-08T08:28:54.661+0000] {logging_mixin.py:190} INFO - [2025-12-08T08:28:54.661+0000] {dag.py:3211} INFO - Sync 1 DAGs
[2025-12-08T08:28:54.677+0000] {logging_mixin.py:190} INFO - [2025-12-08T08:28:54.677+0000] {dag.py:4138} INFO - Setting next_dagrun for example_sensor_decorator to None, run_after=None
[2025-12-08T08:28:54.700+0000] {processor.py:208} INFO - Processing /home/airflow/.local/lib/python3.12/site-packages/airflow/example_dags/example_sensor_decorator.py took 0.083 seconds
[2025-12-08T08:29:24.825+0000] {processor.py:186} INFO - Started process (PID=7881) to work on /home/airflow/.local/lib/python3.12/site-packages/airflow/example_dags/example_sensor_decorator.py
[2025-12-08T08:29:24.827+0000] {processor.py:914} INFO - Processing file /home/airflow/.local/lib/python3.12/site-packages/airflow/example_dags/example_sensor_decorator.py for tasks to queue
[2025-12-08T08:29:24.830+0000] {logging_mixin.py:190} INFO - [2025-12-08T08:29:24.829+0000] {dagbag.py:587} INFO - Filling up the DagBag from /home/airflow/.local/lib/python3.12/site-packages/airflow/example_dags/example_sensor_decorator.py
[2025-12-08T08:29:24.839+0000] {processor.py:925} INFO - DAG(s) 'example_sensor_decorator' retrieved from /home/airflow/.local/lib/python3.12/site-packages/airflow/example_dags/example_sensor_decorator.py
[2025-12-08T08:29:24.862+0000] {logging_mixin.py:190} INFO - [2025-12-08T08:29:24.862+0000] {dag.py:3211} INFO - Sync 1 DAGs
[2025-12-08T08:29:24.878+0000] {logging_mixin.py:190} INFO - [2025-12-08T08:29:24.877+0000] {dag.py:4138} INFO - Setting next_dagrun for example_sensor_decorator to None, run_after=None
[2025-12-08T08:29:24.899+0000] {processor.py:208} INFO - Processing /home/airflow/.local/lib/python3.12/site-packages/airflow/example_dags/example_sensor_decorator.py took 0.080 seconds
[2025-12-08T08:29:55.437+0000] {processor.py:186} INFO - Started process (PID=7944) to work on /home/airflow/.local/lib/python3.12/site-packages/airflow/example_dags/example_sensor_decorator.py
[2025-12-08T08:29:55.438+0000] {processor.py:914} INFO - Processing file /home/airflow/.local/lib/python3.12/site-packages/airflow/example_dags/example_sensor_decorator.py for tasks to queue
[2025-12-08T08:29:55.441+0000] {logging_mixin.py:190} INFO - [2025-12-08T08:29:55.441+0000] {dagbag.py:587} INFO - Filling up the DagBag from /home/airflow/.local/lib/python3.12/site-packages/airflow/example_dags/example_sensor_decorator.py
[2025-12-08T08:29:55.449+0000] {processor.py:925} INFO - DAG(s) 'example_sensor_decorator' retrieved from /home/airflow/.local/lib/python3.12/site-packages/airflow/example_dags/example_sensor_decorator.py
[2025-12-08T08:29:55.472+0000] {logging_mixin.py:190} INFO - [2025-12-08T08:29:55.471+0000] {dag.py:3211} INFO - Sync 1 DAGs
[2025-12-08T08:29:55.485+0000] {logging_mixin.py:190} INFO - [2025-12-08T08:29:55.485+0000] {dag.py:4138} INFO - Setting next_dagrun for example_sensor_decorator to None, run_after=None
[2025-12-08T08:29:55.506+0000] {processor.py:208} INFO - Processing /home/airflow/.local/lib/python3.12/site-packages/airflow/example_dags/example_sensor_decorator.py took 0.075 seconds
[2025-12-08T08:30:26.226+0000] {processor.py:186} INFO - Started process (PID=8007) to work on /home/airflow/.local/lib/python3.12/site-packages/airflow/example_dags/example_sensor_decorator.py
[2025-12-08T08:30:26.228+0000] {processor.py:914} INFO - Processing file /home/airflow/.local/lib/python3.12/site-packages/airflow/example_dags/example_sensor_decorator.py for tasks to queue
[2025-12-08T08:30:26.233+0000] {logging_mixin.py:190} INFO - [2025-12-08T08:30:26.232+0000] {dagbag.py:587} INFO - Filling up the DagBag from /home/airflow/.local/lib/python3.12/site-packages/airflow/example_dags/example_sensor_decorator.py
[2025-12-08T08:30:26.245+0000] {processor.py:925} INFO - DAG(s) 'example_sensor_decorator' retrieved from /home/airflow/.local/lib/python3.12/site-packages/airflow/example_dags/example_sensor_decorator.py
[2025-12-08T08:30:26.273+0000] {logging_mixin.py:190} INFO - [2025-12-08T08:30:26.273+0000] {dag.py:3211} INFO - Sync 1 DAGs
[2025-12-08T08:30:26.289+0000] {logging_mixin.py:190} INFO - [2025-12-08T08:30:26.289+0000] {dag.py:4138} INFO - Setting next_dagrun for example_sensor_decorator to None, run_after=None
[2025-12-08T08:30:26.315+0000] {processor.py:208} INFO - Processing /home/airflow/.local/lib/python3.12/site-packages/airflow/example_dags/example_sensor_decorator.py took 0.096 seconds
[2025-12-08T08:30:56.666+0000] {processor.py:186} INFO - Started process (PID=8070) to work on /home/airflow/.local/lib/python3.12/site-packages/airflow/example_dags/example_sensor_decorator.py
[2025-12-08T08:30:56.669+0000] {processor.py:914} INFO - Processing file /home/airflow/.local/lib/python3.12/site-packages/airflow/example_dags/example_sensor_decorator.py for tasks to queue
[2025-12-08T08:30:56.676+0000] {logging_mixin.py:190} INFO - [2025-12-08T08:30:56.675+0000] {dagbag.py:587} INFO - Filling up the DagBag from /home/airflow/.local/lib/python3.12/site-packages/airflow/example_dags/example_sensor_decorator.py
[2025-12-08T08:30:56.695+0000] {processor.py:925} INFO - DAG(s) 'example_sensor_decorator' retrieved from /home/airflow/.local/lib/python3.12/site-packages/airflow/example_dags/example_sensor_decorator.py
[2025-12-08T08:30:56.742+0000] {logging_mixin.py:190} INFO - [2025-12-08T08:30:56.741+0000] {dag.py:3211} INFO - Sync 1 DAGs
[2025-12-08T08:30:56.773+0000] {logging_mixin.py:190} INFO - [2025-12-08T08:30:56.773+0000] {dag.py:4138} INFO - Setting next_dagrun for example_sensor_decorator to None, run_after=None
[2025-12-08T08:30:56.813+0000] {processor.py:208} INFO - Processing /home/airflow/.local/lib/python3.12/site-packages/airflow/example_dags/example_sensor_decorator.py took 0.161 seconds
[2025-12-08T08:31:27.099+0000] {processor.py:186} INFO - Started process (PID=8133) to work on /home/airflow/.local/lib/python3.12/site-packages/airflow/example_dags/example_sensor_decorator.py
[2025-12-08T08:31:27.102+0000] {processor.py:914} INFO - Processing file /home/airflow/.local/lib/python3.12/site-packages/airflow/example_dags/example_sensor_decorator.py for tasks to queue
[2025-12-08T08:31:27.108+0000] {logging_mixin.py:190} INFO - [2025-12-08T08:31:27.108+0000] {dagbag.py:587} INFO - Filling up the DagBag from /home/airflow/.local/lib/python3.12/site-packages/airflow/example_dags/example_sensor_decorator.py
[2025-12-08T08:31:27.127+0000] {processor.py:925} INFO - DAG(s) 'example_sensor_decorator' retrieved from /home/airflow/.local/lib/python3.12/site-packages/airflow/example_dags/example_sensor_decorator.py
[2025-12-08T08:31:27.175+0000] {logging_mixin.py:190} INFO - [2025-12-08T08:31:27.174+0000] {dag.py:3211} INFO - Sync 1 DAGs
[2025-12-08T08:31:27.214+0000] {logging_mixin.py:190} INFO - [2025-12-08T08:31:27.213+0000] {dag.py:4138} INFO - Setting next_dagrun for example_sensor_decorator to None, run_after=None
[2025-12-08T08:31:27.263+0000] {processor.py:208} INFO - Processing /home/airflow/.local/lib/python3.12/site-packages/airflow/example_dags/example_sensor_decorator.py took 0.177 seconds
[2025-12-08T08:31:57.555+0000] {processor.py:186} INFO - Started process (PID=8196) to work on /home/airflow/.local/lib/python3.12/site-packages/airflow/example_dags/example_sensor_decorator.py
[2025-12-08T08:31:57.557+0000] {processor.py:914} INFO - Processing file /home/airflow/.local/lib/python3.12/site-packages/airflow/example_dags/example_sensor_decorator.py for tasks to queue
[2025-12-08T08:31:57.561+0000] {logging_mixin.py:190} INFO - [2025-12-08T08:31:57.560+0000] {dagbag.py:587} INFO - Filling up the DagBag from /home/airflow/.local/lib/python3.12/site-packages/airflow/example_dags/example_sensor_decorator.py
[2025-12-08T08:31:57.573+0000] {processor.py:925} INFO - DAG(s) 'example_sensor_decorator' retrieved from /home/airflow/.local/lib/python3.12/site-packages/airflow/example_dags/example_sensor_decorator.py
[2025-12-08T08:31:57.604+0000] {logging_mixin.py:190} INFO - [2025-12-08T08:31:57.603+0000] {dag.py:3211} INFO - Sync 1 DAGs
[2025-12-08T08:31:57.621+0000] {logging_mixin.py:190} INFO - [2025-12-08T08:31:57.621+0000] {dag.py:4138} INFO - Setting next_dagrun for example_sensor_decorator to None, run_after=None
[2025-12-08T08:31:57.647+0000] {processor.py:208} INFO - Processing /home/airflow/.local/lib/python3.12/site-packages/airflow/example_dags/example_sensor_decorator.py took 0.100 seconds
[2025-12-08T08:32:27.914+0000] {processor.py:186} INFO - Started process (PID=8257) to work on /home/airflow/.local/lib/python3.12/site-packages/airflow/example_dags/example_sensor_decorator.py
[2025-12-08T08:32:27.916+0000] {processor.py:914} INFO - Processing file /home/airflow/.local/lib/python3.12/site-packages/airflow/example_dags/example_sensor_decorator.py for tasks to queue
[2025-12-08T08:32:27.924+0000] {logging_mixin.py:190} INFO - [2025-12-08T08:32:27.922+0000] {dagbag.py:587} INFO - Filling up the DagBag from /home/airflow/.local/lib/python3.12/site-packages/airflow/example_dags/example_sensor_decorator.py
[2025-12-08T08:32:27.939+0000] {processor.py:925} INFO - DAG(s) 'example_sensor_decorator' retrieved from /home/airflow/.local/lib/python3.12/site-packages/airflow/example_dags/example_sensor_decorator.py
[2025-12-08T08:32:27.965+0000] {logging_mixin.py:190} INFO - [2025-12-08T08:32:27.965+0000] {dag.py:3211} INFO - Sync 1 DAGs
[2025-12-08T08:32:27.981+0000] {logging_mixin.py:190} INFO - [2025-12-08T08:32:27.981+0000] {dag.py:4138} INFO - Setting next_dagrun for example_sensor_decorator to None, run_after=None
[2025-12-08T08:32:28.007+0000] {processor.py:208} INFO - Processing /home/airflow/.local/lib/python3.12/site-packages/airflow/example_dags/example_sensor_decorator.py took 0.105 seconds
[2025-12-08T08:32:58.468+0000] {processor.py:186} INFO - Started process (PID=8321) to work on /home/airflow/.local/lib/python3.12/site-packages/airflow/example_dags/example_sensor_decorator.py
[2025-12-08T08:32:58.470+0000] {processor.py:914} INFO - Processing file /home/airflow/.local/lib/python3.12/site-packages/airflow/example_dags/example_sensor_decorator.py for tasks to queue
[2025-12-08T08:32:58.474+0000] {logging_mixin.py:190} INFO - [2025-12-08T08:32:58.473+0000] {dagbag.py:587} INFO - Filling up the DagBag from /home/airflow/.local/lib/python3.12/site-packages/airflow/example_dags/example_sensor_decorator.py
[2025-12-08T08:32:58.483+0000] {processor.py:925} INFO - DAG(s) 'example_sensor_decorator' retrieved from /home/airflow/.local/lib/python3.12/site-packages/airflow/example_dags/example_sensor_decorator.py
[2025-12-08T08:32:58.507+0000] {logging_mixin.py:190} INFO - [2025-12-08T08:32:58.507+0000] {dag.py:3211} INFO - Sync 1 DAGs
[2025-12-08T08:32:58.524+0000] {logging_mixin.py:190} INFO - [2025-12-08T08:32:58.524+0000] {dag.py:4138} INFO - Setting next_dagrun for example_sensor_decorator to None, run_after=None
[2025-12-08T08:32:58.549+0000] {processor.py:208} INFO - Processing /home/airflow/.local/lib/python3.12/site-packages/airflow/example_dags/example_sensor_decorator.py took 0.087 seconds
[2025-12-08T08:33:30.282+0000] {processor.py:186} INFO - Started process (PID=8383) to work on /home/airflow/.local/lib/python3.12/site-packages/airflow/example_dags/example_sensor_decorator.py
[2025-12-08T08:33:30.286+0000] {processor.py:914} INFO - Processing file /home/airflow/.local/lib/python3.12/site-packages/airflow/example_dags/example_sensor_decorator.py for tasks to queue
[2025-12-08T08:33:30.294+0000] {logging_mixin.py:190} INFO - [2025-12-08T08:33:30.294+0000] {dagbag.py:587} INFO - Filling up the DagBag from /home/airflow/.local/lib/python3.12/site-packages/airflow/example_dags/example_sensor_decorator.py
[2025-12-08T08:33:30.311+0000] {processor.py:925} INFO - DAG(s) 'example_sensor_decorator' retrieved from /home/airflow/.local/lib/python3.12/site-packages/airflow/example_dags/example_sensor_decorator.py
[2025-12-08T08:33:30.353+0000] {logging_mixin.py:190} INFO - [2025-12-08T08:33:30.353+0000] {dag.py:3211} INFO - Sync 1 DAGs
[2025-12-08T08:33:30.383+0000] {logging_mixin.py:190} INFO - [2025-12-08T08:33:30.382+0000] {dag.py:4138} INFO - Setting next_dagrun for example_sensor_decorator to None, run_after=None
[2025-12-08T08:33:30.425+0000] {processor.py:208} INFO - Processing /home/airflow/.local/lib/python3.12/site-packages/airflow/example_dags/example_sensor_decorator.py took 0.153 seconds
[2025-12-08T08:34:00.948+0000] {processor.py:186} INFO - Started process (PID=8446) to work on /home/airflow/.local/lib/python3.12/site-packages/airflow/example_dags/example_sensor_decorator.py
[2025-12-08T08:34:00.950+0000] {processor.py:914} INFO - Processing file /home/airflow/.local/lib/python3.12/site-packages/airflow/example_dags/example_sensor_decorator.py for tasks to queue
[2025-12-08T08:34:00.953+0000] {logging_mixin.py:190} INFO - [2025-12-08T08:34:00.953+0000] {dagbag.py:587} INFO - Filling up the DagBag from /home/airflow/.local/lib/python3.12/site-packages/airflow/example_dags/example_sensor_decorator.py
[2025-12-08T08:34:00.963+0000] {processor.py:925} INFO - DAG(s) 'example_sensor_decorator' retrieved from /home/airflow/.local/lib/python3.12/site-packages/airflow/example_dags/example_sensor_decorator.py
[2025-12-08T08:34:00.987+0000] {logging_mixin.py:190} INFO - [2025-12-08T08:34:00.986+0000] {dag.py:3211} INFO - Sync 1 DAGs
[2025-12-08T08:34:01.000+0000] {logging_mixin.py:190} INFO - [2025-12-08T08:34:01.000+0000] {dag.py:4138} INFO - Setting next_dagrun for example_sensor_decorator to None, run_after=None
[2025-12-08T08:34:01.021+0000] {processor.py:208} INFO - Processing /home/airflow/.local/lib/python3.12/site-packages/airflow/example_dags/example_sensor_decorator.py took 0.079 seconds
[2025-12-08T08:34:31.684+0000] {processor.py:186} INFO - Started process (PID=8506) to work on /home/airflow/.local/lib/python3.12/site-packages/airflow/example_dags/example_sensor_decorator.py
[2025-12-08T08:34:31.686+0000] {processor.py:914} INFO - Processing file /home/airflow/.local/lib/python3.12/site-packages/airflow/example_dags/example_sensor_decorator.py for tasks to queue
[2025-12-08T08:34:31.690+0000] {logging_mixin.py:190} INFO - [2025-12-08T08:34:31.689+0000] {dagbag.py:587} INFO - Filling up the DagBag from /home/airflow/.local/lib/python3.12/site-packages/airflow/example_dags/example_sensor_decorator.py
[2025-12-08T08:34:31.700+0000] {processor.py:925} INFO - DAG(s) 'example_sensor_decorator' retrieved from /home/airflow/.local/lib/python3.12/site-packages/airflow/example_dags/example_sensor_decorator.py
[2025-12-08T08:34:31.726+0000] {logging_mixin.py:190} INFO - [2025-12-08T08:34:31.726+0000] {dag.py:3211} INFO - Sync 1 DAGs
[2025-12-08T08:34:31.741+0000] {logging_mixin.py:190} INFO - [2025-12-08T08:34:31.740+0000] {dag.py:4138} INFO - Setting next_dagrun for example_sensor_decorator to None, run_after=None
[2025-12-08T08:34:31.765+0000] {processor.py:208} INFO - Processing /home/airflow/.local/lib/python3.12/site-packages/airflow/example_dags/example_sensor_decorator.py took 0.087 seconds
[2025-12-08T08:35:02.204+0000] {processor.py:186} INFO - Started process (PID=8569) to work on /home/airflow/.local/lib/python3.12/site-packages/airflow/example_dags/example_sensor_decorator.py
[2025-12-08T08:35:02.206+0000] {processor.py:914} INFO - Processing file /home/airflow/.local/lib/python3.12/site-packages/airflow/example_dags/example_sensor_decorator.py for tasks to queue
[2025-12-08T08:35:02.209+0000] {logging_mixin.py:190} INFO - [2025-12-08T08:35:02.209+0000] {dagbag.py:587} INFO - Filling up the DagBag from /home/airflow/.local/lib/python3.12/site-packages/airflow/example_dags/example_sensor_decorator.py
[2025-12-08T08:35:02.219+0000] {processor.py:925} INFO - DAG(s) 'example_sensor_decorator' retrieved from /home/airflow/.local/lib/python3.12/site-packages/airflow/example_dags/example_sensor_decorator.py
[2025-12-08T08:35:02.242+0000] {logging_mixin.py:190} INFO - [2025-12-08T08:35:02.242+0000] {dag.py:3211} INFO - Sync 1 DAGs
[2025-12-08T08:35:02.257+0000] {logging_mixin.py:190} INFO - [2025-12-08T08:35:02.257+0000] {dag.py:4138} INFO - Setting next_dagrun for example_sensor_decorator to None, run_after=None
[2025-12-08T08:35:02.281+0000] {processor.py:208} INFO - Processing /home/airflow/.local/lib/python3.12/site-packages/airflow/example_dags/example_sensor_decorator.py took 0.085 seconds
[2025-12-08T08:35:32.378+0000] {processor.py:186} INFO - Started process (PID=8632) to work on /home/airflow/.local/lib/python3.12/site-packages/airflow/example_dags/example_sensor_decorator.py
[2025-12-08T08:35:32.379+0000] {processor.py:914} INFO - Processing file /home/airflow/.local/lib/python3.12/site-packages/airflow/example_dags/example_sensor_decorator.py for tasks to queue
[2025-12-08T08:35:32.381+0000] {logging_mixin.py:190} INFO - [2025-12-08T08:35:32.381+0000] {dagbag.py:587} INFO - Filling up the DagBag from /home/airflow/.local/lib/python3.12/site-packages/airflow/example_dags/example_sensor_decorator.py
[2025-12-08T08:35:32.390+0000] {processor.py:925} INFO - DAG(s) 'example_sensor_decorator' retrieved from /home/airflow/.local/lib/python3.12/site-packages/airflow/example_dags/example_sensor_decorator.py
[2025-12-08T08:35:32.413+0000] {logging_mixin.py:190} INFO - [2025-12-08T08:35:32.412+0000] {dag.py:3211} INFO - Sync 1 DAGs
[2025-12-08T08:35:32.427+0000] {logging_mixin.py:190} INFO - [2025-12-08T08:35:32.426+0000] {dag.py:4138} INFO - Setting next_dagrun for example_sensor_decorator to None, run_after=None
[2025-12-08T08:35:32.447+0000] {processor.py:208} INFO - Processing /home/airflow/.local/lib/python3.12/site-packages/airflow/example_dags/example_sensor_decorator.py took 0.075 seconds
[2025-12-08T08:36:03.026+0000] {processor.py:186} INFO - Started process (PID=8695) to work on /home/airflow/.local/lib/python3.12/site-packages/airflow/example_dags/example_sensor_decorator.py
[2025-12-08T08:36:03.028+0000] {processor.py:914} INFO - Processing file /home/airflow/.local/lib/python3.12/site-packages/airflow/example_dags/example_sensor_decorator.py for tasks to queue
[2025-12-08T08:36:03.032+0000] {logging_mixin.py:190} INFO - [2025-12-08T08:36:03.031+0000] {dagbag.py:587} INFO - Filling up the DagBag from /home/airflow/.local/lib/python3.12/site-packages/airflow/example_dags/example_sensor_decorator.py
[2025-12-08T08:36:03.042+0000] {processor.py:925} INFO - DAG(s) 'example_sensor_decorator' retrieved from /home/airflow/.local/lib/python3.12/site-packages/airflow/example_dags/example_sensor_decorator.py
[2025-12-08T08:36:03.064+0000] {logging_mixin.py:190} INFO - [2025-12-08T08:36:03.064+0000] {dag.py:3211} INFO - Sync 1 DAGs
[2025-12-08T08:36:03.079+0000] {logging_mixin.py:190} INFO - [2025-12-08T08:36:03.079+0000] {dag.py:4138} INFO - Setting next_dagrun for example_sensor_decorator to None, run_after=None
[2025-12-08T08:36:03.105+0000] {processor.py:208} INFO - Processing /home/airflow/.local/lib/python3.12/site-packages/airflow/example_dags/example_sensor_decorator.py took 0.084 seconds
[2025-12-08T08:36:33.529+0000] {processor.py:186} INFO - Started process (PID=8758) to work on /home/airflow/.local/lib/python3.12/site-packages/airflow/example_dags/example_sensor_decorator.py
[2025-12-08T08:36:33.531+0000] {processor.py:914} INFO - Processing file /home/airflow/.local/lib/python3.12/site-packages/airflow/example_dags/example_sensor_decorator.py for tasks to queue
[2025-12-08T08:36:33.535+0000] {logging_mixin.py:190} INFO - [2025-12-08T08:36:33.534+0000] {dagbag.py:587} INFO - Filling up the DagBag from /home/airflow/.local/lib/python3.12/site-packages/airflow/example_dags/example_sensor_decorator.py
[2025-12-08T08:36:33.542+0000] {processor.py:925} INFO - DAG(s) 'example_sensor_decorator' retrieved from /home/airflow/.local/lib/python3.12/site-packages/airflow/example_dags/example_sensor_decorator.py
[2025-12-08T08:36:33.562+0000] {logging_mixin.py:190} INFO - [2025-12-08T08:36:33.562+0000] {dag.py:3211} INFO - Sync 1 DAGs
[2025-12-08T08:36:33.578+0000] {logging_mixin.py:190} INFO - [2025-12-08T08:36:33.578+0000] {dag.py:4138} INFO - Setting next_dagrun for example_sensor_decorator to None, run_after=None
[2025-12-08T08:36:33.601+0000] {processor.py:208} INFO - Processing /home/airflow/.local/lib/python3.12/site-packages/airflow/example_dags/example_sensor_decorator.py took 0.077 seconds
[2025-12-08T08:37:03.992+0000] {processor.py:186} INFO - Started process (PID=8820) to work on /home/airflow/.local/lib/python3.12/site-packages/airflow/example_dags/example_sensor_decorator.py
[2025-12-08T08:37:03.994+0000] {processor.py:914} INFO - Processing file /home/airflow/.local/lib/python3.12/site-packages/airflow/example_dags/example_sensor_decorator.py for tasks to queue
[2025-12-08T08:37:03.997+0000] {logging_mixin.py:190} INFO - [2025-12-08T08:37:03.997+0000] {dagbag.py:587} INFO - Filling up the DagBag from /home/airflow/.local/lib/python3.12/site-packages/airflow/example_dags/example_sensor_decorator.py
[2025-12-08T08:37:04.005+0000] {processor.py:925} INFO - DAG(s) 'example_sensor_decorator' retrieved from /home/airflow/.local/lib/python3.12/site-packages/airflow/example_dags/example_sensor_decorator.py
[2025-12-08T08:37:04.025+0000] {logging_mixin.py:190} INFO - [2025-12-08T08:37:04.025+0000] {dag.py:3211} INFO - Sync 1 DAGs
[2025-12-08T08:37:04.038+0000] {logging_mixin.py:190} INFO - [2025-12-08T08:37:04.038+0000] {dag.py:4138} INFO - Setting next_dagrun for example_sensor_decorator to None, run_after=None
[2025-12-08T08:37:04.059+0000] {processor.py:208} INFO - Processing /home/airflow/.local/lib/python3.12/site-packages/airflow/example_dags/example_sensor_decorator.py took 0.071 seconds
[2025-12-08T08:37:34.504+0000] {processor.py:186} INFO - Started process (PID=8882) to work on /home/airflow/.local/lib/python3.12/site-packages/airflow/example_dags/example_sensor_decorator.py
[2025-12-08T08:37:34.505+0000] {processor.py:914} INFO - Processing file /home/airflow/.local/lib/python3.12/site-packages/airflow/example_dags/example_sensor_decorator.py for tasks to queue
[2025-12-08T08:37:34.509+0000] {logging_mixin.py:190} INFO - [2025-12-08T08:37:34.509+0000] {dagbag.py:587} INFO - Filling up the DagBag from /home/airflow/.local/lib/python3.12/site-packages/airflow/example_dags/example_sensor_decorator.py
[2025-12-08T08:37:34.519+0000] {processor.py:925} INFO - DAG(s) 'example_sensor_decorator' retrieved from /home/airflow/.local/lib/python3.12/site-packages/airflow/example_dags/example_sensor_decorator.py
[2025-12-08T08:37:34.547+0000] {logging_mixin.py:190} INFO - [2025-12-08T08:37:34.547+0000] {dag.py:3211} INFO - Sync 1 DAGs
[2025-12-08T08:37:34.562+0000] {logging_mixin.py:190} INFO - [2025-12-08T08:37:34.562+0000] {dag.py:4138} INFO - Setting next_dagrun for example_sensor_decorator to None, run_after=None
[2025-12-08T08:37:34.583+0000] {processor.py:208} INFO - Processing /home/airflow/.local/lib/python3.12/site-packages/airflow/example_dags/example_sensor_decorator.py took 0.086 seconds
[2025-12-08T08:38:05.223+0000] {processor.py:186} INFO - Started process (PID=8945) to work on /home/airflow/.local/lib/python3.12/site-packages/airflow/example_dags/example_sensor_decorator.py
[2025-12-08T08:38:05.224+0000] {processor.py:914} INFO - Processing file /home/airflow/.local/lib/python3.12/site-packages/airflow/example_dags/example_sensor_decorator.py for tasks to queue
[2025-12-08T08:38:05.227+0000] {logging_mixin.py:190} INFO - [2025-12-08T08:38:05.227+0000] {dagbag.py:587} INFO - Filling up the DagBag from /home/airflow/.local/lib/python3.12/site-packages/airflow/example_dags/example_sensor_decorator.py
[2025-12-08T08:38:05.237+0000] {processor.py:925} INFO - DAG(s) 'example_sensor_decorator' retrieved from /home/airflow/.local/lib/python3.12/site-packages/airflow/example_dags/example_sensor_decorator.py
[2025-12-08T08:38:05.262+0000] {logging_mixin.py:190} INFO - [2025-12-08T08:38:05.262+0000] {dag.py:3211} INFO - Sync 1 DAGs
[2025-12-08T08:38:05.278+0000] {logging_mixin.py:190} INFO - [2025-12-08T08:38:05.277+0000] {dag.py:4138} INFO - Setting next_dagrun for example_sensor_decorator to None, run_after=None
[2025-12-08T08:38:05.303+0000] {processor.py:208} INFO - Processing /home/airflow/.local/lib/python3.12/site-packages/airflow/example_dags/example_sensor_decorator.py took 0.086 seconds
[2025-12-08T08:38:35.765+0000] {processor.py:186} INFO - Started process (PID=9006) to work on /home/airflow/.local/lib/python3.12/site-packages/airflow/example_dags/example_sensor_decorator.py
[2025-12-08T08:38:35.768+0000] {processor.py:914} INFO - Processing file /home/airflow/.local/lib/python3.12/site-packages/airflow/example_dags/example_sensor_decorator.py for tasks to queue
[2025-12-08T08:38:35.773+0000] {logging_mixin.py:190} INFO - [2025-12-08T08:38:35.772+0000] {dagbag.py:587} INFO - Filling up the DagBag from /home/airflow/.local/lib/python3.12/site-packages/airflow/example_dags/example_sensor_decorator.py
[2025-12-08T08:38:35.783+0000] {processor.py:925} INFO - DAG(s) 'example_sensor_decorator' retrieved from /home/airflow/.local/lib/python3.12/site-packages/airflow/example_dags/example_sensor_decorator.py
[2025-12-08T08:38:35.816+0000] {logging_mixin.py:190} INFO - [2025-12-08T08:38:35.816+0000] {dag.py:3211} INFO - Sync 1 DAGs
[2025-12-08T08:38:35.836+0000] {logging_mixin.py:190} INFO - [2025-12-08T08:38:35.836+0000] {dag.py:4138} INFO - Setting next_dagrun for example_sensor_decorator to None, run_after=None
[2025-12-08T08:38:35.863+0000] {processor.py:208} INFO - Processing /home/airflow/.local/lib/python3.12/site-packages/airflow/example_dags/example_sensor_decorator.py took 0.106 seconds
[2025-12-08T08:39:07.310+0000] {processor.py:186} INFO - Started process (PID=9069) to work on /home/airflow/.local/lib/python3.12/site-packages/airflow/example_dags/example_sensor_decorator.py
[2025-12-08T08:39:07.312+0000] {processor.py:914} INFO - Processing file /home/airflow/.local/lib/python3.12/site-packages/airflow/example_dags/example_sensor_decorator.py for tasks to queue
[2025-12-08T08:39:07.316+0000] {logging_mixin.py:190} INFO - [2025-12-08T08:39:07.315+0000] {dagbag.py:587} INFO - Filling up the DagBag from /home/airflow/.local/lib/python3.12/site-packages/airflow/example_dags/example_sensor_decorator.py
[2025-12-08T08:39:07.326+0000] {processor.py:925} INFO - DAG(s) 'example_sensor_decorator' retrieved from /home/airflow/.local/lib/python3.12/site-packages/airflow/example_dags/example_sensor_decorator.py
[2025-12-08T08:39:07.349+0000] {logging_mixin.py:190} INFO - [2025-12-08T08:39:07.349+0000] {dag.py:3211} INFO - Sync 1 DAGs
[2025-12-08T08:39:07.364+0000] {logging_mixin.py:190} INFO - [2025-12-08T08:39:07.364+0000] {dag.py:4138} INFO - Setting next_dagrun for example_sensor_decorator to None, run_after=None
[2025-12-08T08:39:07.566+0000] {processor.py:208} INFO - Processing /home/airflow/.local/lib/python3.12/site-packages/airflow/example_dags/example_sensor_decorator.py took 0.264 seconds
[2025-12-08T08:39:38.680+0000] {processor.py:186} INFO - Started process (PID=9132) to work on /home/airflow/.local/lib/python3.12/site-packages/airflow/example_dags/example_sensor_decorator.py
[2025-12-08T08:39:38.682+0000] {processor.py:914} INFO - Processing file /home/airflow/.local/lib/python3.12/site-packages/airflow/example_dags/example_sensor_decorator.py for tasks to queue
[2025-12-08T08:39:38.686+0000] {logging_mixin.py:190} INFO - [2025-12-08T08:39:38.685+0000] {dagbag.py:587} INFO - Filling up the DagBag from /home/airflow/.local/lib/python3.12/site-packages/airflow/example_dags/example_sensor_decorator.py
[2025-12-08T08:39:38.696+0000] {processor.py:925} INFO - DAG(s) 'example_sensor_decorator' retrieved from /home/airflow/.local/lib/python3.12/site-packages/airflow/example_dags/example_sensor_decorator.py
[2025-12-08T08:39:38.724+0000] {logging_mixin.py:190} INFO - [2025-12-08T08:39:38.724+0000] {dag.py:3211} INFO - Sync 1 DAGs
[2025-12-08T08:39:38.739+0000] {logging_mixin.py:190} INFO - [2025-12-08T08:39:38.739+0000] {dag.py:4138} INFO - Setting next_dagrun for example_sensor_decorator to None, run_after=None
[2025-12-08T08:39:38.771+0000] {processor.py:208} INFO - Processing /home/airflow/.local/lib/python3.12/site-packages/airflow/example_dags/example_sensor_decorator.py took 0.098 seconds
[2025-12-08T08:40:09.745+0000] {processor.py:186} INFO - Started process (PID=9195) to work on /home/airflow/.local/lib/python3.12/site-packages/airflow/example_dags/example_sensor_decorator.py
[2025-12-08T08:40:09.747+0000] {processor.py:914} INFO - Processing file /home/airflow/.local/lib/python3.12/site-packages/airflow/example_dags/example_sensor_decorator.py for tasks to queue
[2025-12-08T08:40:09.752+0000] {logging_mixin.py:190} INFO - [2025-12-08T08:40:09.752+0000] {dagbag.py:587} INFO - Filling up the DagBag from /home/airflow/.local/lib/python3.12/site-packages/airflow/example_dags/example_sensor_decorator.py
[2025-12-08T08:40:09.761+0000] {processor.py:925} INFO - DAG(s) 'example_sensor_decorator' retrieved from /home/airflow/.local/lib/python3.12/site-packages/airflow/example_dags/example_sensor_decorator.py
[2025-12-08T08:40:09.789+0000] {logging_mixin.py:190} INFO - [2025-12-08T08:40:09.789+0000] {dag.py:3211} INFO - Sync 1 DAGs
[2025-12-08T08:40:09.804+0000] {logging_mixin.py:190} INFO - [2025-12-08T08:40:09.804+0000] {dag.py:4138} INFO - Setting next_dagrun for example_sensor_decorator to None, run_after=None
[2025-12-08T08:40:09.828+0000] {processor.py:208} INFO - Processing /home/airflow/.local/lib/python3.12/site-packages/airflow/example_dags/example_sensor_decorator.py took 0.090 seconds
[2025-12-08T08:40:40.152+0000] {processor.py:186} INFO - Started process (PID=9258) to work on /home/airflow/.local/lib/python3.12/site-packages/airflow/example_dags/example_sensor_decorator.py
[2025-12-08T08:40:40.154+0000] {processor.py:914} INFO - Processing file /home/airflow/.local/lib/python3.12/site-packages/airflow/example_dags/example_sensor_decorator.py for tasks to queue
[2025-12-08T08:40:40.159+0000] {logging_mixin.py:190} INFO - [2025-12-08T08:40:40.159+0000] {dagbag.py:587} INFO - Filling up the DagBag from /home/airflow/.local/lib/python3.12/site-packages/airflow/example_dags/example_sensor_decorator.py
[2025-12-08T08:40:40.167+0000] {processor.py:925} INFO - DAG(s) 'example_sensor_decorator' retrieved from /home/airflow/.local/lib/python3.12/site-packages/airflow/example_dags/example_sensor_decorator.py
[2025-12-08T08:40:40.199+0000] {logging_mixin.py:190} INFO - [2025-12-08T08:40:40.198+0000] {dag.py:3211} INFO - Sync 1 DAGs
[2025-12-08T08:40:40.213+0000] {logging_mixin.py:190} INFO - [2025-12-08T08:40:40.213+0000] {dag.py:4138} INFO - Setting next_dagrun for example_sensor_decorator to None, run_after=None
[2025-12-08T08:40:40.236+0000] {processor.py:208} INFO - Processing /home/airflow/.local/lib/python3.12/site-packages/airflow/example_dags/example_sensor_decorator.py took 0.090 seconds
[2025-12-08T08:41:10.621+0000] {processor.py:186} INFO - Started process (PID=9321) to work on /home/airflow/.local/lib/python3.12/site-packages/airflow/example_dags/example_sensor_decorator.py
[2025-12-08T08:41:10.623+0000] {processor.py:914} INFO - Processing file /home/airflow/.local/lib/python3.12/site-packages/airflow/example_dags/example_sensor_decorator.py for tasks to queue
[2025-12-08T08:41:10.627+0000] {logging_mixin.py:190} INFO - [2025-12-08T08:41:10.626+0000] {dagbag.py:587} INFO - Filling up the DagBag from /home/airflow/.local/lib/python3.12/site-packages/airflow/example_dags/example_sensor_decorator.py
[2025-12-08T08:41:10.638+0000] {processor.py:925} INFO - DAG(s) 'example_sensor_decorator' retrieved from /home/airflow/.local/lib/python3.12/site-packages/airflow/example_dags/example_sensor_decorator.py
[2025-12-08T08:41:10.663+0000] {logging_mixin.py:190} INFO - [2025-12-08T08:41:10.663+0000] {dag.py:3211} INFO - Sync 1 DAGs
[2025-12-08T08:41:10.681+0000] {logging_mixin.py:190} INFO - [2025-12-08T08:41:10.680+0000] {dag.py:4138} INFO - Setting next_dagrun for example_sensor_decorator to None, run_after=None
[2025-12-08T08:41:10.705+0000] {processor.py:208} INFO - Processing /home/airflow/.local/lib/python3.12/site-packages/airflow/example_dags/example_sensor_decorator.py took 0.093 seconds
[2025-12-08T08:41:40.970+0000] {processor.py:186} INFO - Started process (PID=9385) to work on /home/airflow/.local/lib/python3.12/site-packages/airflow/example_dags/example_sensor_decorator.py
[2025-12-08T08:41:40.972+0000] {processor.py:914} INFO - Processing file /home/airflow/.local/lib/python3.12/site-packages/airflow/example_dags/example_sensor_decorator.py for tasks to queue
[2025-12-08T08:41:40.976+0000] {logging_mixin.py:190} INFO - [2025-12-08T08:41:40.975+0000] {dagbag.py:587} INFO - Filling up the DagBag from /home/airflow/.local/lib/python3.12/site-packages/airflow/example_dags/example_sensor_decorator.py
[2025-12-08T08:41:40.986+0000] {processor.py:925} INFO - DAG(s) 'example_sensor_decorator' retrieved from /home/airflow/.local/lib/python3.12/site-packages/airflow/example_dags/example_sensor_decorator.py
[2025-12-08T08:41:41.215+0000] {logging_mixin.py:190} INFO - [2025-12-08T08:41:41.215+0000] {dag.py:3211} INFO - Sync 1 DAGs
[2025-12-08T08:41:41.228+0000] {logging_mixin.py:190} INFO - [2025-12-08T08:41:41.228+0000] {dag.py:4138} INFO - Setting next_dagrun for example_sensor_decorator to None, run_after=None
[2025-12-08T08:41:41.247+0000] {processor.py:208} INFO - Processing /home/airflow/.local/lib/python3.12/site-packages/airflow/example_dags/example_sensor_decorator.py took 0.283 seconds
[2025-12-08T08:42:12.205+0000] {processor.py:186} INFO - Started process (PID=9448) to work on /home/airflow/.local/lib/python3.12/site-packages/airflow/example_dags/example_sensor_decorator.py
[2025-12-08T08:42:12.207+0000] {processor.py:914} INFO - Processing file /home/airflow/.local/lib/python3.12/site-packages/airflow/example_dags/example_sensor_decorator.py for tasks to queue
[2025-12-08T08:42:12.210+0000] {logging_mixin.py:190} INFO - [2025-12-08T08:42:12.210+0000] {dagbag.py:587} INFO - Filling up the DagBag from /home/airflow/.local/lib/python3.12/site-packages/airflow/example_dags/example_sensor_decorator.py
[2025-12-08T08:42:12.219+0000] {processor.py:925} INFO - DAG(s) 'example_sensor_decorator' retrieved from /home/airflow/.local/lib/python3.12/site-packages/airflow/example_dags/example_sensor_decorator.py
[2025-12-08T08:42:12.239+0000] {logging_mixin.py:190} INFO - [2025-12-08T08:42:12.239+0000] {dag.py:3211} INFO - Sync 1 DAGs
[2025-12-08T08:42:12.252+0000] {logging_mixin.py:190} INFO - [2025-12-08T08:42:12.252+0000] {dag.py:4138} INFO - Setting next_dagrun for example_sensor_decorator to None, run_after=None
[2025-12-08T08:42:12.274+0000] {processor.py:208} INFO - Processing /home/airflow/.local/lib/python3.12/site-packages/airflow/example_dags/example_sensor_decorator.py took 0.076 seconds
[2025-12-08T08:42:42.862+0000] {processor.py:186} INFO - Started process (PID=9511) to work on /home/airflow/.local/lib/python3.12/site-packages/airflow/example_dags/example_sensor_decorator.py
[2025-12-08T08:42:42.863+0000] {processor.py:914} INFO - Processing file /home/airflow/.local/lib/python3.12/site-packages/airflow/example_dags/example_sensor_decorator.py for tasks to queue
[2025-12-08T08:42:42.867+0000] {logging_mixin.py:190} INFO - [2025-12-08T08:42:42.867+0000] {dagbag.py:587} INFO - Filling up the DagBag from /home/airflow/.local/lib/python3.12/site-packages/airflow/example_dags/example_sensor_decorator.py
[2025-12-08T08:42:42.876+0000] {processor.py:925} INFO - DAG(s) 'example_sensor_decorator' retrieved from /home/airflow/.local/lib/python3.12/site-packages/airflow/example_dags/example_sensor_decorator.py
[2025-12-08T08:42:42.901+0000] {logging_mixin.py:190} INFO - [2025-12-08T08:42:42.900+0000] {dag.py:3211} INFO - Sync 1 DAGs
[2025-12-08T08:42:42.916+0000] {logging_mixin.py:190} INFO - [2025-12-08T08:42:42.916+0000] {dag.py:4138} INFO - Setting next_dagrun for example_sensor_decorator to None, run_after=None
[2025-12-08T08:42:42.940+0000] {processor.py:208} INFO - Processing /home/airflow/.local/lib/python3.12/site-packages/airflow/example_dags/example_sensor_decorator.py took 0.086 seconds
