[2025-12-08T07:00:44.126+0000] {processor.py:186} INFO - Started process (PID=123) to work on /home/airflow/.local/lib/python3.12/site-packages/airflow/example_dags/example_branch_day_of_week_operator.py
[2025-12-08T07:00:44.139+0000] {processor.py:914} INFO - Processing file /home/airflow/.local/lib/python3.12/site-packages/airflow/example_dags/example_branch_day_of_week_operator.py for tasks to queue
[2025-12-08T07:00:44.155+0000] {logging_mixin.py:190} INFO - [2025-12-08T07:00:44.155+0000] {dagbag.py:587} INFO - Filling up the DagBag from /home/airflow/.local/lib/python3.12/site-packages/airflow/example_dags/example_branch_day_of_week_operator.py
[2025-12-08T07:00:44.178+0000] {processor.py:925} INFO - DAG(s) 'example_weekday_branch_operator' retrieved from /home/airflow/.local/lib/python3.12/site-packages/airflow/example_dags/example_branch_day_of_week_operator.py
[2025-12-08T07:00:44.216+0000] {logging_mixin.py:190} INFO - [2025-12-08T07:00:44.215+0000] {dag.py:3211} INFO - Sync 1 DAGs
[2025-12-08T07:00:44.268+0000] {logging_mixin.py:190} INFO - [2025-12-08T07:00:44.267+0000] {dag.py:4138} INFO - Setting next_dagrun for example_weekday_branch_operator to 2025-12-07 00:00:00+00:00, run_after=2025-12-08 00:00:00+00:00
[2025-12-08T07:00:44.320+0000] {processor.py:208} INFO - Processing /home/airflow/.local/lib/python3.12/site-packages/airflow/example_dags/example_branch_day_of_week_operator.py took 0.208 seconds
[2025-12-08T07:01:14.473+0000] {processor.py:186} INFO - Started process (PID=185) to work on /home/airflow/.local/lib/python3.12/site-packages/airflow/example_dags/example_branch_day_of_week_operator.py
[2025-12-08T07:01:14.476+0000] {processor.py:914} INFO - Processing file /home/airflow/.local/lib/python3.12/site-packages/airflow/example_dags/example_branch_day_of_week_operator.py for tasks to queue
[2025-12-08T07:01:14.483+0000] {logging_mixin.py:190} INFO - [2025-12-08T07:01:14.482+0000] {dagbag.py:587} INFO - Filling up the DagBag from /home/airflow/.local/lib/python3.12/site-packages/airflow/example_dags/example_branch_day_of_week_operator.py
[2025-12-08T07:01:14.499+0000] {processor.py:925} INFO - DAG(s) 'example_weekday_branch_operator' retrieved from /home/airflow/.local/lib/python3.12/site-packages/airflow/example_dags/example_branch_day_of_week_operator.py
[2025-12-08T07:01:14.539+0000] {logging_mixin.py:190} INFO - [2025-12-08T07:01:14.538+0000] {dag.py:3211} INFO - Sync 1 DAGs
[2025-12-08T07:01:14.573+0000] {logging_mixin.py:190} INFO - [2025-12-08T07:01:14.573+0000] {dag.py:4138} INFO - Setting next_dagrun for example_weekday_branch_operator to 2025-12-07 00:00:00+00:00, run_after=2025-12-08 00:00:00+00:00
[2025-12-08T07:01:14.610+0000] {processor.py:208} INFO - Processing /home/airflow/.local/lib/python3.12/site-packages/airflow/example_dags/example_branch_day_of_week_operator.py took 0.148 seconds
[2025-12-08T07:01:45.838+0000] {processor.py:186} INFO - Started process (PID=247) to work on /home/airflow/.local/lib/python3.12/site-packages/airflow/example_dags/example_branch_day_of_week_operator.py
[2025-12-08T07:01:45.841+0000] {processor.py:914} INFO - Processing file /home/airflow/.local/lib/python3.12/site-packages/airflow/example_dags/example_branch_day_of_week_operator.py for tasks to queue
[2025-12-08T07:01:45.846+0000] {logging_mixin.py:190} INFO - [2025-12-08T07:01:45.846+0000] {dagbag.py:587} INFO - Filling up the DagBag from /home/airflow/.local/lib/python3.12/site-packages/airflow/example_dags/example_branch_day_of_week_operator.py
[2025-12-08T07:01:45.868+0000] {processor.py:925} INFO - DAG(s) 'example_weekday_branch_operator' retrieved from /home/airflow/.local/lib/python3.12/site-packages/airflow/example_dags/example_branch_day_of_week_operator.py
[2025-12-08T07:01:45.911+0000] {logging_mixin.py:190} INFO - [2025-12-08T07:01:45.911+0000] {dag.py:3211} INFO - Sync 1 DAGs
[2025-12-08T07:01:45.958+0000] {logging_mixin.py:190} INFO - [2025-12-08T07:01:45.958+0000] {dag.py:4138} INFO - Setting next_dagrun for example_weekday_branch_operator to 2025-12-07 00:00:00+00:00, run_after=2025-12-08 00:00:00+00:00
[2025-12-08T07:01:46.014+0000] {processor.py:208} INFO - Processing /home/airflow/.local/lib/python3.12/site-packages/airflow/example_dags/example_branch_day_of_week_operator.py took 0.189 seconds
[2025-12-08T07:02:17.752+0000] {processor.py:186} INFO - Started process (PID=309) to work on /home/airflow/.local/lib/python3.12/site-packages/airflow/example_dags/example_branch_day_of_week_operator.py
[2025-12-08T07:02:17.756+0000] {processor.py:914} INFO - Processing file /home/airflow/.local/lib/python3.12/site-packages/airflow/example_dags/example_branch_day_of_week_operator.py for tasks to queue
[2025-12-08T07:02:17.762+0000] {logging_mixin.py:190} INFO - [2025-12-08T07:02:17.761+0000] {dagbag.py:587} INFO - Filling up the DagBag from /home/airflow/.local/lib/python3.12/site-packages/airflow/example_dags/example_branch_day_of_week_operator.py
[2025-12-08T07:02:17.776+0000] {processor.py:925} INFO - DAG(s) 'example_weekday_branch_operator' retrieved from /home/airflow/.local/lib/python3.12/site-packages/airflow/example_dags/example_branch_day_of_week_operator.py
[2025-12-08T07:02:17.819+0000] {logging_mixin.py:190} INFO - [2025-12-08T07:02:17.818+0000] {dag.py:3211} INFO - Sync 1 DAGs
[2025-12-08T07:02:17.869+0000] {logging_mixin.py:190} INFO - [2025-12-08T07:02:17.869+0000] {dag.py:4138} INFO - Setting next_dagrun for example_weekday_branch_operator to 2025-12-07 00:00:00+00:00, run_after=2025-12-08 00:00:00+00:00
[2025-12-08T07:02:17.907+0000] {processor.py:208} INFO - Processing /home/airflow/.local/lib/python3.12/site-packages/airflow/example_dags/example_branch_day_of_week_operator.py took 0.168 seconds
[2025-12-08T07:02:48.017+0000] {processor.py:186} INFO - Started process (PID=371) to work on /home/airflow/.local/lib/python3.12/site-packages/airflow/example_dags/example_branch_day_of_week_operator.py
[2025-12-08T07:02:48.019+0000] {processor.py:914} INFO - Processing file /home/airflow/.local/lib/python3.12/site-packages/airflow/example_dags/example_branch_day_of_week_operator.py for tasks to queue
[2025-12-08T07:02:48.026+0000] {logging_mixin.py:190} INFO - [2025-12-08T07:02:48.025+0000] {dagbag.py:587} INFO - Filling up the DagBag from /home/airflow/.local/lib/python3.12/site-packages/airflow/example_dags/example_branch_day_of_week_operator.py
[2025-12-08T07:02:48.053+0000] {processor.py:925} INFO - DAG(s) 'example_weekday_branch_operator' retrieved from /home/airflow/.local/lib/python3.12/site-packages/airflow/example_dags/example_branch_day_of_week_operator.py
[2025-12-08T07:02:48.095+0000] {logging_mixin.py:190} INFO - [2025-12-08T07:02:48.095+0000] {dag.py:3211} INFO - Sync 1 DAGs
[2025-12-08T07:02:48.143+0000] {logging_mixin.py:190} INFO - [2025-12-08T07:02:48.142+0000] {dag.py:4138} INFO - Setting next_dagrun for example_weekday_branch_operator to 2025-12-07 00:00:00+00:00, run_after=2025-12-08 00:00:00+00:00
[2025-12-08T07:02:48.187+0000] {processor.py:208} INFO - Processing /home/airflow/.local/lib/python3.12/site-packages/airflow/example_dags/example_branch_day_of_week_operator.py took 0.179 seconds
[2025-12-08T07:03:18.501+0000] {processor.py:186} INFO - Started process (PID=432) to work on /home/airflow/.local/lib/python3.12/site-packages/airflow/example_dags/example_branch_day_of_week_operator.py
[2025-12-08T07:03:18.503+0000] {processor.py:914} INFO - Processing file /home/airflow/.local/lib/python3.12/site-packages/airflow/example_dags/example_branch_day_of_week_operator.py for tasks to queue
[2025-12-08T07:03:18.510+0000] {logging_mixin.py:190} INFO - [2025-12-08T07:03:18.509+0000] {dagbag.py:587} INFO - Filling up the DagBag from /home/airflow/.local/lib/python3.12/site-packages/airflow/example_dags/example_branch_day_of_week_operator.py
[2025-12-08T07:03:18.534+0000] {processor.py:925} INFO - DAG(s) 'example_weekday_branch_operator' retrieved from /home/airflow/.local/lib/python3.12/site-packages/airflow/example_dags/example_branch_day_of_week_operator.py
[2025-12-08T07:03:18.573+0000] {logging_mixin.py:190} INFO - [2025-12-08T07:03:18.572+0000] {dag.py:3211} INFO - Sync 1 DAGs
[2025-12-08T07:03:18.612+0000] {logging_mixin.py:190} INFO - [2025-12-08T07:03:18.611+0000] {dag.py:4138} INFO - Setting next_dagrun for example_weekday_branch_operator to 2025-12-07 00:00:00+00:00, run_after=2025-12-08 00:00:00+00:00
[2025-12-08T07:03:18.644+0000] {processor.py:208} INFO - Processing /home/airflow/.local/lib/python3.12/site-packages/airflow/example_dags/example_branch_day_of_week_operator.py took 0.158 seconds
[2025-12-08T07:03:49.096+0000] {processor.py:186} INFO - Started process (PID=495) to work on /home/airflow/.local/lib/python3.12/site-packages/airflow/example_dags/example_branch_day_of_week_operator.py
[2025-12-08T07:03:49.099+0000] {processor.py:914} INFO - Processing file /home/airflow/.local/lib/python3.12/site-packages/airflow/example_dags/example_branch_day_of_week_operator.py for tasks to queue
[2025-12-08T07:03:49.105+0000] {logging_mixin.py:190} INFO - [2025-12-08T07:03:49.104+0000] {dagbag.py:587} INFO - Filling up the DagBag from /home/airflow/.local/lib/python3.12/site-packages/airflow/example_dags/example_branch_day_of_week_operator.py
[2025-12-08T07:03:49.121+0000] {processor.py:925} INFO - DAG(s) 'example_weekday_branch_operator' retrieved from /home/airflow/.local/lib/python3.12/site-packages/airflow/example_dags/example_branch_day_of_week_operator.py
[2025-12-08T07:03:49.160+0000] {logging_mixin.py:190} INFO - [2025-12-08T07:03:49.160+0000] {dag.py:3211} INFO - Sync 1 DAGs
[2025-12-08T07:03:49.202+0000] {logging_mixin.py:190} INFO - [2025-12-08T07:03:49.202+0000] {dag.py:4138} INFO - Setting next_dagrun for example_weekday_branch_operator to 2025-12-07 00:00:00+00:00, run_after=2025-12-08 00:00:00+00:00
[2025-12-08T07:03:49.235+0000] {processor.py:208} INFO - Processing /home/airflow/.local/lib/python3.12/site-packages/airflow/example_dags/example_branch_day_of_week_operator.py took 0.150 seconds
[2025-12-08T07:04:20.429+0000] {processor.py:186} INFO - Started process (PID=557) to work on /home/airflow/.local/lib/python3.12/site-packages/airflow/example_dags/example_branch_day_of_week_operator.py
[2025-12-08T07:04:20.431+0000] {processor.py:914} INFO - Processing file /home/airflow/.local/lib/python3.12/site-packages/airflow/example_dags/example_branch_day_of_week_operator.py for tasks to queue
[2025-12-08T07:04:20.436+0000] {logging_mixin.py:190} INFO - [2025-12-08T07:04:20.435+0000] {dagbag.py:587} INFO - Filling up the DagBag from /home/airflow/.local/lib/python3.12/site-packages/airflow/example_dags/example_branch_day_of_week_operator.py
[2025-12-08T07:04:20.465+0000] {processor.py:925} INFO - DAG(s) 'example_weekday_branch_operator' retrieved from /home/airflow/.local/lib/python3.12/site-packages/airflow/example_dags/example_branch_day_of_week_operator.py
[2025-12-08T07:04:20.518+0000] {logging_mixin.py:190} INFO - [2025-12-08T07:04:20.517+0000] {dag.py:3211} INFO - Sync 1 DAGs
[2025-12-08T07:04:20.570+0000] {logging_mixin.py:190} INFO - [2025-12-08T07:04:20.569+0000] {dag.py:4138} INFO - Setting next_dagrun for example_weekday_branch_operator to 2025-12-07 00:00:00+00:00, run_after=2025-12-08 00:00:00+00:00
[2025-12-08T07:04:20.614+0000] {processor.py:208} INFO - Processing /home/airflow/.local/lib/python3.12/site-packages/airflow/example_dags/example_branch_day_of_week_operator.py took 0.197 seconds
[2025-12-08T07:04:51.208+0000] {processor.py:186} INFO - Started process (PID=619) to work on /home/airflow/.local/lib/python3.12/site-packages/airflow/example_dags/example_branch_day_of_week_operator.py
[2025-12-08T07:04:51.211+0000] {processor.py:914} INFO - Processing file /home/airflow/.local/lib/python3.12/site-packages/airflow/example_dags/example_branch_day_of_week_operator.py for tasks to queue
[2025-12-08T07:04:51.221+0000] {logging_mixin.py:190} INFO - [2025-12-08T07:04:51.219+0000] {dagbag.py:587} INFO - Filling up the DagBag from /home/airflow/.local/lib/python3.12/site-packages/airflow/example_dags/example_branch_day_of_week_operator.py
[2025-12-08T07:04:51.260+0000] {processor.py:925} INFO - DAG(s) 'example_weekday_branch_operator' retrieved from /home/airflow/.local/lib/python3.12/site-packages/airflow/example_dags/example_branch_day_of_week_operator.py
[2025-12-08T07:04:51.305+0000] {logging_mixin.py:190} INFO - [2025-12-08T07:04:51.304+0000] {dag.py:3211} INFO - Sync 1 DAGs
[2025-12-08T07:04:51.363+0000] {logging_mixin.py:190} INFO - [2025-12-08T07:04:51.363+0000] {dag.py:4138} INFO - Setting next_dagrun for example_weekday_branch_operator to 2025-12-07 00:00:00+00:00, run_after=2025-12-08 00:00:00+00:00
[2025-12-08T07:04:51.406+0000] {processor.py:208} INFO - Processing /home/airflow/.local/lib/python3.12/site-packages/airflow/example_dags/example_branch_day_of_week_operator.py took 0.229 seconds
[2025-12-08T07:05:22.635+0000] {processor.py:186} INFO - Started process (PID=681) to work on /home/airflow/.local/lib/python3.12/site-packages/airflow/example_dags/example_branch_day_of_week_operator.py
[2025-12-08T07:05:22.637+0000] {processor.py:914} INFO - Processing file /home/airflow/.local/lib/python3.12/site-packages/airflow/example_dags/example_branch_day_of_week_operator.py for tasks to queue
[2025-12-08T07:05:22.642+0000] {logging_mixin.py:190} INFO - [2025-12-08T07:05:22.641+0000] {dagbag.py:587} INFO - Filling up the DagBag from /home/airflow/.local/lib/python3.12/site-packages/airflow/example_dags/example_branch_day_of_week_operator.py
[2025-12-08T07:05:22.665+0000] {processor.py:925} INFO - DAG(s) 'example_weekday_branch_operator' retrieved from /home/airflow/.local/lib/python3.12/site-packages/airflow/example_dags/example_branch_day_of_week_operator.py
[2025-12-08T07:05:22.716+0000] {logging_mixin.py:190} INFO - [2025-12-08T07:05:22.715+0000] {dag.py:3211} INFO - Sync 1 DAGs
[2025-12-08T07:05:22.766+0000] {logging_mixin.py:190} INFO - [2025-12-08T07:05:22.765+0000] {dag.py:4138} INFO - Setting next_dagrun for example_weekday_branch_operator to 2025-12-07 00:00:00+00:00, run_after=2025-12-08 00:00:00+00:00
[2025-12-08T07:05:22.824+0000] {processor.py:208} INFO - Processing /home/airflow/.local/lib/python3.12/site-packages/airflow/example_dags/example_branch_day_of_week_operator.py took 0.208 seconds
[2025-12-08T07:07:44.647+0000] {processor.py:186} INFO - Started process (PID=117) to work on /home/airflow/.local/lib/python3.12/site-packages/airflow/example_dags/example_branch_day_of_week_operator.py
[2025-12-08T07:07:44.651+0000] {processor.py:914} INFO - Processing file /home/airflow/.local/lib/python3.12/site-packages/airflow/example_dags/example_branch_day_of_week_operator.py for tasks to queue
[2025-12-08T07:07:44.657+0000] {logging_mixin.py:190} INFO - [2025-12-08T07:07:44.657+0000] {dagbag.py:587} INFO - Filling up the DagBag from /home/airflow/.local/lib/python3.12/site-packages/airflow/example_dags/example_branch_day_of_week_operator.py
[2025-12-08T07:07:44.677+0000] {processor.py:925} INFO - DAG(s) 'example_weekday_branch_operator' retrieved from /home/airflow/.local/lib/python3.12/site-packages/airflow/example_dags/example_branch_day_of_week_operator.py
[2025-12-08T07:07:44.723+0000] {logging_mixin.py:190} INFO - [2025-12-08T07:07:44.723+0000] {dag.py:3211} INFO - Sync 1 DAGs
[2025-12-08T07:07:44.783+0000] {logging_mixin.py:190} INFO - [2025-12-08T07:07:44.783+0000] {dag.py:4138} INFO - Setting next_dagrun for example_weekday_branch_operator to 2025-12-07 00:00:00+00:00, run_after=2025-12-08 00:00:00+00:00
[2025-12-08T07:07:44.853+0000] {processor.py:208} INFO - Processing /home/airflow/.local/lib/python3.12/site-packages/airflow/example_dags/example_branch_day_of_week_operator.py took 0.219 seconds
[2025-12-08T07:08:15.334+0000] {processor.py:186} INFO - Started process (PID=179) to work on /home/airflow/.local/lib/python3.12/site-packages/airflow/example_dags/example_branch_day_of_week_operator.py
[2025-12-08T07:08:15.338+0000] {processor.py:914} INFO - Processing file /home/airflow/.local/lib/python3.12/site-packages/airflow/example_dags/example_branch_day_of_week_operator.py for tasks to queue
[2025-12-08T07:08:15.347+0000] {logging_mixin.py:190} INFO - [2025-12-08T07:08:15.346+0000] {dagbag.py:587} INFO - Filling up the DagBag from /home/airflow/.local/lib/python3.12/site-packages/airflow/example_dags/example_branch_day_of_week_operator.py
[2025-12-08T07:08:15.367+0000] {processor.py:925} INFO - DAG(s) 'example_weekday_branch_operator' retrieved from /home/airflow/.local/lib/python3.12/site-packages/airflow/example_dags/example_branch_day_of_week_operator.py
[2025-12-08T07:08:15.434+0000] {logging_mixin.py:190} INFO - [2025-12-08T07:08:15.434+0000] {dag.py:3211} INFO - Sync 1 DAGs
[2025-12-08T07:08:15.510+0000] {logging_mixin.py:190} INFO - [2025-12-08T07:08:15.509+0000] {dag.py:4138} INFO - Setting next_dagrun for example_weekday_branch_operator to 2025-12-07 00:00:00+00:00, run_after=2025-12-08 00:00:00+00:00
[2025-12-08T07:08:15.562+0000] {processor.py:208} INFO - Processing /home/airflow/.local/lib/python3.12/site-packages/airflow/example_dags/example_branch_day_of_week_operator.py took 0.248 seconds
[2025-12-08T07:08:46.073+0000] {processor.py:186} INFO - Started process (PID=241) to work on /home/airflow/.local/lib/python3.12/site-packages/airflow/example_dags/example_branch_day_of_week_operator.py
[2025-12-08T07:08:46.074+0000] {processor.py:914} INFO - Processing file /home/airflow/.local/lib/python3.12/site-packages/airflow/example_dags/example_branch_day_of_week_operator.py for tasks to queue
[2025-12-08T07:08:46.078+0000] {logging_mixin.py:190} INFO - [2025-12-08T07:08:46.077+0000] {dagbag.py:587} INFO - Filling up the DagBag from /home/airflow/.local/lib/python3.12/site-packages/airflow/example_dags/example_branch_day_of_week_operator.py
[2025-12-08T07:08:46.087+0000] {processor.py:925} INFO - DAG(s) 'example_weekday_branch_operator' retrieved from /home/airflow/.local/lib/python3.12/site-packages/airflow/example_dags/example_branch_day_of_week_operator.py
[2025-12-08T07:08:46.111+0000] {logging_mixin.py:190} INFO - [2025-12-08T07:08:46.111+0000] {dag.py:3211} INFO - Sync 1 DAGs
[2025-12-08T07:08:46.133+0000] {logging_mixin.py:190} INFO - [2025-12-08T07:08:46.133+0000] {dag.py:4138} INFO - Setting next_dagrun for example_weekday_branch_operator to 2025-12-07 00:00:00+00:00, run_after=2025-12-08 00:00:00+00:00
[2025-12-08T07:08:46.155+0000] {processor.py:208} INFO - Processing /home/airflow/.local/lib/python3.12/site-packages/airflow/example_dags/example_branch_day_of_week_operator.py took 0.088 seconds
[2025-12-08T07:09:16.635+0000] {processor.py:186} INFO - Started process (PID=303) to work on /home/airflow/.local/lib/python3.12/site-packages/airflow/example_dags/example_branch_day_of_week_operator.py
[2025-12-08T07:09:16.637+0000] {processor.py:914} INFO - Processing file /home/airflow/.local/lib/python3.12/site-packages/airflow/example_dags/example_branch_day_of_week_operator.py for tasks to queue
[2025-12-08T07:09:16.642+0000] {logging_mixin.py:190} INFO - [2025-12-08T07:09:16.641+0000] {dagbag.py:587} INFO - Filling up the DagBag from /home/airflow/.local/lib/python3.12/site-packages/airflow/example_dags/example_branch_day_of_week_operator.py
[2025-12-08T07:09:16.652+0000] {processor.py:925} INFO - DAG(s) 'example_weekday_branch_operator' retrieved from /home/airflow/.local/lib/python3.12/site-packages/airflow/example_dags/example_branch_day_of_week_operator.py
[2025-12-08T07:09:16.680+0000] {logging_mixin.py:190} INFO - [2025-12-08T07:09:16.680+0000] {dag.py:3211} INFO - Sync 1 DAGs
[2025-12-08T07:09:16.711+0000] {logging_mixin.py:190} INFO - [2025-12-08T07:09:16.711+0000] {dag.py:4138} INFO - Setting next_dagrun for example_weekday_branch_operator to 2025-12-07 00:00:00+00:00, run_after=2025-12-08 00:00:00+00:00
[2025-12-08T07:09:16.735+0000] {processor.py:208} INFO - Processing /home/airflow/.local/lib/python3.12/site-packages/airflow/example_dags/example_branch_day_of_week_operator.py took 0.106 seconds
[2025-12-08T07:09:47.581+0000] {processor.py:186} INFO - Started process (PID=365) to work on /home/airflow/.local/lib/python3.12/site-packages/airflow/example_dags/example_branch_day_of_week_operator.py
[2025-12-08T07:09:47.583+0000] {processor.py:914} INFO - Processing file /home/airflow/.local/lib/python3.12/site-packages/airflow/example_dags/example_branch_day_of_week_operator.py for tasks to queue
[2025-12-08T07:09:47.586+0000] {logging_mixin.py:190} INFO - [2025-12-08T07:09:47.586+0000] {dagbag.py:587} INFO - Filling up the DagBag from /home/airflow/.local/lib/python3.12/site-packages/airflow/example_dags/example_branch_day_of_week_operator.py
[2025-12-08T07:09:47.597+0000] {processor.py:925} INFO - DAG(s) 'example_weekday_branch_operator' retrieved from /home/airflow/.local/lib/python3.12/site-packages/airflow/example_dags/example_branch_day_of_week_operator.py
[2025-12-08T07:09:47.621+0000] {logging_mixin.py:190} INFO - [2025-12-08T07:09:47.621+0000] {dag.py:3211} INFO - Sync 1 DAGs
[2025-12-08T07:09:47.652+0000] {logging_mixin.py:190} INFO - [2025-12-08T07:09:47.651+0000] {dag.py:4138} INFO - Setting next_dagrun for example_weekday_branch_operator to 2025-12-07 00:00:00+00:00, run_after=2025-12-08 00:00:00+00:00
[2025-12-08T07:09:47.677+0000] {processor.py:208} INFO - Processing /home/airflow/.local/lib/python3.12/site-packages/airflow/example_dags/example_branch_day_of_week_operator.py took 0.101 seconds
[2025-12-08T07:10:18.204+0000] {processor.py:186} INFO - Started process (PID=427) to work on /home/airflow/.local/lib/python3.12/site-packages/airflow/example_dags/example_branch_day_of_week_operator.py
[2025-12-08T07:10:18.205+0000] {processor.py:914} INFO - Processing file /home/airflow/.local/lib/python3.12/site-packages/airflow/example_dags/example_branch_day_of_week_operator.py for tasks to queue
[2025-12-08T07:10:18.208+0000] {logging_mixin.py:190} INFO - [2025-12-08T07:10:18.208+0000] {dagbag.py:587} INFO - Filling up the DagBag from /home/airflow/.local/lib/python3.12/site-packages/airflow/example_dags/example_branch_day_of_week_operator.py
[2025-12-08T07:10:18.219+0000] {processor.py:925} INFO - DAG(s) 'example_weekday_branch_operator' retrieved from /home/airflow/.local/lib/python3.12/site-packages/airflow/example_dags/example_branch_day_of_week_operator.py
[2025-12-08T07:10:18.244+0000] {logging_mixin.py:190} INFO - [2025-12-08T07:10:18.244+0000] {dag.py:3211} INFO - Sync 1 DAGs
[2025-12-08T07:10:18.275+0000] {logging_mixin.py:190} INFO - [2025-12-08T07:10:18.274+0000] {dag.py:4138} INFO - Setting next_dagrun for example_weekday_branch_operator to 2025-12-07 00:00:00+00:00, run_after=2025-12-08 00:00:00+00:00
[2025-12-08T07:10:18.301+0000] {processor.py:208} INFO - Processing /home/airflow/.local/lib/python3.12/site-packages/airflow/example_dags/example_branch_day_of_week_operator.py took 0.104 seconds
[2025-12-08T07:10:48.629+0000] {processor.py:186} INFO - Started process (PID=489) to work on /home/airflow/.local/lib/python3.12/site-packages/airflow/example_dags/example_branch_day_of_week_operator.py
[2025-12-08T07:10:48.630+0000] {processor.py:914} INFO - Processing file /home/airflow/.local/lib/python3.12/site-packages/airflow/example_dags/example_branch_day_of_week_operator.py for tasks to queue
[2025-12-08T07:10:48.634+0000] {logging_mixin.py:190} INFO - [2025-12-08T07:10:48.634+0000] {dagbag.py:587} INFO - Filling up the DagBag from /home/airflow/.local/lib/python3.12/site-packages/airflow/example_dags/example_branch_day_of_week_operator.py
[2025-12-08T07:10:48.643+0000] {processor.py:925} INFO - DAG(s) 'example_weekday_branch_operator' retrieved from /home/airflow/.local/lib/python3.12/site-packages/airflow/example_dags/example_branch_day_of_week_operator.py
[2025-12-08T07:10:48.667+0000] {logging_mixin.py:190} INFO - [2025-12-08T07:10:48.667+0000] {dag.py:3211} INFO - Sync 1 DAGs
[2025-12-08T07:10:48.690+0000] {logging_mixin.py:190} INFO - [2025-12-08T07:10:48.690+0000] {dag.py:4138} INFO - Setting next_dagrun for example_weekday_branch_operator to 2025-12-07 00:00:00+00:00, run_after=2025-12-08 00:00:00+00:00
[2025-12-08T07:10:48.712+0000] {processor.py:208} INFO - Processing /home/airflow/.local/lib/python3.12/site-packages/airflow/example_dags/example_branch_day_of_week_operator.py took 0.088 seconds
[2025-12-08T07:11:18.933+0000] {processor.py:186} INFO - Started process (PID=551) to work on /home/airflow/.local/lib/python3.12/site-packages/airflow/example_dags/example_branch_day_of_week_operator.py
[2025-12-08T07:11:18.934+0000] {processor.py:914} INFO - Processing file /home/airflow/.local/lib/python3.12/site-packages/airflow/example_dags/example_branch_day_of_week_operator.py for tasks to queue
[2025-12-08T07:11:18.938+0000] {logging_mixin.py:190} INFO - [2025-12-08T07:11:18.937+0000] {dagbag.py:587} INFO - Filling up the DagBag from /home/airflow/.local/lib/python3.12/site-packages/airflow/example_dags/example_branch_day_of_week_operator.py
[2025-12-08T07:11:18.948+0000] {processor.py:925} INFO - DAG(s) 'example_weekday_branch_operator' retrieved from /home/airflow/.local/lib/python3.12/site-packages/airflow/example_dags/example_branch_day_of_week_operator.py
[2025-12-08T07:11:18.972+0000] {logging_mixin.py:190} INFO - [2025-12-08T07:11:18.971+0000] {dag.py:3211} INFO - Sync 1 DAGs
[2025-12-08T07:11:18.994+0000] {logging_mixin.py:190} INFO - [2025-12-08T07:11:18.994+0000] {dag.py:4138} INFO - Setting next_dagrun for example_weekday_branch_operator to 2025-12-07 00:00:00+00:00, run_after=2025-12-08 00:00:00+00:00
[2025-12-08T07:11:19.014+0000] {processor.py:208} INFO - Processing /home/airflow/.local/lib/python3.12/site-packages/airflow/example_dags/example_branch_day_of_week_operator.py took 0.087 seconds
[2025-12-08T07:11:49.281+0000] {processor.py:186} INFO - Started process (PID=613) to work on /home/airflow/.local/lib/python3.12/site-packages/airflow/example_dags/example_branch_day_of_week_operator.py
[2025-12-08T07:11:49.282+0000] {processor.py:914} INFO - Processing file /home/airflow/.local/lib/python3.12/site-packages/airflow/example_dags/example_branch_day_of_week_operator.py for tasks to queue
[2025-12-08T07:11:49.286+0000] {logging_mixin.py:190} INFO - [2025-12-08T07:11:49.286+0000] {dagbag.py:587} INFO - Filling up the DagBag from /home/airflow/.local/lib/python3.12/site-packages/airflow/example_dags/example_branch_day_of_week_operator.py
[2025-12-08T07:11:49.296+0000] {processor.py:925} INFO - DAG(s) 'example_weekday_branch_operator' retrieved from /home/airflow/.local/lib/python3.12/site-packages/airflow/example_dags/example_branch_day_of_week_operator.py
[2025-12-08T07:11:49.320+0000] {logging_mixin.py:190} INFO - [2025-12-08T07:11:49.319+0000] {dag.py:3211} INFO - Sync 1 DAGs
[2025-12-08T07:11:49.346+0000] {logging_mixin.py:190} INFO - [2025-12-08T07:11:49.346+0000] {dag.py:4138} INFO - Setting next_dagrun for example_weekday_branch_operator to 2025-12-07 00:00:00+00:00, run_after=2025-12-08 00:00:00+00:00
[2025-12-08T07:11:49.367+0000] {processor.py:208} INFO - Processing /home/airflow/.local/lib/python3.12/site-packages/airflow/example_dags/example_branch_day_of_week_operator.py took 0.091 seconds
[2025-12-08T07:12:19.569+0000] {processor.py:186} INFO - Started process (PID=675) to work on /home/airflow/.local/lib/python3.12/site-packages/airflow/example_dags/example_branch_day_of_week_operator.py
[2025-12-08T07:12:19.571+0000] {processor.py:914} INFO - Processing file /home/airflow/.local/lib/python3.12/site-packages/airflow/example_dags/example_branch_day_of_week_operator.py for tasks to queue
[2025-12-08T07:12:19.575+0000] {logging_mixin.py:190} INFO - [2025-12-08T07:12:19.574+0000] {dagbag.py:587} INFO - Filling up the DagBag from /home/airflow/.local/lib/python3.12/site-packages/airflow/example_dags/example_branch_day_of_week_operator.py
[2025-12-08T07:12:19.585+0000] {processor.py:925} INFO - DAG(s) 'example_weekday_branch_operator' retrieved from /home/airflow/.local/lib/python3.12/site-packages/airflow/example_dags/example_branch_day_of_week_operator.py
[2025-12-08T07:12:19.626+0000] {logging_mixin.py:190} INFO - [2025-12-08T07:12:19.625+0000] {dag.py:3211} INFO - Sync 1 DAGs
[2025-12-08T07:12:19.658+0000] {logging_mixin.py:190} INFO - [2025-12-08T07:12:19.657+0000] {dag.py:4138} INFO - Setting next_dagrun for example_weekday_branch_operator to 2025-12-07 00:00:00+00:00, run_after=2025-12-08 00:00:00+00:00
[2025-12-08T07:12:19.677+0000] {processor.py:208} INFO - Processing /home/airflow/.local/lib/python3.12/site-packages/airflow/example_dags/example_branch_day_of_week_operator.py took 0.114 seconds
[2025-12-08T07:12:50.307+0000] {processor.py:186} INFO - Started process (PID=738) to work on /home/airflow/.local/lib/python3.12/site-packages/airflow/example_dags/example_branch_day_of_week_operator.py
[2025-12-08T07:12:50.309+0000] {processor.py:914} INFO - Processing file /home/airflow/.local/lib/python3.12/site-packages/airflow/example_dags/example_branch_day_of_week_operator.py for tasks to queue
[2025-12-08T07:12:50.312+0000] {logging_mixin.py:190} INFO - [2025-12-08T07:12:50.312+0000] {dagbag.py:587} INFO - Filling up the DagBag from /home/airflow/.local/lib/python3.12/site-packages/airflow/example_dags/example_branch_day_of_week_operator.py
[2025-12-08T07:12:50.323+0000] {processor.py:925} INFO - DAG(s) 'example_weekday_branch_operator' retrieved from /home/airflow/.local/lib/python3.12/site-packages/airflow/example_dags/example_branch_day_of_week_operator.py
[2025-12-08T07:12:50.350+0000] {logging_mixin.py:190} INFO - [2025-12-08T07:12:50.350+0000] {dag.py:3211} INFO - Sync 1 DAGs
[2025-12-08T07:12:50.376+0000] {logging_mixin.py:190} INFO - [2025-12-08T07:12:50.376+0000] {dag.py:4138} INFO - Setting next_dagrun for example_weekday_branch_operator to 2025-12-07 00:00:00+00:00, run_after=2025-12-08 00:00:00+00:00
[2025-12-08T07:12:50.404+0000] {processor.py:208} INFO - Processing /home/airflow/.local/lib/python3.12/site-packages/airflow/example_dags/example_branch_day_of_week_operator.py took 0.104 seconds
[2025-12-08T07:13:20.636+0000] {processor.py:186} INFO - Started process (PID=800) to work on /home/airflow/.local/lib/python3.12/site-packages/airflow/example_dags/example_branch_day_of_week_operator.py
[2025-12-08T07:13:20.638+0000] {processor.py:914} INFO - Processing file /home/airflow/.local/lib/python3.12/site-packages/airflow/example_dags/example_branch_day_of_week_operator.py for tasks to queue
[2025-12-08T07:13:20.642+0000] {logging_mixin.py:190} INFO - [2025-12-08T07:13:20.642+0000] {dagbag.py:587} INFO - Filling up the DagBag from /home/airflow/.local/lib/python3.12/site-packages/airflow/example_dags/example_branch_day_of_week_operator.py
[2025-12-08T07:13:20.656+0000] {processor.py:925} INFO - DAG(s) 'example_weekday_branch_operator' retrieved from /home/airflow/.local/lib/python3.12/site-packages/airflow/example_dags/example_branch_day_of_week_operator.py
[2025-12-08T07:13:20.688+0000] {logging_mixin.py:190} INFO - [2025-12-08T07:13:20.687+0000] {dag.py:3211} INFO - Sync 1 DAGs
[2025-12-08T07:13:20.723+0000] {logging_mixin.py:190} INFO - [2025-12-08T07:13:20.723+0000] {dag.py:4138} INFO - Setting next_dagrun for example_weekday_branch_operator to 2025-12-07 00:00:00+00:00, run_after=2025-12-08 00:00:00+00:00
[2025-12-08T07:13:20.756+0000] {processor.py:208} INFO - Processing /home/airflow/.local/lib/python3.12/site-packages/airflow/example_dags/example_branch_day_of_week_operator.py took 0.127 seconds
[2025-12-08T07:13:51.585+0000] {processor.py:186} INFO - Started process (PID=862) to work on /home/airflow/.local/lib/python3.12/site-packages/airflow/example_dags/example_branch_day_of_week_operator.py
[2025-12-08T07:13:51.591+0000] {processor.py:914} INFO - Processing file /home/airflow/.local/lib/python3.12/site-packages/airflow/example_dags/example_branch_day_of_week_operator.py for tasks to queue
[2025-12-08T07:13:51.597+0000] {logging_mixin.py:190} INFO - [2025-12-08T07:13:51.596+0000] {dagbag.py:587} INFO - Filling up the DagBag from /home/airflow/.local/lib/python3.12/site-packages/airflow/example_dags/example_branch_day_of_week_operator.py
[2025-12-08T07:13:51.632+0000] {processor.py:925} INFO - DAG(s) 'example_weekday_branch_operator' retrieved from /home/airflow/.local/lib/python3.12/site-packages/airflow/example_dags/example_branch_day_of_week_operator.py
[2025-12-08T07:13:51.710+0000] {logging_mixin.py:190} INFO - [2025-12-08T07:13:51.709+0000] {dag.py:3211} INFO - Sync 1 DAGs
[2025-12-08T07:13:51.794+0000] {logging_mixin.py:190} INFO - [2025-12-08T07:13:51.793+0000] {dag.py:4138} INFO - Setting next_dagrun for example_weekday_branch_operator to 2025-12-07 00:00:00+00:00, run_after=2025-12-08 00:00:00+00:00
[2025-12-08T07:13:51.864+0000] {processor.py:208} INFO - Processing /home/airflow/.local/lib/python3.12/site-packages/airflow/example_dags/example_branch_day_of_week_operator.py took 0.300 seconds
[2025-12-08T07:14:21.922+0000] {processor.py:186} INFO - Started process (PID=924) to work on /home/airflow/.local/lib/python3.12/site-packages/airflow/example_dags/example_branch_day_of_week_operator.py
[2025-12-08T07:14:21.923+0000] {processor.py:914} INFO - Processing file /home/airflow/.local/lib/python3.12/site-packages/airflow/example_dags/example_branch_day_of_week_operator.py for tasks to queue
[2025-12-08T07:14:21.926+0000] {logging_mixin.py:190} INFO - [2025-12-08T07:14:21.925+0000] {dagbag.py:587} INFO - Filling up the DagBag from /home/airflow/.local/lib/python3.12/site-packages/airflow/example_dags/example_branch_day_of_week_operator.py
[2025-12-08T07:14:21.935+0000] {processor.py:925} INFO - DAG(s) 'example_weekday_branch_operator' retrieved from /home/airflow/.local/lib/python3.12/site-packages/airflow/example_dags/example_branch_day_of_week_operator.py
[2025-12-08T07:14:21.962+0000] {logging_mixin.py:190} INFO - [2025-12-08T07:14:21.962+0000] {dag.py:3211} INFO - Sync 1 DAGs
[2025-12-08T07:14:21.994+0000] {logging_mixin.py:190} INFO - [2025-12-08T07:14:21.994+0000] {dag.py:4138} INFO - Setting next_dagrun for example_weekday_branch_operator to 2025-12-07 00:00:00+00:00, run_after=2025-12-08 00:00:00+00:00
[2025-12-08T07:14:22.023+0000] {processor.py:208} INFO - Processing /home/airflow/.local/lib/python3.12/site-packages/airflow/example_dags/example_branch_day_of_week_operator.py took 0.106 seconds
[2025-12-08T07:14:52.940+0000] {processor.py:186} INFO - Started process (PID=986) to work on /home/airflow/.local/lib/python3.12/site-packages/airflow/example_dags/example_branch_day_of_week_operator.py
[2025-12-08T07:14:52.941+0000] {processor.py:914} INFO - Processing file /home/airflow/.local/lib/python3.12/site-packages/airflow/example_dags/example_branch_day_of_week_operator.py for tasks to queue
[2025-12-08T07:14:52.944+0000] {logging_mixin.py:190} INFO - [2025-12-08T07:14:52.944+0000] {dagbag.py:587} INFO - Filling up the DagBag from /home/airflow/.local/lib/python3.12/site-packages/airflow/example_dags/example_branch_day_of_week_operator.py
[2025-12-08T07:14:52.953+0000] {processor.py:925} INFO - DAG(s) 'example_weekday_branch_operator' retrieved from /home/airflow/.local/lib/python3.12/site-packages/airflow/example_dags/example_branch_day_of_week_operator.py
[2025-12-08T07:14:52.980+0000] {logging_mixin.py:190} INFO - [2025-12-08T07:14:52.980+0000] {dag.py:3211} INFO - Sync 1 DAGs
[2025-12-08T07:14:53.005+0000] {logging_mixin.py:190} INFO - [2025-12-08T07:14:53.005+0000] {dag.py:4138} INFO - Setting next_dagrun for example_weekday_branch_operator to 2025-12-07 00:00:00+00:00, run_after=2025-12-08 00:00:00+00:00
[2025-12-08T07:14:53.026+0000] {processor.py:208} INFO - Processing /home/airflow/.local/lib/python3.12/site-packages/airflow/example_dags/example_branch_day_of_week_operator.py took 0.092 seconds
[2025-12-08T07:15:24.072+0000] {processor.py:186} INFO - Started process (PID=1048) to work on /home/airflow/.local/lib/python3.12/site-packages/airflow/example_dags/example_branch_day_of_week_operator.py
[2025-12-08T07:15:24.074+0000] {processor.py:914} INFO - Processing file /home/airflow/.local/lib/python3.12/site-packages/airflow/example_dags/example_branch_day_of_week_operator.py for tasks to queue
[2025-12-08T07:15:24.078+0000] {logging_mixin.py:190} INFO - [2025-12-08T07:15:24.077+0000] {dagbag.py:587} INFO - Filling up the DagBag from /home/airflow/.local/lib/python3.12/site-packages/airflow/example_dags/example_branch_day_of_week_operator.py
[2025-12-08T07:15:24.087+0000] {processor.py:925} INFO - DAG(s) 'example_weekday_branch_operator' retrieved from /home/airflow/.local/lib/python3.12/site-packages/airflow/example_dags/example_branch_day_of_week_operator.py
[2025-12-08T07:15:24.110+0000] {logging_mixin.py:190} INFO - [2025-12-08T07:15:24.110+0000] {dag.py:3211} INFO - Sync 1 DAGs
[2025-12-08T07:15:24.134+0000] {logging_mixin.py:190} INFO - [2025-12-08T07:15:24.134+0000] {dag.py:4138} INFO - Setting next_dagrun for example_weekday_branch_operator to 2025-12-07 00:00:00+00:00, run_after=2025-12-08 00:00:00+00:00
[2025-12-08T07:15:24.158+0000] {processor.py:208} INFO - Processing /home/airflow/.local/lib/python3.12/site-packages/airflow/example_dags/example_branch_day_of_week_operator.py took 0.092 seconds
[2025-12-08T07:15:54.595+0000] {processor.py:186} INFO - Started process (PID=1110) to work on /home/airflow/.local/lib/python3.12/site-packages/airflow/example_dags/example_branch_day_of_week_operator.py
[2025-12-08T07:15:54.598+0000] {processor.py:914} INFO - Processing file /home/airflow/.local/lib/python3.12/site-packages/airflow/example_dags/example_branch_day_of_week_operator.py for tasks to queue
[2025-12-08T07:15:54.607+0000] {logging_mixin.py:190} INFO - [2025-12-08T07:15:54.606+0000] {dagbag.py:587} INFO - Filling up the DagBag from /home/airflow/.local/lib/python3.12/site-packages/airflow/example_dags/example_branch_day_of_week_operator.py
[2025-12-08T07:15:54.635+0000] {processor.py:925} INFO - DAG(s) 'example_weekday_branch_operator' retrieved from /home/airflow/.local/lib/python3.12/site-packages/airflow/example_dags/example_branch_day_of_week_operator.py
[2025-12-08T07:15:54.685+0000] {logging_mixin.py:190} INFO - [2025-12-08T07:15:54.684+0000] {dag.py:3211} INFO - Sync 1 DAGs
[2025-12-08T07:15:54.748+0000] {logging_mixin.py:190} INFO - [2025-12-08T07:15:54.747+0000] {dag.py:4138} INFO - Setting next_dagrun for example_weekday_branch_operator to 2025-12-07 00:00:00+00:00, run_after=2025-12-08 00:00:00+00:00
[2025-12-08T07:15:54.798+0000] {processor.py:208} INFO - Processing /home/airflow/.local/lib/python3.12/site-packages/airflow/example_dags/example_branch_day_of_week_operator.py took 0.213 seconds
[2025-12-08T07:16:25.264+0000] {processor.py:186} INFO - Started process (PID=1172) to work on /home/airflow/.local/lib/python3.12/site-packages/airflow/example_dags/example_branch_day_of_week_operator.py
[2025-12-08T07:16:25.266+0000] {processor.py:914} INFO - Processing file /home/airflow/.local/lib/python3.12/site-packages/airflow/example_dags/example_branch_day_of_week_operator.py for tasks to queue
[2025-12-08T07:16:25.274+0000] {logging_mixin.py:190} INFO - [2025-12-08T07:16:25.273+0000] {dagbag.py:587} INFO - Filling up the DagBag from /home/airflow/.local/lib/python3.12/site-packages/airflow/example_dags/example_branch_day_of_week_operator.py
[2025-12-08T07:16:25.297+0000] {processor.py:925} INFO - DAG(s) 'example_weekday_branch_operator' retrieved from /home/airflow/.local/lib/python3.12/site-packages/airflow/example_dags/example_branch_day_of_week_operator.py
[2025-12-08T07:16:25.342+0000] {logging_mixin.py:190} INFO - [2025-12-08T07:16:25.342+0000] {dag.py:3211} INFO - Sync 1 DAGs
[2025-12-08T07:16:25.387+0000] {logging_mixin.py:190} INFO - [2025-12-08T07:16:25.387+0000] {dag.py:4138} INFO - Setting next_dagrun for example_weekday_branch_operator to 2025-12-07 00:00:00+00:00, run_after=2025-12-08 00:00:00+00:00
[2025-12-08T07:16:25.432+0000] {processor.py:208} INFO - Processing /home/airflow/.local/lib/python3.12/site-packages/airflow/example_dags/example_branch_day_of_week_operator.py took 0.182 seconds
[2025-12-08T07:16:55.912+0000] {processor.py:186} INFO - Started process (PID=1234) to work on /home/airflow/.local/lib/python3.12/site-packages/airflow/example_dags/example_branch_day_of_week_operator.py
[2025-12-08T07:16:55.914+0000] {processor.py:914} INFO - Processing file /home/airflow/.local/lib/python3.12/site-packages/airflow/example_dags/example_branch_day_of_week_operator.py for tasks to queue
[2025-12-08T07:16:55.923+0000] {logging_mixin.py:190} INFO - [2025-12-08T07:16:55.922+0000] {dagbag.py:587} INFO - Filling up the DagBag from /home/airflow/.local/lib/python3.12/site-packages/airflow/example_dags/example_branch_day_of_week_operator.py
[2025-12-08T07:16:55.937+0000] {processor.py:925} INFO - DAG(s) 'example_weekday_branch_operator' retrieved from /home/airflow/.local/lib/python3.12/site-packages/airflow/example_dags/example_branch_day_of_week_operator.py
[2025-12-08T07:16:55.983+0000] {logging_mixin.py:190} INFO - [2025-12-08T07:16:55.982+0000] {dag.py:3211} INFO - Sync 1 DAGs
[2025-12-08T07:16:56.034+0000] {logging_mixin.py:190} INFO - [2025-12-08T07:16:56.033+0000] {dag.py:4138} INFO - Setting next_dagrun for example_weekday_branch_operator to 2025-12-07 00:00:00+00:00, run_after=2025-12-08 00:00:00+00:00
[2025-12-08T07:16:56.080+0000] {processor.py:208} INFO - Processing /home/airflow/.local/lib/python3.12/site-packages/airflow/example_dags/example_branch_day_of_week_operator.py took 0.178 seconds
[2025-12-08T07:17:26.205+0000] {processor.py:186} INFO - Started process (PID=1295) to work on /home/airflow/.local/lib/python3.12/site-packages/airflow/example_dags/example_branch_day_of_week_operator.py
[2025-12-08T07:17:26.210+0000] {processor.py:914} INFO - Processing file /home/airflow/.local/lib/python3.12/site-packages/airflow/example_dags/example_branch_day_of_week_operator.py for tasks to queue
[2025-12-08T07:17:26.218+0000] {logging_mixin.py:190} INFO - [2025-12-08T07:17:26.215+0000] {dagbag.py:587} INFO - Filling up the DagBag from /home/airflow/.local/lib/python3.12/site-packages/airflow/example_dags/example_branch_day_of_week_operator.py
[2025-12-08T07:17:26.240+0000] {processor.py:925} INFO - DAG(s) 'example_weekday_branch_operator' retrieved from /home/airflow/.local/lib/python3.12/site-packages/airflow/example_dags/example_branch_day_of_week_operator.py
[2025-12-08T07:17:26.282+0000] {logging_mixin.py:190} INFO - [2025-12-08T07:17:26.282+0000] {dag.py:3211} INFO - Sync 1 DAGs
[2025-12-08T07:17:26.322+0000] {logging_mixin.py:190} INFO - [2025-12-08T07:17:26.322+0000] {dag.py:4138} INFO - Setting next_dagrun for example_weekday_branch_operator to 2025-12-07 00:00:00+00:00, run_after=2025-12-08 00:00:00+00:00
[2025-12-08T07:17:26.356+0000] {processor.py:208} INFO - Processing /home/airflow/.local/lib/python3.12/site-packages/airflow/example_dags/example_branch_day_of_week_operator.py took 0.163 seconds
[2025-12-08T07:17:56.600+0000] {processor.py:186} INFO - Started process (PID=1357) to work on /home/airflow/.local/lib/python3.12/site-packages/airflow/example_dags/example_branch_day_of_week_operator.py
[2025-12-08T07:17:56.603+0000] {processor.py:914} INFO - Processing file /home/airflow/.local/lib/python3.12/site-packages/airflow/example_dags/example_branch_day_of_week_operator.py for tasks to queue
[2025-12-08T07:17:56.608+0000] {logging_mixin.py:190} INFO - [2025-12-08T07:17:56.608+0000] {dagbag.py:587} INFO - Filling up the DagBag from /home/airflow/.local/lib/python3.12/site-packages/airflow/example_dags/example_branch_day_of_week_operator.py
[2025-12-08T07:17:56.622+0000] {processor.py:925} INFO - DAG(s) 'example_weekday_branch_operator' retrieved from /home/airflow/.local/lib/python3.12/site-packages/airflow/example_dags/example_branch_day_of_week_operator.py
[2025-12-08T07:17:56.668+0000] {logging_mixin.py:190} INFO - [2025-12-08T07:17:56.668+0000] {dag.py:3211} INFO - Sync 1 DAGs
[2025-12-08T07:17:56.721+0000] {logging_mixin.py:190} INFO - [2025-12-08T07:17:56.721+0000] {dag.py:4138} INFO - Setting next_dagrun for example_weekday_branch_operator to 2025-12-07 00:00:00+00:00, run_after=2025-12-08 00:00:00+00:00
[2025-12-08T07:17:56.755+0000] {processor.py:208} INFO - Processing /home/airflow/.local/lib/python3.12/site-packages/airflow/example_dags/example_branch_day_of_week_operator.py took 0.171 seconds
[2025-12-08T07:18:27.624+0000] {processor.py:186} INFO - Started process (PID=1419) to work on /home/airflow/.local/lib/python3.12/site-packages/airflow/example_dags/example_branch_day_of_week_operator.py
[2025-12-08T07:18:27.627+0000] {processor.py:914} INFO - Processing file /home/airflow/.local/lib/python3.12/site-packages/airflow/example_dags/example_branch_day_of_week_operator.py for tasks to queue
[2025-12-08T07:18:27.633+0000] {logging_mixin.py:190} INFO - [2025-12-08T07:18:27.632+0000] {dagbag.py:587} INFO - Filling up the DagBag from /home/airflow/.local/lib/python3.12/site-packages/airflow/example_dags/example_branch_day_of_week_operator.py
[2025-12-08T07:18:27.654+0000] {processor.py:925} INFO - DAG(s) 'example_weekday_branch_operator' retrieved from /home/airflow/.local/lib/python3.12/site-packages/airflow/example_dags/example_branch_day_of_week_operator.py
[2025-12-08T07:18:27.707+0000] {logging_mixin.py:190} INFO - [2025-12-08T07:18:27.706+0000] {dag.py:3211} INFO - Sync 1 DAGs
[2025-12-08T07:18:27.792+0000] {logging_mixin.py:190} INFO - [2025-12-08T07:18:27.791+0000] {dag.py:4138} INFO - Setting next_dagrun for example_weekday_branch_operator to 2025-12-07 00:00:00+00:00, run_after=2025-12-08 00:00:00+00:00
[2025-12-08T07:18:27.837+0000] {processor.py:208} INFO - Processing /home/airflow/.local/lib/python3.12/site-packages/airflow/example_dags/example_branch_day_of_week_operator.py took 0.226 seconds
[2025-12-08T07:18:58.194+0000] {processor.py:186} INFO - Started process (PID=1481) to work on /home/airflow/.local/lib/python3.12/site-packages/airflow/example_dags/example_branch_day_of_week_operator.py
[2025-12-08T07:18:58.198+0000] {processor.py:914} INFO - Processing file /home/airflow/.local/lib/python3.12/site-packages/airflow/example_dags/example_branch_day_of_week_operator.py for tasks to queue
[2025-12-08T07:18:58.207+0000] {logging_mixin.py:190} INFO - [2025-12-08T07:18:58.206+0000] {dagbag.py:587} INFO - Filling up the DagBag from /home/airflow/.local/lib/python3.12/site-packages/airflow/example_dags/example_branch_day_of_week_operator.py
[2025-12-08T07:18:58.224+0000] {processor.py:925} INFO - DAG(s) 'example_weekday_branch_operator' retrieved from /home/airflow/.local/lib/python3.12/site-packages/airflow/example_dags/example_branch_day_of_week_operator.py
[2025-12-08T07:18:58.267+0000] {logging_mixin.py:190} INFO - [2025-12-08T07:18:58.267+0000] {dag.py:3211} INFO - Sync 1 DAGs
[2025-12-08T07:18:58.316+0000] {logging_mixin.py:190} INFO - [2025-12-08T07:18:58.315+0000] {dag.py:4138} INFO - Setting next_dagrun for example_weekday_branch_operator to 2025-12-07 00:00:00+00:00, run_after=2025-12-08 00:00:00+00:00
[2025-12-08T07:18:58.365+0000] {processor.py:208} INFO - Processing /home/airflow/.local/lib/python3.12/site-packages/airflow/example_dags/example_branch_day_of_week_operator.py took 0.192 seconds
[2025-12-08T07:19:28.580+0000] {processor.py:186} INFO - Started process (PID=1543) to work on /home/airflow/.local/lib/python3.12/site-packages/airflow/example_dags/example_branch_day_of_week_operator.py
[2025-12-08T07:19:28.583+0000] {processor.py:914} INFO - Processing file /home/airflow/.local/lib/python3.12/site-packages/airflow/example_dags/example_branch_day_of_week_operator.py for tasks to queue
[2025-12-08T07:19:28.588+0000] {logging_mixin.py:190} INFO - [2025-12-08T07:19:28.587+0000] {dagbag.py:587} INFO - Filling up the DagBag from /home/airflow/.local/lib/python3.12/site-packages/airflow/example_dags/example_branch_day_of_week_operator.py
[2025-12-08T07:19:28.610+0000] {processor.py:925} INFO - DAG(s) 'example_weekday_branch_operator' retrieved from /home/airflow/.local/lib/python3.12/site-packages/airflow/example_dags/example_branch_day_of_week_operator.py
[2025-12-08T07:19:28.650+0000] {logging_mixin.py:190} INFO - [2025-12-08T07:19:28.650+0000] {dag.py:3211} INFO - Sync 1 DAGs
[2025-12-08T07:19:28.690+0000] {logging_mixin.py:190} INFO - [2025-12-08T07:19:28.689+0000] {dag.py:4138} INFO - Setting next_dagrun for example_weekday_branch_operator to 2025-12-07 00:00:00+00:00, run_after=2025-12-08 00:00:00+00:00
[2025-12-08T07:19:28.725+0000] {processor.py:208} INFO - Processing /home/airflow/.local/lib/python3.12/site-packages/airflow/example_dags/example_branch_day_of_week_operator.py took 0.156 seconds
[2025-12-08T07:19:59.762+0000] {processor.py:186} INFO - Started process (PID=1606) to work on /home/airflow/.local/lib/python3.12/site-packages/airflow/example_dags/example_branch_day_of_week_operator.py
[2025-12-08T07:19:59.764+0000] {processor.py:914} INFO - Processing file /home/airflow/.local/lib/python3.12/site-packages/airflow/example_dags/example_branch_day_of_week_operator.py for tasks to queue
[2025-12-08T07:19:59.770+0000] {logging_mixin.py:190} INFO - [2025-12-08T07:19:59.769+0000] {dagbag.py:587} INFO - Filling up the DagBag from /home/airflow/.local/lib/python3.12/site-packages/airflow/example_dags/example_branch_day_of_week_operator.py
[2025-12-08T07:19:59.787+0000] {processor.py:925} INFO - DAG(s) 'example_weekday_branch_operator' retrieved from /home/airflow/.local/lib/python3.12/site-packages/airflow/example_dags/example_branch_day_of_week_operator.py
[2025-12-08T07:19:59.838+0000] {logging_mixin.py:190} INFO - [2025-12-08T07:19:59.837+0000] {dag.py:3211} INFO - Sync 1 DAGs
[2025-12-08T07:19:59.908+0000] {logging_mixin.py:190} INFO - [2025-12-08T07:19:59.908+0000] {dag.py:4138} INFO - Setting next_dagrun for example_weekday_branch_operator to 2025-12-07 00:00:00+00:00, run_after=2025-12-08 00:00:00+00:00
[2025-12-08T07:19:59.950+0000] {processor.py:208} INFO - Processing /home/airflow/.local/lib/python3.12/site-packages/airflow/example_dags/example_branch_day_of_week_operator.py took 0.203 seconds
[2025-12-08T07:20:30.288+0000] {processor.py:186} INFO - Started process (PID=1669) to work on /home/airflow/.local/lib/python3.12/site-packages/airflow/example_dags/example_branch_day_of_week_operator.py
[2025-12-08T07:20:30.290+0000] {processor.py:914} INFO - Processing file /home/airflow/.local/lib/python3.12/site-packages/airflow/example_dags/example_branch_day_of_week_operator.py for tasks to queue
[2025-12-08T07:20:30.296+0000] {logging_mixin.py:190} INFO - [2025-12-08T07:20:30.296+0000] {dagbag.py:587} INFO - Filling up the DagBag from /home/airflow/.local/lib/python3.12/site-packages/airflow/example_dags/example_branch_day_of_week_operator.py
[2025-12-08T07:20:30.316+0000] {processor.py:925} INFO - DAG(s) 'example_weekday_branch_operator' retrieved from /home/airflow/.local/lib/python3.12/site-packages/airflow/example_dags/example_branch_day_of_week_operator.py
[2025-12-08T07:20:30.358+0000] {logging_mixin.py:190} INFO - [2025-12-08T07:20:30.358+0000] {dag.py:3211} INFO - Sync 1 DAGs
[2025-12-08T07:20:30.403+0000] {logging_mixin.py:190} INFO - [2025-12-08T07:20:30.403+0000] {dag.py:4138} INFO - Setting next_dagrun for example_weekday_branch_operator to 2025-12-07 00:00:00+00:00, run_after=2025-12-08 00:00:00+00:00
[2025-12-08T07:20:30.442+0000] {processor.py:208} INFO - Processing /home/airflow/.local/lib/python3.12/site-packages/airflow/example_dags/example_branch_day_of_week_operator.py took 0.167 seconds
[2025-12-08T07:21:00.634+0000] {processor.py:186} INFO - Started process (PID=1731) to work on /home/airflow/.local/lib/python3.12/site-packages/airflow/example_dags/example_branch_day_of_week_operator.py
[2025-12-08T07:21:00.636+0000] {processor.py:914} INFO - Processing file /home/airflow/.local/lib/python3.12/site-packages/airflow/example_dags/example_branch_day_of_week_operator.py for tasks to queue
[2025-12-08T07:21:00.643+0000] {logging_mixin.py:190} INFO - [2025-12-08T07:21:00.641+0000] {dagbag.py:587} INFO - Filling up the DagBag from /home/airflow/.local/lib/python3.12/site-packages/airflow/example_dags/example_branch_day_of_week_operator.py
[2025-12-08T07:21:00.657+0000] {processor.py:925} INFO - DAG(s) 'example_weekday_branch_operator' retrieved from /home/airflow/.local/lib/python3.12/site-packages/airflow/example_dags/example_branch_day_of_week_operator.py
[2025-12-08T07:21:00.696+0000] {logging_mixin.py:190} INFO - [2025-12-08T07:21:00.696+0000] {dag.py:3211} INFO - Sync 1 DAGs
[2025-12-08T07:21:00.737+0000] {logging_mixin.py:190} INFO - [2025-12-08T07:21:00.736+0000] {dag.py:4138} INFO - Setting next_dagrun for example_weekday_branch_operator to 2025-12-07 00:00:00+00:00, run_after=2025-12-08 00:00:00+00:00
[2025-12-08T07:21:00.769+0000] {processor.py:208} INFO - Processing /home/airflow/.local/lib/python3.12/site-packages/airflow/example_dags/example_branch_day_of_week_operator.py took 0.150 seconds
[2025-12-08T07:21:31.164+0000] {processor.py:186} INFO - Started process (PID=1793) to work on /home/airflow/.local/lib/python3.12/site-packages/airflow/example_dags/example_branch_day_of_week_operator.py
[2025-12-08T07:21:31.166+0000] {processor.py:914} INFO - Processing file /home/airflow/.local/lib/python3.12/site-packages/airflow/example_dags/example_branch_day_of_week_operator.py for tasks to queue
[2025-12-08T07:21:31.172+0000] {logging_mixin.py:190} INFO - [2025-12-08T07:21:31.171+0000] {dagbag.py:587} INFO - Filling up the DagBag from /home/airflow/.local/lib/python3.12/site-packages/airflow/example_dags/example_branch_day_of_week_operator.py
[2025-12-08T07:21:31.199+0000] {processor.py:925} INFO - DAG(s) 'example_weekday_branch_operator' retrieved from /home/airflow/.local/lib/python3.12/site-packages/airflow/example_dags/example_branch_day_of_week_operator.py
[2025-12-08T07:21:31.247+0000] {logging_mixin.py:190} INFO - [2025-12-08T07:21:31.247+0000] {dag.py:3211} INFO - Sync 1 DAGs
[2025-12-08T07:21:31.314+0000] {logging_mixin.py:190} INFO - [2025-12-08T07:21:31.313+0000] {dag.py:4138} INFO - Setting next_dagrun for example_weekday_branch_operator to 2025-12-07 00:00:00+00:00, run_after=2025-12-08 00:00:00+00:00
[2025-12-08T07:21:31.366+0000] {processor.py:208} INFO - Processing /home/airflow/.local/lib/python3.12/site-packages/airflow/example_dags/example_branch_day_of_week_operator.py took 0.216 seconds
[2025-12-08T07:22:02.186+0000] {processor.py:186} INFO - Started process (PID=1855) to work on /home/airflow/.local/lib/python3.12/site-packages/airflow/example_dags/example_branch_day_of_week_operator.py
[2025-12-08T07:22:02.191+0000] {processor.py:914} INFO - Processing file /home/airflow/.local/lib/python3.12/site-packages/airflow/example_dags/example_branch_day_of_week_operator.py for tasks to queue
[2025-12-08T07:22:02.198+0000] {logging_mixin.py:190} INFO - [2025-12-08T07:22:02.198+0000] {dagbag.py:587} INFO - Filling up the DagBag from /home/airflow/.local/lib/python3.12/site-packages/airflow/example_dags/example_branch_day_of_week_operator.py
[2025-12-08T07:22:02.220+0000] {processor.py:925} INFO - DAG(s) 'example_weekday_branch_operator' retrieved from /home/airflow/.local/lib/python3.12/site-packages/airflow/example_dags/example_branch_day_of_week_operator.py
[2025-12-08T07:22:02.262+0000] {logging_mixin.py:190} INFO - [2025-12-08T07:22:02.262+0000] {dag.py:3211} INFO - Sync 1 DAGs
[2025-12-08T07:22:02.300+0000] {logging_mixin.py:190} INFO - [2025-12-08T07:22:02.300+0000] {dag.py:4138} INFO - Setting next_dagrun for example_weekday_branch_operator to 2025-12-07 00:00:00+00:00, run_after=2025-12-08 00:00:00+00:00
[2025-12-08T07:22:02.333+0000] {processor.py:208} INFO - Processing /home/airflow/.local/lib/python3.12/site-packages/airflow/example_dags/example_branch_day_of_week_operator.py took 0.158 seconds
[2025-12-08T07:22:33.075+0000] {processor.py:186} INFO - Started process (PID=1917) to work on /home/airflow/.local/lib/python3.12/site-packages/airflow/example_dags/example_branch_day_of_week_operator.py
[2025-12-08T07:22:33.078+0000] {processor.py:914} INFO - Processing file /home/airflow/.local/lib/python3.12/site-packages/airflow/example_dags/example_branch_day_of_week_operator.py for tasks to queue
[2025-12-08T07:22:33.084+0000] {logging_mixin.py:190} INFO - [2025-12-08T07:22:33.083+0000] {dagbag.py:587} INFO - Filling up the DagBag from /home/airflow/.local/lib/python3.12/site-packages/airflow/example_dags/example_branch_day_of_week_operator.py
[2025-12-08T07:22:33.103+0000] {processor.py:925} INFO - DAG(s) 'example_weekday_branch_operator' retrieved from /home/airflow/.local/lib/python3.12/site-packages/airflow/example_dags/example_branch_day_of_week_operator.py
[2025-12-08T07:22:33.143+0000] {logging_mixin.py:190} INFO - [2025-12-08T07:22:33.143+0000] {dag.py:3211} INFO - Sync 1 DAGs
[2025-12-08T07:22:33.194+0000] {logging_mixin.py:190} INFO - [2025-12-08T07:22:33.193+0000] {dag.py:4138} INFO - Setting next_dagrun for example_weekday_branch_operator to 2025-12-07 00:00:00+00:00, run_after=2025-12-08 00:00:00+00:00
[2025-12-08T07:22:33.230+0000] {processor.py:208} INFO - Processing /home/airflow/.local/lib/python3.12/site-packages/airflow/example_dags/example_branch_day_of_week_operator.py took 0.172 seconds
[2025-12-08T07:23:04.089+0000] {processor.py:186} INFO - Started process (PID=1979) to work on /home/airflow/.local/lib/python3.12/site-packages/airflow/example_dags/example_branch_day_of_week_operator.py
[2025-12-08T07:23:04.093+0000] {processor.py:914} INFO - Processing file /home/airflow/.local/lib/python3.12/site-packages/airflow/example_dags/example_branch_day_of_week_operator.py for tasks to queue
[2025-12-08T07:23:04.100+0000] {logging_mixin.py:190} INFO - [2025-12-08T07:23:04.100+0000] {dagbag.py:587} INFO - Filling up the DagBag from /home/airflow/.local/lib/python3.12/site-packages/airflow/example_dags/example_branch_day_of_week_operator.py
[2025-12-08T07:23:04.122+0000] {processor.py:925} INFO - DAG(s) 'example_weekday_branch_operator' retrieved from /home/airflow/.local/lib/python3.12/site-packages/airflow/example_dags/example_branch_day_of_week_operator.py
[2025-12-08T07:23:04.160+0000] {logging_mixin.py:190} INFO - [2025-12-08T07:23:04.159+0000] {dag.py:3211} INFO - Sync 1 DAGs
[2025-12-08T07:23:04.201+0000] {logging_mixin.py:190} INFO - [2025-12-08T07:23:04.200+0000] {dag.py:4138} INFO - Setting next_dagrun for example_weekday_branch_operator to 2025-12-07 00:00:00+00:00, run_after=2025-12-08 00:00:00+00:00
[2025-12-08T07:23:04.235+0000] {processor.py:208} INFO - Processing /home/airflow/.local/lib/python3.12/site-packages/airflow/example_dags/example_branch_day_of_week_operator.py took 0.165 seconds
[2025-12-08T07:23:34.973+0000] {processor.py:186} INFO - Started process (PID=2041) to work on /home/airflow/.local/lib/python3.12/site-packages/airflow/example_dags/example_branch_day_of_week_operator.py
[2025-12-08T07:23:34.980+0000] {processor.py:914} INFO - Processing file /home/airflow/.local/lib/python3.12/site-packages/airflow/example_dags/example_branch_day_of_week_operator.py for tasks to queue
[2025-12-08T07:23:34.987+0000] {logging_mixin.py:190} INFO - [2025-12-08T07:23:34.986+0000] {dagbag.py:587} INFO - Filling up the DagBag from /home/airflow/.local/lib/python3.12/site-packages/airflow/example_dags/example_branch_day_of_week_operator.py
[2025-12-08T07:23:35.006+0000] {processor.py:925} INFO - DAG(s) 'example_weekday_branch_operator' retrieved from /home/airflow/.local/lib/python3.12/site-packages/airflow/example_dags/example_branch_day_of_week_operator.py
[2025-12-08T07:23:35.044+0000] {logging_mixin.py:190} INFO - [2025-12-08T07:23:35.043+0000] {dag.py:3211} INFO - Sync 1 DAGs
[2025-12-08T07:23:35.083+0000] {logging_mixin.py:190} INFO - [2025-12-08T07:23:35.083+0000] {dag.py:4138} INFO - Setting next_dagrun for example_weekday_branch_operator to 2025-12-07 00:00:00+00:00, run_after=2025-12-08 00:00:00+00:00
[2025-12-08T07:23:35.116+0000] {processor.py:208} INFO - Processing /home/airflow/.local/lib/python3.12/site-packages/airflow/example_dags/example_branch_day_of_week_operator.py took 0.156 seconds
[2025-12-08T07:24:06.412+0000] {processor.py:186} INFO - Started process (PID=2103) to work on /home/airflow/.local/lib/python3.12/site-packages/airflow/example_dags/example_branch_day_of_week_operator.py
[2025-12-08T07:24:06.415+0000] {processor.py:914} INFO - Processing file /home/airflow/.local/lib/python3.12/site-packages/airflow/example_dags/example_branch_day_of_week_operator.py for tasks to queue
[2025-12-08T07:24:06.423+0000] {logging_mixin.py:190} INFO - [2025-12-08T07:24:06.421+0000] {dagbag.py:587} INFO - Filling up the DagBag from /home/airflow/.local/lib/python3.12/site-packages/airflow/example_dags/example_branch_day_of_week_operator.py
[2025-12-08T07:24:06.452+0000] {processor.py:925} INFO - DAG(s) 'example_weekday_branch_operator' retrieved from /home/airflow/.local/lib/python3.12/site-packages/airflow/example_dags/example_branch_day_of_week_operator.py
[2025-12-08T07:24:06.538+0000] {logging_mixin.py:190} INFO - [2025-12-08T07:24:06.537+0000] {dag.py:3211} INFO - Sync 1 DAGs
[2025-12-08T07:24:06.617+0000] {logging_mixin.py:190} INFO - [2025-12-08T07:24:06.616+0000] {dag.py:4138} INFO - Setting next_dagrun for example_weekday_branch_operator to 2025-12-07 00:00:00+00:00, run_after=2025-12-08 00:00:00+00:00
[2025-12-08T07:24:06.680+0000] {processor.py:208} INFO - Processing /home/airflow/.local/lib/python3.12/site-packages/airflow/example_dags/example_branch_day_of_week_operator.py took 0.283 seconds
[2025-12-08T07:24:36.886+0000] {processor.py:186} INFO - Started process (PID=2165) to work on /home/airflow/.local/lib/python3.12/site-packages/airflow/example_dags/example_branch_day_of_week_operator.py
[2025-12-08T07:24:36.890+0000] {processor.py:914} INFO - Processing file /home/airflow/.local/lib/python3.12/site-packages/airflow/example_dags/example_branch_day_of_week_operator.py for tasks to queue
[2025-12-08T07:24:36.899+0000] {logging_mixin.py:190} INFO - [2025-12-08T07:24:36.898+0000] {dagbag.py:587} INFO - Filling up the DagBag from /home/airflow/.local/lib/python3.12/site-packages/airflow/example_dags/example_branch_day_of_week_operator.py
[2025-12-08T07:24:36.930+0000] {processor.py:925} INFO - DAG(s) 'example_weekday_branch_operator' retrieved from /home/airflow/.local/lib/python3.12/site-packages/airflow/example_dags/example_branch_day_of_week_operator.py
[2025-12-08T07:24:36.976+0000] {logging_mixin.py:190} INFO - [2025-12-08T07:24:36.975+0000] {dag.py:3211} INFO - Sync 1 DAGs
[2025-12-08T07:24:37.016+0000] {logging_mixin.py:190} INFO - [2025-12-08T07:24:37.015+0000] {dag.py:4138} INFO - Setting next_dagrun for example_weekday_branch_operator to 2025-12-07 00:00:00+00:00, run_after=2025-12-08 00:00:00+00:00
[2025-12-08T07:24:37.063+0000] {processor.py:208} INFO - Processing /home/airflow/.local/lib/python3.12/site-packages/airflow/example_dags/example_branch_day_of_week_operator.py took 0.198 seconds
[2025-12-08T07:26:41.775+0000] {processor.py:186} INFO - Started process (PID=116) to work on /home/airflow/.local/lib/python3.12/site-packages/airflow/example_dags/example_branch_day_of_week_operator.py
[2025-12-08T07:26:41.778+0000] {processor.py:914} INFO - Processing file /home/airflow/.local/lib/python3.12/site-packages/airflow/example_dags/example_branch_day_of_week_operator.py for tasks to queue
[2025-12-08T07:26:41.784+0000] {logging_mixin.py:190} INFO - [2025-12-08T07:26:41.783+0000] {dagbag.py:587} INFO - Filling up the DagBag from /home/airflow/.local/lib/python3.12/site-packages/airflow/example_dags/example_branch_day_of_week_operator.py
[2025-12-08T07:26:41.804+0000] {processor.py:925} INFO - DAG(s) 'example_weekday_branch_operator' retrieved from /home/airflow/.local/lib/python3.12/site-packages/airflow/example_dags/example_branch_day_of_week_operator.py
[2025-12-08T07:26:41.845+0000] {logging_mixin.py:190} INFO - [2025-12-08T07:26:41.845+0000] {dag.py:3211} INFO - Sync 1 DAGs
[2025-12-08T07:26:41.889+0000] {logging_mixin.py:190} INFO - [2025-12-08T07:26:41.889+0000] {dag.py:4138} INFO - Setting next_dagrun for example_weekday_branch_operator to 2025-12-07 00:00:00+00:00, run_after=2025-12-08 00:00:00+00:00
[2025-12-08T07:26:41.935+0000] {processor.py:208} INFO - Processing /home/airflow/.local/lib/python3.12/site-packages/airflow/example_dags/example_branch_day_of_week_operator.py took 0.169 seconds
[2025-12-08T07:27:13.493+0000] {processor.py:186} INFO - Started process (PID=179) to work on /home/airflow/.local/lib/python3.12/site-packages/airflow/example_dags/example_branch_day_of_week_operator.py
[2025-12-08T07:27:13.495+0000] {processor.py:914} INFO - Processing file /home/airflow/.local/lib/python3.12/site-packages/airflow/example_dags/example_branch_day_of_week_operator.py for tasks to queue
[2025-12-08T07:27:13.503+0000] {logging_mixin.py:190} INFO - [2025-12-08T07:27:13.502+0000] {dagbag.py:587} INFO - Filling up the DagBag from /home/airflow/.local/lib/python3.12/site-packages/airflow/example_dags/example_branch_day_of_week_operator.py
[2025-12-08T07:27:13.536+0000] {processor.py:925} INFO - DAG(s) 'example_weekday_branch_operator' retrieved from /home/airflow/.local/lib/python3.12/site-packages/airflow/example_dags/example_branch_day_of_week_operator.py
[2025-12-08T07:27:13.612+0000] {logging_mixin.py:190} INFO - [2025-12-08T07:27:13.611+0000] {dag.py:3211} INFO - Sync 1 DAGs
[2025-12-08T07:27:13.661+0000] {logging_mixin.py:190} INFO - [2025-12-08T07:27:13.661+0000] {dag.py:4138} INFO - Setting next_dagrun for example_weekday_branch_operator to 2025-12-07 00:00:00+00:00, run_after=2025-12-08 00:00:00+00:00
[2025-12-08T07:27:13.732+0000] {processor.py:208} INFO - Processing /home/airflow/.local/lib/python3.12/site-packages/airflow/example_dags/example_branch_day_of_week_operator.py took 0.256 seconds
[2025-12-08T07:27:44.708+0000] {processor.py:186} INFO - Started process (PID=248) to work on /home/airflow/.local/lib/python3.12/site-packages/airflow/example_dags/example_branch_day_of_week_operator.py
[2025-12-08T07:27:44.712+0000] {processor.py:914} INFO - Processing file /home/airflow/.local/lib/python3.12/site-packages/airflow/example_dags/example_branch_day_of_week_operator.py for tasks to queue
[2025-12-08T07:27:44.722+0000] {logging_mixin.py:190} INFO - [2025-12-08T07:27:44.721+0000] {dagbag.py:587} INFO - Filling up the DagBag from /home/airflow/.local/lib/python3.12/site-packages/airflow/example_dags/example_branch_day_of_week_operator.py
[2025-12-08T07:27:44.762+0000] {processor.py:925} INFO - DAG(s) 'example_weekday_branch_operator' retrieved from /home/airflow/.local/lib/python3.12/site-packages/airflow/example_dags/example_branch_day_of_week_operator.py
[2025-12-08T07:27:44.966+0000] {logging_mixin.py:190} INFO - [2025-12-08T07:27:44.963+0000] {dag.py:3211} INFO - Sync 1 DAGs
[2025-12-08T07:27:45.395+0000] {logging_mixin.py:190} INFO - [2025-12-08T07:27:45.393+0000] {dag.py:4138} INFO - Setting next_dagrun for example_weekday_branch_operator to 2025-12-07 00:00:00+00:00, run_after=2025-12-08 00:00:00+00:00
[2025-12-08T07:27:45.639+0000] {processor.py:208} INFO - Processing /home/airflow/.local/lib/python3.12/site-packages/airflow/example_dags/example_branch_day_of_week_operator.py took 0.956 seconds
[2025-12-08T07:28:15.826+0000] {processor.py:186} INFO - Started process (PID=317) to work on /home/airflow/.local/lib/python3.12/site-packages/airflow/example_dags/example_branch_day_of_week_operator.py
[2025-12-08T07:28:15.828+0000] {processor.py:914} INFO - Processing file /home/airflow/.local/lib/python3.12/site-packages/airflow/example_dags/example_branch_day_of_week_operator.py for tasks to queue
[2025-12-08T07:28:15.835+0000] {logging_mixin.py:190} INFO - [2025-12-08T07:28:15.834+0000] {dagbag.py:587} INFO - Filling up the DagBag from /home/airflow/.local/lib/python3.12/site-packages/airflow/example_dags/example_branch_day_of_week_operator.py
[2025-12-08T07:28:15.852+0000] {processor.py:925} INFO - DAG(s) 'example_weekday_branch_operator' retrieved from /home/airflow/.local/lib/python3.12/site-packages/airflow/example_dags/example_branch_day_of_week_operator.py
[2025-12-08T07:28:15.901+0000] {logging_mixin.py:190} INFO - [2025-12-08T07:28:15.901+0000] {dag.py:3211} INFO - Sync 1 DAGs
[2025-12-08T07:28:15.947+0000] {logging_mixin.py:190} INFO - [2025-12-08T07:28:15.947+0000] {dag.py:4138} INFO - Setting next_dagrun for example_weekday_branch_operator to 2025-12-07 00:00:00+00:00, run_after=2025-12-08 00:00:00+00:00
[2025-12-08T07:28:16.000+0000] {processor.py:208} INFO - Processing /home/airflow/.local/lib/python3.12/site-packages/airflow/example_dags/example_branch_day_of_week_operator.py took 0.186 seconds
[2025-12-08T07:28:50.737+0000] {processor.py:186} INFO - Started process (PID=386) to work on /home/airflow/.local/lib/python3.12/site-packages/airflow/example_dags/example_branch_day_of_week_operator.py
[2025-12-08T07:28:50.739+0000] {processor.py:914} INFO - Processing file /home/airflow/.local/lib/python3.12/site-packages/airflow/example_dags/example_branch_day_of_week_operator.py for tasks to queue
[2025-12-08T07:28:50.746+0000] {logging_mixin.py:190} INFO - [2025-12-08T07:28:50.745+0000] {dagbag.py:587} INFO - Filling up the DagBag from /home/airflow/.local/lib/python3.12/site-packages/airflow/example_dags/example_branch_day_of_week_operator.py
[2025-12-08T07:28:50.769+0000] {processor.py:925} INFO - DAG(s) 'example_weekday_branch_operator' retrieved from /home/airflow/.local/lib/python3.12/site-packages/airflow/example_dags/example_branch_day_of_week_operator.py
[2025-12-08T07:28:50.827+0000] {logging_mixin.py:190} INFO - [2025-12-08T07:28:50.827+0000] {dag.py:3211} INFO - Sync 1 DAGs
[2025-12-08T07:28:50.901+0000] {logging_mixin.py:190} INFO - [2025-12-08T07:28:50.901+0000] {dag.py:4138} INFO - Setting next_dagrun for example_weekday_branch_operator to 2025-12-07 00:00:00+00:00, run_after=2025-12-08 00:00:00+00:00
[2025-12-08T07:28:50.957+0000] {processor.py:208} INFO - Processing /home/airflow/.local/lib/python3.12/site-packages/airflow/example_dags/example_branch_day_of_week_operator.py took 0.232 seconds
[2025-12-08T07:29:22.032+0000] {processor.py:186} INFO - Started process (PID=449) to work on /home/airflow/.local/lib/python3.12/site-packages/airflow/example_dags/example_branch_day_of_week_operator.py
[2025-12-08T07:29:22.034+0000] {processor.py:914} INFO - Processing file /home/airflow/.local/lib/python3.12/site-packages/airflow/example_dags/example_branch_day_of_week_operator.py for tasks to queue
[2025-12-08T07:29:22.040+0000] {logging_mixin.py:190} INFO - [2025-12-08T07:29:22.039+0000] {dagbag.py:587} INFO - Filling up the DagBag from /home/airflow/.local/lib/python3.12/site-packages/airflow/example_dags/example_branch_day_of_week_operator.py
[2025-12-08T07:29:22.069+0000] {processor.py:925} INFO - DAG(s) 'example_weekday_branch_operator' retrieved from /home/airflow/.local/lib/python3.12/site-packages/airflow/example_dags/example_branch_day_of_week_operator.py
[2025-12-08T07:29:22.126+0000] {logging_mixin.py:190} INFO - [2025-12-08T07:29:22.126+0000] {dag.py:3211} INFO - Sync 1 DAGs
[2025-12-08T07:29:22.185+0000] {logging_mixin.py:190} INFO - [2025-12-08T07:29:22.185+0000] {dag.py:4138} INFO - Setting next_dagrun for example_weekday_branch_operator to 2025-12-07 00:00:00+00:00, run_after=2025-12-08 00:00:00+00:00
[2025-12-08T07:29:22.231+0000] {processor.py:208} INFO - Processing /home/airflow/.local/lib/python3.12/site-packages/airflow/example_dags/example_branch_day_of_week_operator.py took 0.217 seconds
[2025-12-08T07:29:52.590+0000] {processor.py:186} INFO - Started process (PID=512) to work on /home/airflow/.local/lib/python3.12/site-packages/airflow/example_dags/example_branch_day_of_week_operator.py
[2025-12-08T07:29:52.593+0000] {processor.py:914} INFO - Processing file /home/airflow/.local/lib/python3.12/site-packages/airflow/example_dags/example_branch_day_of_week_operator.py for tasks to queue
[2025-12-08T07:29:52.599+0000] {logging_mixin.py:190} INFO - [2025-12-08T07:29:52.598+0000] {dagbag.py:587} INFO - Filling up the DagBag from /home/airflow/.local/lib/python3.12/site-packages/airflow/example_dags/example_branch_day_of_week_operator.py
[2025-12-08T07:29:52.634+0000] {processor.py:925} INFO - DAG(s) 'example_weekday_branch_operator' retrieved from /home/airflow/.local/lib/python3.12/site-packages/airflow/example_dags/example_branch_day_of_week_operator.py
[2025-12-08T07:29:52.686+0000] {logging_mixin.py:190} INFO - [2025-12-08T07:29:52.685+0000] {dag.py:3211} INFO - Sync 1 DAGs
[2025-12-08T07:29:52.733+0000] {logging_mixin.py:190} INFO - [2025-12-08T07:29:52.732+0000] {dag.py:4138} INFO - Setting next_dagrun for example_weekday_branch_operator to 2025-12-07 00:00:00+00:00, run_after=2025-12-08 00:00:00+00:00
[2025-12-08T07:29:52.779+0000] {processor.py:208} INFO - Processing /home/airflow/.local/lib/python3.12/site-packages/airflow/example_dags/example_branch_day_of_week_operator.py took 0.207 seconds
[2025-12-08T07:30:22.977+0000] {processor.py:186} INFO - Started process (PID=575) to work on /home/airflow/.local/lib/python3.12/site-packages/airflow/example_dags/example_branch_day_of_week_operator.py
[2025-12-08T07:30:22.981+0000] {processor.py:914} INFO - Processing file /home/airflow/.local/lib/python3.12/site-packages/airflow/example_dags/example_branch_day_of_week_operator.py for tasks to queue
[2025-12-08T07:30:22.987+0000] {logging_mixin.py:190} INFO - [2025-12-08T07:30:22.987+0000] {dagbag.py:587} INFO - Filling up the DagBag from /home/airflow/.local/lib/python3.12/site-packages/airflow/example_dags/example_branch_day_of_week_operator.py
[2025-12-08T07:30:23.008+0000] {processor.py:925} INFO - DAG(s) 'example_weekday_branch_operator' retrieved from /home/airflow/.local/lib/python3.12/site-packages/airflow/example_dags/example_branch_day_of_week_operator.py
[2025-12-08T07:30:23.049+0000] {logging_mixin.py:190} INFO - [2025-12-08T07:30:23.049+0000] {dag.py:3211} INFO - Sync 1 DAGs
[2025-12-08T07:30:23.089+0000] {logging_mixin.py:190} INFO - [2025-12-08T07:30:23.088+0000] {dag.py:4138} INFO - Setting next_dagrun for example_weekday_branch_operator to 2025-12-07 00:00:00+00:00, run_after=2025-12-08 00:00:00+00:00
[2025-12-08T07:30:23.125+0000] {processor.py:208} INFO - Processing /home/airflow/.local/lib/python3.12/site-packages/airflow/example_dags/example_branch_day_of_week_operator.py took 0.157 seconds
[2025-12-08T07:30:53.466+0000] {processor.py:186} INFO - Started process (PID=638) to work on /home/airflow/.local/lib/python3.12/site-packages/airflow/example_dags/example_branch_day_of_week_operator.py
[2025-12-08T07:30:53.470+0000] {processor.py:914} INFO - Processing file /home/airflow/.local/lib/python3.12/site-packages/airflow/example_dags/example_branch_day_of_week_operator.py for tasks to queue
[2025-12-08T07:30:53.477+0000] {logging_mixin.py:190} INFO - [2025-12-08T07:30:53.476+0000] {dagbag.py:587} INFO - Filling up the DagBag from /home/airflow/.local/lib/python3.12/site-packages/airflow/example_dags/example_branch_day_of_week_operator.py
[2025-12-08T07:30:53.496+0000] {processor.py:925} INFO - DAG(s) 'example_weekday_branch_operator' retrieved from /home/airflow/.local/lib/python3.12/site-packages/airflow/example_dags/example_branch_day_of_week_operator.py
[2025-12-08T07:30:53.552+0000] {logging_mixin.py:190} INFO - [2025-12-08T07:30:53.551+0000] {dag.py:3211} INFO - Sync 1 DAGs
[2025-12-08T07:30:53.601+0000] {logging_mixin.py:190} INFO - [2025-12-08T07:30:53.600+0000] {dag.py:4138} INFO - Setting next_dagrun for example_weekday_branch_operator to 2025-12-07 00:00:00+00:00, run_after=2025-12-08 00:00:00+00:00
[2025-12-08T07:30:53.641+0000] {processor.py:208} INFO - Processing /home/airflow/.local/lib/python3.12/site-packages/airflow/example_dags/example_branch_day_of_week_operator.py took 0.186 seconds
[2025-12-08T07:31:24.219+0000] {processor.py:186} INFO - Started process (PID=701) to work on /home/airflow/.local/lib/python3.12/site-packages/airflow/example_dags/example_branch_day_of_week_operator.py
[2025-12-08T07:31:24.221+0000] {processor.py:914} INFO - Processing file /home/airflow/.local/lib/python3.12/site-packages/airflow/example_dags/example_branch_day_of_week_operator.py for tasks to queue
[2025-12-08T07:31:24.226+0000] {logging_mixin.py:190} INFO - [2025-12-08T07:31:24.225+0000] {dagbag.py:587} INFO - Filling up the DagBag from /home/airflow/.local/lib/python3.12/site-packages/airflow/example_dags/example_branch_day_of_week_operator.py
[2025-12-08T07:31:24.243+0000] {processor.py:925} INFO - DAG(s) 'example_weekday_branch_operator' retrieved from /home/airflow/.local/lib/python3.12/site-packages/airflow/example_dags/example_branch_day_of_week_operator.py
[2025-12-08T07:31:24.287+0000] {logging_mixin.py:190} INFO - [2025-12-08T07:31:24.287+0000] {dag.py:3211} INFO - Sync 1 DAGs
[2025-12-08T07:31:24.328+0000] {logging_mixin.py:190} INFO - [2025-12-08T07:31:24.327+0000] {dag.py:4138} INFO - Setting next_dagrun for example_weekday_branch_operator to 2025-12-07 00:00:00+00:00, run_after=2025-12-08 00:00:00+00:00
[2025-12-08T07:31:24.366+0000] {processor.py:208} INFO - Processing /home/airflow/.local/lib/python3.12/site-packages/airflow/example_dags/example_branch_day_of_week_operator.py took 0.157 seconds
[2025-12-08T07:31:55.438+0000] {processor.py:186} INFO - Started process (PID=764) to work on /home/airflow/.local/lib/python3.12/site-packages/airflow/example_dags/example_branch_day_of_week_operator.py
[2025-12-08T07:31:55.440+0000] {processor.py:914} INFO - Processing file /home/airflow/.local/lib/python3.12/site-packages/airflow/example_dags/example_branch_day_of_week_operator.py for tasks to queue
[2025-12-08T07:31:55.447+0000] {logging_mixin.py:190} INFO - [2025-12-08T07:31:55.445+0000] {dagbag.py:587} INFO - Filling up the DagBag from /home/airflow/.local/lib/python3.12/site-packages/airflow/example_dags/example_branch_day_of_week_operator.py
[2025-12-08T07:31:55.464+0000] {processor.py:925} INFO - DAG(s) 'example_weekday_branch_operator' retrieved from /home/airflow/.local/lib/python3.12/site-packages/airflow/example_dags/example_branch_day_of_week_operator.py
[2025-12-08T07:31:55.520+0000] {logging_mixin.py:190} INFO - [2025-12-08T07:31:55.519+0000] {dag.py:3211} INFO - Sync 1 DAGs
[2025-12-08T07:31:55.563+0000] {logging_mixin.py:190} INFO - [2025-12-08T07:31:55.562+0000] {dag.py:4138} INFO - Setting next_dagrun for example_weekday_branch_operator to 2025-12-07 00:00:00+00:00, run_after=2025-12-08 00:00:00+00:00
[2025-12-08T07:31:55.598+0000] {processor.py:208} INFO - Processing /home/airflow/.local/lib/python3.12/site-packages/airflow/example_dags/example_branch_day_of_week_operator.py took 0.172 seconds
[2025-12-08T07:32:26.570+0000] {processor.py:186} INFO - Started process (PID=827) to work on /home/airflow/.local/lib/python3.12/site-packages/airflow/example_dags/example_branch_day_of_week_operator.py
[2025-12-08T07:32:26.573+0000] {processor.py:914} INFO - Processing file /home/airflow/.local/lib/python3.12/site-packages/airflow/example_dags/example_branch_day_of_week_operator.py for tasks to queue
[2025-12-08T07:32:26.579+0000] {logging_mixin.py:190} INFO - [2025-12-08T07:32:26.578+0000] {dagbag.py:587} INFO - Filling up the DagBag from /home/airflow/.local/lib/python3.12/site-packages/airflow/example_dags/example_branch_day_of_week_operator.py
[2025-12-08T07:32:26.601+0000] {processor.py:925} INFO - DAG(s) 'example_weekday_branch_operator' retrieved from /home/airflow/.local/lib/python3.12/site-packages/airflow/example_dags/example_branch_day_of_week_operator.py
[2025-12-08T07:32:26.653+0000] {logging_mixin.py:190} INFO - [2025-12-08T07:32:26.653+0000] {dag.py:3211} INFO - Sync 1 DAGs
[2025-12-08T07:32:26.697+0000] {logging_mixin.py:190} INFO - [2025-12-08T07:32:26.697+0000] {dag.py:4138} INFO - Setting next_dagrun for example_weekday_branch_operator to 2025-12-07 00:00:00+00:00, run_after=2025-12-08 00:00:00+00:00
[2025-12-08T07:32:26.740+0000] {processor.py:208} INFO - Processing /home/airflow/.local/lib/python3.12/site-packages/airflow/example_dags/example_branch_day_of_week_operator.py took 0.189 seconds
[2025-12-08T07:32:57.461+0000] {processor.py:186} INFO - Started process (PID=890) to work on /home/airflow/.local/lib/python3.12/site-packages/airflow/example_dags/example_branch_day_of_week_operator.py
[2025-12-08T07:32:57.463+0000] {processor.py:914} INFO - Processing file /home/airflow/.local/lib/python3.12/site-packages/airflow/example_dags/example_branch_day_of_week_operator.py for tasks to queue
[2025-12-08T07:32:57.470+0000] {logging_mixin.py:190} INFO - [2025-12-08T07:32:57.469+0000] {dagbag.py:587} INFO - Filling up the DagBag from /home/airflow/.local/lib/python3.12/site-packages/airflow/example_dags/example_branch_day_of_week_operator.py
[2025-12-08T07:32:57.494+0000] {processor.py:925} INFO - DAG(s) 'example_weekday_branch_operator' retrieved from /home/airflow/.local/lib/python3.12/site-packages/airflow/example_dags/example_branch_day_of_week_operator.py
[2025-12-08T07:32:57.558+0000] {logging_mixin.py:190} INFO - [2025-12-08T07:32:57.557+0000] {dag.py:3211} INFO - Sync 1 DAGs
[2025-12-08T07:32:57.628+0000] {logging_mixin.py:190} INFO - [2025-12-08T07:32:57.628+0000] {dag.py:4138} INFO - Setting next_dagrun for example_weekday_branch_operator to 2025-12-07 00:00:00+00:00, run_after=2025-12-08 00:00:00+00:00
[2025-12-08T07:32:57.678+0000] {processor.py:208} INFO - Processing /home/airflow/.local/lib/python3.12/site-packages/airflow/example_dags/example_branch_day_of_week_operator.py took 0.238 seconds
[2025-12-08T07:33:27.995+0000] {processor.py:186} INFO - Started process (PID=953) to work on /home/airflow/.local/lib/python3.12/site-packages/airflow/example_dags/example_branch_day_of_week_operator.py
[2025-12-08T07:33:27.997+0000] {processor.py:914} INFO - Processing file /home/airflow/.local/lib/python3.12/site-packages/airflow/example_dags/example_branch_day_of_week_operator.py for tasks to queue
[2025-12-08T07:33:28.002+0000] {logging_mixin.py:190} INFO - [2025-12-08T07:33:28.001+0000] {dagbag.py:587} INFO - Filling up the DagBag from /home/airflow/.local/lib/python3.12/site-packages/airflow/example_dags/example_branch_day_of_week_operator.py
[2025-12-08T07:33:28.024+0000] {processor.py:925} INFO - DAG(s) 'example_weekday_branch_operator' retrieved from /home/airflow/.local/lib/python3.12/site-packages/airflow/example_dags/example_branch_day_of_week_operator.py
[2025-12-08T07:33:28.064+0000] {logging_mixin.py:190} INFO - [2025-12-08T07:33:28.063+0000] {dag.py:3211} INFO - Sync 1 DAGs
[2025-12-08T07:33:28.102+0000] {logging_mixin.py:190} INFO - [2025-12-08T07:33:28.101+0000] {dag.py:4138} INFO - Setting next_dagrun for example_weekday_branch_operator to 2025-12-07 00:00:00+00:00, run_after=2025-12-08 00:00:00+00:00
[2025-12-08T07:33:28.136+0000] {processor.py:208} INFO - Processing /home/airflow/.local/lib/python3.12/site-packages/airflow/example_dags/example_branch_day_of_week_operator.py took 0.152 seconds
[2025-12-08T07:33:58.917+0000] {processor.py:186} INFO - Started process (PID=1016) to work on /home/airflow/.local/lib/python3.12/site-packages/airflow/example_dags/example_branch_day_of_week_operator.py
[2025-12-08T07:33:58.919+0000] {processor.py:914} INFO - Processing file /home/airflow/.local/lib/python3.12/site-packages/airflow/example_dags/example_branch_day_of_week_operator.py for tasks to queue
[2025-12-08T07:33:58.926+0000] {logging_mixin.py:190} INFO - [2025-12-08T07:33:58.925+0000] {dagbag.py:587} INFO - Filling up the DagBag from /home/airflow/.local/lib/python3.12/site-packages/airflow/example_dags/example_branch_day_of_week_operator.py
[2025-12-08T07:33:58.942+0000] {processor.py:925} INFO - DAG(s) 'example_weekday_branch_operator' retrieved from /home/airflow/.local/lib/python3.12/site-packages/airflow/example_dags/example_branch_day_of_week_operator.py
[2025-12-08T07:33:58.985+0000] {logging_mixin.py:190} INFO - [2025-12-08T07:33:58.985+0000] {dag.py:3211} INFO - Sync 1 DAGs
[2025-12-08T07:33:59.049+0000] {logging_mixin.py:190} INFO - [2025-12-08T07:33:59.049+0000] {dag.py:4138} INFO - Setting next_dagrun for example_weekday_branch_operator to 2025-12-07 00:00:00+00:00, run_after=2025-12-08 00:00:00+00:00
[2025-12-08T07:33:59.090+0000] {processor.py:208} INFO - Processing /home/airflow/.local/lib/python3.12/site-packages/airflow/example_dags/example_branch_day_of_week_operator.py took 0.183 seconds
[2025-12-08T07:34:29.375+0000] {processor.py:186} INFO - Started process (PID=1078) to work on /home/airflow/.local/lib/python3.12/site-packages/airflow/example_dags/example_branch_day_of_week_operator.py
[2025-12-08T07:34:29.377+0000] {processor.py:914} INFO - Processing file /home/airflow/.local/lib/python3.12/site-packages/airflow/example_dags/example_branch_day_of_week_operator.py for tasks to queue
[2025-12-08T07:34:29.383+0000] {logging_mixin.py:190} INFO - [2025-12-08T07:34:29.382+0000] {dagbag.py:587} INFO - Filling up the DagBag from /home/airflow/.local/lib/python3.12/site-packages/airflow/example_dags/example_branch_day_of_week_operator.py
[2025-12-08T07:34:29.401+0000] {processor.py:925} INFO - DAG(s) 'example_weekday_branch_operator' retrieved from /home/airflow/.local/lib/python3.12/site-packages/airflow/example_dags/example_branch_day_of_week_operator.py
[2025-12-08T07:34:29.439+0000] {logging_mixin.py:190} INFO - [2025-12-08T07:34:29.439+0000] {dag.py:3211} INFO - Sync 1 DAGs
[2025-12-08T07:34:29.482+0000] {logging_mixin.py:190} INFO - [2025-12-08T07:34:29.481+0000] {dag.py:4138} INFO - Setting next_dagrun for example_weekday_branch_operator to 2025-12-07 00:00:00+00:00, run_after=2025-12-08 00:00:00+00:00
[2025-12-08T07:34:29.516+0000] {processor.py:208} INFO - Processing /home/airflow/.local/lib/python3.12/site-packages/airflow/example_dags/example_branch_day_of_week_operator.py took 0.150 seconds
[2025-12-08T07:35:00.559+0000] {processor.py:186} INFO - Started process (PID=1143) to work on /home/airflow/.local/lib/python3.12/site-packages/airflow/example_dags/example_branch_day_of_week_operator.py
[2025-12-08T07:35:00.561+0000] {processor.py:914} INFO - Processing file /home/airflow/.local/lib/python3.12/site-packages/airflow/example_dags/example_branch_day_of_week_operator.py for tasks to queue
[2025-12-08T07:35:00.567+0000] {logging_mixin.py:190} INFO - [2025-12-08T07:35:00.567+0000] {dagbag.py:587} INFO - Filling up the DagBag from /home/airflow/.local/lib/python3.12/site-packages/airflow/example_dags/example_branch_day_of_week_operator.py
[2025-12-08T07:35:00.591+0000] {processor.py:925} INFO - DAG(s) 'example_weekday_branch_operator' retrieved from /home/airflow/.local/lib/python3.12/site-packages/airflow/example_dags/example_branch_day_of_week_operator.py
[2025-12-08T07:35:00.635+0000] {logging_mixin.py:190} INFO - [2025-12-08T07:35:00.635+0000] {dag.py:3211} INFO - Sync 1 DAGs
[2025-12-08T07:35:00.692+0000] {logging_mixin.py:190} INFO - [2025-12-08T07:35:00.692+0000] {dag.py:4138} INFO - Setting next_dagrun for example_weekday_branch_operator to 2025-12-07 00:00:00+00:00, run_after=2025-12-08 00:00:00+00:00
[2025-12-08T07:35:00.731+0000] {processor.py:208} INFO - Processing /home/airflow/.local/lib/python3.12/site-packages/airflow/example_dags/example_branch_day_of_week_operator.py took 0.182 seconds
[2025-12-08T07:35:30.972+0000] {processor.py:186} INFO - Started process (PID=1207) to work on /home/airflow/.local/lib/python3.12/site-packages/airflow/example_dags/example_branch_day_of_week_operator.py
[2025-12-08T07:35:30.975+0000] {processor.py:914} INFO - Processing file /home/airflow/.local/lib/python3.12/site-packages/airflow/example_dags/example_branch_day_of_week_operator.py for tasks to queue
[2025-12-08T07:35:30.981+0000] {logging_mixin.py:190} INFO - [2025-12-08T07:35:30.981+0000] {dagbag.py:587} INFO - Filling up the DagBag from /home/airflow/.local/lib/python3.12/site-packages/airflow/example_dags/example_branch_day_of_week_operator.py
[2025-12-08T07:35:31.004+0000] {processor.py:925} INFO - DAG(s) 'example_weekday_branch_operator' retrieved from /home/airflow/.local/lib/python3.12/site-packages/airflow/example_dags/example_branch_day_of_week_operator.py
[2025-12-08T07:35:31.058+0000] {logging_mixin.py:190} INFO - [2025-12-08T07:35:31.058+0000] {dag.py:3211} INFO - Sync 1 DAGs
[2025-12-08T07:35:31.119+0000] {logging_mixin.py:190} INFO - [2025-12-08T07:35:31.118+0000] {dag.py:4138} INFO - Setting next_dagrun for example_weekday_branch_operator to 2025-12-07 00:00:00+00:00, run_after=2025-12-08 00:00:00+00:00
[2025-12-08T07:35:31.169+0000] {processor.py:208} INFO - Processing /home/airflow/.local/lib/python3.12/site-packages/airflow/example_dags/example_branch_day_of_week_operator.py took 0.211 seconds
[2025-12-08T07:36:01.269+0000] {processor.py:186} INFO - Started process (PID=1269) to work on /home/airflow/.local/lib/python3.12/site-packages/airflow/example_dags/example_branch_day_of_week_operator.py
[2025-12-08T07:36:01.272+0000] {processor.py:914} INFO - Processing file /home/airflow/.local/lib/python3.12/site-packages/airflow/example_dags/example_branch_day_of_week_operator.py for tasks to queue
[2025-12-08T07:36:01.276+0000] {logging_mixin.py:190} INFO - [2025-12-08T07:36:01.275+0000] {dagbag.py:587} INFO - Filling up the DagBag from /home/airflow/.local/lib/python3.12/site-packages/airflow/example_dags/example_branch_day_of_week_operator.py
[2025-12-08T07:36:01.295+0000] {processor.py:925} INFO - DAG(s) 'example_weekday_branch_operator' retrieved from /home/airflow/.local/lib/python3.12/site-packages/airflow/example_dags/example_branch_day_of_week_operator.py
[2025-12-08T07:36:01.337+0000] {logging_mixin.py:190} INFO - [2025-12-08T07:36:01.337+0000] {dag.py:3211} INFO - Sync 1 DAGs
[2025-12-08T07:36:01.384+0000] {logging_mixin.py:190} INFO - [2025-12-08T07:36:01.383+0000] {dag.py:4138} INFO - Setting next_dagrun for example_weekday_branch_operator to 2025-12-07 00:00:00+00:00, run_after=2025-12-08 00:00:00+00:00
[2025-12-08T07:36:01.424+0000] {processor.py:208} INFO - Processing /home/airflow/.local/lib/python3.12/site-packages/airflow/example_dags/example_branch_day_of_week_operator.py took 0.166 seconds
[2025-12-08T07:36:31.851+0000] {processor.py:186} INFO - Started process (PID=1332) to work on /home/airflow/.local/lib/python3.12/site-packages/airflow/example_dags/example_branch_day_of_week_operator.py
[2025-12-08T07:36:31.853+0000] {processor.py:914} INFO - Processing file /home/airflow/.local/lib/python3.12/site-packages/airflow/example_dags/example_branch_day_of_week_operator.py for tasks to queue
[2025-12-08T07:36:31.858+0000] {logging_mixin.py:190} INFO - [2025-12-08T07:36:31.857+0000] {dagbag.py:587} INFO - Filling up the DagBag from /home/airflow/.local/lib/python3.12/site-packages/airflow/example_dags/example_branch_day_of_week_operator.py
[2025-12-08T07:36:31.878+0000] {processor.py:925} INFO - DAG(s) 'example_weekday_branch_operator' retrieved from /home/airflow/.local/lib/python3.12/site-packages/airflow/example_dags/example_branch_day_of_week_operator.py
[2025-12-08T07:36:31.922+0000] {logging_mixin.py:190} INFO - [2025-12-08T07:36:31.921+0000] {dag.py:3211} INFO - Sync 1 DAGs
[2025-12-08T07:36:31.972+0000] {logging_mixin.py:190} INFO - [2025-12-08T07:36:31.971+0000] {dag.py:4138} INFO - Setting next_dagrun for example_weekday_branch_operator to 2025-12-07 00:00:00+00:00, run_after=2025-12-08 00:00:00+00:00
[2025-12-08T07:36:32.017+0000] {processor.py:208} INFO - Processing /home/airflow/.local/lib/python3.12/site-packages/airflow/example_dags/example_branch_day_of_week_operator.py took 0.177 seconds
[2025-12-08T07:37:02.477+0000] {processor.py:186} INFO - Started process (PID=1395) to work on /home/airflow/.local/lib/python3.12/site-packages/airflow/example_dags/example_branch_day_of_week_operator.py
[2025-12-08T07:37:02.481+0000] {processor.py:914} INFO - Processing file /home/airflow/.local/lib/python3.12/site-packages/airflow/example_dags/example_branch_day_of_week_operator.py for tasks to queue
[2025-12-08T07:37:02.492+0000] {logging_mixin.py:190} INFO - [2025-12-08T07:37:02.487+0000] {dagbag.py:587} INFO - Filling up the DagBag from /home/airflow/.local/lib/python3.12/site-packages/airflow/example_dags/example_branch_day_of_week_operator.py
[2025-12-08T07:37:02.519+0000] {processor.py:925} INFO - DAG(s) 'example_weekday_branch_operator' retrieved from /home/airflow/.local/lib/python3.12/site-packages/airflow/example_dags/example_branch_day_of_week_operator.py
[2025-12-08T07:37:02.567+0000] {logging_mixin.py:190} INFO - [2025-12-08T07:37:02.566+0000] {dag.py:3211} INFO - Sync 1 DAGs
[2025-12-08T07:37:02.618+0000] {logging_mixin.py:190} INFO - [2025-12-08T07:37:02.617+0000] {dag.py:4138} INFO - Setting next_dagrun for example_weekday_branch_operator to 2025-12-07 00:00:00+00:00, run_after=2025-12-08 00:00:00+00:00
[2025-12-08T07:37:02.662+0000] {processor.py:208} INFO - Processing /home/airflow/.local/lib/python3.12/site-packages/airflow/example_dags/example_branch_day_of_week_operator.py took 0.201 seconds
[2025-12-08T07:37:33.069+0000] {processor.py:186} INFO - Started process (PID=1458) to work on /home/airflow/.local/lib/python3.12/site-packages/airflow/example_dags/example_branch_day_of_week_operator.py
[2025-12-08T07:37:33.072+0000] {processor.py:914} INFO - Processing file /home/airflow/.local/lib/python3.12/site-packages/airflow/example_dags/example_branch_day_of_week_operator.py for tasks to queue
[2025-12-08T07:37:33.080+0000] {logging_mixin.py:190} INFO - [2025-12-08T07:37:33.079+0000] {dagbag.py:587} INFO - Filling up the DagBag from /home/airflow/.local/lib/python3.12/site-packages/airflow/example_dags/example_branch_day_of_week_operator.py
[2025-12-08T07:37:33.106+0000] {processor.py:925} INFO - DAG(s) 'example_weekday_branch_operator' retrieved from /home/airflow/.local/lib/python3.12/site-packages/airflow/example_dags/example_branch_day_of_week_operator.py
[2025-12-08T07:37:33.150+0000] {logging_mixin.py:190} INFO - [2025-12-08T07:37:33.150+0000] {dag.py:3211} INFO - Sync 1 DAGs
[2025-12-08T07:37:33.198+0000] {logging_mixin.py:190} INFO - [2025-12-08T07:37:33.197+0000] {dag.py:4138} INFO - Setting next_dagrun for example_weekday_branch_operator to 2025-12-07 00:00:00+00:00, run_after=2025-12-08 00:00:00+00:00
[2025-12-08T07:37:33.233+0000] {processor.py:208} INFO - Processing /home/airflow/.local/lib/python3.12/site-packages/airflow/example_dags/example_branch_day_of_week_operator.py took 0.173 seconds
[2025-12-08T07:38:03.334+0000] {processor.py:186} INFO - Started process (PID=1522) to work on /home/airflow/.local/lib/python3.12/site-packages/airflow/example_dags/example_branch_day_of_week_operator.py
[2025-12-08T07:38:03.336+0000] {processor.py:914} INFO - Processing file /home/airflow/.local/lib/python3.12/site-packages/airflow/example_dags/example_branch_day_of_week_operator.py for tasks to queue
[2025-12-08T07:38:03.341+0000] {logging_mixin.py:190} INFO - [2025-12-08T07:38:03.340+0000] {dagbag.py:587} INFO - Filling up the DagBag from /home/airflow/.local/lib/python3.12/site-packages/airflow/example_dags/example_branch_day_of_week_operator.py
[2025-12-08T07:38:03.361+0000] {processor.py:925} INFO - DAG(s) 'example_weekday_branch_operator' retrieved from /home/airflow/.local/lib/python3.12/site-packages/airflow/example_dags/example_branch_day_of_week_operator.py
[2025-12-08T07:38:03.404+0000] {logging_mixin.py:190} INFO - [2025-12-08T07:38:03.404+0000] {dag.py:3211} INFO - Sync 1 DAGs
[2025-12-08T07:38:03.456+0000] {logging_mixin.py:190} INFO - [2025-12-08T07:38:03.455+0000] {dag.py:4138} INFO - Setting next_dagrun for example_weekday_branch_operator to 2025-12-07 00:00:00+00:00, run_after=2025-12-08 00:00:00+00:00
[2025-12-08T07:38:03.512+0000] {processor.py:208} INFO - Processing /home/airflow/.local/lib/python3.12/site-packages/airflow/example_dags/example_branch_day_of_week_operator.py took 0.189 seconds
[2025-12-08T07:38:33.976+0000] {processor.py:186} INFO - Started process (PID=1585) to work on /home/airflow/.local/lib/python3.12/site-packages/airflow/example_dags/example_branch_day_of_week_operator.py
[2025-12-08T07:38:33.978+0000] {processor.py:914} INFO - Processing file /home/airflow/.local/lib/python3.12/site-packages/airflow/example_dags/example_branch_day_of_week_operator.py for tasks to queue
[2025-12-08T07:38:33.987+0000] {logging_mixin.py:190} INFO - [2025-12-08T07:38:33.986+0000] {dagbag.py:587} INFO - Filling up the DagBag from /home/airflow/.local/lib/python3.12/site-packages/airflow/example_dags/example_branch_day_of_week_operator.py
[2025-12-08T07:38:34.009+0000] {processor.py:925} INFO - DAG(s) 'example_weekday_branch_operator' retrieved from /home/airflow/.local/lib/python3.12/site-packages/airflow/example_dags/example_branch_day_of_week_operator.py
[2025-12-08T07:38:34.047+0000] {logging_mixin.py:190} INFO - [2025-12-08T07:38:34.047+0000] {dag.py:3211} INFO - Sync 1 DAGs
[2025-12-08T07:38:34.085+0000] {logging_mixin.py:190} INFO - [2025-12-08T07:38:34.084+0000] {dag.py:4138} INFO - Setting next_dagrun for example_weekday_branch_operator to 2025-12-07 00:00:00+00:00, run_after=2025-12-08 00:00:00+00:00
[2025-12-08T07:38:34.128+0000] {processor.py:208} INFO - Processing /home/airflow/.local/lib/python3.12/site-packages/airflow/example_dags/example_branch_day_of_week_operator.py took 0.164 seconds
[2025-12-08T07:39:04.232+0000] {processor.py:186} INFO - Started process (PID=1649) to work on /home/airflow/.local/lib/python3.12/site-packages/airflow/example_dags/example_branch_day_of_week_operator.py
[2025-12-08T07:39:04.234+0000] {processor.py:914} INFO - Processing file /home/airflow/.local/lib/python3.12/site-packages/airflow/example_dags/example_branch_day_of_week_operator.py for tasks to queue
[2025-12-08T07:39:04.239+0000] {logging_mixin.py:190} INFO - [2025-12-08T07:39:04.238+0000] {dagbag.py:587} INFO - Filling up the DagBag from /home/airflow/.local/lib/python3.12/site-packages/airflow/example_dags/example_branch_day_of_week_operator.py
[2025-12-08T07:39:04.255+0000] {processor.py:925} INFO - DAG(s) 'example_weekday_branch_operator' retrieved from /home/airflow/.local/lib/python3.12/site-packages/airflow/example_dags/example_branch_day_of_week_operator.py
[2025-12-08T07:39:04.308+0000] {logging_mixin.py:190} INFO - [2025-12-08T07:39:04.307+0000] {dag.py:3211} INFO - Sync 1 DAGs
[2025-12-08T07:39:04.364+0000] {logging_mixin.py:190} INFO - [2025-12-08T07:39:04.364+0000] {dag.py:4138} INFO - Setting next_dagrun for example_weekday_branch_operator to 2025-12-07 00:00:00+00:00, run_after=2025-12-08 00:00:00+00:00
[2025-12-08T07:39:04.404+0000] {processor.py:208} INFO - Processing /home/airflow/.local/lib/python3.12/site-packages/airflow/example_dags/example_branch_day_of_week_operator.py took 0.185 seconds
[2025-12-08T07:39:35.303+0000] {processor.py:186} INFO - Started process (PID=1712) to work on /home/airflow/.local/lib/python3.12/site-packages/airflow/example_dags/example_branch_day_of_week_operator.py
[2025-12-08T07:39:35.305+0000] {processor.py:914} INFO - Processing file /home/airflow/.local/lib/python3.12/site-packages/airflow/example_dags/example_branch_day_of_week_operator.py for tasks to queue
[2025-12-08T07:39:35.311+0000] {logging_mixin.py:190} INFO - [2025-12-08T07:39:35.310+0000] {dagbag.py:587} INFO - Filling up the DagBag from /home/airflow/.local/lib/python3.12/site-packages/airflow/example_dags/example_branch_day_of_week_operator.py
[2025-12-08T07:39:35.329+0000] {processor.py:925} INFO - DAG(s) 'example_weekday_branch_operator' retrieved from /home/airflow/.local/lib/python3.12/site-packages/airflow/example_dags/example_branch_day_of_week_operator.py
[2025-12-08T07:39:35.365+0000] {logging_mixin.py:190} INFO - [2025-12-08T07:39:35.365+0000] {dag.py:3211} INFO - Sync 1 DAGs
[2025-12-08T07:39:35.408+0000] {logging_mixin.py:190} INFO - [2025-12-08T07:39:35.407+0000] {dag.py:4138} INFO - Setting next_dagrun for example_weekday_branch_operator to 2025-12-07 00:00:00+00:00, run_after=2025-12-08 00:00:00+00:00
[2025-12-08T07:39:35.443+0000] {processor.py:208} INFO - Processing /home/airflow/.local/lib/python3.12/site-packages/airflow/example_dags/example_branch_day_of_week_operator.py took 0.149 seconds
[2025-12-08T07:40:06.569+0000] {processor.py:186} INFO - Started process (PID=1775) to work on /home/airflow/.local/lib/python3.12/site-packages/airflow/example_dags/example_branch_day_of_week_operator.py
[2025-12-08T07:40:06.572+0000] {processor.py:914} INFO - Processing file /home/airflow/.local/lib/python3.12/site-packages/airflow/example_dags/example_branch_day_of_week_operator.py for tasks to queue
[2025-12-08T07:40:06.589+0000] {logging_mixin.py:190} INFO - [2025-12-08T07:40:06.588+0000] {dagbag.py:587} INFO - Filling up the DagBag from /home/airflow/.local/lib/python3.12/site-packages/airflow/example_dags/example_branch_day_of_week_operator.py
[2025-12-08T07:40:06.619+0000] {processor.py:925} INFO - DAG(s) 'example_weekday_branch_operator' retrieved from /home/airflow/.local/lib/python3.12/site-packages/airflow/example_dags/example_branch_day_of_week_operator.py
[2025-12-08T07:40:06.673+0000] {logging_mixin.py:190} INFO - [2025-12-08T07:40:06.672+0000] {dag.py:3211} INFO - Sync 1 DAGs
[2025-12-08T07:40:06.741+0000] {logging_mixin.py:190} INFO - [2025-12-08T07:40:06.741+0000] {dag.py:4138} INFO - Setting next_dagrun for example_weekday_branch_operator to 2025-12-07 00:00:00+00:00, run_after=2025-12-08 00:00:00+00:00
[2025-12-08T07:40:06.789+0000] {processor.py:208} INFO - Processing /home/airflow/.local/lib/python3.12/site-packages/airflow/example_dags/example_branch_day_of_week_operator.py took 0.248 seconds
[2025-12-08T07:40:36.909+0000] {processor.py:186} INFO - Started process (PID=1838) to work on /home/airflow/.local/lib/python3.12/site-packages/airflow/example_dags/example_branch_day_of_week_operator.py
[2025-12-08T07:40:36.912+0000] {processor.py:914} INFO - Processing file /home/airflow/.local/lib/python3.12/site-packages/airflow/example_dags/example_branch_day_of_week_operator.py for tasks to queue
[2025-12-08T07:40:36.917+0000] {logging_mixin.py:190} INFO - [2025-12-08T07:40:36.917+0000] {dagbag.py:587} INFO - Filling up the DagBag from /home/airflow/.local/lib/python3.12/site-packages/airflow/example_dags/example_branch_day_of_week_operator.py
[2025-12-08T07:40:36.942+0000] {processor.py:925} INFO - DAG(s) 'example_weekday_branch_operator' retrieved from /home/airflow/.local/lib/python3.12/site-packages/airflow/example_dags/example_branch_day_of_week_operator.py
[2025-12-08T07:40:36.985+0000] {logging_mixin.py:190} INFO - [2025-12-08T07:40:36.984+0000] {dag.py:3211} INFO - Sync 1 DAGs
[2025-12-08T07:40:37.044+0000] {logging_mixin.py:190} INFO - [2025-12-08T07:40:37.043+0000] {dag.py:4138} INFO - Setting next_dagrun for example_weekday_branch_operator to 2025-12-07 00:00:00+00:00, run_after=2025-12-08 00:00:00+00:00
[2025-12-08T07:40:37.100+0000] {processor.py:208} INFO - Processing /home/airflow/.local/lib/python3.12/site-packages/airflow/example_dags/example_branch_day_of_week_operator.py took 0.204 seconds
[2025-12-08T07:41:08.092+0000] {processor.py:186} INFO - Started process (PID=1901) to work on /home/airflow/.local/lib/python3.12/site-packages/airflow/example_dags/example_branch_day_of_week_operator.py
[2025-12-08T07:41:08.094+0000] {processor.py:914} INFO - Processing file /home/airflow/.local/lib/python3.12/site-packages/airflow/example_dags/example_branch_day_of_week_operator.py for tasks to queue
[2025-12-08T07:41:08.099+0000] {logging_mixin.py:190} INFO - [2025-12-08T07:41:08.098+0000] {dagbag.py:587} INFO - Filling up the DagBag from /home/airflow/.local/lib/python3.12/site-packages/airflow/example_dags/example_branch_day_of_week_operator.py
[2025-12-08T07:41:08.118+0000] {processor.py:925} INFO - DAG(s) 'example_weekday_branch_operator' retrieved from /home/airflow/.local/lib/python3.12/site-packages/airflow/example_dags/example_branch_day_of_week_operator.py
[2025-12-08T07:41:08.171+0000] {logging_mixin.py:190} INFO - [2025-12-08T07:41:08.170+0000] {dag.py:3211} INFO - Sync 1 DAGs
[2025-12-08T07:41:08.220+0000] {logging_mixin.py:190} INFO - [2025-12-08T07:41:08.220+0000] {dag.py:4138} INFO - Setting next_dagrun for example_weekday_branch_operator to 2025-12-07 00:00:00+00:00, run_after=2025-12-08 00:00:00+00:00
[2025-12-08T07:41:08.303+0000] {processor.py:208} INFO - Processing /home/airflow/.local/lib/python3.12/site-packages/airflow/example_dags/example_branch_day_of_week_operator.py took 0.224 seconds
[2025-12-08T07:41:38.633+0000] {processor.py:186} INFO - Started process (PID=1964) to work on /home/airflow/.local/lib/python3.12/site-packages/airflow/example_dags/example_branch_day_of_week_operator.py
[2025-12-08T07:41:38.636+0000] {processor.py:914} INFO - Processing file /home/airflow/.local/lib/python3.12/site-packages/airflow/example_dags/example_branch_day_of_week_operator.py for tasks to queue
[2025-12-08T07:41:38.642+0000] {logging_mixin.py:190} INFO - [2025-12-08T07:41:38.641+0000] {dagbag.py:587} INFO - Filling up the DagBag from /home/airflow/.local/lib/python3.12/site-packages/airflow/example_dags/example_branch_day_of_week_operator.py
[2025-12-08T07:41:38.669+0000] {processor.py:925} INFO - DAG(s) 'example_weekday_branch_operator' retrieved from /home/airflow/.local/lib/python3.12/site-packages/airflow/example_dags/example_branch_day_of_week_operator.py
[2025-12-08T07:41:38.722+0000] {logging_mixin.py:190} INFO - [2025-12-08T07:41:38.721+0000] {dag.py:3211} INFO - Sync 1 DAGs
[2025-12-08T07:41:38.776+0000] {logging_mixin.py:190} INFO - [2025-12-08T07:41:38.775+0000] {dag.py:4138} INFO - Setting next_dagrun for example_weekday_branch_operator to 2025-12-07 00:00:00+00:00, run_after=2025-12-08 00:00:00+00:00
[2025-12-08T07:41:38.818+0000] {processor.py:208} INFO - Processing /home/airflow/.local/lib/python3.12/site-packages/airflow/example_dags/example_branch_day_of_week_operator.py took 0.197 seconds
[2025-12-08T07:42:10.126+0000] {processor.py:186} INFO - Started process (PID=2027) to work on /home/airflow/.local/lib/python3.12/site-packages/airflow/example_dags/example_branch_day_of_week_operator.py
[2025-12-08T07:42:10.129+0000] {processor.py:914} INFO - Processing file /home/airflow/.local/lib/python3.12/site-packages/airflow/example_dags/example_branch_day_of_week_operator.py for tasks to queue
[2025-12-08T07:42:10.136+0000] {logging_mixin.py:190} INFO - [2025-12-08T07:42:10.135+0000] {dagbag.py:587} INFO - Filling up the DagBag from /home/airflow/.local/lib/python3.12/site-packages/airflow/example_dags/example_branch_day_of_week_operator.py
[2025-12-08T07:42:10.170+0000] {processor.py:925} INFO - DAG(s) 'example_weekday_branch_operator' retrieved from /home/airflow/.local/lib/python3.12/site-packages/airflow/example_dags/example_branch_day_of_week_operator.py
[2025-12-08T07:42:10.230+0000] {logging_mixin.py:190} INFO - [2025-12-08T07:42:10.228+0000] {dag.py:3211} INFO - Sync 1 DAGs
[2025-12-08T07:42:10.298+0000] {logging_mixin.py:190} INFO - [2025-12-08T07:42:10.297+0000] {dag.py:4138} INFO - Setting next_dagrun for example_weekday_branch_operator to 2025-12-07 00:00:00+00:00, run_after=2025-12-08 00:00:00+00:00
[2025-12-08T07:42:10.358+0000] {processor.py:208} INFO - Processing /home/airflow/.local/lib/python3.12/site-packages/airflow/example_dags/example_branch_day_of_week_operator.py took 0.247 seconds
[2025-12-08T07:42:41.817+0000] {processor.py:186} INFO - Started process (PID=2091) to work on /home/airflow/.local/lib/python3.12/site-packages/airflow/example_dags/example_branch_day_of_week_operator.py
[2025-12-08T07:42:41.821+0000] {processor.py:914} INFO - Processing file /home/airflow/.local/lib/python3.12/site-packages/airflow/example_dags/example_branch_day_of_week_operator.py for tasks to queue
[2025-12-08T07:42:41.829+0000] {logging_mixin.py:190} INFO - [2025-12-08T07:42:41.828+0000] {dagbag.py:587} INFO - Filling up the DagBag from /home/airflow/.local/lib/python3.12/site-packages/airflow/example_dags/example_branch_day_of_week_operator.py
[2025-12-08T07:42:41.862+0000] {processor.py:925} INFO - DAG(s) 'example_weekday_branch_operator' retrieved from /home/airflow/.local/lib/python3.12/site-packages/airflow/example_dags/example_branch_day_of_week_operator.py
[2025-12-08T07:42:41.929+0000] {logging_mixin.py:190} INFO - [2025-12-08T07:42:41.928+0000] {dag.py:3211} INFO - Sync 1 DAGs
[2025-12-08T07:42:41.989+0000] {logging_mixin.py:190} INFO - [2025-12-08T07:42:41.988+0000] {dag.py:4138} INFO - Setting next_dagrun for example_weekday_branch_operator to 2025-12-07 00:00:00+00:00, run_after=2025-12-08 00:00:00+00:00
[2025-12-08T07:42:42.041+0000] {processor.py:208} INFO - Processing /home/airflow/.local/lib/python3.12/site-packages/airflow/example_dags/example_branch_day_of_week_operator.py took 0.240 seconds
[2025-12-08T07:43:12.382+0000] {processor.py:186} INFO - Started process (PID=2154) to work on /home/airflow/.local/lib/python3.12/site-packages/airflow/example_dags/example_branch_day_of_week_operator.py
[2025-12-08T07:43:12.385+0000] {processor.py:914} INFO - Processing file /home/airflow/.local/lib/python3.12/site-packages/airflow/example_dags/example_branch_day_of_week_operator.py for tasks to queue
[2025-12-08T07:43:12.392+0000] {logging_mixin.py:190} INFO - [2025-12-08T07:43:12.391+0000] {dagbag.py:587} INFO - Filling up the DagBag from /home/airflow/.local/lib/python3.12/site-packages/airflow/example_dags/example_branch_day_of_week_operator.py
[2025-12-08T07:43:12.408+0000] {processor.py:925} INFO - DAG(s) 'example_weekday_branch_operator' retrieved from /home/airflow/.local/lib/python3.12/site-packages/airflow/example_dags/example_branch_day_of_week_operator.py
[2025-12-08T07:43:12.460+0000] {logging_mixin.py:190} INFO - [2025-12-08T07:43:12.459+0000] {dag.py:3211} INFO - Sync 1 DAGs
[2025-12-08T07:43:12.508+0000] {logging_mixin.py:190} INFO - [2025-12-08T07:43:12.507+0000] {dag.py:4138} INFO - Setting next_dagrun for example_weekday_branch_operator to 2025-12-07 00:00:00+00:00, run_after=2025-12-08 00:00:00+00:00
[2025-12-08T07:43:12.553+0000] {processor.py:208} INFO - Processing /home/airflow/.local/lib/python3.12/site-packages/airflow/example_dags/example_branch_day_of_week_operator.py took 0.182 seconds
[2025-12-08T07:43:42.816+0000] {processor.py:186} INFO - Started process (PID=2217) to work on /home/airflow/.local/lib/python3.12/site-packages/airflow/example_dags/example_branch_day_of_week_operator.py
[2025-12-08T07:43:42.822+0000] {processor.py:914} INFO - Processing file /home/airflow/.local/lib/python3.12/site-packages/airflow/example_dags/example_branch_day_of_week_operator.py for tasks to queue
[2025-12-08T07:43:42.829+0000] {logging_mixin.py:190} INFO - [2025-12-08T07:43:42.828+0000] {dagbag.py:587} INFO - Filling up the DagBag from /home/airflow/.local/lib/python3.12/site-packages/airflow/example_dags/example_branch_day_of_week_operator.py
[2025-12-08T07:43:42.861+0000] {processor.py:925} INFO - DAG(s) 'example_weekday_branch_operator' retrieved from /home/airflow/.local/lib/python3.12/site-packages/airflow/example_dags/example_branch_day_of_week_operator.py
[2025-12-08T07:43:42.920+0000] {logging_mixin.py:190} INFO - [2025-12-08T07:43:42.919+0000] {dag.py:3211} INFO - Sync 1 DAGs
[2025-12-08T07:43:42.993+0000] {logging_mixin.py:190} INFO - [2025-12-08T07:43:42.992+0000] {dag.py:4138} INFO - Setting next_dagrun for example_weekday_branch_operator to 2025-12-07 00:00:00+00:00, run_after=2025-12-08 00:00:00+00:00
[2025-12-08T07:43:43.039+0000] {processor.py:208} INFO - Processing /home/airflow/.local/lib/python3.12/site-packages/airflow/example_dags/example_branch_day_of_week_operator.py took 0.243 seconds
[2025-12-08T07:44:14.326+0000] {processor.py:186} INFO - Started process (PID=2280) to work on /home/airflow/.local/lib/python3.12/site-packages/airflow/example_dags/example_branch_day_of_week_operator.py
[2025-12-08T07:44:14.329+0000] {processor.py:914} INFO - Processing file /home/airflow/.local/lib/python3.12/site-packages/airflow/example_dags/example_branch_day_of_week_operator.py for tasks to queue
[2025-12-08T07:44:14.335+0000] {logging_mixin.py:190} INFO - [2025-12-08T07:44:14.335+0000] {dagbag.py:587} INFO - Filling up the DagBag from /home/airflow/.local/lib/python3.12/site-packages/airflow/example_dags/example_branch_day_of_week_operator.py
[2025-12-08T07:44:14.361+0000] {processor.py:925} INFO - DAG(s) 'example_weekday_branch_operator' retrieved from /home/airflow/.local/lib/python3.12/site-packages/airflow/example_dags/example_branch_day_of_week_operator.py
[2025-12-08T07:44:14.411+0000] {logging_mixin.py:190} INFO - [2025-12-08T07:44:14.410+0000] {dag.py:3211} INFO - Sync 1 DAGs
[2025-12-08T07:44:14.476+0000] {logging_mixin.py:190} INFO - [2025-12-08T07:44:14.474+0000] {dag.py:4138} INFO - Setting next_dagrun for example_weekday_branch_operator to 2025-12-07 00:00:00+00:00, run_after=2025-12-08 00:00:00+00:00
[2025-12-08T07:44:14.529+0000] {processor.py:208} INFO - Processing /home/airflow/.local/lib/python3.12/site-packages/airflow/example_dags/example_branch_day_of_week_operator.py took 0.219 seconds
[2025-12-08T07:44:45.699+0000] {processor.py:186} INFO - Started process (PID=2343) to work on /home/airflow/.local/lib/python3.12/site-packages/airflow/example_dags/example_branch_day_of_week_operator.py
[2025-12-08T07:44:45.701+0000] {processor.py:914} INFO - Processing file /home/airflow/.local/lib/python3.12/site-packages/airflow/example_dags/example_branch_day_of_week_operator.py for tasks to queue
[2025-12-08T07:44:45.707+0000] {logging_mixin.py:190} INFO - [2025-12-08T07:44:45.706+0000] {dagbag.py:587} INFO - Filling up the DagBag from /home/airflow/.local/lib/python3.12/site-packages/airflow/example_dags/example_branch_day_of_week_operator.py
[2025-12-08T07:44:45.728+0000] {processor.py:925} INFO - DAG(s) 'example_weekday_branch_operator' retrieved from /home/airflow/.local/lib/python3.12/site-packages/airflow/example_dags/example_branch_day_of_week_operator.py
[2025-12-08T07:44:45.787+0000] {logging_mixin.py:190} INFO - [2025-12-08T07:44:45.787+0000] {dag.py:3211} INFO - Sync 1 DAGs
[2025-12-08T07:44:45.847+0000] {logging_mixin.py:190} INFO - [2025-12-08T07:44:45.846+0000] {dag.py:4138} INFO - Setting next_dagrun for example_weekday_branch_operator to 2025-12-07 00:00:00+00:00, run_after=2025-12-08 00:00:00+00:00
[2025-12-08T07:44:45.897+0000] {processor.py:208} INFO - Processing /home/airflow/.local/lib/python3.12/site-packages/airflow/example_dags/example_branch_day_of_week_operator.py took 0.210 seconds
[2025-12-08T07:45:16.648+0000] {processor.py:186} INFO - Started process (PID=2406) to work on /home/airflow/.local/lib/python3.12/site-packages/airflow/example_dags/example_branch_day_of_week_operator.py
[2025-12-08T07:45:16.651+0000] {processor.py:914} INFO - Processing file /home/airflow/.local/lib/python3.12/site-packages/airflow/example_dags/example_branch_day_of_week_operator.py for tasks to queue
[2025-12-08T07:45:16.657+0000] {logging_mixin.py:190} INFO - [2025-12-08T07:45:16.656+0000] {dagbag.py:587} INFO - Filling up the DagBag from /home/airflow/.local/lib/python3.12/site-packages/airflow/example_dags/example_branch_day_of_week_operator.py
[2025-12-08T07:45:16.679+0000] {processor.py:925} INFO - DAG(s) 'example_weekday_branch_operator' retrieved from /home/airflow/.local/lib/python3.12/site-packages/airflow/example_dags/example_branch_day_of_week_operator.py
[2025-12-08T07:45:16.724+0000] {logging_mixin.py:190} INFO - [2025-12-08T07:45:16.724+0000] {dag.py:3211} INFO - Sync 1 DAGs
[2025-12-08T07:45:16.768+0000] {logging_mixin.py:190} INFO - [2025-12-08T07:45:16.768+0000] {dag.py:4138} INFO - Setting next_dagrun for example_weekday_branch_operator to 2025-12-07 00:00:00+00:00, run_after=2025-12-08 00:00:00+00:00
[2025-12-08T07:45:16.813+0000] {processor.py:208} INFO - Processing /home/airflow/.local/lib/python3.12/site-packages/airflow/example_dags/example_branch_day_of_week_operator.py took 0.176 seconds
[2025-12-08T07:45:47.285+0000] {processor.py:186} INFO - Started process (PID=2475) to work on /home/airflow/.local/lib/python3.12/site-packages/airflow/example_dags/example_branch_day_of_week_operator.py
[2025-12-08T07:45:47.287+0000] {processor.py:914} INFO - Processing file /home/airflow/.local/lib/python3.12/site-packages/airflow/example_dags/example_branch_day_of_week_operator.py for tasks to queue
[2025-12-08T07:45:47.294+0000] {logging_mixin.py:190} INFO - [2025-12-08T07:45:47.293+0000] {dagbag.py:587} INFO - Filling up the DagBag from /home/airflow/.local/lib/python3.12/site-packages/airflow/example_dags/example_branch_day_of_week_operator.py
[2025-12-08T07:45:47.322+0000] {processor.py:925} INFO - DAG(s) 'example_weekday_branch_operator' retrieved from /home/airflow/.local/lib/python3.12/site-packages/airflow/example_dags/example_branch_day_of_week_operator.py
[2025-12-08T07:45:47.378+0000] {logging_mixin.py:190} INFO - [2025-12-08T07:45:47.377+0000] {dag.py:3211} INFO - Sync 1 DAGs
[2025-12-08T07:45:47.437+0000] {logging_mixin.py:190} INFO - [2025-12-08T07:45:47.436+0000] {dag.py:4138} INFO - Setting next_dagrun for example_weekday_branch_operator to 2025-12-07 00:00:00+00:00, run_after=2025-12-08 00:00:00+00:00
[2025-12-08T07:45:47.493+0000] {processor.py:208} INFO - Processing /home/airflow/.local/lib/python3.12/site-packages/airflow/example_dags/example_branch_day_of_week_operator.py took 0.224 seconds
[2025-12-08T07:46:18.354+0000] {processor.py:186} INFO - Started process (PID=2538) to work on /home/airflow/.local/lib/python3.12/site-packages/airflow/example_dags/example_branch_day_of_week_operator.py
[2025-12-08T07:46:18.358+0000] {processor.py:914} INFO - Processing file /home/airflow/.local/lib/python3.12/site-packages/airflow/example_dags/example_branch_day_of_week_operator.py for tasks to queue
[2025-12-08T07:46:18.364+0000] {logging_mixin.py:190} INFO - [2025-12-08T07:46:18.363+0000] {dagbag.py:587} INFO - Filling up the DagBag from /home/airflow/.local/lib/python3.12/site-packages/airflow/example_dags/example_branch_day_of_week_operator.py
[2025-12-08T07:46:18.392+0000] {processor.py:925} INFO - DAG(s) 'example_weekday_branch_operator' retrieved from /home/airflow/.local/lib/python3.12/site-packages/airflow/example_dags/example_branch_day_of_week_operator.py
[2025-12-08T07:46:18.460+0000] {logging_mixin.py:190} INFO - [2025-12-08T07:46:18.460+0000] {dag.py:3211} INFO - Sync 1 DAGs
[2025-12-08T07:46:18.521+0000] {logging_mixin.py:190} INFO - [2025-12-08T07:46:18.520+0000] {dag.py:4138} INFO - Setting next_dagrun for example_weekday_branch_operator to 2025-12-07 00:00:00+00:00, run_after=2025-12-08 00:00:00+00:00
[2025-12-08T07:46:18.570+0000] {processor.py:208} INFO - Processing /home/airflow/.local/lib/python3.12/site-packages/airflow/example_dags/example_branch_day_of_week_operator.py took 0.236 seconds
[2025-12-08T07:46:48.678+0000] {processor.py:186} INFO - Started process (PID=2600) to work on /home/airflow/.local/lib/python3.12/site-packages/airflow/example_dags/example_branch_day_of_week_operator.py
[2025-12-08T07:46:48.682+0000] {processor.py:914} INFO - Processing file /home/airflow/.local/lib/python3.12/site-packages/airflow/example_dags/example_branch_day_of_week_operator.py for tasks to queue
[2025-12-08T07:46:48.692+0000] {logging_mixin.py:190} INFO - [2025-12-08T07:46:48.690+0000] {dagbag.py:587} INFO - Filling up the DagBag from /home/airflow/.local/lib/python3.12/site-packages/airflow/example_dags/example_branch_day_of_week_operator.py
[2025-12-08T07:46:48.723+0000] {processor.py:925} INFO - DAG(s) 'example_weekday_branch_operator' retrieved from /home/airflow/.local/lib/python3.12/site-packages/airflow/example_dags/example_branch_day_of_week_operator.py
[2025-12-08T07:46:48.785+0000] {logging_mixin.py:190} INFO - [2025-12-08T07:46:48.785+0000] {dag.py:3211} INFO - Sync 1 DAGs
[2025-12-08T07:46:48.844+0000] {logging_mixin.py:190} INFO - [2025-12-08T07:46:48.843+0000] {dag.py:4138} INFO - Setting next_dagrun for example_weekday_branch_operator to 2025-12-07 00:00:00+00:00, run_after=2025-12-08 00:00:00+00:00
[2025-12-08T07:46:48.894+0000] {processor.py:208} INFO - Processing /home/airflow/.local/lib/python3.12/site-packages/airflow/example_dags/example_branch_day_of_week_operator.py took 0.245 seconds
[2025-12-08T07:47:19.626+0000] {processor.py:186} INFO - Started process (PID=2663) to work on /home/airflow/.local/lib/python3.12/site-packages/airflow/example_dags/example_branch_day_of_week_operator.py
[2025-12-08T07:47:19.630+0000] {processor.py:914} INFO - Processing file /home/airflow/.local/lib/python3.12/site-packages/airflow/example_dags/example_branch_day_of_week_operator.py for tasks to queue
[2025-12-08T07:47:19.638+0000] {logging_mixin.py:190} INFO - [2025-12-08T07:47:19.637+0000] {dagbag.py:587} INFO - Filling up the DagBag from /home/airflow/.local/lib/python3.12/site-packages/airflow/example_dags/example_branch_day_of_week_operator.py
[2025-12-08T07:47:19.667+0000] {processor.py:925} INFO - DAG(s) 'example_weekday_branch_operator' retrieved from /home/airflow/.local/lib/python3.12/site-packages/airflow/example_dags/example_branch_day_of_week_operator.py
[2025-12-08T07:47:19.718+0000] {logging_mixin.py:190} INFO - [2025-12-08T07:47:19.717+0000] {dag.py:3211} INFO - Sync 1 DAGs
[2025-12-08T07:47:19.783+0000] {logging_mixin.py:190} INFO - [2025-12-08T07:47:19.783+0000] {dag.py:4138} INFO - Setting next_dagrun for example_weekday_branch_operator to 2025-12-07 00:00:00+00:00, run_after=2025-12-08 00:00:00+00:00
[2025-12-08T07:47:19.834+0000] {processor.py:208} INFO - Processing /home/airflow/.local/lib/python3.12/site-packages/airflow/example_dags/example_branch_day_of_week_operator.py took 0.228 seconds
[2025-12-08T07:47:51.764+0000] {processor.py:186} INFO - Started process (PID=2726) to work on /home/airflow/.local/lib/python3.12/site-packages/airflow/example_dags/example_branch_day_of_week_operator.py
[2025-12-08T07:47:51.767+0000] {processor.py:914} INFO - Processing file /home/airflow/.local/lib/python3.12/site-packages/airflow/example_dags/example_branch_day_of_week_operator.py for tasks to queue
[2025-12-08T07:47:51.773+0000] {logging_mixin.py:190} INFO - [2025-12-08T07:47:51.772+0000] {dagbag.py:587} INFO - Filling up the DagBag from /home/airflow/.local/lib/python3.12/site-packages/airflow/example_dags/example_branch_day_of_week_operator.py
[2025-12-08T07:47:51.795+0000] {processor.py:925} INFO - DAG(s) 'example_weekday_branch_operator' retrieved from /home/airflow/.local/lib/python3.12/site-packages/airflow/example_dags/example_branch_day_of_week_operator.py
[2025-12-08T07:47:51.842+0000] {logging_mixin.py:190} INFO - [2025-12-08T07:47:51.841+0000] {dag.py:3211} INFO - Sync 1 DAGs
[2025-12-08T07:47:51.902+0000] {logging_mixin.py:190} INFO - [2025-12-08T07:47:51.901+0000] {dag.py:4138} INFO - Setting next_dagrun for example_weekday_branch_operator to 2025-12-07 00:00:00+00:00, run_after=2025-12-08 00:00:00+00:00
[2025-12-08T07:47:51.952+0000] {processor.py:208} INFO - Processing /home/airflow/.local/lib/python3.12/site-packages/airflow/example_dags/example_branch_day_of_week_operator.py took 0.201 seconds
[2025-12-08T07:48:23.352+0000] {processor.py:186} INFO - Started process (PID=2789) to work on /home/airflow/.local/lib/python3.12/site-packages/airflow/example_dags/example_branch_day_of_week_operator.py
[2025-12-08T07:48:23.356+0000] {processor.py:914} INFO - Processing file /home/airflow/.local/lib/python3.12/site-packages/airflow/example_dags/example_branch_day_of_week_operator.py for tasks to queue
[2025-12-08T07:48:23.362+0000] {logging_mixin.py:190} INFO - [2025-12-08T07:48:23.361+0000] {dagbag.py:587} INFO - Filling up the DagBag from /home/airflow/.local/lib/python3.12/site-packages/airflow/example_dags/example_branch_day_of_week_operator.py
[2025-12-08T07:48:23.380+0000] {processor.py:925} INFO - DAG(s) 'example_weekday_branch_operator' retrieved from /home/airflow/.local/lib/python3.12/site-packages/airflow/example_dags/example_branch_day_of_week_operator.py
[2025-12-08T07:48:23.420+0000] {logging_mixin.py:190} INFO - [2025-12-08T07:48:23.419+0000] {dag.py:3211} INFO - Sync 1 DAGs
[2025-12-08T07:48:23.470+0000] {logging_mixin.py:190} INFO - [2025-12-08T07:48:23.469+0000] {dag.py:4138} INFO - Setting next_dagrun for example_weekday_branch_operator to 2025-12-07 00:00:00+00:00, run_after=2025-12-08 00:00:00+00:00
[2025-12-08T07:48:23.512+0000] {processor.py:208} INFO - Processing /home/airflow/.local/lib/python3.12/site-packages/airflow/example_dags/example_branch_day_of_week_operator.py took 0.173 seconds
[2025-12-08T07:48:54.686+0000] {processor.py:186} INFO - Started process (PID=2852) to work on /home/airflow/.local/lib/python3.12/site-packages/airflow/example_dags/example_branch_day_of_week_operator.py
[2025-12-08T07:48:54.689+0000] {processor.py:914} INFO - Processing file /home/airflow/.local/lib/python3.12/site-packages/airflow/example_dags/example_branch_day_of_week_operator.py for tasks to queue
[2025-12-08T07:48:54.695+0000] {logging_mixin.py:190} INFO - [2025-12-08T07:48:54.695+0000] {dagbag.py:587} INFO - Filling up the DagBag from /home/airflow/.local/lib/python3.12/site-packages/airflow/example_dags/example_branch_day_of_week_operator.py
[2025-12-08T07:48:54.726+0000] {processor.py:925} INFO - DAG(s) 'example_weekday_branch_operator' retrieved from /home/airflow/.local/lib/python3.12/site-packages/airflow/example_dags/example_branch_day_of_week_operator.py
[2025-12-08T07:48:54.811+0000] {logging_mixin.py:190} INFO - [2025-12-08T07:48:54.809+0000] {dag.py:3211} INFO - Sync 1 DAGs
[2025-12-08T07:48:54.926+0000] {logging_mixin.py:190} INFO - [2025-12-08T07:48:54.922+0000] {dag.py:4138} INFO - Setting next_dagrun for example_weekday_branch_operator to 2025-12-07 00:00:00+00:00, run_after=2025-12-08 00:00:00+00:00
[2025-12-08T07:48:55.020+0000] {processor.py:208} INFO - Processing /home/airflow/.local/lib/python3.12/site-packages/airflow/example_dags/example_branch_day_of_week_operator.py took 0.345 seconds
[2025-12-08T07:49:25.758+0000] {processor.py:186} INFO - Started process (PID=2915) to work on /home/airflow/.local/lib/python3.12/site-packages/airflow/example_dags/example_branch_day_of_week_operator.py
[2025-12-08T07:49:25.761+0000] {processor.py:914} INFO - Processing file /home/airflow/.local/lib/python3.12/site-packages/airflow/example_dags/example_branch_day_of_week_operator.py for tasks to queue
[2025-12-08T07:49:25.768+0000] {logging_mixin.py:190} INFO - [2025-12-08T07:49:25.767+0000] {dagbag.py:587} INFO - Filling up the DagBag from /home/airflow/.local/lib/python3.12/site-packages/airflow/example_dags/example_branch_day_of_week_operator.py
[2025-12-08T07:49:25.786+0000] {processor.py:925} INFO - DAG(s) 'example_weekday_branch_operator' retrieved from /home/airflow/.local/lib/python3.12/site-packages/airflow/example_dags/example_branch_day_of_week_operator.py
[2025-12-08T07:49:25.829+0000] {logging_mixin.py:190} INFO - [2025-12-08T07:49:25.828+0000] {dag.py:3211} INFO - Sync 1 DAGs
[2025-12-08T07:49:25.867+0000] {logging_mixin.py:190} INFO - [2025-12-08T07:49:25.867+0000] {dag.py:4138} INFO - Setting next_dagrun for example_weekday_branch_operator to 2025-12-07 00:00:00+00:00, run_after=2025-12-08 00:00:00+00:00
[2025-12-08T07:49:25.914+0000] {processor.py:208} INFO - Processing /home/airflow/.local/lib/python3.12/site-packages/airflow/example_dags/example_branch_day_of_week_operator.py took 0.171 seconds
[2025-12-08T07:49:56.824+0000] {processor.py:186} INFO - Started process (PID=2983) to work on /home/airflow/.local/lib/python3.12/site-packages/airflow/example_dags/example_branch_day_of_week_operator.py
[2025-12-08T07:49:56.827+0000] {processor.py:914} INFO - Processing file /home/airflow/.local/lib/python3.12/site-packages/airflow/example_dags/example_branch_day_of_week_operator.py for tasks to queue
[2025-12-08T07:49:56.834+0000] {logging_mixin.py:190} INFO - [2025-12-08T07:49:56.833+0000] {dagbag.py:587} INFO - Filling up the DagBag from /home/airflow/.local/lib/python3.12/site-packages/airflow/example_dags/example_branch_day_of_week_operator.py
[2025-12-08T07:49:56.855+0000] {processor.py:925} INFO - DAG(s) 'example_weekday_branch_operator' retrieved from /home/airflow/.local/lib/python3.12/site-packages/airflow/example_dags/example_branch_day_of_week_operator.py
[2025-12-08T07:49:56.902+0000] {logging_mixin.py:190} INFO - [2025-12-08T07:49:56.901+0000] {dag.py:3211} INFO - Sync 1 DAGs
[2025-12-08T07:49:57.287+0000] {logging_mixin.py:190} INFO - [2025-12-08T07:49:57.286+0000] {dag.py:4138} INFO - Setting next_dagrun for example_weekday_branch_operator to 2025-12-07 00:00:00+00:00, run_after=2025-12-08 00:00:00+00:00
[2025-12-08T07:49:57.336+0000] {processor.py:208} INFO - Processing /home/airflow/.local/lib/python3.12/site-packages/airflow/example_dags/example_branch_day_of_week_operator.py took 0.523 seconds
[2025-12-08T07:50:27.681+0000] {processor.py:186} INFO - Started process (PID=3046) to work on /home/airflow/.local/lib/python3.12/site-packages/airflow/example_dags/example_branch_day_of_week_operator.py
[2025-12-08T07:50:27.684+0000] {processor.py:914} INFO - Processing file /home/airflow/.local/lib/python3.12/site-packages/airflow/example_dags/example_branch_day_of_week_operator.py for tasks to queue
[2025-12-08T07:50:27.689+0000] {logging_mixin.py:190} INFO - [2025-12-08T07:50:27.688+0000] {dagbag.py:587} INFO - Filling up the DagBag from /home/airflow/.local/lib/python3.12/site-packages/airflow/example_dags/example_branch_day_of_week_operator.py
[2025-12-08T07:50:27.705+0000] {processor.py:925} INFO - DAG(s) 'example_weekday_branch_operator' retrieved from /home/airflow/.local/lib/python3.12/site-packages/airflow/example_dags/example_branch_day_of_week_operator.py
[2025-12-08T07:50:27.746+0000] {logging_mixin.py:190} INFO - [2025-12-08T07:50:27.745+0000] {dag.py:3211} INFO - Sync 1 DAGs
[2025-12-08T07:50:28.146+0000] {logging_mixin.py:190} INFO - [2025-12-08T07:50:28.145+0000] {dag.py:4138} INFO - Setting next_dagrun for example_weekday_branch_operator to 2025-12-07 00:00:00+00:00, run_after=2025-12-08 00:00:00+00:00
[2025-12-08T07:50:28.184+0000] {processor.py:208} INFO - Processing /home/airflow/.local/lib/python3.12/site-packages/airflow/example_dags/example_branch_day_of_week_operator.py took 0.514 seconds
[2025-12-08T07:50:58.805+0000] {processor.py:186} INFO - Started process (PID=3109) to work on /home/airflow/.local/lib/python3.12/site-packages/airflow/example_dags/example_branch_day_of_week_operator.py
[2025-12-08T07:50:58.808+0000] {processor.py:914} INFO - Processing file /home/airflow/.local/lib/python3.12/site-packages/airflow/example_dags/example_branch_day_of_week_operator.py for tasks to queue
[2025-12-08T07:50:58.812+0000] {logging_mixin.py:190} INFO - [2025-12-08T07:50:58.812+0000] {dagbag.py:587} INFO - Filling up the DagBag from /home/airflow/.local/lib/python3.12/site-packages/airflow/example_dags/example_branch_day_of_week_operator.py
[2025-12-08T07:50:58.826+0000] {processor.py:925} INFO - DAG(s) 'example_weekday_branch_operator' retrieved from /home/airflow/.local/lib/python3.12/site-packages/airflow/example_dags/example_branch_day_of_week_operator.py
[2025-12-08T07:50:58.865+0000] {logging_mixin.py:190} INFO - [2025-12-08T07:50:58.865+0000] {dag.py:3211} INFO - Sync 1 DAGs
[2025-12-08T07:50:58.905+0000] {logging_mixin.py:190} INFO - [2025-12-08T07:50:58.904+0000] {dag.py:4138} INFO - Setting next_dagrun for example_weekday_branch_operator to 2025-12-07 00:00:00+00:00, run_after=2025-12-08 00:00:00+00:00
[2025-12-08T07:50:58.946+0000] {processor.py:208} INFO - Processing /home/airflow/.local/lib/python3.12/site-packages/airflow/example_dags/example_branch_day_of_week_operator.py took 0.153 seconds
[2025-12-08T07:51:29.303+0000] {processor.py:186} INFO - Started process (PID=3172) to work on /home/airflow/.local/lib/python3.12/site-packages/airflow/example_dags/example_branch_day_of_week_operator.py
[2025-12-08T07:51:29.304+0000] {processor.py:914} INFO - Processing file /home/airflow/.local/lib/python3.12/site-packages/airflow/example_dags/example_branch_day_of_week_operator.py for tasks to queue
[2025-12-08T07:51:29.309+0000] {logging_mixin.py:190} INFO - [2025-12-08T07:51:29.308+0000] {dagbag.py:587} INFO - Filling up the DagBag from /home/airflow/.local/lib/python3.12/site-packages/airflow/example_dags/example_branch_day_of_week_operator.py
[2025-12-08T07:51:29.320+0000] {processor.py:925} INFO - DAG(s) 'example_weekday_branch_operator' retrieved from /home/airflow/.local/lib/python3.12/site-packages/airflow/example_dags/example_branch_day_of_week_operator.py
[2025-12-08T07:51:29.347+0000] {logging_mixin.py:190} INFO - [2025-12-08T07:51:29.347+0000] {dag.py:3211} INFO - Sync 1 DAGs
[2025-12-08T07:51:29.375+0000] {logging_mixin.py:190} INFO - [2025-12-08T07:51:29.375+0000] {dag.py:4138} INFO - Setting next_dagrun for example_weekday_branch_operator to 2025-12-07 00:00:00+00:00, run_after=2025-12-08 00:00:00+00:00
[2025-12-08T07:51:29.402+0000] {processor.py:208} INFO - Processing /home/airflow/.local/lib/python3.12/site-packages/airflow/example_dags/example_branch_day_of_week_operator.py took 0.108 seconds
[2025-12-08T07:51:59.989+0000] {processor.py:186} INFO - Started process (PID=3235) to work on /home/airflow/.local/lib/python3.12/site-packages/airflow/example_dags/example_branch_day_of_week_operator.py
[2025-12-08T07:51:59.991+0000] {processor.py:914} INFO - Processing file /home/airflow/.local/lib/python3.12/site-packages/airflow/example_dags/example_branch_day_of_week_operator.py for tasks to queue
[2025-12-08T07:51:59.994+0000] {logging_mixin.py:190} INFO - [2025-12-08T07:51:59.994+0000] {dagbag.py:587} INFO - Filling up the DagBag from /home/airflow/.local/lib/python3.12/site-packages/airflow/example_dags/example_branch_day_of_week_operator.py
[2025-12-08T07:52:00.008+0000] {processor.py:925} INFO - DAG(s) 'example_weekday_branch_operator' retrieved from /home/airflow/.local/lib/python3.12/site-packages/airflow/example_dags/example_branch_day_of_week_operator.py
[2025-12-08T07:52:00.036+0000] {logging_mixin.py:190} INFO - [2025-12-08T07:52:00.036+0000] {dag.py:3211} INFO - Sync 1 DAGs
[2025-12-08T07:52:00.074+0000] {logging_mixin.py:190} INFO - [2025-12-08T07:52:00.074+0000] {dag.py:4138} INFO - Setting next_dagrun for example_weekday_branch_operator to 2025-12-07 00:00:00+00:00, run_after=2025-12-08 00:00:00+00:00
[2025-12-08T07:52:00.101+0000] {processor.py:208} INFO - Processing /home/airflow/.local/lib/python3.12/site-packages/airflow/example_dags/example_branch_day_of_week_operator.py took 0.119 seconds
[2025-12-08T07:52:30.447+0000] {processor.py:186} INFO - Started process (PID=3298) to work on /home/airflow/.local/lib/python3.12/site-packages/airflow/example_dags/example_branch_day_of_week_operator.py
[2025-12-08T07:52:30.450+0000] {processor.py:914} INFO - Processing file /home/airflow/.local/lib/python3.12/site-packages/airflow/example_dags/example_branch_day_of_week_operator.py for tasks to queue
[2025-12-08T07:52:30.454+0000] {logging_mixin.py:190} INFO - [2025-12-08T07:52:30.454+0000] {dagbag.py:587} INFO - Filling up the DagBag from /home/airflow/.local/lib/python3.12/site-packages/airflow/example_dags/example_branch_day_of_week_operator.py
[2025-12-08T07:52:30.473+0000] {processor.py:925} INFO - DAG(s) 'example_weekday_branch_operator' retrieved from /home/airflow/.local/lib/python3.12/site-packages/airflow/example_dags/example_branch_day_of_week_operator.py
[2025-12-08T07:52:30.505+0000] {logging_mixin.py:190} INFO - [2025-12-08T07:52:30.505+0000] {dag.py:3211} INFO - Sync 1 DAGs
[2025-12-08T07:52:30.542+0000] {logging_mixin.py:190} INFO - [2025-12-08T07:52:30.542+0000] {dag.py:4138} INFO - Setting next_dagrun for example_weekday_branch_operator to 2025-12-07 00:00:00+00:00, run_after=2025-12-08 00:00:00+00:00
[2025-12-08T07:52:30.572+0000] {processor.py:208} INFO - Processing /home/airflow/.local/lib/python3.12/site-packages/airflow/example_dags/example_branch_day_of_week_operator.py took 0.134 seconds
[2025-12-08T07:53:01.456+0000] {processor.py:186} INFO - Started process (PID=3361) to work on /home/airflow/.local/lib/python3.12/site-packages/airflow/example_dags/example_branch_day_of_week_operator.py
[2025-12-08T07:53:01.459+0000] {processor.py:914} INFO - Processing file /home/airflow/.local/lib/python3.12/site-packages/airflow/example_dags/example_branch_day_of_week_operator.py for tasks to queue
[2025-12-08T07:53:01.465+0000] {logging_mixin.py:190} INFO - [2025-12-08T07:53:01.464+0000] {dagbag.py:587} INFO - Filling up the DagBag from /home/airflow/.local/lib/python3.12/site-packages/airflow/example_dags/example_branch_day_of_week_operator.py
[2025-12-08T07:53:01.481+0000] {processor.py:925} INFO - DAG(s) 'example_weekday_branch_operator' retrieved from /home/airflow/.local/lib/python3.12/site-packages/airflow/example_dags/example_branch_day_of_week_operator.py
[2025-12-08T07:53:01.509+0000] {logging_mixin.py:190} INFO - [2025-12-08T07:53:01.509+0000] {dag.py:3211} INFO - Sync 1 DAGs
[2025-12-08T07:53:01.543+0000] {logging_mixin.py:190} INFO - [2025-12-08T07:53:01.543+0000] {dag.py:4138} INFO - Setting next_dagrun for example_weekday_branch_operator to 2025-12-07 00:00:00+00:00, run_after=2025-12-08 00:00:00+00:00
[2025-12-08T07:53:01.572+0000] {processor.py:208} INFO - Processing /home/airflow/.local/lib/python3.12/site-packages/airflow/example_dags/example_branch_day_of_week_operator.py took 0.127 seconds
[2025-12-08T07:53:32.333+0000] {processor.py:186} INFO - Started process (PID=3424) to work on /home/airflow/.local/lib/python3.12/site-packages/airflow/example_dags/example_branch_day_of_week_operator.py
[2025-12-08T07:53:32.336+0000] {processor.py:914} INFO - Processing file /home/airflow/.local/lib/python3.12/site-packages/airflow/example_dags/example_branch_day_of_week_operator.py for tasks to queue
[2025-12-08T07:53:32.341+0000] {logging_mixin.py:190} INFO - [2025-12-08T07:53:32.341+0000] {dagbag.py:587} INFO - Filling up the DagBag from /home/airflow/.local/lib/python3.12/site-packages/airflow/example_dags/example_branch_day_of_week_operator.py
[2025-12-08T07:53:32.356+0000] {processor.py:925} INFO - DAG(s) 'example_weekday_branch_operator' retrieved from /home/airflow/.local/lib/python3.12/site-packages/airflow/example_dags/example_branch_day_of_week_operator.py
[2025-12-08T07:53:32.393+0000] {logging_mixin.py:190} INFO - [2025-12-08T07:53:32.393+0000] {dag.py:3211} INFO - Sync 1 DAGs
[2025-12-08T07:53:32.437+0000] {logging_mixin.py:190} INFO - [2025-12-08T07:53:32.437+0000] {dag.py:4138} INFO - Setting next_dagrun for example_weekday_branch_operator to 2025-12-07 00:00:00+00:00, run_after=2025-12-08 00:00:00+00:00
[2025-12-08T07:53:32.475+0000] {processor.py:208} INFO - Processing /home/airflow/.local/lib/python3.12/site-packages/airflow/example_dags/example_branch_day_of_week_operator.py took 0.157 seconds
[2025-12-08T07:54:02.751+0000] {processor.py:186} INFO - Started process (PID=3487) to work on /home/airflow/.local/lib/python3.12/site-packages/airflow/example_dags/example_branch_day_of_week_operator.py
[2025-12-08T07:54:02.754+0000] {processor.py:914} INFO - Processing file /home/airflow/.local/lib/python3.12/site-packages/airflow/example_dags/example_branch_day_of_week_operator.py for tasks to queue
[2025-12-08T07:54:02.759+0000] {logging_mixin.py:190} INFO - [2025-12-08T07:54:02.759+0000] {dagbag.py:587} INFO - Filling up the DagBag from /home/airflow/.local/lib/python3.12/site-packages/airflow/example_dags/example_branch_day_of_week_operator.py
[2025-12-08T07:54:02.783+0000] {processor.py:925} INFO - DAG(s) 'example_weekday_branch_operator' retrieved from /home/airflow/.local/lib/python3.12/site-packages/airflow/example_dags/example_branch_day_of_week_operator.py
[2025-12-08T07:54:02.831+0000] {logging_mixin.py:190} INFO - [2025-12-08T07:54:02.831+0000] {dag.py:3211} INFO - Sync 1 DAGs
[2025-12-08T07:54:02.891+0000] {logging_mixin.py:190} INFO - [2025-12-08T07:54:02.890+0000] {dag.py:4138} INFO - Setting next_dagrun for example_weekday_branch_operator to 2025-12-07 00:00:00+00:00, run_after=2025-12-08 00:00:00+00:00
[2025-12-08T07:54:02.934+0000] {processor.py:208} INFO - Processing /home/airflow/.local/lib/python3.12/site-packages/airflow/example_dags/example_branch_day_of_week_operator.py took 0.195 seconds
[2025-12-08T07:54:33.356+0000] {processor.py:186} INFO - Started process (PID=3550) to work on /home/airflow/.local/lib/python3.12/site-packages/airflow/example_dags/example_branch_day_of_week_operator.py
[2025-12-08T07:54:33.360+0000] {processor.py:914} INFO - Processing file /home/airflow/.local/lib/python3.12/site-packages/airflow/example_dags/example_branch_day_of_week_operator.py for tasks to queue
[2025-12-08T07:54:33.370+0000] {logging_mixin.py:190} INFO - [2025-12-08T07:54:33.369+0000] {dagbag.py:587} INFO - Filling up the DagBag from /home/airflow/.local/lib/python3.12/site-packages/airflow/example_dags/example_branch_day_of_week_operator.py
[2025-12-08T07:54:33.403+0000] {processor.py:925} INFO - DAG(s) 'example_weekday_branch_operator' retrieved from /home/airflow/.local/lib/python3.12/site-packages/airflow/example_dags/example_branch_day_of_week_operator.py
[2025-12-08T07:54:33.473+0000] {logging_mixin.py:190} INFO - [2025-12-08T07:54:33.472+0000] {dag.py:3211} INFO - Sync 1 DAGs
[2025-12-08T07:54:33.544+0000] {logging_mixin.py:190} INFO - [2025-12-08T07:54:33.543+0000] {dag.py:4138} INFO - Setting next_dagrun for example_weekday_branch_operator to 2025-12-07 00:00:00+00:00, run_after=2025-12-08 00:00:00+00:00
[2025-12-08T07:54:33.602+0000] {processor.py:208} INFO - Processing /home/airflow/.local/lib/python3.12/site-packages/airflow/example_dags/example_branch_day_of_week_operator.py took 0.265 seconds
[2025-12-08T07:55:03.723+0000] {processor.py:186} INFO - Started process (PID=3613) to work on /home/airflow/.local/lib/python3.12/site-packages/airflow/example_dags/example_branch_day_of_week_operator.py
[2025-12-08T07:55:03.725+0000] {processor.py:914} INFO - Processing file /home/airflow/.local/lib/python3.12/site-packages/airflow/example_dags/example_branch_day_of_week_operator.py for tasks to queue
[2025-12-08T07:55:03.731+0000] {logging_mixin.py:190} INFO - [2025-12-08T07:55:03.730+0000] {dagbag.py:587} INFO - Filling up the DagBag from /home/airflow/.local/lib/python3.12/site-packages/airflow/example_dags/example_branch_day_of_week_operator.py
[2025-12-08T07:55:03.749+0000] {processor.py:925} INFO - DAG(s) 'example_weekday_branch_operator' retrieved from /home/airflow/.local/lib/python3.12/site-packages/airflow/example_dags/example_branch_day_of_week_operator.py
[2025-12-08T07:55:03.778+0000] {logging_mixin.py:190} INFO - [2025-12-08T07:55:03.777+0000] {dag.py:3211} INFO - Sync 1 DAGs
[2025-12-08T07:55:03.807+0000] {logging_mixin.py:190} INFO - [2025-12-08T07:55:03.807+0000] {dag.py:4138} INFO - Setting next_dagrun for example_weekday_branch_operator to 2025-12-07 00:00:00+00:00, run_after=2025-12-08 00:00:00+00:00
[2025-12-08T07:55:03.830+0000] {processor.py:208} INFO - Processing /home/airflow/.local/lib/python3.12/site-packages/airflow/example_dags/example_branch_day_of_week_operator.py took 0.120 seconds
[2025-12-08T07:55:34.452+0000] {processor.py:186} INFO - Started process (PID=3677) to work on /home/airflow/.local/lib/python3.12/site-packages/airflow/example_dags/example_branch_day_of_week_operator.py
[2025-12-08T07:55:34.455+0000] {processor.py:914} INFO - Processing file /home/airflow/.local/lib/python3.12/site-packages/airflow/example_dags/example_branch_day_of_week_operator.py for tasks to queue
[2025-12-08T07:55:34.464+0000] {logging_mixin.py:190} INFO - [2025-12-08T07:55:34.463+0000] {dagbag.py:587} INFO - Filling up the DagBag from /home/airflow/.local/lib/python3.12/site-packages/airflow/example_dags/example_branch_day_of_week_operator.py
[2025-12-08T07:55:34.489+0000] {processor.py:925} INFO - DAG(s) 'example_weekday_branch_operator' retrieved from /home/airflow/.local/lib/python3.12/site-packages/airflow/example_dags/example_branch_day_of_week_operator.py
[2025-12-08T07:55:34.551+0000] {logging_mixin.py:190} INFO - [2025-12-08T07:55:34.549+0000] {dag.py:3211} INFO - Sync 1 DAGs
[2025-12-08T07:55:34.623+0000] {logging_mixin.py:190} INFO - [2025-12-08T07:55:34.622+0000] {dag.py:4138} INFO - Setting next_dagrun for example_weekday_branch_operator to 2025-12-07 00:00:00+00:00, run_after=2025-12-08 00:00:00+00:00
[2025-12-08T07:55:34.701+0000] {processor.py:208} INFO - Processing /home/airflow/.local/lib/python3.12/site-packages/airflow/example_dags/example_branch_day_of_week_operator.py took 0.263 seconds
[2025-12-08T07:56:04.882+0000] {processor.py:186} INFO - Started process (PID=3741) to work on /home/airflow/.local/lib/python3.12/site-packages/airflow/example_dags/example_branch_day_of_week_operator.py
[2025-12-08T07:56:04.885+0000] {processor.py:914} INFO - Processing file /home/airflow/.local/lib/python3.12/site-packages/airflow/example_dags/example_branch_day_of_week_operator.py for tasks to queue
[2025-12-08T07:56:04.889+0000] {logging_mixin.py:190} INFO - [2025-12-08T07:56:04.888+0000] {dagbag.py:587} INFO - Filling up the DagBag from /home/airflow/.local/lib/python3.12/site-packages/airflow/example_dags/example_branch_day_of_week_operator.py
[2025-12-08T07:56:04.902+0000] {processor.py:925} INFO - DAG(s) 'example_weekday_branch_operator' retrieved from /home/airflow/.local/lib/python3.12/site-packages/airflow/example_dags/example_branch_day_of_week_operator.py
[2025-12-08T07:56:04.936+0000] {logging_mixin.py:190} INFO - [2025-12-08T07:56:04.935+0000] {dag.py:3211} INFO - Sync 1 DAGs
[2025-12-08T07:56:04.966+0000] {logging_mixin.py:190} INFO - [2025-12-08T07:56:04.966+0000] {dag.py:4138} INFO - Setting next_dagrun for example_weekday_branch_operator to 2025-12-07 00:00:00+00:00, run_after=2025-12-08 00:00:00+00:00
[2025-12-08T07:56:04.997+0000] {processor.py:208} INFO - Processing /home/airflow/.local/lib/python3.12/site-packages/airflow/example_dags/example_branch_day_of_week_operator.py took 0.124 seconds
[2025-12-08T07:56:35.352+0000] {processor.py:186} INFO - Started process (PID=3804) to work on /home/airflow/.local/lib/python3.12/site-packages/airflow/example_dags/example_branch_day_of_week_operator.py
[2025-12-08T07:56:35.356+0000] {processor.py:914} INFO - Processing file /home/airflow/.local/lib/python3.12/site-packages/airflow/example_dags/example_branch_day_of_week_operator.py for tasks to queue
[2025-12-08T07:56:35.367+0000] {logging_mixin.py:190} INFO - [2025-12-08T07:56:35.364+0000] {dagbag.py:587} INFO - Filling up the DagBag from /home/airflow/.local/lib/python3.12/site-packages/airflow/example_dags/example_branch_day_of_week_operator.py
[2025-12-08T07:56:35.391+0000] {processor.py:925} INFO - DAG(s) 'example_weekday_branch_operator' retrieved from /home/airflow/.local/lib/python3.12/site-packages/airflow/example_dags/example_branch_day_of_week_operator.py
[2025-12-08T07:56:35.459+0000] {logging_mixin.py:190} INFO - [2025-12-08T07:56:35.459+0000] {dag.py:3211} INFO - Sync 1 DAGs
[2025-12-08T07:56:35.520+0000] {logging_mixin.py:190} INFO - [2025-12-08T07:56:35.519+0000] {dag.py:4138} INFO - Setting next_dagrun for example_weekday_branch_operator to 2025-12-07 00:00:00+00:00, run_after=2025-12-08 00:00:00+00:00
[2025-12-08T07:56:35.573+0000] {processor.py:208} INFO - Processing /home/airflow/.local/lib/python3.12/site-packages/airflow/example_dags/example_branch_day_of_week_operator.py took 0.253 seconds
[2025-12-08T07:57:05.965+0000] {processor.py:186} INFO - Started process (PID=3867) to work on /home/airflow/.local/lib/python3.12/site-packages/airflow/example_dags/example_branch_day_of_week_operator.py
[2025-12-08T07:57:05.967+0000] {processor.py:914} INFO - Processing file /home/airflow/.local/lib/python3.12/site-packages/airflow/example_dags/example_branch_day_of_week_operator.py for tasks to queue
[2025-12-08T07:57:05.971+0000] {logging_mixin.py:190} INFO - [2025-12-08T07:57:05.971+0000] {dagbag.py:587} INFO - Filling up the DagBag from /home/airflow/.local/lib/python3.12/site-packages/airflow/example_dags/example_branch_day_of_week_operator.py
[2025-12-08T07:57:05.984+0000] {processor.py:925} INFO - DAG(s) 'example_weekday_branch_operator' retrieved from /home/airflow/.local/lib/python3.12/site-packages/airflow/example_dags/example_branch_day_of_week_operator.py
[2025-12-08T07:57:06.016+0000] {logging_mixin.py:190} INFO - [2025-12-08T07:57:06.015+0000] {dag.py:3211} INFO - Sync 1 DAGs
[2025-12-08T07:57:06.044+0000] {logging_mixin.py:190} INFO - [2025-12-08T07:57:06.043+0000] {dag.py:4138} INFO - Setting next_dagrun for example_weekday_branch_operator to 2025-12-07 00:00:00+00:00, run_after=2025-12-08 00:00:00+00:00
[2025-12-08T07:57:06.070+0000] {processor.py:208} INFO - Processing /home/airflow/.local/lib/python3.12/site-packages/airflow/example_dags/example_branch_day_of_week_operator.py took 0.117 seconds
[2025-12-08T07:57:36.193+0000] {processor.py:186} INFO - Started process (PID=3931) to work on /home/airflow/.local/lib/python3.12/site-packages/airflow/example_dags/example_branch_day_of_week_operator.py
[2025-12-08T07:57:36.194+0000] {processor.py:914} INFO - Processing file /home/airflow/.local/lib/python3.12/site-packages/airflow/example_dags/example_branch_day_of_week_operator.py for tasks to queue
[2025-12-08T07:57:36.199+0000] {logging_mixin.py:190} INFO - [2025-12-08T07:57:36.198+0000] {dagbag.py:587} INFO - Filling up the DagBag from /home/airflow/.local/lib/python3.12/site-packages/airflow/example_dags/example_branch_day_of_week_operator.py
[2025-12-08T07:57:36.210+0000] {processor.py:925} INFO - DAG(s) 'example_weekday_branch_operator' retrieved from /home/airflow/.local/lib/python3.12/site-packages/airflow/example_dags/example_branch_day_of_week_operator.py
[2025-12-08T07:57:36.239+0000] {logging_mixin.py:190} INFO - [2025-12-08T07:57:36.238+0000] {dag.py:3211} INFO - Sync 1 DAGs
[2025-12-08T07:57:36.272+0000] {logging_mixin.py:190} INFO - [2025-12-08T07:57:36.272+0000] {dag.py:4138} INFO - Setting next_dagrun for example_weekday_branch_operator to 2025-12-07 00:00:00+00:00, run_after=2025-12-08 00:00:00+00:00
[2025-12-08T07:57:36.301+0000] {processor.py:208} INFO - Processing /home/airflow/.local/lib/python3.12/site-packages/airflow/example_dags/example_branch_day_of_week_operator.py took 0.116 seconds
[2025-12-08T07:58:07.256+0000] {processor.py:186} INFO - Started process (PID=3994) to work on /home/airflow/.local/lib/python3.12/site-packages/airflow/example_dags/example_branch_day_of_week_operator.py
[2025-12-08T07:58:07.258+0000] {processor.py:914} INFO - Processing file /home/airflow/.local/lib/python3.12/site-packages/airflow/example_dags/example_branch_day_of_week_operator.py for tasks to queue
[2025-12-08T07:58:07.265+0000] {logging_mixin.py:190} INFO - [2025-12-08T07:58:07.264+0000] {dagbag.py:587} INFO - Filling up the DagBag from /home/airflow/.local/lib/python3.12/site-packages/airflow/example_dags/example_branch_day_of_week_operator.py
[2025-12-08T07:58:07.294+0000] {processor.py:925} INFO - DAG(s) 'example_weekday_branch_operator' retrieved from /home/airflow/.local/lib/python3.12/site-packages/airflow/example_dags/example_branch_day_of_week_operator.py
[2025-12-08T07:58:07.362+0000] {logging_mixin.py:190} INFO - [2025-12-08T07:58:07.361+0000] {dag.py:3211} INFO - Sync 1 DAGs
[2025-12-08T07:58:07.421+0000] {logging_mixin.py:190} INFO - [2025-12-08T07:58:07.421+0000] {dag.py:4138} INFO - Setting next_dagrun for example_weekday_branch_operator to 2025-12-07 00:00:00+00:00, run_after=2025-12-08 00:00:00+00:00
[2025-12-08T07:58:07.464+0000] {processor.py:208} INFO - Processing /home/airflow/.local/lib/python3.12/site-packages/airflow/example_dags/example_branch_day_of_week_operator.py took 0.225 seconds
[2025-12-08T07:58:37.575+0000] {processor.py:186} INFO - Started process (PID=4058) to work on /home/airflow/.local/lib/python3.12/site-packages/airflow/example_dags/example_branch_day_of_week_operator.py
[2025-12-08T07:58:37.577+0000] {processor.py:914} INFO - Processing file /home/airflow/.local/lib/python3.12/site-packages/airflow/example_dags/example_branch_day_of_week_operator.py for tasks to queue
[2025-12-08T07:58:37.581+0000] {logging_mixin.py:190} INFO - [2025-12-08T07:58:37.581+0000] {dagbag.py:587} INFO - Filling up the DagBag from /home/airflow/.local/lib/python3.12/site-packages/airflow/example_dags/example_branch_day_of_week_operator.py
[2025-12-08T07:58:37.591+0000] {processor.py:925} INFO - DAG(s) 'example_weekday_branch_operator' retrieved from /home/airflow/.local/lib/python3.12/site-packages/airflow/example_dags/example_branch_day_of_week_operator.py
[2025-12-08T07:58:37.617+0000] {logging_mixin.py:190} INFO - [2025-12-08T07:58:37.617+0000] {dag.py:3211} INFO - Sync 1 DAGs
[2025-12-08T07:58:37.643+0000] {logging_mixin.py:190} INFO - [2025-12-08T07:58:37.643+0000] {dag.py:4138} INFO - Setting next_dagrun for example_weekday_branch_operator to 2025-12-07 00:00:00+00:00, run_after=2025-12-08 00:00:00+00:00
[2025-12-08T07:58:37.667+0000] {processor.py:208} INFO - Processing /home/airflow/.local/lib/python3.12/site-packages/airflow/example_dags/example_branch_day_of_week_operator.py took 0.100 seconds
[2025-12-08T07:59:07.875+0000] {processor.py:186} INFO - Started process (PID=4121) to work on /home/airflow/.local/lib/python3.12/site-packages/airflow/example_dags/example_branch_day_of_week_operator.py
[2025-12-08T07:59:07.877+0000] {processor.py:914} INFO - Processing file /home/airflow/.local/lib/python3.12/site-packages/airflow/example_dags/example_branch_day_of_week_operator.py for tasks to queue
[2025-12-08T07:59:07.881+0000] {logging_mixin.py:190} INFO - [2025-12-08T07:59:07.880+0000] {dagbag.py:587} INFO - Filling up the DagBag from /home/airflow/.local/lib/python3.12/site-packages/airflow/example_dags/example_branch_day_of_week_operator.py
[2025-12-08T07:59:07.891+0000] {processor.py:925} INFO - DAG(s) 'example_weekday_branch_operator' retrieved from /home/airflow/.local/lib/python3.12/site-packages/airflow/example_dags/example_branch_day_of_week_operator.py
[2025-12-08T07:59:07.914+0000] {logging_mixin.py:190} INFO - [2025-12-08T07:59:07.914+0000] {dag.py:3211} INFO - Sync 1 DAGs
[2025-12-08T07:59:07.939+0000] {logging_mixin.py:190} INFO - [2025-12-08T07:59:07.939+0000] {dag.py:4138} INFO - Setting next_dagrun for example_weekday_branch_operator to 2025-12-07 00:00:00+00:00, run_after=2025-12-08 00:00:00+00:00
[2025-12-08T07:59:07.962+0000] {processor.py:208} INFO - Processing /home/airflow/.local/lib/python3.12/site-packages/airflow/example_dags/example_branch_day_of_week_operator.py took 0.093 seconds
[2025-12-08T07:59:38.338+0000] {processor.py:186} INFO - Started process (PID=4184) to work on /home/airflow/.local/lib/python3.12/site-packages/airflow/example_dags/example_branch_day_of_week_operator.py
[2025-12-08T07:59:38.340+0000] {processor.py:914} INFO - Processing file /home/airflow/.local/lib/python3.12/site-packages/airflow/example_dags/example_branch_day_of_week_operator.py for tasks to queue
[2025-12-08T07:59:38.345+0000] {logging_mixin.py:190} INFO - [2025-12-08T07:59:38.344+0000] {dagbag.py:587} INFO - Filling up the DagBag from /home/airflow/.local/lib/python3.12/site-packages/airflow/example_dags/example_branch_day_of_week_operator.py
[2025-12-08T07:59:38.362+0000] {processor.py:925} INFO - DAG(s) 'example_weekday_branch_operator' retrieved from /home/airflow/.local/lib/python3.12/site-packages/airflow/example_dags/example_branch_day_of_week_operator.py
[2025-12-08T07:59:38.396+0000] {logging_mixin.py:190} INFO - [2025-12-08T07:59:38.395+0000] {dag.py:3211} INFO - Sync 1 DAGs
[2025-12-08T07:59:38.426+0000] {logging_mixin.py:190} INFO - [2025-12-08T07:59:38.426+0000] {dag.py:4138} INFO - Setting next_dagrun for example_weekday_branch_operator to 2025-12-07 00:00:00+00:00, run_after=2025-12-08 00:00:00+00:00
[2025-12-08T07:59:38.451+0000] {processor.py:208} INFO - Processing /home/airflow/.local/lib/python3.12/site-packages/airflow/example_dags/example_branch_day_of_week_operator.py took 0.119 seconds
[2025-12-08T08:00:08.737+0000] {processor.py:186} INFO - Started process (PID=4247) to work on /home/airflow/.local/lib/python3.12/site-packages/airflow/example_dags/example_branch_day_of_week_operator.py
[2025-12-08T08:00:08.739+0000] {processor.py:914} INFO - Processing file /home/airflow/.local/lib/python3.12/site-packages/airflow/example_dags/example_branch_day_of_week_operator.py for tasks to queue
[2025-12-08T08:00:08.742+0000] {logging_mixin.py:190} INFO - [2025-12-08T08:00:08.742+0000] {dagbag.py:587} INFO - Filling up the DagBag from /home/airflow/.local/lib/python3.12/site-packages/airflow/example_dags/example_branch_day_of_week_operator.py
[2025-12-08T08:00:08.753+0000] {processor.py:925} INFO - DAG(s) 'example_weekday_branch_operator' retrieved from /home/airflow/.local/lib/python3.12/site-packages/airflow/example_dags/example_branch_day_of_week_operator.py
[2025-12-08T08:00:08.779+0000] {logging_mixin.py:190} INFO - [2025-12-08T08:00:08.779+0000] {dag.py:3211} INFO - Sync 1 DAGs
[2025-12-08T08:00:08.803+0000] {logging_mixin.py:190} INFO - [2025-12-08T08:00:08.803+0000] {dag.py:4138} INFO - Setting next_dagrun for example_weekday_branch_operator to 2025-12-07 00:00:00+00:00, run_after=2025-12-08 00:00:00+00:00
[2025-12-08T08:00:08.823+0000] {processor.py:208} INFO - Processing /home/airflow/.local/lib/python3.12/site-packages/airflow/example_dags/example_branch_day_of_week_operator.py took 0.093 seconds
[2025-12-08T08:00:39.057+0000] {processor.py:186} INFO - Started process (PID=4310) to work on /home/airflow/.local/lib/python3.12/site-packages/airflow/example_dags/example_branch_day_of_week_operator.py
[2025-12-08T08:00:39.059+0000] {processor.py:914} INFO - Processing file /home/airflow/.local/lib/python3.12/site-packages/airflow/example_dags/example_branch_day_of_week_operator.py for tasks to queue
[2025-12-08T08:00:39.064+0000] {logging_mixin.py:190} INFO - [2025-12-08T08:00:39.063+0000] {dagbag.py:587} INFO - Filling up the DagBag from /home/airflow/.local/lib/python3.12/site-packages/airflow/example_dags/example_branch_day_of_week_operator.py
[2025-12-08T08:00:39.075+0000] {processor.py:925} INFO - DAG(s) 'example_weekday_branch_operator' retrieved from /home/airflow/.local/lib/python3.12/site-packages/airflow/example_dags/example_branch_day_of_week_operator.py
[2025-12-08T08:00:39.109+0000] {logging_mixin.py:190} INFO - [2025-12-08T08:00:39.108+0000] {dag.py:3211} INFO - Sync 1 DAGs
[2025-12-08T08:00:39.139+0000] {logging_mixin.py:190} INFO - [2025-12-08T08:00:39.139+0000] {dag.py:4138} INFO - Setting next_dagrun for example_weekday_branch_operator to 2025-12-07 00:00:00+00:00, run_after=2025-12-08 00:00:00+00:00
[2025-12-08T08:00:39.168+0000] {processor.py:208} INFO - Processing /home/airflow/.local/lib/python3.12/site-packages/airflow/example_dags/example_branch_day_of_week_operator.py took 0.118 seconds
[2025-12-08T08:01:09.246+0000] {processor.py:186} INFO - Started process (PID=4372) to work on /home/airflow/.local/lib/python3.12/site-packages/airflow/example_dags/example_branch_day_of_week_operator.py
[2025-12-08T08:01:09.248+0000] {processor.py:914} INFO - Processing file /home/airflow/.local/lib/python3.12/site-packages/airflow/example_dags/example_branch_day_of_week_operator.py for tasks to queue
[2025-12-08T08:01:09.252+0000] {logging_mixin.py:190} INFO - [2025-12-08T08:01:09.251+0000] {dagbag.py:587} INFO - Filling up the DagBag from /home/airflow/.local/lib/python3.12/site-packages/airflow/example_dags/example_branch_day_of_week_operator.py
[2025-12-08T08:01:09.263+0000] {processor.py:925} INFO - DAG(s) 'example_weekday_branch_operator' retrieved from /home/airflow/.local/lib/python3.12/site-packages/airflow/example_dags/example_branch_day_of_week_operator.py
[2025-12-08T08:01:09.290+0000] {logging_mixin.py:190} INFO - [2025-12-08T08:01:09.289+0000] {dag.py:3211} INFO - Sync 1 DAGs
[2025-12-08T08:01:09.315+0000] {logging_mixin.py:190} INFO - [2025-12-08T08:01:09.315+0000] {dag.py:4138} INFO - Setting next_dagrun for example_weekday_branch_operator to 2025-12-07 00:00:00+00:00, run_after=2025-12-08 00:00:00+00:00
[2025-12-08T08:01:09.343+0000] {processor.py:208} INFO - Processing /home/airflow/.local/lib/python3.12/site-packages/airflow/example_dags/example_branch_day_of_week_operator.py took 0.105 seconds
[2025-12-08T08:01:39.672+0000] {processor.py:186} INFO - Started process (PID=4435) to work on /home/airflow/.local/lib/python3.12/site-packages/airflow/example_dags/example_branch_day_of_week_operator.py
[2025-12-08T08:01:39.674+0000] {processor.py:914} INFO - Processing file /home/airflow/.local/lib/python3.12/site-packages/airflow/example_dags/example_branch_day_of_week_operator.py for tasks to queue
[2025-12-08T08:01:39.677+0000] {logging_mixin.py:190} INFO - [2025-12-08T08:01:39.677+0000] {dagbag.py:587} INFO - Filling up the DagBag from /home/airflow/.local/lib/python3.12/site-packages/airflow/example_dags/example_branch_day_of_week_operator.py
[2025-12-08T08:01:39.688+0000] {processor.py:925} INFO - DAG(s) 'example_weekday_branch_operator' retrieved from /home/airflow/.local/lib/python3.12/site-packages/airflow/example_dags/example_branch_day_of_week_operator.py
[2025-12-08T08:01:39.715+0000] {logging_mixin.py:190} INFO - [2025-12-08T08:01:39.715+0000] {dag.py:3211} INFO - Sync 1 DAGs
[2025-12-08T08:01:39.740+0000] {logging_mixin.py:190} INFO - [2025-12-08T08:01:39.740+0000] {dag.py:4138} INFO - Setting next_dagrun for example_weekday_branch_operator to 2025-12-07 00:00:00+00:00, run_after=2025-12-08 00:00:00+00:00
[2025-12-08T08:01:39.762+0000] {processor.py:208} INFO - Processing /home/airflow/.local/lib/python3.12/site-packages/airflow/example_dags/example_branch_day_of_week_operator.py took 0.097 seconds
[2025-12-08T08:02:10.012+0000] {processor.py:186} INFO - Started process (PID=4498) to work on /home/airflow/.local/lib/python3.12/site-packages/airflow/example_dags/example_branch_day_of_week_operator.py
[2025-12-08T08:02:10.013+0000] {processor.py:914} INFO - Processing file /home/airflow/.local/lib/python3.12/site-packages/airflow/example_dags/example_branch_day_of_week_operator.py for tasks to queue
[2025-12-08T08:02:10.017+0000] {logging_mixin.py:190} INFO - [2025-12-08T08:02:10.017+0000] {dagbag.py:587} INFO - Filling up the DagBag from /home/airflow/.local/lib/python3.12/site-packages/airflow/example_dags/example_branch_day_of_week_operator.py
[2025-12-08T08:02:10.028+0000] {processor.py:925} INFO - DAG(s) 'example_weekday_branch_operator' retrieved from /home/airflow/.local/lib/python3.12/site-packages/airflow/example_dags/example_branch_day_of_week_operator.py
[2025-12-08T08:02:10.054+0000] {logging_mixin.py:190} INFO - [2025-12-08T08:02:10.054+0000] {dag.py:3211} INFO - Sync 1 DAGs
[2025-12-08T08:02:10.082+0000] {logging_mixin.py:190} INFO - [2025-12-08T08:02:10.082+0000] {dag.py:4138} INFO - Setting next_dagrun for example_weekday_branch_operator to 2025-12-07 00:00:00+00:00, run_after=2025-12-08 00:00:00+00:00
[2025-12-08T08:02:10.109+0000] {processor.py:208} INFO - Processing /home/airflow/.local/lib/python3.12/site-packages/airflow/example_dags/example_branch_day_of_week_operator.py took 0.104 seconds
[2025-12-08T08:02:40.503+0000] {processor.py:186} INFO - Started process (PID=4561) to work on /home/airflow/.local/lib/python3.12/site-packages/airflow/example_dags/example_branch_day_of_week_operator.py
[2025-12-08T08:02:40.504+0000] {processor.py:914} INFO - Processing file /home/airflow/.local/lib/python3.12/site-packages/airflow/example_dags/example_branch_day_of_week_operator.py for tasks to queue
[2025-12-08T08:02:40.509+0000] {logging_mixin.py:190} INFO - [2025-12-08T08:02:40.508+0000] {dagbag.py:587} INFO - Filling up the DagBag from /home/airflow/.local/lib/python3.12/site-packages/airflow/example_dags/example_branch_day_of_week_operator.py
[2025-12-08T08:02:40.520+0000] {processor.py:925} INFO - DAG(s) 'example_weekday_branch_operator' retrieved from /home/airflow/.local/lib/python3.12/site-packages/airflow/example_dags/example_branch_day_of_week_operator.py
[2025-12-08T08:02:40.548+0000] {logging_mixin.py:190} INFO - [2025-12-08T08:02:40.548+0000] {dag.py:3211} INFO - Sync 1 DAGs
[2025-12-08T08:02:40.588+0000] {logging_mixin.py:190} INFO - [2025-12-08T08:02:40.587+0000] {dag.py:4138} INFO - Setting next_dagrun for example_weekday_branch_operator to 2025-12-07 00:00:00+00:00, run_after=2025-12-08 00:00:00+00:00
[2025-12-08T08:02:40.614+0000] {processor.py:208} INFO - Processing /home/airflow/.local/lib/python3.12/site-packages/airflow/example_dags/example_branch_day_of_week_operator.py took 0.119 seconds
[2025-12-08T08:03:11.642+0000] {processor.py:186} INFO - Started process (PID=4624) to work on /home/airflow/.local/lib/python3.12/site-packages/airflow/example_dags/example_branch_day_of_week_operator.py
[2025-12-08T08:03:11.644+0000] {processor.py:914} INFO - Processing file /home/airflow/.local/lib/python3.12/site-packages/airflow/example_dags/example_branch_day_of_week_operator.py for tasks to queue
[2025-12-08T08:03:11.649+0000] {logging_mixin.py:190} INFO - [2025-12-08T08:03:11.648+0000] {dagbag.py:587} INFO - Filling up the DagBag from /home/airflow/.local/lib/python3.12/site-packages/airflow/example_dags/example_branch_day_of_week_operator.py
[2025-12-08T08:03:11.660+0000] {processor.py:925} INFO - DAG(s) 'example_weekday_branch_operator' retrieved from /home/airflow/.local/lib/python3.12/site-packages/airflow/example_dags/example_branch_day_of_week_operator.py
[2025-12-08T08:03:11.691+0000] {logging_mixin.py:190} INFO - [2025-12-08T08:03:11.690+0000] {dag.py:3211} INFO - Sync 1 DAGs
[2025-12-08T08:03:11.727+0000] {logging_mixin.py:190} INFO - [2025-12-08T08:03:11.727+0000] {dag.py:4138} INFO - Setting next_dagrun for example_weekday_branch_operator to 2025-12-07 00:00:00+00:00, run_after=2025-12-08 00:00:00+00:00
[2025-12-08T08:03:11.757+0000] {processor.py:208} INFO - Processing /home/airflow/.local/lib/python3.12/site-packages/airflow/example_dags/example_branch_day_of_week_operator.py took 0.124 seconds
[2025-12-08T08:03:42.521+0000] {processor.py:186} INFO - Started process (PID=4687) to work on /home/airflow/.local/lib/python3.12/site-packages/airflow/example_dags/example_branch_day_of_week_operator.py
[2025-12-08T08:03:42.523+0000] {processor.py:914} INFO - Processing file /home/airflow/.local/lib/python3.12/site-packages/airflow/example_dags/example_branch_day_of_week_operator.py for tasks to queue
[2025-12-08T08:03:42.528+0000] {logging_mixin.py:190} INFO - [2025-12-08T08:03:42.527+0000] {dagbag.py:587} INFO - Filling up the DagBag from /home/airflow/.local/lib/python3.12/site-packages/airflow/example_dags/example_branch_day_of_week_operator.py
[2025-12-08T08:03:42.539+0000] {processor.py:925} INFO - DAG(s) 'example_weekday_branch_operator' retrieved from /home/airflow/.local/lib/python3.12/site-packages/airflow/example_dags/example_branch_day_of_week_operator.py
[2025-12-08T08:03:42.565+0000] {logging_mixin.py:190} INFO - [2025-12-08T08:03:42.565+0000] {dag.py:3211} INFO - Sync 1 DAGs
[2025-12-08T08:03:42.593+0000] {logging_mixin.py:190} INFO - [2025-12-08T08:03:42.592+0000] {dag.py:4138} INFO - Setting next_dagrun for example_weekday_branch_operator to 2025-12-07 00:00:00+00:00, run_after=2025-12-08 00:00:00+00:00
[2025-12-08T08:03:42.616+0000] {processor.py:208} INFO - Processing /home/airflow/.local/lib/python3.12/site-packages/airflow/example_dags/example_branch_day_of_week_operator.py took 0.102 seconds
[2025-12-08T08:04:14.131+0000] {processor.py:186} INFO - Started process (PID=4750) to work on /home/airflow/.local/lib/python3.12/site-packages/airflow/example_dags/example_branch_day_of_week_operator.py
[2025-12-08T08:04:14.134+0000] {processor.py:914} INFO - Processing file /home/airflow/.local/lib/python3.12/site-packages/airflow/example_dags/example_branch_day_of_week_operator.py for tasks to queue
[2025-12-08T08:04:14.142+0000] {logging_mixin.py:190} INFO - [2025-12-08T08:04:14.141+0000] {dagbag.py:587} INFO - Filling up the DagBag from /home/airflow/.local/lib/python3.12/site-packages/airflow/example_dags/example_branch_day_of_week_operator.py
[2025-12-08T08:04:14.174+0000] {processor.py:925} INFO - DAG(s) 'example_weekday_branch_operator' retrieved from /home/airflow/.local/lib/python3.12/site-packages/airflow/example_dags/example_branch_day_of_week_operator.py
[2025-12-08T08:04:14.234+0000] {logging_mixin.py:190} INFO - [2025-12-08T08:04:14.234+0000] {dag.py:3211} INFO - Sync 1 DAGs
[2025-12-08T08:04:14.291+0000] {logging_mixin.py:190} INFO - [2025-12-08T08:04:14.290+0000] {dag.py:4138} INFO - Setting next_dagrun for example_weekday_branch_operator to 2025-12-07 00:00:00+00:00, run_after=2025-12-08 00:00:00+00:00
[2025-12-08T08:04:14.331+0000] {processor.py:208} INFO - Processing /home/airflow/.local/lib/python3.12/site-packages/airflow/example_dags/example_branch_day_of_week_operator.py took 0.221 seconds
[2025-12-08T08:04:44.598+0000] {processor.py:186} INFO - Started process (PID=4813) to work on /home/airflow/.local/lib/python3.12/site-packages/airflow/example_dags/example_branch_day_of_week_operator.py
[2025-12-08T08:04:44.600+0000] {processor.py:914} INFO - Processing file /home/airflow/.local/lib/python3.12/site-packages/airflow/example_dags/example_branch_day_of_week_operator.py for tasks to queue
[2025-12-08T08:04:44.604+0000] {logging_mixin.py:190} INFO - [2025-12-08T08:04:44.603+0000] {dagbag.py:587} INFO - Filling up the DagBag from /home/airflow/.local/lib/python3.12/site-packages/airflow/example_dags/example_branch_day_of_week_operator.py
[2025-12-08T08:04:44.618+0000] {processor.py:925} INFO - DAG(s) 'example_weekday_branch_operator' retrieved from /home/airflow/.local/lib/python3.12/site-packages/airflow/example_dags/example_branch_day_of_week_operator.py
[2025-12-08T08:04:44.652+0000] {logging_mixin.py:190} INFO - [2025-12-08T08:04:44.652+0000] {dag.py:3211} INFO - Sync 1 DAGs
[2025-12-08T08:04:44.690+0000] {logging_mixin.py:190} INFO - [2025-12-08T08:04:44.690+0000] {dag.py:4138} INFO - Setting next_dagrun for example_weekday_branch_operator to 2025-12-07 00:00:00+00:00, run_after=2025-12-08 00:00:00+00:00
[2025-12-08T08:04:44.719+0000] {processor.py:208} INFO - Processing /home/airflow/.local/lib/python3.12/site-packages/airflow/example_dags/example_branch_day_of_week_operator.py took 0.128 seconds
[2025-12-08T08:05:14.987+0000] {processor.py:186} INFO - Started process (PID=4876) to work on /home/airflow/.local/lib/python3.12/site-packages/airflow/example_dags/example_branch_day_of_week_operator.py
[2025-12-08T08:05:14.989+0000] {processor.py:914} INFO - Processing file /home/airflow/.local/lib/python3.12/site-packages/airflow/example_dags/example_branch_day_of_week_operator.py for tasks to queue
[2025-12-08T08:05:14.994+0000] {logging_mixin.py:190} INFO - [2025-12-08T08:05:14.993+0000] {dagbag.py:587} INFO - Filling up the DagBag from /home/airflow/.local/lib/python3.12/site-packages/airflow/example_dags/example_branch_day_of_week_operator.py
[2025-12-08T08:05:15.004+0000] {processor.py:925} INFO - DAG(s) 'example_weekday_branch_operator' retrieved from /home/airflow/.local/lib/python3.12/site-packages/airflow/example_dags/example_branch_day_of_week_operator.py
[2025-12-08T08:05:15.036+0000] {logging_mixin.py:190} INFO - [2025-12-08T08:05:15.036+0000] {dag.py:3211} INFO - Sync 1 DAGs
[2025-12-08T08:05:15.067+0000] {logging_mixin.py:190} INFO - [2025-12-08T08:05:15.067+0000] {dag.py:4138} INFO - Setting next_dagrun for example_weekday_branch_operator to 2025-12-07 00:00:00+00:00, run_after=2025-12-08 00:00:00+00:00
[2025-12-08T08:05:15.098+0000] {processor.py:208} INFO - Processing /home/airflow/.local/lib/python3.12/site-packages/airflow/example_dags/example_branch_day_of_week_operator.py took 0.117 seconds
[2025-12-08T08:05:45.792+0000] {processor.py:186} INFO - Started process (PID=4939) to work on /home/airflow/.local/lib/python3.12/site-packages/airflow/example_dags/example_branch_day_of_week_operator.py
[2025-12-08T08:05:45.796+0000] {processor.py:914} INFO - Processing file /home/airflow/.local/lib/python3.12/site-packages/airflow/example_dags/example_branch_day_of_week_operator.py for tasks to queue
[2025-12-08T08:05:45.800+0000] {logging_mixin.py:190} INFO - [2025-12-08T08:05:45.800+0000] {dagbag.py:587} INFO - Filling up the DagBag from /home/airflow/.local/lib/python3.12/site-packages/airflow/example_dags/example_branch_day_of_week_operator.py
[2025-12-08T08:05:45.810+0000] {processor.py:925} INFO - DAG(s) 'example_weekday_branch_operator' retrieved from /home/airflow/.local/lib/python3.12/site-packages/airflow/example_dags/example_branch_day_of_week_operator.py
[2025-12-08T08:05:45.839+0000] {logging_mixin.py:190} INFO - [2025-12-08T08:05:45.839+0000] {dag.py:3211} INFO - Sync 1 DAGs
[2025-12-08T08:05:45.868+0000] {logging_mixin.py:190} INFO - [2025-12-08T08:05:45.867+0000] {dag.py:4138} INFO - Setting next_dagrun for example_weekday_branch_operator to 2025-12-07 00:00:00+00:00, run_after=2025-12-08 00:00:00+00:00
[2025-12-08T08:05:45.898+0000] {processor.py:208} INFO - Processing /home/airflow/.local/lib/python3.12/site-packages/airflow/example_dags/example_branch_day_of_week_operator.py took 0.113 seconds
[2025-12-08T08:06:17.674+0000] {processor.py:186} INFO - Started process (PID=5002) to work on /home/airflow/.local/lib/python3.12/site-packages/airflow/example_dags/example_branch_day_of_week_operator.py
[2025-12-08T08:06:17.677+0000] {processor.py:914} INFO - Processing file /home/airflow/.local/lib/python3.12/site-packages/airflow/example_dags/example_branch_day_of_week_operator.py for tasks to queue
[2025-12-08T08:06:17.685+0000] {logging_mixin.py:190} INFO - [2025-12-08T08:06:17.684+0000] {dagbag.py:587} INFO - Filling up the DagBag from /home/airflow/.local/lib/python3.12/site-packages/airflow/example_dags/example_branch_day_of_week_operator.py
[2025-12-08T08:06:17.716+0000] {processor.py:925} INFO - DAG(s) 'example_weekday_branch_operator' retrieved from /home/airflow/.local/lib/python3.12/site-packages/airflow/example_dags/example_branch_day_of_week_operator.py
[2025-12-08T08:06:17.782+0000] {logging_mixin.py:190} INFO - [2025-12-08T08:06:17.781+0000] {dag.py:3211} INFO - Sync 1 DAGs
[2025-12-08T08:06:17.844+0000] {logging_mixin.py:190} INFO - [2025-12-08T08:06:17.844+0000] {dag.py:4138} INFO - Setting next_dagrun for example_weekday_branch_operator to 2025-12-07 00:00:00+00:00, run_after=2025-12-08 00:00:00+00:00
[2025-12-08T08:06:17.893+0000] {processor.py:208} INFO - Processing /home/airflow/.local/lib/python3.12/site-packages/airflow/example_dags/example_branch_day_of_week_operator.py took 0.239 seconds
[2025-12-08T08:06:48.062+0000] {processor.py:186} INFO - Started process (PID=5071) to work on /home/airflow/.local/lib/python3.12/site-packages/airflow/example_dags/example_branch_day_of_week_operator.py
[2025-12-08T08:06:48.064+0000] {processor.py:914} INFO - Processing file /home/airflow/.local/lib/python3.12/site-packages/airflow/example_dags/example_branch_day_of_week_operator.py for tasks to queue
[2025-12-08T08:06:48.070+0000] {logging_mixin.py:190} INFO - [2025-12-08T08:06:48.069+0000] {dagbag.py:587} INFO - Filling up the DagBag from /home/airflow/.local/lib/python3.12/site-packages/airflow/example_dags/example_branch_day_of_week_operator.py
[2025-12-08T08:06:48.086+0000] {processor.py:925} INFO - DAG(s) 'example_weekday_branch_operator' retrieved from /home/airflow/.local/lib/python3.12/site-packages/airflow/example_dags/example_branch_day_of_week_operator.py
[2025-12-08T08:06:48.120+0000] {logging_mixin.py:190} INFO - [2025-12-08T08:06:48.120+0000] {dag.py:3211} INFO - Sync 1 DAGs
[2025-12-08T08:06:48.154+0000] {logging_mixin.py:190} INFO - [2025-12-08T08:06:48.154+0000] {dag.py:4138} INFO - Setting next_dagrun for example_weekday_branch_operator to 2025-12-07 00:00:00+00:00, run_after=2025-12-08 00:00:00+00:00
[2025-12-08T08:06:48.183+0000] {processor.py:208} INFO - Processing /home/airflow/.local/lib/python3.12/site-packages/airflow/example_dags/example_branch_day_of_week_operator.py took 0.130 seconds
[2025-12-08T08:07:18.898+0000] {processor.py:186} INFO - Started process (PID=5134) to work on /home/airflow/.local/lib/python3.12/site-packages/airflow/example_dags/example_branch_day_of_week_operator.py
[2025-12-08T08:07:18.900+0000] {processor.py:914} INFO - Processing file /home/airflow/.local/lib/python3.12/site-packages/airflow/example_dags/example_branch_day_of_week_operator.py for tasks to queue
[2025-12-08T08:07:18.906+0000] {logging_mixin.py:190} INFO - [2025-12-08T08:07:18.905+0000] {dagbag.py:587} INFO - Filling up the DagBag from /home/airflow/.local/lib/python3.12/site-packages/airflow/example_dags/example_branch_day_of_week_operator.py
[2025-12-08T08:07:18.920+0000] {processor.py:925} INFO - DAG(s) 'example_weekday_branch_operator' retrieved from /home/airflow/.local/lib/python3.12/site-packages/airflow/example_dags/example_branch_day_of_week_operator.py
[2025-12-08T08:07:18.951+0000] {logging_mixin.py:190} INFO - [2025-12-08T08:07:18.951+0000] {dag.py:3211} INFO - Sync 1 DAGs
[2025-12-08T08:07:18.984+0000] {logging_mixin.py:190} INFO - [2025-12-08T08:07:18.984+0000] {dag.py:4138} INFO - Setting next_dagrun for example_weekday_branch_operator to 2025-12-07 00:00:00+00:00, run_after=2025-12-08 00:00:00+00:00
[2025-12-08T08:07:19.015+0000] {processor.py:208} INFO - Processing /home/airflow/.local/lib/python3.12/site-packages/airflow/example_dags/example_branch_day_of_week_operator.py took 0.125 seconds
[2025-12-08T08:07:49.299+0000] {processor.py:186} INFO - Started process (PID=5198) to work on /home/airflow/.local/lib/python3.12/site-packages/airflow/example_dags/example_branch_day_of_week_operator.py
[2025-12-08T08:07:49.302+0000] {processor.py:914} INFO - Processing file /home/airflow/.local/lib/python3.12/site-packages/airflow/example_dags/example_branch_day_of_week_operator.py for tasks to queue
[2025-12-08T08:07:49.309+0000] {logging_mixin.py:190} INFO - [2025-12-08T08:07:49.308+0000] {dagbag.py:587} INFO - Filling up the DagBag from /home/airflow/.local/lib/python3.12/site-packages/airflow/example_dags/example_branch_day_of_week_operator.py
[2025-12-08T08:07:49.326+0000] {processor.py:925} INFO - DAG(s) 'example_weekday_branch_operator' retrieved from /home/airflow/.local/lib/python3.12/site-packages/airflow/example_dags/example_branch_day_of_week_operator.py
[2025-12-08T08:07:49.365+0000] {logging_mixin.py:190} INFO - [2025-12-08T08:07:49.364+0000] {dag.py:3211} INFO - Sync 1 DAGs
[2025-12-08T08:07:49.406+0000] {logging_mixin.py:190} INFO - [2025-12-08T08:07:49.405+0000] {dag.py:4138} INFO - Setting next_dagrun for example_weekday_branch_operator to 2025-12-07 00:00:00+00:00, run_after=2025-12-08 00:00:00+00:00
[2025-12-08T08:07:49.442+0000] {processor.py:208} INFO - Processing /home/airflow/.local/lib/python3.12/site-packages/airflow/example_dags/example_branch_day_of_week_operator.py took 0.151 seconds
[2025-12-08T08:08:19.669+0000] {processor.py:186} INFO - Started process (PID=5261) to work on /home/airflow/.local/lib/python3.12/site-packages/airflow/example_dags/example_branch_day_of_week_operator.py
[2025-12-08T08:08:19.671+0000] {processor.py:914} INFO - Processing file /home/airflow/.local/lib/python3.12/site-packages/airflow/example_dags/example_branch_day_of_week_operator.py for tasks to queue
[2025-12-08T08:08:19.675+0000] {logging_mixin.py:190} INFO - [2025-12-08T08:08:19.675+0000] {dagbag.py:587} INFO - Filling up the DagBag from /home/airflow/.local/lib/python3.12/site-packages/airflow/example_dags/example_branch_day_of_week_operator.py
[2025-12-08T08:08:19.686+0000] {processor.py:925} INFO - DAG(s) 'example_weekday_branch_operator' retrieved from /home/airflow/.local/lib/python3.12/site-packages/airflow/example_dags/example_branch_day_of_week_operator.py
[2025-12-08T08:08:19.710+0000] {logging_mixin.py:190} INFO - [2025-12-08T08:08:19.710+0000] {dag.py:3211} INFO - Sync 1 DAGs
[2025-12-08T08:08:19.736+0000] {logging_mixin.py:190} INFO - [2025-12-08T08:08:19.736+0000] {dag.py:4138} INFO - Setting next_dagrun for example_weekday_branch_operator to 2025-12-07 00:00:00+00:00, run_after=2025-12-08 00:00:00+00:00
[2025-12-08T08:08:19.763+0000] {processor.py:208} INFO - Processing /home/airflow/.local/lib/python3.12/site-packages/airflow/example_dags/example_branch_day_of_week_operator.py took 0.100 seconds
[2025-12-08T08:08:50.534+0000] {processor.py:186} INFO - Started process (PID=5324) to work on /home/airflow/.local/lib/python3.12/site-packages/airflow/example_dags/example_branch_day_of_week_operator.py
[2025-12-08T08:08:50.536+0000] {processor.py:914} INFO - Processing file /home/airflow/.local/lib/python3.12/site-packages/airflow/example_dags/example_branch_day_of_week_operator.py for tasks to queue
[2025-12-08T08:08:50.540+0000] {logging_mixin.py:190} INFO - [2025-12-08T08:08:50.540+0000] {dagbag.py:587} INFO - Filling up the DagBag from /home/airflow/.local/lib/python3.12/site-packages/airflow/example_dags/example_branch_day_of_week_operator.py
[2025-12-08T08:08:50.552+0000] {processor.py:925} INFO - DAG(s) 'example_weekday_branch_operator' retrieved from /home/airflow/.local/lib/python3.12/site-packages/airflow/example_dags/example_branch_day_of_week_operator.py
[2025-12-08T08:08:50.582+0000] {logging_mixin.py:190} INFO - [2025-12-08T08:08:50.582+0000] {dag.py:3211} INFO - Sync 1 DAGs
[2025-12-08T08:08:50.609+0000] {logging_mixin.py:190} INFO - [2025-12-08T08:08:50.609+0000] {dag.py:4138} INFO - Setting next_dagrun for example_weekday_branch_operator to 2025-12-07 00:00:00+00:00, run_after=2025-12-08 00:00:00+00:00
[2025-12-08T08:08:50.637+0000] {processor.py:208} INFO - Processing /home/airflow/.local/lib/python3.12/site-packages/airflow/example_dags/example_branch_day_of_week_operator.py took 0.110 seconds
[2025-12-08T08:09:21.444+0000] {processor.py:186} INFO - Started process (PID=5387) to work on /home/airflow/.local/lib/python3.12/site-packages/airflow/example_dags/example_branch_day_of_week_operator.py
[2025-12-08T08:09:21.446+0000] {processor.py:914} INFO - Processing file /home/airflow/.local/lib/python3.12/site-packages/airflow/example_dags/example_branch_day_of_week_operator.py for tasks to queue
[2025-12-08T08:09:21.451+0000] {logging_mixin.py:190} INFO - [2025-12-08T08:09:21.450+0000] {dagbag.py:587} INFO - Filling up the DagBag from /home/airflow/.local/lib/python3.12/site-packages/airflow/example_dags/example_branch_day_of_week_operator.py
[2025-12-08T08:09:21.467+0000] {processor.py:925} INFO - DAG(s) 'example_weekday_branch_operator' retrieved from /home/airflow/.local/lib/python3.12/site-packages/airflow/example_dags/example_branch_day_of_week_operator.py
[2025-12-08T08:09:21.496+0000] {logging_mixin.py:190} INFO - [2025-12-08T08:09:21.496+0000] {dag.py:3211} INFO - Sync 1 DAGs
[2025-12-08T08:09:21.528+0000] {logging_mixin.py:190} INFO - [2025-12-08T08:09:21.528+0000] {dag.py:4138} INFO - Setting next_dagrun for example_weekday_branch_operator to 2025-12-07 00:00:00+00:00, run_after=2025-12-08 00:00:00+00:00
[2025-12-08T08:09:21.556+0000] {processor.py:208} INFO - Processing /home/airflow/.local/lib/python3.12/site-packages/airflow/example_dags/example_branch_day_of_week_operator.py took 0.122 seconds
[2025-12-08T08:09:52.448+0000] {processor.py:186} INFO - Started process (PID=5450) to work on /home/airflow/.local/lib/python3.12/site-packages/airflow/example_dags/example_branch_day_of_week_operator.py
[2025-12-08T08:09:52.449+0000] {processor.py:914} INFO - Processing file /home/airflow/.local/lib/python3.12/site-packages/airflow/example_dags/example_branch_day_of_week_operator.py for tasks to queue
[2025-12-08T08:09:52.454+0000] {logging_mixin.py:190} INFO - [2025-12-08T08:09:52.454+0000] {dagbag.py:587} INFO - Filling up the DagBag from /home/airflow/.local/lib/python3.12/site-packages/airflow/example_dags/example_branch_day_of_week_operator.py
[2025-12-08T08:09:52.474+0000] {processor.py:925} INFO - DAG(s) 'example_weekday_branch_operator' retrieved from /home/airflow/.local/lib/python3.12/site-packages/airflow/example_dags/example_branch_day_of_week_operator.py
[2025-12-08T08:09:52.510+0000] {logging_mixin.py:190} INFO - [2025-12-08T08:09:52.510+0000] {dag.py:3211} INFO - Sync 1 DAGs
[2025-12-08T08:09:52.550+0000] {logging_mixin.py:190} INFO - [2025-12-08T08:09:52.550+0000] {dag.py:4138} INFO - Setting next_dagrun for example_weekday_branch_operator to 2025-12-07 00:00:00+00:00, run_after=2025-12-08 00:00:00+00:00
[2025-12-08T08:09:52.583+0000] {processor.py:208} INFO - Processing /home/airflow/.local/lib/python3.12/site-packages/airflow/example_dags/example_branch_day_of_week_operator.py took 0.148 seconds
[2025-12-08T08:10:22.995+0000] {processor.py:186} INFO - Started process (PID=5513) to work on /home/airflow/.local/lib/python3.12/site-packages/airflow/example_dags/example_branch_day_of_week_operator.py
[2025-12-08T08:10:22.996+0000] {processor.py:914} INFO - Processing file /home/airflow/.local/lib/python3.12/site-packages/airflow/example_dags/example_branch_day_of_week_operator.py for tasks to queue
[2025-12-08T08:10:23.000+0000] {logging_mixin.py:190} INFO - [2025-12-08T08:10:22.999+0000] {dagbag.py:587} INFO - Filling up the DagBag from /home/airflow/.local/lib/python3.12/site-packages/airflow/example_dags/example_branch_day_of_week_operator.py
[2025-12-08T08:10:23.011+0000] {processor.py:925} INFO - DAG(s) 'example_weekday_branch_operator' retrieved from /home/airflow/.local/lib/python3.12/site-packages/airflow/example_dags/example_branch_day_of_week_operator.py
[2025-12-08T08:10:23.036+0000] {logging_mixin.py:190} INFO - [2025-12-08T08:10:23.036+0000] {dag.py:3211} INFO - Sync 1 DAGs
[2025-12-08T08:10:23.063+0000] {logging_mixin.py:190} INFO - [2025-12-08T08:10:23.062+0000] {dag.py:4138} INFO - Setting next_dagrun for example_weekday_branch_operator to 2025-12-07 00:00:00+00:00, run_after=2025-12-08 00:00:00+00:00
[2025-12-08T08:10:23.084+0000] {processor.py:208} INFO - Processing /home/airflow/.local/lib/python3.12/site-packages/airflow/example_dags/example_branch_day_of_week_operator.py took 0.097 seconds
[2025-12-08T08:10:53.640+0000] {processor.py:186} INFO - Started process (PID=5576) to work on /home/airflow/.local/lib/python3.12/site-packages/airflow/example_dags/example_branch_day_of_week_operator.py
[2025-12-08T08:10:53.642+0000] {processor.py:914} INFO - Processing file /home/airflow/.local/lib/python3.12/site-packages/airflow/example_dags/example_branch_day_of_week_operator.py for tasks to queue
[2025-12-08T08:10:53.647+0000] {logging_mixin.py:190} INFO - [2025-12-08T08:10:53.646+0000] {dagbag.py:587} INFO - Filling up the DagBag from /home/airflow/.local/lib/python3.12/site-packages/airflow/example_dags/example_branch_day_of_week_operator.py
[2025-12-08T08:10:53.659+0000] {processor.py:925} INFO - DAG(s) 'example_weekday_branch_operator' retrieved from /home/airflow/.local/lib/python3.12/site-packages/airflow/example_dags/example_branch_day_of_week_operator.py
[2025-12-08T08:10:53.689+0000] {logging_mixin.py:190} INFO - [2025-12-08T08:10:53.689+0000] {dag.py:3211} INFO - Sync 1 DAGs
[2025-12-08T08:10:53.719+0000] {logging_mixin.py:190} INFO - [2025-12-08T08:10:53.719+0000] {dag.py:4138} INFO - Setting next_dagrun for example_weekday_branch_operator to 2025-12-07 00:00:00+00:00, run_after=2025-12-08 00:00:00+00:00
[2025-12-08T08:10:53.747+0000] {processor.py:208} INFO - Processing /home/airflow/.local/lib/python3.12/site-packages/airflow/example_dags/example_branch_day_of_week_operator.py took 0.114 seconds
[2025-12-08T08:11:23.976+0000] {processor.py:186} INFO - Started process (PID=5639) to work on /home/airflow/.local/lib/python3.12/site-packages/airflow/example_dags/example_branch_day_of_week_operator.py
[2025-12-08T08:11:23.978+0000] {processor.py:914} INFO - Processing file /home/airflow/.local/lib/python3.12/site-packages/airflow/example_dags/example_branch_day_of_week_operator.py for tasks to queue
[2025-12-08T08:11:23.982+0000] {logging_mixin.py:190} INFO - [2025-12-08T08:11:23.981+0000] {dagbag.py:587} INFO - Filling up the DagBag from /home/airflow/.local/lib/python3.12/site-packages/airflow/example_dags/example_branch_day_of_week_operator.py
[2025-12-08T08:11:23.993+0000] {processor.py:925} INFO - DAG(s) 'example_weekday_branch_operator' retrieved from /home/airflow/.local/lib/python3.12/site-packages/airflow/example_dags/example_branch_day_of_week_operator.py
[2025-12-08T08:11:24.021+0000] {logging_mixin.py:190} INFO - [2025-12-08T08:11:24.021+0000] {dag.py:3211} INFO - Sync 1 DAGs
[2025-12-08T08:11:24.049+0000] {logging_mixin.py:190} INFO - [2025-12-08T08:11:24.049+0000] {dag.py:4138} INFO - Setting next_dagrun for example_weekday_branch_operator to 2025-12-07 00:00:00+00:00, run_after=2025-12-08 00:00:00+00:00
[2025-12-08T08:11:24.074+0000] {processor.py:208} INFO - Processing /home/airflow/.local/lib/python3.12/site-packages/airflow/example_dags/example_branch_day_of_week_operator.py took 0.104 seconds
[2025-12-08T08:11:54.476+0000] {processor.py:186} INFO - Started process (PID=5702) to work on /home/airflow/.local/lib/python3.12/site-packages/airflow/example_dags/example_branch_day_of_week_operator.py
[2025-12-08T08:11:54.478+0000] {processor.py:914} INFO - Processing file /home/airflow/.local/lib/python3.12/site-packages/airflow/example_dags/example_branch_day_of_week_operator.py for tasks to queue
[2025-12-08T08:11:54.481+0000] {logging_mixin.py:190} INFO - [2025-12-08T08:11:54.481+0000] {dagbag.py:587} INFO - Filling up the DagBag from /home/airflow/.local/lib/python3.12/site-packages/airflow/example_dags/example_branch_day_of_week_operator.py
[2025-12-08T08:11:54.496+0000] {processor.py:925} INFO - DAG(s) 'example_weekday_branch_operator' retrieved from /home/airflow/.local/lib/python3.12/site-packages/airflow/example_dags/example_branch_day_of_week_operator.py
[2025-12-08T08:11:54.528+0000] {logging_mixin.py:190} INFO - [2025-12-08T08:11:54.528+0000] {dag.py:3211} INFO - Sync 1 DAGs
[2025-12-08T08:11:54.563+0000] {logging_mixin.py:190} INFO - [2025-12-08T08:11:54.562+0000] {dag.py:4138} INFO - Setting next_dagrun for example_weekday_branch_operator to 2025-12-07 00:00:00+00:00, run_after=2025-12-08 00:00:00+00:00
[2025-12-08T08:11:54.596+0000] {processor.py:208} INFO - Processing /home/airflow/.local/lib/python3.12/site-packages/airflow/example_dags/example_branch_day_of_week_operator.py took 0.127 seconds
[2025-12-08T08:12:25.925+0000] {processor.py:186} INFO - Started process (PID=5765) to work on /home/airflow/.local/lib/python3.12/site-packages/airflow/example_dags/example_branch_day_of_week_operator.py
[2025-12-08T08:12:25.930+0000] {processor.py:914} INFO - Processing file /home/airflow/.local/lib/python3.12/site-packages/airflow/example_dags/example_branch_day_of_week_operator.py for tasks to queue
[2025-12-08T08:12:25.945+0000] {logging_mixin.py:190} INFO - [2025-12-08T08:12:25.944+0000] {dagbag.py:587} INFO - Filling up the DagBag from /home/airflow/.local/lib/python3.12/site-packages/airflow/example_dags/example_branch_day_of_week_operator.py
[2025-12-08T08:12:25.994+0000] {processor.py:925} INFO - DAG(s) 'example_weekday_branch_operator' retrieved from /home/airflow/.local/lib/python3.12/site-packages/airflow/example_dags/example_branch_day_of_week_operator.py
[2025-12-08T08:12:26.109+0000] {logging_mixin.py:190} INFO - [2025-12-08T08:12:26.108+0000] {dag.py:3211} INFO - Sync 1 DAGs
[2025-12-08T08:12:26.264+0000] {logging_mixin.py:190} INFO - [2025-12-08T08:12:26.264+0000] {dag.py:4138} INFO - Setting next_dagrun for example_weekday_branch_operator to 2025-12-07 00:00:00+00:00, run_after=2025-12-08 00:00:00+00:00
[2025-12-08T08:12:26.424+0000] {processor.py:208} INFO - Processing /home/airflow/.local/lib/python3.12/site-packages/airflow/example_dags/example_branch_day_of_week_operator.py took 0.558 seconds
[2025-12-08T08:12:57.382+0000] {processor.py:186} INFO - Started process (PID=5830) to work on /home/airflow/.local/lib/python3.12/site-packages/airflow/example_dags/example_branch_day_of_week_operator.py
[2025-12-08T08:12:57.386+0000] {processor.py:914} INFO - Processing file /home/airflow/.local/lib/python3.12/site-packages/airflow/example_dags/example_branch_day_of_week_operator.py for tasks to queue
[2025-12-08T08:12:57.400+0000] {logging_mixin.py:190} INFO - [2025-12-08T08:12:57.397+0000] {dagbag.py:587} INFO - Filling up the DagBag from /home/airflow/.local/lib/python3.12/site-packages/airflow/example_dags/example_branch_day_of_week_operator.py
[2025-12-08T08:12:57.435+0000] {processor.py:925} INFO - DAG(s) 'example_weekday_branch_operator' retrieved from /home/airflow/.local/lib/python3.12/site-packages/airflow/example_dags/example_branch_day_of_week_operator.py
[2025-12-08T08:12:57.499+0000] {logging_mixin.py:190} INFO - [2025-12-08T08:12:57.498+0000] {dag.py:3211} INFO - Sync 1 DAGs
[2025-12-08T08:12:57.593+0000] {logging_mixin.py:190} INFO - [2025-12-08T08:12:57.593+0000] {dag.py:4138} INFO - Setting next_dagrun for example_weekday_branch_operator to 2025-12-07 00:00:00+00:00, run_after=2025-12-08 00:00:00+00:00
[2025-12-08T08:12:57.659+0000] {processor.py:208} INFO - Processing /home/airflow/.local/lib/python3.12/site-packages/airflow/example_dags/example_branch_day_of_week_operator.py took 0.294 seconds
[2025-12-08T08:13:28.289+0000] {processor.py:186} INFO - Started process (PID=5893) to work on /home/airflow/.local/lib/python3.12/site-packages/airflow/example_dags/example_branch_day_of_week_operator.py
[2025-12-08T08:13:28.291+0000] {processor.py:914} INFO - Processing file /home/airflow/.local/lib/python3.12/site-packages/airflow/example_dags/example_branch_day_of_week_operator.py for tasks to queue
[2025-12-08T08:13:28.296+0000] {logging_mixin.py:190} INFO - [2025-12-08T08:13:28.295+0000] {dagbag.py:587} INFO - Filling up the DagBag from /home/airflow/.local/lib/python3.12/site-packages/airflow/example_dags/example_branch_day_of_week_operator.py
[2025-12-08T08:13:28.320+0000] {processor.py:925} INFO - DAG(s) 'example_weekday_branch_operator' retrieved from /home/airflow/.local/lib/python3.12/site-packages/airflow/example_dags/example_branch_day_of_week_operator.py
[2025-12-08T08:13:28.372+0000] {logging_mixin.py:190} INFO - [2025-12-08T08:13:28.371+0000] {dag.py:3211} INFO - Sync 1 DAGs
[2025-12-08T08:13:28.436+0000] {logging_mixin.py:190} INFO - [2025-12-08T08:13:28.435+0000] {dag.py:4138} INFO - Setting next_dagrun for example_weekday_branch_operator to 2025-12-07 00:00:00+00:00, run_after=2025-12-08 00:00:00+00:00
[2025-12-08T08:13:28.489+0000] {processor.py:208} INFO - Processing /home/airflow/.local/lib/python3.12/site-packages/airflow/example_dags/example_branch_day_of_week_operator.py took 0.215 seconds
[2025-12-08T08:13:59.170+0000] {processor.py:186} INFO - Started process (PID=5956) to work on /home/airflow/.local/lib/python3.12/site-packages/airflow/example_dags/example_branch_day_of_week_operator.py
[2025-12-08T08:13:59.172+0000] {processor.py:914} INFO - Processing file /home/airflow/.local/lib/python3.12/site-packages/airflow/example_dags/example_branch_day_of_week_operator.py for tasks to queue
[2025-12-08T08:13:59.175+0000] {logging_mixin.py:190} INFO - [2025-12-08T08:13:59.175+0000] {dagbag.py:587} INFO - Filling up the DagBag from /home/airflow/.local/lib/python3.12/site-packages/airflow/example_dags/example_branch_day_of_week_operator.py
[2025-12-08T08:13:59.186+0000] {processor.py:925} INFO - DAG(s) 'example_weekday_branch_operator' retrieved from /home/airflow/.local/lib/python3.12/site-packages/airflow/example_dags/example_branch_day_of_week_operator.py
[2025-12-08T08:13:59.213+0000] {logging_mixin.py:190} INFO - [2025-12-08T08:13:59.212+0000] {dag.py:3211} INFO - Sync 1 DAGs
[2025-12-08T08:13:59.238+0000] {logging_mixin.py:190} INFO - [2025-12-08T08:13:59.238+0000] {dag.py:4138} INFO - Setting next_dagrun for example_weekday_branch_operator to 2025-12-07 00:00:00+00:00, run_after=2025-12-08 00:00:00+00:00
[2025-12-08T08:13:59.262+0000] {processor.py:208} INFO - Processing /home/airflow/.local/lib/python3.12/site-packages/airflow/example_dags/example_branch_day_of_week_operator.py took 0.099 seconds
[2025-12-08T08:14:29.723+0000] {processor.py:186} INFO - Started process (PID=6019) to work on /home/airflow/.local/lib/python3.12/site-packages/airflow/example_dags/example_branch_day_of_week_operator.py
[2025-12-08T08:14:29.725+0000] {processor.py:914} INFO - Processing file /home/airflow/.local/lib/python3.12/site-packages/airflow/example_dags/example_branch_day_of_week_operator.py for tasks to queue
[2025-12-08T08:14:29.728+0000] {logging_mixin.py:190} INFO - [2025-12-08T08:14:29.728+0000] {dagbag.py:587} INFO - Filling up the DagBag from /home/airflow/.local/lib/python3.12/site-packages/airflow/example_dags/example_branch_day_of_week_operator.py
[2025-12-08T08:14:29.738+0000] {processor.py:925} INFO - DAG(s) 'example_weekday_branch_operator' retrieved from /home/airflow/.local/lib/python3.12/site-packages/airflow/example_dags/example_branch_day_of_week_operator.py
[2025-12-08T08:14:29.766+0000] {logging_mixin.py:190} INFO - [2025-12-08T08:14:29.766+0000] {dag.py:3211} INFO - Sync 1 DAGs
[2025-12-08T08:14:29.796+0000] {logging_mixin.py:190} INFO - [2025-12-08T08:14:29.795+0000] {dag.py:4138} INFO - Setting next_dagrun for example_weekday_branch_operator to 2025-12-07 00:00:00+00:00, run_after=2025-12-08 00:00:00+00:00
[2025-12-08T08:14:29.824+0000] {processor.py:208} INFO - Processing /home/airflow/.local/lib/python3.12/site-packages/airflow/example_dags/example_branch_day_of_week_operator.py took 0.106 seconds
[2025-12-08T08:15:00.526+0000] {processor.py:186} INFO - Started process (PID=6083) to work on /home/airflow/.local/lib/python3.12/site-packages/airflow/example_dags/example_branch_day_of_week_operator.py
[2025-12-08T08:15:00.528+0000] {processor.py:914} INFO - Processing file /home/airflow/.local/lib/python3.12/site-packages/airflow/example_dags/example_branch_day_of_week_operator.py for tasks to queue
[2025-12-08T08:15:00.532+0000] {logging_mixin.py:190} INFO - [2025-12-08T08:15:00.531+0000] {dagbag.py:587} INFO - Filling up the DagBag from /home/airflow/.local/lib/python3.12/site-packages/airflow/example_dags/example_branch_day_of_week_operator.py
[2025-12-08T08:15:00.542+0000] {processor.py:925} INFO - DAG(s) 'example_weekday_branch_operator' retrieved from /home/airflow/.local/lib/python3.12/site-packages/airflow/example_dags/example_branch_day_of_week_operator.py
[2025-12-08T08:15:00.566+0000] {logging_mixin.py:190} INFO - [2025-12-08T08:15:00.565+0000] {dag.py:3211} INFO - Sync 1 DAGs
[2025-12-08T08:15:00.590+0000] {logging_mixin.py:190} INFO - [2025-12-08T08:15:00.590+0000] {dag.py:4138} INFO - Setting next_dagrun for example_weekday_branch_operator to 2025-12-07 00:00:00+00:00, run_after=2025-12-08 00:00:00+00:00
[2025-12-08T08:15:00.610+0000] {processor.py:208} INFO - Processing /home/airflow/.local/lib/python3.12/site-packages/airflow/example_dags/example_branch_day_of_week_operator.py took 0.091 seconds
[2025-12-08T08:15:31.422+0000] {processor.py:186} INFO - Started process (PID=6146) to work on /home/airflow/.local/lib/python3.12/site-packages/airflow/example_dags/example_branch_day_of_week_operator.py
[2025-12-08T08:15:31.424+0000] {processor.py:914} INFO - Processing file /home/airflow/.local/lib/python3.12/site-packages/airflow/example_dags/example_branch_day_of_week_operator.py for tasks to queue
[2025-12-08T08:15:31.427+0000] {logging_mixin.py:190} INFO - [2025-12-08T08:15:31.427+0000] {dagbag.py:587} INFO - Filling up the DagBag from /home/airflow/.local/lib/python3.12/site-packages/airflow/example_dags/example_branch_day_of_week_operator.py
[2025-12-08T08:15:31.438+0000] {processor.py:925} INFO - DAG(s) 'example_weekday_branch_operator' retrieved from /home/airflow/.local/lib/python3.12/site-packages/airflow/example_dags/example_branch_day_of_week_operator.py
[2025-12-08T08:15:31.462+0000] {logging_mixin.py:190} INFO - [2025-12-08T08:15:31.462+0000] {dag.py:3211} INFO - Sync 1 DAGs
[2025-12-08T08:15:31.486+0000] {logging_mixin.py:190} INFO - [2025-12-08T08:15:31.486+0000] {dag.py:4138} INFO - Setting next_dagrun for example_weekday_branch_operator to 2025-12-07 00:00:00+00:00, run_after=2025-12-08 00:00:00+00:00
[2025-12-08T08:15:31.510+0000] {processor.py:208} INFO - Processing /home/airflow/.local/lib/python3.12/site-packages/airflow/example_dags/example_branch_day_of_week_operator.py took 0.094 seconds
[2025-12-08T08:16:01.887+0000] {processor.py:186} INFO - Started process (PID=6209) to work on /home/airflow/.local/lib/python3.12/site-packages/airflow/example_dags/example_branch_day_of_week_operator.py
[2025-12-08T08:16:01.888+0000] {processor.py:914} INFO - Processing file /home/airflow/.local/lib/python3.12/site-packages/airflow/example_dags/example_branch_day_of_week_operator.py for tasks to queue
[2025-12-08T08:16:01.892+0000] {logging_mixin.py:190} INFO - [2025-12-08T08:16:01.891+0000] {dagbag.py:587} INFO - Filling up the DagBag from /home/airflow/.local/lib/python3.12/site-packages/airflow/example_dags/example_branch_day_of_week_operator.py
[2025-12-08T08:16:01.901+0000] {processor.py:925} INFO - DAG(s) 'example_weekday_branch_operator' retrieved from /home/airflow/.local/lib/python3.12/site-packages/airflow/example_dags/example_branch_day_of_week_operator.py
[2025-12-08T08:16:01.926+0000] {logging_mixin.py:190} INFO - [2025-12-08T08:16:01.926+0000] {dag.py:3211} INFO - Sync 1 DAGs
[2025-12-08T08:16:01.949+0000] {logging_mixin.py:190} INFO - [2025-12-08T08:16:01.949+0000] {dag.py:4138} INFO - Setting next_dagrun for example_weekday_branch_operator to 2025-12-07 00:00:00+00:00, run_after=2025-12-08 00:00:00+00:00
[2025-12-08T08:16:01.972+0000] {processor.py:208} INFO - Processing /home/airflow/.local/lib/python3.12/site-packages/airflow/example_dags/example_branch_day_of_week_operator.py took 0.091 seconds
[2025-12-08T08:16:32.223+0000] {processor.py:186} INFO - Started process (PID=6272) to work on /home/airflow/.local/lib/python3.12/site-packages/airflow/example_dags/example_branch_day_of_week_operator.py
[2025-12-08T08:16:32.225+0000] {processor.py:914} INFO - Processing file /home/airflow/.local/lib/python3.12/site-packages/airflow/example_dags/example_branch_day_of_week_operator.py for tasks to queue
[2025-12-08T08:16:32.228+0000] {logging_mixin.py:190} INFO - [2025-12-08T08:16:32.227+0000] {dagbag.py:587} INFO - Filling up the DagBag from /home/airflow/.local/lib/python3.12/site-packages/airflow/example_dags/example_branch_day_of_week_operator.py
[2025-12-08T08:16:32.238+0000] {processor.py:925} INFO - DAG(s) 'example_weekday_branch_operator' retrieved from /home/airflow/.local/lib/python3.12/site-packages/airflow/example_dags/example_branch_day_of_week_operator.py
[2025-12-08T08:16:32.262+0000] {logging_mixin.py:190} INFO - [2025-12-08T08:16:32.262+0000] {dag.py:3211} INFO - Sync 1 DAGs
[2025-12-08T08:16:32.287+0000] {logging_mixin.py:190} INFO - [2025-12-08T08:16:32.287+0000] {dag.py:4138} INFO - Setting next_dagrun for example_weekday_branch_operator to 2025-12-07 00:00:00+00:00, run_after=2025-12-08 00:00:00+00:00
[2025-12-08T08:16:32.311+0000] {processor.py:208} INFO - Processing /home/airflow/.local/lib/python3.12/site-packages/airflow/example_dags/example_branch_day_of_week_operator.py took 0.094 seconds
[2025-12-08T08:17:02.695+0000] {processor.py:186} INFO - Started process (PID=6335) to work on /home/airflow/.local/lib/python3.12/site-packages/airflow/example_dags/example_branch_day_of_week_operator.py
[2025-12-08T08:17:02.697+0000] {processor.py:914} INFO - Processing file /home/airflow/.local/lib/python3.12/site-packages/airflow/example_dags/example_branch_day_of_week_operator.py for tasks to queue
[2025-12-08T08:17:02.700+0000] {logging_mixin.py:190} INFO - [2025-12-08T08:17:02.699+0000] {dagbag.py:587} INFO - Filling up the DagBag from /home/airflow/.local/lib/python3.12/site-packages/airflow/example_dags/example_branch_day_of_week_operator.py
[2025-12-08T08:17:02.710+0000] {processor.py:925} INFO - DAG(s) 'example_weekday_branch_operator' retrieved from /home/airflow/.local/lib/python3.12/site-packages/airflow/example_dags/example_branch_day_of_week_operator.py
[2025-12-08T08:17:02.736+0000] {logging_mixin.py:190} INFO - [2025-12-08T08:17:02.736+0000] {dag.py:3211} INFO - Sync 1 DAGs
[2025-12-08T08:17:02.760+0000] {logging_mixin.py:190} INFO - [2025-12-08T08:17:02.760+0000] {dag.py:4138} INFO - Setting next_dagrun for example_weekday_branch_operator to 2025-12-07 00:00:00+00:00, run_after=2025-12-08 00:00:00+00:00
[2025-12-08T08:17:02.785+0000] {processor.py:208} INFO - Processing /home/airflow/.local/lib/python3.12/site-packages/airflow/example_dags/example_branch_day_of_week_operator.py took 0.095 seconds
[2025-12-08T08:17:33.327+0000] {processor.py:186} INFO - Started process (PID=6398) to work on /home/airflow/.local/lib/python3.12/site-packages/airflow/example_dags/example_branch_day_of_week_operator.py
[2025-12-08T08:17:33.329+0000] {processor.py:914} INFO - Processing file /home/airflow/.local/lib/python3.12/site-packages/airflow/example_dags/example_branch_day_of_week_operator.py for tasks to queue
[2025-12-08T08:17:33.333+0000] {logging_mixin.py:190} INFO - [2025-12-08T08:17:33.333+0000] {dagbag.py:587} INFO - Filling up the DagBag from /home/airflow/.local/lib/python3.12/site-packages/airflow/example_dags/example_branch_day_of_week_operator.py
[2025-12-08T08:17:33.343+0000] {processor.py:925} INFO - DAG(s) 'example_weekday_branch_operator' retrieved from /home/airflow/.local/lib/python3.12/site-packages/airflow/example_dags/example_branch_day_of_week_operator.py
[2025-12-08T08:17:33.367+0000] {logging_mixin.py:190} INFO - [2025-12-08T08:17:33.367+0000] {dag.py:3211} INFO - Sync 1 DAGs
[2025-12-08T08:17:33.392+0000] {logging_mixin.py:190} INFO - [2025-12-08T08:17:33.391+0000] {dag.py:4138} INFO - Setting next_dagrun for example_weekday_branch_operator to 2025-12-07 00:00:00+00:00, run_after=2025-12-08 00:00:00+00:00
[2025-12-08T08:17:33.420+0000] {processor.py:208} INFO - Processing /home/airflow/.local/lib/python3.12/site-packages/airflow/example_dags/example_branch_day_of_week_operator.py took 0.101 seconds
[2025-12-08T08:18:03.648+0000] {processor.py:186} INFO - Started process (PID=6461) to work on /home/airflow/.local/lib/python3.12/site-packages/airflow/example_dags/example_branch_day_of_week_operator.py
[2025-12-08T08:18:03.650+0000] {processor.py:914} INFO - Processing file /home/airflow/.local/lib/python3.12/site-packages/airflow/example_dags/example_branch_day_of_week_operator.py for tasks to queue
[2025-12-08T08:18:03.653+0000] {logging_mixin.py:190} INFO - [2025-12-08T08:18:03.653+0000] {dagbag.py:587} INFO - Filling up the DagBag from /home/airflow/.local/lib/python3.12/site-packages/airflow/example_dags/example_branch_day_of_week_operator.py
[2025-12-08T08:18:03.664+0000] {processor.py:925} INFO - DAG(s) 'example_weekday_branch_operator' retrieved from /home/airflow/.local/lib/python3.12/site-packages/airflow/example_dags/example_branch_day_of_week_operator.py
[2025-12-08T08:18:03.688+0000] {logging_mixin.py:190} INFO - [2025-12-08T08:18:03.688+0000] {dag.py:3211} INFO - Sync 1 DAGs
[2025-12-08T08:18:03.714+0000] {logging_mixin.py:190} INFO - [2025-12-08T08:18:03.714+0000] {dag.py:4138} INFO - Setting next_dagrun for example_weekday_branch_operator to 2025-12-07 00:00:00+00:00, run_after=2025-12-08 00:00:00+00:00
[2025-12-08T08:18:03.739+0000] {processor.py:208} INFO - Processing /home/airflow/.local/lib/python3.12/site-packages/airflow/example_dags/example_branch_day_of_week_operator.py took 0.096 seconds
[2025-12-08T08:18:34.384+0000] {processor.py:186} INFO - Started process (PID=6524) to work on /home/airflow/.local/lib/python3.12/site-packages/airflow/example_dags/example_branch_day_of_week_operator.py
[2025-12-08T08:18:34.386+0000] {processor.py:914} INFO - Processing file /home/airflow/.local/lib/python3.12/site-packages/airflow/example_dags/example_branch_day_of_week_operator.py for tasks to queue
[2025-12-08T08:18:34.390+0000] {logging_mixin.py:190} INFO - [2025-12-08T08:18:34.389+0000] {dagbag.py:587} INFO - Filling up the DagBag from /home/airflow/.local/lib/python3.12/site-packages/airflow/example_dags/example_branch_day_of_week_operator.py
[2025-12-08T08:18:34.401+0000] {processor.py:925} INFO - DAG(s) 'example_weekday_branch_operator' retrieved from /home/airflow/.local/lib/python3.12/site-packages/airflow/example_dags/example_branch_day_of_week_operator.py
[2025-12-08T08:18:34.428+0000] {logging_mixin.py:190} INFO - [2025-12-08T08:18:34.428+0000] {dag.py:3211} INFO - Sync 1 DAGs
[2025-12-08T08:18:34.453+0000] {logging_mixin.py:190} INFO - [2025-12-08T08:18:34.452+0000] {dag.py:4138} INFO - Setting next_dagrun for example_weekday_branch_operator to 2025-12-07 00:00:00+00:00, run_after=2025-12-08 00:00:00+00:00
[2025-12-08T08:18:34.477+0000] {processor.py:208} INFO - Processing /home/airflow/.local/lib/python3.12/site-packages/airflow/example_dags/example_branch_day_of_week_operator.py took 0.100 seconds
[2025-12-08T08:19:04.860+0000] {processor.py:186} INFO - Started process (PID=6587) to work on /home/airflow/.local/lib/python3.12/site-packages/airflow/example_dags/example_branch_day_of_week_operator.py
[2025-12-08T08:19:04.863+0000] {processor.py:914} INFO - Processing file /home/airflow/.local/lib/python3.12/site-packages/airflow/example_dags/example_branch_day_of_week_operator.py for tasks to queue
[2025-12-08T08:19:04.868+0000] {logging_mixin.py:190} INFO - [2025-12-08T08:19:04.868+0000] {dagbag.py:587} INFO - Filling up the DagBag from /home/airflow/.local/lib/python3.12/site-packages/airflow/example_dags/example_branch_day_of_week_operator.py
[2025-12-08T08:19:04.887+0000] {processor.py:925} INFO - DAG(s) 'example_weekday_branch_operator' retrieved from /home/airflow/.local/lib/python3.12/site-packages/airflow/example_dags/example_branch_day_of_week_operator.py
[2025-12-08T08:19:04.928+0000] {logging_mixin.py:190} INFO - [2025-12-08T08:19:04.927+0000] {dag.py:3211} INFO - Sync 1 DAGs
[2025-12-08T08:19:04.972+0000] {logging_mixin.py:190} INFO - [2025-12-08T08:19:04.971+0000] {dag.py:4138} INFO - Setting next_dagrun for example_weekday_branch_operator to 2025-12-07 00:00:00+00:00, run_after=2025-12-08 00:00:00+00:00
[2025-12-08T08:19:05.011+0000] {processor.py:208} INFO - Processing /home/airflow/.local/lib/python3.12/site-packages/airflow/example_dags/example_branch_day_of_week_operator.py took 0.167 seconds
[2025-12-08T08:19:35.509+0000] {processor.py:186} INFO - Started process (PID=6650) to work on /home/airflow/.local/lib/python3.12/site-packages/airflow/example_dags/example_branch_day_of_week_operator.py
[2025-12-08T08:19:35.513+0000] {processor.py:914} INFO - Processing file /home/airflow/.local/lib/python3.12/site-packages/airflow/example_dags/example_branch_day_of_week_operator.py for tasks to queue
[2025-12-08T08:19:35.520+0000] {logging_mixin.py:190} INFO - [2025-12-08T08:19:35.519+0000] {dagbag.py:587} INFO - Filling up the DagBag from /home/airflow/.local/lib/python3.12/site-packages/airflow/example_dags/example_branch_day_of_week_operator.py
[2025-12-08T08:19:35.545+0000] {processor.py:925} INFO - DAG(s) 'example_weekday_branch_operator' retrieved from /home/airflow/.local/lib/python3.12/site-packages/airflow/example_dags/example_branch_day_of_week_operator.py
[2025-12-08T08:19:35.598+0000] {logging_mixin.py:190} INFO - [2025-12-08T08:19:35.597+0000] {dag.py:3211} INFO - Sync 1 DAGs
[2025-12-08T08:19:35.659+0000] {logging_mixin.py:190} INFO - [2025-12-08T08:19:35.659+0000] {dag.py:4138} INFO - Setting next_dagrun for example_weekday_branch_operator to 2025-12-07 00:00:00+00:00, run_after=2025-12-08 00:00:00+00:00
[2025-12-08T08:19:35.702+0000] {processor.py:208} INFO - Processing /home/airflow/.local/lib/python3.12/site-packages/airflow/example_dags/example_branch_day_of_week_operator.py took 0.206 seconds
[2025-12-08T08:20:05.979+0000] {processor.py:186} INFO - Started process (PID=6713) to work on /home/airflow/.local/lib/python3.12/site-packages/airflow/example_dags/example_branch_day_of_week_operator.py
[2025-12-08T08:20:05.982+0000] {processor.py:914} INFO - Processing file /home/airflow/.local/lib/python3.12/site-packages/airflow/example_dags/example_branch_day_of_week_operator.py for tasks to queue
[2025-12-08T08:20:05.988+0000] {logging_mixin.py:190} INFO - [2025-12-08T08:20:05.988+0000] {dagbag.py:587} INFO - Filling up the DagBag from /home/airflow/.local/lib/python3.12/site-packages/airflow/example_dags/example_branch_day_of_week_operator.py
[2025-12-08T08:20:06.012+0000] {processor.py:925} INFO - DAG(s) 'example_weekday_branch_operator' retrieved from /home/airflow/.local/lib/python3.12/site-packages/airflow/example_dags/example_branch_day_of_week_operator.py
[2025-12-08T08:20:06.059+0000] {logging_mixin.py:190} INFO - [2025-12-08T08:20:06.059+0000] {dag.py:3211} INFO - Sync 1 DAGs
[2025-12-08T08:20:06.109+0000] {logging_mixin.py:190} INFO - [2025-12-08T08:20:06.109+0000] {dag.py:4138} INFO - Setting next_dagrun for example_weekday_branch_operator to 2025-12-07 00:00:00+00:00, run_after=2025-12-08 00:00:00+00:00
[2025-12-08T08:20:06.147+0000] {processor.py:208} INFO - Processing /home/airflow/.local/lib/python3.12/site-packages/airflow/example_dags/example_branch_day_of_week_operator.py took 0.181 seconds
[2025-12-08T08:20:36.937+0000] {processor.py:186} INFO - Started process (PID=6776) to work on /home/airflow/.local/lib/python3.12/site-packages/airflow/example_dags/example_branch_day_of_week_operator.py
[2025-12-08T08:20:36.944+0000] {processor.py:914} INFO - Processing file /home/airflow/.local/lib/python3.12/site-packages/airflow/example_dags/example_branch_day_of_week_operator.py for tasks to queue
[2025-12-08T08:20:36.948+0000] {logging_mixin.py:190} INFO - [2025-12-08T08:20:36.947+0000] {dagbag.py:587} INFO - Filling up the DagBag from /home/airflow/.local/lib/python3.12/site-packages/airflow/example_dags/example_branch_day_of_week_operator.py
[2025-12-08T08:20:36.984+0000] {processor.py:925} INFO - DAG(s) 'example_weekday_branch_operator' retrieved from /home/airflow/.local/lib/python3.12/site-packages/airflow/example_dags/example_branch_day_of_week_operator.py
[2025-12-08T08:20:37.019+0000] {logging_mixin.py:190} INFO - [2025-12-08T08:20:37.019+0000] {dag.py:3211} INFO - Sync 1 DAGs
[2025-12-08T08:20:37.088+0000] {logging_mixin.py:190} INFO - [2025-12-08T08:20:37.088+0000] {dag.py:4138} INFO - Setting next_dagrun for example_weekday_branch_operator to 2025-12-07 00:00:00+00:00, run_after=2025-12-08 00:00:00+00:00
[2025-12-08T08:20:37.126+0000] {processor.py:208} INFO - Processing /home/airflow/.local/lib/python3.12/site-packages/airflow/example_dags/example_branch_day_of_week_operator.py took 0.200 seconds
[2025-12-08T08:21:07.705+0000] {processor.py:186} INFO - Started process (PID=6840) to work on /home/airflow/.local/lib/python3.12/site-packages/airflow/example_dags/example_branch_day_of_week_operator.py
[2025-12-08T08:21:07.708+0000] {processor.py:914} INFO - Processing file /home/airflow/.local/lib/python3.12/site-packages/airflow/example_dags/example_branch_day_of_week_operator.py for tasks to queue
[2025-12-08T08:21:07.715+0000] {logging_mixin.py:190} INFO - [2025-12-08T08:21:07.714+0000] {dagbag.py:587} INFO - Filling up the DagBag from /home/airflow/.local/lib/python3.12/site-packages/airflow/example_dags/example_branch_day_of_week_operator.py
[2025-12-08T08:21:07.756+0000] {processor.py:925} INFO - DAG(s) 'example_weekday_branch_operator' retrieved from /home/airflow/.local/lib/python3.12/site-packages/airflow/example_dags/example_branch_day_of_week_operator.py
[2025-12-08T08:21:07.796+0000] {logging_mixin.py:190} INFO - [2025-12-08T08:21:07.796+0000] {dag.py:3211} INFO - Sync 1 DAGs
[2025-12-08T08:21:07.855+0000] {logging_mixin.py:190} INFO - [2025-12-08T08:21:07.854+0000] {dag.py:4138} INFO - Setting next_dagrun for example_weekday_branch_operator to 2025-12-07 00:00:00+00:00, run_after=2025-12-08 00:00:00+00:00
[2025-12-08T08:21:07.893+0000] {processor.py:208} INFO - Processing /home/airflow/.local/lib/python3.12/site-packages/airflow/example_dags/example_branch_day_of_week_operator.py took 0.209 seconds
[2025-12-08T08:21:38.768+0000] {processor.py:186} INFO - Started process (PID=6903) to work on /home/airflow/.local/lib/python3.12/site-packages/airflow/example_dags/example_branch_day_of_week_operator.py
[2025-12-08T08:21:38.770+0000] {processor.py:914} INFO - Processing file /home/airflow/.local/lib/python3.12/site-packages/airflow/example_dags/example_branch_day_of_week_operator.py for tasks to queue
[2025-12-08T08:21:38.775+0000] {logging_mixin.py:190} INFO - [2025-12-08T08:21:38.775+0000] {dagbag.py:587} INFO - Filling up the DagBag from /home/airflow/.local/lib/python3.12/site-packages/airflow/example_dags/example_branch_day_of_week_operator.py
[2025-12-08T08:21:38.791+0000] {processor.py:925} INFO - DAG(s) 'example_weekday_branch_operator' retrieved from /home/airflow/.local/lib/python3.12/site-packages/airflow/example_dags/example_branch_day_of_week_operator.py
[2025-12-08T08:21:38.831+0000] {logging_mixin.py:190} INFO - [2025-12-08T08:21:38.830+0000] {dag.py:3211} INFO - Sync 1 DAGs
[2025-12-08T08:21:38.876+0000] {logging_mixin.py:190} INFO - [2025-12-08T08:21:38.875+0000] {dag.py:4138} INFO - Setting next_dagrun for example_weekday_branch_operator to 2025-12-07 00:00:00+00:00, run_after=2025-12-08 00:00:00+00:00
[2025-12-08T08:21:38.916+0000] {processor.py:208} INFO - Processing /home/airflow/.local/lib/python3.12/site-packages/airflow/example_dags/example_branch_day_of_week_operator.py took 0.158 seconds
[2025-12-08T08:22:09.120+0000] {processor.py:186} INFO - Started process (PID=6967) to work on /home/airflow/.local/lib/python3.12/site-packages/airflow/example_dags/example_branch_day_of_week_operator.py
[2025-12-08T08:22:09.121+0000] {processor.py:914} INFO - Processing file /home/airflow/.local/lib/python3.12/site-packages/airflow/example_dags/example_branch_day_of_week_operator.py for tasks to queue
[2025-12-08T08:22:09.124+0000] {logging_mixin.py:190} INFO - [2025-12-08T08:22:09.124+0000] {dagbag.py:587} INFO - Filling up the DagBag from /home/airflow/.local/lib/python3.12/site-packages/airflow/example_dags/example_branch_day_of_week_operator.py
[2025-12-08T08:22:09.137+0000] {processor.py:925} INFO - DAG(s) 'example_weekday_branch_operator' retrieved from /home/airflow/.local/lib/python3.12/site-packages/airflow/example_dags/example_branch_day_of_week_operator.py
[2025-12-08T08:22:09.173+0000] {logging_mixin.py:190} INFO - [2025-12-08T08:22:09.173+0000] {dag.py:3211} INFO - Sync 1 DAGs
[2025-12-08T08:22:09.198+0000] {logging_mixin.py:190} INFO - [2025-12-08T08:22:09.197+0000] {dag.py:4138} INFO - Setting next_dagrun for example_weekday_branch_operator to 2025-12-07 00:00:00+00:00, run_after=2025-12-08 00:00:00+00:00
[2025-12-08T08:22:09.222+0000] {processor.py:208} INFO - Processing /home/airflow/.local/lib/python3.12/site-packages/airflow/example_dags/example_branch_day_of_week_operator.py took 0.113 seconds
[2025-12-08T08:22:39.624+0000] {processor.py:186} INFO - Started process (PID=7030) to work on /home/airflow/.local/lib/python3.12/site-packages/airflow/example_dags/example_branch_day_of_week_operator.py
[2025-12-08T08:22:39.626+0000] {processor.py:914} INFO - Processing file /home/airflow/.local/lib/python3.12/site-packages/airflow/example_dags/example_branch_day_of_week_operator.py for tasks to queue
[2025-12-08T08:22:39.630+0000] {logging_mixin.py:190} INFO - [2025-12-08T08:22:39.629+0000] {dagbag.py:587} INFO - Filling up the DagBag from /home/airflow/.local/lib/python3.12/site-packages/airflow/example_dags/example_branch_day_of_week_operator.py
[2025-12-08T08:22:39.641+0000] {processor.py:925} INFO - DAG(s) 'example_weekday_branch_operator' retrieved from /home/airflow/.local/lib/python3.12/site-packages/airflow/example_dags/example_branch_day_of_week_operator.py
[2025-12-08T08:22:39.667+0000] {logging_mixin.py:190} INFO - [2025-12-08T08:22:39.667+0000] {dag.py:3211} INFO - Sync 1 DAGs
[2025-12-08T08:22:39.694+0000] {logging_mixin.py:190} INFO - [2025-12-08T08:22:39.693+0000] {dag.py:4138} INFO - Setting next_dagrun for example_weekday_branch_operator to 2025-12-07 00:00:00+00:00, run_after=2025-12-08 00:00:00+00:00
[2025-12-08T08:22:39.718+0000] {processor.py:208} INFO - Processing /home/airflow/.local/lib/python3.12/site-packages/airflow/example_dags/example_branch_day_of_week_operator.py took 0.101 seconds
[2025-12-08T08:23:09.962+0000] {processor.py:186} INFO - Started process (PID=7093) to work on /home/airflow/.local/lib/python3.12/site-packages/airflow/example_dags/example_branch_day_of_week_operator.py
[2025-12-08T08:23:09.964+0000] {processor.py:914} INFO - Processing file /home/airflow/.local/lib/python3.12/site-packages/airflow/example_dags/example_branch_day_of_week_operator.py for tasks to queue
[2025-12-08T08:23:09.967+0000] {logging_mixin.py:190} INFO - [2025-12-08T08:23:09.966+0000] {dagbag.py:587} INFO - Filling up the DagBag from /home/airflow/.local/lib/python3.12/site-packages/airflow/example_dags/example_branch_day_of_week_operator.py
[2025-12-08T08:23:09.977+0000] {processor.py:925} INFO - DAG(s) 'example_weekday_branch_operator' retrieved from /home/airflow/.local/lib/python3.12/site-packages/airflow/example_dags/example_branch_day_of_week_operator.py
[2025-12-08T08:23:10.000+0000] {logging_mixin.py:190} INFO - [2025-12-08T08:23:09.999+0000] {dag.py:3211} INFO - Sync 1 DAGs
[2025-12-08T08:23:10.023+0000] {logging_mixin.py:190} INFO - [2025-12-08T08:23:10.023+0000] {dag.py:4138} INFO - Setting next_dagrun for example_weekday_branch_operator to 2025-12-07 00:00:00+00:00, run_after=2025-12-08 00:00:00+00:00
[2025-12-08T08:23:10.047+0000] {processor.py:208} INFO - Processing /home/airflow/.local/lib/python3.12/site-packages/airflow/example_dags/example_branch_day_of_week_operator.py took 0.091 seconds
[2025-12-08T08:23:40.339+0000] {processor.py:186} INFO - Started process (PID=7156) to work on /home/airflow/.local/lib/python3.12/site-packages/airflow/example_dags/example_branch_day_of_week_operator.py
[2025-12-08T08:23:40.341+0000] {processor.py:914} INFO - Processing file /home/airflow/.local/lib/python3.12/site-packages/airflow/example_dags/example_branch_day_of_week_operator.py for tasks to queue
[2025-12-08T08:23:40.344+0000] {logging_mixin.py:190} INFO - [2025-12-08T08:23:40.343+0000] {dagbag.py:587} INFO - Filling up the DagBag from /home/airflow/.local/lib/python3.12/site-packages/airflow/example_dags/example_branch_day_of_week_operator.py
[2025-12-08T08:23:40.355+0000] {processor.py:925} INFO - DAG(s) 'example_weekday_branch_operator' retrieved from /home/airflow/.local/lib/python3.12/site-packages/airflow/example_dags/example_branch_day_of_week_operator.py
[2025-12-08T08:23:40.380+0000] {logging_mixin.py:190} INFO - [2025-12-08T08:23:40.380+0000] {dag.py:3211} INFO - Sync 1 DAGs
[2025-12-08T08:23:40.403+0000] {logging_mixin.py:190} INFO - [2025-12-08T08:23:40.403+0000] {dag.py:4138} INFO - Setting next_dagrun for example_weekday_branch_operator to 2025-12-07 00:00:00+00:00, run_after=2025-12-08 00:00:00+00:00
[2025-12-08T08:23:40.426+0000] {processor.py:208} INFO - Processing /home/airflow/.local/lib/python3.12/site-packages/airflow/example_dags/example_branch_day_of_week_operator.py took 0.094 seconds
[2025-12-08T08:24:11.029+0000] {processor.py:186} INFO - Started process (PID=7219) to work on /home/airflow/.local/lib/python3.12/site-packages/airflow/example_dags/example_branch_day_of_week_operator.py
[2025-12-08T08:24:11.033+0000] {processor.py:914} INFO - Processing file /home/airflow/.local/lib/python3.12/site-packages/airflow/example_dags/example_branch_day_of_week_operator.py for tasks to queue
[2025-12-08T08:24:11.039+0000] {logging_mixin.py:190} INFO - [2025-12-08T08:24:11.039+0000] {dagbag.py:587} INFO - Filling up the DagBag from /home/airflow/.local/lib/python3.12/site-packages/airflow/example_dags/example_branch_day_of_week_operator.py
[2025-12-08T08:24:11.058+0000] {processor.py:925} INFO - DAG(s) 'example_weekday_branch_operator' retrieved from /home/airflow/.local/lib/python3.12/site-packages/airflow/example_dags/example_branch_day_of_week_operator.py
[2025-12-08T08:24:11.092+0000] {logging_mixin.py:190} INFO - [2025-12-08T08:24:11.092+0000] {dag.py:3211} INFO - Sync 1 DAGs
[2025-12-08T08:24:11.118+0000] {logging_mixin.py:190} INFO - [2025-12-08T08:24:11.117+0000] {dag.py:4138} INFO - Setting next_dagrun for example_weekday_branch_operator to 2025-12-07 00:00:00+00:00, run_after=2025-12-08 00:00:00+00:00
[2025-12-08T08:24:11.139+0000] {processor.py:208} INFO - Processing /home/airflow/.local/lib/python3.12/site-packages/airflow/example_dags/example_branch_day_of_week_operator.py took 0.125 seconds
[2025-12-08T08:24:42.521+0000] {processor.py:186} INFO - Started process (PID=7288) to work on /home/airflow/.local/lib/python3.12/site-packages/airflow/example_dags/example_branch_day_of_week_operator.py
[2025-12-08T08:24:42.523+0000] {processor.py:914} INFO - Processing file /home/airflow/.local/lib/python3.12/site-packages/airflow/example_dags/example_branch_day_of_week_operator.py for tasks to queue
[2025-12-08T08:24:42.528+0000] {logging_mixin.py:190} INFO - [2025-12-08T08:24:42.527+0000] {dagbag.py:587} INFO - Filling up the DagBag from /home/airflow/.local/lib/python3.12/site-packages/airflow/example_dags/example_branch_day_of_week_operator.py
[2025-12-08T08:24:42.539+0000] {processor.py:925} INFO - DAG(s) 'example_weekday_branch_operator' retrieved from /home/airflow/.local/lib/python3.12/site-packages/airflow/example_dags/example_branch_day_of_week_operator.py
[2025-12-08T08:24:42.563+0000] {logging_mixin.py:190} INFO - [2025-12-08T08:24:42.563+0000] {dag.py:3211} INFO - Sync 1 DAGs
[2025-12-08T08:24:42.589+0000] {logging_mixin.py:190} INFO - [2025-12-08T08:24:42.588+0000] {dag.py:4138} INFO - Setting next_dagrun for example_weekday_branch_operator to 2025-12-07 00:00:00+00:00, run_after=2025-12-08 00:00:00+00:00
[2025-12-08T08:24:42.628+0000] {processor.py:208} INFO - Processing /home/airflow/.local/lib/python3.12/site-packages/airflow/example_dags/example_branch_day_of_week_operator.py took 0.114 seconds
[2025-12-08T08:25:13.114+0000] {processor.py:186} INFO - Started process (PID=7351) to work on /home/airflow/.local/lib/python3.12/site-packages/airflow/example_dags/example_branch_day_of_week_operator.py
[2025-12-08T08:25:13.116+0000] {processor.py:914} INFO - Processing file /home/airflow/.local/lib/python3.12/site-packages/airflow/example_dags/example_branch_day_of_week_operator.py for tasks to queue
[2025-12-08T08:25:13.122+0000] {logging_mixin.py:190} INFO - [2025-12-08T08:25:13.121+0000] {dagbag.py:587} INFO - Filling up the DagBag from /home/airflow/.local/lib/python3.12/site-packages/airflow/example_dags/example_branch_day_of_week_operator.py
[2025-12-08T08:25:13.140+0000] {processor.py:925} INFO - DAG(s) 'example_weekday_branch_operator' retrieved from /home/airflow/.local/lib/python3.12/site-packages/airflow/example_dags/example_branch_day_of_week_operator.py
[2025-12-08T08:25:13.183+0000] {logging_mixin.py:190} INFO - [2025-12-08T08:25:13.183+0000] {dag.py:3211} INFO - Sync 1 DAGs
[2025-12-08T08:25:13.233+0000] {logging_mixin.py:190} INFO - [2025-12-08T08:25:13.233+0000] {dag.py:4138} INFO - Setting next_dagrun for example_weekday_branch_operator to 2025-12-07 00:00:00+00:00, run_after=2025-12-08 00:00:00+00:00
[2025-12-08T08:25:13.270+0000] {processor.py:208} INFO - Processing /home/airflow/.local/lib/python3.12/site-packages/airflow/example_dags/example_branch_day_of_week_operator.py took 0.167 seconds
[2025-12-08T08:25:44.154+0000] {processor.py:186} INFO - Started process (PID=7414) to work on /home/airflow/.local/lib/python3.12/site-packages/airflow/example_dags/example_branch_day_of_week_operator.py
[2025-12-08T08:25:44.156+0000] {processor.py:914} INFO - Processing file /home/airflow/.local/lib/python3.12/site-packages/airflow/example_dags/example_branch_day_of_week_operator.py for tasks to queue
[2025-12-08T08:25:44.164+0000] {logging_mixin.py:190} INFO - [2025-12-08T08:25:44.164+0000] {dagbag.py:587} INFO - Filling up the DagBag from /home/airflow/.local/lib/python3.12/site-packages/airflow/example_dags/example_branch_day_of_week_operator.py
[2025-12-08T08:25:44.194+0000] {processor.py:925} INFO - DAG(s) 'example_weekday_branch_operator' retrieved from /home/airflow/.local/lib/python3.12/site-packages/airflow/example_dags/example_branch_day_of_week_operator.py
[2025-12-08T08:25:44.223+0000] {logging_mixin.py:190} INFO - [2025-12-08T08:25:44.223+0000] {dag.py:3211} INFO - Sync 1 DAGs
[2025-12-08T08:25:44.254+0000] {logging_mixin.py:190} INFO - [2025-12-08T08:25:44.253+0000] {dag.py:4138} INFO - Setting next_dagrun for example_weekday_branch_operator to 2025-12-07 00:00:00+00:00, run_after=2025-12-08 00:00:00+00:00
[2025-12-08T08:25:44.278+0000] {processor.py:208} INFO - Processing /home/airflow/.local/lib/python3.12/site-packages/airflow/example_dags/example_branch_day_of_week_operator.py took 0.135 seconds
[2025-12-08T08:26:14.437+0000] {processor.py:186} INFO - Started process (PID=7477) to work on /home/airflow/.local/lib/python3.12/site-packages/airflow/example_dags/example_branch_day_of_week_operator.py
[2025-12-08T08:26:14.438+0000] {processor.py:914} INFO - Processing file /home/airflow/.local/lib/python3.12/site-packages/airflow/example_dags/example_branch_day_of_week_operator.py for tasks to queue
[2025-12-08T08:26:14.441+0000] {logging_mixin.py:190} INFO - [2025-12-08T08:26:14.441+0000] {dagbag.py:587} INFO - Filling up the DagBag from /home/airflow/.local/lib/python3.12/site-packages/airflow/example_dags/example_branch_day_of_week_operator.py
[2025-12-08T08:26:14.452+0000] {processor.py:925} INFO - DAG(s) 'example_weekday_branch_operator' retrieved from /home/airflow/.local/lib/python3.12/site-packages/airflow/example_dags/example_branch_day_of_week_operator.py
[2025-12-08T08:26:14.478+0000] {logging_mixin.py:190} INFO - [2025-12-08T08:26:14.478+0000] {dag.py:3211} INFO - Sync 1 DAGs
[2025-12-08T08:26:14.503+0000] {logging_mixin.py:190} INFO - [2025-12-08T08:26:14.502+0000] {dag.py:4138} INFO - Setting next_dagrun for example_weekday_branch_operator to 2025-12-07 00:00:00+00:00, run_after=2025-12-08 00:00:00+00:00
[2025-12-08T08:26:14.528+0000] {processor.py:208} INFO - Processing /home/airflow/.local/lib/python3.12/site-packages/airflow/example_dags/example_branch_day_of_week_operator.py took 0.097 seconds
[2025-12-08T08:26:44.777+0000] {processor.py:186} INFO - Started process (PID=7541) to work on /home/airflow/.local/lib/python3.12/site-packages/airflow/example_dags/example_branch_day_of_week_operator.py
[2025-12-08T08:26:44.779+0000] {processor.py:914} INFO - Processing file /home/airflow/.local/lib/python3.12/site-packages/airflow/example_dags/example_branch_day_of_week_operator.py for tasks to queue
[2025-12-08T08:26:44.782+0000] {logging_mixin.py:190} INFO - [2025-12-08T08:26:44.782+0000] {dagbag.py:587} INFO - Filling up the DagBag from /home/airflow/.local/lib/python3.12/site-packages/airflow/example_dags/example_branch_day_of_week_operator.py
[2025-12-08T08:26:44.797+0000] {processor.py:925} INFO - DAG(s) 'example_weekday_branch_operator' retrieved from /home/airflow/.local/lib/python3.12/site-packages/airflow/example_dags/example_branch_day_of_week_operator.py
[2025-12-08T08:26:44.824+0000] {logging_mixin.py:190} INFO - [2025-12-08T08:26:44.823+0000] {dag.py:3211} INFO - Sync 1 DAGs
[2025-12-08T08:26:44.860+0000] {logging_mixin.py:190} INFO - [2025-12-08T08:26:44.859+0000] {dag.py:4138} INFO - Setting next_dagrun for example_weekday_branch_operator to 2025-12-07 00:00:00+00:00, run_after=2025-12-08 00:00:00+00:00
[2025-12-08T08:26:44.887+0000] {processor.py:208} INFO - Processing /home/airflow/.local/lib/python3.12/site-packages/airflow/example_dags/example_branch_day_of_week_operator.py took 0.117 seconds
[2025-12-08T08:27:15.186+0000] {processor.py:186} INFO - Started process (PID=7604) to work on /home/airflow/.local/lib/python3.12/site-packages/airflow/example_dags/example_branch_day_of_week_operator.py
[2025-12-08T08:27:15.188+0000] {processor.py:914} INFO - Processing file /home/airflow/.local/lib/python3.12/site-packages/airflow/example_dags/example_branch_day_of_week_operator.py for tasks to queue
[2025-12-08T08:27:15.191+0000] {logging_mixin.py:190} INFO - [2025-12-08T08:27:15.191+0000] {dagbag.py:587} INFO - Filling up the DagBag from /home/airflow/.local/lib/python3.12/site-packages/airflow/example_dags/example_branch_day_of_week_operator.py
[2025-12-08T08:27:15.202+0000] {processor.py:925} INFO - DAG(s) 'example_weekday_branch_operator' retrieved from /home/airflow/.local/lib/python3.12/site-packages/airflow/example_dags/example_branch_day_of_week_operator.py
[2025-12-08T08:27:15.227+0000] {logging_mixin.py:190} INFO - [2025-12-08T08:27:15.226+0000] {dag.py:3211} INFO - Sync 1 DAGs
[2025-12-08T08:27:15.250+0000] {logging_mixin.py:190} INFO - [2025-12-08T08:27:15.250+0000] {dag.py:4138} INFO - Setting next_dagrun for example_weekday_branch_operator to 2025-12-07 00:00:00+00:00, run_after=2025-12-08 00:00:00+00:00
[2025-12-08T08:27:15.274+0000] {processor.py:208} INFO - Processing /home/airflow/.local/lib/python3.12/site-packages/airflow/example_dags/example_branch_day_of_week_operator.py took 0.094 seconds
[2025-12-08T08:27:45.447+0000] {processor.py:186} INFO - Started process (PID=7667) to work on /home/airflow/.local/lib/python3.12/site-packages/airflow/example_dags/example_branch_day_of_week_operator.py
[2025-12-08T08:27:45.448+0000] {processor.py:914} INFO - Processing file /home/airflow/.local/lib/python3.12/site-packages/airflow/example_dags/example_branch_day_of_week_operator.py for tasks to queue
[2025-12-08T08:27:45.451+0000] {logging_mixin.py:190} INFO - [2025-12-08T08:27:45.451+0000] {dagbag.py:587} INFO - Filling up the DagBag from /home/airflow/.local/lib/python3.12/site-packages/airflow/example_dags/example_branch_day_of_week_operator.py
[2025-12-08T08:27:45.462+0000] {processor.py:925} INFO - DAG(s) 'example_weekday_branch_operator' retrieved from /home/airflow/.local/lib/python3.12/site-packages/airflow/example_dags/example_branch_day_of_week_operator.py
[2025-12-08T08:27:45.489+0000] {logging_mixin.py:190} INFO - [2025-12-08T08:27:45.489+0000] {dag.py:3211} INFO - Sync 1 DAGs
[2025-12-08T08:27:45.518+0000] {logging_mixin.py:190} INFO - [2025-12-08T08:27:45.518+0000] {dag.py:4138} INFO - Setting next_dagrun for example_weekday_branch_operator to 2025-12-07 00:00:00+00:00, run_after=2025-12-08 00:00:00+00:00
[2025-12-08T08:27:45.542+0000] {processor.py:208} INFO - Processing /home/airflow/.local/lib/python3.12/site-packages/airflow/example_dags/example_branch_day_of_week_operator.py took 0.102 seconds
[2025-12-08T08:28:15.692+0000] {processor.py:186} INFO - Started process (PID=7730) to work on /home/airflow/.local/lib/python3.12/site-packages/airflow/example_dags/example_branch_day_of_week_operator.py
[2025-12-08T08:28:15.694+0000] {processor.py:914} INFO - Processing file /home/airflow/.local/lib/python3.12/site-packages/airflow/example_dags/example_branch_day_of_week_operator.py for tasks to queue
[2025-12-08T08:28:15.698+0000] {logging_mixin.py:190} INFO - [2025-12-08T08:28:15.697+0000] {dagbag.py:587} INFO - Filling up the DagBag from /home/airflow/.local/lib/python3.12/site-packages/airflow/example_dags/example_branch_day_of_week_operator.py
[2025-12-08T08:28:15.708+0000] {processor.py:925} INFO - DAG(s) 'example_weekday_branch_operator' retrieved from /home/airflow/.local/lib/python3.12/site-packages/airflow/example_dags/example_branch_day_of_week_operator.py
[2025-12-08T08:28:15.730+0000] {logging_mixin.py:190} INFO - [2025-12-08T08:28:15.730+0000] {dag.py:3211} INFO - Sync 1 DAGs
[2025-12-08T08:28:15.754+0000] {logging_mixin.py:190} INFO - [2025-12-08T08:28:15.753+0000] {dag.py:4138} INFO - Setting next_dagrun for example_weekday_branch_operator to 2025-12-07 00:00:00+00:00, run_after=2025-12-08 00:00:00+00:00
[2025-12-08T08:28:15.775+0000] {processor.py:208} INFO - Processing /home/airflow/.local/lib/python3.12/site-packages/airflow/example_dags/example_branch_day_of_week_operator.py took 0.088 seconds
[2025-12-08T08:28:45.964+0000] {processor.py:186} INFO - Started process (PID=7792) to work on /home/airflow/.local/lib/python3.12/site-packages/airflow/example_dags/example_branch_day_of_week_operator.py
[2025-12-08T08:28:45.967+0000] {processor.py:914} INFO - Processing file /home/airflow/.local/lib/python3.12/site-packages/airflow/example_dags/example_branch_day_of_week_operator.py for tasks to queue
[2025-12-08T08:28:45.971+0000] {logging_mixin.py:190} INFO - [2025-12-08T08:28:45.971+0000] {dagbag.py:587} INFO - Filling up the DagBag from /home/airflow/.local/lib/python3.12/site-packages/airflow/example_dags/example_branch_day_of_week_operator.py
[2025-12-08T08:28:45.983+0000] {processor.py:925} INFO - DAG(s) 'example_weekday_branch_operator' retrieved from /home/airflow/.local/lib/python3.12/site-packages/airflow/example_dags/example_branch_day_of_week_operator.py
[2025-12-08T08:28:46.008+0000] {logging_mixin.py:190} INFO - [2025-12-08T08:28:46.008+0000] {dag.py:3211} INFO - Sync 1 DAGs
[2025-12-08T08:28:46.040+0000] {logging_mixin.py:190} INFO - [2025-12-08T08:28:46.040+0000] {dag.py:4138} INFO - Setting next_dagrun for example_weekday_branch_operator to 2025-12-07 00:00:00+00:00, run_after=2025-12-08 00:00:00+00:00
[2025-12-08T08:28:46.067+0000] {processor.py:208} INFO - Processing /home/airflow/.local/lib/python3.12/site-packages/airflow/example_dags/example_branch_day_of_week_operator.py took 0.113 seconds
[2025-12-08T08:29:16.242+0000] {processor.py:186} INFO - Started process (PID=7855) to work on /home/airflow/.local/lib/python3.12/site-packages/airflow/example_dags/example_branch_day_of_week_operator.py
[2025-12-08T08:29:16.244+0000] {processor.py:914} INFO - Processing file /home/airflow/.local/lib/python3.12/site-packages/airflow/example_dags/example_branch_day_of_week_operator.py for tasks to queue
[2025-12-08T08:29:16.247+0000] {logging_mixin.py:190} INFO - [2025-12-08T08:29:16.246+0000] {dagbag.py:587} INFO - Filling up the DagBag from /home/airflow/.local/lib/python3.12/site-packages/airflow/example_dags/example_branch_day_of_week_operator.py
[2025-12-08T08:29:16.257+0000] {processor.py:925} INFO - DAG(s) 'example_weekday_branch_operator' retrieved from /home/airflow/.local/lib/python3.12/site-packages/airflow/example_dags/example_branch_day_of_week_operator.py
[2025-12-08T08:29:16.283+0000] {logging_mixin.py:190} INFO - [2025-12-08T08:29:16.283+0000] {dag.py:3211} INFO - Sync 1 DAGs
[2025-12-08T08:29:16.307+0000] {logging_mixin.py:190} INFO - [2025-12-08T08:29:16.306+0000] {dag.py:4138} INFO - Setting next_dagrun for example_weekday_branch_operator to 2025-12-07 00:00:00+00:00, run_after=2025-12-08 00:00:00+00:00
[2025-12-08T08:29:16.327+0000] {processor.py:208} INFO - Processing /home/airflow/.local/lib/python3.12/site-packages/airflow/example_dags/example_branch_day_of_week_operator.py took 0.091 seconds
[2025-12-08T08:29:46.982+0000] {processor.py:186} INFO - Started process (PID=7919) to work on /home/airflow/.local/lib/python3.12/site-packages/airflow/example_dags/example_branch_day_of_week_operator.py
[2025-12-08T08:29:46.984+0000] {processor.py:914} INFO - Processing file /home/airflow/.local/lib/python3.12/site-packages/airflow/example_dags/example_branch_day_of_week_operator.py for tasks to queue
[2025-12-08T08:29:46.987+0000] {logging_mixin.py:190} INFO - [2025-12-08T08:29:46.987+0000] {dagbag.py:587} INFO - Filling up the DagBag from /home/airflow/.local/lib/python3.12/site-packages/airflow/example_dags/example_branch_day_of_week_operator.py
[2025-12-08T08:29:46.998+0000] {processor.py:925} INFO - DAG(s) 'example_weekday_branch_operator' retrieved from /home/airflow/.local/lib/python3.12/site-packages/airflow/example_dags/example_branch_day_of_week_operator.py
[2025-12-08T08:29:47.023+0000] {logging_mixin.py:190} INFO - [2025-12-08T08:29:47.022+0000] {dag.py:3211} INFO - Sync 1 DAGs
[2025-12-08T08:29:47.047+0000] {logging_mixin.py:190} INFO - [2025-12-08T08:29:47.046+0000] {dag.py:4138} INFO - Setting next_dagrun for example_weekday_branch_operator to 2025-12-07 00:00:00+00:00, run_after=2025-12-08 00:00:00+00:00
[2025-12-08T08:29:47.068+0000] {processor.py:208} INFO - Processing /home/airflow/.local/lib/python3.12/site-packages/airflow/example_dags/example_branch_day_of_week_operator.py took 0.093 seconds
[2025-12-08T08:30:17.804+0000] {processor.py:186} INFO - Started process (PID=7982) to work on /home/airflow/.local/lib/python3.12/site-packages/airflow/example_dags/example_branch_day_of_week_operator.py
[2025-12-08T08:30:17.806+0000] {processor.py:914} INFO - Processing file /home/airflow/.local/lib/python3.12/site-packages/airflow/example_dags/example_branch_day_of_week_operator.py for tasks to queue
[2025-12-08T08:30:17.811+0000] {logging_mixin.py:190} INFO - [2025-12-08T08:30:17.810+0000] {dagbag.py:587} INFO - Filling up the DagBag from /home/airflow/.local/lib/python3.12/site-packages/airflow/example_dags/example_branch_day_of_week_operator.py
[2025-12-08T08:30:17.824+0000] {processor.py:925} INFO - DAG(s) 'example_weekday_branch_operator' retrieved from /home/airflow/.local/lib/python3.12/site-packages/airflow/example_dags/example_branch_day_of_week_operator.py
[2025-12-08T08:30:17.852+0000] {logging_mixin.py:190} INFO - [2025-12-08T08:30:17.851+0000] {dag.py:3211} INFO - Sync 1 DAGs
[2025-12-08T08:30:17.880+0000] {logging_mixin.py:190} INFO - [2025-12-08T08:30:17.879+0000] {dag.py:4138} INFO - Setting next_dagrun for example_weekday_branch_operator to 2025-12-07 00:00:00+00:00, run_after=2025-12-08 00:00:00+00:00
[2025-12-08T08:30:17.904+0000] {processor.py:208} INFO - Processing /home/airflow/.local/lib/python3.12/site-packages/airflow/example_dags/example_branch_day_of_week_operator.py took 0.107 seconds
[2025-12-08T08:30:51.304+0000] {processor.py:186} INFO - Started process (PID=8044) to work on /home/airflow/.local/lib/python3.12/site-packages/airflow/example_dags/example_branch_day_of_week_operator.py
[2025-12-08T08:30:51.305+0000] {processor.py:914} INFO - Processing file /home/airflow/.local/lib/python3.12/site-packages/airflow/example_dags/example_branch_day_of_week_operator.py for tasks to queue
[2025-12-08T08:30:51.310+0000] {logging_mixin.py:190} INFO - [2025-12-08T08:30:51.309+0000] {dagbag.py:587} INFO - Filling up the DagBag from /home/airflow/.local/lib/python3.12/site-packages/airflow/example_dags/example_branch_day_of_week_operator.py
[2025-12-08T08:30:51.326+0000] {processor.py:925} INFO - DAG(s) 'example_weekday_branch_operator' retrieved from /home/airflow/.local/lib/python3.12/site-packages/airflow/example_dags/example_branch_day_of_week_operator.py
[2025-12-08T08:30:51.352+0000] {logging_mixin.py:190} INFO - [2025-12-08T08:30:51.351+0000] {dag.py:3211} INFO - Sync 1 DAGs
[2025-12-08T08:30:51.383+0000] {logging_mixin.py:190} INFO - [2025-12-08T08:30:51.383+0000] {dag.py:4138} INFO - Setting next_dagrun for example_weekday_branch_operator to 2025-12-07 00:00:00+00:00, run_after=2025-12-08 00:00:00+00:00
[2025-12-08T08:30:51.408+0000] {processor.py:208} INFO - Processing /home/airflow/.local/lib/python3.12/site-packages/airflow/example_dags/example_branch_day_of_week_operator.py took 0.115 seconds
[2025-12-08T08:31:21.599+0000] {processor.py:186} INFO - Started process (PID=8107) to work on /home/airflow/.local/lib/python3.12/site-packages/airflow/example_dags/example_branch_day_of_week_operator.py
[2025-12-08T08:31:21.600+0000] {processor.py:914} INFO - Processing file /home/airflow/.local/lib/python3.12/site-packages/airflow/example_dags/example_branch_day_of_week_operator.py for tasks to queue
[2025-12-08T08:31:21.604+0000] {logging_mixin.py:190} INFO - [2025-12-08T08:31:21.604+0000] {dagbag.py:587} INFO - Filling up the DagBag from /home/airflow/.local/lib/python3.12/site-packages/airflow/example_dags/example_branch_day_of_week_operator.py
[2025-12-08T08:31:21.617+0000] {processor.py:925} INFO - DAG(s) 'example_weekday_branch_operator' retrieved from /home/airflow/.local/lib/python3.12/site-packages/airflow/example_dags/example_branch_day_of_week_operator.py
[2025-12-08T08:31:21.645+0000] {logging_mixin.py:190} INFO - [2025-12-08T08:31:21.645+0000] {dag.py:3211} INFO - Sync 1 DAGs
[2025-12-08T08:31:21.675+0000] {logging_mixin.py:190} INFO - [2025-12-08T08:31:21.675+0000] {dag.py:4138} INFO - Setting next_dagrun for example_weekday_branch_operator to 2025-12-07 00:00:00+00:00, run_after=2025-12-08 00:00:00+00:00
[2025-12-08T08:31:21.705+0000] {processor.py:208} INFO - Processing /home/airflow/.local/lib/python3.12/site-packages/airflow/example_dags/example_branch_day_of_week_operator.py took 0.114 seconds
[2025-12-08T08:31:52.089+0000] {processor.py:186} INFO - Started process (PID=8170) to work on /home/airflow/.local/lib/python3.12/site-packages/airflow/example_dags/example_branch_day_of_week_operator.py
[2025-12-08T08:31:52.091+0000] {processor.py:914} INFO - Processing file /home/airflow/.local/lib/python3.12/site-packages/airflow/example_dags/example_branch_day_of_week_operator.py for tasks to queue
[2025-12-08T08:31:52.094+0000] {logging_mixin.py:190} INFO - [2025-12-08T08:31:52.094+0000] {dagbag.py:587} INFO - Filling up the DagBag from /home/airflow/.local/lib/python3.12/site-packages/airflow/example_dags/example_branch_day_of_week_operator.py
[2025-12-08T08:31:52.106+0000] {processor.py:925} INFO - DAG(s) 'example_weekday_branch_operator' retrieved from /home/airflow/.local/lib/python3.12/site-packages/airflow/example_dags/example_branch_day_of_week_operator.py
[2025-12-08T08:31:52.131+0000] {logging_mixin.py:190} INFO - [2025-12-08T08:31:52.131+0000] {dag.py:3211} INFO - Sync 1 DAGs
[2025-12-08T08:31:52.158+0000] {logging_mixin.py:190} INFO - [2025-12-08T08:31:52.158+0000] {dag.py:4138} INFO - Setting next_dagrun for example_weekday_branch_operator to 2025-12-07 00:00:00+00:00, run_after=2025-12-08 00:00:00+00:00
[2025-12-08T08:31:52.179+0000] {processor.py:208} INFO - Processing /home/airflow/.local/lib/python3.12/site-packages/airflow/example_dags/example_branch_day_of_week_operator.py took 0.097 seconds
[2025-12-08T08:32:22.545+0000] {processor.py:186} INFO - Started process (PID=8233) to work on /home/airflow/.local/lib/python3.12/site-packages/airflow/example_dags/example_branch_day_of_week_operator.py
[2025-12-08T08:32:22.547+0000] {processor.py:914} INFO - Processing file /home/airflow/.local/lib/python3.12/site-packages/airflow/example_dags/example_branch_day_of_week_operator.py for tasks to queue
[2025-12-08T08:32:22.551+0000] {logging_mixin.py:190} INFO - [2025-12-08T08:32:22.551+0000] {dagbag.py:587} INFO - Filling up the DagBag from /home/airflow/.local/lib/python3.12/site-packages/airflow/example_dags/example_branch_day_of_week_operator.py
[2025-12-08T08:32:22.563+0000] {processor.py:925} INFO - DAG(s) 'example_weekday_branch_operator' retrieved from /home/airflow/.local/lib/python3.12/site-packages/airflow/example_dags/example_branch_day_of_week_operator.py
[2025-12-08T08:32:22.592+0000] {logging_mixin.py:190} INFO - [2025-12-08T08:32:22.592+0000] {dag.py:3211} INFO - Sync 1 DAGs
[2025-12-08T08:32:22.622+0000] {logging_mixin.py:190} INFO - [2025-12-08T08:32:22.621+0000] {dag.py:4138} INFO - Setting next_dagrun for example_weekday_branch_operator to 2025-12-07 00:00:00+00:00, run_after=2025-12-08 00:00:00+00:00
[2025-12-08T08:32:22.643+0000] {processor.py:208} INFO - Processing /home/airflow/.local/lib/python3.12/site-packages/airflow/example_dags/example_branch_day_of_week_operator.py took 0.106 seconds
[2025-12-08T08:32:52.879+0000] {processor.py:186} INFO - Started process (PID=8297) to work on /home/airflow/.local/lib/python3.12/site-packages/airflow/example_dags/example_branch_day_of_week_operator.py
[2025-12-08T08:32:52.881+0000] {processor.py:914} INFO - Processing file /home/airflow/.local/lib/python3.12/site-packages/airflow/example_dags/example_branch_day_of_week_operator.py for tasks to queue
[2025-12-08T08:32:52.885+0000] {logging_mixin.py:190} INFO - [2025-12-08T08:32:52.885+0000] {dagbag.py:587} INFO - Filling up the DagBag from /home/airflow/.local/lib/python3.12/site-packages/airflow/example_dags/example_branch_day_of_week_operator.py
[2025-12-08T08:32:52.898+0000] {processor.py:925} INFO - DAG(s) 'example_weekday_branch_operator' retrieved from /home/airflow/.local/lib/python3.12/site-packages/airflow/example_dags/example_branch_day_of_week_operator.py
[2025-12-08T08:32:52.923+0000] {logging_mixin.py:190} INFO - [2025-12-08T08:32:52.923+0000] {dag.py:3211} INFO - Sync 1 DAGs
[2025-12-08T08:32:52.948+0000] {logging_mixin.py:190} INFO - [2025-12-08T08:32:52.948+0000] {dag.py:4138} INFO - Setting next_dagrun for example_weekday_branch_operator to 2025-12-07 00:00:00+00:00, run_after=2025-12-08 00:00:00+00:00
[2025-12-08T08:32:52.971+0000] {processor.py:208} INFO - Processing /home/airflow/.local/lib/python3.12/site-packages/airflow/example_dags/example_branch_day_of_week_operator.py took 0.100 seconds
[2025-12-08T08:33:23.852+0000] {processor.py:186} INFO - Started process (PID=8360) to work on /home/airflow/.local/lib/python3.12/site-packages/airflow/example_dags/example_branch_day_of_week_operator.py
[2025-12-08T08:33:23.854+0000] {processor.py:914} INFO - Processing file /home/airflow/.local/lib/python3.12/site-packages/airflow/example_dags/example_branch_day_of_week_operator.py for tasks to queue
[2025-12-08T08:33:23.861+0000] {logging_mixin.py:190} INFO - [2025-12-08T08:33:23.860+0000] {dagbag.py:587} INFO - Filling up the DagBag from /home/airflow/.local/lib/python3.12/site-packages/airflow/example_dags/example_branch_day_of_week_operator.py
[2025-12-08T08:33:23.888+0000] {processor.py:925} INFO - DAG(s) 'example_weekday_branch_operator' retrieved from /home/airflow/.local/lib/python3.12/site-packages/airflow/example_dags/example_branch_day_of_week_operator.py
[2025-12-08T08:33:23.939+0000] {logging_mixin.py:190} INFO - [2025-12-08T08:33:23.938+0000] {dag.py:3211} INFO - Sync 1 DAGs
[2025-12-08T08:33:24.006+0000] {logging_mixin.py:190} INFO - [2025-12-08T08:33:24.005+0000] {dag.py:4138} INFO - Setting next_dagrun for example_weekday_branch_operator to 2025-12-07 00:00:00+00:00, run_after=2025-12-08 00:00:00+00:00
[2025-12-08T08:33:24.049+0000] {processor.py:208} INFO - Processing /home/airflow/.local/lib/python3.12/site-packages/airflow/example_dags/example_branch_day_of_week_operator.py took 0.211 seconds
[2025-12-08T08:33:54.293+0000] {processor.py:186} INFO - Started process (PID=8423) to work on /home/airflow/.local/lib/python3.12/site-packages/airflow/example_dags/example_branch_day_of_week_operator.py
[2025-12-08T08:33:54.295+0000] {processor.py:914} INFO - Processing file /home/airflow/.local/lib/python3.12/site-packages/airflow/example_dags/example_branch_day_of_week_operator.py for tasks to queue
[2025-12-08T08:33:54.299+0000] {logging_mixin.py:190} INFO - [2025-12-08T08:33:54.299+0000] {dagbag.py:587} INFO - Filling up the DagBag from /home/airflow/.local/lib/python3.12/site-packages/airflow/example_dags/example_branch_day_of_week_operator.py
[2025-12-08T08:33:54.310+0000] {processor.py:925} INFO - DAG(s) 'example_weekday_branch_operator' retrieved from /home/airflow/.local/lib/python3.12/site-packages/airflow/example_dags/example_branch_day_of_week_operator.py
[2025-12-08T08:33:54.337+0000] {logging_mixin.py:190} INFO - [2025-12-08T08:33:54.336+0000] {dag.py:3211} INFO - Sync 1 DAGs
[2025-12-08T08:33:54.382+0000] {logging_mixin.py:190} INFO - [2025-12-08T08:33:54.382+0000] {dag.py:4138} INFO - Setting next_dagrun for example_weekday_branch_operator to 2025-12-07 00:00:00+00:00, run_after=2025-12-08 00:00:00+00:00
[2025-12-08T08:33:54.402+0000] {processor.py:208} INFO - Processing /home/airflow/.local/lib/python3.12/site-packages/airflow/example_dags/example_branch_day_of_week_operator.py took 0.120 seconds
[2025-12-08T08:34:25.234+0000] {processor.py:186} INFO - Started process (PID=8486) to work on /home/airflow/.local/lib/python3.12/site-packages/airflow/example_dags/example_branch_day_of_week_operator.py
[2025-12-08T08:34:25.236+0000] {processor.py:914} INFO - Processing file /home/airflow/.local/lib/python3.12/site-packages/airflow/example_dags/example_branch_day_of_week_operator.py for tasks to queue
[2025-12-08T08:34:25.240+0000] {logging_mixin.py:190} INFO - [2025-12-08T08:34:25.240+0000] {dagbag.py:587} INFO - Filling up the DagBag from /home/airflow/.local/lib/python3.12/site-packages/airflow/example_dags/example_branch_day_of_week_operator.py
[2025-12-08T08:34:25.250+0000] {processor.py:925} INFO - DAG(s) 'example_weekday_branch_operator' retrieved from /home/airflow/.local/lib/python3.12/site-packages/airflow/example_dags/example_branch_day_of_week_operator.py
[2025-12-08T08:34:25.275+0000] {logging_mixin.py:190} INFO - [2025-12-08T08:34:25.274+0000] {dag.py:3211} INFO - Sync 1 DAGs
[2025-12-08T08:34:25.298+0000] {logging_mixin.py:190} INFO - [2025-12-08T08:34:25.298+0000] {dag.py:4138} INFO - Setting next_dagrun for example_weekday_branch_operator to 2025-12-07 00:00:00+00:00, run_after=2025-12-08 00:00:00+00:00
[2025-12-08T08:34:25.321+0000] {processor.py:208} INFO - Processing /home/airflow/.local/lib/python3.12/site-packages/airflow/example_dags/example_branch_day_of_week_operator.py took 0.094 seconds
[2025-12-08T08:34:55.946+0000] {processor.py:186} INFO - Started process (PID=8549) to work on /home/airflow/.local/lib/python3.12/site-packages/airflow/example_dags/example_branch_day_of_week_operator.py
[2025-12-08T08:34:55.948+0000] {processor.py:914} INFO - Processing file /home/airflow/.local/lib/python3.12/site-packages/airflow/example_dags/example_branch_day_of_week_operator.py for tasks to queue
[2025-12-08T08:34:55.952+0000] {logging_mixin.py:190} INFO - [2025-12-08T08:34:55.951+0000] {dagbag.py:587} INFO - Filling up the DagBag from /home/airflow/.local/lib/python3.12/site-packages/airflow/example_dags/example_branch_day_of_week_operator.py
[2025-12-08T08:34:55.963+0000] {processor.py:925} INFO - DAG(s) 'example_weekday_branch_operator' retrieved from /home/airflow/.local/lib/python3.12/site-packages/airflow/example_dags/example_branch_day_of_week_operator.py
[2025-12-08T08:34:55.991+0000] {logging_mixin.py:190} INFO - [2025-12-08T08:34:55.991+0000] {dag.py:3211} INFO - Sync 1 DAGs
[2025-12-08T08:34:56.020+0000] {logging_mixin.py:190} INFO - [2025-12-08T08:34:56.019+0000] {dag.py:4138} INFO - Setting next_dagrun for example_weekday_branch_operator to 2025-12-07 00:00:00+00:00, run_after=2025-12-08 00:00:00+00:00
[2025-12-08T08:34:56.042+0000] {processor.py:208} INFO - Processing /home/airflow/.local/lib/python3.12/site-packages/airflow/example_dags/example_branch_day_of_week_operator.py took 0.103 seconds
[2025-12-08T08:35:26.427+0000] {processor.py:186} INFO - Started process (PID=8612) to work on /home/airflow/.local/lib/python3.12/site-packages/airflow/example_dags/example_branch_day_of_week_operator.py
[2025-12-08T08:35:26.429+0000] {processor.py:914} INFO - Processing file /home/airflow/.local/lib/python3.12/site-packages/airflow/example_dags/example_branch_day_of_week_operator.py for tasks to queue
[2025-12-08T08:35:26.432+0000] {logging_mixin.py:190} INFO - [2025-12-08T08:35:26.432+0000] {dagbag.py:587} INFO - Filling up the DagBag from /home/airflow/.local/lib/python3.12/site-packages/airflow/example_dags/example_branch_day_of_week_operator.py
[2025-12-08T08:35:26.442+0000] {processor.py:925} INFO - DAG(s) 'example_weekday_branch_operator' retrieved from /home/airflow/.local/lib/python3.12/site-packages/airflow/example_dags/example_branch_day_of_week_operator.py
[2025-12-08T08:35:26.464+0000] {logging_mixin.py:190} INFO - [2025-12-08T08:35:26.464+0000] {dag.py:3211} INFO - Sync 1 DAGs
[2025-12-08T08:35:26.485+0000] {logging_mixin.py:190} INFO - [2025-12-08T08:35:26.485+0000] {dag.py:4138} INFO - Setting next_dagrun for example_weekday_branch_operator to 2025-12-07 00:00:00+00:00, run_after=2025-12-08 00:00:00+00:00
[2025-12-08T08:35:26.504+0000] {processor.py:208} INFO - Processing /home/airflow/.local/lib/python3.12/site-packages/airflow/example_dags/example_branch_day_of_week_operator.py took 0.084 seconds
[2025-12-08T08:35:56.980+0000] {processor.py:186} INFO - Started process (PID=8675) to work on /home/airflow/.local/lib/python3.12/site-packages/airflow/example_dags/example_branch_day_of_week_operator.py
[2025-12-08T08:35:56.982+0000] {processor.py:914} INFO - Processing file /home/airflow/.local/lib/python3.12/site-packages/airflow/example_dags/example_branch_day_of_week_operator.py for tasks to queue
[2025-12-08T08:35:56.985+0000] {logging_mixin.py:190} INFO - [2025-12-08T08:35:56.985+0000] {dagbag.py:587} INFO - Filling up the DagBag from /home/airflow/.local/lib/python3.12/site-packages/airflow/example_dags/example_branch_day_of_week_operator.py
[2025-12-08T08:35:56.995+0000] {processor.py:925} INFO - DAG(s) 'example_weekday_branch_operator' retrieved from /home/airflow/.local/lib/python3.12/site-packages/airflow/example_dags/example_branch_day_of_week_operator.py
[2025-12-08T08:35:57.017+0000] {logging_mixin.py:190} INFO - [2025-12-08T08:35:57.017+0000] {dag.py:3211} INFO - Sync 1 DAGs
[2025-12-08T08:35:57.037+0000] {logging_mixin.py:190} INFO - [2025-12-08T08:35:57.037+0000] {dag.py:4138} INFO - Setting next_dagrun for example_weekday_branch_operator to 2025-12-07 00:00:00+00:00, run_after=2025-12-08 00:00:00+00:00
[2025-12-08T08:35:57.057+0000] {processor.py:208} INFO - Processing /home/airflow/.local/lib/python3.12/site-packages/airflow/example_dags/example_branch_day_of_week_operator.py took 0.083 seconds
[2025-12-08T08:36:27.263+0000] {processor.py:186} INFO - Started process (PID=8738) to work on /home/airflow/.local/lib/python3.12/site-packages/airflow/example_dags/example_branch_day_of_week_operator.py
[2025-12-08T08:36:27.265+0000] {processor.py:914} INFO - Processing file /home/airflow/.local/lib/python3.12/site-packages/airflow/example_dags/example_branch_day_of_week_operator.py for tasks to queue
[2025-12-08T08:36:27.268+0000] {logging_mixin.py:190} INFO - [2025-12-08T08:36:27.268+0000] {dagbag.py:587} INFO - Filling up the DagBag from /home/airflow/.local/lib/python3.12/site-packages/airflow/example_dags/example_branch_day_of_week_operator.py
[2025-12-08T08:36:27.277+0000] {processor.py:925} INFO - DAG(s) 'example_weekday_branch_operator' retrieved from /home/airflow/.local/lib/python3.12/site-packages/airflow/example_dags/example_branch_day_of_week_operator.py
[2025-12-08T08:36:27.297+0000] {logging_mixin.py:190} INFO - [2025-12-08T08:36:27.297+0000] {dag.py:3211} INFO - Sync 1 DAGs
[2025-12-08T08:36:27.319+0000] {logging_mixin.py:190} INFO - [2025-12-08T08:36:27.319+0000] {dag.py:4138} INFO - Setting next_dagrun for example_weekday_branch_operator to 2025-12-07 00:00:00+00:00, run_after=2025-12-08 00:00:00+00:00
[2025-12-08T08:36:27.345+0000] {processor.py:208} INFO - Processing /home/airflow/.local/lib/python3.12/site-packages/airflow/example_dags/example_branch_day_of_week_operator.py took 0.087 seconds
[2025-12-08T08:36:57.542+0000] {processor.py:186} INFO - Started process (PID=8801) to work on /home/airflow/.local/lib/python3.12/site-packages/airflow/example_dags/example_branch_day_of_week_operator.py
[2025-12-08T08:36:57.544+0000] {processor.py:914} INFO - Processing file /home/airflow/.local/lib/python3.12/site-packages/airflow/example_dags/example_branch_day_of_week_operator.py for tasks to queue
[2025-12-08T08:36:57.547+0000] {logging_mixin.py:190} INFO - [2025-12-08T08:36:57.547+0000] {dagbag.py:587} INFO - Filling up the DagBag from /home/airflow/.local/lib/python3.12/site-packages/airflow/example_dags/example_branch_day_of_week_operator.py
[2025-12-08T08:36:57.556+0000] {processor.py:925} INFO - DAG(s) 'example_weekday_branch_operator' retrieved from /home/airflow/.local/lib/python3.12/site-packages/airflow/example_dags/example_branch_day_of_week_operator.py
[2025-12-08T08:36:57.580+0000] {logging_mixin.py:190} INFO - [2025-12-08T08:36:57.579+0000] {dag.py:3211} INFO - Sync 1 DAGs
[2025-12-08T08:36:57.600+0000] {logging_mixin.py:190} INFO - [2025-12-08T08:36:57.600+0000] {dag.py:4138} INFO - Setting next_dagrun for example_weekday_branch_operator to 2025-12-07 00:00:00+00:00, run_after=2025-12-08 00:00:00+00:00
[2025-12-08T08:36:57.618+0000] {processor.py:208} INFO - Processing /home/airflow/.local/lib/python3.12/site-packages/airflow/example_dags/example_branch_day_of_week_operator.py took 0.089 seconds
[2025-12-08T08:37:27.712+0000] {processor.py:186} INFO - Started process (PID=8864) to work on /home/airflow/.local/lib/python3.12/site-packages/airflow/example_dags/example_branch_day_of_week_operator.py
[2025-12-08T08:37:27.714+0000] {processor.py:914} INFO - Processing file /home/airflow/.local/lib/python3.12/site-packages/airflow/example_dags/example_branch_day_of_week_operator.py for tasks to queue
[2025-12-08T08:37:27.717+0000] {logging_mixin.py:190} INFO - [2025-12-08T08:37:27.717+0000] {dagbag.py:587} INFO - Filling up the DagBag from /home/airflow/.local/lib/python3.12/site-packages/airflow/example_dags/example_branch_day_of_week_operator.py
[2025-12-08T08:37:27.728+0000] {processor.py:925} INFO - DAG(s) 'example_weekday_branch_operator' retrieved from /home/airflow/.local/lib/python3.12/site-packages/airflow/example_dags/example_branch_day_of_week_operator.py
[2025-12-08T08:37:27.749+0000] {logging_mixin.py:190} INFO - [2025-12-08T08:37:27.749+0000] {dag.py:3211} INFO - Sync 1 DAGs
[2025-12-08T08:37:27.772+0000] {logging_mixin.py:190} INFO - [2025-12-08T08:37:27.772+0000] {dag.py:4138} INFO - Setting next_dagrun for example_weekday_branch_operator to 2025-12-07 00:00:00+00:00, run_after=2025-12-08 00:00:00+00:00
[2025-12-08T08:37:27.792+0000] {processor.py:208} INFO - Processing /home/airflow/.local/lib/python3.12/site-packages/airflow/example_dags/example_branch_day_of_week_operator.py took 0.085 seconds
[2025-12-08T08:37:58.029+0000] {processor.py:186} INFO - Started process (PID=8927) to work on /home/airflow/.local/lib/python3.12/site-packages/airflow/example_dags/example_branch_day_of_week_operator.py
[2025-12-08T08:37:58.030+0000] {processor.py:914} INFO - Processing file /home/airflow/.local/lib/python3.12/site-packages/airflow/example_dags/example_branch_day_of_week_operator.py for tasks to queue
[2025-12-08T08:37:58.034+0000] {logging_mixin.py:190} INFO - [2025-12-08T08:37:58.033+0000] {dagbag.py:587} INFO - Filling up the DagBag from /home/airflow/.local/lib/python3.12/site-packages/airflow/example_dags/example_branch_day_of_week_operator.py
[2025-12-08T08:37:58.044+0000] {processor.py:925} INFO - DAG(s) 'example_weekday_branch_operator' retrieved from /home/airflow/.local/lib/python3.12/site-packages/airflow/example_dags/example_branch_day_of_week_operator.py
[2025-12-08T08:37:58.070+0000] {logging_mixin.py:190} INFO - [2025-12-08T08:37:58.070+0000] {dag.py:3211} INFO - Sync 1 DAGs
[2025-12-08T08:37:58.094+0000] {logging_mixin.py:190} INFO - [2025-12-08T08:37:58.094+0000] {dag.py:4138} INFO - Setting next_dagrun for example_weekday_branch_operator to 2025-12-07 00:00:00+00:00, run_after=2025-12-08 00:00:00+00:00
[2025-12-08T08:37:58.116+0000] {processor.py:208} INFO - Processing /home/airflow/.local/lib/python3.12/site-packages/airflow/example_dags/example_branch_day_of_week_operator.py took 0.094 seconds
[2025-12-08T08:38:28.727+0000] {processor.py:186} INFO - Started process (PID=8990) to work on /home/airflow/.local/lib/python3.12/site-packages/airflow/example_dags/example_branch_day_of_week_operator.py
[2025-12-08T08:38:28.729+0000] {processor.py:914} INFO - Processing file /home/airflow/.local/lib/python3.12/site-packages/airflow/example_dags/example_branch_day_of_week_operator.py for tasks to queue
[2025-12-08T08:38:28.733+0000] {logging_mixin.py:190} INFO - [2025-12-08T08:38:28.733+0000] {dagbag.py:587} INFO - Filling up the DagBag from /home/airflow/.local/lib/python3.12/site-packages/airflow/example_dags/example_branch_day_of_week_operator.py
[2025-12-08T08:38:28.744+0000] {processor.py:925} INFO - DAG(s) 'example_weekday_branch_operator' retrieved from /home/airflow/.local/lib/python3.12/site-packages/airflow/example_dags/example_branch_day_of_week_operator.py
[2025-12-08T08:38:28.773+0000] {logging_mixin.py:190} INFO - [2025-12-08T08:38:28.772+0000] {dag.py:3211} INFO - Sync 1 DAGs
[2025-12-08T08:38:28.801+0000] {logging_mixin.py:190} INFO - [2025-12-08T08:38:28.801+0000] {dag.py:4138} INFO - Setting next_dagrun for example_weekday_branch_operator to 2025-12-07 00:00:00+00:00, run_after=2025-12-08 00:00:00+00:00
[2025-12-08T08:38:28.824+0000] {processor.py:208} INFO - Processing /home/airflow/.local/lib/python3.12/site-packages/airflow/example_dags/example_branch_day_of_week_operator.py took 0.103 seconds
[2025-12-08T08:39:00.111+0000] {processor.py:186} INFO - Started process (PID=9053) to work on /home/airflow/.local/lib/python3.12/site-packages/airflow/example_dags/example_branch_day_of_week_operator.py
[2025-12-08T08:39:00.113+0000] {processor.py:914} INFO - Processing file /home/airflow/.local/lib/python3.12/site-packages/airflow/example_dags/example_branch_day_of_week_operator.py for tasks to queue
[2025-12-08T08:39:00.118+0000] {logging_mixin.py:190} INFO - [2025-12-08T08:39:00.117+0000] {dagbag.py:587} INFO - Filling up the DagBag from /home/airflow/.local/lib/python3.12/site-packages/airflow/example_dags/example_branch_day_of_week_operator.py
[2025-12-08T08:39:00.129+0000] {processor.py:925} INFO - DAG(s) 'example_weekday_branch_operator' retrieved from /home/airflow/.local/lib/python3.12/site-packages/airflow/example_dags/example_branch_day_of_week_operator.py
[2025-12-08T08:39:00.155+0000] {logging_mixin.py:190} INFO - [2025-12-08T08:39:00.154+0000] {dag.py:3211} INFO - Sync 1 DAGs
[2025-12-08T08:39:00.181+0000] {logging_mixin.py:190} INFO - [2025-12-08T08:39:00.181+0000] {dag.py:4138} INFO - Setting next_dagrun for example_weekday_branch_operator to 2025-12-07 00:00:00+00:00, run_after=2025-12-08 00:00:00+00:00
[2025-12-08T08:39:00.407+0000] {processor.py:208} INFO - Processing /home/airflow/.local/lib/python3.12/site-packages/airflow/example_dags/example_branch_day_of_week_operator.py took 0.309 seconds
[2025-12-08T08:39:30.590+0000] {processor.py:186} INFO - Started process (PID=9116) to work on /home/airflow/.local/lib/python3.12/site-packages/airflow/example_dags/example_branch_day_of_week_operator.py
[2025-12-08T08:39:30.591+0000] {processor.py:914} INFO - Processing file /home/airflow/.local/lib/python3.12/site-packages/airflow/example_dags/example_branch_day_of_week_operator.py for tasks to queue
[2025-12-08T08:39:30.594+0000] {logging_mixin.py:190} INFO - [2025-12-08T08:39:30.594+0000] {dagbag.py:587} INFO - Filling up the DagBag from /home/airflow/.local/lib/python3.12/site-packages/airflow/example_dags/example_branch_day_of_week_operator.py
[2025-12-08T08:39:30.607+0000] {processor.py:925} INFO - DAG(s) 'example_weekday_branch_operator' retrieved from /home/airflow/.local/lib/python3.12/site-packages/airflow/example_dags/example_branch_day_of_week_operator.py
[2025-12-08T08:39:30.631+0000] {logging_mixin.py:190} INFO - [2025-12-08T08:39:30.630+0000] {dag.py:3211} INFO - Sync 1 DAGs
[2025-12-08T08:39:30.657+0000] {logging_mixin.py:190} INFO - [2025-12-08T08:39:30.657+0000] {dag.py:4138} INFO - Setting next_dagrun for example_weekday_branch_operator to 2025-12-07 00:00:00+00:00, run_after=2025-12-08 00:00:00+00:00
[2025-12-08T08:39:30.678+0000] {processor.py:208} INFO - Processing /home/airflow/.local/lib/python3.12/site-packages/airflow/example_dags/example_branch_day_of_week_operator.py took 0.096 seconds
[2025-12-08T08:40:01.093+0000] {processor.py:186} INFO - Started process (PID=9179) to work on /home/airflow/.local/lib/python3.12/site-packages/airflow/example_dags/example_branch_day_of_week_operator.py
[2025-12-08T08:40:01.097+0000] {processor.py:914} INFO - Processing file /home/airflow/.local/lib/python3.12/site-packages/airflow/example_dags/example_branch_day_of_week_operator.py for tasks to queue
[2025-12-08T08:40:01.103+0000] {logging_mixin.py:190} INFO - [2025-12-08T08:40:01.102+0000] {dagbag.py:587} INFO - Filling up the DagBag from /home/airflow/.local/lib/python3.12/site-packages/airflow/example_dags/example_branch_day_of_week_operator.py
[2025-12-08T08:40:01.114+0000] {processor.py:925} INFO - DAG(s) 'example_weekday_branch_operator' retrieved from /home/airflow/.local/lib/python3.12/site-packages/airflow/example_dags/example_branch_day_of_week_operator.py
[2025-12-08T08:40:01.144+0000] {logging_mixin.py:190} INFO - [2025-12-08T08:40:01.143+0000] {dag.py:3211} INFO - Sync 1 DAGs
[2025-12-08T08:40:01.169+0000] {logging_mixin.py:190} INFO - [2025-12-08T08:40:01.169+0000] {dag.py:4138} INFO - Setting next_dagrun for example_weekday_branch_operator to 2025-12-07 00:00:00+00:00, run_after=2025-12-08 00:00:00+00:00
[2025-12-08T08:40:01.196+0000] {processor.py:208} INFO - Processing /home/airflow/.local/lib/python3.12/site-packages/airflow/example_dags/example_branch_day_of_week_operator.py took 0.114 seconds
[2025-12-08T08:40:31.616+0000] {processor.py:186} INFO - Started process (PID=9242) to work on /home/airflow/.local/lib/python3.12/site-packages/airflow/example_dags/example_branch_day_of_week_operator.py
[2025-12-08T08:40:31.618+0000] {processor.py:914} INFO - Processing file /home/airflow/.local/lib/python3.12/site-packages/airflow/example_dags/example_branch_day_of_week_operator.py for tasks to queue
[2025-12-08T08:40:31.621+0000] {logging_mixin.py:190} INFO - [2025-12-08T08:40:31.620+0000] {dagbag.py:587} INFO - Filling up the DagBag from /home/airflow/.local/lib/python3.12/site-packages/airflow/example_dags/example_branch_day_of_week_operator.py
[2025-12-08T08:40:31.633+0000] {processor.py:925} INFO - DAG(s) 'example_weekday_branch_operator' retrieved from /home/airflow/.local/lib/python3.12/site-packages/airflow/example_dags/example_branch_day_of_week_operator.py
[2025-12-08T08:40:31.655+0000] {logging_mixin.py:190} INFO - [2025-12-08T08:40:31.655+0000] {dag.py:3211} INFO - Sync 1 DAGs
[2025-12-08T08:40:31.679+0000] {logging_mixin.py:190} INFO - [2025-12-08T08:40:31.678+0000] {dag.py:4138} INFO - Setting next_dagrun for example_weekday_branch_operator to 2025-12-07 00:00:00+00:00, run_after=2025-12-08 00:00:00+00:00
[2025-12-08T08:40:31.701+0000] {processor.py:208} INFO - Processing /home/airflow/.local/lib/python3.12/site-packages/airflow/example_dags/example_branch_day_of_week_operator.py took 0.091 seconds
[2025-12-08T08:41:02.872+0000] {processor.py:186} INFO - Started process (PID=9305) to work on /home/airflow/.local/lib/python3.12/site-packages/airflow/example_dags/example_branch_day_of_week_operator.py
[2025-12-08T08:41:02.874+0000] {processor.py:914} INFO - Processing file /home/airflow/.local/lib/python3.12/site-packages/airflow/example_dags/example_branch_day_of_week_operator.py for tasks to queue
[2025-12-08T08:41:02.877+0000] {logging_mixin.py:190} INFO - [2025-12-08T08:41:02.877+0000] {dagbag.py:587} INFO - Filling up the DagBag from /home/airflow/.local/lib/python3.12/site-packages/airflow/example_dags/example_branch_day_of_week_operator.py
[2025-12-08T08:41:02.889+0000] {processor.py:925} INFO - DAG(s) 'example_weekday_branch_operator' retrieved from /home/airflow/.local/lib/python3.12/site-packages/airflow/example_dags/example_branch_day_of_week_operator.py
[2025-12-08T08:41:03.111+0000] {logging_mixin.py:190} INFO - [2025-12-08T08:41:03.111+0000] {dag.py:3211} INFO - Sync 1 DAGs
[2025-12-08T08:41:03.133+0000] {logging_mixin.py:190} INFO - [2025-12-08T08:41:03.133+0000] {dag.py:4138} INFO - Setting next_dagrun for example_weekday_branch_operator to 2025-12-07 00:00:00+00:00, run_after=2025-12-08 00:00:00+00:00
[2025-12-08T08:41:03.153+0000] {processor.py:208} INFO - Processing /home/airflow/.local/lib/python3.12/site-packages/airflow/example_dags/example_branch_day_of_week_operator.py took 0.288 seconds
[2025-12-08T08:41:33.423+0000] {processor.py:186} INFO - Started process (PID=9369) to work on /home/airflow/.local/lib/python3.12/site-packages/airflow/example_dags/example_branch_day_of_week_operator.py
[2025-12-08T08:41:33.425+0000] {processor.py:914} INFO - Processing file /home/airflow/.local/lib/python3.12/site-packages/airflow/example_dags/example_branch_day_of_week_operator.py for tasks to queue
[2025-12-08T08:41:33.430+0000] {logging_mixin.py:190} INFO - [2025-12-08T08:41:33.429+0000] {dagbag.py:587} INFO - Filling up the DagBag from /home/airflow/.local/lib/python3.12/site-packages/airflow/example_dags/example_branch_day_of_week_operator.py
[2025-12-08T08:41:33.445+0000] {processor.py:925} INFO - DAG(s) 'example_weekday_branch_operator' retrieved from /home/airflow/.local/lib/python3.12/site-packages/airflow/example_dags/example_branch_day_of_week_operator.py
[2025-12-08T08:41:33.475+0000] {logging_mixin.py:190} INFO - [2025-12-08T08:41:33.475+0000] {dag.py:3211} INFO - Sync 1 DAGs
[2025-12-08T08:41:33.672+0000] {logging_mixin.py:190} INFO - [2025-12-08T08:41:33.671+0000] {dag.py:4138} INFO - Setting next_dagrun for example_weekday_branch_operator to 2025-12-07 00:00:00+00:00, run_after=2025-12-08 00:00:00+00:00
[2025-12-08T08:41:33.692+0000] {processor.py:208} INFO - Processing /home/airflow/.local/lib/python3.12/site-packages/airflow/example_dags/example_branch_day_of_week_operator.py took 0.277 seconds
[2025-12-08T08:42:03.904+0000] {processor.py:186} INFO - Started process (PID=9432) to work on /home/airflow/.local/lib/python3.12/site-packages/airflow/example_dags/example_branch_day_of_week_operator.py
[2025-12-08T08:42:03.906+0000] {processor.py:914} INFO - Processing file /home/airflow/.local/lib/python3.12/site-packages/airflow/example_dags/example_branch_day_of_week_operator.py for tasks to queue
[2025-12-08T08:42:03.910+0000] {logging_mixin.py:190} INFO - [2025-12-08T08:42:03.909+0000] {dagbag.py:587} INFO - Filling up the DagBag from /home/airflow/.local/lib/python3.12/site-packages/airflow/example_dags/example_branch_day_of_week_operator.py
[2025-12-08T08:42:03.921+0000] {processor.py:925} INFO - DAG(s) 'example_weekday_branch_operator' retrieved from /home/airflow/.local/lib/python3.12/site-packages/airflow/example_dags/example_branch_day_of_week_operator.py
[2025-12-08T08:42:03.949+0000] {logging_mixin.py:190} INFO - [2025-12-08T08:42:03.949+0000] {dag.py:3211} INFO - Sync 1 DAGs
[2025-12-08T08:42:03.976+0000] {logging_mixin.py:190} INFO - [2025-12-08T08:42:03.976+0000] {dag.py:4138} INFO - Setting next_dagrun for example_weekday_branch_operator to 2025-12-07 00:00:00+00:00, run_after=2025-12-08 00:00:00+00:00
[2025-12-08T08:42:04.003+0000] {processor.py:208} INFO - Processing /home/airflow/.local/lib/python3.12/site-packages/airflow/example_dags/example_branch_day_of_week_operator.py took 0.105 seconds
[2025-12-08T08:42:34.546+0000] {processor.py:186} INFO - Started process (PID=9495) to work on /home/airflow/.local/lib/python3.12/site-packages/airflow/example_dags/example_branch_day_of_week_operator.py
[2025-12-08T08:42:34.548+0000] {processor.py:914} INFO - Processing file /home/airflow/.local/lib/python3.12/site-packages/airflow/example_dags/example_branch_day_of_week_operator.py for tasks to queue
[2025-12-08T08:42:34.551+0000] {logging_mixin.py:190} INFO - [2025-12-08T08:42:34.550+0000] {dagbag.py:587} INFO - Filling up the DagBag from /home/airflow/.local/lib/python3.12/site-packages/airflow/example_dags/example_branch_day_of_week_operator.py
[2025-12-08T08:42:34.561+0000] {processor.py:925} INFO - DAG(s) 'example_weekday_branch_operator' retrieved from /home/airflow/.local/lib/python3.12/site-packages/airflow/example_dags/example_branch_day_of_week_operator.py
[2025-12-08T08:42:34.587+0000] {logging_mixin.py:190} INFO - [2025-12-08T08:42:34.586+0000] {dag.py:3211} INFO - Sync 1 DAGs
[2025-12-08T08:42:34.615+0000] {logging_mixin.py:190} INFO - [2025-12-08T08:42:34.615+0000] {dag.py:4138} INFO - Setting next_dagrun for example_weekday_branch_operator to 2025-12-07 00:00:00+00:00, run_after=2025-12-08 00:00:00+00:00
[2025-12-08T08:42:34.638+0000] {processor.py:208} INFO - Processing /home/airflow/.local/lib/python3.12/site-packages/airflow/example_dags/example_branch_day_of_week_operator.py took 0.098 seconds
[2025-12-08T08:43:05.192+0000] {processor.py:186} INFO - Started process (PID=9558) to work on /home/airflow/.local/lib/python3.12/site-packages/airflow/example_dags/example_branch_day_of_week_operator.py
[2025-12-08T08:43:05.194+0000] {processor.py:914} INFO - Processing file /home/airflow/.local/lib/python3.12/site-packages/airflow/example_dags/example_branch_day_of_week_operator.py for tasks to queue
[2025-12-08T08:43:05.198+0000] {logging_mixin.py:190} INFO - [2025-12-08T08:43:05.197+0000] {dagbag.py:587} INFO - Filling up the DagBag from /home/airflow/.local/lib/python3.12/site-packages/airflow/example_dags/example_branch_day_of_week_operator.py
[2025-12-08T08:43:05.209+0000] {processor.py:925} INFO - DAG(s) 'example_weekday_branch_operator' retrieved from /home/airflow/.local/lib/python3.12/site-packages/airflow/example_dags/example_branch_day_of_week_operator.py
[2025-12-08T08:43:05.235+0000] {logging_mixin.py:190} INFO - [2025-12-08T08:43:05.235+0000] {dag.py:3211} INFO - Sync 1 DAGs
[2025-12-08T08:43:05.259+0000] {logging_mixin.py:190} INFO - [2025-12-08T08:43:05.259+0000] {dag.py:4138} INFO - Setting next_dagrun for example_weekday_branch_operator to 2025-12-07 00:00:00+00:00, run_after=2025-12-08 00:00:00+00:00
[2025-12-08T08:43:05.281+0000] {processor.py:208} INFO - Processing /home/airflow/.local/lib/python3.12/site-packages/airflow/example_dags/example_branch_day_of_week_operator.py took 0.096 seconds
