[2025-12-08T07:00:42.772+0000] {processor.py:186} INFO - Started process (PID=117) to work on /home/airflow/.local/lib/python3.12/site-packages/airflow/example_dags/example_dataset_alias.py
[2025-12-08T07:00:42.777+0000] {processor.py:914} INFO - Processing file /home/airflow/.local/lib/python3.12/site-packages/airflow/example_dags/example_dataset_alias.py for tasks to queue
[2025-12-08T07:00:42.784+0000] {logging_mixin.py:190} INFO - [2025-12-08T07:00:42.782+0000] {dagbag.py:587} INFO - Filling up the DagBag from /home/airflow/.local/lib/python3.12/site-packages/airflow/example_dags/example_dataset_alias.py
[2025-12-08T07:00:43.180+0000] {processor.py:925} INFO - DAG(s) 'dataset_s3_bucket_consumer', 'dataset_alias_example_alias_consumer', 'dataset_alias_example_alias_producer', 'dataset_s3_bucket_producer' retrieved from /home/airflow/.local/lib/python3.12/site-packages/airflow/example_dags/example_dataset_alias.py
[2025-12-08T07:00:43.253+0000] {logging_mixin.py:190} INFO - [2025-12-08T07:00:43.253+0000] {dag.py:3211} INFO - Sync 4 DAGs
[2025-12-08T07:00:43.295+0000] {logging_mixin.py:190} INFO - [2025-12-08T07:00:43.295+0000] {dag.py:4138} INFO - Setting next_dagrun for dataset_alias_example_alias_consumer to None, run_after=None
[2025-12-08T07:00:43.302+0000] {logging_mixin.py:190} INFO - [2025-12-08T07:00:43.302+0000] {dag.py:4138} INFO - Setting next_dagrun for dataset_alias_example_alias_producer to None, run_after=None
[2025-12-08T07:00:43.307+0000] {logging_mixin.py:190} INFO - [2025-12-08T07:00:43.307+0000] {dag.py:4138} INFO - Setting next_dagrun for dataset_s3_bucket_consumer to None, run_after=None
[2025-12-08T07:00:43.311+0000] {logging_mixin.py:190} INFO - [2025-12-08T07:00:43.311+0000] {dag.py:4138} INFO - Setting next_dagrun for dataset_s3_bucket_producer to None, run_after=None
[2025-12-08T07:00:43.352+0000] {processor.py:208} INFO - Processing /home/airflow/.local/lib/python3.12/site-packages/airflow/example_dags/example_dataset_alias.py took 0.593 seconds
[2025-12-08T07:01:13.775+0000] {processor.py:186} INFO - Started process (PID=180) to work on /home/airflow/.local/lib/python3.12/site-packages/airflow/example_dags/example_dataset_alias.py
[2025-12-08T07:01:13.778+0000] {processor.py:914} INFO - Processing file /home/airflow/.local/lib/python3.12/site-packages/airflow/example_dags/example_dataset_alias.py for tasks to queue
[2025-12-08T07:01:13.784+0000] {logging_mixin.py:190} INFO - [2025-12-08T07:01:13.784+0000] {dagbag.py:587} INFO - Filling up the DagBag from /home/airflow/.local/lib/python3.12/site-packages/airflow/example_dags/example_dataset_alias.py
[2025-12-08T07:01:14.027+0000] {processor.py:925} INFO - DAG(s) 'dataset_s3_bucket_producer', 'dataset_s3_bucket_consumer', 'dataset_alias_example_alias_producer', 'dataset_alias_example_alias_consumer' retrieved from /home/airflow/.local/lib/python3.12/site-packages/airflow/example_dags/example_dataset_alias.py
[2025-12-08T07:01:14.070+0000] {logging_mixin.py:190} INFO - [2025-12-08T07:01:14.069+0000] {dag.py:3211} INFO - Sync 4 DAGs
[2025-12-08T07:01:14.102+0000] {logging_mixin.py:190} INFO - [2025-12-08T07:01:14.101+0000] {dag.py:4138} INFO - Setting next_dagrun for dataset_alias_example_alias_consumer to None, run_after=None
[2025-12-08T07:01:14.107+0000] {logging_mixin.py:190} INFO - [2025-12-08T07:01:14.107+0000] {dag.py:4138} INFO - Setting next_dagrun for dataset_alias_example_alias_producer to None, run_after=None
[2025-12-08T07:01:14.111+0000] {logging_mixin.py:190} INFO - [2025-12-08T07:01:14.111+0000] {dag.py:4138} INFO - Setting next_dagrun for dataset_s3_bucket_consumer to None, run_after=None
[2025-12-08T07:01:14.115+0000] {logging_mixin.py:190} INFO - [2025-12-08T07:01:14.114+0000] {dag.py:4138} INFO - Setting next_dagrun for dataset_s3_bucket_producer to None, run_after=None
[2025-12-08T07:01:14.154+0000] {processor.py:208} INFO - Processing /home/airflow/.local/lib/python3.12/site-packages/airflow/example_dags/example_dataset_alias.py took 0.387 seconds
[2025-12-08T07:01:44.630+0000] {processor.py:186} INFO - Started process (PID=241) to work on /home/airflow/.local/lib/python3.12/site-packages/airflow/example_dags/example_dataset_alias.py
[2025-12-08T07:01:44.633+0000] {processor.py:914} INFO - Processing file /home/airflow/.local/lib/python3.12/site-packages/airflow/example_dags/example_dataset_alias.py for tasks to queue
[2025-12-08T07:01:44.638+0000] {logging_mixin.py:190} INFO - [2025-12-08T07:01:44.637+0000] {dagbag.py:587} INFO - Filling up the DagBag from /home/airflow/.local/lib/python3.12/site-packages/airflow/example_dags/example_dataset_alias.py
[2025-12-08T07:01:44.944+0000] {processor.py:925} INFO - DAG(s) 'dataset_s3_bucket_producer', 'dataset_alias_example_alias_consumer', 'dataset_s3_bucket_consumer', 'dataset_alias_example_alias_producer' retrieved from /home/airflow/.local/lib/python3.12/site-packages/airflow/example_dags/example_dataset_alias.py
[2025-12-08T07:01:44.985+0000] {logging_mixin.py:190} INFO - [2025-12-08T07:01:44.985+0000] {dag.py:3211} INFO - Sync 4 DAGs
[2025-12-08T07:01:45.028+0000] {logging_mixin.py:190} INFO - [2025-12-08T07:01:45.028+0000] {dag.py:4138} INFO - Setting next_dagrun for dataset_alias_example_alias_consumer to None, run_after=None
[2025-12-08T07:01:45.034+0000] {logging_mixin.py:190} INFO - [2025-12-08T07:01:45.034+0000] {dag.py:4138} INFO - Setting next_dagrun for dataset_alias_example_alias_producer to None, run_after=None
[2025-12-08T07:01:45.040+0000] {logging_mixin.py:190} INFO - [2025-12-08T07:01:45.039+0000] {dag.py:4138} INFO - Setting next_dagrun for dataset_s3_bucket_consumer to None, run_after=None
[2025-12-08T07:01:45.049+0000] {logging_mixin.py:190} INFO - [2025-12-08T07:01:45.048+0000] {dag.py:4138} INFO - Setting next_dagrun for dataset_s3_bucket_producer to None, run_after=None
[2025-12-08T07:01:45.105+0000] {processor.py:208} INFO - Processing /home/airflow/.local/lib/python3.12/site-packages/airflow/example_dags/example_dataset_alias.py took 0.486 seconds
[2025-12-08T07:02:16.534+0000] {processor.py:186} INFO - Started process (PID=303) to work on /home/airflow/.local/lib/python3.12/site-packages/airflow/example_dags/example_dataset_alias.py
[2025-12-08T07:02:16.538+0000] {processor.py:914} INFO - Processing file /home/airflow/.local/lib/python3.12/site-packages/airflow/example_dags/example_dataset_alias.py for tasks to queue
[2025-12-08T07:02:16.547+0000] {logging_mixin.py:190} INFO - [2025-12-08T07:02:16.546+0000] {dagbag.py:587} INFO - Filling up the DagBag from /home/airflow/.local/lib/python3.12/site-packages/airflow/example_dags/example_dataset_alias.py
[2025-12-08T07:02:16.892+0000] {processor.py:925} INFO - DAG(s) 'dataset_s3_bucket_consumer', 'dataset_alias_example_alias_producer', 'dataset_alias_example_alias_consumer', 'dataset_s3_bucket_producer' retrieved from /home/airflow/.local/lib/python3.12/site-packages/airflow/example_dags/example_dataset_alias.py
[2025-12-08T07:02:16.947+0000] {logging_mixin.py:190} INFO - [2025-12-08T07:02:16.947+0000] {dag.py:3211} INFO - Sync 4 DAGs
[2025-12-08T07:02:16.985+0000] {logging_mixin.py:190} INFO - [2025-12-08T07:02:16.984+0000] {dag.py:4138} INFO - Setting next_dagrun for dataset_alias_example_alias_consumer to None, run_after=None
[2025-12-08T07:02:16.991+0000] {logging_mixin.py:190} INFO - [2025-12-08T07:02:16.991+0000] {dag.py:4138} INFO - Setting next_dagrun for dataset_alias_example_alias_producer to None, run_after=None
[2025-12-08T07:02:16.997+0000] {logging_mixin.py:190} INFO - [2025-12-08T07:02:16.996+0000] {dag.py:4138} INFO - Setting next_dagrun for dataset_s3_bucket_consumer to None, run_after=None
[2025-12-08T07:02:17.001+0000] {logging_mixin.py:190} INFO - [2025-12-08T07:02:17.001+0000] {dag.py:4138} INFO - Setting next_dagrun for dataset_s3_bucket_producer to None, run_after=None
[2025-12-08T07:02:17.069+0000] {processor.py:208} INFO - Processing /home/airflow/.local/lib/python3.12/site-packages/airflow/example_dags/example_dataset_alias.py took 0.546 seconds
[2025-12-08T07:02:47.324+0000] {processor.py:186} INFO - Started process (PID=365) to work on /home/airflow/.local/lib/python3.12/site-packages/airflow/example_dags/example_dataset_alias.py
[2025-12-08T07:02:47.326+0000] {processor.py:914} INFO - Processing file /home/airflow/.local/lib/python3.12/site-packages/airflow/example_dags/example_dataset_alias.py for tasks to queue
[2025-12-08T07:02:47.330+0000] {logging_mixin.py:190} INFO - [2025-12-08T07:02:47.329+0000] {dagbag.py:587} INFO - Filling up the DagBag from /home/airflow/.local/lib/python3.12/site-packages/airflow/example_dags/example_dataset_alias.py
[2025-12-08T07:02:47.577+0000] {processor.py:925} INFO - DAG(s) 'dataset_alias_example_alias_producer', 'dataset_alias_example_alias_consumer', 'dataset_s3_bucket_consumer', 'dataset_s3_bucket_producer' retrieved from /home/airflow/.local/lib/python3.12/site-packages/airflow/example_dags/example_dataset_alias.py
[2025-12-08T07:02:47.613+0000] {logging_mixin.py:190} INFO - [2025-12-08T07:02:47.613+0000] {dag.py:3211} INFO - Sync 4 DAGs
[2025-12-08T07:02:47.655+0000] {logging_mixin.py:190} INFO - [2025-12-08T07:02:47.654+0000] {dag.py:4138} INFO - Setting next_dagrun for dataset_alias_example_alias_consumer to None, run_after=None
[2025-12-08T07:02:47.660+0000] {logging_mixin.py:190} INFO - [2025-12-08T07:02:47.660+0000] {dag.py:4138} INFO - Setting next_dagrun for dataset_alias_example_alias_producer to None, run_after=None
[2025-12-08T07:02:47.664+0000] {logging_mixin.py:190} INFO - [2025-12-08T07:02:47.663+0000] {dag.py:4138} INFO - Setting next_dagrun for dataset_s3_bucket_consumer to None, run_after=None
[2025-12-08T07:02:47.666+0000] {logging_mixin.py:190} INFO - [2025-12-08T07:02:47.666+0000] {dag.py:4138} INFO - Setting next_dagrun for dataset_s3_bucket_producer to None, run_after=None
[2025-12-08T07:02:47.709+0000] {processor.py:208} INFO - Processing /home/airflow/.local/lib/python3.12/site-packages/airflow/example_dags/example_dataset_alias.py took 0.397 seconds
[2025-12-08T07:03:17.982+0000] {processor.py:186} INFO - Started process (PID=428) to work on /home/airflow/.local/lib/python3.12/site-packages/airflow/example_dags/example_dataset_alias.py
[2025-12-08T07:03:17.985+0000] {processor.py:914} INFO - Processing file /home/airflow/.local/lib/python3.12/site-packages/airflow/example_dags/example_dataset_alias.py for tasks to queue
[2025-12-08T07:03:17.990+0000] {logging_mixin.py:190} INFO - [2025-12-08T07:03:17.990+0000] {dagbag.py:587} INFO - Filling up the DagBag from /home/airflow/.local/lib/python3.12/site-packages/airflow/example_dags/example_dataset_alias.py
[2025-12-08T07:03:18.275+0000] {processor.py:925} INFO - DAG(s) 'dataset_s3_bucket_producer', 'dataset_s3_bucket_consumer', 'dataset_alias_example_alias_consumer', 'dataset_alias_example_alias_producer' retrieved from /home/airflow/.local/lib/python3.12/site-packages/airflow/example_dags/example_dataset_alias.py
[2025-12-08T07:03:18.320+0000] {logging_mixin.py:190} INFO - [2025-12-08T07:03:18.319+0000] {dag.py:3211} INFO - Sync 4 DAGs
[2025-12-08T07:03:18.373+0000] {logging_mixin.py:190} INFO - [2025-12-08T07:03:18.369+0000] {dag.py:4138} INFO - Setting next_dagrun for dataset_alias_example_alias_consumer to None, run_after=None
[2025-12-08T07:03:18.378+0000] {logging_mixin.py:190} INFO - [2025-12-08T07:03:18.377+0000] {dag.py:4138} INFO - Setting next_dagrun for dataset_alias_example_alias_producer to None, run_after=None
[2025-12-08T07:03:18.382+0000] {logging_mixin.py:190} INFO - [2025-12-08T07:03:18.381+0000] {dag.py:4138} INFO - Setting next_dagrun for dataset_s3_bucket_consumer to None, run_after=None
[2025-12-08T07:03:18.386+0000] {logging_mixin.py:190} INFO - [2025-12-08T07:03:18.385+0000] {dag.py:4138} INFO - Setting next_dagrun for dataset_s3_bucket_producer to None, run_after=None
[2025-12-08T07:03:18.431+0000] {processor.py:208} INFO - Processing /home/airflow/.local/lib/python3.12/site-packages/airflow/example_dags/example_dataset_alias.py took 0.458 seconds
[2025-12-08T07:03:48.775+0000] {processor.py:186} INFO - Started process (PID=493) to work on /home/airflow/.local/lib/python3.12/site-packages/airflow/example_dags/example_dataset_alias.py
[2025-12-08T07:03:48.777+0000] {processor.py:914} INFO - Processing file /home/airflow/.local/lib/python3.12/site-packages/airflow/example_dags/example_dataset_alias.py for tasks to queue
[2025-12-08T07:03:48.783+0000] {logging_mixin.py:190} INFO - [2025-12-08T07:03:48.783+0000] {dagbag.py:587} INFO - Filling up the DagBag from /home/airflow/.local/lib/python3.12/site-packages/airflow/example_dags/example_dataset_alias.py
[2025-12-08T07:03:49.081+0000] {processor.py:925} INFO - DAG(s) 'dataset_s3_bucket_consumer', 'dataset_alias_example_alias_producer', 'dataset_alias_example_alias_consumer', 'dataset_s3_bucket_producer' retrieved from /home/airflow/.local/lib/python3.12/site-packages/airflow/example_dags/example_dataset_alias.py
[2025-12-08T07:03:49.122+0000] {logging_mixin.py:190} INFO - [2025-12-08T07:03:49.121+0000] {dag.py:3211} INFO - Sync 4 DAGs
[2025-12-08T07:03:49.155+0000] {logging_mixin.py:190} INFO - [2025-12-08T07:03:49.155+0000] {dag.py:4138} INFO - Setting next_dagrun for dataset_alias_example_alias_consumer to None, run_after=None
[2025-12-08T07:03:49.160+0000] {logging_mixin.py:190} INFO - [2025-12-08T07:03:49.159+0000] {dag.py:4138} INFO - Setting next_dagrun for dataset_alias_example_alias_producer to None, run_after=None
[2025-12-08T07:03:49.163+0000] {logging_mixin.py:190} INFO - [2025-12-08T07:03:49.163+0000] {dag.py:4138} INFO - Setting next_dagrun for dataset_s3_bucket_consumer to None, run_after=None
[2025-12-08T07:03:49.167+0000] {logging_mixin.py:190} INFO - [2025-12-08T07:03:49.166+0000] {dag.py:4138} INFO - Setting next_dagrun for dataset_s3_bucket_producer to None, run_after=None
[2025-12-08T07:03:49.212+0000] {processor.py:208} INFO - Processing /home/airflow/.local/lib/python3.12/site-packages/airflow/example_dags/example_dataset_alias.py took 0.445 seconds
[2025-12-08T07:04:20.099+0000] {processor.py:186} INFO - Started process (PID=555) to work on /home/airflow/.local/lib/python3.12/site-packages/airflow/example_dags/example_dataset_alias.py
[2025-12-08T07:04:20.100+0000] {processor.py:914} INFO - Processing file /home/airflow/.local/lib/python3.12/site-packages/airflow/example_dags/example_dataset_alias.py for tasks to queue
[2025-12-08T07:04:20.105+0000] {logging_mixin.py:190} INFO - [2025-12-08T07:04:20.104+0000] {dagbag.py:587} INFO - Filling up the DagBag from /home/airflow/.local/lib/python3.12/site-packages/airflow/example_dags/example_dataset_alias.py
[2025-12-08T07:04:20.329+0000] {processor.py:925} INFO - DAG(s) 'dataset_s3_bucket_consumer', 'dataset_alias_example_alias_producer', 'dataset_s3_bucket_producer', 'dataset_alias_example_alias_consumer' retrieved from /home/airflow/.local/lib/python3.12/site-packages/airflow/example_dags/example_dataset_alias.py
[2025-12-08T07:04:20.371+0000] {logging_mixin.py:190} INFO - [2025-12-08T07:04:20.370+0000] {dag.py:3211} INFO - Sync 4 DAGs
[2025-12-08T07:04:20.410+0000] {logging_mixin.py:190} INFO - [2025-12-08T07:04:20.410+0000] {dag.py:4138} INFO - Setting next_dagrun for dataset_alias_example_alias_consumer to None, run_after=None
[2025-12-08T07:04:20.416+0000] {logging_mixin.py:190} INFO - [2025-12-08T07:04:20.416+0000] {dag.py:4138} INFO - Setting next_dagrun for dataset_alias_example_alias_producer to None, run_after=None
[2025-12-08T07:04:20.421+0000] {logging_mixin.py:190} INFO - [2025-12-08T07:04:20.420+0000] {dag.py:4138} INFO - Setting next_dagrun for dataset_s3_bucket_consumer to None, run_after=None
[2025-12-08T07:04:20.426+0000] {logging_mixin.py:190} INFO - [2025-12-08T07:04:20.426+0000] {dag.py:4138} INFO - Setting next_dagrun for dataset_s3_bucket_producer to None, run_after=None
[2025-12-08T07:04:20.481+0000] {processor.py:208} INFO - Processing /home/airflow/.local/lib/python3.12/site-packages/airflow/example_dags/example_dataset_alias.py took 0.392 seconds
[2025-12-08T07:04:50.817+0000] {processor.py:186} INFO - Started process (PID=617) to work on /home/airflow/.local/lib/python3.12/site-packages/airflow/example_dags/example_dataset_alias.py
[2025-12-08T07:04:50.819+0000] {processor.py:914} INFO - Processing file /home/airflow/.local/lib/python3.12/site-packages/airflow/example_dags/example_dataset_alias.py for tasks to queue
[2025-12-08T07:04:50.825+0000] {logging_mixin.py:190} INFO - [2025-12-08T07:04:50.824+0000] {dagbag.py:587} INFO - Filling up the DagBag from /home/airflow/.local/lib/python3.12/site-packages/airflow/example_dags/example_dataset_alias.py
[2025-12-08T07:04:51.164+0000] {processor.py:925} INFO - DAG(s) 'dataset_s3_bucket_consumer', 'dataset_s3_bucket_producer', 'dataset_alias_example_alias_consumer', 'dataset_alias_example_alias_producer' retrieved from /home/airflow/.local/lib/python3.12/site-packages/airflow/example_dags/example_dataset_alias.py
[2025-12-08T07:04:51.252+0000] {logging_mixin.py:190} INFO - [2025-12-08T07:04:51.251+0000] {dag.py:3211} INFO - Sync 4 DAGs
[2025-12-08T07:04:51.304+0000] {logging_mixin.py:190} INFO - [2025-12-08T07:04:51.303+0000] {dag.py:4138} INFO - Setting next_dagrun for dataset_alias_example_alias_consumer to None, run_after=None
[2025-12-08T07:04:51.310+0000] {logging_mixin.py:190} INFO - [2025-12-08T07:04:51.309+0000] {dag.py:4138} INFO - Setting next_dagrun for dataset_alias_example_alias_producer to None, run_after=None
[2025-12-08T07:04:51.314+0000] {logging_mixin.py:190} INFO - [2025-12-08T07:04:51.313+0000] {dag.py:4138} INFO - Setting next_dagrun for dataset_s3_bucket_consumer to None, run_after=None
[2025-12-08T07:04:51.317+0000] {logging_mixin.py:190} INFO - [2025-12-08T07:04:51.317+0000] {dag.py:4138} INFO - Setting next_dagrun for dataset_s3_bucket_producer to None, run_after=None
[2025-12-08T07:04:51.382+0000] {processor.py:208} INFO - Processing /home/airflow/.local/lib/python3.12/site-packages/airflow/example_dags/example_dataset_alias.py took 0.578 seconds
[2025-12-08T07:05:21.642+0000] {processor.py:186} INFO - Started process (PID=678) to work on /home/airflow/.local/lib/python3.12/site-packages/airflow/example_dags/example_dataset_alias.py
[2025-12-08T07:05:21.644+0000] {processor.py:914} INFO - Processing file /home/airflow/.local/lib/python3.12/site-packages/airflow/example_dags/example_dataset_alias.py for tasks to queue
[2025-12-08T07:05:21.649+0000] {logging_mixin.py:190} INFO - [2025-12-08T07:05:21.649+0000] {dagbag.py:587} INFO - Filling up the DagBag from /home/airflow/.local/lib/python3.12/site-packages/airflow/example_dags/example_dataset_alias.py
[2025-12-08T07:05:21.991+0000] {processor.py:925} INFO - DAG(s) 'dataset_alias_example_alias_producer', 'dataset_s3_bucket_producer', 'dataset_alias_example_alias_consumer', 'dataset_s3_bucket_consumer' retrieved from /home/airflow/.local/lib/python3.12/site-packages/airflow/example_dags/example_dataset_alias.py
[2025-12-08T07:05:22.030+0000] {logging_mixin.py:190} INFO - [2025-12-08T07:05:22.029+0000] {dag.py:3211} INFO - Sync 4 DAGs
[2025-12-08T07:05:22.069+0000] {logging_mixin.py:190} INFO - [2025-12-08T07:05:22.069+0000] {dag.py:4138} INFO - Setting next_dagrun for dataset_alias_example_alias_consumer to None, run_after=None
[2025-12-08T07:05:22.075+0000] {logging_mixin.py:190} INFO - [2025-12-08T07:05:22.075+0000] {dag.py:4138} INFO - Setting next_dagrun for dataset_alias_example_alias_producer to None, run_after=None
[2025-12-08T07:05:22.079+0000] {logging_mixin.py:190} INFO - [2025-12-08T07:05:22.079+0000] {dag.py:4138} INFO - Setting next_dagrun for dataset_s3_bucket_consumer to None, run_after=None
[2025-12-08T07:05:22.082+0000] {logging_mixin.py:190} INFO - [2025-12-08T07:05:22.082+0000] {dag.py:4138} INFO - Setting next_dagrun for dataset_s3_bucket_producer to None, run_after=None
[2025-12-08T07:05:22.119+0000] {processor.py:208} INFO - Processing /home/airflow/.local/lib/python3.12/site-packages/airflow/example_dags/example_dataset_alias.py took 0.488 seconds
[2025-12-08T07:07:43.290+0000] {processor.py:186} INFO - Started process (PID=111) to work on /home/airflow/.local/lib/python3.12/site-packages/airflow/example_dags/example_dataset_alias.py
[2025-12-08T07:07:43.302+0000] {processor.py:914} INFO - Processing file /home/airflow/.local/lib/python3.12/site-packages/airflow/example_dags/example_dataset_alias.py for tasks to queue
[2025-12-08T07:07:43.326+0000] {logging_mixin.py:190} INFO - [2025-12-08T07:07:43.325+0000] {dagbag.py:587} INFO - Filling up the DagBag from /home/airflow/.local/lib/python3.12/site-packages/airflow/example_dags/example_dataset_alias.py
[2025-12-08T07:07:43.737+0000] {processor.py:925} INFO - DAG(s) 'dataset_s3_bucket_consumer', 'dataset_alias_example_alias_consumer', 'dataset_alias_example_alias_producer', 'dataset_s3_bucket_producer' retrieved from /home/airflow/.local/lib/python3.12/site-packages/airflow/example_dags/example_dataset_alias.py
[2025-12-08T07:07:43.794+0000] {logging_mixin.py:190} INFO - [2025-12-08T07:07:43.794+0000] {dag.py:3211} INFO - Sync 4 DAGs
[2025-12-08T07:07:43.852+0000] {logging_mixin.py:190} INFO - [2025-12-08T07:07:43.852+0000] {dag.py:4138} INFO - Setting next_dagrun for dataset_alias_example_alias_consumer to None, run_after=None
[2025-12-08T07:07:43.866+0000] {logging_mixin.py:190} INFO - [2025-12-08T07:07:43.864+0000] {dag.py:4138} INFO - Setting next_dagrun for dataset_alias_example_alias_producer to None, run_after=None
[2025-12-08T07:07:43.872+0000] {logging_mixin.py:190} INFO - [2025-12-08T07:07:43.872+0000] {dag.py:4138} INFO - Setting next_dagrun for dataset_s3_bucket_consumer to None, run_after=None
[2025-12-08T07:07:43.876+0000] {logging_mixin.py:190} INFO - [2025-12-08T07:07:43.875+0000] {dag.py:4138} INFO - Setting next_dagrun for dataset_s3_bucket_producer to None, run_after=None
[2025-12-08T07:07:43.951+0000] {processor.py:208} INFO - Processing /home/airflow/.local/lib/python3.12/site-packages/airflow/example_dags/example_dataset_alias.py took 0.677 seconds
[2025-12-08T07:08:14.312+0000] {processor.py:186} INFO - Started process (PID=174) to work on /home/airflow/.local/lib/python3.12/site-packages/airflow/example_dags/example_dataset_alias.py
[2025-12-08T07:08:14.315+0000] {processor.py:914} INFO - Processing file /home/airflow/.local/lib/python3.12/site-packages/airflow/example_dags/example_dataset_alias.py for tasks to queue
[2025-12-08T07:08:14.321+0000] {logging_mixin.py:190} INFO - [2025-12-08T07:08:14.321+0000] {dagbag.py:587} INFO - Filling up the DagBag from /home/airflow/.local/lib/python3.12/site-packages/airflow/example_dags/example_dataset_alias.py
[2025-12-08T07:08:14.701+0000] {processor.py:925} INFO - DAG(s) 'dataset_s3_bucket_consumer', 'dataset_s3_bucket_producer', 'dataset_alias_example_alias_producer', 'dataset_alias_example_alias_consumer' retrieved from /home/airflow/.local/lib/python3.12/site-packages/airflow/example_dags/example_dataset_alias.py
[2025-12-08T07:08:14.762+0000] {logging_mixin.py:190} INFO - [2025-12-08T07:08:14.761+0000] {dag.py:3211} INFO - Sync 4 DAGs
[2025-12-08T07:08:14.830+0000] {logging_mixin.py:190} INFO - [2025-12-08T07:08:14.829+0000] {dag.py:4138} INFO - Setting next_dagrun for dataset_alias_example_alias_consumer to None, run_after=None
[2025-12-08T07:08:14.841+0000] {logging_mixin.py:190} INFO - [2025-12-08T07:08:14.840+0000] {dag.py:4138} INFO - Setting next_dagrun for dataset_alias_example_alias_producer to None, run_after=None
[2025-12-08T07:08:14.847+0000] {logging_mixin.py:190} INFO - [2025-12-08T07:08:14.847+0000] {dag.py:4138} INFO - Setting next_dagrun for dataset_s3_bucket_consumer to None, run_after=None
[2025-12-08T07:08:14.853+0000] {logging_mixin.py:190} INFO - [2025-12-08T07:08:14.853+0000] {dag.py:4138} INFO - Setting next_dagrun for dataset_s3_bucket_producer to None, run_after=None
[2025-12-08T07:08:14.928+0000] {processor.py:208} INFO - Processing /home/airflow/.local/lib/python3.12/site-packages/airflow/example_dags/example_dataset_alias.py took 0.632 seconds
[2025-12-08T07:08:45.805+0000] {processor.py:186} INFO - Started process (PID=237) to work on /home/airflow/.local/lib/python3.12/site-packages/airflow/example_dags/example_dataset_alias.py
[2025-12-08T07:08:45.807+0000] {processor.py:914} INFO - Processing file /home/airflow/.local/lib/python3.12/site-packages/airflow/example_dags/example_dataset_alias.py for tasks to queue
[2025-12-08T07:08:45.810+0000] {logging_mixin.py:190} INFO - [2025-12-08T07:08:45.809+0000] {dagbag.py:587} INFO - Filling up the DagBag from /home/airflow/.local/lib/python3.12/site-packages/airflow/example_dags/example_dataset_alias.py
[2025-12-08T07:08:45.948+0000] {processor.py:925} INFO - DAG(s) 'dataset_alias_example_alias_consumer', 'dataset_s3_bucket_producer', 'dataset_s3_bucket_consumer', 'dataset_alias_example_alias_producer' retrieved from /home/airflow/.local/lib/python3.12/site-packages/airflow/example_dags/example_dataset_alias.py
[2025-12-08T07:08:45.973+0000] {logging_mixin.py:190} INFO - [2025-12-08T07:08:45.973+0000] {dag.py:3211} INFO - Sync 4 DAGs
[2025-12-08T07:08:45.995+0000] {logging_mixin.py:190} INFO - [2025-12-08T07:08:45.995+0000] {dag.py:4138} INFO - Setting next_dagrun for dataset_alias_example_alias_consumer to None, run_after=None
[2025-12-08T07:08:45.998+0000] {logging_mixin.py:190} INFO - [2025-12-08T07:08:45.998+0000] {dag.py:4138} INFO - Setting next_dagrun for dataset_alias_example_alias_producer to None, run_after=None
[2025-12-08T07:08:46.000+0000] {logging_mixin.py:190} INFO - [2025-12-08T07:08:46.000+0000] {dag.py:4138} INFO - Setting next_dagrun for dataset_s3_bucket_consumer to None, run_after=None
[2025-12-08T07:08:46.003+0000] {logging_mixin.py:190} INFO - [2025-12-08T07:08:46.003+0000] {dag.py:4138} INFO - Setting next_dagrun for dataset_s3_bucket_producer to None, run_after=None
[2025-12-08T07:08:46.030+0000] {processor.py:208} INFO - Processing /home/airflow/.local/lib/python3.12/site-packages/airflow/example_dags/example_dataset_alias.py took 0.233 seconds
[2025-12-08T07:09:16.361+0000] {processor.py:186} INFO - Started process (PID=299) to work on /home/airflow/.local/lib/python3.12/site-packages/airflow/example_dags/example_dataset_alias.py
[2025-12-08T07:09:16.363+0000] {processor.py:914} INFO - Processing file /home/airflow/.local/lib/python3.12/site-packages/airflow/example_dags/example_dataset_alias.py for tasks to queue
[2025-12-08T07:09:16.366+0000] {logging_mixin.py:190} INFO - [2025-12-08T07:09:16.366+0000] {dagbag.py:587} INFO - Filling up the DagBag from /home/airflow/.local/lib/python3.12/site-packages/airflow/example_dags/example_dataset_alias.py
[2025-12-08T07:09:16.508+0000] {processor.py:925} INFO - DAG(s) 'dataset_alias_example_alias_consumer', 'dataset_alias_example_alias_producer', 'dataset_s3_bucket_producer', 'dataset_s3_bucket_consumer' retrieved from /home/airflow/.local/lib/python3.12/site-packages/airflow/example_dags/example_dataset_alias.py
[2025-12-08T07:09:16.532+0000] {logging_mixin.py:190} INFO - [2025-12-08T07:09:16.532+0000] {dag.py:3211} INFO - Sync 4 DAGs
[2025-12-08T07:09:16.555+0000] {logging_mixin.py:190} INFO - [2025-12-08T07:09:16.554+0000] {dag.py:4138} INFO - Setting next_dagrun for dataset_alias_example_alias_consumer to None, run_after=None
[2025-12-08T07:09:16.558+0000] {logging_mixin.py:190} INFO - [2025-12-08T07:09:16.558+0000] {dag.py:4138} INFO - Setting next_dagrun for dataset_alias_example_alias_producer to None, run_after=None
[2025-12-08T07:09:16.561+0000] {logging_mixin.py:190} INFO - [2025-12-08T07:09:16.561+0000] {dag.py:4138} INFO - Setting next_dagrun for dataset_s3_bucket_consumer to None, run_after=None
[2025-12-08T07:09:16.564+0000] {logging_mixin.py:190} INFO - [2025-12-08T07:09:16.563+0000] {dag.py:4138} INFO - Setting next_dagrun for dataset_s3_bucket_producer to None, run_after=None
[2025-12-08T07:09:16.589+0000] {processor.py:208} INFO - Processing /home/airflow/.local/lib/python3.12/site-packages/airflow/example_dags/example_dataset_alias.py took 0.233 seconds
[2025-12-08T07:09:47.293+0000] {processor.py:186} INFO - Started process (PID=361) to work on /home/airflow/.local/lib/python3.12/site-packages/airflow/example_dags/example_dataset_alias.py
[2025-12-08T07:09:47.294+0000] {processor.py:914} INFO - Processing file /home/airflow/.local/lib/python3.12/site-packages/airflow/example_dags/example_dataset_alias.py for tasks to queue
[2025-12-08T07:09:47.299+0000] {logging_mixin.py:190} INFO - [2025-12-08T07:09:47.298+0000] {dagbag.py:587} INFO - Filling up the DagBag from /home/airflow/.local/lib/python3.12/site-packages/airflow/example_dags/example_dataset_alias.py
[2025-12-08T07:09:47.450+0000] {processor.py:925} INFO - DAG(s) 'dataset_s3_bucket_consumer', 'dataset_alias_example_alias_producer', 'dataset_alias_example_alias_consumer', 'dataset_s3_bucket_producer' retrieved from /home/airflow/.local/lib/python3.12/site-packages/airflow/example_dags/example_dataset_alias.py
[2025-12-08T07:09:47.479+0000] {logging_mixin.py:190} INFO - [2025-12-08T07:09:47.479+0000] {dag.py:3211} INFO - Sync 4 DAGs
[2025-12-08T07:09:47.504+0000] {logging_mixin.py:190} INFO - [2025-12-08T07:09:47.504+0000] {dag.py:4138} INFO - Setting next_dagrun for dataset_alias_example_alias_consumer to None, run_after=None
[2025-12-08T07:09:47.508+0000] {logging_mixin.py:190} INFO - [2025-12-08T07:09:47.508+0000] {dag.py:4138} INFO - Setting next_dagrun for dataset_alias_example_alias_producer to None, run_after=None
[2025-12-08T07:09:47.510+0000] {logging_mixin.py:190} INFO - [2025-12-08T07:09:47.510+0000] {dag.py:4138} INFO - Setting next_dagrun for dataset_s3_bucket_consumer to None, run_after=None
[2025-12-08T07:09:47.512+0000] {logging_mixin.py:190} INFO - [2025-12-08T07:09:47.512+0000] {dag.py:4138} INFO - Setting next_dagrun for dataset_s3_bucket_producer to None, run_after=None
[2025-12-08T07:09:47.540+0000] {processor.py:208} INFO - Processing /home/airflow/.local/lib/python3.12/site-packages/airflow/example_dags/example_dataset_alias.py took 0.255 seconds
[2025-12-08T07:10:17.932+0000] {processor.py:186} INFO - Started process (PID=423) to work on /home/airflow/.local/lib/python3.12/site-packages/airflow/example_dags/example_dataset_alias.py
[2025-12-08T07:10:17.934+0000] {processor.py:914} INFO - Processing file /home/airflow/.local/lib/python3.12/site-packages/airflow/example_dags/example_dataset_alias.py for tasks to queue
[2025-12-08T07:10:17.937+0000] {logging_mixin.py:190} INFO - [2025-12-08T07:10:17.937+0000] {dagbag.py:587} INFO - Filling up the DagBag from /home/airflow/.local/lib/python3.12/site-packages/airflow/example_dags/example_dataset_alias.py
[2025-12-08T07:10:18.079+0000] {processor.py:925} INFO - DAG(s) 'dataset_s3_bucket_producer', 'dataset_s3_bucket_consumer', 'dataset_alias_example_alias_producer', 'dataset_alias_example_alias_consumer' retrieved from /home/airflow/.local/lib/python3.12/site-packages/airflow/example_dags/example_dataset_alias.py
[2025-12-08T07:10:18.104+0000] {logging_mixin.py:190} INFO - [2025-12-08T07:10:18.104+0000] {dag.py:3211} INFO - Sync 4 DAGs
[2025-12-08T07:10:18.126+0000] {logging_mixin.py:190} INFO - [2025-12-08T07:10:18.126+0000] {dag.py:4138} INFO - Setting next_dagrun for dataset_alias_example_alias_consumer to None, run_after=None
[2025-12-08T07:10:18.129+0000] {logging_mixin.py:190} INFO - [2025-12-08T07:10:18.129+0000] {dag.py:4138} INFO - Setting next_dagrun for dataset_alias_example_alias_producer to None, run_after=None
[2025-12-08T07:10:18.131+0000] {logging_mixin.py:190} INFO - [2025-12-08T07:10:18.131+0000] {dag.py:4138} INFO - Setting next_dagrun for dataset_s3_bucket_consumer to None, run_after=None
[2025-12-08T07:10:18.133+0000] {logging_mixin.py:190} INFO - [2025-12-08T07:10:18.132+0000] {dag.py:4138} INFO - Setting next_dagrun for dataset_s3_bucket_producer to None, run_after=None
[2025-12-08T07:10:18.159+0000] {processor.py:208} INFO - Processing /home/airflow/.local/lib/python3.12/site-packages/airflow/example_dags/example_dataset_alias.py took 0.231 seconds
[2025-12-08T07:10:48.356+0000] {processor.py:186} INFO - Started process (PID=485) to work on /home/airflow/.local/lib/python3.12/site-packages/airflow/example_dags/example_dataset_alias.py
[2025-12-08T07:10:48.358+0000] {processor.py:914} INFO - Processing file /home/airflow/.local/lib/python3.12/site-packages/airflow/example_dags/example_dataset_alias.py for tasks to queue
[2025-12-08T07:10:48.361+0000] {logging_mixin.py:190} INFO - [2025-12-08T07:10:48.361+0000] {dagbag.py:587} INFO - Filling up the DagBag from /home/airflow/.local/lib/python3.12/site-packages/airflow/example_dags/example_dataset_alias.py
[2025-12-08T07:10:48.505+0000] {processor.py:925} INFO - DAG(s) 'dataset_s3_bucket_producer', 'dataset_alias_example_alias_consumer', 'dataset_alias_example_alias_producer', 'dataset_s3_bucket_consumer' retrieved from /home/airflow/.local/lib/python3.12/site-packages/airflow/example_dags/example_dataset_alias.py
[2025-12-08T07:10:48.530+0000] {logging_mixin.py:190} INFO - [2025-12-08T07:10:48.530+0000] {dag.py:3211} INFO - Sync 4 DAGs
[2025-12-08T07:10:48.552+0000] {logging_mixin.py:190} INFO - [2025-12-08T07:10:48.552+0000] {dag.py:4138} INFO - Setting next_dagrun for dataset_alias_example_alias_consumer to None, run_after=None
[2025-12-08T07:10:48.555+0000] {logging_mixin.py:190} INFO - [2025-12-08T07:10:48.555+0000] {dag.py:4138} INFO - Setting next_dagrun for dataset_alias_example_alias_producer to None, run_after=None
[2025-12-08T07:10:48.557+0000] {logging_mixin.py:190} INFO - [2025-12-08T07:10:48.557+0000] {dag.py:4138} INFO - Setting next_dagrun for dataset_s3_bucket_consumer to None, run_after=None
[2025-12-08T07:10:48.559+0000] {logging_mixin.py:190} INFO - [2025-12-08T07:10:48.558+0000] {dag.py:4138} INFO - Setting next_dagrun for dataset_s3_bucket_producer to None, run_after=None
[2025-12-08T07:10:48.587+0000] {processor.py:208} INFO - Processing /home/airflow/.local/lib/python3.12/site-packages/airflow/example_dags/example_dataset_alias.py took 0.238 seconds
[2025-12-08T07:11:18.649+0000] {processor.py:186} INFO - Started process (PID=547) to work on /home/airflow/.local/lib/python3.12/site-packages/airflow/example_dags/example_dataset_alias.py
[2025-12-08T07:11:18.651+0000] {processor.py:914} INFO - Processing file /home/airflow/.local/lib/python3.12/site-packages/airflow/example_dags/example_dataset_alias.py for tasks to queue
[2025-12-08T07:11:18.654+0000] {logging_mixin.py:190} INFO - [2025-12-08T07:11:18.654+0000] {dagbag.py:587} INFO - Filling up the DagBag from /home/airflow/.local/lib/python3.12/site-packages/airflow/example_dags/example_dataset_alias.py
[2025-12-08T07:11:18.805+0000] {processor.py:925} INFO - DAG(s) 'dataset_s3_bucket_consumer', 'dataset_alias_example_alias_consumer', 'dataset_alias_example_alias_producer', 'dataset_s3_bucket_producer' retrieved from /home/airflow/.local/lib/python3.12/site-packages/airflow/example_dags/example_dataset_alias.py
[2025-12-08T07:11:18.827+0000] {logging_mixin.py:190} INFO - [2025-12-08T07:11:18.827+0000] {dag.py:3211} INFO - Sync 4 DAGs
[2025-12-08T07:11:18.852+0000] {logging_mixin.py:190} INFO - [2025-12-08T07:11:18.851+0000] {dag.py:4138} INFO - Setting next_dagrun for dataset_alias_example_alias_consumer to None, run_after=None
[2025-12-08T07:11:18.855+0000] {logging_mixin.py:190} INFO - [2025-12-08T07:11:18.855+0000] {dag.py:4138} INFO - Setting next_dagrun for dataset_alias_example_alias_producer to None, run_after=None
[2025-12-08T07:11:18.857+0000] {logging_mixin.py:190} INFO - [2025-12-08T07:11:18.857+0000] {dag.py:4138} INFO - Setting next_dagrun for dataset_s3_bucket_consumer to None, run_after=None
[2025-12-08T07:11:18.859+0000] {logging_mixin.py:190} INFO - [2025-12-08T07:11:18.859+0000] {dag.py:4138} INFO - Setting next_dagrun for dataset_s3_bucket_producer to None, run_after=None
[2025-12-08T07:11:18.886+0000] {processor.py:208} INFO - Processing /home/airflow/.local/lib/python3.12/site-packages/airflow/example_dags/example_dataset_alias.py took 0.243 seconds
[2025-12-08T07:11:49.001+0000] {processor.py:186} INFO - Started process (PID=609) to work on /home/airflow/.local/lib/python3.12/site-packages/airflow/example_dags/example_dataset_alias.py
[2025-12-08T07:11:49.004+0000] {processor.py:914} INFO - Processing file /home/airflow/.local/lib/python3.12/site-packages/airflow/example_dags/example_dataset_alias.py for tasks to queue
[2025-12-08T07:11:49.009+0000] {logging_mixin.py:190} INFO - [2025-12-08T07:11:49.008+0000] {dagbag.py:587} INFO - Filling up the DagBag from /home/airflow/.local/lib/python3.12/site-packages/airflow/example_dags/example_dataset_alias.py
[2025-12-08T07:11:49.162+0000] {processor.py:925} INFO - DAG(s) 'dataset_s3_bucket_consumer', 'dataset_alias_example_alias_consumer', 'dataset_s3_bucket_producer', 'dataset_alias_example_alias_producer' retrieved from /home/airflow/.local/lib/python3.12/site-packages/airflow/example_dags/example_dataset_alias.py
[2025-12-08T07:11:49.187+0000] {logging_mixin.py:190} INFO - [2025-12-08T07:11:49.186+0000] {dag.py:3211} INFO - Sync 4 DAGs
[2025-12-08T07:11:49.208+0000] {logging_mixin.py:190} INFO - [2025-12-08T07:11:49.208+0000] {dag.py:4138} INFO - Setting next_dagrun for dataset_alias_example_alias_consumer to None, run_after=None
[2025-12-08T07:11:49.211+0000] {logging_mixin.py:190} INFO - [2025-12-08T07:11:49.211+0000] {dag.py:4138} INFO - Setting next_dagrun for dataset_alias_example_alias_producer to None, run_after=None
[2025-12-08T07:11:49.215+0000] {logging_mixin.py:190} INFO - [2025-12-08T07:11:49.214+0000] {dag.py:4138} INFO - Setting next_dagrun for dataset_s3_bucket_consumer to None, run_after=None
[2025-12-08T07:11:49.217+0000] {logging_mixin.py:190} INFO - [2025-12-08T07:11:49.217+0000] {dag.py:4138} INFO - Setting next_dagrun for dataset_s3_bucket_producer to None, run_after=None
[2025-12-08T07:11:49.241+0000] {processor.py:208} INFO - Processing /home/airflow/.local/lib/python3.12/site-packages/airflow/example_dags/example_dataset_alias.py took 0.248 seconds
[2025-12-08T07:12:19.298+0000] {processor.py:186} INFO - Started process (PID=672) to work on /home/airflow/.local/lib/python3.12/site-packages/airflow/example_dags/example_dataset_alias.py
[2025-12-08T07:12:19.300+0000] {processor.py:914} INFO - Processing file /home/airflow/.local/lib/python3.12/site-packages/airflow/example_dags/example_dataset_alias.py for tasks to queue
[2025-12-08T07:12:19.303+0000] {logging_mixin.py:190} INFO - [2025-12-08T07:12:19.302+0000] {dagbag.py:587} INFO - Filling up the DagBag from /home/airflow/.local/lib/python3.12/site-packages/airflow/example_dags/example_dataset_alias.py
[2025-12-08T07:12:19.448+0000] {processor.py:925} INFO - DAG(s) 'dataset_s3_bucket_producer', 'dataset_s3_bucket_consumer', 'dataset_alias_example_alias_producer', 'dataset_alias_example_alias_consumer' retrieved from /home/airflow/.local/lib/python3.12/site-packages/airflow/example_dags/example_dataset_alias.py
[2025-12-08T07:12:19.472+0000] {logging_mixin.py:190} INFO - [2025-12-08T07:12:19.472+0000] {dag.py:3211} INFO - Sync 4 DAGs
[2025-12-08T07:12:19.495+0000] {logging_mixin.py:190} INFO - [2025-12-08T07:12:19.494+0000] {dag.py:4138} INFO - Setting next_dagrun for dataset_alias_example_alias_consumer to None, run_after=None
[2025-12-08T07:12:19.498+0000] {logging_mixin.py:190} INFO - [2025-12-08T07:12:19.498+0000] {dag.py:4138} INFO - Setting next_dagrun for dataset_alias_example_alias_producer to None, run_after=None
[2025-12-08T07:12:19.500+0000] {logging_mixin.py:190} INFO - [2025-12-08T07:12:19.500+0000] {dag.py:4138} INFO - Setting next_dagrun for dataset_s3_bucket_consumer to None, run_after=None
[2025-12-08T07:12:19.502+0000] {logging_mixin.py:190} INFO - [2025-12-08T07:12:19.502+0000] {dag.py:4138} INFO - Setting next_dagrun for dataset_s3_bucket_producer to None, run_after=None
[2025-12-08T07:12:19.531+0000] {processor.py:208} INFO - Processing /home/airflow/.local/lib/python3.12/site-packages/airflow/example_dags/example_dataset_alias.py took 0.240 seconds
[2025-12-08T07:12:50.029+0000] {processor.py:186} INFO - Started process (PID=734) to work on /home/airflow/.local/lib/python3.12/site-packages/airflow/example_dags/example_dataset_alias.py
[2025-12-08T07:12:50.031+0000] {processor.py:914} INFO - Processing file /home/airflow/.local/lib/python3.12/site-packages/airflow/example_dags/example_dataset_alias.py for tasks to queue
[2025-12-08T07:12:50.034+0000] {logging_mixin.py:190} INFO - [2025-12-08T07:12:50.033+0000] {dagbag.py:587} INFO - Filling up the DagBag from /home/airflow/.local/lib/python3.12/site-packages/airflow/example_dags/example_dataset_alias.py
[2025-12-08T07:12:50.178+0000] {processor.py:925} INFO - DAG(s) 'dataset_alias_example_alias_consumer', 'dataset_s3_bucket_producer', 'dataset_alias_example_alias_producer', 'dataset_s3_bucket_consumer' retrieved from /home/airflow/.local/lib/python3.12/site-packages/airflow/example_dags/example_dataset_alias.py
[2025-12-08T07:12:50.202+0000] {logging_mixin.py:190} INFO - [2025-12-08T07:12:50.201+0000] {dag.py:3211} INFO - Sync 4 DAGs
[2025-12-08T07:12:50.224+0000] {logging_mixin.py:190} INFO - [2025-12-08T07:12:50.224+0000] {dag.py:4138} INFO - Setting next_dagrun for dataset_alias_example_alias_consumer to None, run_after=None
[2025-12-08T07:12:50.228+0000] {logging_mixin.py:190} INFO - [2025-12-08T07:12:50.227+0000] {dag.py:4138} INFO - Setting next_dagrun for dataset_alias_example_alias_producer to None, run_after=None
[2025-12-08T07:12:50.230+0000] {logging_mixin.py:190} INFO - [2025-12-08T07:12:50.229+0000] {dag.py:4138} INFO - Setting next_dagrun for dataset_s3_bucket_consumer to None, run_after=None
[2025-12-08T07:12:50.232+0000] {logging_mixin.py:190} INFO - [2025-12-08T07:12:50.231+0000] {dag.py:4138} INFO - Setting next_dagrun for dataset_s3_bucket_producer to None, run_after=None
[2025-12-08T07:12:50.258+0000] {processor.py:208} INFO - Processing /home/airflow/.local/lib/python3.12/site-packages/airflow/example_dags/example_dataset_alias.py took 0.235 seconds
[2025-12-08T07:13:20.308+0000] {processor.py:186} INFO - Started process (PID=796) to work on /home/airflow/.local/lib/python3.12/site-packages/airflow/example_dags/example_dataset_alias.py
[2025-12-08T07:13:20.311+0000] {processor.py:914} INFO - Processing file /home/airflow/.local/lib/python3.12/site-packages/airflow/example_dags/example_dataset_alias.py for tasks to queue
[2025-12-08T07:13:20.316+0000] {logging_mixin.py:190} INFO - [2025-12-08T07:13:20.316+0000] {dagbag.py:587} INFO - Filling up the DagBag from /home/airflow/.local/lib/python3.12/site-packages/airflow/example_dags/example_dataset_alias.py
[2025-12-08T07:13:20.487+0000] {processor.py:925} INFO - DAG(s) 'dataset_alias_example_alias_consumer', 'dataset_alias_example_alias_producer', 'dataset_s3_bucket_consumer', 'dataset_s3_bucket_producer' retrieved from /home/airflow/.local/lib/python3.12/site-packages/airflow/example_dags/example_dataset_alias.py
[2025-12-08T07:13:20.518+0000] {logging_mixin.py:190} INFO - [2025-12-08T07:13:20.518+0000] {dag.py:3211} INFO - Sync 4 DAGs
[2025-12-08T07:13:20.542+0000] {logging_mixin.py:190} INFO - [2025-12-08T07:13:20.541+0000] {dag.py:4138} INFO - Setting next_dagrun for dataset_alias_example_alias_consumer to None, run_after=None
[2025-12-08T07:13:20.545+0000] {logging_mixin.py:190} INFO - [2025-12-08T07:13:20.545+0000] {dag.py:4138} INFO - Setting next_dagrun for dataset_alias_example_alias_producer to None, run_after=None
[2025-12-08T07:13:20.548+0000] {logging_mixin.py:190} INFO - [2025-12-08T07:13:20.548+0000] {dag.py:4138} INFO - Setting next_dagrun for dataset_s3_bucket_consumer to None, run_after=None
[2025-12-08T07:13:20.551+0000] {logging_mixin.py:190} INFO - [2025-12-08T07:13:20.551+0000] {dag.py:4138} INFO - Setting next_dagrun for dataset_s3_bucket_producer to None, run_after=None
[2025-12-08T07:13:20.583+0000] {processor.py:208} INFO - Processing /home/airflow/.local/lib/python3.12/site-packages/airflow/example_dags/example_dataset_alias.py took 0.282 seconds
[2025-12-08T07:13:50.926+0000] {processor.py:186} INFO - Started process (PID=858) to work on /home/airflow/.local/lib/python3.12/site-packages/airflow/example_dags/example_dataset_alias.py
[2025-12-08T07:13:50.928+0000] {processor.py:914} INFO - Processing file /home/airflow/.local/lib/python3.12/site-packages/airflow/example_dags/example_dataset_alias.py for tasks to queue
[2025-12-08T07:13:50.933+0000] {logging_mixin.py:190} INFO - [2025-12-08T07:13:50.932+0000] {dagbag.py:587} INFO - Filling up the DagBag from /home/airflow/.local/lib/python3.12/site-packages/airflow/example_dags/example_dataset_alias.py
[2025-12-08T07:13:51.287+0000] {processor.py:925} INFO - DAG(s) 'dataset_s3_bucket_consumer', 'dataset_alias_example_alias_producer', 'dataset_alias_example_alias_consumer', 'dataset_s3_bucket_producer' retrieved from /home/airflow/.local/lib/python3.12/site-packages/airflow/example_dags/example_dataset_alias.py
[2025-12-08T07:13:51.343+0000] {logging_mixin.py:190} INFO - [2025-12-08T07:13:51.343+0000] {dag.py:3211} INFO - Sync 4 DAGs
[2025-12-08T07:13:51.407+0000] {logging_mixin.py:190} INFO - [2025-12-08T07:13:51.406+0000] {dag.py:4138} INFO - Setting next_dagrun for dataset_alias_example_alias_consumer to None, run_after=None
[2025-12-08T07:13:51.413+0000] {logging_mixin.py:190} INFO - [2025-12-08T07:13:51.413+0000] {dag.py:4138} INFO - Setting next_dagrun for dataset_alias_example_alias_producer to None, run_after=None
[2025-12-08T07:13:51.418+0000] {logging_mixin.py:190} INFO - [2025-12-08T07:13:51.417+0000] {dag.py:4138} INFO - Setting next_dagrun for dataset_s3_bucket_consumer to None, run_after=None
[2025-12-08T07:13:51.423+0000] {logging_mixin.py:190} INFO - [2025-12-08T07:13:51.422+0000] {dag.py:4138} INFO - Setting next_dagrun for dataset_s3_bucket_producer to None, run_after=None
[2025-12-08T07:13:51.483+0000] {processor.py:208} INFO - Processing /home/airflow/.local/lib/python3.12/site-packages/airflow/example_dags/example_dataset_alias.py took 0.567 seconds
[2025-12-08T07:14:21.644+0000] {processor.py:186} INFO - Started process (PID=922) to work on /home/airflow/.local/lib/python3.12/site-packages/airflow/example_dags/example_dataset_alias.py
[2025-12-08T07:14:21.646+0000] {processor.py:914} INFO - Processing file /home/airflow/.local/lib/python3.12/site-packages/airflow/example_dags/example_dataset_alias.py for tasks to queue
[2025-12-08T07:14:21.650+0000] {logging_mixin.py:190} INFO - [2025-12-08T07:14:21.649+0000] {dagbag.py:587} INFO - Filling up the DagBag from /home/airflow/.local/lib/python3.12/site-packages/airflow/example_dags/example_dataset_alias.py
[2025-12-08T07:14:21.807+0000] {processor.py:925} INFO - DAG(s) 'dataset_alias_example_alias_producer', 'dataset_alias_example_alias_consumer', 'dataset_s3_bucket_consumer', 'dataset_s3_bucket_producer' retrieved from /home/airflow/.local/lib/python3.12/site-packages/airflow/example_dags/example_dataset_alias.py
[2025-12-08T07:14:21.826+0000] {logging_mixin.py:190} INFO - [2025-12-08T07:14:21.826+0000] {dag.py:3211} INFO - Sync 4 DAGs
[2025-12-08T07:14:21.846+0000] {logging_mixin.py:190} INFO - [2025-12-08T07:14:21.846+0000] {dag.py:4138} INFO - Setting next_dagrun for dataset_alias_example_alias_consumer to None, run_after=None
[2025-12-08T07:14:21.850+0000] {logging_mixin.py:190} INFO - [2025-12-08T07:14:21.850+0000] {dag.py:4138} INFO - Setting next_dagrun for dataset_alias_example_alias_producer to None, run_after=None
[2025-12-08T07:14:21.852+0000] {logging_mixin.py:190} INFO - [2025-12-08T07:14:21.852+0000] {dag.py:4138} INFO - Setting next_dagrun for dataset_s3_bucket_consumer to None, run_after=None
[2025-12-08T07:14:21.854+0000] {logging_mixin.py:190} INFO - [2025-12-08T07:14:21.854+0000] {dag.py:4138} INFO - Setting next_dagrun for dataset_s3_bucket_producer to None, run_after=None
[2025-12-08T07:14:21.876+0000] {processor.py:208} INFO - Processing /home/airflow/.local/lib/python3.12/site-packages/airflow/example_dags/example_dataset_alias.py took 0.240 seconds
[2025-12-08T07:14:52.811+0000] {processor.py:186} INFO - Started process (PID=984) to work on /home/airflow/.local/lib/python3.12/site-packages/airflow/example_dags/example_dataset_alias.py
[2025-12-08T07:14:52.814+0000] {processor.py:914} INFO - Processing file /home/airflow/.local/lib/python3.12/site-packages/airflow/example_dags/example_dataset_alias.py for tasks to queue
[2025-12-08T07:14:52.818+0000] {logging_mixin.py:190} INFO - [2025-12-08T07:14:52.818+0000] {dagbag.py:587} INFO - Filling up the DagBag from /home/airflow/.local/lib/python3.12/site-packages/airflow/example_dags/example_dataset_alias.py
[2025-12-08T07:14:52.967+0000] {processor.py:925} INFO - DAG(s) 'dataset_s3_bucket_consumer', 'dataset_s3_bucket_producer', 'dataset_alias_example_alias_consumer', 'dataset_alias_example_alias_producer' retrieved from /home/airflow/.local/lib/python3.12/site-packages/airflow/example_dags/example_dataset_alias.py
[2025-12-08T07:14:52.991+0000] {logging_mixin.py:190} INFO - [2025-12-08T07:14:52.990+0000] {dag.py:3211} INFO - Sync 4 DAGs
[2025-12-08T07:14:53.013+0000] {logging_mixin.py:190} INFO - [2025-12-08T07:14:53.013+0000] {dag.py:4138} INFO - Setting next_dagrun for dataset_alias_example_alias_consumer to None, run_after=None
[2025-12-08T07:14:53.017+0000] {logging_mixin.py:190} INFO - [2025-12-08T07:14:53.016+0000] {dag.py:4138} INFO - Setting next_dagrun for dataset_alias_example_alias_producer to None, run_after=None
[2025-12-08T07:14:53.019+0000] {logging_mixin.py:190} INFO - [2025-12-08T07:14:53.019+0000] {dag.py:4138} INFO - Setting next_dagrun for dataset_s3_bucket_consumer to None, run_after=None
[2025-12-08T07:14:53.021+0000] {logging_mixin.py:190} INFO - [2025-12-08T07:14:53.021+0000] {dag.py:4138} INFO - Setting next_dagrun for dataset_s3_bucket_producer to None, run_after=None
[2025-12-08T07:14:53.047+0000] {processor.py:208} INFO - Processing /home/airflow/.local/lib/python3.12/site-packages/airflow/example_dags/example_dataset_alias.py took 0.244 seconds
[2025-12-08T07:15:23.940+0000] {processor.py:186} INFO - Started process (PID=1046) to work on /home/airflow/.local/lib/python3.12/site-packages/airflow/example_dags/example_dataset_alias.py
[2025-12-08T07:15:23.942+0000] {processor.py:914} INFO - Processing file /home/airflow/.local/lib/python3.12/site-packages/airflow/example_dags/example_dataset_alias.py for tasks to queue
[2025-12-08T07:15:23.945+0000] {logging_mixin.py:190} INFO - [2025-12-08T07:15:23.945+0000] {dagbag.py:587} INFO - Filling up the DagBag from /home/airflow/.local/lib/python3.12/site-packages/airflow/example_dags/example_dataset_alias.py
[2025-12-08T07:15:24.086+0000] {processor.py:925} INFO - DAG(s) 'dataset_alias_example_alias_producer', 'dataset_alias_example_alias_consumer', 'dataset_s3_bucket_producer', 'dataset_s3_bucket_consumer' retrieved from /home/airflow/.local/lib/python3.12/site-packages/airflow/example_dags/example_dataset_alias.py
[2025-12-08T07:15:24.111+0000] {logging_mixin.py:190} INFO - [2025-12-08T07:15:24.111+0000] {dag.py:3211} INFO - Sync 4 DAGs
[2025-12-08T07:15:24.133+0000] {logging_mixin.py:190} INFO - [2025-12-08T07:15:24.133+0000] {dag.py:4138} INFO - Setting next_dagrun for dataset_alias_example_alias_consumer to None, run_after=None
[2025-12-08T07:15:24.137+0000] {logging_mixin.py:190} INFO - [2025-12-08T07:15:24.137+0000] {dag.py:4138} INFO - Setting next_dagrun for dataset_alias_example_alias_producer to None, run_after=None
[2025-12-08T07:15:24.140+0000] {logging_mixin.py:190} INFO - [2025-12-08T07:15:24.139+0000] {dag.py:4138} INFO - Setting next_dagrun for dataset_s3_bucket_consumer to None, run_after=None
[2025-12-08T07:15:24.142+0000] {logging_mixin.py:190} INFO - [2025-12-08T07:15:24.142+0000] {dag.py:4138} INFO - Setting next_dagrun for dataset_s3_bucket_producer to None, run_after=None
[2025-12-08T07:15:24.170+0000] {processor.py:208} INFO - Processing /home/airflow/.local/lib/python3.12/site-packages/airflow/example_dags/example_dataset_alias.py took 0.235 seconds
[2025-12-08T07:15:54.349+0000] {processor.py:186} INFO - Started process (PID=1108) to work on /home/airflow/.local/lib/python3.12/site-packages/airflow/example_dags/example_dataset_alias.py
[2025-12-08T07:15:54.354+0000] {processor.py:914} INFO - Processing file /home/airflow/.local/lib/python3.12/site-packages/airflow/example_dags/example_dataset_alias.py for tasks to queue
[2025-12-08T07:15:54.360+0000] {logging_mixin.py:190} INFO - [2025-12-08T07:15:54.359+0000] {dagbag.py:587} INFO - Filling up the DagBag from /home/airflow/.local/lib/python3.12/site-packages/airflow/example_dags/example_dataset_alias.py
[2025-12-08T07:15:54.687+0000] {processor.py:925} INFO - DAG(s) 'dataset_s3_bucket_consumer', 'dataset_alias_example_alias_consumer', 'dataset_s3_bucket_producer', 'dataset_alias_example_alias_producer' retrieved from /home/airflow/.local/lib/python3.12/site-packages/airflow/example_dags/example_dataset_alias.py
[2025-12-08T07:15:54.748+0000] {logging_mixin.py:190} INFO - [2025-12-08T07:15:54.747+0000] {dag.py:3211} INFO - Sync 4 DAGs
[2025-12-08T07:15:54.799+0000] {logging_mixin.py:190} INFO - [2025-12-08T07:15:54.799+0000] {dag.py:4138} INFO - Setting next_dagrun for dataset_alias_example_alias_consumer to None, run_after=None
[2025-12-08T07:15:54.805+0000] {logging_mixin.py:190} INFO - [2025-12-08T07:15:54.805+0000] {dag.py:4138} INFO - Setting next_dagrun for dataset_alias_example_alias_producer to None, run_after=None
[2025-12-08T07:15:54.810+0000] {logging_mixin.py:190} INFO - [2025-12-08T07:15:54.810+0000] {dag.py:4138} INFO - Setting next_dagrun for dataset_s3_bucket_consumer to None, run_after=None
[2025-12-08T07:15:54.815+0000] {logging_mixin.py:190} INFO - [2025-12-08T07:15:54.814+0000] {dag.py:4138} INFO - Setting next_dagrun for dataset_s3_bucket_producer to None, run_after=None
[2025-12-08T07:15:54.868+0000] {processor.py:208} INFO - Processing /home/airflow/.local/lib/python3.12/site-packages/airflow/example_dags/example_dataset_alias.py took 0.531 seconds
[2025-12-08T07:16:24.992+0000] {processor.py:186} INFO - Started process (PID=1170) to work on /home/airflow/.local/lib/python3.12/site-packages/airflow/example_dags/example_dataset_alias.py
[2025-12-08T07:16:24.995+0000] {processor.py:914} INFO - Processing file /home/airflow/.local/lib/python3.12/site-packages/airflow/example_dags/example_dataset_alias.py for tasks to queue
[2025-12-08T07:16:25.000+0000] {logging_mixin.py:190} INFO - [2025-12-08T07:16:24.999+0000] {dagbag.py:587} INFO - Filling up the DagBag from /home/airflow/.local/lib/python3.12/site-packages/airflow/example_dags/example_dataset_alias.py
[2025-12-08T07:16:25.337+0000] {processor.py:925} INFO - DAG(s) 'dataset_alias_example_alias_consumer', 'dataset_s3_bucket_producer', 'dataset_alias_example_alias_producer', 'dataset_s3_bucket_consumer' retrieved from /home/airflow/.local/lib/python3.12/site-packages/airflow/example_dags/example_dataset_alias.py
[2025-12-08T07:16:25.391+0000] {logging_mixin.py:190} INFO - [2025-12-08T07:16:25.391+0000] {dag.py:3211} INFO - Sync 4 DAGs
[2025-12-08T07:16:25.433+0000] {logging_mixin.py:190} INFO - [2025-12-08T07:16:25.433+0000] {dag.py:4138} INFO - Setting next_dagrun for dataset_alias_example_alias_consumer to None, run_after=None
[2025-12-08T07:16:25.445+0000] {logging_mixin.py:190} INFO - [2025-12-08T07:16:25.445+0000] {dag.py:4138} INFO - Setting next_dagrun for dataset_alias_example_alias_producer to None, run_after=None
[2025-12-08T07:16:25.450+0000] {logging_mixin.py:190} INFO - [2025-12-08T07:16:25.449+0000] {dag.py:4138} INFO - Setting next_dagrun for dataset_s3_bucket_consumer to None, run_after=None
[2025-12-08T07:16:25.454+0000] {logging_mixin.py:190} INFO - [2025-12-08T07:16:25.454+0000] {dag.py:4138} INFO - Setting next_dagrun for dataset_s3_bucket_producer to None, run_after=None
[2025-12-08T07:16:25.508+0000] {processor.py:208} INFO - Processing /home/airflow/.local/lib/python3.12/site-packages/airflow/example_dags/example_dataset_alias.py took 0.532 seconds
[2025-12-08T07:16:55.629+0000] {processor.py:186} INFO - Started process (PID=1232) to work on /home/airflow/.local/lib/python3.12/site-packages/airflow/example_dags/example_dataset_alias.py
[2025-12-08T07:16:55.632+0000] {processor.py:914} INFO - Processing file /home/airflow/.local/lib/python3.12/site-packages/airflow/example_dags/example_dataset_alias.py for tasks to queue
[2025-12-08T07:16:55.639+0000] {logging_mixin.py:190} INFO - [2025-12-08T07:16:55.638+0000] {dagbag.py:587} INFO - Filling up the DagBag from /home/airflow/.local/lib/python3.12/site-packages/airflow/example_dags/example_dataset_alias.py
[2025-12-08T07:16:56.000+0000] {processor.py:925} INFO - DAG(s) 'dataset_alias_example_alias_producer', 'dataset_s3_bucket_consumer', 'dataset_alias_example_alias_consumer', 'dataset_s3_bucket_producer' retrieved from /home/airflow/.local/lib/python3.12/site-packages/airflow/example_dags/example_dataset_alias.py
[2025-12-08T07:16:56.053+0000] {logging_mixin.py:190} INFO - [2025-12-08T07:16:56.053+0000] {dag.py:3211} INFO - Sync 4 DAGs
[2025-12-08T07:16:56.111+0000] {logging_mixin.py:190} INFO - [2025-12-08T07:16:56.110+0000] {dag.py:4138} INFO - Setting next_dagrun for dataset_alias_example_alias_consumer to None, run_after=None
[2025-12-08T07:16:56.119+0000] {logging_mixin.py:190} INFO - [2025-12-08T07:16:56.119+0000] {dag.py:4138} INFO - Setting next_dagrun for dataset_alias_example_alias_producer to None, run_after=None
[2025-12-08T07:16:56.125+0000] {logging_mixin.py:190} INFO - [2025-12-08T07:16:56.124+0000] {dag.py:4138} INFO - Setting next_dagrun for dataset_s3_bucket_consumer to None, run_after=None
[2025-12-08T07:16:56.128+0000] {logging_mixin.py:190} INFO - [2025-12-08T07:16:56.127+0000] {dag.py:4138} INFO - Setting next_dagrun for dataset_s3_bucket_producer to None, run_after=None
[2025-12-08T07:16:56.183+0000] {processor.py:208} INFO - Processing /home/airflow/.local/lib/python3.12/site-packages/airflow/example_dags/example_dataset_alias.py took 0.572 seconds
[2025-12-08T07:17:26.443+0000] {processor.py:186} INFO - Started process (PID=1296) to work on /home/airflow/.local/lib/python3.12/site-packages/airflow/example_dags/example_dataset_alias.py
[2025-12-08T07:17:26.445+0000] {processor.py:914} INFO - Processing file /home/airflow/.local/lib/python3.12/site-packages/airflow/example_dags/example_dataset_alias.py for tasks to queue
[2025-12-08T07:17:26.455+0000] {logging_mixin.py:190} INFO - [2025-12-08T07:17:26.454+0000] {dagbag.py:587} INFO - Filling up the DagBag from /home/airflow/.local/lib/python3.12/site-packages/airflow/example_dags/example_dataset_alias.py
[2025-12-08T07:17:26.721+0000] {processor.py:925} INFO - DAG(s) 'dataset_s3_bucket_consumer', 'dataset_s3_bucket_producer', 'dataset_alias_example_alias_producer', 'dataset_alias_example_alias_consumer' retrieved from /home/airflow/.local/lib/python3.12/site-packages/airflow/example_dags/example_dataset_alias.py
[2025-12-08T07:17:26.773+0000] {logging_mixin.py:190} INFO - [2025-12-08T07:17:26.772+0000] {dag.py:3211} INFO - Sync 4 DAGs
[2025-12-08T07:17:26.815+0000] {logging_mixin.py:190} INFO - [2025-12-08T07:17:26.815+0000] {dag.py:4138} INFO - Setting next_dagrun for dataset_alias_example_alias_consumer to None, run_after=None
[2025-12-08T07:17:26.822+0000] {logging_mixin.py:190} INFO - [2025-12-08T07:17:26.822+0000] {dag.py:4138} INFO - Setting next_dagrun for dataset_alias_example_alias_producer to None, run_after=None
[2025-12-08T07:17:26.828+0000] {logging_mixin.py:190} INFO - [2025-12-08T07:17:26.827+0000] {dag.py:4138} INFO - Setting next_dagrun for dataset_s3_bucket_consumer to None, run_after=None
[2025-12-08T07:17:26.831+0000] {logging_mixin.py:190} INFO - [2025-12-08T07:17:26.831+0000] {dag.py:4138} INFO - Setting next_dagrun for dataset_s3_bucket_producer to None, run_after=None
[2025-12-08T07:17:26.878+0000] {processor.py:208} INFO - Processing /home/airflow/.local/lib/python3.12/site-packages/airflow/example_dags/example_dataset_alias.py took 0.450 seconds
[2025-12-08T07:17:57.680+0000] {processor.py:186} INFO - Started process (PID=1358) to work on /home/airflow/.local/lib/python3.12/site-packages/airflow/example_dags/example_dataset_alias.py
[2025-12-08T07:17:57.683+0000] {processor.py:914} INFO - Processing file /home/airflow/.local/lib/python3.12/site-packages/airflow/example_dags/example_dataset_alias.py for tasks to queue
[2025-12-08T07:17:57.692+0000] {logging_mixin.py:190} INFO - [2025-12-08T07:17:57.691+0000] {dagbag.py:587} INFO - Filling up the DagBag from /home/airflow/.local/lib/python3.12/site-packages/airflow/example_dags/example_dataset_alias.py
[2025-12-08T07:17:58.060+0000] {processor.py:925} INFO - DAG(s) 'dataset_s3_bucket_consumer', 'dataset_s3_bucket_producer', 'dataset_alias_example_alias_consumer', 'dataset_alias_example_alias_producer' retrieved from /home/airflow/.local/lib/python3.12/site-packages/airflow/example_dags/example_dataset_alias.py
[2025-12-08T07:17:58.139+0000] {logging_mixin.py:190} INFO - [2025-12-08T07:17:58.139+0000] {dag.py:3211} INFO - Sync 4 DAGs
[2025-12-08T07:17:58.209+0000] {logging_mixin.py:190} INFO - [2025-12-08T07:17:58.209+0000] {dag.py:4138} INFO - Setting next_dagrun for dataset_alias_example_alias_consumer to None, run_after=None
[2025-12-08T07:17:58.217+0000] {logging_mixin.py:190} INFO - [2025-12-08T07:17:58.216+0000] {dag.py:4138} INFO - Setting next_dagrun for dataset_alias_example_alias_producer to None, run_after=None
[2025-12-08T07:17:58.221+0000] {logging_mixin.py:190} INFO - [2025-12-08T07:17:58.221+0000] {dag.py:4138} INFO - Setting next_dagrun for dataset_s3_bucket_consumer to None, run_after=None
[2025-12-08T07:17:58.225+0000] {logging_mixin.py:190} INFO - [2025-12-08T07:17:58.225+0000] {dag.py:4138} INFO - Setting next_dagrun for dataset_s3_bucket_producer to None, run_after=None
[2025-12-08T07:17:58.285+0000] {processor.py:208} INFO - Processing /home/airflow/.local/lib/python3.12/site-packages/airflow/example_dags/example_dataset_alias.py took 0.623 seconds
[2025-12-08T07:18:28.778+0000] {processor.py:186} INFO - Started process (PID=1420) to work on /home/airflow/.local/lib/python3.12/site-packages/airflow/example_dags/example_dataset_alias.py
[2025-12-08T07:18:28.788+0000] {processor.py:914} INFO - Processing file /home/airflow/.local/lib/python3.12/site-packages/airflow/example_dags/example_dataset_alias.py for tasks to queue
[2025-12-08T07:18:28.799+0000] {logging_mixin.py:190} INFO - [2025-12-08T07:18:28.798+0000] {dagbag.py:587} INFO - Filling up the DagBag from /home/airflow/.local/lib/python3.12/site-packages/airflow/example_dags/example_dataset_alias.py
[2025-12-08T07:18:29.150+0000] {processor.py:925} INFO - DAG(s) 'dataset_alias_example_alias_producer', 'dataset_s3_bucket_producer', 'dataset_s3_bucket_consumer', 'dataset_alias_example_alias_consumer' retrieved from /home/airflow/.local/lib/python3.12/site-packages/airflow/example_dags/example_dataset_alias.py
[2025-12-08T07:18:29.204+0000] {logging_mixin.py:190} INFO - [2025-12-08T07:18:29.203+0000] {dag.py:3211} INFO - Sync 4 DAGs
[2025-12-08T07:18:29.250+0000] {logging_mixin.py:190} INFO - [2025-12-08T07:18:29.250+0000] {dag.py:4138} INFO - Setting next_dagrun for dataset_alias_example_alias_consumer to None, run_after=None
[2025-12-08T07:18:29.256+0000] {logging_mixin.py:190} INFO - [2025-12-08T07:18:29.256+0000] {dag.py:4138} INFO - Setting next_dagrun for dataset_alias_example_alias_producer to None, run_after=None
[2025-12-08T07:18:29.260+0000] {logging_mixin.py:190} INFO - [2025-12-08T07:18:29.260+0000] {dag.py:4138} INFO - Setting next_dagrun for dataset_s3_bucket_consumer to None, run_after=None
[2025-12-08T07:18:29.265+0000] {logging_mixin.py:190} INFO - [2025-12-08T07:18:29.264+0000] {dag.py:4138} INFO - Setting next_dagrun for dataset_s3_bucket_producer to None, run_after=None
[2025-12-08T07:18:29.308+0000] {processor.py:208} INFO - Processing /home/airflow/.local/lib/python3.12/site-packages/airflow/example_dags/example_dataset_alias.py took 0.567 seconds
[2025-12-08T07:18:59.463+0000] {processor.py:186} INFO - Started process (PID=1483) to work on /home/airflow/.local/lib/python3.12/site-packages/airflow/example_dags/example_dataset_alias.py
[2025-12-08T07:18:59.466+0000] {processor.py:914} INFO - Processing file /home/airflow/.local/lib/python3.12/site-packages/airflow/example_dags/example_dataset_alias.py for tasks to queue
[2025-12-08T07:18:59.476+0000] {logging_mixin.py:190} INFO - [2025-12-08T07:18:59.475+0000] {dagbag.py:587} INFO - Filling up the DagBag from /home/airflow/.local/lib/python3.12/site-packages/airflow/example_dags/example_dataset_alias.py
[2025-12-08T07:18:59.934+0000] {processor.py:925} INFO - DAG(s) 'dataset_s3_bucket_producer', 'dataset_alias_example_alias_consumer', 'dataset_s3_bucket_consumer', 'dataset_alias_example_alias_producer' retrieved from /home/airflow/.local/lib/python3.12/site-packages/airflow/example_dags/example_dataset_alias.py
[2025-12-08T07:19:00.006+0000] {logging_mixin.py:190} INFO - [2025-12-08T07:19:00.004+0000] {dag.py:3211} INFO - Sync 4 DAGs
[2025-12-08T07:19:00.065+0000] {logging_mixin.py:190} INFO - [2025-12-08T07:19:00.063+0000] {dag.py:4138} INFO - Setting next_dagrun for dataset_alias_example_alias_consumer to None, run_after=None
[2025-12-08T07:19:00.074+0000] {logging_mixin.py:190} INFO - [2025-12-08T07:19:00.074+0000] {dag.py:4138} INFO - Setting next_dagrun for dataset_alias_example_alias_producer to None, run_after=None
[2025-12-08T07:19:00.079+0000] {logging_mixin.py:190} INFO - [2025-12-08T07:19:00.078+0000] {dag.py:4138} INFO - Setting next_dagrun for dataset_s3_bucket_consumer to None, run_after=None
[2025-12-08T07:19:00.082+0000] {logging_mixin.py:190} INFO - [2025-12-08T07:19:00.082+0000] {dag.py:4138} INFO - Setting next_dagrun for dataset_s3_bucket_producer to None, run_after=None
[2025-12-08T07:19:00.134+0000] {processor.py:208} INFO - Processing /home/airflow/.local/lib/python3.12/site-packages/airflow/example_dags/example_dataset_alias.py took 0.690 seconds
[2025-12-08T07:19:30.493+0000] {processor.py:186} INFO - Started process (PID=1546) to work on /home/airflow/.local/lib/python3.12/site-packages/airflow/example_dags/example_dataset_alias.py
[2025-12-08T07:19:30.497+0000] {processor.py:914} INFO - Processing file /home/airflow/.local/lib/python3.12/site-packages/airflow/example_dags/example_dataset_alias.py for tasks to queue
[2025-12-08T07:19:30.504+0000] {logging_mixin.py:190} INFO - [2025-12-08T07:19:30.503+0000] {dagbag.py:587} INFO - Filling up the DagBag from /home/airflow/.local/lib/python3.12/site-packages/airflow/example_dags/example_dataset_alias.py
[2025-12-08T07:19:30.825+0000] {processor.py:925} INFO - DAG(s) 'dataset_alias_example_alias_producer', 'dataset_s3_bucket_producer', 'dataset_alias_example_alias_consumer', 'dataset_s3_bucket_consumer' retrieved from /home/airflow/.local/lib/python3.12/site-packages/airflow/example_dags/example_dataset_alias.py
[2025-12-08T07:19:30.882+0000] {logging_mixin.py:190} INFO - [2025-12-08T07:19:30.881+0000] {dag.py:3211} INFO - Sync 4 DAGs
[2025-12-08T07:19:30.928+0000] {logging_mixin.py:190} INFO - [2025-12-08T07:19:30.928+0000] {dag.py:4138} INFO - Setting next_dagrun for dataset_alias_example_alias_consumer to None, run_after=None
[2025-12-08T07:19:30.938+0000] {logging_mixin.py:190} INFO - [2025-12-08T07:19:30.937+0000] {dag.py:4138} INFO - Setting next_dagrun for dataset_alias_example_alias_producer to None, run_after=None
[2025-12-08T07:19:30.942+0000] {logging_mixin.py:190} INFO - [2025-12-08T07:19:30.941+0000] {dag.py:4138} INFO - Setting next_dagrun for dataset_s3_bucket_consumer to None, run_after=None
[2025-12-08T07:19:30.946+0000] {logging_mixin.py:190} INFO - [2025-12-08T07:19:30.946+0000] {dag.py:4138} INFO - Setting next_dagrun for dataset_s3_bucket_producer to None, run_after=None
[2025-12-08T07:19:31.003+0000] {processor.py:208} INFO - Processing /home/airflow/.local/lib/python3.12/site-packages/airflow/example_dags/example_dataset_alias.py took 0.523 seconds
[2025-12-08T07:20:01.130+0000] {processor.py:186} INFO - Started process (PID=1610) to work on /home/airflow/.local/lib/python3.12/site-packages/airflow/example_dags/example_dataset_alias.py
[2025-12-08T07:20:01.132+0000] {processor.py:914} INFO - Processing file /home/airflow/.local/lib/python3.12/site-packages/airflow/example_dags/example_dataset_alias.py for tasks to queue
[2025-12-08T07:20:01.139+0000] {logging_mixin.py:190} INFO - [2025-12-08T07:20:01.138+0000] {dagbag.py:587} INFO - Filling up the DagBag from /home/airflow/.local/lib/python3.12/site-packages/airflow/example_dags/example_dataset_alias.py
[2025-12-08T07:20:01.442+0000] {processor.py:925} INFO - DAG(s) 'dataset_alias_example_alias_producer', 'dataset_s3_bucket_consumer', 'dataset_alias_example_alias_consumer', 'dataset_s3_bucket_producer' retrieved from /home/airflow/.local/lib/python3.12/site-packages/airflow/example_dags/example_dataset_alias.py
[2025-12-08T07:20:01.498+0000] {logging_mixin.py:190} INFO - [2025-12-08T07:20:01.497+0000] {dag.py:3211} INFO - Sync 4 DAGs
[2025-12-08T07:20:01.544+0000] {logging_mixin.py:190} INFO - [2025-12-08T07:20:01.544+0000] {dag.py:4138} INFO - Setting next_dagrun for dataset_alias_example_alias_consumer to None, run_after=None
[2025-12-08T07:20:01.549+0000] {logging_mixin.py:190} INFO - [2025-12-08T07:20:01.549+0000] {dag.py:4138} INFO - Setting next_dagrun for dataset_alias_example_alias_producer to None, run_after=None
[2025-12-08T07:20:01.554+0000] {logging_mixin.py:190} INFO - [2025-12-08T07:20:01.553+0000] {dag.py:4138} INFO - Setting next_dagrun for dataset_s3_bucket_consumer to None, run_after=None
[2025-12-08T07:20:01.558+0000] {logging_mixin.py:190} INFO - [2025-12-08T07:20:01.557+0000] {dag.py:4138} INFO - Setting next_dagrun for dataset_s3_bucket_producer to None, run_after=None
[2025-12-08T07:20:01.602+0000] {processor.py:208} INFO - Processing /home/airflow/.local/lib/python3.12/site-packages/airflow/example_dags/example_dataset_alias.py took 0.486 seconds
[2025-12-08T07:20:31.795+0000] {processor.py:186} INFO - Started process (PID=1674) to work on /home/airflow/.local/lib/python3.12/site-packages/airflow/example_dags/example_dataset_alias.py
[2025-12-08T07:20:31.798+0000] {processor.py:914} INFO - Processing file /home/airflow/.local/lib/python3.12/site-packages/airflow/example_dags/example_dataset_alias.py for tasks to queue
[2025-12-08T07:20:31.806+0000] {logging_mixin.py:190} INFO - [2025-12-08T07:20:31.805+0000] {dagbag.py:587} INFO - Filling up the DagBag from /home/airflow/.local/lib/python3.12/site-packages/airflow/example_dags/example_dataset_alias.py
[2025-12-08T07:20:32.088+0000] {processor.py:925} INFO - DAG(s) 'dataset_alias_example_alias_producer', 'dataset_s3_bucket_producer', 'dataset_alias_example_alias_consumer', 'dataset_s3_bucket_consumer' retrieved from /home/airflow/.local/lib/python3.12/site-packages/airflow/example_dags/example_dataset_alias.py
[2025-12-08T07:20:32.128+0000] {logging_mixin.py:190} INFO - [2025-12-08T07:20:32.127+0000] {dag.py:3211} INFO - Sync 4 DAGs
[2025-12-08T07:20:32.189+0000] {logging_mixin.py:190} INFO - [2025-12-08T07:20:32.188+0000] {dag.py:4138} INFO - Setting next_dagrun for dataset_alias_example_alias_consumer to None, run_after=None
[2025-12-08T07:20:32.197+0000] {logging_mixin.py:190} INFO - [2025-12-08T07:20:32.196+0000] {dag.py:4138} INFO - Setting next_dagrun for dataset_alias_example_alias_producer to None, run_after=None
[2025-12-08T07:20:32.201+0000] {logging_mixin.py:190} INFO - [2025-12-08T07:20:32.201+0000] {dag.py:4138} INFO - Setting next_dagrun for dataset_s3_bucket_consumer to None, run_after=None
[2025-12-08T07:20:32.204+0000] {logging_mixin.py:190} INFO - [2025-12-08T07:20:32.203+0000] {dag.py:4138} INFO - Setting next_dagrun for dataset_s3_bucket_producer to None, run_after=None
[2025-12-08T07:20:32.529+0000] {processor.py:208} INFO - Processing /home/airflow/.local/lib/python3.12/site-packages/airflow/example_dags/example_dataset_alias.py took 0.747 seconds
[2025-12-08T07:21:03.281+0000] {processor.py:186} INFO - Started process (PID=1736) to work on /home/airflow/.local/lib/python3.12/site-packages/airflow/example_dags/example_dataset_alias.py
[2025-12-08T07:21:03.284+0000] {processor.py:914} INFO - Processing file /home/airflow/.local/lib/python3.12/site-packages/airflow/example_dags/example_dataset_alias.py for tasks to queue
[2025-12-08T07:21:03.291+0000] {logging_mixin.py:190} INFO - [2025-12-08T07:21:03.290+0000] {dagbag.py:587} INFO - Filling up the DagBag from /home/airflow/.local/lib/python3.12/site-packages/airflow/example_dags/example_dataset_alias.py
[2025-12-08T07:21:03.641+0000] {processor.py:925} INFO - DAG(s) 'dataset_s3_bucket_producer', 'dataset_s3_bucket_consumer', 'dataset_alias_example_alias_producer', 'dataset_alias_example_alias_consumer' retrieved from /home/airflow/.local/lib/python3.12/site-packages/airflow/example_dags/example_dataset_alias.py
[2025-12-08T07:21:03.694+0000] {logging_mixin.py:190} INFO - [2025-12-08T07:21:03.693+0000] {dag.py:3211} INFO - Sync 4 DAGs
[2025-12-08T07:21:03.745+0000] {logging_mixin.py:190} INFO - [2025-12-08T07:21:03.744+0000] {dag.py:4138} INFO - Setting next_dagrun for dataset_alias_example_alias_consumer to None, run_after=None
[2025-12-08T07:21:03.750+0000] {logging_mixin.py:190} INFO - [2025-12-08T07:21:03.750+0000] {dag.py:4138} INFO - Setting next_dagrun for dataset_alias_example_alias_producer to None, run_after=None
[2025-12-08T07:21:03.755+0000] {logging_mixin.py:190} INFO - [2025-12-08T07:21:03.754+0000] {dag.py:4138} INFO - Setting next_dagrun for dataset_s3_bucket_consumer to None, run_after=None
[2025-12-08T07:21:03.759+0000] {logging_mixin.py:190} INFO - [2025-12-08T07:21:03.758+0000] {dag.py:4138} INFO - Setting next_dagrun for dataset_s3_bucket_producer to None, run_after=None
[2025-12-08T07:21:03.813+0000] {processor.py:208} INFO - Processing /home/airflow/.local/lib/python3.12/site-packages/airflow/example_dags/example_dataset_alias.py took 0.547 seconds
[2025-12-08T07:21:34.081+0000] {processor.py:186} INFO - Started process (PID=1800) to work on /home/airflow/.local/lib/python3.12/site-packages/airflow/example_dags/example_dataset_alias.py
[2025-12-08T07:21:34.082+0000] {processor.py:914} INFO - Processing file /home/airflow/.local/lib/python3.12/site-packages/airflow/example_dags/example_dataset_alias.py for tasks to queue
[2025-12-08T07:21:34.088+0000] {logging_mixin.py:190} INFO - [2025-12-08T07:21:34.087+0000] {dagbag.py:587} INFO - Filling up the DagBag from /home/airflow/.local/lib/python3.12/site-packages/airflow/example_dags/example_dataset_alias.py
[2025-12-08T07:21:34.395+0000] {processor.py:925} INFO - DAG(s) 'dataset_alias_example_alias_producer', 'dataset_s3_bucket_consumer', 'dataset_alias_example_alias_consumer', 'dataset_s3_bucket_producer' retrieved from /home/airflow/.local/lib/python3.12/site-packages/airflow/example_dags/example_dataset_alias.py
[2025-12-08T07:21:34.452+0000] {logging_mixin.py:190} INFO - [2025-12-08T07:21:34.452+0000] {dag.py:3211} INFO - Sync 4 DAGs
[2025-12-08T07:21:34.519+0000] {logging_mixin.py:190} INFO - [2025-12-08T07:21:34.519+0000] {dag.py:4138} INFO - Setting next_dagrun for dataset_alias_example_alias_consumer to None, run_after=None
[2025-12-08T07:21:34.530+0000] {logging_mixin.py:190} INFO - [2025-12-08T07:21:34.528+0000] {dag.py:4138} INFO - Setting next_dagrun for dataset_alias_example_alias_producer to None, run_after=None
[2025-12-08T07:21:34.540+0000] {logging_mixin.py:190} INFO - [2025-12-08T07:21:34.540+0000] {dag.py:4138} INFO - Setting next_dagrun for dataset_s3_bucket_consumer to None, run_after=None
[2025-12-08T07:21:34.545+0000] {logging_mixin.py:190} INFO - [2025-12-08T07:21:34.544+0000] {dag.py:4138} INFO - Setting next_dagrun for dataset_s3_bucket_producer to None, run_after=None
[2025-12-08T07:21:34.597+0000] {processor.py:208} INFO - Processing /home/airflow/.local/lib/python3.12/site-packages/airflow/example_dags/example_dataset_alias.py took 0.525 seconds
[2025-12-08T07:22:04.747+0000] {processor.py:186} INFO - Started process (PID=1860) to work on /home/airflow/.local/lib/python3.12/site-packages/airflow/example_dags/example_dataset_alias.py
[2025-12-08T07:22:04.750+0000] {processor.py:914} INFO - Processing file /home/airflow/.local/lib/python3.12/site-packages/airflow/example_dags/example_dataset_alias.py for tasks to queue
[2025-12-08T07:22:04.756+0000] {logging_mixin.py:190} INFO - [2025-12-08T07:22:04.756+0000] {dagbag.py:587} INFO - Filling up the DagBag from /home/airflow/.local/lib/python3.12/site-packages/airflow/example_dags/example_dataset_alias.py
[2025-12-08T07:22:05.169+0000] {processor.py:925} INFO - DAG(s) 'dataset_s3_bucket_producer', 'dataset_alias_example_alias_producer', 'dataset_alias_example_alias_consumer', 'dataset_s3_bucket_consumer' retrieved from /home/airflow/.local/lib/python3.12/site-packages/airflow/example_dags/example_dataset_alias.py
[2025-12-08T07:22:05.222+0000] {logging_mixin.py:190} INFO - [2025-12-08T07:22:05.221+0000] {dag.py:3211} INFO - Sync 4 DAGs
[2025-12-08T07:22:05.278+0000] {logging_mixin.py:190} INFO - [2025-12-08T07:22:05.277+0000] {dag.py:4138} INFO - Setting next_dagrun for dataset_alias_example_alias_consumer to None, run_after=None
[2025-12-08T07:22:05.292+0000] {logging_mixin.py:190} INFO - [2025-12-08T07:22:05.292+0000] {dag.py:4138} INFO - Setting next_dagrun for dataset_alias_example_alias_producer to None, run_after=None
[2025-12-08T07:22:05.305+0000] {logging_mixin.py:190} INFO - [2025-12-08T07:22:05.304+0000] {dag.py:4138} INFO - Setting next_dagrun for dataset_s3_bucket_consumer to None, run_after=None
[2025-12-08T07:22:05.316+0000] {logging_mixin.py:190} INFO - [2025-12-08T07:22:05.313+0000] {dag.py:4138} INFO - Setting next_dagrun for dataset_s3_bucket_producer to None, run_after=None
[2025-12-08T07:22:05.370+0000] {processor.py:208} INFO - Processing /home/airflow/.local/lib/python3.12/site-packages/airflow/example_dags/example_dataset_alias.py took 0.641 seconds
[2025-12-08T07:22:35.644+0000] {processor.py:186} INFO - Started process (PID=1922) to work on /home/airflow/.local/lib/python3.12/site-packages/airflow/example_dags/example_dataset_alias.py
[2025-12-08T07:22:35.647+0000] {processor.py:914} INFO - Processing file /home/airflow/.local/lib/python3.12/site-packages/airflow/example_dags/example_dataset_alias.py for tasks to queue
[2025-12-08T07:22:35.651+0000] {logging_mixin.py:190} INFO - [2025-12-08T07:22:35.650+0000] {dagbag.py:587} INFO - Filling up the DagBag from /home/airflow/.local/lib/python3.12/site-packages/airflow/example_dags/example_dataset_alias.py
[2025-12-08T07:22:35.971+0000] {processor.py:925} INFO - DAG(s) 'dataset_s3_bucket_consumer', 'dataset_alias_example_alias_consumer', 'dataset_s3_bucket_producer', 'dataset_alias_example_alias_producer' retrieved from /home/airflow/.local/lib/python3.12/site-packages/airflow/example_dags/example_dataset_alias.py
[2025-12-08T07:22:36.029+0000] {logging_mixin.py:190} INFO - [2025-12-08T07:22:36.028+0000] {dag.py:3211} INFO - Sync 4 DAGs
[2025-12-08T07:22:36.429+0000] {logging_mixin.py:190} INFO - [2025-12-08T07:22:36.428+0000] {dag.py:4138} INFO - Setting next_dagrun for dataset_alias_example_alias_consumer to None, run_after=None
[2025-12-08T07:22:36.436+0000] {logging_mixin.py:190} INFO - [2025-12-08T07:22:36.435+0000] {dag.py:4138} INFO - Setting next_dagrun for dataset_alias_example_alias_producer to None, run_after=None
[2025-12-08T07:22:36.443+0000] {logging_mixin.py:190} INFO - [2025-12-08T07:22:36.442+0000] {dag.py:4138} INFO - Setting next_dagrun for dataset_s3_bucket_consumer to None, run_after=None
[2025-12-08T07:22:36.447+0000] {logging_mixin.py:190} INFO - [2025-12-08T07:22:36.447+0000] {dag.py:4138} INFO - Setting next_dagrun for dataset_s3_bucket_producer to None, run_after=None
[2025-12-08T07:22:36.513+0000] {processor.py:208} INFO - Processing /home/airflow/.local/lib/python3.12/site-packages/airflow/example_dags/example_dataset_alias.py took 0.879 seconds
[2025-12-08T07:23:06.610+0000] {processor.py:186} INFO - Started process (PID=1984) to work on /home/airflow/.local/lib/python3.12/site-packages/airflow/example_dags/example_dataset_alias.py
[2025-12-08T07:23:06.613+0000] {processor.py:914} INFO - Processing file /home/airflow/.local/lib/python3.12/site-packages/airflow/example_dags/example_dataset_alias.py for tasks to queue
[2025-12-08T07:23:06.618+0000] {logging_mixin.py:190} INFO - [2025-12-08T07:23:06.617+0000] {dagbag.py:587} INFO - Filling up the DagBag from /home/airflow/.local/lib/python3.12/site-packages/airflow/example_dags/example_dataset_alias.py
[2025-12-08T07:23:06.883+0000] {processor.py:925} INFO - DAG(s) 'dataset_s3_bucket_consumer', 'dataset_alias_example_alias_producer', 'dataset_alias_example_alias_consumer', 'dataset_s3_bucket_producer' retrieved from /home/airflow/.local/lib/python3.12/site-packages/airflow/example_dags/example_dataset_alias.py
[2025-12-08T07:23:06.924+0000] {logging_mixin.py:190} INFO - [2025-12-08T07:23:06.924+0000] {dag.py:3211} INFO - Sync 4 DAGs
[2025-12-08T07:23:07.298+0000] {logging_mixin.py:190} INFO - [2025-12-08T07:23:07.297+0000] {dag.py:4138} INFO - Setting next_dagrun for dataset_alias_example_alias_consumer to None, run_after=None
[2025-12-08T07:23:07.304+0000] {logging_mixin.py:190} INFO - [2025-12-08T07:23:07.304+0000] {dag.py:4138} INFO - Setting next_dagrun for dataset_alias_example_alias_producer to None, run_after=None
[2025-12-08T07:23:07.308+0000] {logging_mixin.py:190} INFO - [2025-12-08T07:23:07.307+0000] {dag.py:4138} INFO - Setting next_dagrun for dataset_s3_bucket_consumer to None, run_after=None
[2025-12-08T07:23:07.312+0000] {logging_mixin.py:190} INFO - [2025-12-08T07:23:07.311+0000] {dag.py:4138} INFO - Setting next_dagrun for dataset_s3_bucket_producer to None, run_after=None
[2025-12-08T07:23:07.367+0000] {processor.py:208} INFO - Processing /home/airflow/.local/lib/python3.12/site-packages/airflow/example_dags/example_dataset_alias.py took 0.771 seconds
[2025-12-08T07:23:37.559+0000] {processor.py:186} INFO - Started process (PID=2051) to work on /home/airflow/.local/lib/python3.12/site-packages/airflow/example_dags/example_dataset_alias.py
[2025-12-08T07:23:37.563+0000] {processor.py:914} INFO - Processing file /home/airflow/.local/lib/python3.12/site-packages/airflow/example_dags/example_dataset_alias.py for tasks to queue
[2025-12-08T07:23:37.568+0000] {logging_mixin.py:190} INFO - [2025-12-08T07:23:37.567+0000] {dagbag.py:587} INFO - Filling up the DagBag from /home/airflow/.local/lib/python3.12/site-packages/airflow/example_dags/example_dataset_alias.py
[2025-12-08T07:23:37.817+0000] {processor.py:925} INFO - DAG(s) 'dataset_alias_example_alias_consumer', 'dataset_alias_example_alias_producer', 'dataset_s3_bucket_producer', 'dataset_s3_bucket_consumer' retrieved from /home/airflow/.local/lib/python3.12/site-packages/airflow/example_dags/example_dataset_alias.py
[2025-12-08T07:23:37.858+0000] {logging_mixin.py:190} INFO - [2025-12-08T07:23:37.858+0000] {dag.py:3211} INFO - Sync 4 DAGs
[2025-12-08T07:23:37.907+0000] {logging_mixin.py:190} INFO - [2025-12-08T07:23:37.907+0000] {dag.py:4138} INFO - Setting next_dagrun for dataset_alias_example_alias_consumer to None, run_after=None
[2025-12-08T07:23:37.912+0000] {logging_mixin.py:190} INFO - [2025-12-08T07:23:37.912+0000] {dag.py:4138} INFO - Setting next_dagrun for dataset_alias_example_alias_producer to None, run_after=None
[2025-12-08T07:23:37.915+0000] {logging_mixin.py:190} INFO - [2025-12-08T07:23:37.915+0000] {dag.py:4138} INFO - Setting next_dagrun for dataset_s3_bucket_consumer to None, run_after=None
[2025-12-08T07:23:37.919+0000] {logging_mixin.py:190} INFO - [2025-12-08T07:23:37.919+0000] {dag.py:4138} INFO - Setting next_dagrun for dataset_s3_bucket_producer to None, run_after=None
[2025-12-08T07:23:38.257+0000] {processor.py:208} INFO - Processing /home/airflow/.local/lib/python3.12/site-packages/airflow/example_dags/example_dataset_alias.py took 0.711 seconds
[2025-12-08T07:24:08.791+0000] {processor.py:186} INFO - Started process (PID=2113) to work on /home/airflow/.local/lib/python3.12/site-packages/airflow/example_dags/example_dataset_alias.py
[2025-12-08T07:24:08.795+0000] {processor.py:914} INFO - Processing file /home/airflow/.local/lib/python3.12/site-packages/airflow/example_dags/example_dataset_alias.py for tasks to queue
[2025-12-08T07:24:08.804+0000] {logging_mixin.py:190} INFO - [2025-12-08T07:24:08.802+0000] {dagbag.py:587} INFO - Filling up the DagBag from /home/airflow/.local/lib/python3.12/site-packages/airflow/example_dags/example_dataset_alias.py
[2025-12-08T07:24:09.126+0000] {processor.py:925} INFO - DAG(s) 'dataset_s3_bucket_consumer', 'dataset_s3_bucket_producer', 'dataset_alias_example_alias_consumer', 'dataset_alias_example_alias_producer' retrieved from /home/airflow/.local/lib/python3.12/site-packages/airflow/example_dags/example_dataset_alias.py
[2025-12-08T07:24:09.171+0000] {logging_mixin.py:190} INFO - [2025-12-08T07:24:09.170+0000] {dag.py:3211} INFO - Sync 4 DAGs
[2025-12-08T07:24:09.223+0000] {logging_mixin.py:190} INFO - [2025-12-08T07:24:09.223+0000] {dag.py:4138} INFO - Setting next_dagrun for dataset_alias_example_alias_consumer to None, run_after=None
[2025-12-08T07:24:09.228+0000] {logging_mixin.py:190} INFO - [2025-12-08T07:24:09.228+0000] {dag.py:4138} INFO - Setting next_dagrun for dataset_alias_example_alias_producer to None, run_after=None
[2025-12-08T07:24:09.231+0000] {logging_mixin.py:190} INFO - [2025-12-08T07:24:09.230+0000] {dag.py:4138} INFO - Setting next_dagrun for dataset_s3_bucket_consumer to None, run_after=None
[2025-12-08T07:24:09.233+0000] {logging_mixin.py:190} INFO - [2025-12-08T07:24:09.233+0000] {dag.py:4138} INFO - Setting next_dagrun for dataset_s3_bucket_producer to None, run_after=None
[2025-12-08T07:24:09.275+0000] {processor.py:208} INFO - Processing /home/airflow/.local/lib/python3.12/site-packages/airflow/example_dags/example_dataset_alias.py took 0.510 seconds
[2025-12-08T07:24:39.514+0000] {processor.py:186} INFO - Started process (PID=2177) to work on /home/airflow/.local/lib/python3.12/site-packages/airflow/example_dags/example_dataset_alias.py
[2025-12-08T07:24:39.518+0000] {processor.py:914} INFO - Processing file /home/airflow/.local/lib/python3.12/site-packages/airflow/example_dags/example_dataset_alias.py for tasks to queue
[2025-12-08T07:24:39.524+0000] {logging_mixin.py:190} INFO - [2025-12-08T07:24:39.524+0000] {dagbag.py:587} INFO - Filling up the DagBag from /home/airflow/.local/lib/python3.12/site-packages/airflow/example_dags/example_dataset_alias.py
[2025-12-08T07:24:39.851+0000] {processor.py:925} INFO - DAG(s) 'dataset_s3_bucket_consumer', 'dataset_s3_bucket_producer', 'dataset_alias_example_alias_producer', 'dataset_alias_example_alias_consumer' retrieved from /home/airflow/.local/lib/python3.12/site-packages/airflow/example_dags/example_dataset_alias.py
[2025-12-08T07:24:40.315+0000] {logging_mixin.py:190} INFO - [2025-12-08T07:24:40.314+0000] {dag.py:3211} INFO - Sync 4 DAGs
[2025-12-08T07:24:40.351+0000] {logging_mixin.py:190} INFO - [2025-12-08T07:24:40.350+0000] {dag.py:4138} INFO - Setting next_dagrun for dataset_alias_example_alias_consumer to None, run_after=None
[2025-12-08T07:24:40.356+0000] {logging_mixin.py:190} INFO - [2025-12-08T07:24:40.355+0000] {dag.py:4138} INFO - Setting next_dagrun for dataset_alias_example_alias_producer to None, run_after=None
[2025-12-08T07:24:40.360+0000] {logging_mixin.py:190} INFO - [2025-12-08T07:24:40.359+0000] {dag.py:4138} INFO - Setting next_dagrun for dataset_s3_bucket_consumer to None, run_after=None
[2025-12-08T07:24:40.366+0000] {logging_mixin.py:190} INFO - [2025-12-08T07:24:40.365+0000] {dag.py:4138} INFO - Setting next_dagrun for dataset_s3_bucket_producer to None, run_after=None
[2025-12-08T07:24:40.425+0000] {processor.py:208} INFO - Processing /home/airflow/.local/lib/python3.12/site-packages/airflow/example_dags/example_dataset_alias.py took 0.927 seconds
[2025-12-08T07:26:40.477+0000] {processor.py:186} INFO - Started process (PID=110) to work on /home/airflow/.local/lib/python3.12/site-packages/airflow/example_dags/example_dataset_alias.py
[2025-12-08T07:26:40.480+0000] {processor.py:914} INFO - Processing file /home/airflow/.local/lib/python3.12/site-packages/airflow/example_dags/example_dataset_alias.py for tasks to queue
[2025-12-08T07:26:40.485+0000] {logging_mixin.py:190} INFO - [2025-12-08T07:26:40.485+0000] {dagbag.py:587} INFO - Filling up the DagBag from /home/airflow/.local/lib/python3.12/site-packages/airflow/example_dags/example_dataset_alias.py
[2025-12-08T07:26:40.788+0000] {processor.py:925} INFO - DAG(s) 'dataset_alias_example_alias_producer', 'dataset_s3_bucket_producer', 'dataset_s3_bucket_consumer', 'dataset_alias_example_alias_consumer' retrieved from /home/airflow/.local/lib/python3.12/site-packages/airflow/example_dags/example_dataset_alias.py
[2025-12-08T07:26:40.830+0000] {logging_mixin.py:190} INFO - [2025-12-08T07:26:40.829+0000] {dag.py:3211} INFO - Sync 4 DAGs
[2025-12-08T07:26:40.877+0000] {logging_mixin.py:190} INFO - [2025-12-08T07:26:40.876+0000] {dag.py:4138} INFO - Setting next_dagrun for dataset_alias_example_alias_consumer to None, run_after=None
[2025-12-08T07:26:40.882+0000] {logging_mixin.py:190} INFO - [2025-12-08T07:26:40.881+0000] {dag.py:4138} INFO - Setting next_dagrun for dataset_alias_example_alias_producer to None, run_after=None
[2025-12-08T07:26:40.884+0000] {logging_mixin.py:190} INFO - [2025-12-08T07:26:40.884+0000] {dag.py:4138} INFO - Setting next_dagrun for dataset_s3_bucket_consumer to None, run_after=None
[2025-12-08T07:26:40.888+0000] {logging_mixin.py:190} INFO - [2025-12-08T07:26:40.887+0000] {dag.py:4138} INFO - Setting next_dagrun for dataset_s3_bucket_producer to None, run_after=None
[2025-12-08T07:26:40.928+0000] {processor.py:208} INFO - Processing /home/airflow/.local/lib/python3.12/site-packages/airflow/example_dags/example_dataset_alias.py took 0.461 seconds
[2025-12-08T07:27:12.222+0000] {processor.py:186} INFO - Started process (PID=173) to work on /home/airflow/.local/lib/python3.12/site-packages/airflow/example_dags/example_dataset_alias.py
[2025-12-08T07:27:12.225+0000] {processor.py:914} INFO - Processing file /home/airflow/.local/lib/python3.12/site-packages/airflow/example_dags/example_dataset_alias.py for tasks to queue
[2025-12-08T07:27:12.235+0000] {logging_mixin.py:190} INFO - [2025-12-08T07:27:12.234+0000] {dagbag.py:587} INFO - Filling up the DagBag from /home/airflow/.local/lib/python3.12/site-packages/airflow/example_dags/example_dataset_alias.py
[2025-12-08T07:27:12.641+0000] {processor.py:925} INFO - DAG(s) 'dataset_alias_example_alias_producer', 'dataset_s3_bucket_consumer', 'dataset_s3_bucket_producer', 'dataset_alias_example_alias_consumer' retrieved from /home/airflow/.local/lib/python3.12/site-packages/airflow/example_dags/example_dataset_alias.py
[2025-12-08T07:27:12.707+0000] {logging_mixin.py:190} INFO - [2025-12-08T07:27:12.707+0000] {dag.py:3211} INFO - Sync 4 DAGs
[2025-12-08T07:27:12.779+0000] {logging_mixin.py:190} INFO - [2025-12-08T07:27:12.778+0000] {dag.py:4138} INFO - Setting next_dagrun for dataset_alias_example_alias_consumer to None, run_after=None
[2025-12-08T07:27:12.786+0000] {logging_mixin.py:190} INFO - [2025-12-08T07:27:12.785+0000] {dag.py:4138} INFO - Setting next_dagrun for dataset_alias_example_alias_producer to None, run_after=None
[2025-12-08T07:27:12.789+0000] {logging_mixin.py:190} INFO - [2025-12-08T07:27:12.789+0000] {dag.py:4138} INFO - Setting next_dagrun for dataset_s3_bucket_consumer to None, run_after=None
[2025-12-08T07:27:12.797+0000] {logging_mixin.py:190} INFO - [2025-12-08T07:27:12.797+0000] {dag.py:4138} INFO - Setting next_dagrun for dataset_s3_bucket_producer to None, run_after=None
[2025-12-08T07:27:12.875+0000] {processor.py:208} INFO - Processing /home/airflow/.local/lib/python3.12/site-packages/airflow/example_dags/example_dataset_alias.py took 0.681 seconds
[2025-12-08T07:27:43.161+0000] {processor.py:186} INFO - Started process (PID=242) to work on /home/airflow/.local/lib/python3.12/site-packages/airflow/example_dags/example_dataset_alias.py
[2025-12-08T07:27:43.163+0000] {processor.py:914} INFO - Processing file /home/airflow/.local/lib/python3.12/site-packages/airflow/example_dags/example_dataset_alias.py for tasks to queue
[2025-12-08T07:27:43.169+0000] {logging_mixin.py:190} INFO - [2025-12-08T07:27:43.168+0000] {dagbag.py:587} INFO - Filling up the DagBag from /home/airflow/.local/lib/python3.12/site-packages/airflow/example_dags/example_dataset_alias.py
[2025-12-08T07:27:43.541+0000] {processor.py:925} INFO - DAG(s) 'dataset_alias_example_alias_consumer', 'dataset_s3_bucket_producer', 'dataset_alias_example_alias_producer', 'dataset_s3_bucket_consumer' retrieved from /home/airflow/.local/lib/python3.12/site-packages/airflow/example_dags/example_dataset_alias.py
[2025-12-08T07:27:43.604+0000] {logging_mixin.py:190} INFO - [2025-12-08T07:27:43.603+0000] {dag.py:3211} INFO - Sync 4 DAGs
[2025-12-08T07:27:43.674+0000] {logging_mixin.py:190} INFO - [2025-12-08T07:27:43.674+0000] {dag.py:4138} INFO - Setting next_dagrun for dataset_alias_example_alias_consumer to None, run_after=None
[2025-12-08T07:27:43.680+0000] {logging_mixin.py:190} INFO - [2025-12-08T07:27:43.680+0000] {dag.py:4138} INFO - Setting next_dagrun for dataset_alias_example_alias_producer to None, run_after=None
[2025-12-08T07:27:43.686+0000] {logging_mixin.py:190} INFO - [2025-12-08T07:27:43.685+0000] {dag.py:4138} INFO - Setting next_dagrun for dataset_s3_bucket_consumer to None, run_after=None
[2025-12-08T07:27:43.690+0000] {logging_mixin.py:190} INFO - [2025-12-08T07:27:43.690+0000] {dag.py:4138} INFO - Setting next_dagrun for dataset_s3_bucket_producer to None, run_after=None
[2025-12-08T07:27:43.797+0000] {processor.py:208} INFO - Processing /home/airflow/.local/lib/python3.12/site-packages/airflow/example_dags/example_dataset_alias.py took 0.647 seconds
[2025-12-08T07:28:14.006+0000] {processor.py:186} INFO - Started process (PID=312) to work on /home/airflow/.local/lib/python3.12/site-packages/airflow/example_dags/example_dataset_alias.py
[2025-12-08T07:28:14.010+0000] {processor.py:914} INFO - Processing file /home/airflow/.local/lib/python3.12/site-packages/airflow/example_dags/example_dataset_alias.py for tasks to queue
[2025-12-08T07:28:14.017+0000] {logging_mixin.py:190} INFO - [2025-12-08T07:28:14.016+0000] {dagbag.py:587} INFO - Filling up the DagBag from /home/airflow/.local/lib/python3.12/site-packages/airflow/example_dags/example_dataset_alias.py
[2025-12-08T07:28:14.326+0000] {processor.py:925} INFO - DAG(s) 'dataset_alias_example_alias_producer', 'dataset_alias_example_alias_consumer', 'dataset_s3_bucket_consumer', 'dataset_s3_bucket_producer' retrieved from /home/airflow/.local/lib/python3.12/site-packages/airflow/example_dags/example_dataset_alias.py
[2025-12-08T07:28:14.371+0000] {logging_mixin.py:190} INFO - [2025-12-08T07:28:14.370+0000] {dag.py:3211} INFO - Sync 4 DAGs
[2025-12-08T07:28:14.406+0000] {logging_mixin.py:190} INFO - [2025-12-08T07:28:14.405+0000] {dag.py:4138} INFO - Setting next_dagrun for dataset_alias_example_alias_consumer to None, run_after=None
[2025-12-08T07:28:14.412+0000] {logging_mixin.py:190} INFO - [2025-12-08T07:28:14.411+0000] {dag.py:4138} INFO - Setting next_dagrun for dataset_alias_example_alias_producer to None, run_after=None
[2025-12-08T07:28:14.417+0000] {logging_mixin.py:190} INFO - [2025-12-08T07:28:14.417+0000] {dag.py:4138} INFO - Setting next_dagrun for dataset_s3_bucket_consumer to None, run_after=None
[2025-12-08T07:28:14.423+0000] {logging_mixin.py:190} INFO - [2025-12-08T07:28:14.423+0000] {dag.py:4138} INFO - Setting next_dagrun for dataset_s3_bucket_producer to None, run_after=None
[2025-12-08T07:28:14.467+0000] {processor.py:208} INFO - Processing /home/airflow/.local/lib/python3.12/site-packages/airflow/example_dags/example_dataset_alias.py took 0.478 seconds
[2025-12-08T07:28:48.944+0000] {processor.py:186} INFO - Started process (PID=380) to work on /home/airflow/.local/lib/python3.12/site-packages/airflow/example_dags/example_dataset_alias.py
[2025-12-08T07:28:48.949+0000] {processor.py:914} INFO - Processing file /home/airflow/.local/lib/python3.12/site-packages/airflow/example_dags/example_dataset_alias.py for tasks to queue
[2025-12-08T07:28:48.967+0000] {logging_mixin.py:190} INFO - [2025-12-08T07:28:48.965+0000] {dagbag.py:587} INFO - Filling up the DagBag from /home/airflow/.local/lib/python3.12/site-packages/airflow/example_dags/example_dataset_alias.py
[2025-12-08T07:28:49.745+0000] {processor.py:925} INFO - DAG(s) 'dataset_alias_example_alias_consumer', 'dataset_s3_bucket_consumer', 'dataset_s3_bucket_producer', 'dataset_alias_example_alias_producer' retrieved from /home/airflow/.local/lib/python3.12/site-packages/airflow/example_dags/example_dataset_alias.py
[2025-12-08T07:28:49.849+0000] {logging_mixin.py:190} INFO - [2025-12-08T07:28:49.847+0000] {dag.py:3211} INFO - Sync 4 DAGs
[2025-12-08T07:28:49.953+0000] {logging_mixin.py:190} INFO - [2025-12-08T07:28:49.952+0000] {dag.py:4138} INFO - Setting next_dagrun for dataset_alias_example_alias_consumer to None, run_after=None
[2025-12-08T07:28:49.964+0000] {logging_mixin.py:190} INFO - [2025-12-08T07:28:49.963+0000] {dag.py:4138} INFO - Setting next_dagrun for dataset_alias_example_alias_producer to None, run_after=None
[2025-12-08T07:28:49.969+0000] {logging_mixin.py:190} INFO - [2025-12-08T07:28:49.969+0000] {dag.py:4138} INFO - Setting next_dagrun for dataset_s3_bucket_consumer to None, run_after=None
[2025-12-08T07:28:49.975+0000] {logging_mixin.py:190} INFO - [2025-12-08T07:28:49.974+0000] {dag.py:4138} INFO - Setting next_dagrun for dataset_s3_bucket_producer to None, run_after=None
[2025-12-08T07:28:50.053+0000] {processor.py:208} INFO - Processing /home/airflow/.local/lib/python3.12/site-packages/airflow/example_dags/example_dataset_alias.py took 1.147 seconds
[2025-12-08T07:29:20.178+0000] {processor.py:186} INFO - Started process (PID=443) to work on /home/airflow/.local/lib/python3.12/site-packages/airflow/example_dags/example_dataset_alias.py
[2025-12-08T07:29:20.182+0000] {processor.py:914} INFO - Processing file /home/airflow/.local/lib/python3.12/site-packages/airflow/example_dags/example_dataset_alias.py for tasks to queue
[2025-12-08T07:29:20.189+0000] {logging_mixin.py:190} INFO - [2025-12-08T07:29:20.188+0000] {dagbag.py:587} INFO - Filling up the DagBag from /home/airflow/.local/lib/python3.12/site-packages/airflow/example_dags/example_dataset_alias.py
[2025-12-08T07:29:20.696+0000] {processor.py:925} INFO - DAG(s) 'dataset_s3_bucket_consumer', 'dataset_alias_example_alias_consumer', 'dataset_alias_example_alias_producer', 'dataset_s3_bucket_producer' retrieved from /home/airflow/.local/lib/python3.12/site-packages/airflow/example_dags/example_dataset_alias.py
[2025-12-08T07:29:20.809+0000] {logging_mixin.py:190} INFO - [2025-12-08T07:29:20.808+0000] {dag.py:3211} INFO - Sync 4 DAGs
[2025-12-08T07:29:20.999+0000] {logging_mixin.py:190} INFO - [2025-12-08T07:29:20.998+0000] {dag.py:4138} INFO - Setting next_dagrun for dataset_alias_example_alias_consumer to None, run_after=None
[2025-12-08T07:29:21.013+0000] {logging_mixin.py:190} INFO - [2025-12-08T07:29:21.011+0000] {dag.py:4138} INFO - Setting next_dagrun for dataset_alias_example_alias_producer to None, run_after=None
[2025-12-08T07:29:21.019+0000] {logging_mixin.py:190} INFO - [2025-12-08T07:29:21.018+0000] {dag.py:4138} INFO - Setting next_dagrun for dataset_s3_bucket_consumer to None, run_after=None
[2025-12-08T07:29:21.023+0000] {logging_mixin.py:190} INFO - [2025-12-08T07:29:21.023+0000] {dag.py:4138} INFO - Setting next_dagrun for dataset_s3_bucket_producer to None, run_after=None
[2025-12-08T07:29:21.180+0000] {processor.py:208} INFO - Processing /home/airflow/.local/lib/python3.12/site-packages/airflow/example_dags/example_dataset_alias.py took 1.017 seconds
[2025-12-08T07:29:51.531+0000] {processor.py:186} INFO - Started process (PID=506) to work on /home/airflow/.local/lib/python3.12/site-packages/airflow/example_dags/example_dataset_alias.py
[2025-12-08T07:29:51.533+0000] {processor.py:914} INFO - Processing file /home/airflow/.local/lib/python3.12/site-packages/airflow/example_dags/example_dataset_alias.py for tasks to queue
[2025-12-08T07:29:51.540+0000] {logging_mixin.py:190} INFO - [2025-12-08T07:29:51.539+0000] {dagbag.py:587} INFO - Filling up the DagBag from /home/airflow/.local/lib/python3.12/site-packages/airflow/example_dags/example_dataset_alias.py
[2025-12-08T07:29:51.845+0000] {processor.py:925} INFO - DAG(s) 'dataset_s3_bucket_consumer', 'dataset_alias_example_alias_consumer', 'dataset_alias_example_alias_producer', 'dataset_s3_bucket_producer' retrieved from /home/airflow/.local/lib/python3.12/site-packages/airflow/example_dags/example_dataset_alias.py
[2025-12-08T07:29:51.899+0000] {logging_mixin.py:190} INFO - [2025-12-08T07:29:51.899+0000] {dag.py:3211} INFO - Sync 4 DAGs
[2025-12-08T07:29:51.948+0000] {logging_mixin.py:190} INFO - [2025-12-08T07:29:51.947+0000] {dag.py:4138} INFO - Setting next_dagrun for dataset_alias_example_alias_consumer to None, run_after=None
[2025-12-08T07:29:51.954+0000] {logging_mixin.py:190} INFO - [2025-12-08T07:29:51.954+0000] {dag.py:4138} INFO - Setting next_dagrun for dataset_alias_example_alias_producer to None, run_after=None
[2025-12-08T07:29:51.960+0000] {logging_mixin.py:190} INFO - [2025-12-08T07:29:51.959+0000] {dag.py:4138} INFO - Setting next_dagrun for dataset_s3_bucket_consumer to None, run_after=None
[2025-12-08T07:29:51.964+0000] {logging_mixin.py:190} INFO - [2025-12-08T07:29:51.963+0000] {dag.py:4138} INFO - Setting next_dagrun for dataset_s3_bucket_producer to None, run_after=None
[2025-12-08T07:29:52.025+0000] {processor.py:208} INFO - Processing /home/airflow/.local/lib/python3.12/site-packages/airflow/example_dags/example_dataset_alias.py took 0.505 seconds
[2025-12-08T07:30:22.202+0000] {processor.py:186} INFO - Started process (PID=571) to work on /home/airflow/.local/lib/python3.12/site-packages/airflow/example_dags/example_dataset_alias.py
[2025-12-08T07:30:22.205+0000] {processor.py:914} INFO - Processing file /home/airflow/.local/lib/python3.12/site-packages/airflow/example_dags/example_dataset_alias.py for tasks to queue
[2025-12-08T07:30:22.210+0000] {logging_mixin.py:190} INFO - [2025-12-08T07:30:22.210+0000] {dagbag.py:587} INFO - Filling up the DagBag from /home/airflow/.local/lib/python3.12/site-packages/airflow/example_dags/example_dataset_alias.py
[2025-12-08T07:30:22.471+0000] {processor.py:925} INFO - DAG(s) 'dataset_alias_example_alias_consumer', 'dataset_s3_bucket_consumer', 'dataset_s3_bucket_producer', 'dataset_alias_example_alias_producer' retrieved from /home/airflow/.local/lib/python3.12/site-packages/airflow/example_dags/example_dataset_alias.py
[2025-12-08T07:30:22.515+0000] {logging_mixin.py:190} INFO - [2025-12-08T07:30:22.515+0000] {dag.py:3211} INFO - Sync 4 DAGs
[2025-12-08T07:30:22.556+0000] {logging_mixin.py:190} INFO - [2025-12-08T07:30:22.555+0000] {dag.py:4138} INFO - Setting next_dagrun for dataset_alias_example_alias_consumer to None, run_after=None
[2025-12-08T07:30:22.564+0000] {logging_mixin.py:190} INFO - [2025-12-08T07:30:22.563+0000] {dag.py:4138} INFO - Setting next_dagrun for dataset_alias_example_alias_producer to None, run_after=None
[2025-12-08T07:30:22.568+0000] {logging_mixin.py:190} INFO - [2025-12-08T07:30:22.567+0000] {dag.py:4138} INFO - Setting next_dagrun for dataset_s3_bucket_consumer to None, run_after=None
[2025-12-08T07:30:22.572+0000] {logging_mixin.py:190} INFO - [2025-12-08T07:30:22.571+0000] {dag.py:4138} INFO - Setting next_dagrun for dataset_s3_bucket_producer to None, run_after=None
[2025-12-08T07:30:22.619+0000] {processor.py:208} INFO - Processing /home/airflow/.local/lib/python3.12/site-packages/airflow/example_dags/example_dataset_alias.py took 0.426 seconds
[2025-12-08T07:30:52.688+0000] {processor.py:186} INFO - Started process (PID=634) to work on /home/airflow/.local/lib/python3.12/site-packages/airflow/example_dags/example_dataset_alias.py
[2025-12-08T07:30:52.690+0000] {processor.py:914} INFO - Processing file /home/airflow/.local/lib/python3.12/site-packages/airflow/example_dags/example_dataset_alias.py for tasks to queue
[2025-12-08T07:30:52.696+0000] {logging_mixin.py:190} INFO - [2025-12-08T07:30:52.695+0000] {dagbag.py:587} INFO - Filling up the DagBag from /home/airflow/.local/lib/python3.12/site-packages/airflow/example_dags/example_dataset_alias.py
[2025-12-08T07:30:52.962+0000] {processor.py:925} INFO - DAG(s) 'dataset_s3_bucket_producer', 'dataset_alias_example_alias_consumer', 'dataset_alias_example_alias_producer', 'dataset_s3_bucket_consumer' retrieved from /home/airflow/.local/lib/python3.12/site-packages/airflow/example_dags/example_dataset_alias.py
[2025-12-08T07:30:53.006+0000] {logging_mixin.py:190} INFO - [2025-12-08T07:30:53.005+0000] {dag.py:3211} INFO - Sync 4 DAGs
[2025-12-08T07:30:53.040+0000] {logging_mixin.py:190} INFO - [2025-12-08T07:30:53.039+0000] {dag.py:4138} INFO - Setting next_dagrun for dataset_alias_example_alias_consumer to None, run_after=None
[2025-12-08T07:30:53.045+0000] {logging_mixin.py:190} INFO - [2025-12-08T07:30:53.045+0000] {dag.py:4138} INFO - Setting next_dagrun for dataset_alias_example_alias_producer to None, run_after=None
[2025-12-08T07:30:53.049+0000] {logging_mixin.py:190} INFO - [2025-12-08T07:30:53.049+0000] {dag.py:4138} INFO - Setting next_dagrun for dataset_s3_bucket_consumer to None, run_after=None
[2025-12-08T07:30:53.053+0000] {logging_mixin.py:190} INFO - [2025-12-08T07:30:53.052+0000] {dag.py:4138} INFO - Setting next_dagrun for dataset_s3_bucket_producer to None, run_after=None
[2025-12-08T07:30:53.098+0000] {processor.py:208} INFO - Processing /home/airflow/.local/lib/python3.12/site-packages/airflow/example_dags/example_dataset_alias.py took 0.420 seconds
[2025-12-08T07:31:23.245+0000] {processor.py:186} INFO - Started process (PID=695) to work on /home/airflow/.local/lib/python3.12/site-packages/airflow/example_dags/example_dataset_alias.py
[2025-12-08T07:31:23.247+0000] {processor.py:914} INFO - Processing file /home/airflow/.local/lib/python3.12/site-packages/airflow/example_dags/example_dataset_alias.py for tasks to queue
[2025-12-08T07:31:23.253+0000] {logging_mixin.py:190} INFO - [2025-12-08T07:31:23.252+0000] {dagbag.py:587} INFO - Filling up the DagBag from /home/airflow/.local/lib/python3.12/site-packages/airflow/example_dags/example_dataset_alias.py
[2025-12-08T07:31:23.549+0000] {processor.py:925} INFO - DAG(s) 'dataset_alias_example_alias_consumer', 'dataset_alias_example_alias_producer', 'dataset_s3_bucket_producer', 'dataset_s3_bucket_consumer' retrieved from /home/airflow/.local/lib/python3.12/site-packages/airflow/example_dags/example_dataset_alias.py
[2025-12-08T07:31:23.604+0000] {logging_mixin.py:190} INFO - [2025-12-08T07:31:23.603+0000] {dag.py:3211} INFO - Sync 4 DAGs
[2025-12-08T07:31:23.643+0000] {logging_mixin.py:190} INFO - [2025-12-08T07:31:23.643+0000] {dag.py:4138} INFO - Setting next_dagrun for dataset_alias_example_alias_consumer to None, run_after=None
[2025-12-08T07:31:23.650+0000] {logging_mixin.py:190} INFO - [2025-12-08T07:31:23.649+0000] {dag.py:4138} INFO - Setting next_dagrun for dataset_alias_example_alias_producer to None, run_after=None
[2025-12-08T07:31:23.653+0000] {logging_mixin.py:190} INFO - [2025-12-08T07:31:23.653+0000] {dag.py:4138} INFO - Setting next_dagrun for dataset_s3_bucket_consumer to None, run_after=None
[2025-12-08T07:31:23.656+0000] {logging_mixin.py:190} INFO - [2025-12-08T07:31:23.656+0000] {dag.py:4138} INFO - Setting next_dagrun for dataset_s3_bucket_producer to None, run_after=None
[2025-12-08T07:31:23.708+0000] {processor.py:208} INFO - Processing /home/airflow/.local/lib/python3.12/site-packages/airflow/example_dags/example_dataset_alias.py took 0.476 seconds
[2025-12-08T07:31:54.483+0000] {processor.py:186} INFO - Started process (PID=758) to work on /home/airflow/.local/lib/python3.12/site-packages/airflow/example_dags/example_dataset_alias.py
[2025-12-08T07:31:54.486+0000] {processor.py:914} INFO - Processing file /home/airflow/.local/lib/python3.12/site-packages/airflow/example_dags/example_dataset_alias.py for tasks to queue
[2025-12-08T07:31:54.491+0000] {logging_mixin.py:190} INFO - [2025-12-08T07:31:54.490+0000] {dagbag.py:587} INFO - Filling up the DagBag from /home/airflow/.local/lib/python3.12/site-packages/airflow/example_dags/example_dataset_alias.py
[2025-12-08T07:31:54.794+0000] {processor.py:925} INFO - DAG(s) 'dataset_alias_example_alias_producer', 'dataset_s3_bucket_consumer', 'dataset_s3_bucket_producer', 'dataset_alias_example_alias_consumer' retrieved from /home/airflow/.local/lib/python3.12/site-packages/airflow/example_dags/example_dataset_alias.py
[2025-12-08T07:31:54.839+0000] {logging_mixin.py:190} INFO - [2025-12-08T07:31:54.839+0000] {dag.py:3211} INFO - Sync 4 DAGs
[2025-12-08T07:31:54.873+0000] {logging_mixin.py:190} INFO - [2025-12-08T07:31:54.873+0000] {dag.py:4138} INFO - Setting next_dagrun for dataset_alias_example_alias_consumer to None, run_after=None
[2025-12-08T07:31:54.879+0000] {logging_mixin.py:190} INFO - [2025-12-08T07:31:54.878+0000] {dag.py:4138} INFO - Setting next_dagrun for dataset_alias_example_alias_producer to None, run_after=None
[2025-12-08T07:31:54.882+0000] {logging_mixin.py:190} INFO - [2025-12-08T07:31:54.882+0000] {dag.py:4138} INFO - Setting next_dagrun for dataset_s3_bucket_consumer to None, run_after=None
[2025-12-08T07:31:54.885+0000] {logging_mixin.py:190} INFO - [2025-12-08T07:31:54.885+0000] {dag.py:4138} INFO - Setting next_dagrun for dataset_s3_bucket_producer to None, run_after=None
[2025-12-08T07:31:54.941+0000] {processor.py:208} INFO - Processing /home/airflow/.local/lib/python3.12/site-packages/airflow/example_dags/example_dataset_alias.py took 0.470 seconds
[2025-12-08T07:32:25.568+0000] {processor.py:186} INFO - Started process (PID=821) to work on /home/airflow/.local/lib/python3.12/site-packages/airflow/example_dags/example_dataset_alias.py
[2025-12-08T07:32:25.571+0000] {processor.py:914} INFO - Processing file /home/airflow/.local/lib/python3.12/site-packages/airflow/example_dags/example_dataset_alias.py for tasks to queue
[2025-12-08T07:32:25.577+0000] {logging_mixin.py:190} INFO - [2025-12-08T07:32:25.576+0000] {dagbag.py:587} INFO - Filling up the DagBag from /home/airflow/.local/lib/python3.12/site-packages/airflow/example_dags/example_dataset_alias.py
[2025-12-08T07:32:25.928+0000] {processor.py:925} INFO - DAG(s) 'dataset_s3_bucket_consumer', 'dataset_alias_example_alias_producer', 'dataset_alias_example_alias_consumer', 'dataset_s3_bucket_producer' retrieved from /home/airflow/.local/lib/python3.12/site-packages/airflow/example_dags/example_dataset_alias.py
[2025-12-08T07:32:25.992+0000] {logging_mixin.py:190} INFO - [2025-12-08T07:32:25.991+0000] {dag.py:3211} INFO - Sync 4 DAGs
[2025-12-08T07:32:26.052+0000] {logging_mixin.py:190} INFO - [2025-12-08T07:32:26.051+0000] {dag.py:4138} INFO - Setting next_dagrun for dataset_alias_example_alias_consumer to None, run_after=None
[2025-12-08T07:32:26.066+0000] {logging_mixin.py:190} INFO - [2025-12-08T07:32:26.065+0000] {dag.py:4138} INFO - Setting next_dagrun for dataset_alias_example_alias_producer to None, run_after=None
[2025-12-08T07:32:26.071+0000] {logging_mixin.py:190} INFO - [2025-12-08T07:32:26.070+0000] {dag.py:4138} INFO - Setting next_dagrun for dataset_s3_bucket_consumer to None, run_after=None
[2025-12-08T07:32:26.076+0000] {logging_mixin.py:190} INFO - [2025-12-08T07:32:26.075+0000] {dag.py:4138} INFO - Setting next_dagrun for dataset_s3_bucket_producer to None, run_after=None
[2025-12-08T07:32:26.131+0000] {processor.py:208} INFO - Processing /home/airflow/.local/lib/python3.12/site-packages/airflow/example_dags/example_dataset_alias.py took 0.572 seconds
[2025-12-08T07:32:56.429+0000] {processor.py:186} INFO - Started process (PID=884) to work on /home/airflow/.local/lib/python3.12/site-packages/airflow/example_dags/example_dataset_alias.py
[2025-12-08T07:32:56.432+0000] {processor.py:914} INFO - Processing file /home/airflow/.local/lib/python3.12/site-packages/airflow/example_dags/example_dataset_alias.py for tasks to queue
[2025-12-08T07:32:56.438+0000] {logging_mixin.py:190} INFO - [2025-12-08T07:32:56.438+0000] {dagbag.py:587} INFO - Filling up the DagBag from /home/airflow/.local/lib/python3.12/site-packages/airflow/example_dags/example_dataset_alias.py
[2025-12-08T07:32:56.866+0000] {processor.py:925} INFO - DAG(s) 'dataset_alias_example_alias_consumer', 'dataset_s3_bucket_producer', 'dataset_alias_example_alias_producer', 'dataset_s3_bucket_consumer' retrieved from /home/airflow/.local/lib/python3.12/site-packages/airflow/example_dags/example_dataset_alias.py
[2025-12-08T07:32:56.921+0000] {logging_mixin.py:190} INFO - [2025-12-08T07:32:56.920+0000] {dag.py:3211} INFO - Sync 4 DAGs
[2025-12-08T07:32:57.004+0000] {logging_mixin.py:190} INFO - [2025-12-08T07:32:57.003+0000] {dag.py:4138} INFO - Setting next_dagrun for dataset_alias_example_alias_consumer to None, run_after=None
[2025-12-08T07:32:57.012+0000] {logging_mixin.py:190} INFO - [2025-12-08T07:32:57.010+0000] {dag.py:4138} INFO - Setting next_dagrun for dataset_alias_example_alias_producer to None, run_after=None
[2025-12-08T07:32:57.017+0000] {logging_mixin.py:190} INFO - [2025-12-08T07:32:57.016+0000] {dag.py:4138} INFO - Setting next_dagrun for dataset_s3_bucket_consumer to None, run_after=None
[2025-12-08T07:32:57.022+0000] {logging_mixin.py:190} INFO - [2025-12-08T07:32:57.020+0000] {dag.py:4138} INFO - Setting next_dagrun for dataset_s3_bucket_producer to None, run_after=None
[2025-12-08T07:32:57.099+0000] {processor.py:208} INFO - Processing /home/airflow/.local/lib/python3.12/site-packages/airflow/example_dags/example_dataset_alias.py took 0.688 seconds
[2025-12-08T07:33:27.236+0000] {processor.py:186} INFO - Started process (PID=948) to work on /home/airflow/.local/lib/python3.12/site-packages/airflow/example_dags/example_dataset_alias.py
[2025-12-08T07:33:27.239+0000] {processor.py:914} INFO - Processing file /home/airflow/.local/lib/python3.12/site-packages/airflow/example_dags/example_dataset_alias.py for tasks to queue
[2025-12-08T07:33:27.246+0000] {logging_mixin.py:190} INFO - [2025-12-08T07:33:27.244+0000] {dagbag.py:587} INFO - Filling up the DagBag from /home/airflow/.local/lib/python3.12/site-packages/airflow/example_dags/example_dataset_alias.py
[2025-12-08T07:33:27.558+0000] {processor.py:925} INFO - DAG(s) 'dataset_alias_example_alias_consumer', 'dataset_s3_bucket_producer', 'dataset_s3_bucket_consumer', 'dataset_alias_example_alias_producer' retrieved from /home/airflow/.local/lib/python3.12/site-packages/airflow/example_dags/example_dataset_alias.py
[2025-12-08T07:33:27.606+0000] {logging_mixin.py:190} INFO - [2025-12-08T07:33:27.606+0000] {dag.py:3211} INFO - Sync 4 DAGs
[2025-12-08T07:33:27.659+0000] {logging_mixin.py:190} INFO - [2025-12-08T07:33:27.658+0000] {dag.py:4138} INFO - Setting next_dagrun for dataset_alias_example_alias_consumer to None, run_after=None
[2025-12-08T07:33:27.666+0000] {logging_mixin.py:190} INFO - [2025-12-08T07:33:27.666+0000] {dag.py:4138} INFO - Setting next_dagrun for dataset_alias_example_alias_producer to None, run_after=None
[2025-12-08T07:33:27.673+0000] {logging_mixin.py:190} INFO - [2025-12-08T07:33:27.670+0000] {dag.py:4138} INFO - Setting next_dagrun for dataset_s3_bucket_consumer to None, run_after=None
[2025-12-08T07:33:27.680+0000] {logging_mixin.py:190} INFO - [2025-12-08T07:33:27.679+0000] {dag.py:4138} INFO - Setting next_dagrun for dataset_s3_bucket_producer to None, run_after=None
[2025-12-08T07:33:27.746+0000] {processor.py:208} INFO - Processing /home/airflow/.local/lib/python3.12/site-packages/airflow/example_dags/example_dataset_alias.py took 0.520 seconds
[2025-12-08T07:33:58.042+0000] {processor.py:186} INFO - Started process (PID=1013) to work on /home/airflow/.local/lib/python3.12/site-packages/airflow/example_dags/example_dataset_alias.py
[2025-12-08T07:33:58.045+0000] {processor.py:914} INFO - Processing file /home/airflow/.local/lib/python3.12/site-packages/airflow/example_dags/example_dataset_alias.py for tasks to queue
[2025-12-08T07:33:58.052+0000] {logging_mixin.py:190} INFO - [2025-12-08T07:33:58.051+0000] {dagbag.py:587} INFO - Filling up the DagBag from /home/airflow/.local/lib/python3.12/site-packages/airflow/example_dags/example_dataset_alias.py
[2025-12-08T07:33:58.352+0000] {processor.py:925} INFO - DAG(s) 'dataset_alias_example_alias_consumer', 'dataset_alias_example_alias_producer', 'dataset_s3_bucket_producer', 'dataset_s3_bucket_consumer' retrieved from /home/airflow/.local/lib/python3.12/site-packages/airflow/example_dags/example_dataset_alias.py
[2025-12-08T07:33:58.403+0000] {logging_mixin.py:190} INFO - [2025-12-08T07:33:58.403+0000] {dag.py:3211} INFO - Sync 4 DAGs
[2025-12-08T07:33:58.440+0000] {logging_mixin.py:190} INFO - [2025-12-08T07:33:58.440+0000] {dag.py:4138} INFO - Setting next_dagrun for dataset_alias_example_alias_consumer to None, run_after=None
[2025-12-08T07:33:58.448+0000] {logging_mixin.py:190} INFO - [2025-12-08T07:33:58.447+0000] {dag.py:4138} INFO - Setting next_dagrun for dataset_alias_example_alias_producer to None, run_after=None
[2025-12-08T07:33:58.451+0000] {logging_mixin.py:190} INFO - [2025-12-08T07:33:58.451+0000] {dag.py:4138} INFO - Setting next_dagrun for dataset_s3_bucket_consumer to None, run_after=None
[2025-12-08T07:33:58.454+0000] {logging_mixin.py:190} INFO - [2025-12-08T07:33:58.454+0000] {dag.py:4138} INFO - Setting next_dagrun for dataset_s3_bucket_producer to None, run_after=None
[2025-12-08T07:33:58.534+0000] {processor.py:208} INFO - Processing /home/airflow/.local/lib/python3.12/site-packages/airflow/example_dags/example_dataset_alias.py took 0.506 seconds
[2025-12-08T07:34:29.183+0000] {processor.py:186} INFO - Started process (PID=1076) to work on /home/airflow/.local/lib/python3.12/site-packages/airflow/example_dags/example_dataset_alias.py
[2025-12-08T07:34:29.186+0000] {processor.py:914} INFO - Processing file /home/airflow/.local/lib/python3.12/site-packages/airflow/example_dags/example_dataset_alias.py for tasks to queue
[2025-12-08T07:34:29.191+0000] {logging_mixin.py:190} INFO - [2025-12-08T07:34:29.190+0000] {dagbag.py:587} INFO - Filling up the DagBag from /home/airflow/.local/lib/python3.12/site-packages/airflow/example_dags/example_dataset_alias.py
[2025-12-08T07:34:29.465+0000] {processor.py:925} INFO - DAG(s) 'dataset_s3_bucket_consumer', 'dataset_s3_bucket_producer', 'dataset_alias_example_alias_producer', 'dataset_alias_example_alias_consumer' retrieved from /home/airflow/.local/lib/python3.12/site-packages/airflow/example_dags/example_dataset_alias.py
[2025-12-08T07:34:29.507+0000] {logging_mixin.py:190} INFO - [2025-12-08T07:34:29.507+0000] {dag.py:3211} INFO - Sync 4 DAGs
[2025-12-08T07:34:29.555+0000] {logging_mixin.py:190} INFO - [2025-12-08T07:34:29.554+0000] {dag.py:4138} INFO - Setting next_dagrun for dataset_alias_example_alias_consumer to None, run_after=None
[2025-12-08T07:34:29.561+0000] {logging_mixin.py:190} INFO - [2025-12-08T07:34:29.560+0000] {dag.py:4138} INFO - Setting next_dagrun for dataset_alias_example_alias_producer to None, run_after=None
[2025-12-08T07:34:29.565+0000] {logging_mixin.py:190} INFO - [2025-12-08T07:34:29.564+0000] {dag.py:4138} INFO - Setting next_dagrun for dataset_s3_bucket_consumer to None, run_after=None
[2025-12-08T07:34:29.569+0000] {logging_mixin.py:190} INFO - [2025-12-08T07:34:29.568+0000] {dag.py:4138} INFO - Setting next_dagrun for dataset_s3_bucket_producer to None, run_after=None
[2025-12-08T07:34:29.613+0000] {processor.py:208} INFO - Processing /home/airflow/.local/lib/python3.12/site-packages/airflow/example_dags/example_dataset_alias.py took 0.440 seconds
[2025-12-08T07:35:00.034+0000] {processor.py:186} INFO - Started process (PID=1140) to work on /home/airflow/.local/lib/python3.12/site-packages/airflow/example_dags/example_dataset_alias.py
[2025-12-08T07:35:00.040+0000] {processor.py:914} INFO - Processing file /home/airflow/.local/lib/python3.12/site-packages/airflow/example_dags/example_dataset_alias.py for tasks to queue
[2025-12-08T07:35:00.049+0000] {logging_mixin.py:190} INFO - [2025-12-08T07:35:00.048+0000] {dagbag.py:587} INFO - Filling up the DagBag from /home/airflow/.local/lib/python3.12/site-packages/airflow/example_dags/example_dataset_alias.py
[2025-12-08T07:35:00.438+0000] {processor.py:925} INFO - DAG(s) 'dataset_s3_bucket_consumer', 'dataset_alias_example_alias_producer', 'dataset_s3_bucket_producer', 'dataset_alias_example_alias_consumer' retrieved from /home/airflow/.local/lib/python3.12/site-packages/airflow/example_dags/example_dataset_alias.py
[2025-12-08T07:35:00.485+0000] {logging_mixin.py:190} INFO - [2025-12-08T07:35:00.484+0000] {dag.py:3211} INFO - Sync 4 DAGs
[2025-12-08T07:35:00.539+0000] {logging_mixin.py:190} INFO - [2025-12-08T07:35:00.538+0000] {dag.py:4138} INFO - Setting next_dagrun for dataset_alias_example_alias_consumer to None, run_after=None
[2025-12-08T07:35:00.546+0000] {logging_mixin.py:190} INFO - [2025-12-08T07:35:00.545+0000] {dag.py:4138} INFO - Setting next_dagrun for dataset_alias_example_alias_producer to None, run_after=None
[2025-12-08T07:35:00.550+0000] {logging_mixin.py:190} INFO - [2025-12-08T07:35:00.550+0000] {dag.py:4138} INFO - Setting next_dagrun for dataset_s3_bucket_consumer to None, run_after=None
[2025-12-08T07:35:00.554+0000] {logging_mixin.py:190} INFO - [2025-12-08T07:35:00.553+0000] {dag.py:4138} INFO - Setting next_dagrun for dataset_s3_bucket_producer to None, run_after=None
[2025-12-08T07:35:00.606+0000] {processor.py:208} INFO - Processing /home/airflow/.local/lib/python3.12/site-packages/airflow/example_dags/example_dataset_alias.py took 0.588 seconds
[2025-12-08T07:35:30.966+0000] {processor.py:186} INFO - Started process (PID=1206) to work on /home/airflow/.local/lib/python3.12/site-packages/airflow/example_dags/example_dataset_alias.py
[2025-12-08T07:35:30.969+0000] {processor.py:914} INFO - Processing file /home/airflow/.local/lib/python3.12/site-packages/airflow/example_dags/example_dataset_alias.py for tasks to queue
[2025-12-08T07:35:30.977+0000] {logging_mixin.py:190} INFO - [2025-12-08T07:35:30.976+0000] {dagbag.py:587} INFO - Filling up the DagBag from /home/airflow/.local/lib/python3.12/site-packages/airflow/example_dags/example_dataset_alias.py
[2025-12-08T07:35:31.332+0000] {processor.py:925} INFO - DAG(s) 'dataset_s3_bucket_producer', 'dataset_s3_bucket_consumer', 'dataset_alias_example_alias_consumer', 'dataset_alias_example_alias_producer' retrieved from /home/airflow/.local/lib/python3.12/site-packages/airflow/example_dags/example_dataset_alias.py
[2025-12-08T07:35:31.380+0000] {logging_mixin.py:190} INFO - [2025-12-08T07:35:31.379+0000] {dag.py:3211} INFO - Sync 4 DAGs
[2025-12-08T07:35:31.430+0000] {logging_mixin.py:190} INFO - [2025-12-08T07:35:31.430+0000] {dag.py:4138} INFO - Setting next_dagrun for dataset_alias_example_alias_consumer to None, run_after=None
[2025-12-08T07:35:31.437+0000] {logging_mixin.py:190} INFO - [2025-12-08T07:35:31.436+0000] {dag.py:4138} INFO - Setting next_dagrun for dataset_alias_example_alias_producer to None, run_after=None
[2025-12-08T07:35:31.441+0000] {logging_mixin.py:190} INFO - [2025-12-08T07:35:31.441+0000] {dag.py:4138} INFO - Setting next_dagrun for dataset_s3_bucket_consumer to None, run_after=None
[2025-12-08T07:35:31.446+0000] {logging_mixin.py:190} INFO - [2025-12-08T07:35:31.445+0000] {dag.py:4138} INFO - Setting next_dagrun for dataset_s3_bucket_producer to None, run_after=None
[2025-12-08T07:35:31.500+0000] {processor.py:208} INFO - Processing /home/airflow/.local/lib/python3.12/site-packages/airflow/example_dags/example_dataset_alias.py took 0.543 seconds
[2025-12-08T07:36:01.823+0000] {processor.py:186} INFO - Started process (PID=1271) to work on /home/airflow/.local/lib/python3.12/site-packages/airflow/example_dags/example_dataset_alias.py
[2025-12-08T07:36:01.825+0000] {processor.py:914} INFO - Processing file /home/airflow/.local/lib/python3.12/site-packages/airflow/example_dags/example_dataset_alias.py for tasks to queue
[2025-12-08T07:36:01.832+0000] {logging_mixin.py:190} INFO - [2025-12-08T07:36:01.832+0000] {dagbag.py:587} INFO - Filling up the DagBag from /home/airflow/.local/lib/python3.12/site-packages/airflow/example_dags/example_dataset_alias.py
[2025-12-08T07:36:02.201+0000] {processor.py:925} INFO - DAG(s) 'dataset_alias_example_alias_producer', 'dataset_s3_bucket_consumer', 'dataset_s3_bucket_producer', 'dataset_alias_example_alias_consumer' retrieved from /home/airflow/.local/lib/python3.12/site-packages/airflow/example_dags/example_dataset_alias.py
[2025-12-08T07:36:02.269+0000] {logging_mixin.py:190} INFO - [2025-12-08T07:36:02.268+0000] {dag.py:3211} INFO - Sync 4 DAGs
[2025-12-08T07:36:02.321+0000] {logging_mixin.py:190} INFO - [2025-12-08T07:36:02.321+0000] {dag.py:4138} INFO - Setting next_dagrun for dataset_alias_example_alias_consumer to None, run_after=None
[2025-12-08T07:36:02.327+0000] {logging_mixin.py:190} INFO - [2025-12-08T07:36:02.326+0000] {dag.py:4138} INFO - Setting next_dagrun for dataset_alias_example_alias_producer to None, run_after=None
[2025-12-08T07:36:02.331+0000] {logging_mixin.py:190} INFO - [2025-12-08T07:36:02.330+0000] {dag.py:4138} INFO - Setting next_dagrun for dataset_s3_bucket_consumer to None, run_after=None
[2025-12-08T07:36:02.335+0000] {logging_mixin.py:190} INFO - [2025-12-08T07:36:02.334+0000] {dag.py:4138} INFO - Setting next_dagrun for dataset_s3_bucket_producer to None, run_after=None
[2025-12-08T07:36:02.387+0000] {processor.py:208} INFO - Processing /home/airflow/.local/lib/python3.12/site-packages/airflow/example_dags/example_dataset_alias.py took 0.578 seconds
[2025-12-08T07:36:32.654+0000] {processor.py:186} INFO - Started process (PID=1335) to work on /home/airflow/.local/lib/python3.12/site-packages/airflow/example_dags/example_dataset_alias.py
[2025-12-08T07:36:32.657+0000] {processor.py:914} INFO - Processing file /home/airflow/.local/lib/python3.12/site-packages/airflow/example_dags/example_dataset_alias.py for tasks to queue
[2025-12-08T07:36:32.664+0000] {logging_mixin.py:190} INFO - [2025-12-08T07:36:32.663+0000] {dagbag.py:587} INFO - Filling up the DagBag from /home/airflow/.local/lib/python3.12/site-packages/airflow/example_dags/example_dataset_alias.py
[2025-12-08T07:36:33.011+0000] {processor.py:925} INFO - DAG(s) 'dataset_s3_bucket_consumer', 'dataset_alias_example_alias_producer', 'dataset_alias_example_alias_consumer', 'dataset_s3_bucket_producer' retrieved from /home/airflow/.local/lib/python3.12/site-packages/airflow/example_dags/example_dataset_alias.py
[2025-12-08T07:36:33.062+0000] {logging_mixin.py:190} INFO - [2025-12-08T07:36:33.062+0000] {dag.py:3211} INFO - Sync 4 DAGs
[2025-12-08T07:36:33.105+0000] {logging_mixin.py:190} INFO - [2025-12-08T07:36:33.104+0000] {dag.py:4138} INFO - Setting next_dagrun for dataset_alias_example_alias_consumer to None, run_after=None
[2025-12-08T07:36:33.112+0000] {logging_mixin.py:190} INFO - [2025-12-08T07:36:33.111+0000] {dag.py:4138} INFO - Setting next_dagrun for dataset_alias_example_alias_producer to None, run_after=None
[2025-12-08T07:36:33.115+0000] {logging_mixin.py:190} INFO - [2025-12-08T07:36:33.115+0000] {dag.py:4138} INFO - Setting next_dagrun for dataset_s3_bucket_consumer to None, run_after=None
[2025-12-08T07:36:33.119+0000] {logging_mixin.py:190} INFO - [2025-12-08T07:36:33.118+0000] {dag.py:4138} INFO - Setting next_dagrun for dataset_s3_bucket_producer to None, run_after=None
[2025-12-08T07:36:33.174+0000] {processor.py:208} INFO - Processing /home/airflow/.local/lib/python3.12/site-packages/airflow/example_dags/example_dataset_alias.py took 0.532 seconds
[2025-12-08T07:37:03.358+0000] {processor.py:186} INFO - Started process (PID=1399) to work on /home/airflow/.local/lib/python3.12/site-packages/airflow/example_dags/example_dataset_alias.py
[2025-12-08T07:37:03.361+0000] {processor.py:914} INFO - Processing file /home/airflow/.local/lib/python3.12/site-packages/airflow/example_dags/example_dataset_alias.py for tasks to queue
[2025-12-08T07:37:03.369+0000] {logging_mixin.py:190} INFO - [2025-12-08T07:37:03.369+0000] {dagbag.py:587} INFO - Filling up the DagBag from /home/airflow/.local/lib/python3.12/site-packages/airflow/example_dags/example_dataset_alias.py
[2025-12-08T07:37:03.740+0000] {processor.py:925} INFO - DAG(s) 'dataset_s3_bucket_consumer', 'dataset_s3_bucket_producer', 'dataset_alias_example_alias_producer', 'dataset_alias_example_alias_consumer' retrieved from /home/airflow/.local/lib/python3.12/site-packages/airflow/example_dags/example_dataset_alias.py
[2025-12-08T07:37:03.791+0000] {logging_mixin.py:190} INFO - [2025-12-08T07:37:03.790+0000] {dag.py:3211} INFO - Sync 4 DAGs
[2025-12-08T07:37:03.846+0000] {logging_mixin.py:190} INFO - [2025-12-08T07:37:03.846+0000] {dag.py:4138} INFO - Setting next_dagrun for dataset_alias_example_alias_consumer to None, run_after=None
[2025-12-08T07:37:03.852+0000] {logging_mixin.py:190} INFO - [2025-12-08T07:37:03.852+0000] {dag.py:4138} INFO - Setting next_dagrun for dataset_alias_example_alias_producer to None, run_after=None
[2025-12-08T07:37:03.856+0000] {logging_mixin.py:190} INFO - [2025-12-08T07:37:03.856+0000] {dag.py:4138} INFO - Setting next_dagrun for dataset_s3_bucket_consumer to None, run_after=None
[2025-12-08T07:37:03.860+0000] {logging_mixin.py:190} INFO - [2025-12-08T07:37:03.860+0000] {dag.py:4138} INFO - Setting next_dagrun for dataset_s3_bucket_producer to None, run_after=None
[2025-12-08T07:37:03.922+0000] {processor.py:208} INFO - Processing /home/airflow/.local/lib/python3.12/site-packages/airflow/example_dags/example_dataset_alias.py took 0.578 seconds
[2025-12-08T07:37:34.168+0000] {processor.py:186} INFO - Started process (PID=1464) to work on /home/airflow/.local/lib/python3.12/site-packages/airflow/example_dags/example_dataset_alias.py
[2025-12-08T07:37:34.171+0000] {processor.py:914} INFO - Processing file /home/airflow/.local/lib/python3.12/site-packages/airflow/example_dags/example_dataset_alias.py for tasks to queue
[2025-12-08T07:37:34.176+0000] {logging_mixin.py:190} INFO - [2025-12-08T07:37:34.175+0000] {dagbag.py:587} INFO - Filling up the DagBag from /home/airflow/.local/lib/python3.12/site-packages/airflow/example_dags/example_dataset_alias.py
[2025-12-08T07:37:34.564+0000] {processor.py:925} INFO - DAG(s) 'dataset_s3_bucket_consumer', 'dataset_s3_bucket_producer', 'dataset_alias_example_alias_producer', 'dataset_alias_example_alias_consumer' retrieved from /home/airflow/.local/lib/python3.12/site-packages/airflow/example_dags/example_dataset_alias.py
[2025-12-08T07:37:34.613+0000] {logging_mixin.py:190} INFO - [2025-12-08T07:37:34.612+0000] {dag.py:3211} INFO - Sync 4 DAGs
[2025-12-08T07:37:34.651+0000] {logging_mixin.py:190} INFO - [2025-12-08T07:37:34.650+0000] {dag.py:4138} INFO - Setting next_dagrun for dataset_alias_example_alias_consumer to None, run_after=None
[2025-12-08T07:37:34.658+0000] {logging_mixin.py:190} INFO - [2025-12-08T07:37:34.657+0000] {dag.py:4138} INFO - Setting next_dagrun for dataset_alias_example_alias_producer to None, run_after=None
[2025-12-08T07:37:34.663+0000] {logging_mixin.py:190} INFO - [2025-12-08T07:37:34.662+0000] {dag.py:4138} INFO - Setting next_dagrun for dataset_s3_bucket_consumer to None, run_after=None
[2025-12-08T07:37:34.672+0000] {logging_mixin.py:190} INFO - [2025-12-08T07:37:34.671+0000] {dag.py:4138} INFO - Setting next_dagrun for dataset_s3_bucket_producer to None, run_after=None
[2025-12-08T07:37:34.728+0000] {processor.py:208} INFO - Processing /home/airflow/.local/lib/python3.12/site-packages/airflow/example_dags/example_dataset_alias.py took 0.577 seconds
[2025-12-08T07:38:05.492+0000] {processor.py:186} INFO - Started process (PID=1529) to work on /home/airflow/.local/lib/python3.12/site-packages/airflow/example_dags/example_dataset_alias.py
[2025-12-08T07:38:05.495+0000] {processor.py:914} INFO - Processing file /home/airflow/.local/lib/python3.12/site-packages/airflow/example_dags/example_dataset_alias.py for tasks to queue
[2025-12-08T07:38:05.501+0000] {logging_mixin.py:190} INFO - [2025-12-08T07:38:05.500+0000] {dagbag.py:587} INFO - Filling up the DagBag from /home/airflow/.local/lib/python3.12/site-packages/airflow/example_dags/example_dataset_alias.py
[2025-12-08T07:38:05.822+0000] {processor.py:925} INFO - DAG(s) 'dataset_alias_example_alias_consumer', 'dataset_alias_example_alias_producer', 'dataset_s3_bucket_producer', 'dataset_s3_bucket_consumer' retrieved from /home/airflow/.local/lib/python3.12/site-packages/airflow/example_dags/example_dataset_alias.py
[2025-12-08T07:38:05.884+0000] {logging_mixin.py:190} INFO - [2025-12-08T07:38:05.883+0000] {dag.py:3211} INFO - Sync 4 DAGs
[2025-12-08T07:38:05.938+0000] {logging_mixin.py:190} INFO - [2025-12-08T07:38:05.937+0000] {dag.py:4138} INFO - Setting next_dagrun for dataset_alias_example_alias_consumer to None, run_after=None
[2025-12-08T07:38:05.944+0000] {logging_mixin.py:190} INFO - [2025-12-08T07:38:05.943+0000] {dag.py:4138} INFO - Setting next_dagrun for dataset_alias_example_alias_producer to None, run_after=None
[2025-12-08T07:38:05.948+0000] {logging_mixin.py:190} INFO - [2025-12-08T07:38:05.948+0000] {dag.py:4138} INFO - Setting next_dagrun for dataset_s3_bucket_consumer to None, run_after=None
[2025-12-08T07:38:05.953+0000] {logging_mixin.py:190} INFO - [2025-12-08T07:38:05.952+0000] {dag.py:4138} INFO - Setting next_dagrun for dataset_s3_bucket_producer to None, run_after=None
[2025-12-08T07:38:06.022+0000] {processor.py:208} INFO - Processing /home/airflow/.local/lib/python3.12/site-packages/airflow/example_dags/example_dataset_alias.py took 0.546 seconds
[2025-12-08T07:38:36.245+0000] {processor.py:186} INFO - Started process (PID=1595) to work on /home/airflow/.local/lib/python3.12/site-packages/airflow/example_dags/example_dataset_alias.py
[2025-12-08T07:38:36.247+0000] {processor.py:914} INFO - Processing file /home/airflow/.local/lib/python3.12/site-packages/airflow/example_dags/example_dataset_alias.py for tasks to queue
[2025-12-08T07:38:36.256+0000] {logging_mixin.py:190} INFO - [2025-12-08T07:38:36.253+0000] {dagbag.py:587} INFO - Filling up the DagBag from /home/airflow/.local/lib/python3.12/site-packages/airflow/example_dags/example_dataset_alias.py
[2025-12-08T07:38:36.578+0000] {processor.py:925} INFO - DAG(s) 'dataset_s3_bucket_consumer', 'dataset_alias_example_alias_consumer', 'dataset_alias_example_alias_producer', 'dataset_s3_bucket_producer' retrieved from /home/airflow/.local/lib/python3.12/site-packages/airflow/example_dags/example_dataset_alias.py
[2025-12-08T07:38:36.622+0000] {logging_mixin.py:190} INFO - [2025-12-08T07:38:36.622+0000] {dag.py:3211} INFO - Sync 4 DAGs
[2025-12-08T07:38:36.663+0000] {logging_mixin.py:190} INFO - [2025-12-08T07:38:36.663+0000] {dag.py:4138} INFO - Setting next_dagrun for dataset_alias_example_alias_consumer to None, run_after=None
[2025-12-08T07:38:36.670+0000] {logging_mixin.py:190} INFO - [2025-12-08T07:38:36.669+0000] {dag.py:4138} INFO - Setting next_dagrun for dataset_alias_example_alias_producer to None, run_after=None
[2025-12-08T07:38:36.673+0000] {logging_mixin.py:190} INFO - [2025-12-08T07:38:36.673+0000] {dag.py:4138} INFO - Setting next_dagrun for dataset_s3_bucket_consumer to None, run_after=None
[2025-12-08T07:38:36.680+0000] {logging_mixin.py:190} INFO - [2025-12-08T07:38:36.679+0000] {dag.py:4138} INFO - Setting next_dagrun for dataset_s3_bucket_producer to None, run_after=None
[2025-12-08T07:38:36.729+0000] {processor.py:208} INFO - Processing /home/airflow/.local/lib/python3.12/site-packages/airflow/example_dags/example_dataset_alias.py took 0.497 seconds
[2025-12-08T07:39:07.460+0000] {processor.py:186} INFO - Started process (PID=1659) to work on /home/airflow/.local/lib/python3.12/site-packages/airflow/example_dags/example_dataset_alias.py
[2025-12-08T07:39:07.462+0000] {processor.py:914} INFO - Processing file /home/airflow/.local/lib/python3.12/site-packages/airflow/example_dags/example_dataset_alias.py for tasks to queue
[2025-12-08T07:39:07.468+0000] {logging_mixin.py:190} INFO - [2025-12-08T07:39:07.467+0000] {dagbag.py:587} INFO - Filling up the DagBag from /home/airflow/.local/lib/python3.12/site-packages/airflow/example_dags/example_dataset_alias.py
[2025-12-08T07:39:07.720+0000] {processor.py:925} INFO - DAG(s) 'dataset_s3_bucket_consumer', 'dataset_alias_example_alias_consumer', 'dataset_alias_example_alias_producer', 'dataset_s3_bucket_producer' retrieved from /home/airflow/.local/lib/python3.12/site-packages/airflow/example_dags/example_dataset_alias.py
[2025-12-08T07:39:07.758+0000] {logging_mixin.py:190} INFO - [2025-12-08T07:39:07.758+0000] {dag.py:3211} INFO - Sync 4 DAGs
[2025-12-08T07:39:08.095+0000] {logging_mixin.py:190} INFO - [2025-12-08T07:39:08.094+0000] {dag.py:4138} INFO - Setting next_dagrun for dataset_alias_example_alias_consumer to None, run_after=None
[2025-12-08T07:39:08.100+0000] {logging_mixin.py:190} INFO - [2025-12-08T07:39:08.099+0000] {dag.py:4138} INFO - Setting next_dagrun for dataset_alias_example_alias_producer to None, run_after=None
[2025-12-08T07:39:08.103+0000] {logging_mixin.py:190} INFO - [2025-12-08T07:39:08.103+0000] {dag.py:4138} INFO - Setting next_dagrun for dataset_s3_bucket_consumer to None, run_after=None
[2025-12-08T07:39:08.106+0000] {logging_mixin.py:190} INFO - [2025-12-08T07:39:08.105+0000] {dag.py:4138} INFO - Setting next_dagrun for dataset_s3_bucket_producer to None, run_after=None
[2025-12-08T07:39:08.145+0000] {processor.py:208} INFO - Processing /home/airflow/.local/lib/python3.12/site-packages/airflow/example_dags/example_dataset_alias.py took 0.701 seconds
[2025-12-08T07:39:38.495+0000] {processor.py:186} INFO - Started process (PID=1722) to work on /home/airflow/.local/lib/python3.12/site-packages/airflow/example_dags/example_dataset_alias.py
[2025-12-08T07:39:38.497+0000] {processor.py:914} INFO - Processing file /home/airflow/.local/lib/python3.12/site-packages/airflow/example_dags/example_dataset_alias.py for tasks to queue
[2025-12-08T07:39:38.503+0000] {logging_mixin.py:190} INFO - [2025-12-08T07:39:38.502+0000] {dagbag.py:587} INFO - Filling up the DagBag from /home/airflow/.local/lib/python3.12/site-packages/airflow/example_dags/example_dataset_alias.py
[2025-12-08T07:39:38.743+0000] {processor.py:925} INFO - DAG(s) 'dataset_alias_example_alias_consumer', 'dataset_s3_bucket_consumer', 'dataset_s3_bucket_producer', 'dataset_alias_example_alias_producer' retrieved from /home/airflow/.local/lib/python3.12/site-packages/airflow/example_dags/example_dataset_alias.py
[2025-12-08T07:39:38.778+0000] {logging_mixin.py:190} INFO - [2025-12-08T07:39:38.778+0000] {dag.py:3211} INFO - Sync 4 DAGs
[2025-12-08T07:39:38.813+0000] {logging_mixin.py:190} INFO - [2025-12-08T07:39:38.812+0000] {dag.py:4138} INFO - Setting next_dagrun for dataset_alias_example_alias_consumer to None, run_after=None
[2025-12-08T07:39:38.818+0000] {logging_mixin.py:190} INFO - [2025-12-08T07:39:38.818+0000] {dag.py:4138} INFO - Setting next_dagrun for dataset_alias_example_alias_producer to None, run_after=None
[2025-12-08T07:39:38.822+0000] {logging_mixin.py:190} INFO - [2025-12-08T07:39:38.821+0000] {dag.py:4138} INFO - Setting next_dagrun for dataset_s3_bucket_consumer to None, run_after=None
[2025-12-08T07:39:38.825+0000] {logging_mixin.py:190} INFO - [2025-12-08T07:39:38.825+0000] {dag.py:4138} INFO - Setting next_dagrun for dataset_s3_bucket_producer to None, run_after=None
[2025-12-08T07:39:39.178+0000] {processor.py:208} INFO - Processing /home/airflow/.local/lib/python3.12/site-packages/airflow/example_dags/example_dataset_alias.py took 0.691 seconds
[2025-12-08T07:40:10.230+0000] {processor.py:186} INFO - Started process (PID=1787) to work on /home/airflow/.local/lib/python3.12/site-packages/airflow/example_dags/example_dataset_alias.py
[2025-12-08T07:40:10.234+0000] {processor.py:914} INFO - Processing file /home/airflow/.local/lib/python3.12/site-packages/airflow/example_dags/example_dataset_alias.py for tasks to queue
[2025-12-08T07:40:10.240+0000] {logging_mixin.py:190} INFO - [2025-12-08T07:40:10.239+0000] {dagbag.py:587} INFO - Filling up the DagBag from /home/airflow/.local/lib/python3.12/site-packages/airflow/example_dags/example_dataset_alias.py
[2025-12-08T07:40:10.540+0000] {processor.py:925} INFO - DAG(s) 'dataset_alias_example_alias_consumer', 'dataset_s3_bucket_producer', 'dataset_s3_bucket_consumer', 'dataset_alias_example_alias_producer' retrieved from /home/airflow/.local/lib/python3.12/site-packages/airflow/example_dags/example_dataset_alias.py
[2025-12-08T07:40:10.589+0000] {logging_mixin.py:190} INFO - [2025-12-08T07:40:10.588+0000] {dag.py:3211} INFO - Sync 4 DAGs
[2025-12-08T07:40:10.624+0000] {logging_mixin.py:190} INFO - [2025-12-08T07:40:10.624+0000] {dag.py:4138} INFO - Setting next_dagrun for dataset_alias_example_alias_consumer to None, run_after=None
[2025-12-08T07:40:10.630+0000] {logging_mixin.py:190} INFO - [2025-12-08T07:40:10.629+0000] {dag.py:4138} INFO - Setting next_dagrun for dataset_alias_example_alias_producer to None, run_after=None
[2025-12-08T07:40:10.634+0000] {logging_mixin.py:190} INFO - [2025-12-08T07:40:10.633+0000] {dag.py:4138} INFO - Setting next_dagrun for dataset_s3_bucket_consumer to None, run_after=None
[2025-12-08T07:40:10.638+0000] {logging_mixin.py:190} INFO - [2025-12-08T07:40:10.637+0000] {dag.py:4138} INFO - Setting next_dagrun for dataset_s3_bucket_producer to None, run_after=None
[2025-12-08T07:40:10.698+0000] {processor.py:208} INFO - Processing /home/airflow/.local/lib/python3.12/site-packages/airflow/example_dags/example_dataset_alias.py took 0.483 seconds
[2025-12-08T07:40:40.893+0000] {processor.py:186} INFO - Started process (PID=1850) to work on /home/airflow/.local/lib/python3.12/site-packages/airflow/example_dags/example_dataset_alias.py
[2025-12-08T07:40:40.896+0000] {processor.py:914} INFO - Processing file /home/airflow/.local/lib/python3.12/site-packages/airflow/example_dags/example_dataset_alias.py for tasks to queue
[2025-12-08T07:40:40.904+0000] {logging_mixin.py:190} INFO - [2025-12-08T07:40:40.903+0000] {dagbag.py:587} INFO - Filling up the DagBag from /home/airflow/.local/lib/python3.12/site-packages/airflow/example_dags/example_dataset_alias.py
[2025-12-08T07:40:41.253+0000] {processor.py:925} INFO - DAG(s) 'dataset_s3_bucket_consumer', 'dataset_s3_bucket_producer', 'dataset_alias_example_alias_producer', 'dataset_alias_example_alias_consumer' retrieved from /home/airflow/.local/lib/python3.12/site-packages/airflow/example_dags/example_dataset_alias.py
[2025-12-08T07:40:41.310+0000] {logging_mixin.py:190} INFO - [2025-12-08T07:40:41.309+0000] {dag.py:3211} INFO - Sync 4 DAGs
[2025-12-08T07:40:41.371+0000] {logging_mixin.py:190} INFO - [2025-12-08T07:40:41.370+0000] {dag.py:4138} INFO - Setting next_dagrun for dataset_alias_example_alias_consumer to None, run_after=None
[2025-12-08T07:40:41.377+0000] {logging_mixin.py:190} INFO - [2025-12-08T07:40:41.377+0000] {dag.py:4138} INFO - Setting next_dagrun for dataset_alias_example_alias_producer to None, run_after=None
[2025-12-08T07:40:41.384+0000] {logging_mixin.py:190} INFO - [2025-12-08T07:40:41.381+0000] {dag.py:4138} INFO - Setting next_dagrun for dataset_s3_bucket_consumer to None, run_after=None
[2025-12-08T07:40:41.388+0000] {logging_mixin.py:190} INFO - [2025-12-08T07:40:41.388+0000] {dag.py:4138} INFO - Setting next_dagrun for dataset_s3_bucket_producer to None, run_after=None
[2025-12-08T07:40:41.457+0000] {processor.py:208} INFO - Processing /home/airflow/.local/lib/python3.12/site-packages/airflow/example_dags/example_dataset_alias.py took 0.576 seconds
[2025-12-08T07:41:12.397+0000] {processor.py:186} INFO - Started process (PID=1913) to work on /home/airflow/.local/lib/python3.12/site-packages/airflow/example_dags/example_dataset_alias.py
[2025-12-08T07:41:12.401+0000] {processor.py:914} INFO - Processing file /home/airflow/.local/lib/python3.12/site-packages/airflow/example_dags/example_dataset_alias.py for tasks to queue
[2025-12-08T07:41:12.408+0000] {logging_mixin.py:190} INFO - [2025-12-08T07:41:12.407+0000] {dagbag.py:587} INFO - Filling up the DagBag from /home/airflow/.local/lib/python3.12/site-packages/airflow/example_dags/example_dataset_alias.py
[2025-12-08T07:41:12.753+0000] {processor.py:925} INFO - DAG(s) 'dataset_s3_bucket_producer', 'dataset_alias_example_alias_consumer', 'dataset_alias_example_alias_producer', 'dataset_s3_bucket_consumer' retrieved from /home/airflow/.local/lib/python3.12/site-packages/airflow/example_dags/example_dataset_alias.py
[2025-12-08T07:41:12.805+0000] {logging_mixin.py:190} INFO - [2025-12-08T07:41:12.805+0000] {dag.py:3211} INFO - Sync 4 DAGs
[2025-12-08T07:41:13.334+0000] {logging_mixin.py:190} INFO - [2025-12-08T07:41:13.333+0000] {dag.py:4138} INFO - Setting next_dagrun for dataset_alias_example_alias_consumer to None, run_after=None
[2025-12-08T07:41:13.349+0000] {logging_mixin.py:190} INFO - [2025-12-08T07:41:13.348+0000] {dag.py:4138} INFO - Setting next_dagrun for dataset_alias_example_alias_producer to None, run_after=None
[2025-12-08T07:41:13.364+0000] {logging_mixin.py:190} INFO - [2025-12-08T07:41:13.360+0000] {dag.py:4138} INFO - Setting next_dagrun for dataset_s3_bucket_consumer to None, run_after=None
[2025-12-08T07:41:13.370+0000] {logging_mixin.py:190} INFO - [2025-12-08T07:41:13.369+0000] {dag.py:4138} INFO - Setting next_dagrun for dataset_s3_bucket_producer to None, run_after=None
[2025-12-08T07:41:13.462+0000] {processor.py:208} INFO - Processing /home/airflow/.local/lib/python3.12/site-packages/airflow/example_dags/example_dataset_alias.py took 1.002 seconds
[2025-12-08T07:41:43.999+0000] {processor.py:186} INFO - Started process (PID=1976) to work on /home/airflow/.local/lib/python3.12/site-packages/airflow/example_dags/example_dataset_alias.py
[2025-12-08T07:41:44.001+0000] {processor.py:914} INFO - Processing file /home/airflow/.local/lib/python3.12/site-packages/airflow/example_dags/example_dataset_alias.py for tasks to queue
[2025-12-08T07:41:44.009+0000] {logging_mixin.py:190} INFO - [2025-12-08T07:41:44.008+0000] {dagbag.py:587} INFO - Filling up the DagBag from /home/airflow/.local/lib/python3.12/site-packages/airflow/example_dags/example_dataset_alias.py
[2025-12-08T07:41:44.341+0000] {processor.py:925} INFO - DAG(s) 'dataset_alias_example_alias_consumer', 'dataset_s3_bucket_producer', 'dataset_alias_example_alias_producer', 'dataset_s3_bucket_consumer' retrieved from /home/airflow/.local/lib/python3.12/site-packages/airflow/example_dags/example_dataset_alias.py
[2025-12-08T07:41:44.398+0000] {logging_mixin.py:190} INFO - [2025-12-08T07:41:44.396+0000] {dag.py:3211} INFO - Sync 4 DAGs
[2025-12-08T07:41:44.798+0000] {logging_mixin.py:190} INFO - [2025-12-08T07:41:44.798+0000] {dag.py:4138} INFO - Setting next_dagrun for dataset_alias_example_alias_consumer to None, run_after=None
[2025-12-08T07:41:44.805+0000] {logging_mixin.py:190} INFO - [2025-12-08T07:41:44.804+0000] {dag.py:4138} INFO - Setting next_dagrun for dataset_alias_example_alias_producer to None, run_after=None
[2025-12-08T07:41:44.809+0000] {logging_mixin.py:190} INFO - [2025-12-08T07:41:44.809+0000] {dag.py:4138} INFO - Setting next_dagrun for dataset_s3_bucket_consumer to None, run_after=None
[2025-12-08T07:41:44.813+0000] {logging_mixin.py:190} INFO - [2025-12-08T07:41:44.813+0000] {dag.py:4138} INFO - Setting next_dagrun for dataset_s3_bucket_producer to None, run_after=None
[2025-12-08T07:41:44.862+0000] {processor.py:208} INFO - Processing /home/airflow/.local/lib/python3.12/site-packages/airflow/example_dags/example_dataset_alias.py took 0.889 seconds
[2025-12-08T07:42:15.815+0000] {processor.py:186} INFO - Started process (PID=2039) to work on /home/airflow/.local/lib/python3.12/site-packages/airflow/example_dags/example_dataset_alias.py
[2025-12-08T07:42:15.819+0000] {processor.py:914} INFO - Processing file /home/airflow/.local/lib/python3.12/site-packages/airflow/example_dags/example_dataset_alias.py for tasks to queue
[2025-12-08T07:42:15.828+0000] {logging_mixin.py:190} INFO - [2025-12-08T07:42:15.827+0000] {dagbag.py:587} INFO - Filling up the DagBag from /home/airflow/.local/lib/python3.12/site-packages/airflow/example_dags/example_dataset_alias.py
[2025-12-08T07:42:16.115+0000] {processor.py:925} INFO - DAG(s) 'dataset_s3_bucket_consumer', 'dataset_alias_example_alias_producer', 'dataset_s3_bucket_producer', 'dataset_alias_example_alias_consumer' retrieved from /home/airflow/.local/lib/python3.12/site-packages/airflow/example_dags/example_dataset_alias.py
[2025-12-08T07:42:16.170+0000] {logging_mixin.py:190} INFO - [2025-12-08T07:42:16.169+0000] {dag.py:3211} INFO - Sync 4 DAGs
[2025-12-08T07:42:16.215+0000] {logging_mixin.py:190} INFO - [2025-12-08T07:42:16.215+0000] {dag.py:4138} INFO - Setting next_dagrun for dataset_alias_example_alias_consumer to None, run_after=None
[2025-12-08T07:42:16.221+0000] {logging_mixin.py:190} INFO - [2025-12-08T07:42:16.221+0000] {dag.py:4138} INFO - Setting next_dagrun for dataset_alias_example_alias_producer to None, run_after=None
[2025-12-08T07:42:16.226+0000] {logging_mixin.py:190} INFO - [2025-12-08T07:42:16.225+0000] {dag.py:4138} INFO - Setting next_dagrun for dataset_s3_bucket_consumer to None, run_after=None
[2025-12-08T07:42:16.229+0000] {logging_mixin.py:190} INFO - [2025-12-08T07:42:16.228+0000] {dag.py:4138} INFO - Setting next_dagrun for dataset_s3_bucket_producer to None, run_after=None
[2025-12-08T07:42:16.657+0000] {processor.py:208} INFO - Processing /home/airflow/.local/lib/python3.12/site-packages/airflow/example_dags/example_dataset_alias.py took 0.858 seconds
[2025-12-08T07:42:47.528+0000] {processor.py:186} INFO - Started process (PID=2103) to work on /home/airflow/.local/lib/python3.12/site-packages/airflow/example_dags/example_dataset_alias.py
[2025-12-08T07:42:47.532+0000] {processor.py:914} INFO - Processing file /home/airflow/.local/lib/python3.12/site-packages/airflow/example_dags/example_dataset_alias.py for tasks to queue
[2025-12-08T07:42:47.539+0000] {logging_mixin.py:190} INFO - [2025-12-08T07:42:47.539+0000] {dagbag.py:587} INFO - Filling up the DagBag from /home/airflow/.local/lib/python3.12/site-packages/airflow/example_dags/example_dataset_alias.py
[2025-12-08T07:42:48.212+0000] {processor.py:925} INFO - DAG(s) 'dataset_s3_bucket_consumer', 'dataset_alias_example_alias_producer', 'dataset_alias_example_alias_consumer', 'dataset_s3_bucket_producer' retrieved from /home/airflow/.local/lib/python3.12/site-packages/airflow/example_dags/example_dataset_alias.py
[2025-12-08T07:42:48.264+0000] {logging_mixin.py:190} INFO - [2025-12-08T07:42:48.264+0000] {dag.py:3211} INFO - Sync 4 DAGs
[2025-12-08T07:42:48.307+0000] {logging_mixin.py:190} INFO - [2025-12-08T07:42:48.306+0000] {dag.py:4138} INFO - Setting next_dagrun for dataset_alias_example_alias_consumer to None, run_after=None
[2025-12-08T07:42:48.313+0000] {logging_mixin.py:190} INFO - [2025-12-08T07:42:48.313+0000] {dag.py:4138} INFO - Setting next_dagrun for dataset_alias_example_alias_producer to None, run_after=None
[2025-12-08T07:42:48.318+0000] {logging_mixin.py:190} INFO - [2025-12-08T07:42:48.317+0000] {dag.py:4138} INFO - Setting next_dagrun for dataset_s3_bucket_consumer to None, run_after=None
[2025-12-08T07:42:48.323+0000] {logging_mixin.py:190} INFO - [2025-12-08T07:42:48.323+0000] {dag.py:4138} INFO - Setting next_dagrun for dataset_s3_bucket_producer to None, run_after=None
[2025-12-08T07:42:48.373+0000] {processor.py:208} INFO - Processing /home/airflow/.local/lib/python3.12/site-packages/airflow/example_dags/example_dataset_alias.py took 0.861 seconds
[2025-12-08T07:43:19.091+0000] {processor.py:186} INFO - Started process (PID=2166) to work on /home/airflow/.local/lib/python3.12/site-packages/airflow/example_dags/example_dataset_alias.py
[2025-12-08T07:43:19.095+0000] {processor.py:914} INFO - Processing file /home/airflow/.local/lib/python3.12/site-packages/airflow/example_dags/example_dataset_alias.py for tasks to queue
[2025-12-08T07:43:19.105+0000] {logging_mixin.py:190} INFO - [2025-12-08T07:43:19.104+0000] {dagbag.py:587} INFO - Filling up the DagBag from /home/airflow/.local/lib/python3.12/site-packages/airflow/example_dags/example_dataset_alias.py
[2025-12-08T07:43:19.477+0000] {processor.py:925} INFO - DAG(s) 'dataset_s3_bucket_producer', 'dataset_alias_example_alias_consumer', 'dataset_alias_example_alias_producer', 'dataset_s3_bucket_consumer' retrieved from /home/airflow/.local/lib/python3.12/site-packages/airflow/example_dags/example_dataset_alias.py
[2025-12-08T07:43:19.923+0000] {logging_mixin.py:190} INFO - [2025-12-08T07:43:19.922+0000] {dag.py:3211} INFO - Sync 4 DAGs
[2025-12-08T07:43:19.964+0000] {logging_mixin.py:190} INFO - [2025-12-08T07:43:19.963+0000] {dag.py:4138} INFO - Setting next_dagrun for dataset_alias_example_alias_consumer to None, run_after=None
[2025-12-08T07:43:19.972+0000] {logging_mixin.py:190} INFO - [2025-12-08T07:43:19.971+0000] {dag.py:4138} INFO - Setting next_dagrun for dataset_alias_example_alias_producer to None, run_after=None
[2025-12-08T07:43:19.977+0000] {logging_mixin.py:190} INFO - [2025-12-08T07:43:19.977+0000] {dag.py:4138} INFO - Setting next_dagrun for dataset_s3_bucket_consumer to None, run_after=None
[2025-12-08T07:43:19.980+0000] {logging_mixin.py:190} INFO - [2025-12-08T07:43:19.980+0000] {dag.py:4138} INFO - Setting next_dagrun for dataset_s3_bucket_producer to None, run_after=None
[2025-12-08T07:43:20.026+0000] {processor.py:208} INFO - Processing /home/airflow/.local/lib/python3.12/site-packages/airflow/example_dags/example_dataset_alias.py took 0.952 seconds
[2025-12-08T07:43:50.311+0000] {processor.py:186} INFO - Started process (PID=2229) to work on /home/airflow/.local/lib/python3.12/site-packages/airflow/example_dags/example_dataset_alias.py
[2025-12-08T07:43:50.314+0000] {processor.py:914} INFO - Processing file /home/airflow/.local/lib/python3.12/site-packages/airflow/example_dags/example_dataset_alias.py for tasks to queue
[2025-12-08T07:43:50.321+0000] {logging_mixin.py:190} INFO - [2025-12-08T07:43:50.319+0000] {dagbag.py:587} INFO - Filling up the DagBag from /home/airflow/.local/lib/python3.12/site-packages/airflow/example_dags/example_dataset_alias.py
[2025-12-08T07:43:51.005+0000] {processor.py:925} INFO - DAG(s) 'dataset_alias_example_alias_consumer', 'dataset_s3_bucket_consumer', 'dataset_alias_example_alias_producer', 'dataset_s3_bucket_producer' retrieved from /home/airflow/.local/lib/python3.12/site-packages/airflow/example_dags/example_dataset_alias.py
[2025-12-08T07:43:51.059+0000] {logging_mixin.py:190} INFO - [2025-12-08T07:43:51.058+0000] {dag.py:3211} INFO - Sync 4 DAGs
[2025-12-08T07:43:51.104+0000] {logging_mixin.py:190} INFO - [2025-12-08T07:43:51.103+0000] {dag.py:4138} INFO - Setting next_dagrun for dataset_alias_example_alias_consumer to None, run_after=None
[2025-12-08T07:43:51.109+0000] {logging_mixin.py:190} INFO - [2025-12-08T07:43:51.109+0000] {dag.py:4138} INFO - Setting next_dagrun for dataset_alias_example_alias_producer to None, run_after=None
[2025-12-08T07:43:51.113+0000] {logging_mixin.py:190} INFO - [2025-12-08T07:43:51.113+0000] {dag.py:4138} INFO - Setting next_dagrun for dataset_s3_bucket_consumer to None, run_after=None
[2025-12-08T07:43:51.119+0000] {logging_mixin.py:190} INFO - [2025-12-08T07:43:51.118+0000] {dag.py:4138} INFO - Setting next_dagrun for dataset_s3_bucket_producer to None, run_after=None
[2025-12-08T07:43:51.173+0000] {processor.py:208} INFO - Processing /home/airflow/.local/lib/python3.12/site-packages/airflow/example_dags/example_dataset_alias.py took 0.874 seconds
[2025-12-08T07:44:21.906+0000] {processor.py:186} INFO - Started process (PID=2292) to work on /home/airflow/.local/lib/python3.12/site-packages/airflow/example_dags/example_dataset_alias.py
[2025-12-08T07:44:21.910+0000] {processor.py:914} INFO - Processing file /home/airflow/.local/lib/python3.12/site-packages/airflow/example_dags/example_dataset_alias.py for tasks to queue
[2025-12-08T07:44:21.917+0000] {logging_mixin.py:190} INFO - [2025-12-08T07:44:21.916+0000] {dagbag.py:587} INFO - Filling up the DagBag from /home/airflow/.local/lib/python3.12/site-packages/airflow/example_dags/example_dataset_alias.py
[2025-12-08T07:44:22.856+0000] {processor.py:925} INFO - DAG(s) 'dataset_s3_bucket_consumer', 'dataset_alias_example_alias_producer', 'dataset_alias_example_alias_consumer', 'dataset_s3_bucket_producer' retrieved from /home/airflow/.local/lib/python3.12/site-packages/airflow/example_dags/example_dataset_alias.py
[2025-12-08T07:44:22.927+0000] {logging_mixin.py:190} INFO - [2025-12-08T07:44:22.927+0000] {dag.py:3211} INFO - Sync 4 DAGs
[2025-12-08T07:44:23.000+0000] {logging_mixin.py:190} INFO - [2025-12-08T07:44:22.999+0000] {dag.py:4138} INFO - Setting next_dagrun for dataset_alias_example_alias_consumer to None, run_after=None
[2025-12-08T07:44:23.012+0000] {logging_mixin.py:190} INFO - [2025-12-08T07:44:23.010+0000] {dag.py:4138} INFO - Setting next_dagrun for dataset_alias_example_alias_producer to None, run_after=None
[2025-12-08T07:44:23.019+0000] {logging_mixin.py:190} INFO - [2025-12-08T07:44:23.018+0000] {dag.py:4138} INFO - Setting next_dagrun for dataset_s3_bucket_consumer to None, run_after=None
[2025-12-08T07:44:23.024+0000] {logging_mixin.py:190} INFO - [2025-12-08T07:44:23.023+0000] {dag.py:4138} INFO - Setting next_dagrun for dataset_s3_bucket_producer to None, run_after=None
[2025-12-08T07:44:23.099+0000] {processor.py:208} INFO - Processing /home/airflow/.local/lib/python3.12/site-packages/airflow/example_dags/example_dataset_alias.py took 1.207 seconds
[2025-12-08T07:44:53.409+0000] {processor.py:186} INFO - Started process (PID=2355) to work on /home/airflow/.local/lib/python3.12/site-packages/airflow/example_dags/example_dataset_alias.py
[2025-12-08T07:44:53.412+0000] {processor.py:914} INFO - Processing file /home/airflow/.local/lib/python3.12/site-packages/airflow/example_dags/example_dataset_alias.py for tasks to queue
[2025-12-08T07:44:53.420+0000] {logging_mixin.py:190} INFO - [2025-12-08T07:44:53.419+0000] {dagbag.py:587} INFO - Filling up the DagBag from /home/airflow/.local/lib/python3.12/site-packages/airflow/example_dags/example_dataset_alias.py
[2025-12-08T07:44:54.105+0000] {processor.py:925} INFO - DAG(s) 'dataset_s3_bucket_consumer', 'dataset_s3_bucket_producer', 'dataset_alias_example_alias_consumer', 'dataset_alias_example_alias_producer' retrieved from /home/airflow/.local/lib/python3.12/site-packages/airflow/example_dags/example_dataset_alias.py
[2025-12-08T07:44:54.156+0000] {logging_mixin.py:190} INFO - [2025-12-08T07:44:54.156+0000] {dag.py:3211} INFO - Sync 4 DAGs
[2025-12-08T07:44:54.213+0000] {logging_mixin.py:190} INFO - [2025-12-08T07:44:54.212+0000] {dag.py:4138} INFO - Setting next_dagrun for dataset_alias_example_alias_consumer to None, run_after=None
[2025-12-08T07:44:54.219+0000] {logging_mixin.py:190} INFO - [2025-12-08T07:44:54.219+0000] {dag.py:4138} INFO - Setting next_dagrun for dataset_alias_example_alias_producer to None, run_after=None
[2025-12-08T07:44:54.225+0000] {logging_mixin.py:190} INFO - [2025-12-08T07:44:54.224+0000] {dag.py:4138} INFO - Setting next_dagrun for dataset_s3_bucket_consumer to None, run_after=None
[2025-12-08T07:44:54.229+0000] {logging_mixin.py:190} INFO - [2025-12-08T07:44:54.228+0000] {dag.py:4138} INFO - Setting next_dagrun for dataset_s3_bucket_producer to None, run_after=None
[2025-12-08T07:44:54.286+0000] {processor.py:208} INFO - Processing /home/airflow/.local/lib/python3.12/site-packages/airflow/example_dags/example_dataset_alias.py took 0.893 seconds
[2025-12-08T07:45:25.299+0000] {processor.py:186} INFO - Started process (PID=2424) to work on /home/airflow/.local/lib/python3.12/site-packages/airflow/example_dags/example_dataset_alias.py
[2025-12-08T07:45:25.302+0000] {processor.py:914} INFO - Processing file /home/airflow/.local/lib/python3.12/site-packages/airflow/example_dags/example_dataset_alias.py for tasks to queue
[2025-12-08T07:45:25.309+0000] {logging_mixin.py:190} INFO - [2025-12-08T07:45:25.308+0000] {dagbag.py:587} INFO - Filling up the DagBag from /home/airflow/.local/lib/python3.12/site-packages/airflow/example_dags/example_dataset_alias.py
[2025-12-08T07:45:26.000+0000] {processor.py:925} INFO - DAG(s) 'dataset_s3_bucket_consumer', 'dataset_alias_example_alias_consumer', 'dataset_s3_bucket_producer', 'dataset_alias_example_alias_producer' retrieved from /home/airflow/.local/lib/python3.12/site-packages/airflow/example_dags/example_dataset_alias.py
[2025-12-08T07:45:26.043+0000] {logging_mixin.py:190} INFO - [2025-12-08T07:45:26.042+0000] {dag.py:3211} INFO - Sync 4 DAGs
[2025-12-08T07:45:26.079+0000] {logging_mixin.py:190} INFO - [2025-12-08T07:45:26.079+0000] {dag.py:4138} INFO - Setting next_dagrun for dataset_alias_example_alias_consumer to None, run_after=None
[2025-12-08T07:45:26.084+0000] {logging_mixin.py:190} INFO - [2025-12-08T07:45:26.084+0000] {dag.py:4138} INFO - Setting next_dagrun for dataset_alias_example_alias_producer to None, run_after=None
[2025-12-08T07:45:26.089+0000] {logging_mixin.py:190} INFO - [2025-12-08T07:45:26.089+0000] {dag.py:4138} INFO - Setting next_dagrun for dataset_s3_bucket_consumer to None, run_after=None
[2025-12-08T07:45:26.094+0000] {logging_mixin.py:190} INFO - [2025-12-08T07:45:26.094+0000] {dag.py:4138} INFO - Setting next_dagrun for dataset_s3_bucket_producer to None, run_after=None
[2025-12-08T07:45:26.143+0000] {processor.py:208} INFO - Processing /home/airflow/.local/lib/python3.12/site-packages/airflow/example_dags/example_dataset_alias.py took 0.863 seconds
[2025-12-08T07:45:56.981+0000] {processor.py:186} INFO - Started process (PID=2493) to work on /home/airflow/.local/lib/python3.12/site-packages/airflow/example_dags/example_dataset_alias.py
[2025-12-08T07:45:56.990+0000] {processor.py:914} INFO - Processing file /home/airflow/.local/lib/python3.12/site-packages/airflow/example_dags/example_dataset_alias.py for tasks to queue
[2025-12-08T07:45:56.997+0000] {logging_mixin.py:190} INFO - [2025-12-08T07:45:56.996+0000] {dagbag.py:587} INFO - Filling up the DagBag from /home/airflow/.local/lib/python3.12/site-packages/airflow/example_dags/example_dataset_alias.py
[2025-12-08T07:45:57.624+0000] {processor.py:925} INFO - DAG(s) 'dataset_alias_example_alias_producer', 'dataset_s3_bucket_consumer', 'dataset_s3_bucket_producer', 'dataset_alias_example_alias_consumer' retrieved from /home/airflow/.local/lib/python3.12/site-packages/airflow/example_dags/example_dataset_alias.py
[2025-12-08T07:45:57.688+0000] {logging_mixin.py:190} INFO - [2025-12-08T07:45:57.688+0000] {dag.py:3211} INFO - Sync 4 DAGs
[2025-12-08T07:45:57.723+0000] {logging_mixin.py:190} INFO - [2025-12-08T07:45:57.722+0000] {dag.py:4138} INFO - Setting next_dagrun for dataset_alias_example_alias_consumer to None, run_after=None
[2025-12-08T07:45:57.730+0000] {logging_mixin.py:190} INFO - [2025-12-08T07:45:57.729+0000] {dag.py:4138} INFO - Setting next_dagrun for dataset_alias_example_alias_producer to None, run_after=None
[2025-12-08T07:45:57.734+0000] {logging_mixin.py:190} INFO - [2025-12-08T07:45:57.734+0000] {dag.py:4138} INFO - Setting next_dagrun for dataset_s3_bucket_consumer to None, run_after=None
[2025-12-08T07:45:57.737+0000] {logging_mixin.py:190} INFO - [2025-12-08T07:45:57.737+0000] {dag.py:4138} INFO - Setting next_dagrun for dataset_s3_bucket_producer to None, run_after=None
[2025-12-08T07:45:57.784+0000] {processor.py:208} INFO - Processing /home/airflow/.local/lib/python3.12/site-packages/airflow/example_dags/example_dataset_alias.py took 0.828 seconds
[2025-12-08T07:46:28.532+0000] {processor.py:186} INFO - Started process (PID=2558) to work on /home/airflow/.local/lib/python3.12/site-packages/airflow/example_dags/example_dataset_alias.py
[2025-12-08T07:46:28.534+0000] {processor.py:914} INFO - Processing file /home/airflow/.local/lib/python3.12/site-packages/airflow/example_dags/example_dataset_alias.py for tasks to queue
[2025-12-08T07:46:28.540+0000] {logging_mixin.py:190} INFO - [2025-12-08T07:46:28.539+0000] {dagbag.py:587} INFO - Filling up the DagBag from /home/airflow/.local/lib/python3.12/site-packages/airflow/example_dags/example_dataset_alias.py
[2025-12-08T07:46:29.122+0000] {processor.py:925} INFO - DAG(s) 'dataset_alias_example_alias_consumer', 'dataset_s3_bucket_producer', 'dataset_s3_bucket_consumer', 'dataset_alias_example_alias_producer' retrieved from /home/airflow/.local/lib/python3.12/site-packages/airflow/example_dags/example_dataset_alias.py
[2025-12-08T07:46:29.164+0000] {logging_mixin.py:190} INFO - [2025-12-08T07:46:29.164+0000] {dag.py:3211} INFO - Sync 4 DAGs
[2025-12-08T07:46:29.202+0000] {logging_mixin.py:190} INFO - [2025-12-08T07:46:29.202+0000] {dag.py:4138} INFO - Setting next_dagrun for dataset_alias_example_alias_consumer to None, run_after=None
[2025-12-08T07:46:29.208+0000] {logging_mixin.py:190} INFO - [2025-12-08T07:46:29.207+0000] {dag.py:4138} INFO - Setting next_dagrun for dataset_alias_example_alias_producer to None, run_after=None
[2025-12-08T07:46:29.211+0000] {logging_mixin.py:190} INFO - [2025-12-08T07:46:29.210+0000] {dag.py:4138} INFO - Setting next_dagrun for dataset_s3_bucket_consumer to None, run_after=None
[2025-12-08T07:46:29.214+0000] {logging_mixin.py:190} INFO - [2025-12-08T07:46:29.214+0000] {dag.py:4138} INFO - Setting next_dagrun for dataset_s3_bucket_producer to None, run_after=None
[2025-12-08T07:46:29.252+0000] {processor.py:208} INFO - Processing /home/airflow/.local/lib/python3.12/site-packages/airflow/example_dags/example_dataset_alias.py took 0.731 seconds
[2025-12-08T07:46:59.775+0000] {processor.py:186} INFO - Started process (PID=2623) to work on /home/airflow/.local/lib/python3.12/site-packages/airflow/example_dags/example_dataset_alias.py
[2025-12-08T07:46:59.778+0000] {processor.py:914} INFO - Processing file /home/airflow/.local/lib/python3.12/site-packages/airflow/example_dags/example_dataset_alias.py for tasks to queue
[2025-12-08T07:46:59.787+0000] {logging_mixin.py:190} INFO - [2025-12-08T07:46:59.786+0000] {dagbag.py:587} INFO - Filling up the DagBag from /home/airflow/.local/lib/python3.12/site-packages/airflow/example_dags/example_dataset_alias.py
[2025-12-08T07:47:00.505+0000] {processor.py:925} INFO - DAG(s) 'dataset_s3_bucket_producer', 'dataset_s3_bucket_consumer', 'dataset_alias_example_alias_consumer', 'dataset_alias_example_alias_producer' retrieved from /home/airflow/.local/lib/python3.12/site-packages/airflow/example_dags/example_dataset_alias.py
[2025-12-08T07:47:00.554+0000] {logging_mixin.py:190} INFO - [2025-12-08T07:47:00.553+0000] {dag.py:3211} INFO - Sync 4 DAGs
[2025-12-08T07:47:00.594+0000] {logging_mixin.py:190} INFO - [2025-12-08T07:47:00.594+0000] {dag.py:4138} INFO - Setting next_dagrun for dataset_alias_example_alias_consumer to None, run_after=None
[2025-12-08T07:47:00.601+0000] {logging_mixin.py:190} INFO - [2025-12-08T07:47:00.600+0000] {dag.py:4138} INFO - Setting next_dagrun for dataset_alias_example_alias_producer to None, run_after=None
[2025-12-08T07:47:00.605+0000] {logging_mixin.py:190} INFO - [2025-12-08T07:47:00.604+0000] {dag.py:4138} INFO - Setting next_dagrun for dataset_s3_bucket_consumer to None, run_after=None
[2025-12-08T07:47:00.611+0000] {logging_mixin.py:190} INFO - [2025-12-08T07:47:00.610+0000] {dag.py:4138} INFO - Setting next_dagrun for dataset_s3_bucket_producer to None, run_after=None
[2025-12-08T07:47:00.663+0000] {processor.py:208} INFO - Processing /home/airflow/.local/lib/python3.12/site-packages/airflow/example_dags/example_dataset_alias.py took 0.898 seconds
[2025-12-08T07:47:32.162+0000] {processor.py:186} INFO - Started process (PID=2689) to work on /home/airflow/.local/lib/python3.12/site-packages/airflow/example_dags/example_dataset_alias.py
[2025-12-08T07:47:32.164+0000] {processor.py:914} INFO - Processing file /home/airflow/.local/lib/python3.12/site-packages/airflow/example_dags/example_dataset_alias.py for tasks to queue
[2025-12-08T07:47:32.171+0000] {logging_mixin.py:190} INFO - [2025-12-08T07:47:32.170+0000] {dagbag.py:587} INFO - Filling up the DagBag from /home/airflow/.local/lib/python3.12/site-packages/airflow/example_dags/example_dataset_alias.py
[2025-12-08T07:47:32.812+0000] {processor.py:925} INFO - DAG(s) 'dataset_s3_bucket_producer', 'dataset_alias_example_alias_producer', 'dataset_s3_bucket_consumer', 'dataset_alias_example_alias_consumer' retrieved from /home/airflow/.local/lib/python3.12/site-packages/airflow/example_dags/example_dataset_alias.py
[2025-12-08T07:47:32.869+0000] {logging_mixin.py:190} INFO - [2025-12-08T07:47:32.869+0000] {dag.py:3211} INFO - Sync 4 DAGs
[2025-12-08T07:47:32.913+0000] {logging_mixin.py:190} INFO - [2025-12-08T07:47:32.913+0000] {dag.py:4138} INFO - Setting next_dagrun for dataset_alias_example_alias_consumer to None, run_after=None
[2025-12-08T07:47:32.919+0000] {logging_mixin.py:190} INFO - [2025-12-08T07:47:32.919+0000] {dag.py:4138} INFO - Setting next_dagrun for dataset_alias_example_alias_producer to None, run_after=None
[2025-12-08T07:47:32.923+0000] {logging_mixin.py:190} INFO - [2025-12-08T07:47:32.922+0000] {dag.py:4138} INFO - Setting next_dagrun for dataset_s3_bucket_consumer to None, run_after=None
[2025-12-08T07:47:32.927+0000] {logging_mixin.py:190} INFO - [2025-12-08T07:47:32.926+0000] {dag.py:4138} INFO - Setting next_dagrun for dataset_s3_bucket_producer to None, run_after=None
[2025-12-08T07:47:32.973+0000] {processor.py:208} INFO - Processing /home/airflow/.local/lib/python3.12/site-packages/airflow/example_dags/example_dataset_alias.py took 0.824 seconds
[2025-12-08T07:48:03.207+0000] {processor.py:186} INFO - Started process (PID=2753) to work on /home/airflow/.local/lib/python3.12/site-packages/airflow/example_dags/example_dataset_alias.py
[2025-12-08T07:48:03.210+0000] {processor.py:914} INFO - Processing file /home/airflow/.local/lib/python3.12/site-packages/airflow/example_dags/example_dataset_alias.py for tasks to queue
[2025-12-08T07:48:03.215+0000] {logging_mixin.py:190} INFO - [2025-12-08T07:48:03.214+0000] {dagbag.py:587} INFO - Filling up the DagBag from /home/airflow/.local/lib/python3.12/site-packages/airflow/example_dags/example_dataset_alias.py
[2025-12-08T07:48:03.843+0000] {processor.py:925} INFO - DAG(s) 'dataset_alias_example_alias_producer', 'dataset_alias_example_alias_consumer', 'dataset_s3_bucket_consumer', 'dataset_s3_bucket_producer' retrieved from /home/airflow/.local/lib/python3.12/site-packages/airflow/example_dags/example_dataset_alias.py
[2025-12-08T07:48:03.883+0000] {logging_mixin.py:190} INFO - [2025-12-08T07:48:03.883+0000] {dag.py:3211} INFO - Sync 4 DAGs
[2025-12-08T07:48:03.923+0000] {logging_mixin.py:190} INFO - [2025-12-08T07:48:03.922+0000] {dag.py:4138} INFO - Setting next_dagrun for dataset_alias_example_alias_consumer to None, run_after=None
[2025-12-08T07:48:03.929+0000] {logging_mixin.py:190} INFO - [2025-12-08T07:48:03.928+0000] {dag.py:4138} INFO - Setting next_dagrun for dataset_alias_example_alias_producer to None, run_after=None
[2025-12-08T07:48:03.932+0000] {logging_mixin.py:190} INFO - [2025-12-08T07:48:03.931+0000] {dag.py:4138} INFO - Setting next_dagrun for dataset_s3_bucket_consumer to None, run_after=None
[2025-12-08T07:48:03.935+0000] {logging_mixin.py:190} INFO - [2025-12-08T07:48:03.935+0000] {dag.py:4138} INFO - Setting next_dagrun for dataset_s3_bucket_producer to None, run_after=None
[2025-12-08T07:48:03.983+0000] {processor.py:208} INFO - Processing /home/airflow/.local/lib/python3.12/site-packages/airflow/example_dags/example_dataset_alias.py took 0.791 seconds
[2025-12-08T07:48:34.537+0000] {processor.py:186} INFO - Started process (PID=2817) to work on /home/airflow/.local/lib/python3.12/site-packages/airflow/example_dags/example_dataset_alias.py
[2025-12-08T07:48:34.540+0000] {processor.py:914} INFO - Processing file /home/airflow/.local/lib/python3.12/site-packages/airflow/example_dags/example_dataset_alias.py for tasks to queue
[2025-12-08T07:48:34.546+0000] {logging_mixin.py:190} INFO - [2025-12-08T07:48:34.546+0000] {dagbag.py:587} INFO - Filling up the DagBag from /home/airflow/.local/lib/python3.12/site-packages/airflow/example_dags/example_dataset_alias.py
[2025-12-08T07:48:35.194+0000] {processor.py:925} INFO - DAG(s) 'dataset_s3_bucket_producer', 'dataset_alias_example_alias_consumer', 'dataset_alias_example_alias_producer', 'dataset_s3_bucket_consumer' retrieved from /home/airflow/.local/lib/python3.12/site-packages/airflow/example_dags/example_dataset_alias.py
[2025-12-08T07:48:35.254+0000] {logging_mixin.py:190} INFO - [2025-12-08T07:48:35.253+0000] {dag.py:3211} INFO - Sync 4 DAGs
[2025-12-08T07:48:35.296+0000] {logging_mixin.py:190} INFO - [2025-12-08T07:48:35.296+0000] {dag.py:4138} INFO - Setting next_dagrun for dataset_alias_example_alias_consumer to None, run_after=None
[2025-12-08T07:48:35.303+0000] {logging_mixin.py:190} INFO - [2025-12-08T07:48:35.302+0000] {dag.py:4138} INFO - Setting next_dagrun for dataset_alias_example_alias_producer to None, run_after=None
[2025-12-08T07:48:35.306+0000] {logging_mixin.py:190} INFO - [2025-12-08T07:48:35.305+0000] {dag.py:4138} INFO - Setting next_dagrun for dataset_s3_bucket_consumer to None, run_after=None
[2025-12-08T07:48:35.309+0000] {logging_mixin.py:190} INFO - [2025-12-08T07:48:35.308+0000] {dag.py:4138} INFO - Setting next_dagrun for dataset_s3_bucket_producer to None, run_after=None
[2025-12-08T07:48:35.356+0000] {processor.py:208} INFO - Processing /home/airflow/.local/lib/python3.12/site-packages/airflow/example_dags/example_dataset_alias.py took 0.829 seconds
[2025-12-08T07:49:05.675+0000] {processor.py:186} INFO - Started process (PID=2880) to work on /home/airflow/.local/lib/python3.12/site-packages/airflow/example_dags/example_dataset_alias.py
[2025-12-08T07:49:05.678+0000] {processor.py:914} INFO - Processing file /home/airflow/.local/lib/python3.12/site-packages/airflow/example_dags/example_dataset_alias.py for tasks to queue
[2025-12-08T07:49:05.686+0000] {logging_mixin.py:190} INFO - [2025-12-08T07:49:05.686+0000] {dagbag.py:587} INFO - Filling up the DagBag from /home/airflow/.local/lib/python3.12/site-packages/airflow/example_dags/example_dataset_alias.py
[2025-12-08T07:49:06.368+0000] {processor.py:925} INFO - DAG(s) 'dataset_s3_bucket_consumer', 'dataset_alias_example_alias_producer', 'dataset_s3_bucket_producer', 'dataset_alias_example_alias_consumer' retrieved from /home/airflow/.local/lib/python3.12/site-packages/airflow/example_dags/example_dataset_alias.py
[2025-12-08T07:49:06.417+0000] {logging_mixin.py:190} INFO - [2025-12-08T07:49:06.417+0000] {dag.py:3211} INFO - Sync 4 DAGs
[2025-12-08T07:49:06.461+0000] {logging_mixin.py:190} INFO - [2025-12-08T07:49:06.460+0000] {dag.py:4138} INFO - Setting next_dagrun for dataset_alias_example_alias_consumer to None, run_after=None
[2025-12-08T07:49:06.470+0000] {logging_mixin.py:190} INFO - [2025-12-08T07:49:06.470+0000] {dag.py:4138} INFO - Setting next_dagrun for dataset_alias_example_alias_producer to None, run_after=None
[2025-12-08T07:49:06.475+0000] {logging_mixin.py:190} INFO - [2025-12-08T07:49:06.474+0000] {dag.py:4138} INFO - Setting next_dagrun for dataset_s3_bucket_consumer to None, run_after=None
[2025-12-08T07:49:06.478+0000] {logging_mixin.py:190} INFO - [2025-12-08T07:49:06.477+0000] {dag.py:4138} INFO - Setting next_dagrun for dataset_s3_bucket_producer to None, run_after=None
[2025-12-08T07:49:06.525+0000] {processor.py:208} INFO - Processing /home/airflow/.local/lib/python3.12/site-packages/airflow/example_dags/example_dataset_alias.py took 0.865 seconds
[2025-12-08T07:49:37.178+0000] {processor.py:186} INFO - Started process (PID=2944) to work on /home/airflow/.local/lib/python3.12/site-packages/airflow/example_dags/example_dataset_alias.py
[2025-12-08T07:49:37.183+0000] {processor.py:914} INFO - Processing file /home/airflow/.local/lib/python3.12/site-packages/airflow/example_dags/example_dataset_alias.py for tasks to queue
[2025-12-08T07:49:37.190+0000] {logging_mixin.py:190} INFO - [2025-12-08T07:49:37.189+0000] {dagbag.py:587} INFO - Filling up the DagBag from /home/airflow/.local/lib/python3.12/site-packages/airflow/example_dags/example_dataset_alias.py
[2025-12-08T07:49:37.749+0000] {processor.py:925} INFO - DAG(s) 'dataset_alias_example_alias_consumer', 'dataset_alias_example_alias_producer', 'dataset_s3_bucket_producer', 'dataset_s3_bucket_consumer' retrieved from /home/airflow/.local/lib/python3.12/site-packages/airflow/example_dags/example_dataset_alias.py
[2025-12-08T07:49:37.790+0000] {logging_mixin.py:190} INFO - [2025-12-08T07:49:37.789+0000] {dag.py:3211} INFO - Sync 4 DAGs
[2025-12-08T07:49:37.820+0000] {logging_mixin.py:190} INFO - [2025-12-08T07:49:37.819+0000] {dag.py:4138} INFO - Setting next_dagrun for dataset_alias_example_alias_consumer to None, run_after=None
[2025-12-08T07:49:37.825+0000] {logging_mixin.py:190} INFO - [2025-12-08T07:49:37.824+0000] {dag.py:4138} INFO - Setting next_dagrun for dataset_alias_example_alias_producer to None, run_after=None
[2025-12-08T07:49:37.828+0000] {logging_mixin.py:190} INFO - [2025-12-08T07:49:37.828+0000] {dag.py:4138} INFO - Setting next_dagrun for dataset_s3_bucket_consumer to None, run_after=None
[2025-12-08T07:49:37.830+0000] {logging_mixin.py:190} INFO - [2025-12-08T07:49:37.830+0000] {dag.py:4138} INFO - Setting next_dagrun for dataset_s3_bucket_producer to None, run_after=None
[2025-12-08T07:49:37.869+0000] {processor.py:208} INFO - Processing /home/airflow/.local/lib/python3.12/site-packages/airflow/example_dags/example_dataset_alias.py took 0.709 seconds
[2025-12-08T07:50:07.986+0000] {processor.py:186} INFO - Started process (PID=3007) to work on /home/airflow/.local/lib/python3.12/site-packages/airflow/example_dags/example_dataset_alias.py
[2025-12-08T07:50:07.989+0000] {processor.py:914} INFO - Processing file /home/airflow/.local/lib/python3.12/site-packages/airflow/example_dags/example_dataset_alias.py for tasks to queue
[2025-12-08T07:50:07.999+0000] {logging_mixin.py:190} INFO - [2025-12-08T07:50:07.997+0000] {dagbag.py:587} INFO - Filling up the DagBag from /home/airflow/.local/lib/python3.12/site-packages/airflow/example_dags/example_dataset_alias.py
[2025-12-08T07:50:08.673+0000] {processor.py:925} INFO - DAG(s) 'dataset_alias_example_alias_consumer', 'dataset_s3_bucket_consumer', 'dataset_alias_example_alias_producer', 'dataset_s3_bucket_producer' retrieved from /home/airflow/.local/lib/python3.12/site-packages/airflow/example_dags/example_dataset_alias.py
[2025-12-08T07:50:08.725+0000] {logging_mixin.py:190} INFO - [2025-12-08T07:50:08.725+0000] {dag.py:3211} INFO - Sync 4 DAGs
[2025-12-08T07:50:08.791+0000] {logging_mixin.py:190} INFO - [2025-12-08T07:50:08.791+0000] {dag.py:4138} INFO - Setting next_dagrun for dataset_alias_example_alias_consumer to None, run_after=None
[2025-12-08T07:50:08.799+0000] {logging_mixin.py:190} INFO - [2025-12-08T07:50:08.798+0000] {dag.py:4138} INFO - Setting next_dagrun for dataset_alias_example_alias_producer to None, run_after=None
[2025-12-08T07:50:08.808+0000] {logging_mixin.py:190} INFO - [2025-12-08T07:50:08.807+0000] {dag.py:4138} INFO - Setting next_dagrun for dataset_s3_bucket_consumer to None, run_after=None
[2025-12-08T07:50:08.812+0000] {logging_mixin.py:190} INFO - [2025-12-08T07:50:08.812+0000] {dag.py:4138} INFO - Setting next_dagrun for dataset_s3_bucket_producer to None, run_after=None
[2025-12-08T07:50:08.870+0000] {processor.py:208} INFO - Processing /home/airflow/.local/lib/python3.12/site-packages/airflow/example_dags/example_dataset_alias.py took 0.896 seconds
[2025-12-08T07:50:39.770+0000] {processor.py:186} INFO - Started process (PID=3071) to work on /home/airflow/.local/lib/python3.12/site-packages/airflow/example_dags/example_dataset_alias.py
[2025-12-08T07:50:39.782+0000] {processor.py:914} INFO - Processing file /home/airflow/.local/lib/python3.12/site-packages/airflow/example_dags/example_dataset_alias.py for tasks to queue
[2025-12-08T07:50:39.799+0000] {logging_mixin.py:190} INFO - [2025-12-08T07:50:39.798+0000] {dagbag.py:587} INFO - Filling up the DagBag from /home/airflow/.local/lib/python3.12/site-packages/airflow/example_dags/example_dataset_alias.py
[2025-12-08T07:50:40.245+0000] {processor.py:925} INFO - DAG(s) 'dataset_s3_bucket_producer', 'dataset_alias_example_alias_consumer', 'dataset_s3_bucket_consumer', 'dataset_alias_example_alias_producer' retrieved from /home/airflow/.local/lib/python3.12/site-packages/airflow/example_dags/example_dataset_alias.py
[2025-12-08T07:50:40.296+0000] {logging_mixin.py:190} INFO - [2025-12-08T07:50:40.296+0000] {dag.py:3211} INFO - Sync 4 DAGs
[2025-12-08T07:50:40.334+0000] {logging_mixin.py:190} INFO - [2025-12-08T07:50:40.334+0000] {dag.py:4138} INFO - Setting next_dagrun for dataset_alias_example_alias_consumer to None, run_after=None
[2025-12-08T07:50:40.340+0000] {logging_mixin.py:190} INFO - [2025-12-08T07:50:40.339+0000] {dag.py:4138} INFO - Setting next_dagrun for dataset_alias_example_alias_producer to None, run_after=None
[2025-12-08T07:50:40.343+0000] {logging_mixin.py:190} INFO - [2025-12-08T07:50:40.343+0000] {dag.py:4138} INFO - Setting next_dagrun for dataset_s3_bucket_consumer to None, run_after=None
[2025-12-08T07:50:40.347+0000] {logging_mixin.py:190} INFO - [2025-12-08T07:50:40.347+0000] {dag.py:4138} INFO - Setting next_dagrun for dataset_s3_bucket_producer to None, run_after=None
[2025-12-08T07:50:40.393+0000] {processor.py:208} INFO - Processing /home/airflow/.local/lib/python3.12/site-packages/airflow/example_dags/example_dataset_alias.py took 0.648 seconds
[2025-12-08T07:51:10.696+0000] {processor.py:186} INFO - Started process (PID=3134) to work on /home/airflow/.local/lib/python3.12/site-packages/airflow/example_dags/example_dataset_alias.py
[2025-12-08T07:51:10.699+0000] {processor.py:914} INFO - Processing file /home/airflow/.local/lib/python3.12/site-packages/airflow/example_dags/example_dataset_alias.py for tasks to queue
[2025-12-08T07:51:10.703+0000] {logging_mixin.py:190} INFO - [2025-12-08T07:51:10.703+0000] {dagbag.py:587} INFO - Filling up the DagBag from /home/airflow/.local/lib/python3.12/site-packages/airflow/example_dags/example_dataset_alias.py
[2025-12-08T07:51:10.928+0000] {processor.py:925} INFO - DAG(s) 'dataset_alias_example_alias_consumer', 'dataset_alias_example_alias_producer', 'dataset_s3_bucket_consumer', 'dataset_s3_bucket_producer' retrieved from /home/airflow/.local/lib/python3.12/site-packages/airflow/example_dags/example_dataset_alias.py
[2025-12-08T07:51:10.957+0000] {logging_mixin.py:190} INFO - [2025-12-08T07:51:10.957+0000] {dag.py:3211} INFO - Sync 4 DAGs
[2025-12-08T07:51:10.985+0000] {logging_mixin.py:190} INFO - [2025-12-08T07:51:10.985+0000] {dag.py:4138} INFO - Setting next_dagrun for dataset_alias_example_alias_consumer to None, run_after=None
[2025-12-08T07:51:10.989+0000] {logging_mixin.py:190} INFO - [2025-12-08T07:51:10.989+0000] {dag.py:4138} INFO - Setting next_dagrun for dataset_alias_example_alias_producer to None, run_after=None
[2025-12-08T07:51:10.991+0000] {logging_mixin.py:190} INFO - [2025-12-08T07:51:10.991+0000] {dag.py:4138} INFO - Setting next_dagrun for dataset_s3_bucket_consumer to None, run_after=None
[2025-12-08T07:51:10.993+0000] {logging_mixin.py:190} INFO - [2025-12-08T07:51:10.993+0000] {dag.py:4138} INFO - Setting next_dagrun for dataset_s3_bucket_producer to None, run_after=None
[2025-12-08T07:51:11.025+0000] {processor.py:208} INFO - Processing /home/airflow/.local/lib/python3.12/site-packages/airflow/example_dags/example_dataset_alias.py took 0.338 seconds
[2025-12-08T07:51:41.362+0000] {processor.py:186} INFO - Started process (PID=3197) to work on /home/airflow/.local/lib/python3.12/site-packages/airflow/example_dags/example_dataset_alias.py
[2025-12-08T07:51:41.364+0000] {processor.py:914} INFO - Processing file /home/airflow/.local/lib/python3.12/site-packages/airflow/example_dags/example_dataset_alias.py for tasks to queue
[2025-12-08T07:51:41.369+0000] {logging_mixin.py:190} INFO - [2025-12-08T07:51:41.368+0000] {dagbag.py:587} INFO - Filling up the DagBag from /home/airflow/.local/lib/python3.12/site-packages/airflow/example_dags/example_dataset_alias.py
[2025-12-08T07:51:41.564+0000] {processor.py:925} INFO - DAG(s) 'dataset_alias_example_alias_consumer', 'dataset_alias_example_alias_producer', 'dataset_s3_bucket_consumer', 'dataset_s3_bucket_producer' retrieved from /home/airflow/.local/lib/python3.12/site-packages/airflow/example_dags/example_dataset_alias.py
[2025-12-08T07:51:41.591+0000] {logging_mixin.py:190} INFO - [2025-12-08T07:51:41.591+0000] {dag.py:3211} INFO - Sync 4 DAGs
[2025-12-08T07:51:41.614+0000] {logging_mixin.py:190} INFO - [2025-12-08T07:51:41.613+0000] {dag.py:4138} INFO - Setting next_dagrun for dataset_alias_example_alias_consumer to None, run_after=None
[2025-12-08T07:51:41.617+0000] {logging_mixin.py:190} INFO - [2025-12-08T07:51:41.617+0000] {dag.py:4138} INFO - Setting next_dagrun for dataset_alias_example_alias_producer to None, run_after=None
[2025-12-08T07:51:41.619+0000] {logging_mixin.py:190} INFO - [2025-12-08T07:51:41.619+0000] {dag.py:4138} INFO - Setting next_dagrun for dataset_s3_bucket_consumer to None, run_after=None
[2025-12-08T07:51:41.621+0000] {logging_mixin.py:190} INFO - [2025-12-08T07:51:41.621+0000] {dag.py:4138} INFO - Setting next_dagrun for dataset_s3_bucket_producer to None, run_after=None
[2025-12-08T07:51:41.647+0000] {processor.py:208} INFO - Processing /home/airflow/.local/lib/python3.12/site-packages/airflow/example_dags/example_dataset_alias.py took 0.297 seconds
[2025-12-08T07:52:11.849+0000] {processor.py:186} INFO - Started process (PID=3260) to work on /home/airflow/.local/lib/python3.12/site-packages/airflow/example_dags/example_dataset_alias.py
[2025-12-08T07:52:11.851+0000] {processor.py:914} INFO - Processing file /home/airflow/.local/lib/python3.12/site-packages/airflow/example_dags/example_dataset_alias.py for tasks to queue
[2025-12-08T07:52:11.854+0000] {logging_mixin.py:190} INFO - [2025-12-08T07:52:11.853+0000] {dagbag.py:587} INFO - Filling up the DagBag from /home/airflow/.local/lib/python3.12/site-packages/airflow/example_dags/example_dataset_alias.py
[2025-12-08T07:52:12.012+0000] {processor.py:925} INFO - DAG(s) 'dataset_alias_example_alias_consumer', 'dataset_alias_example_alias_producer', 'dataset_s3_bucket_consumer', 'dataset_s3_bucket_producer' retrieved from /home/airflow/.local/lib/python3.12/site-packages/airflow/example_dags/example_dataset_alias.py
[2025-12-08T07:52:12.039+0000] {logging_mixin.py:190} INFO - [2025-12-08T07:52:12.038+0000] {dag.py:3211} INFO - Sync 4 DAGs
[2025-12-08T07:52:12.063+0000] {logging_mixin.py:190} INFO - [2025-12-08T07:52:12.063+0000] {dag.py:4138} INFO - Setting next_dagrun for dataset_alias_example_alias_consumer to None, run_after=None
[2025-12-08T07:52:12.066+0000] {logging_mixin.py:190} INFO - [2025-12-08T07:52:12.066+0000] {dag.py:4138} INFO - Setting next_dagrun for dataset_alias_example_alias_producer to None, run_after=None
[2025-12-08T07:52:12.068+0000] {logging_mixin.py:190} INFO - [2025-12-08T07:52:12.068+0000] {dag.py:4138} INFO - Setting next_dagrun for dataset_s3_bucket_consumer to None, run_after=None
[2025-12-08T07:52:12.070+0000] {logging_mixin.py:190} INFO - [2025-12-08T07:52:12.070+0000] {dag.py:4138} INFO - Setting next_dagrun for dataset_s3_bucket_producer to None, run_after=None
[2025-12-08T07:52:12.091+0000] {processor.py:208} INFO - Processing /home/airflow/.local/lib/python3.12/site-packages/airflow/example_dags/example_dataset_alias.py took 0.248 seconds
[2025-12-08T07:52:42.322+0000] {processor.py:186} INFO - Started process (PID=3323) to work on /home/airflow/.local/lib/python3.12/site-packages/airflow/example_dags/example_dataset_alias.py
[2025-12-08T07:52:42.325+0000] {processor.py:914} INFO - Processing file /home/airflow/.local/lib/python3.12/site-packages/airflow/example_dags/example_dataset_alias.py for tasks to queue
[2025-12-08T07:52:42.329+0000] {logging_mixin.py:190} INFO - [2025-12-08T07:52:42.328+0000] {dagbag.py:587} INFO - Filling up the DagBag from /home/airflow/.local/lib/python3.12/site-packages/airflow/example_dags/example_dataset_alias.py
[2025-12-08T07:52:42.574+0000] {processor.py:925} INFO - DAG(s) 'dataset_alias_example_alias_consumer', 'dataset_alias_example_alias_producer', 'dataset_s3_bucket_producer', 'dataset_s3_bucket_consumer' retrieved from /home/airflow/.local/lib/python3.12/site-packages/airflow/example_dags/example_dataset_alias.py
[2025-12-08T07:52:42.608+0000] {logging_mixin.py:190} INFO - [2025-12-08T07:52:42.607+0000] {dag.py:3211} INFO - Sync 4 DAGs
[2025-12-08T07:52:42.635+0000] {logging_mixin.py:190} INFO - [2025-12-08T07:52:42.635+0000] {dag.py:4138} INFO - Setting next_dagrun for dataset_alias_example_alias_consumer to None, run_after=None
[2025-12-08T07:52:42.644+0000] {logging_mixin.py:190} INFO - [2025-12-08T07:52:42.644+0000] {dag.py:4138} INFO - Setting next_dagrun for dataset_alias_example_alias_producer to None, run_after=None
[2025-12-08T07:52:42.646+0000] {logging_mixin.py:190} INFO - [2025-12-08T07:52:42.646+0000] {dag.py:4138} INFO - Setting next_dagrun for dataset_s3_bucket_consumer to None, run_after=None
[2025-12-08T07:52:42.649+0000] {logging_mixin.py:190} INFO - [2025-12-08T07:52:42.649+0000] {dag.py:4138} INFO - Setting next_dagrun for dataset_s3_bucket_producer to None, run_after=None
[2025-12-08T07:52:42.682+0000] {processor.py:208} INFO - Processing /home/airflow/.local/lib/python3.12/site-packages/airflow/example_dags/example_dataset_alias.py took 0.368 seconds
[2025-12-08T07:53:12.754+0000] {processor.py:186} INFO - Started process (PID=3386) to work on /home/airflow/.local/lib/python3.12/site-packages/airflow/example_dags/example_dataset_alias.py
[2025-12-08T07:53:12.756+0000] {processor.py:914} INFO - Processing file /home/airflow/.local/lib/python3.12/site-packages/airflow/example_dags/example_dataset_alias.py for tasks to queue
[2025-12-08T07:53:12.760+0000] {logging_mixin.py:190} INFO - [2025-12-08T07:53:12.759+0000] {dagbag.py:587} INFO - Filling up the DagBag from /home/airflow/.local/lib/python3.12/site-packages/airflow/example_dags/example_dataset_alias.py
[2025-12-08T07:53:12.953+0000] {processor.py:925} INFO - DAG(s) 'dataset_s3_bucket_consumer', 'dataset_s3_bucket_producer', 'dataset_alias_example_alias_producer', 'dataset_alias_example_alias_consumer' retrieved from /home/airflow/.local/lib/python3.12/site-packages/airflow/example_dags/example_dataset_alias.py
[2025-12-08T07:53:12.980+0000] {logging_mixin.py:190} INFO - [2025-12-08T07:53:12.980+0000] {dag.py:3211} INFO - Sync 4 DAGs
[2025-12-08T07:53:13.006+0000] {logging_mixin.py:190} INFO - [2025-12-08T07:53:13.006+0000] {dag.py:4138} INFO - Setting next_dagrun for dataset_alias_example_alias_consumer to None, run_after=None
[2025-12-08T07:53:13.010+0000] {logging_mixin.py:190} INFO - [2025-12-08T07:53:13.009+0000] {dag.py:4138} INFO - Setting next_dagrun for dataset_alias_example_alias_producer to None, run_after=None
[2025-12-08T07:53:13.012+0000] {logging_mixin.py:190} INFO - [2025-12-08T07:53:13.012+0000] {dag.py:4138} INFO - Setting next_dagrun for dataset_s3_bucket_consumer to None, run_after=None
[2025-12-08T07:53:13.015+0000] {logging_mixin.py:190} INFO - [2025-12-08T07:53:13.014+0000] {dag.py:4138} INFO - Setting next_dagrun for dataset_s3_bucket_producer to None, run_after=None
[2025-12-08T07:53:13.047+0000] {processor.py:208} INFO - Processing /home/airflow/.local/lib/python3.12/site-packages/airflow/example_dags/example_dataset_alias.py took 0.301 seconds
[2025-12-08T07:53:43.327+0000] {processor.py:186} INFO - Started process (PID=3449) to work on /home/airflow/.local/lib/python3.12/site-packages/airflow/example_dags/example_dataset_alias.py
[2025-12-08T07:53:43.330+0000] {processor.py:914} INFO - Processing file /home/airflow/.local/lib/python3.12/site-packages/airflow/example_dags/example_dataset_alias.py for tasks to queue
[2025-12-08T07:53:43.334+0000] {logging_mixin.py:190} INFO - [2025-12-08T07:53:43.333+0000] {dagbag.py:587} INFO - Filling up the DagBag from /home/airflow/.local/lib/python3.12/site-packages/airflow/example_dags/example_dataset_alias.py
[2025-12-08T07:53:43.526+0000] {processor.py:925} INFO - DAG(s) 'dataset_s3_bucket_producer', 'dataset_s3_bucket_consumer', 'dataset_alias_example_alias_consumer', 'dataset_alias_example_alias_producer' retrieved from /home/airflow/.local/lib/python3.12/site-packages/airflow/example_dags/example_dataset_alias.py
[2025-12-08T07:53:43.555+0000] {logging_mixin.py:190} INFO - [2025-12-08T07:53:43.555+0000] {dag.py:3211} INFO - Sync 4 DAGs
[2025-12-08T07:53:43.582+0000] {logging_mixin.py:190} INFO - [2025-12-08T07:53:43.582+0000] {dag.py:4138} INFO - Setting next_dagrun for dataset_alias_example_alias_consumer to None, run_after=None
[2025-12-08T07:53:43.588+0000] {logging_mixin.py:190} INFO - [2025-12-08T07:53:43.588+0000] {dag.py:4138} INFO - Setting next_dagrun for dataset_alias_example_alias_producer to None, run_after=None
[2025-12-08T07:53:43.591+0000] {logging_mixin.py:190} INFO - [2025-12-08T07:53:43.591+0000] {dag.py:4138} INFO - Setting next_dagrun for dataset_s3_bucket_consumer to None, run_after=None
[2025-12-08T07:53:43.594+0000] {logging_mixin.py:190} INFO - [2025-12-08T07:53:43.593+0000] {dag.py:4138} INFO - Setting next_dagrun for dataset_s3_bucket_producer to None, run_after=None
[2025-12-08T07:53:43.624+0000] {processor.py:208} INFO - Processing /home/airflow/.local/lib/python3.12/site-packages/airflow/example_dags/example_dataset_alias.py took 0.307 seconds
[2025-12-08T07:54:14.021+0000] {processor.py:186} INFO - Started process (PID=3512) to work on /home/airflow/.local/lib/python3.12/site-packages/airflow/example_dags/example_dataset_alias.py
[2025-12-08T07:54:14.025+0000] {processor.py:914} INFO - Processing file /home/airflow/.local/lib/python3.12/site-packages/airflow/example_dags/example_dataset_alias.py for tasks to queue
[2025-12-08T07:54:14.033+0000] {logging_mixin.py:190} INFO - [2025-12-08T07:54:14.032+0000] {dagbag.py:587} INFO - Filling up the DagBag from /home/airflow/.local/lib/python3.12/site-packages/airflow/example_dags/example_dataset_alias.py
[2025-12-08T07:54:14.392+0000] {processor.py:925} INFO - DAG(s) 'dataset_s3_bucket_producer', 'dataset_s3_bucket_consumer', 'dataset_alias_example_alias_consumer', 'dataset_alias_example_alias_producer' retrieved from /home/airflow/.local/lib/python3.12/site-packages/airflow/example_dags/example_dataset_alias.py
[2025-12-08T07:54:14.445+0000] {logging_mixin.py:190} INFO - [2025-12-08T07:54:14.444+0000] {dag.py:3211} INFO - Sync 4 DAGs
[2025-12-08T07:54:14.487+0000] {logging_mixin.py:190} INFO - [2025-12-08T07:54:14.486+0000] {dag.py:4138} INFO - Setting next_dagrun for dataset_alias_example_alias_consumer to None, run_after=None
[2025-12-08T07:54:14.494+0000] {logging_mixin.py:190} INFO - [2025-12-08T07:54:14.494+0000] {dag.py:4138} INFO - Setting next_dagrun for dataset_alias_example_alias_producer to None, run_after=None
[2025-12-08T07:54:14.498+0000] {logging_mixin.py:190} INFO - [2025-12-08T07:54:14.497+0000] {dag.py:4138} INFO - Setting next_dagrun for dataset_s3_bucket_consumer to None, run_after=None
[2025-12-08T07:54:14.501+0000] {logging_mixin.py:190} INFO - [2025-12-08T07:54:14.501+0000] {dag.py:4138} INFO - Setting next_dagrun for dataset_s3_bucket_producer to None, run_after=None
[2025-12-08T07:54:14.557+0000] {processor.py:208} INFO - Processing /home/airflow/.local/lib/python3.12/site-packages/airflow/example_dags/example_dataset_alias.py took 0.550 seconds
[2025-12-08T07:54:44.989+0000] {processor.py:186} INFO - Started process (PID=3575) to work on /home/airflow/.local/lib/python3.12/site-packages/airflow/example_dags/example_dataset_alias.py
[2025-12-08T07:54:44.991+0000] {processor.py:914} INFO - Processing file /home/airflow/.local/lib/python3.12/site-packages/airflow/example_dags/example_dataset_alias.py for tasks to queue
[2025-12-08T07:54:44.997+0000] {logging_mixin.py:190} INFO - [2025-12-08T07:54:44.996+0000] {dagbag.py:587} INFO - Filling up the DagBag from /home/airflow/.local/lib/python3.12/site-packages/airflow/example_dags/example_dataset_alias.py
[2025-12-08T07:54:45.222+0000] {processor.py:925} INFO - DAG(s) 'dataset_alias_example_alias_consumer', 'dataset_alias_example_alias_producer', 'dataset_s3_bucket_producer', 'dataset_s3_bucket_consumer' retrieved from /home/airflow/.local/lib/python3.12/site-packages/airflow/example_dags/example_dataset_alias.py
[2025-12-08T07:54:45.249+0000] {logging_mixin.py:190} INFO - [2025-12-08T07:54:45.249+0000] {dag.py:3211} INFO - Sync 4 DAGs
[2025-12-08T07:54:45.274+0000] {logging_mixin.py:190} INFO - [2025-12-08T07:54:45.274+0000] {dag.py:4138} INFO - Setting next_dagrun for dataset_alias_example_alias_consumer to None, run_after=None
[2025-12-08T07:54:45.277+0000] {logging_mixin.py:190} INFO - [2025-12-08T07:54:45.277+0000] {dag.py:4138} INFO - Setting next_dagrun for dataset_alias_example_alias_producer to None, run_after=None
[2025-12-08T07:54:45.282+0000] {logging_mixin.py:190} INFO - [2025-12-08T07:54:45.281+0000] {dag.py:4138} INFO - Setting next_dagrun for dataset_s3_bucket_consumer to None, run_after=None
[2025-12-08T07:54:45.284+0000] {logging_mixin.py:190} INFO - [2025-12-08T07:54:45.284+0000] {dag.py:4138} INFO - Setting next_dagrun for dataset_s3_bucket_producer to None, run_after=None
[2025-12-08T07:54:45.315+0000] {processor.py:208} INFO - Processing /home/airflow/.local/lib/python3.12/site-packages/airflow/example_dags/example_dataset_alias.py took 0.337 seconds
[2025-12-08T07:55:15.744+0000] {processor.py:186} INFO - Started process (PID=3638) to work on /home/airflow/.local/lib/python3.12/site-packages/airflow/example_dags/example_dataset_alias.py
[2025-12-08T07:55:15.745+0000] {processor.py:914} INFO - Processing file /home/airflow/.local/lib/python3.12/site-packages/airflow/example_dags/example_dataset_alias.py for tasks to queue
[2025-12-08T07:55:15.749+0000] {logging_mixin.py:190} INFO - [2025-12-08T07:55:15.749+0000] {dagbag.py:587} INFO - Filling up the DagBag from /home/airflow/.local/lib/python3.12/site-packages/airflow/example_dags/example_dataset_alias.py
[2025-12-08T07:55:15.939+0000] {processor.py:925} INFO - DAG(s) 'dataset_alias_example_alias_producer', 'dataset_alias_example_alias_consumer', 'dataset_s3_bucket_producer', 'dataset_s3_bucket_consumer' retrieved from /home/airflow/.local/lib/python3.12/site-packages/airflow/example_dags/example_dataset_alias.py
[2025-12-08T07:55:15.969+0000] {logging_mixin.py:190} INFO - [2025-12-08T07:55:15.969+0000] {dag.py:3211} INFO - Sync 4 DAGs
[2025-12-08T07:55:15.996+0000] {logging_mixin.py:190} INFO - [2025-12-08T07:55:15.996+0000] {dag.py:4138} INFO - Setting next_dagrun for dataset_alias_example_alias_consumer to None, run_after=None
[2025-12-08T07:55:16.000+0000] {logging_mixin.py:190} INFO - [2025-12-08T07:55:16.000+0000] {dag.py:4138} INFO - Setting next_dagrun for dataset_alias_example_alias_producer to None, run_after=None
[2025-12-08T07:55:16.003+0000] {logging_mixin.py:190} INFO - [2025-12-08T07:55:16.002+0000] {dag.py:4138} INFO - Setting next_dagrun for dataset_s3_bucket_consumer to None, run_after=None
[2025-12-08T07:55:16.005+0000] {logging_mixin.py:190} INFO - [2025-12-08T07:55:16.005+0000] {dag.py:4138} INFO - Setting next_dagrun for dataset_s3_bucket_producer to None, run_after=None
[2025-12-08T07:55:16.038+0000] {processor.py:208} INFO - Processing /home/airflow/.local/lib/python3.12/site-packages/airflow/example_dags/example_dataset_alias.py took 0.301 seconds
[2025-12-08T07:55:46.169+0000] {processor.py:186} INFO - Started process (PID=3702) to work on /home/airflow/.local/lib/python3.12/site-packages/airflow/example_dags/example_dataset_alias.py
[2025-12-08T07:55:46.171+0000] {processor.py:914} INFO - Processing file /home/airflow/.local/lib/python3.12/site-packages/airflow/example_dags/example_dataset_alias.py for tasks to queue
[2025-12-08T07:55:46.176+0000] {logging_mixin.py:190} INFO - [2025-12-08T07:55:46.176+0000] {dagbag.py:587} INFO - Filling up the DagBag from /home/airflow/.local/lib/python3.12/site-packages/airflow/example_dags/example_dataset_alias.py
[2025-12-08T07:55:46.392+0000] {processor.py:925} INFO - DAG(s) 'dataset_s3_bucket_consumer', 'dataset_s3_bucket_producer', 'dataset_alias_example_alias_consumer', 'dataset_alias_example_alias_producer' retrieved from /home/airflow/.local/lib/python3.12/site-packages/airflow/example_dags/example_dataset_alias.py
[2025-12-08T07:55:46.423+0000] {logging_mixin.py:190} INFO - [2025-12-08T07:55:46.422+0000] {dag.py:3211} INFO - Sync 4 DAGs
[2025-12-08T07:55:46.447+0000] {logging_mixin.py:190} INFO - [2025-12-08T07:55:46.447+0000] {dag.py:4138} INFO - Setting next_dagrun for dataset_alias_example_alias_consumer to None, run_after=None
[2025-12-08T07:55:46.452+0000] {logging_mixin.py:190} INFO - [2025-12-08T07:55:46.452+0000] {dag.py:4138} INFO - Setting next_dagrun for dataset_alias_example_alias_producer to None, run_after=None
[2025-12-08T07:55:46.456+0000] {logging_mixin.py:190} INFO - [2025-12-08T07:55:46.456+0000] {dag.py:4138} INFO - Setting next_dagrun for dataset_s3_bucket_consumer to None, run_after=None
[2025-12-08T07:55:46.459+0000] {logging_mixin.py:190} INFO - [2025-12-08T07:55:46.458+0000] {dag.py:4138} INFO - Setting next_dagrun for dataset_s3_bucket_producer to None, run_after=None
[2025-12-08T07:55:46.492+0000] {processor.py:208} INFO - Processing /home/airflow/.local/lib/python3.12/site-packages/airflow/example_dags/example_dataset_alias.py took 0.334 seconds
[2025-12-08T07:56:16.723+0000] {processor.py:186} INFO - Started process (PID=3766) to work on /home/airflow/.local/lib/python3.12/site-packages/airflow/example_dags/example_dataset_alias.py
[2025-12-08T07:56:16.725+0000] {processor.py:914} INFO - Processing file /home/airflow/.local/lib/python3.12/site-packages/airflow/example_dags/example_dataset_alias.py for tasks to queue
[2025-12-08T07:56:16.729+0000] {logging_mixin.py:190} INFO - [2025-12-08T07:56:16.728+0000] {dagbag.py:587} INFO - Filling up the DagBag from /home/airflow/.local/lib/python3.12/site-packages/airflow/example_dags/example_dataset_alias.py
[2025-12-08T07:56:16.947+0000] {processor.py:925} INFO - DAG(s) 'dataset_s3_bucket_consumer', 'dataset_alias_example_alias_producer', 'dataset_s3_bucket_producer', 'dataset_alias_example_alias_consumer' retrieved from /home/airflow/.local/lib/python3.12/site-packages/airflow/example_dags/example_dataset_alias.py
[2025-12-08T07:56:16.981+0000] {logging_mixin.py:190} INFO - [2025-12-08T07:56:16.980+0000] {dag.py:3211} INFO - Sync 4 DAGs
[2025-12-08T07:56:17.008+0000] {logging_mixin.py:190} INFO - [2025-12-08T07:56:17.008+0000] {dag.py:4138} INFO - Setting next_dagrun for dataset_alias_example_alias_consumer to None, run_after=None
[2025-12-08T07:56:17.013+0000] {logging_mixin.py:190} INFO - [2025-12-08T07:56:17.013+0000] {dag.py:4138} INFO - Setting next_dagrun for dataset_alias_example_alias_producer to None, run_after=None
[2025-12-08T07:56:17.017+0000] {logging_mixin.py:190} INFO - [2025-12-08T07:56:17.017+0000] {dag.py:4138} INFO - Setting next_dagrun for dataset_s3_bucket_consumer to None, run_after=None
[2025-12-08T07:56:17.021+0000] {logging_mixin.py:190} INFO - [2025-12-08T07:56:17.021+0000] {dag.py:4138} INFO - Setting next_dagrun for dataset_s3_bucket_producer to None, run_after=None
[2025-12-08T07:56:17.057+0000] {processor.py:208} INFO - Processing /home/airflow/.local/lib/python3.12/site-packages/airflow/example_dags/example_dataset_alias.py took 0.341 seconds
[2025-12-08T07:56:47.406+0000] {processor.py:186} INFO - Started process (PID=3829) to work on /home/airflow/.local/lib/python3.12/site-packages/airflow/example_dags/example_dataset_alias.py
[2025-12-08T07:56:47.409+0000] {processor.py:914} INFO - Processing file /home/airflow/.local/lib/python3.12/site-packages/airflow/example_dags/example_dataset_alias.py for tasks to queue
[2025-12-08T07:56:47.415+0000] {logging_mixin.py:190} INFO - [2025-12-08T07:56:47.414+0000] {dagbag.py:587} INFO - Filling up the DagBag from /home/airflow/.local/lib/python3.12/site-packages/airflow/example_dags/example_dataset_alias.py
[2025-12-08T07:56:47.587+0000] {processor.py:925} INFO - DAG(s) 'dataset_s3_bucket_producer', 'dataset_s3_bucket_consumer', 'dataset_alias_example_alias_consumer', 'dataset_alias_example_alias_producer' retrieved from /home/airflow/.local/lib/python3.12/site-packages/airflow/example_dags/example_dataset_alias.py
[2025-12-08T07:56:47.621+0000] {logging_mixin.py:190} INFO - [2025-12-08T07:56:47.621+0000] {dag.py:3211} INFO - Sync 4 DAGs
[2025-12-08T07:56:47.648+0000] {logging_mixin.py:190} INFO - [2025-12-08T07:56:47.648+0000] {dag.py:4138} INFO - Setting next_dagrun for dataset_alias_example_alias_consumer to None, run_after=None
[2025-12-08T07:56:47.652+0000] {logging_mixin.py:190} INFO - [2025-12-08T07:56:47.651+0000] {dag.py:4138} INFO - Setting next_dagrun for dataset_alias_example_alias_producer to None, run_after=None
[2025-12-08T07:56:47.654+0000] {logging_mixin.py:190} INFO - [2025-12-08T07:56:47.654+0000] {dag.py:4138} INFO - Setting next_dagrun for dataset_s3_bucket_consumer to None, run_after=None
[2025-12-08T07:56:47.656+0000] {logging_mixin.py:190} INFO - [2025-12-08T07:56:47.655+0000] {dag.py:4138} INFO - Setting next_dagrun for dataset_s3_bucket_producer to None, run_after=None
[2025-12-08T07:56:47.683+0000] {processor.py:208} INFO - Processing /home/airflow/.local/lib/python3.12/site-packages/airflow/example_dags/example_dataset_alias.py took 0.287 seconds
[2025-12-08T07:57:18.086+0000] {processor.py:186} INFO - Started process (PID=3892) to work on /home/airflow/.local/lib/python3.12/site-packages/airflow/example_dags/example_dataset_alias.py
[2025-12-08T07:57:18.089+0000] {processor.py:914} INFO - Processing file /home/airflow/.local/lib/python3.12/site-packages/airflow/example_dags/example_dataset_alias.py for tasks to queue
[2025-12-08T07:57:18.093+0000] {logging_mixin.py:190} INFO - [2025-12-08T07:57:18.092+0000] {dagbag.py:587} INFO - Filling up the DagBag from /home/airflow/.local/lib/python3.12/site-packages/airflow/example_dags/example_dataset_alias.py
[2025-12-08T07:57:18.294+0000] {processor.py:925} INFO - DAG(s) 'dataset_s3_bucket_consumer', 'dataset_s3_bucket_producer', 'dataset_alias_example_alias_consumer', 'dataset_alias_example_alias_producer' retrieved from /home/airflow/.local/lib/python3.12/site-packages/airflow/example_dags/example_dataset_alias.py
[2025-12-08T07:57:18.328+0000] {logging_mixin.py:190} INFO - [2025-12-08T07:57:18.328+0000] {dag.py:3211} INFO - Sync 4 DAGs
[2025-12-08T07:57:18.362+0000] {logging_mixin.py:190} INFO - [2025-12-08T07:57:18.361+0000] {dag.py:4138} INFO - Setting next_dagrun for dataset_alias_example_alias_consumer to None, run_after=None
[2025-12-08T07:57:18.366+0000] {logging_mixin.py:190} INFO - [2025-12-08T07:57:18.366+0000] {dag.py:4138} INFO - Setting next_dagrun for dataset_alias_example_alias_producer to None, run_after=None
[2025-12-08T07:57:18.369+0000] {logging_mixin.py:190} INFO - [2025-12-08T07:57:18.369+0000] {dag.py:4138} INFO - Setting next_dagrun for dataset_s3_bucket_consumer to None, run_after=None
[2025-12-08T07:57:18.372+0000] {logging_mixin.py:190} INFO - [2025-12-08T07:57:18.372+0000] {dag.py:4138} INFO - Setting next_dagrun for dataset_s3_bucket_producer to None, run_after=None
[2025-12-08T07:57:18.400+0000] {processor.py:208} INFO - Processing /home/airflow/.local/lib/python3.12/site-packages/airflow/example_dags/example_dataset_alias.py took 0.321 seconds
[2025-12-08T07:57:48.700+0000] {processor.py:186} INFO - Started process (PID=3956) to work on /home/airflow/.local/lib/python3.12/site-packages/airflow/example_dags/example_dataset_alias.py
[2025-12-08T07:57:48.703+0000] {processor.py:914} INFO - Processing file /home/airflow/.local/lib/python3.12/site-packages/airflow/example_dags/example_dataset_alias.py for tasks to queue
[2025-12-08T07:57:48.709+0000] {logging_mixin.py:190} INFO - [2025-12-08T07:57:48.708+0000] {dagbag.py:587} INFO - Filling up the DagBag from /home/airflow/.local/lib/python3.12/site-packages/airflow/example_dags/example_dataset_alias.py
[2025-12-08T07:57:48.908+0000] {processor.py:925} INFO - DAG(s) 'dataset_s3_bucket_producer', 'dataset_alias_example_alias_producer', 'dataset_alias_example_alias_consumer', 'dataset_s3_bucket_consumer' retrieved from /home/airflow/.local/lib/python3.12/site-packages/airflow/example_dags/example_dataset_alias.py
[2025-12-08T07:57:48.934+0000] {logging_mixin.py:190} INFO - [2025-12-08T07:57:48.933+0000] {dag.py:3211} INFO - Sync 4 DAGs
[2025-12-08T07:57:48.962+0000] {logging_mixin.py:190} INFO - [2025-12-08T07:57:48.962+0000] {dag.py:4138} INFO - Setting next_dagrun for dataset_alias_example_alias_consumer to None, run_after=None
[2025-12-08T07:57:48.966+0000] {logging_mixin.py:190} INFO - [2025-12-08T07:57:48.966+0000] {dag.py:4138} INFO - Setting next_dagrun for dataset_alias_example_alias_producer to None, run_after=None
[2025-12-08T07:57:48.969+0000] {logging_mixin.py:190} INFO - [2025-12-08T07:57:48.969+0000] {dag.py:4138} INFO - Setting next_dagrun for dataset_s3_bucket_consumer to None, run_after=None
[2025-12-08T07:57:48.972+0000] {logging_mixin.py:190} INFO - [2025-12-08T07:57:48.972+0000] {dag.py:4138} INFO - Setting next_dagrun for dataset_s3_bucket_producer to None, run_after=None
[2025-12-08T07:57:49.004+0000] {processor.py:208} INFO - Processing /home/airflow/.local/lib/python3.12/site-packages/airflow/example_dags/example_dataset_alias.py took 0.314 seconds
[2025-12-08T07:58:19.097+0000] {processor.py:186} INFO - Started process (PID=4019) to work on /home/airflow/.local/lib/python3.12/site-packages/airflow/example_dags/example_dataset_alias.py
[2025-12-08T07:58:19.099+0000] {processor.py:914} INFO - Processing file /home/airflow/.local/lib/python3.12/site-packages/airflow/example_dags/example_dataset_alias.py for tasks to queue
[2025-12-08T07:58:19.104+0000] {logging_mixin.py:190} INFO - [2025-12-08T07:58:19.103+0000] {dagbag.py:587} INFO - Filling up the DagBag from /home/airflow/.local/lib/python3.12/site-packages/airflow/example_dags/example_dataset_alias.py
[2025-12-08T07:58:19.271+0000] {processor.py:925} INFO - DAG(s) 'dataset_s3_bucket_consumer', 'dataset_alias_example_alias_consumer', 'dataset_alias_example_alias_producer', 'dataset_s3_bucket_producer' retrieved from /home/airflow/.local/lib/python3.12/site-packages/airflow/example_dags/example_dataset_alias.py
[2025-12-08T07:58:19.301+0000] {logging_mixin.py:190} INFO - [2025-12-08T07:58:19.300+0000] {dag.py:3211} INFO - Sync 4 DAGs
[2025-12-08T07:58:19.325+0000] {logging_mixin.py:190} INFO - [2025-12-08T07:58:19.325+0000] {dag.py:4138} INFO - Setting next_dagrun for dataset_alias_example_alias_consumer to None, run_after=None
[2025-12-08T07:58:19.328+0000] {logging_mixin.py:190} INFO - [2025-12-08T07:58:19.328+0000] {dag.py:4138} INFO - Setting next_dagrun for dataset_alias_example_alias_producer to None, run_after=None
[2025-12-08T07:58:19.330+0000] {logging_mixin.py:190} INFO - [2025-12-08T07:58:19.330+0000] {dag.py:4138} INFO - Setting next_dagrun for dataset_s3_bucket_consumer to None, run_after=None
[2025-12-08T07:58:19.333+0000] {logging_mixin.py:190} INFO - [2025-12-08T07:58:19.332+0000] {dag.py:4138} INFO - Setting next_dagrun for dataset_s3_bucket_producer to None, run_after=None
[2025-12-08T07:58:19.359+0000] {processor.py:208} INFO - Processing /home/airflow/.local/lib/python3.12/site-packages/airflow/example_dags/example_dataset_alias.py took 0.271 seconds
[2025-12-08T07:58:50.331+0000] {processor.py:186} INFO - Started process (PID=4083) to work on /home/airflow/.local/lib/python3.12/site-packages/airflow/example_dags/example_dataset_alias.py
[2025-12-08T07:58:50.333+0000] {processor.py:914} INFO - Processing file /home/airflow/.local/lib/python3.12/site-packages/airflow/example_dags/example_dataset_alias.py for tasks to queue
[2025-12-08T07:58:50.339+0000] {logging_mixin.py:190} INFO - [2025-12-08T07:58:50.338+0000] {dagbag.py:587} INFO - Filling up the DagBag from /home/airflow/.local/lib/python3.12/site-packages/airflow/example_dags/example_dataset_alias.py
[2025-12-08T07:58:50.512+0000] {processor.py:925} INFO - DAG(s) 'dataset_s3_bucket_consumer', 'dataset_s3_bucket_producer', 'dataset_alias_example_alias_consumer', 'dataset_alias_example_alias_producer' retrieved from /home/airflow/.local/lib/python3.12/site-packages/airflow/example_dags/example_dataset_alias.py
[2025-12-08T07:58:50.538+0000] {logging_mixin.py:190} INFO - [2025-12-08T07:58:50.538+0000] {dag.py:3211} INFO - Sync 4 DAGs
[2025-12-08T07:58:50.561+0000] {logging_mixin.py:190} INFO - [2025-12-08T07:58:50.561+0000] {dag.py:4138} INFO - Setting next_dagrun for dataset_alias_example_alias_consumer to None, run_after=None
[2025-12-08T07:58:50.564+0000] {logging_mixin.py:190} INFO - [2025-12-08T07:58:50.564+0000] {dag.py:4138} INFO - Setting next_dagrun for dataset_alias_example_alias_producer to None, run_after=None
[2025-12-08T07:58:50.566+0000] {logging_mixin.py:190} INFO - [2025-12-08T07:58:50.566+0000] {dag.py:4138} INFO - Setting next_dagrun for dataset_s3_bucket_consumer to None, run_after=None
[2025-12-08T07:58:50.569+0000] {logging_mixin.py:190} INFO - [2025-12-08T07:58:50.568+0000] {dag.py:4138} INFO - Setting next_dagrun for dataset_s3_bucket_producer to None, run_after=None
[2025-12-08T07:58:50.615+0000] {processor.py:208} INFO - Processing /home/airflow/.local/lib/python3.12/site-packages/airflow/example_dags/example_dataset_alias.py took 0.290 seconds
[2025-12-08T07:59:20.742+0000] {processor.py:186} INFO - Started process (PID=4146) to work on /home/airflow/.local/lib/python3.12/site-packages/airflow/example_dags/example_dataset_alias.py
[2025-12-08T07:59:20.744+0000] {processor.py:914} INFO - Processing file /home/airflow/.local/lib/python3.12/site-packages/airflow/example_dags/example_dataset_alias.py for tasks to queue
[2025-12-08T07:59:20.748+0000] {logging_mixin.py:190} INFO - [2025-12-08T07:59:20.747+0000] {dagbag.py:587} INFO - Filling up the DagBag from /home/airflow/.local/lib/python3.12/site-packages/airflow/example_dags/example_dataset_alias.py
[2025-12-08T07:59:20.921+0000] {processor.py:925} INFO - DAG(s) 'dataset_alias_example_alias_producer', 'dataset_alias_example_alias_consumer', 'dataset_s3_bucket_consumer', 'dataset_s3_bucket_producer' retrieved from /home/airflow/.local/lib/python3.12/site-packages/airflow/example_dags/example_dataset_alias.py
[2025-12-08T07:59:20.948+0000] {logging_mixin.py:190} INFO - [2025-12-08T07:59:20.947+0000] {dag.py:3211} INFO - Sync 4 DAGs
[2025-12-08T07:59:20.973+0000] {logging_mixin.py:190} INFO - [2025-12-08T07:59:20.973+0000] {dag.py:4138} INFO - Setting next_dagrun for dataset_alias_example_alias_consumer to None, run_after=None
[2025-12-08T07:59:20.977+0000] {logging_mixin.py:190} INFO - [2025-12-08T07:59:20.977+0000] {dag.py:4138} INFO - Setting next_dagrun for dataset_alias_example_alias_producer to None, run_after=None
[2025-12-08T07:59:20.979+0000] {logging_mixin.py:190} INFO - [2025-12-08T07:59:20.979+0000] {dag.py:4138} INFO - Setting next_dagrun for dataset_s3_bucket_consumer to None, run_after=None
[2025-12-08T07:59:20.981+0000] {logging_mixin.py:190} INFO - [2025-12-08T07:59:20.981+0000] {dag.py:4138} INFO - Setting next_dagrun for dataset_s3_bucket_producer to None, run_after=None
[2025-12-08T07:59:21.008+0000] {processor.py:208} INFO - Processing /home/airflow/.local/lib/python3.12/site-packages/airflow/example_dags/example_dataset_alias.py took 0.271 seconds
[2025-12-08T07:59:51.146+0000] {processor.py:186} INFO - Started process (PID=4209) to work on /home/airflow/.local/lib/python3.12/site-packages/airflow/example_dags/example_dataset_alias.py
[2025-12-08T07:59:51.148+0000] {processor.py:914} INFO - Processing file /home/airflow/.local/lib/python3.12/site-packages/airflow/example_dags/example_dataset_alias.py for tasks to queue
[2025-12-08T07:59:51.152+0000] {logging_mixin.py:190} INFO - [2025-12-08T07:59:51.152+0000] {dagbag.py:587} INFO - Filling up the DagBag from /home/airflow/.local/lib/python3.12/site-packages/airflow/example_dags/example_dataset_alias.py
[2025-12-08T07:59:51.324+0000] {processor.py:925} INFO - DAG(s) 'dataset_s3_bucket_producer', 'dataset_alias_example_alias_consumer', 'dataset_alias_example_alias_producer', 'dataset_s3_bucket_consumer' retrieved from /home/airflow/.local/lib/python3.12/site-packages/airflow/example_dags/example_dataset_alias.py
[2025-12-08T07:59:51.363+0000] {logging_mixin.py:190} INFO - [2025-12-08T07:59:51.362+0000] {dag.py:3211} INFO - Sync 4 DAGs
[2025-12-08T07:59:51.387+0000] {logging_mixin.py:190} INFO - [2025-12-08T07:59:51.387+0000] {dag.py:4138} INFO - Setting next_dagrun for dataset_alias_example_alias_consumer to None, run_after=None
[2025-12-08T07:59:51.391+0000] {logging_mixin.py:190} INFO - [2025-12-08T07:59:51.391+0000] {dag.py:4138} INFO - Setting next_dagrun for dataset_alias_example_alias_producer to None, run_after=None
[2025-12-08T07:59:51.393+0000] {logging_mixin.py:190} INFO - [2025-12-08T07:59:51.393+0000] {dag.py:4138} INFO - Setting next_dagrun for dataset_s3_bucket_consumer to None, run_after=None
[2025-12-08T07:59:51.394+0000] {logging_mixin.py:190} INFO - [2025-12-08T07:59:51.394+0000] {dag.py:4138} INFO - Setting next_dagrun for dataset_s3_bucket_producer to None, run_after=None
[2025-12-08T07:59:51.417+0000] {processor.py:208} INFO - Processing /home/airflow/.local/lib/python3.12/site-packages/airflow/example_dags/example_dataset_alias.py took 0.278 seconds
[2025-12-08T08:00:22.249+0000] {processor.py:186} INFO - Started process (PID=4272) to work on /home/airflow/.local/lib/python3.12/site-packages/airflow/example_dags/example_dataset_alias.py
[2025-12-08T08:00:22.251+0000] {processor.py:914} INFO - Processing file /home/airflow/.local/lib/python3.12/site-packages/airflow/example_dags/example_dataset_alias.py for tasks to queue
[2025-12-08T08:00:22.254+0000] {logging_mixin.py:190} INFO - [2025-12-08T08:00:22.254+0000] {dagbag.py:587} INFO - Filling up the DagBag from /home/airflow/.local/lib/python3.12/site-packages/airflow/example_dags/example_dataset_alias.py
[2025-12-08T08:00:22.451+0000] {processor.py:925} INFO - DAG(s) 'dataset_alias_example_alias_consumer', 'dataset_s3_bucket_consumer', 'dataset_s3_bucket_producer', 'dataset_alias_example_alias_producer' retrieved from /home/airflow/.local/lib/python3.12/site-packages/airflow/example_dags/example_dataset_alias.py
[2025-12-08T08:00:22.480+0000] {logging_mixin.py:190} INFO - [2025-12-08T08:00:22.480+0000] {dag.py:3211} INFO - Sync 4 DAGs
[2025-12-08T08:00:22.504+0000] {logging_mixin.py:190} INFO - [2025-12-08T08:00:22.504+0000] {dag.py:4138} INFO - Setting next_dagrun for dataset_alias_example_alias_consumer to None, run_after=None
[2025-12-08T08:00:22.508+0000] {logging_mixin.py:190} INFO - [2025-12-08T08:00:22.508+0000] {dag.py:4138} INFO - Setting next_dagrun for dataset_alias_example_alias_producer to None, run_after=None
[2025-12-08T08:00:22.510+0000] {logging_mixin.py:190} INFO - [2025-12-08T08:00:22.510+0000] {dag.py:4138} INFO - Setting next_dagrun for dataset_s3_bucket_consumer to None, run_after=None
[2025-12-08T08:00:22.513+0000] {logging_mixin.py:190} INFO - [2025-12-08T08:00:22.512+0000] {dag.py:4138} INFO - Setting next_dagrun for dataset_s3_bucket_producer to None, run_after=None
[2025-12-08T08:00:22.539+0000] {processor.py:208} INFO - Processing /home/airflow/.local/lib/python3.12/site-packages/airflow/example_dags/example_dataset_alias.py took 0.300 seconds
[2025-12-08T08:00:52.803+0000] {processor.py:186} INFO - Started process (PID=4335) to work on /home/airflow/.local/lib/python3.12/site-packages/airflow/example_dags/example_dataset_alias.py
[2025-12-08T08:00:52.804+0000] {processor.py:914} INFO - Processing file /home/airflow/.local/lib/python3.12/site-packages/airflow/example_dags/example_dataset_alias.py for tasks to queue
[2025-12-08T08:00:52.809+0000] {logging_mixin.py:190} INFO - [2025-12-08T08:00:52.808+0000] {dagbag.py:587} INFO - Filling up the DagBag from /home/airflow/.local/lib/python3.12/site-packages/airflow/example_dags/example_dataset_alias.py
[2025-12-08T08:00:52.975+0000] {processor.py:925} INFO - DAG(s) 'dataset_alias_example_alias_producer', 'dataset_alias_example_alias_consumer', 'dataset_s3_bucket_producer', 'dataset_s3_bucket_consumer' retrieved from /home/airflow/.local/lib/python3.12/site-packages/airflow/example_dags/example_dataset_alias.py
[2025-12-08T08:00:53.000+0000] {logging_mixin.py:190} INFO - [2025-12-08T08:00:52.999+0000] {dag.py:3211} INFO - Sync 4 DAGs
[2025-12-08T08:00:53.025+0000] {logging_mixin.py:190} INFO - [2025-12-08T08:00:53.024+0000] {dag.py:4138} INFO - Setting next_dagrun for dataset_alias_example_alias_consumer to None, run_after=None
[2025-12-08T08:00:53.028+0000] {logging_mixin.py:190} INFO - [2025-12-08T08:00:53.028+0000] {dag.py:4138} INFO - Setting next_dagrun for dataset_alias_example_alias_producer to None, run_after=None
[2025-12-08T08:00:53.031+0000] {logging_mixin.py:190} INFO - [2025-12-08T08:00:53.031+0000] {dag.py:4138} INFO - Setting next_dagrun for dataset_s3_bucket_consumer to None, run_after=None
[2025-12-08T08:00:53.034+0000] {logging_mixin.py:190} INFO - [2025-12-08T08:00:53.033+0000] {dag.py:4138} INFO - Setting next_dagrun for dataset_s3_bucket_producer to None, run_after=None
[2025-12-08T08:00:53.063+0000] {processor.py:208} INFO - Processing /home/airflow/.local/lib/python3.12/site-packages/airflow/example_dags/example_dataset_alias.py took 0.267 seconds
[2025-12-08T08:01:23.312+0000] {processor.py:186} INFO - Started process (PID=4398) to work on /home/airflow/.local/lib/python3.12/site-packages/airflow/example_dags/example_dataset_alias.py
[2025-12-08T08:01:23.315+0000] {processor.py:914} INFO - Processing file /home/airflow/.local/lib/python3.12/site-packages/airflow/example_dags/example_dataset_alias.py for tasks to queue
[2025-12-08T08:01:23.321+0000] {logging_mixin.py:190} INFO - [2025-12-08T08:01:23.320+0000] {dagbag.py:587} INFO - Filling up the DagBag from /home/airflow/.local/lib/python3.12/site-packages/airflow/example_dags/example_dataset_alias.py
[2025-12-08T08:01:23.553+0000] {processor.py:925} INFO - DAG(s) 'dataset_alias_example_alias_producer', 'dataset_s3_bucket_producer', 'dataset_s3_bucket_consumer', 'dataset_alias_example_alias_consumer' retrieved from /home/airflow/.local/lib/python3.12/site-packages/airflow/example_dags/example_dataset_alias.py
[2025-12-08T08:01:23.586+0000] {logging_mixin.py:190} INFO - [2025-12-08T08:01:23.586+0000] {dag.py:3211} INFO - Sync 4 DAGs
[2025-12-08T08:01:23.610+0000] {logging_mixin.py:190} INFO - [2025-12-08T08:01:23.610+0000] {dag.py:4138} INFO - Setting next_dagrun for dataset_alias_example_alias_consumer to None, run_after=None
[2025-12-08T08:01:23.613+0000] {logging_mixin.py:190} INFO - [2025-12-08T08:01:23.613+0000] {dag.py:4138} INFO - Setting next_dagrun for dataset_alias_example_alias_producer to None, run_after=None
[2025-12-08T08:01:23.615+0000] {logging_mixin.py:190} INFO - [2025-12-08T08:01:23.615+0000] {dag.py:4138} INFO - Setting next_dagrun for dataset_s3_bucket_consumer to None, run_after=None
[2025-12-08T08:01:23.616+0000] {logging_mixin.py:190} INFO - [2025-12-08T08:01:23.616+0000] {dag.py:4138} INFO - Setting next_dagrun for dataset_s3_bucket_producer to None, run_after=None
[2025-12-08T08:01:23.640+0000] {processor.py:208} INFO - Processing /home/airflow/.local/lib/python3.12/site-packages/airflow/example_dags/example_dataset_alias.py took 0.338 seconds
[2025-12-08T08:01:54.510+0000] {processor.py:186} INFO - Started process (PID=4462) to work on /home/airflow/.local/lib/python3.12/site-packages/airflow/example_dags/example_dataset_alias.py
[2025-12-08T08:01:54.511+0000] {processor.py:914} INFO - Processing file /home/airflow/.local/lib/python3.12/site-packages/airflow/example_dags/example_dataset_alias.py for tasks to queue
[2025-12-08T08:01:54.516+0000] {logging_mixin.py:190} INFO - [2025-12-08T08:01:54.515+0000] {dagbag.py:587} INFO - Filling up the DagBag from /home/airflow/.local/lib/python3.12/site-packages/airflow/example_dags/example_dataset_alias.py
[2025-12-08T08:01:54.686+0000] {processor.py:925} INFO - DAG(s) 'dataset_s3_bucket_consumer', 'dataset_alias_example_alias_consumer', 'dataset_alias_example_alias_producer', 'dataset_s3_bucket_producer' retrieved from /home/airflow/.local/lib/python3.12/site-packages/airflow/example_dags/example_dataset_alias.py
[2025-12-08T08:01:54.717+0000] {logging_mixin.py:190} INFO - [2025-12-08T08:01:54.716+0000] {dag.py:3211} INFO - Sync 4 DAGs
[2025-12-08T08:01:54.742+0000] {logging_mixin.py:190} INFO - [2025-12-08T08:01:54.742+0000] {dag.py:4138} INFO - Setting next_dagrun for dataset_alias_example_alias_consumer to None, run_after=None
[2025-12-08T08:01:54.746+0000] {logging_mixin.py:190} INFO - [2025-12-08T08:01:54.746+0000] {dag.py:4138} INFO - Setting next_dagrun for dataset_alias_example_alias_producer to None, run_after=None
[2025-12-08T08:01:54.748+0000] {logging_mixin.py:190} INFO - [2025-12-08T08:01:54.748+0000] {dag.py:4138} INFO - Setting next_dagrun for dataset_s3_bucket_consumer to None, run_after=None
[2025-12-08T08:01:54.751+0000] {logging_mixin.py:190} INFO - [2025-12-08T08:01:54.751+0000] {dag.py:4138} INFO - Setting next_dagrun for dataset_s3_bucket_producer to None, run_after=None
[2025-12-08T08:01:54.781+0000] {processor.py:208} INFO - Processing /home/airflow/.local/lib/python3.12/site-packages/airflow/example_dags/example_dataset_alias.py took 0.278 seconds
[2025-12-08T08:02:24.849+0000] {processor.py:186} INFO - Started process (PID=4525) to work on /home/airflow/.local/lib/python3.12/site-packages/airflow/example_dags/example_dataset_alias.py
[2025-12-08T08:02:24.851+0000] {processor.py:914} INFO - Processing file /home/airflow/.local/lib/python3.12/site-packages/airflow/example_dags/example_dataset_alias.py for tasks to queue
[2025-12-08T08:02:24.855+0000] {logging_mixin.py:190} INFO - [2025-12-08T08:02:24.854+0000] {dagbag.py:587} INFO - Filling up the DagBag from /home/airflow/.local/lib/python3.12/site-packages/airflow/example_dags/example_dataset_alias.py
[2025-12-08T08:02:25.052+0000] {processor.py:925} INFO - DAG(s) 'dataset_alias_example_alias_consumer', 'dataset_s3_bucket_consumer', 'dataset_alias_example_alias_producer', 'dataset_s3_bucket_producer' retrieved from /home/airflow/.local/lib/python3.12/site-packages/airflow/example_dags/example_dataset_alias.py
[2025-12-08T08:02:25.083+0000] {logging_mixin.py:190} INFO - [2025-12-08T08:02:25.083+0000] {dag.py:3211} INFO - Sync 4 DAGs
[2025-12-08T08:02:25.111+0000] {logging_mixin.py:190} INFO - [2025-12-08T08:02:25.110+0000] {dag.py:4138} INFO - Setting next_dagrun for dataset_alias_example_alias_consumer to None, run_after=None
[2025-12-08T08:02:25.115+0000] {logging_mixin.py:190} INFO - [2025-12-08T08:02:25.115+0000] {dag.py:4138} INFO - Setting next_dagrun for dataset_alias_example_alias_producer to None, run_after=None
[2025-12-08T08:02:25.118+0000] {logging_mixin.py:190} INFO - [2025-12-08T08:02:25.118+0000] {dag.py:4138} INFO - Setting next_dagrun for dataset_s3_bucket_consumer to None, run_after=None
[2025-12-08T08:02:25.120+0000] {logging_mixin.py:190} INFO - [2025-12-08T08:02:25.120+0000] {dag.py:4138} INFO - Setting next_dagrun for dataset_s3_bucket_producer to None, run_after=None
[2025-12-08T08:02:25.158+0000] {processor.py:208} INFO - Processing /home/airflow/.local/lib/python3.12/site-packages/airflow/example_dags/example_dataset_alias.py took 0.315 seconds
[2025-12-08T08:02:55.599+0000] {processor.py:186} INFO - Started process (PID=4590) to work on /home/airflow/.local/lib/python3.12/site-packages/airflow/example_dags/example_dataset_alias.py
[2025-12-08T08:02:55.600+0000] {processor.py:914} INFO - Processing file /home/airflow/.local/lib/python3.12/site-packages/airflow/example_dags/example_dataset_alias.py for tasks to queue
[2025-12-08T08:02:55.605+0000] {logging_mixin.py:190} INFO - [2025-12-08T08:02:55.604+0000] {dagbag.py:587} INFO - Filling up the DagBag from /home/airflow/.local/lib/python3.12/site-packages/airflow/example_dags/example_dataset_alias.py
[2025-12-08T08:02:55.774+0000] {processor.py:925} INFO - DAG(s) 'dataset_alias_example_alias_producer', 'dataset_s3_bucket_consumer', 'dataset_s3_bucket_producer', 'dataset_alias_example_alias_consumer' retrieved from /home/airflow/.local/lib/python3.12/site-packages/airflow/example_dags/example_dataset_alias.py
[2025-12-08T08:02:55.803+0000] {logging_mixin.py:190} INFO - [2025-12-08T08:02:55.803+0000] {dag.py:3211} INFO - Sync 4 DAGs
[2025-12-08T08:02:55.825+0000] {logging_mixin.py:190} INFO - [2025-12-08T08:02:55.825+0000] {dag.py:4138} INFO - Setting next_dagrun for dataset_alias_example_alias_consumer to None, run_after=None
[2025-12-08T08:02:55.829+0000] {logging_mixin.py:190} INFO - [2025-12-08T08:02:55.829+0000] {dag.py:4138} INFO - Setting next_dagrun for dataset_alias_example_alias_producer to None, run_after=None
[2025-12-08T08:02:55.832+0000] {logging_mixin.py:190} INFO - [2025-12-08T08:02:55.831+0000] {dag.py:4138} INFO - Setting next_dagrun for dataset_s3_bucket_consumer to None, run_after=None
[2025-12-08T08:02:55.834+0000] {logging_mixin.py:190} INFO - [2025-12-08T08:02:55.834+0000] {dag.py:4138} INFO - Setting next_dagrun for dataset_s3_bucket_producer to None, run_after=None
[2025-12-08T08:02:55.858+0000] {processor.py:208} INFO - Processing /home/airflow/.local/lib/python3.12/site-packages/airflow/example_dags/example_dataset_alias.py took 0.266 seconds
[2025-12-08T08:03:26.313+0000] {processor.py:186} INFO - Started process (PID=4654) to work on /home/airflow/.local/lib/python3.12/site-packages/airflow/example_dags/example_dataset_alias.py
[2025-12-08T08:03:26.315+0000] {processor.py:914} INFO - Processing file /home/airflow/.local/lib/python3.12/site-packages/airflow/example_dags/example_dataset_alias.py for tasks to queue
[2025-12-08T08:03:26.318+0000] {logging_mixin.py:190} INFO - [2025-12-08T08:03:26.318+0000] {dagbag.py:587} INFO - Filling up the DagBag from /home/airflow/.local/lib/python3.12/site-packages/airflow/example_dags/example_dataset_alias.py
[2025-12-08T08:03:26.458+0000] {processor.py:925} INFO - DAG(s) 'dataset_s3_bucket_consumer', 'dataset_alias_example_alias_producer', 'dataset_alias_example_alias_consumer', 'dataset_s3_bucket_producer' retrieved from /home/airflow/.local/lib/python3.12/site-packages/airflow/example_dags/example_dataset_alias.py
[2025-12-08T08:03:26.481+0000] {logging_mixin.py:190} INFO - [2025-12-08T08:03:26.480+0000] {dag.py:3211} INFO - Sync 4 DAGs
[2025-12-08T08:03:26.502+0000] {logging_mixin.py:190} INFO - [2025-12-08T08:03:26.501+0000] {dag.py:4138} INFO - Setting next_dagrun for dataset_alias_example_alias_consumer to None, run_after=None
[2025-12-08T08:03:26.505+0000] {logging_mixin.py:190} INFO - [2025-12-08T08:03:26.505+0000] {dag.py:4138} INFO - Setting next_dagrun for dataset_alias_example_alias_producer to None, run_after=None
[2025-12-08T08:03:26.507+0000] {logging_mixin.py:190} INFO - [2025-12-08T08:03:26.507+0000] {dag.py:4138} INFO - Setting next_dagrun for dataset_s3_bucket_consumer to None, run_after=None
[2025-12-08T08:03:26.510+0000] {logging_mixin.py:190} INFO - [2025-12-08T08:03:26.509+0000] {dag.py:4138} INFO - Setting next_dagrun for dataset_s3_bucket_producer to None, run_after=None
[2025-12-08T08:03:26.533+0000] {processor.py:208} INFO - Processing /home/airflow/.local/lib/python3.12/site-packages/airflow/example_dags/example_dataset_alias.py took 0.226 seconds
[2025-12-08T08:03:56.625+0000] {processor.py:186} INFO - Started process (PID=4717) to work on /home/airflow/.local/lib/python3.12/site-packages/airflow/example_dags/example_dataset_alias.py
[2025-12-08T08:03:56.627+0000] {processor.py:914} INFO - Processing file /home/airflow/.local/lib/python3.12/site-packages/airflow/example_dags/example_dataset_alias.py for tasks to queue
[2025-12-08T08:03:56.633+0000] {logging_mixin.py:190} INFO - [2025-12-08T08:03:56.633+0000] {dagbag.py:587} INFO - Filling up the DagBag from /home/airflow/.local/lib/python3.12/site-packages/airflow/example_dags/example_dataset_alias.py
[2025-12-08T08:03:56.821+0000] {processor.py:925} INFO - DAG(s) 'dataset_alias_example_alias_producer', 'dataset_alias_example_alias_consumer', 'dataset_s3_bucket_consumer', 'dataset_s3_bucket_producer' retrieved from /home/airflow/.local/lib/python3.12/site-packages/airflow/example_dags/example_dataset_alias.py
[2025-12-08T08:03:56.850+0000] {logging_mixin.py:190} INFO - [2025-12-08T08:03:56.850+0000] {dag.py:3211} INFO - Sync 4 DAGs
[2025-12-08T08:03:56.876+0000] {logging_mixin.py:190} INFO - [2025-12-08T08:03:56.875+0000] {dag.py:4138} INFO - Setting next_dagrun for dataset_alias_example_alias_consumer to None, run_after=None
[2025-12-08T08:03:56.880+0000] {logging_mixin.py:190} INFO - [2025-12-08T08:03:56.880+0000] {dag.py:4138} INFO - Setting next_dagrun for dataset_alias_example_alias_producer to None, run_after=None
[2025-12-08T08:03:56.884+0000] {logging_mixin.py:190} INFO - [2025-12-08T08:03:56.884+0000] {dag.py:4138} INFO - Setting next_dagrun for dataset_s3_bucket_consumer to None, run_after=None
[2025-12-08T08:03:56.888+0000] {logging_mixin.py:190} INFO - [2025-12-08T08:03:56.887+0000] {dag.py:4138} INFO - Setting next_dagrun for dataset_s3_bucket_producer to None, run_after=None
[2025-12-08T08:03:56.919+0000] {processor.py:208} INFO - Processing /home/airflow/.local/lib/python3.12/site-packages/airflow/example_dags/example_dataset_alias.py took 0.300 seconds
[2025-12-08T08:04:28.115+0000] {processor.py:186} INFO - Started process (PID=4782) to work on /home/airflow/.local/lib/python3.12/site-packages/airflow/example_dags/example_dataset_alias.py
[2025-12-08T08:04:28.117+0000] {processor.py:914} INFO - Processing file /home/airflow/.local/lib/python3.12/site-packages/airflow/example_dags/example_dataset_alias.py for tasks to queue
[2025-12-08T08:04:28.121+0000] {logging_mixin.py:190} INFO - [2025-12-08T08:04:28.121+0000] {dagbag.py:587} INFO - Filling up the DagBag from /home/airflow/.local/lib/python3.12/site-packages/airflow/example_dags/example_dataset_alias.py
[2025-12-08T08:04:28.290+0000] {processor.py:925} INFO - DAG(s) 'dataset_s3_bucket_consumer', 'dataset_alias_example_alias_consumer', 'dataset_s3_bucket_producer', 'dataset_alias_example_alias_producer' retrieved from /home/airflow/.local/lib/python3.12/site-packages/airflow/example_dags/example_dataset_alias.py
[2025-12-08T08:04:28.314+0000] {logging_mixin.py:190} INFO - [2025-12-08T08:04:28.314+0000] {dag.py:3211} INFO - Sync 4 DAGs
[2025-12-08T08:04:28.338+0000] {logging_mixin.py:190} INFO - [2025-12-08T08:04:28.338+0000] {dag.py:4138} INFO - Setting next_dagrun for dataset_alias_example_alias_consumer to None, run_after=None
[2025-12-08T08:04:28.342+0000] {logging_mixin.py:190} INFO - [2025-12-08T08:04:28.342+0000] {dag.py:4138} INFO - Setting next_dagrun for dataset_alias_example_alias_producer to None, run_after=None
[2025-12-08T08:04:28.344+0000] {logging_mixin.py:190} INFO - [2025-12-08T08:04:28.344+0000] {dag.py:4138} INFO - Setting next_dagrun for dataset_s3_bucket_consumer to None, run_after=None
[2025-12-08T08:04:28.346+0000] {logging_mixin.py:190} INFO - [2025-12-08T08:04:28.346+0000] {dag.py:4138} INFO - Setting next_dagrun for dataset_s3_bucket_producer to None, run_after=None
[2025-12-08T08:04:28.370+0000] {processor.py:208} INFO - Processing /home/airflow/.local/lib/python3.12/site-packages/airflow/example_dags/example_dataset_alias.py took 0.263 seconds
[2025-12-08T08:04:58.609+0000] {processor.py:186} INFO - Started process (PID=4845) to work on /home/airflow/.local/lib/python3.12/site-packages/airflow/example_dags/example_dataset_alias.py
[2025-12-08T08:04:58.612+0000] {processor.py:914} INFO - Processing file /home/airflow/.local/lib/python3.12/site-packages/airflow/example_dags/example_dataset_alias.py for tasks to queue
[2025-12-08T08:04:58.616+0000] {logging_mixin.py:190} INFO - [2025-12-08T08:04:58.615+0000] {dagbag.py:587} INFO - Filling up the DagBag from /home/airflow/.local/lib/python3.12/site-packages/airflow/example_dags/example_dataset_alias.py
[2025-12-08T08:04:58.811+0000] {processor.py:925} INFO - DAG(s) 'dataset_alias_example_alias_consumer', 'dataset_alias_example_alias_producer', 'dataset_s3_bucket_producer', 'dataset_s3_bucket_consumer' retrieved from /home/airflow/.local/lib/python3.12/site-packages/airflow/example_dags/example_dataset_alias.py
[2025-12-08T08:04:58.852+0000] {logging_mixin.py:190} INFO - [2025-12-08T08:04:58.851+0000] {dag.py:3211} INFO - Sync 4 DAGs
[2025-12-08T08:04:58.889+0000] {logging_mixin.py:190} INFO - [2025-12-08T08:04:58.889+0000] {dag.py:4138} INFO - Setting next_dagrun for dataset_alias_example_alias_consumer to None, run_after=None
[2025-12-08T08:04:58.895+0000] {logging_mixin.py:190} INFO - [2025-12-08T08:04:58.894+0000] {dag.py:4138} INFO - Setting next_dagrun for dataset_alias_example_alias_producer to None, run_after=None
[2025-12-08T08:04:58.898+0000] {logging_mixin.py:190} INFO - [2025-12-08T08:04:58.897+0000] {dag.py:4138} INFO - Setting next_dagrun for dataset_s3_bucket_consumer to None, run_after=None
[2025-12-08T08:04:58.901+0000] {logging_mixin.py:190} INFO - [2025-12-08T08:04:58.900+0000] {dag.py:4138} INFO - Setting next_dagrun for dataset_s3_bucket_producer to None, run_after=None
[2025-12-08T08:04:58.944+0000] {processor.py:208} INFO - Processing /home/airflow/.local/lib/python3.12/site-packages/airflow/example_dags/example_dataset_alias.py took 0.341 seconds
[2025-12-08T08:05:29.479+0000] {processor.py:186} INFO - Started process (PID=4910) to work on /home/airflow/.local/lib/python3.12/site-packages/airflow/example_dags/example_dataset_alias.py
[2025-12-08T08:05:29.481+0000] {processor.py:914} INFO - Processing file /home/airflow/.local/lib/python3.12/site-packages/airflow/example_dags/example_dataset_alias.py for tasks to queue
[2025-12-08T08:05:29.487+0000] {logging_mixin.py:190} INFO - [2025-12-08T08:05:29.486+0000] {dagbag.py:587} INFO - Filling up the DagBag from /home/airflow/.local/lib/python3.12/site-packages/airflow/example_dags/example_dataset_alias.py
[2025-12-08T08:05:29.806+0000] {processor.py:925} INFO - DAG(s) 'dataset_alias_example_alias_consumer', 'dataset_s3_bucket_producer', 'dataset_s3_bucket_consumer', 'dataset_alias_example_alias_producer' retrieved from /home/airflow/.local/lib/python3.12/site-packages/airflow/example_dags/example_dataset_alias.py
[2025-12-08T08:05:29.860+0000] {logging_mixin.py:190} INFO - [2025-12-08T08:05:29.859+0000] {dag.py:3211} INFO - Sync 4 DAGs
[2025-12-08T08:05:29.905+0000] {logging_mixin.py:190} INFO - [2025-12-08T08:05:29.905+0000] {dag.py:4138} INFO - Setting next_dagrun for dataset_alias_example_alias_consumer to None, run_after=None
[2025-12-08T08:05:29.911+0000] {logging_mixin.py:190} INFO - [2025-12-08T08:05:29.911+0000] {dag.py:4138} INFO - Setting next_dagrun for dataset_alias_example_alias_producer to None, run_after=None
[2025-12-08T08:05:29.915+0000] {logging_mixin.py:190} INFO - [2025-12-08T08:05:29.914+0000] {dag.py:4138} INFO - Setting next_dagrun for dataset_s3_bucket_consumer to None, run_after=None
[2025-12-08T08:05:29.918+0000] {logging_mixin.py:190} INFO - [2025-12-08T08:05:29.918+0000] {dag.py:4138} INFO - Setting next_dagrun for dataset_s3_bucket_producer to None, run_after=None
[2025-12-08T08:05:29.971+0000] {processor.py:208} INFO - Processing /home/airflow/.local/lib/python3.12/site-packages/airflow/example_dags/example_dataset_alias.py took 0.502 seconds
[2025-12-08T08:06:00.507+0000] {processor.py:186} INFO - Started process (PID=4973) to work on /home/airflow/.local/lib/python3.12/site-packages/airflow/example_dags/example_dataset_alias.py
[2025-12-08T08:06:00.509+0000] {processor.py:914} INFO - Processing file /home/airflow/.local/lib/python3.12/site-packages/airflow/example_dags/example_dataset_alias.py for tasks to queue
[2025-12-08T08:06:00.516+0000] {logging_mixin.py:190} INFO - [2025-12-08T08:06:00.515+0000] {dagbag.py:587} INFO - Filling up the DagBag from /home/airflow/.local/lib/python3.12/site-packages/airflow/example_dags/example_dataset_alias.py
[2025-12-08T08:06:00.737+0000] {processor.py:925} INFO - DAG(s) 'dataset_alias_example_alias_producer', 'dataset_s3_bucket_producer', 'dataset_s3_bucket_consumer', 'dataset_alias_example_alias_consumer' retrieved from /home/airflow/.local/lib/python3.12/site-packages/airflow/example_dags/example_dataset_alias.py
[2025-12-08T08:06:00.776+0000] {logging_mixin.py:190} INFO - [2025-12-08T08:06:00.775+0000] {dag.py:3211} INFO - Sync 4 DAGs
[2025-12-08T08:06:00.808+0000] {logging_mixin.py:190} INFO - [2025-12-08T08:06:00.808+0000] {dag.py:4138} INFO - Setting next_dagrun for dataset_alias_example_alias_consumer to None, run_after=None
[2025-12-08T08:06:00.813+0000] {logging_mixin.py:190} INFO - [2025-12-08T08:06:00.813+0000] {dag.py:4138} INFO - Setting next_dagrun for dataset_alias_example_alias_producer to None, run_after=None
[2025-12-08T08:06:00.816+0000] {logging_mixin.py:190} INFO - [2025-12-08T08:06:00.815+0000] {dag.py:4138} INFO - Setting next_dagrun for dataset_s3_bucket_consumer to None, run_after=None
[2025-12-08T08:06:00.818+0000] {logging_mixin.py:190} INFO - [2025-12-08T08:06:00.818+0000] {dag.py:4138} INFO - Setting next_dagrun for dataset_s3_bucket_producer to None, run_after=None
[2025-12-08T08:06:00.855+0000] {processor.py:208} INFO - Processing /home/airflow/.local/lib/python3.12/site-packages/airflow/example_dags/example_dataset_alias.py took 0.356 seconds
[2025-12-08T08:06:31.980+0000] {processor.py:186} INFO - Started process (PID=5042) to work on /home/airflow/.local/lib/python3.12/site-packages/airflow/example_dags/example_dataset_alias.py
[2025-12-08T08:06:31.998+0000] {processor.py:914} INFO - Processing file /home/airflow/.local/lib/python3.12/site-packages/airflow/example_dags/example_dataset_alias.py for tasks to queue
[2025-12-08T08:06:32.011+0000] {logging_mixin.py:190} INFO - [2025-12-08T08:06:32.009+0000] {dagbag.py:587} INFO - Filling up the DagBag from /home/airflow/.local/lib/python3.12/site-packages/airflow/example_dags/example_dataset_alias.py
[2025-12-08T08:06:32.665+0000] {processor.py:925} INFO - DAG(s) 'dataset_s3_bucket_producer', 'dataset_alias_example_alias_consumer', 'dataset_alias_example_alias_producer', 'dataset_s3_bucket_consumer' retrieved from /home/airflow/.local/lib/python3.12/site-packages/airflow/example_dags/example_dataset_alias.py
[2025-12-08T08:06:32.761+0000] {logging_mixin.py:190} INFO - [2025-12-08T08:06:32.760+0000] {dag.py:3211} INFO - Sync 4 DAGs
[2025-12-08T08:06:32.855+0000] {logging_mixin.py:190} INFO - [2025-12-08T08:06:32.854+0000] {dag.py:4138} INFO - Setting next_dagrun for dataset_alias_example_alias_consumer to None, run_after=None
[2025-12-08T08:06:32.866+0000] {logging_mixin.py:190} INFO - [2025-12-08T08:06:32.863+0000] {dag.py:4138} INFO - Setting next_dagrun for dataset_alias_example_alias_producer to None, run_after=None
[2025-12-08T08:06:32.873+0000] {logging_mixin.py:190} INFO - [2025-12-08T08:06:32.872+0000] {dag.py:4138} INFO - Setting next_dagrun for dataset_s3_bucket_consumer to None, run_after=None
[2025-12-08T08:06:32.878+0000] {logging_mixin.py:190} INFO - [2025-12-08T08:06:32.877+0000] {dag.py:4138} INFO - Setting next_dagrun for dataset_s3_bucket_producer to None, run_after=None
[2025-12-08T08:06:32.954+0000] {processor.py:208} INFO - Processing /home/airflow/.local/lib/python3.12/site-packages/airflow/example_dags/example_dataset_alias.py took 1.027 seconds
[2025-12-08T08:07:03.101+0000] {processor.py:186} INFO - Started process (PID=5106) to work on /home/airflow/.local/lib/python3.12/site-packages/airflow/example_dags/example_dataset_alias.py
[2025-12-08T08:07:03.103+0000] {processor.py:914} INFO - Processing file /home/airflow/.local/lib/python3.12/site-packages/airflow/example_dags/example_dataset_alias.py for tasks to queue
[2025-12-08T08:07:03.108+0000] {logging_mixin.py:190} INFO - [2025-12-08T08:07:03.107+0000] {dagbag.py:587} INFO - Filling up the DagBag from /home/airflow/.local/lib/python3.12/site-packages/airflow/example_dags/example_dataset_alias.py
[2025-12-08T08:07:03.405+0000] {processor.py:925} INFO - DAG(s) 'dataset_s3_bucket_consumer', 'dataset_s3_bucket_producer', 'dataset_alias_example_alias_consumer', 'dataset_alias_example_alias_producer' retrieved from /home/airflow/.local/lib/python3.12/site-packages/airflow/example_dags/example_dataset_alias.py
[2025-12-08T08:07:03.452+0000] {logging_mixin.py:190} INFO - [2025-12-08T08:07:03.451+0000] {dag.py:3211} INFO - Sync 4 DAGs
[2025-12-08T08:07:03.510+0000] {logging_mixin.py:190} INFO - [2025-12-08T08:07:03.509+0000] {dag.py:4138} INFO - Setting next_dagrun for dataset_alias_example_alias_consumer to None, run_after=None
[2025-12-08T08:07:03.516+0000] {logging_mixin.py:190} INFO - [2025-12-08T08:07:03.515+0000] {dag.py:4138} INFO - Setting next_dagrun for dataset_alias_example_alias_producer to None, run_after=None
[2025-12-08T08:07:03.520+0000] {logging_mixin.py:190} INFO - [2025-12-08T08:07:03.519+0000] {dag.py:4138} INFO - Setting next_dagrun for dataset_s3_bucket_consumer to None, run_after=None
[2025-12-08T08:07:03.524+0000] {logging_mixin.py:190} INFO - [2025-12-08T08:07:03.523+0000] {dag.py:4138} INFO - Setting next_dagrun for dataset_s3_bucket_producer to None, run_after=None
[2025-12-08T08:07:03.580+0000] {processor.py:208} INFO - Processing /home/airflow/.local/lib/python3.12/site-packages/airflow/example_dags/example_dataset_alias.py took 0.491 seconds
[2025-12-08T08:07:33.937+0000] {processor.py:186} INFO - Started process (PID=5170) to work on /home/airflow/.local/lib/python3.12/site-packages/airflow/example_dags/example_dataset_alias.py
[2025-12-08T08:07:33.939+0000] {processor.py:914} INFO - Processing file /home/airflow/.local/lib/python3.12/site-packages/airflow/example_dags/example_dataset_alias.py for tasks to queue
[2025-12-08T08:07:33.944+0000] {logging_mixin.py:190} INFO - [2025-12-08T08:07:33.943+0000] {dagbag.py:587} INFO - Filling up the DagBag from /home/airflow/.local/lib/python3.12/site-packages/airflow/example_dags/example_dataset_alias.py
[2025-12-08T08:07:34.188+0000] {processor.py:925} INFO - DAG(s) 'dataset_s3_bucket_producer', 'dataset_s3_bucket_consumer', 'dataset_alias_example_alias_producer', 'dataset_alias_example_alias_consumer' retrieved from /home/airflow/.local/lib/python3.12/site-packages/airflow/example_dags/example_dataset_alias.py
[2025-12-08T08:07:34.229+0000] {logging_mixin.py:190} INFO - [2025-12-08T08:07:34.228+0000] {dag.py:3211} INFO - Sync 4 DAGs
[2025-12-08T08:07:34.264+0000] {logging_mixin.py:190} INFO - [2025-12-08T08:07:34.263+0000] {dag.py:4138} INFO - Setting next_dagrun for dataset_alias_example_alias_consumer to None, run_after=None
[2025-12-08T08:07:34.269+0000] {logging_mixin.py:190} INFO - [2025-12-08T08:07:34.269+0000] {dag.py:4138} INFO - Setting next_dagrun for dataset_alias_example_alias_producer to None, run_after=None
[2025-12-08T08:07:34.273+0000] {logging_mixin.py:190} INFO - [2025-12-08T08:07:34.272+0000] {dag.py:4138} INFO - Setting next_dagrun for dataset_s3_bucket_consumer to None, run_after=None
[2025-12-08T08:07:34.276+0000] {logging_mixin.py:190} INFO - [2025-12-08T08:07:34.276+0000] {dag.py:4138} INFO - Setting next_dagrun for dataset_s3_bucket_producer to None, run_after=None
[2025-12-08T08:07:34.329+0000] {processor.py:208} INFO - Processing /home/airflow/.local/lib/python3.12/site-packages/airflow/example_dags/example_dataset_alias.py took 0.398 seconds
[2025-12-08T08:08:04.519+0000] {processor.py:186} INFO - Started process (PID=5235) to work on /home/airflow/.local/lib/python3.12/site-packages/airflow/example_dags/example_dataset_alias.py
[2025-12-08T08:08:04.520+0000] {processor.py:914} INFO - Processing file /home/airflow/.local/lib/python3.12/site-packages/airflow/example_dags/example_dataset_alias.py for tasks to queue
[2025-12-08T08:08:04.523+0000] {logging_mixin.py:190} INFO - [2025-12-08T08:08:04.523+0000] {dagbag.py:587} INFO - Filling up the DagBag from /home/airflow/.local/lib/python3.12/site-packages/airflow/example_dags/example_dataset_alias.py
[2025-12-08T08:08:04.720+0000] {processor.py:925} INFO - DAG(s) 'dataset_alias_example_alias_producer', 'dataset_alias_example_alias_consumer', 'dataset_s3_bucket_consumer', 'dataset_s3_bucket_producer' retrieved from /home/airflow/.local/lib/python3.12/site-packages/airflow/example_dags/example_dataset_alias.py
[2025-12-08T08:08:04.750+0000] {logging_mixin.py:190} INFO - [2025-12-08T08:08:04.750+0000] {dag.py:3211} INFO - Sync 4 DAGs
[2025-12-08T08:08:04.777+0000] {logging_mixin.py:190} INFO - [2025-12-08T08:08:04.776+0000] {dag.py:4138} INFO - Setting next_dagrun for dataset_alias_example_alias_consumer to None, run_after=None
[2025-12-08T08:08:04.780+0000] {logging_mixin.py:190} INFO - [2025-12-08T08:08:04.780+0000] {dag.py:4138} INFO - Setting next_dagrun for dataset_alias_example_alias_producer to None, run_after=None
[2025-12-08T08:08:04.783+0000] {logging_mixin.py:190} INFO - [2025-12-08T08:08:04.783+0000] {dag.py:4138} INFO - Setting next_dagrun for dataset_s3_bucket_consumer to None, run_after=None
[2025-12-08T08:08:04.785+0000] {logging_mixin.py:190} INFO - [2025-12-08T08:08:04.785+0000] {dag.py:4138} INFO - Setting next_dagrun for dataset_s3_bucket_producer to None, run_after=None
[2025-12-08T08:08:04.818+0000] {processor.py:208} INFO - Processing /home/airflow/.local/lib/python3.12/site-packages/airflow/example_dags/example_dataset_alias.py took 0.307 seconds
[2025-12-08T08:08:34.938+0000] {processor.py:186} INFO - Started process (PID=5304) to work on /home/airflow/.local/lib/python3.12/site-packages/airflow/example_dags/example_dataset_alias.py
[2025-12-08T08:08:34.940+0000] {processor.py:914} INFO - Processing file /home/airflow/.local/lib/python3.12/site-packages/airflow/example_dags/example_dataset_alias.py for tasks to queue
[2025-12-08T08:08:34.944+0000] {logging_mixin.py:190} INFO - [2025-12-08T08:08:34.943+0000] {dagbag.py:587} INFO - Filling up the DagBag from /home/airflow/.local/lib/python3.12/site-packages/airflow/example_dags/example_dataset_alias.py
[2025-12-08T08:08:35.160+0000] {processor.py:925} INFO - DAG(s) 'dataset_alias_example_alias_consumer', 'dataset_s3_bucket_producer', 'dataset_s3_bucket_consumer', 'dataset_alias_example_alias_producer' retrieved from /home/airflow/.local/lib/python3.12/site-packages/airflow/example_dags/example_dataset_alias.py
[2025-12-08T08:08:35.217+0000] {logging_mixin.py:190} INFO - [2025-12-08T08:08:35.217+0000] {dag.py:3211} INFO - Sync 4 DAGs
[2025-12-08T08:08:35.249+0000] {logging_mixin.py:190} INFO - [2025-12-08T08:08:35.249+0000] {dag.py:4138} INFO - Setting next_dagrun for dataset_alias_example_alias_consumer to None, run_after=None
[2025-12-08T08:08:35.255+0000] {logging_mixin.py:190} INFO - [2025-12-08T08:08:35.254+0000] {dag.py:4138} INFO - Setting next_dagrun for dataset_alias_example_alias_producer to None, run_after=None
[2025-12-08T08:08:35.258+0000] {logging_mixin.py:190} INFO - [2025-12-08T08:08:35.257+0000] {dag.py:4138} INFO - Setting next_dagrun for dataset_s3_bucket_consumer to None, run_after=None
[2025-12-08T08:08:35.261+0000] {logging_mixin.py:190} INFO - [2025-12-08T08:08:35.261+0000] {dag.py:4138} INFO - Setting next_dagrun for dataset_s3_bucket_producer to None, run_after=None
[2025-12-08T08:08:35.298+0000] {processor.py:208} INFO - Processing /home/airflow/.local/lib/python3.12/site-packages/airflow/example_dags/example_dataset_alias.py took 0.369 seconds
[2025-12-08T08:09:05.902+0000] {processor.py:186} INFO - Started process (PID=5367) to work on /home/airflow/.local/lib/python3.12/site-packages/airflow/example_dags/example_dataset_alias.py
[2025-12-08T08:09:05.905+0000] {processor.py:914} INFO - Processing file /home/airflow/.local/lib/python3.12/site-packages/airflow/example_dags/example_dataset_alias.py for tasks to queue
[2025-12-08T08:09:05.914+0000] {logging_mixin.py:190} INFO - [2025-12-08T08:09:05.913+0000] {dagbag.py:587} INFO - Filling up the DagBag from /home/airflow/.local/lib/python3.12/site-packages/airflow/example_dags/example_dataset_alias.py
[2025-12-08T08:09:06.347+0000] {processor.py:925} INFO - DAG(s) 'dataset_alias_example_alias_consumer', 'dataset_s3_bucket_producer', 'dataset_alias_example_alias_producer', 'dataset_s3_bucket_consumer' retrieved from /home/airflow/.local/lib/python3.12/site-packages/airflow/example_dags/example_dataset_alias.py
[2025-12-08T08:09:06.403+0000] {logging_mixin.py:190} INFO - [2025-12-08T08:09:06.402+0000] {dag.py:3211} INFO - Sync 4 DAGs
[2025-12-08T08:09:06.456+0000] {logging_mixin.py:190} INFO - [2025-12-08T08:09:06.455+0000] {dag.py:4138} INFO - Setting next_dagrun for dataset_alias_example_alias_consumer to None, run_after=None
[2025-12-08T08:09:06.463+0000] {logging_mixin.py:190} INFO - [2025-12-08T08:09:06.462+0000] {dag.py:4138} INFO - Setting next_dagrun for dataset_alias_example_alias_producer to None, run_after=None
[2025-12-08T08:09:06.468+0000] {logging_mixin.py:190} INFO - [2025-12-08T08:09:06.467+0000] {dag.py:4138} INFO - Setting next_dagrun for dataset_s3_bucket_consumer to None, run_after=None
[2025-12-08T08:09:06.473+0000] {logging_mixin.py:190} INFO - [2025-12-08T08:09:06.472+0000] {dag.py:4138} INFO - Setting next_dagrun for dataset_s3_bucket_producer to None, run_after=None
[2025-12-08T08:09:06.536+0000] {processor.py:208} INFO - Processing /home/airflow/.local/lib/python3.12/site-packages/airflow/example_dags/example_dataset_alias.py took 0.659 seconds
[2025-12-08T08:09:37.323+0000] {processor.py:186} INFO - Started process (PID=5430) to work on /home/airflow/.local/lib/python3.12/site-packages/airflow/example_dags/example_dataset_alias.py
[2025-12-08T08:09:37.325+0000] {processor.py:914} INFO - Processing file /home/airflow/.local/lib/python3.12/site-packages/airflow/example_dags/example_dataset_alias.py for tasks to queue
[2025-12-08T08:09:37.329+0000] {logging_mixin.py:190} INFO - [2025-12-08T08:09:37.328+0000] {dagbag.py:587} INFO - Filling up the DagBag from /home/airflow/.local/lib/python3.12/site-packages/airflow/example_dags/example_dataset_alias.py
[2025-12-08T08:09:37.529+0000] {processor.py:925} INFO - DAG(s) 'dataset_s3_bucket_producer', 'dataset_alias_example_alias_producer', 'dataset_alias_example_alias_consumer', 'dataset_s3_bucket_consumer' retrieved from /home/airflow/.local/lib/python3.12/site-packages/airflow/example_dags/example_dataset_alias.py
[2025-12-08T08:09:37.564+0000] {logging_mixin.py:190} INFO - [2025-12-08T08:09:37.563+0000] {dag.py:3211} INFO - Sync 4 DAGs
[2025-12-08T08:09:37.594+0000] {logging_mixin.py:190} INFO - [2025-12-08T08:09:37.594+0000] {dag.py:4138} INFO - Setting next_dagrun for dataset_alias_example_alias_consumer to None, run_after=None
[2025-12-08T08:09:37.598+0000] {logging_mixin.py:190} INFO - [2025-12-08T08:09:37.598+0000] {dag.py:4138} INFO - Setting next_dagrun for dataset_alias_example_alias_producer to None, run_after=None
[2025-12-08T08:09:37.600+0000] {logging_mixin.py:190} INFO - [2025-12-08T08:09:37.600+0000] {dag.py:4138} INFO - Setting next_dagrun for dataset_s3_bucket_consumer to None, run_after=None
[2025-12-08T08:09:37.603+0000] {logging_mixin.py:190} INFO - [2025-12-08T08:09:37.603+0000] {dag.py:4138} INFO - Setting next_dagrun for dataset_s3_bucket_producer to None, run_after=None
[2025-12-08T08:09:37.642+0000] {processor.py:208} INFO - Processing /home/airflow/.local/lib/python3.12/site-packages/airflow/example_dags/example_dataset_alias.py took 0.330 seconds
[2025-12-08T08:10:08.302+0000] {processor.py:186} INFO - Started process (PID=5493) to work on /home/airflow/.local/lib/python3.12/site-packages/airflow/example_dags/example_dataset_alias.py
[2025-12-08T08:10:08.304+0000] {processor.py:914} INFO - Processing file /home/airflow/.local/lib/python3.12/site-packages/airflow/example_dags/example_dataset_alias.py for tasks to queue
[2025-12-08T08:10:08.308+0000] {logging_mixin.py:190} INFO - [2025-12-08T08:10:08.307+0000] {dagbag.py:587} INFO - Filling up the DagBag from /home/airflow/.local/lib/python3.12/site-packages/airflow/example_dags/example_dataset_alias.py
[2025-12-08T08:10:08.497+0000] {processor.py:925} INFO - DAG(s) 'dataset_alias_example_alias_consumer', 'dataset_s3_bucket_producer', 'dataset_s3_bucket_consumer', 'dataset_alias_example_alias_producer' retrieved from /home/airflow/.local/lib/python3.12/site-packages/airflow/example_dags/example_dataset_alias.py
[2025-12-08T08:10:08.528+0000] {logging_mixin.py:190} INFO - [2025-12-08T08:10:08.528+0000] {dag.py:3211} INFO - Sync 4 DAGs
[2025-12-08T08:10:08.559+0000] {logging_mixin.py:190} INFO - [2025-12-08T08:10:08.559+0000] {dag.py:4138} INFO - Setting next_dagrun for dataset_alias_example_alias_consumer to None, run_after=None
[2025-12-08T08:10:08.563+0000] {logging_mixin.py:190} INFO - [2025-12-08T08:10:08.563+0000] {dag.py:4138} INFO - Setting next_dagrun for dataset_alias_example_alias_producer to None, run_after=None
[2025-12-08T08:10:08.565+0000] {logging_mixin.py:190} INFO - [2025-12-08T08:10:08.565+0000] {dag.py:4138} INFO - Setting next_dagrun for dataset_s3_bucket_consumer to None, run_after=None
[2025-12-08T08:10:08.567+0000] {logging_mixin.py:190} INFO - [2025-12-08T08:10:08.567+0000] {dag.py:4138} INFO - Setting next_dagrun for dataset_s3_bucket_producer to None, run_after=None
[2025-12-08T08:10:08.593+0000] {processor.py:208} INFO - Processing /home/airflow/.local/lib/python3.12/site-packages/airflow/example_dags/example_dataset_alias.py took 0.303 seconds
[2025-12-08T08:10:39.062+0000] {processor.py:186} INFO - Started process (PID=5556) to work on /home/airflow/.local/lib/python3.12/site-packages/airflow/example_dags/example_dataset_alias.py
[2025-12-08T08:10:39.065+0000] {processor.py:914} INFO - Processing file /home/airflow/.local/lib/python3.12/site-packages/airflow/example_dags/example_dataset_alias.py for tasks to queue
[2025-12-08T08:10:39.071+0000] {logging_mixin.py:190} INFO - [2025-12-08T08:10:39.070+0000] {dagbag.py:587} INFO - Filling up the DagBag from /home/airflow/.local/lib/python3.12/site-packages/airflow/example_dags/example_dataset_alias.py
[2025-12-08T08:10:39.322+0000] {processor.py:925} INFO - DAG(s) 'dataset_s3_bucket_consumer', 'dataset_s3_bucket_producer', 'dataset_alias_example_alias_consumer', 'dataset_alias_example_alias_producer' retrieved from /home/airflow/.local/lib/python3.12/site-packages/airflow/example_dags/example_dataset_alias.py
[2025-12-08T08:10:39.357+0000] {logging_mixin.py:190} INFO - [2025-12-08T08:10:39.357+0000] {dag.py:3211} INFO - Sync 4 DAGs
[2025-12-08T08:10:39.390+0000] {logging_mixin.py:190} INFO - [2025-12-08T08:10:39.390+0000] {dag.py:4138} INFO - Setting next_dagrun for dataset_alias_example_alias_consumer to None, run_after=None
[2025-12-08T08:10:39.395+0000] {logging_mixin.py:190} INFO - [2025-12-08T08:10:39.394+0000] {dag.py:4138} INFO - Setting next_dagrun for dataset_alias_example_alias_producer to None, run_after=None
[2025-12-08T08:10:39.397+0000] {logging_mixin.py:190} INFO - [2025-12-08T08:10:39.397+0000] {dag.py:4138} INFO - Setting next_dagrun for dataset_s3_bucket_consumer to None, run_after=None
[2025-12-08T08:10:39.401+0000] {logging_mixin.py:190} INFO - [2025-12-08T08:10:39.400+0000] {dag.py:4138} INFO - Setting next_dagrun for dataset_s3_bucket_producer to None, run_after=None
[2025-12-08T08:10:39.444+0000] {processor.py:208} INFO - Processing /home/airflow/.local/lib/python3.12/site-packages/airflow/example_dags/example_dataset_alias.py took 0.397 seconds
[2025-12-08T08:11:10.445+0000] {processor.py:186} INFO - Started process (PID=5621) to work on /home/airflow/.local/lib/python3.12/site-packages/airflow/example_dags/example_dataset_alias.py
[2025-12-08T08:11:10.447+0000] {processor.py:914} INFO - Processing file /home/airflow/.local/lib/python3.12/site-packages/airflow/example_dags/example_dataset_alias.py for tasks to queue
[2025-12-08T08:11:10.451+0000] {logging_mixin.py:190} INFO - [2025-12-08T08:11:10.450+0000] {dagbag.py:587} INFO - Filling up the DagBag from /home/airflow/.local/lib/python3.12/site-packages/airflow/example_dags/example_dataset_alias.py
[2025-12-08T08:11:10.622+0000] {processor.py:925} INFO - DAG(s) 'dataset_alias_example_alias_producer', 'dataset_s3_bucket_producer', 'dataset_s3_bucket_consumer', 'dataset_alias_example_alias_consumer' retrieved from /home/airflow/.local/lib/python3.12/site-packages/airflow/example_dags/example_dataset_alias.py
[2025-12-08T08:11:10.655+0000] {logging_mixin.py:190} INFO - [2025-12-08T08:11:10.655+0000] {dag.py:3211} INFO - Sync 4 DAGs
[2025-12-08T08:11:10.683+0000] {logging_mixin.py:190} INFO - [2025-12-08T08:11:10.682+0000] {dag.py:4138} INFO - Setting next_dagrun for dataset_alias_example_alias_consumer to None, run_after=None
[2025-12-08T08:11:10.687+0000] {logging_mixin.py:190} INFO - [2025-12-08T08:11:10.686+0000] {dag.py:4138} INFO - Setting next_dagrun for dataset_alias_example_alias_producer to None, run_after=None
[2025-12-08T08:11:10.689+0000] {logging_mixin.py:190} INFO - [2025-12-08T08:11:10.689+0000] {dag.py:4138} INFO - Setting next_dagrun for dataset_s3_bucket_consumer to None, run_after=None
[2025-12-08T08:11:10.691+0000] {logging_mixin.py:190} INFO - [2025-12-08T08:11:10.691+0000] {dag.py:4138} INFO - Setting next_dagrun for dataset_s3_bucket_producer to None, run_after=None
[2025-12-08T08:11:10.723+0000] {processor.py:208} INFO - Processing /home/airflow/.local/lib/python3.12/site-packages/airflow/example_dags/example_dataset_alias.py took 0.286 seconds
[2025-12-08T08:11:40.880+0000] {processor.py:186} INFO - Started process (PID=5684) to work on /home/airflow/.local/lib/python3.12/site-packages/airflow/example_dags/example_dataset_alias.py
[2025-12-08T08:11:40.882+0000] {processor.py:914} INFO - Processing file /home/airflow/.local/lib/python3.12/site-packages/airflow/example_dags/example_dataset_alias.py for tasks to queue
[2025-12-08T08:11:40.889+0000] {logging_mixin.py:190} INFO - [2025-12-08T08:11:40.888+0000] {dagbag.py:587} INFO - Filling up the DagBag from /home/airflow/.local/lib/python3.12/site-packages/airflow/example_dags/example_dataset_alias.py
[2025-12-08T08:11:41.081+0000] {processor.py:925} INFO - DAG(s) 'dataset_alias_example_alias_producer', 'dataset_s3_bucket_producer', 'dataset_alias_example_alias_consumer', 'dataset_s3_bucket_consumer' retrieved from /home/airflow/.local/lib/python3.12/site-packages/airflow/example_dags/example_dataset_alias.py
[2025-12-08T08:11:41.111+0000] {logging_mixin.py:190} INFO - [2025-12-08T08:11:41.111+0000] {dag.py:3211} INFO - Sync 4 DAGs
[2025-12-08T08:11:41.141+0000] {logging_mixin.py:190} INFO - [2025-12-08T08:11:41.141+0000] {dag.py:4138} INFO - Setting next_dagrun for dataset_alias_example_alias_consumer to None, run_after=None
[2025-12-08T08:11:41.146+0000] {logging_mixin.py:190} INFO - [2025-12-08T08:11:41.146+0000] {dag.py:4138} INFO - Setting next_dagrun for dataset_alias_example_alias_producer to None, run_after=None
[2025-12-08T08:11:41.149+0000] {logging_mixin.py:190} INFO - [2025-12-08T08:11:41.149+0000] {dag.py:4138} INFO - Setting next_dagrun for dataset_s3_bucket_consumer to None, run_after=None
[2025-12-08T08:11:41.151+0000] {logging_mixin.py:190} INFO - [2025-12-08T08:11:41.151+0000] {dag.py:4138} INFO - Setting next_dagrun for dataset_s3_bucket_producer to None, run_after=None
[2025-12-08T08:11:41.192+0000] {processor.py:208} INFO - Processing /home/airflow/.local/lib/python3.12/site-packages/airflow/example_dags/example_dataset_alias.py took 0.322 seconds
[2025-12-08T08:12:11.578+0000] {processor.py:186} INFO - Started process (PID=5747) to work on /home/airflow/.local/lib/python3.12/site-packages/airflow/example_dags/example_dataset_alias.py
[2025-12-08T08:12:11.580+0000] {processor.py:914} INFO - Processing file /home/airflow/.local/lib/python3.12/site-packages/airflow/example_dags/example_dataset_alias.py for tasks to queue
[2025-12-08T08:12:11.584+0000] {logging_mixin.py:190} INFO - [2025-12-08T08:12:11.583+0000] {dagbag.py:587} INFO - Filling up the DagBag from /home/airflow/.local/lib/python3.12/site-packages/airflow/example_dags/example_dataset_alias.py
[2025-12-08T08:12:11.771+0000] {processor.py:925} INFO - DAG(s) 'dataset_alias_example_alias_producer', 'dataset_s3_bucket_producer', 'dataset_alias_example_alias_consumer', 'dataset_s3_bucket_consumer' retrieved from /home/airflow/.local/lib/python3.12/site-packages/airflow/example_dags/example_dataset_alias.py
[2025-12-08T08:12:11.803+0000] {logging_mixin.py:190} INFO - [2025-12-08T08:12:11.803+0000] {dag.py:3211} INFO - Sync 4 DAGs
[2025-12-08T08:12:11.828+0000] {logging_mixin.py:190} INFO - [2025-12-08T08:12:11.828+0000] {dag.py:4138} INFO - Setting next_dagrun for dataset_alias_example_alias_consumer to None, run_after=None
[2025-12-08T08:12:11.834+0000] {logging_mixin.py:190} INFO - [2025-12-08T08:12:11.834+0000] {dag.py:4138} INFO - Setting next_dagrun for dataset_alias_example_alias_producer to None, run_after=None
[2025-12-08T08:12:11.837+0000] {logging_mixin.py:190} INFO - [2025-12-08T08:12:11.837+0000] {dag.py:4138} INFO - Setting next_dagrun for dataset_s3_bucket_consumer to None, run_after=None
[2025-12-08T08:12:11.841+0000] {logging_mixin.py:190} INFO - [2025-12-08T08:12:11.840+0000] {dag.py:4138} INFO - Setting next_dagrun for dataset_s3_bucket_producer to None, run_after=None
[2025-12-08T08:12:11.886+0000] {processor.py:208} INFO - Processing /home/airflow/.local/lib/python3.12/site-packages/airflow/example_dags/example_dataset_alias.py took 0.317 seconds
[2025-12-08T08:12:42.434+0000] {processor.py:186} INFO - Started process (PID=5811) to work on /home/airflow/.local/lib/python3.12/site-packages/airflow/example_dags/example_dataset_alias.py
[2025-12-08T08:12:42.438+0000] {processor.py:914} INFO - Processing file /home/airflow/.local/lib/python3.12/site-packages/airflow/example_dags/example_dataset_alias.py for tasks to queue
[2025-12-08T08:12:42.447+0000] {logging_mixin.py:190} INFO - [2025-12-08T08:12:42.445+0000] {dagbag.py:587} INFO - Filling up the DagBag from /home/airflow/.local/lib/python3.12/site-packages/airflow/example_dags/example_dataset_alias.py
[2025-12-08T08:12:42.853+0000] {processor.py:925} INFO - DAG(s) 'dataset_s3_bucket_consumer', 'dataset_alias_example_alias_consumer', 'dataset_alias_example_alias_producer', 'dataset_s3_bucket_producer' retrieved from /home/airflow/.local/lib/python3.12/site-packages/airflow/example_dags/example_dataset_alias.py
[2025-12-08T08:12:42.919+0000] {logging_mixin.py:190} INFO - [2025-12-08T08:12:42.918+0000] {dag.py:3211} INFO - Sync 4 DAGs
[2025-12-08T08:12:42.964+0000] {logging_mixin.py:190} INFO - [2025-12-08T08:12:42.963+0000] {dag.py:4138} INFO - Setting next_dagrun for dataset_alias_example_alias_consumer to None, run_after=None
[2025-12-08T08:12:42.971+0000] {logging_mixin.py:190} INFO - [2025-12-08T08:12:42.970+0000] {dag.py:4138} INFO - Setting next_dagrun for dataset_alias_example_alias_producer to None, run_after=None
[2025-12-08T08:12:42.974+0000] {logging_mixin.py:190} INFO - [2025-12-08T08:12:42.974+0000] {dag.py:4138} INFO - Setting next_dagrun for dataset_s3_bucket_consumer to None, run_after=None
[2025-12-08T08:12:42.978+0000] {logging_mixin.py:190} INFO - [2025-12-08T08:12:42.978+0000] {dag.py:4138} INFO - Setting next_dagrun for dataset_s3_bucket_producer to None, run_after=None
[2025-12-08T08:12:43.033+0000] {processor.py:208} INFO - Processing /home/airflow/.local/lib/python3.12/site-packages/airflow/example_dags/example_dataset_alias.py took 0.617 seconds
[2025-12-08T08:13:13.414+0000] {processor.py:186} INFO - Started process (PID=5874) to work on /home/airflow/.local/lib/python3.12/site-packages/airflow/example_dags/example_dataset_alias.py
[2025-12-08T08:13:13.418+0000] {processor.py:914} INFO - Processing file /home/airflow/.local/lib/python3.12/site-packages/airflow/example_dags/example_dataset_alias.py for tasks to queue
[2025-12-08T08:13:13.429+0000] {logging_mixin.py:190} INFO - [2025-12-08T08:13:13.428+0000] {dagbag.py:587} INFO - Filling up the DagBag from /home/airflow/.local/lib/python3.12/site-packages/airflow/example_dags/example_dataset_alias.py
[2025-12-08T08:13:14.060+0000] {processor.py:925} INFO - DAG(s) 'dataset_alias_example_alias_consumer', 'dataset_s3_bucket_consumer', 'dataset_s3_bucket_producer', 'dataset_alias_example_alias_producer' retrieved from /home/airflow/.local/lib/python3.12/site-packages/airflow/example_dags/example_dataset_alias.py
[2025-12-08T08:13:14.134+0000] {logging_mixin.py:190} INFO - [2025-12-08T08:13:14.133+0000] {dag.py:3211} INFO - Sync 4 DAGs
[2025-12-08T08:13:14.205+0000] {logging_mixin.py:190} INFO - [2025-12-08T08:13:14.204+0000] {dag.py:4138} INFO - Setting next_dagrun for dataset_alias_example_alias_consumer to None, run_after=None
[2025-12-08T08:13:14.218+0000] {logging_mixin.py:190} INFO - [2025-12-08T08:13:14.217+0000] {dag.py:4138} INFO - Setting next_dagrun for dataset_alias_example_alias_producer to None, run_after=None
[2025-12-08T08:13:14.228+0000] {logging_mixin.py:190} INFO - [2025-12-08T08:13:14.228+0000] {dag.py:4138} INFO - Setting next_dagrun for dataset_s3_bucket_consumer to None, run_after=None
[2025-12-08T08:13:14.235+0000] {logging_mixin.py:190} INFO - [2025-12-08T08:13:14.235+0000] {dag.py:4138} INFO - Setting next_dagrun for dataset_s3_bucket_producer to None, run_after=None
[2025-12-08T08:13:14.317+0000] {processor.py:208} INFO - Processing /home/airflow/.local/lib/python3.12/site-packages/airflow/example_dags/example_dataset_alias.py took 0.917 seconds
[2025-12-08T08:13:44.420+0000] {processor.py:186} INFO - Started process (PID=5937) to work on /home/airflow/.local/lib/python3.12/site-packages/airflow/example_dags/example_dataset_alias.py
[2025-12-08T08:13:44.422+0000] {processor.py:914} INFO - Processing file /home/airflow/.local/lib/python3.12/site-packages/airflow/example_dags/example_dataset_alias.py for tasks to queue
[2025-12-08T08:13:44.425+0000] {logging_mixin.py:190} INFO - [2025-12-08T08:13:44.425+0000] {dagbag.py:587} INFO - Filling up the DagBag from /home/airflow/.local/lib/python3.12/site-packages/airflow/example_dags/example_dataset_alias.py
[2025-12-08T08:13:44.565+0000] {processor.py:925} INFO - DAG(s) 'dataset_alias_example_alias_producer', 'dataset_alias_example_alias_consumer', 'dataset_s3_bucket_consumer', 'dataset_s3_bucket_producer' retrieved from /home/airflow/.local/lib/python3.12/site-packages/airflow/example_dags/example_dataset_alias.py
[2025-12-08T08:13:44.589+0000] {logging_mixin.py:190} INFO - [2025-12-08T08:13:44.589+0000] {dag.py:3211} INFO - Sync 4 DAGs
[2025-12-08T08:13:44.610+0000] {logging_mixin.py:190} INFO - [2025-12-08T08:13:44.609+0000] {dag.py:4138} INFO - Setting next_dagrun for dataset_alias_example_alias_consumer to None, run_after=None
[2025-12-08T08:13:44.614+0000] {logging_mixin.py:190} INFO - [2025-12-08T08:13:44.613+0000] {dag.py:4138} INFO - Setting next_dagrun for dataset_alias_example_alias_producer to None, run_after=None
[2025-12-08T08:13:44.616+0000] {logging_mixin.py:190} INFO - [2025-12-08T08:13:44.616+0000] {dag.py:4138} INFO - Setting next_dagrun for dataset_s3_bucket_consumer to None, run_after=None
[2025-12-08T08:13:44.619+0000] {logging_mixin.py:190} INFO - [2025-12-08T08:13:44.619+0000] {dag.py:4138} INFO - Setting next_dagrun for dataset_s3_bucket_producer to None, run_after=None
[2025-12-08T08:13:44.648+0000] {processor.py:208} INFO - Processing /home/airflow/.local/lib/python3.12/site-packages/airflow/example_dags/example_dataset_alias.py took 0.236 seconds
[2025-12-08T08:14:15.111+0000] {processor.py:186} INFO - Started process (PID=6001) to work on /home/airflow/.local/lib/python3.12/site-packages/airflow/example_dags/example_dataset_alias.py
[2025-12-08T08:14:15.113+0000] {processor.py:914} INFO - Processing file /home/airflow/.local/lib/python3.12/site-packages/airflow/example_dags/example_dataset_alias.py for tasks to queue
[2025-12-08T08:14:15.117+0000] {logging_mixin.py:190} INFO - [2025-12-08T08:14:15.117+0000] {dagbag.py:587} INFO - Filling up the DagBag from /home/airflow/.local/lib/python3.12/site-packages/airflow/example_dags/example_dataset_alias.py
[2025-12-08T08:14:15.271+0000] {processor.py:925} INFO - DAG(s) 'dataset_alias_example_alias_producer', 'dataset_s3_bucket_producer', 'dataset_alias_example_alias_consumer', 'dataset_s3_bucket_consumer' retrieved from /home/airflow/.local/lib/python3.12/site-packages/airflow/example_dags/example_dataset_alias.py
[2025-12-08T08:14:15.295+0000] {logging_mixin.py:190} INFO - [2025-12-08T08:14:15.295+0000] {dag.py:3211} INFO - Sync 4 DAGs
[2025-12-08T08:14:15.318+0000] {logging_mixin.py:190} INFO - [2025-12-08T08:14:15.317+0000] {dag.py:4138} INFO - Setting next_dagrun for dataset_alias_example_alias_consumer to None, run_after=None
[2025-12-08T08:14:15.321+0000] {logging_mixin.py:190} INFO - [2025-12-08T08:14:15.321+0000] {dag.py:4138} INFO - Setting next_dagrun for dataset_alias_example_alias_producer to None, run_after=None
[2025-12-08T08:14:15.323+0000] {logging_mixin.py:190} INFO - [2025-12-08T08:14:15.323+0000] {dag.py:4138} INFO - Setting next_dagrun for dataset_s3_bucket_consumer to None, run_after=None
[2025-12-08T08:14:15.325+0000] {logging_mixin.py:190} INFO - [2025-12-08T08:14:15.325+0000] {dag.py:4138} INFO - Setting next_dagrun for dataset_s3_bucket_producer to None, run_after=None
[2025-12-08T08:14:15.353+0000] {processor.py:208} INFO - Processing /home/airflow/.local/lib/python3.12/site-packages/airflow/example_dags/example_dataset_alias.py took 0.253 seconds
[2025-12-08T08:14:45.686+0000] {processor.py:186} INFO - Started process (PID=6065) to work on /home/airflow/.local/lib/python3.12/site-packages/airflow/example_dags/example_dataset_alias.py
[2025-12-08T08:14:45.688+0000] {processor.py:914} INFO - Processing file /home/airflow/.local/lib/python3.12/site-packages/airflow/example_dags/example_dataset_alias.py for tasks to queue
[2025-12-08T08:14:45.692+0000] {logging_mixin.py:190} INFO - [2025-12-08T08:14:45.691+0000] {dagbag.py:587} INFO - Filling up the DagBag from /home/airflow/.local/lib/python3.12/site-packages/airflow/example_dags/example_dataset_alias.py
[2025-12-08T08:14:45.852+0000] {processor.py:925} INFO - DAG(s) 'dataset_alias_example_alias_producer', 'dataset_s3_bucket_producer', 'dataset_s3_bucket_consumer', 'dataset_alias_example_alias_consumer' retrieved from /home/airflow/.local/lib/python3.12/site-packages/airflow/example_dags/example_dataset_alias.py
[2025-12-08T08:14:45.880+0000] {logging_mixin.py:190} INFO - [2025-12-08T08:14:45.879+0000] {dag.py:3211} INFO - Sync 4 DAGs
[2025-12-08T08:14:45.905+0000] {logging_mixin.py:190} INFO - [2025-12-08T08:14:45.904+0000] {dag.py:4138} INFO - Setting next_dagrun for dataset_alias_example_alias_consumer to None, run_after=None
[2025-12-08T08:14:45.909+0000] {logging_mixin.py:190} INFO - [2025-12-08T08:14:45.908+0000] {dag.py:4138} INFO - Setting next_dagrun for dataset_alias_example_alias_producer to None, run_after=None
[2025-12-08T08:14:45.911+0000] {logging_mixin.py:190} INFO - [2025-12-08T08:14:45.911+0000] {dag.py:4138} INFO - Setting next_dagrun for dataset_s3_bucket_consumer to None, run_after=None
[2025-12-08T08:14:45.914+0000] {logging_mixin.py:190} INFO - [2025-12-08T08:14:45.914+0000] {dag.py:4138} INFO - Setting next_dagrun for dataset_s3_bucket_producer to None, run_after=None
[2025-12-08T08:14:45.954+0000] {processor.py:208} INFO - Processing /home/airflow/.local/lib/python3.12/site-packages/airflow/example_dags/example_dataset_alias.py took 0.278 seconds
[2025-12-08T08:15:16.415+0000] {processor.py:186} INFO - Started process (PID=6128) to work on /home/airflow/.local/lib/python3.12/site-packages/airflow/example_dags/example_dataset_alias.py
[2025-12-08T08:15:16.417+0000] {processor.py:914} INFO - Processing file /home/airflow/.local/lib/python3.12/site-packages/airflow/example_dags/example_dataset_alias.py for tasks to queue
[2025-12-08T08:15:16.421+0000] {logging_mixin.py:190} INFO - [2025-12-08T08:15:16.420+0000] {dagbag.py:587} INFO - Filling up the DagBag from /home/airflow/.local/lib/python3.12/site-packages/airflow/example_dags/example_dataset_alias.py
[2025-12-08T08:15:16.572+0000] {processor.py:925} INFO - DAG(s) 'dataset_s3_bucket_consumer', 'dataset_alias_example_alias_producer', 'dataset_alias_example_alias_consumer', 'dataset_s3_bucket_producer' retrieved from /home/airflow/.local/lib/python3.12/site-packages/airflow/example_dags/example_dataset_alias.py
[2025-12-08T08:15:16.596+0000] {logging_mixin.py:190} INFO - [2025-12-08T08:15:16.596+0000] {dag.py:3211} INFO - Sync 4 DAGs
[2025-12-08T08:15:16.622+0000] {logging_mixin.py:190} INFO - [2025-12-08T08:15:16.622+0000] {dag.py:4138} INFO - Setting next_dagrun for dataset_alias_example_alias_consumer to None, run_after=None
[2025-12-08T08:15:16.625+0000] {logging_mixin.py:190} INFO - [2025-12-08T08:15:16.625+0000] {dag.py:4138} INFO - Setting next_dagrun for dataset_alias_example_alias_producer to None, run_after=None
[2025-12-08T08:15:16.627+0000] {logging_mixin.py:190} INFO - [2025-12-08T08:15:16.627+0000] {dag.py:4138} INFO - Setting next_dagrun for dataset_s3_bucket_consumer to None, run_after=None
[2025-12-08T08:15:16.629+0000] {logging_mixin.py:190} INFO - [2025-12-08T08:15:16.629+0000] {dag.py:4138} INFO - Setting next_dagrun for dataset_s3_bucket_producer to None, run_after=None
[2025-12-08T08:15:16.658+0000] {processor.py:208} INFO - Processing /home/airflow/.local/lib/python3.12/site-packages/airflow/example_dags/example_dataset_alias.py took 0.253 seconds
[2025-12-08T08:15:47.251+0000] {processor.py:186} INFO - Started process (PID=6191) to work on /home/airflow/.local/lib/python3.12/site-packages/airflow/example_dags/example_dataset_alias.py
[2025-12-08T08:15:47.255+0000] {processor.py:914} INFO - Processing file /home/airflow/.local/lib/python3.12/site-packages/airflow/example_dags/example_dataset_alias.py for tasks to queue
[2025-12-08T08:15:47.259+0000] {logging_mixin.py:190} INFO - [2025-12-08T08:15:47.259+0000] {dagbag.py:587} INFO - Filling up the DagBag from /home/airflow/.local/lib/python3.12/site-packages/airflow/example_dags/example_dataset_alias.py
[2025-12-08T08:15:47.413+0000] {processor.py:925} INFO - DAG(s) 'dataset_s3_bucket_consumer', 'dataset_alias_example_alias_producer', 'dataset_s3_bucket_producer', 'dataset_alias_example_alias_consumer' retrieved from /home/airflow/.local/lib/python3.12/site-packages/airflow/example_dags/example_dataset_alias.py
[2025-12-08T08:15:47.433+0000] {logging_mixin.py:190} INFO - [2025-12-08T08:15:47.432+0000] {dag.py:3211} INFO - Sync 4 DAGs
[2025-12-08T08:15:47.454+0000] {logging_mixin.py:190} INFO - [2025-12-08T08:15:47.453+0000] {dag.py:4138} INFO - Setting next_dagrun for dataset_alias_example_alias_consumer to None, run_after=None
[2025-12-08T08:15:47.457+0000] {logging_mixin.py:190} INFO - [2025-12-08T08:15:47.457+0000] {dag.py:4138} INFO - Setting next_dagrun for dataset_alias_example_alias_producer to None, run_after=None
[2025-12-08T08:15:47.459+0000] {logging_mixin.py:190} INFO - [2025-12-08T08:15:47.458+0000] {dag.py:4138} INFO - Setting next_dagrun for dataset_s3_bucket_consumer to None, run_after=None
[2025-12-08T08:15:47.460+0000] {logging_mixin.py:190} INFO - [2025-12-08T08:15:47.460+0000] {dag.py:4138} INFO - Setting next_dagrun for dataset_s3_bucket_producer to None, run_after=None
[2025-12-08T08:15:47.483+0000] {processor.py:208} INFO - Processing /home/airflow/.local/lib/python3.12/site-packages/airflow/example_dags/example_dataset_alias.py took 0.253 seconds
[2025-12-08T08:16:17.588+0000] {processor.py:186} INFO - Started process (PID=6254) to work on /home/airflow/.local/lib/python3.12/site-packages/airflow/example_dags/example_dataset_alias.py
[2025-12-08T08:16:17.590+0000] {processor.py:914} INFO - Processing file /home/airflow/.local/lib/python3.12/site-packages/airflow/example_dags/example_dataset_alias.py for tasks to queue
[2025-12-08T08:16:17.595+0000] {logging_mixin.py:190} INFO - [2025-12-08T08:16:17.594+0000] {dagbag.py:587} INFO - Filling up the DagBag from /home/airflow/.local/lib/python3.12/site-packages/airflow/example_dags/example_dataset_alias.py
[2025-12-08T08:16:17.748+0000] {processor.py:925} INFO - DAG(s) 'dataset_alias_example_alias_consumer', 'dataset_s3_bucket_producer', 'dataset_alias_example_alias_producer', 'dataset_s3_bucket_consumer' retrieved from /home/airflow/.local/lib/python3.12/site-packages/airflow/example_dags/example_dataset_alias.py
[2025-12-08T08:16:17.768+0000] {logging_mixin.py:190} INFO - [2025-12-08T08:16:17.767+0000] {dag.py:3211} INFO - Sync 4 DAGs
[2025-12-08T08:16:17.787+0000] {logging_mixin.py:190} INFO - [2025-12-08T08:16:17.787+0000] {dag.py:4138} INFO - Setting next_dagrun for dataset_alias_example_alias_consumer to None, run_after=None
[2025-12-08T08:16:17.790+0000] {logging_mixin.py:190} INFO - [2025-12-08T08:16:17.790+0000] {dag.py:4138} INFO - Setting next_dagrun for dataset_alias_example_alias_producer to None, run_after=None
[2025-12-08T08:16:17.792+0000] {logging_mixin.py:190} INFO - [2025-12-08T08:16:17.792+0000] {dag.py:4138} INFO - Setting next_dagrun for dataset_s3_bucket_consumer to None, run_after=None
[2025-12-08T08:16:17.794+0000] {logging_mixin.py:190} INFO - [2025-12-08T08:16:17.794+0000] {dag.py:4138} INFO - Setting next_dagrun for dataset_s3_bucket_producer to None, run_after=None
[2025-12-08T08:16:17.815+0000] {processor.py:208} INFO - Processing /home/airflow/.local/lib/python3.12/site-packages/airflow/example_dags/example_dataset_alias.py took 0.236 seconds
[2025-12-08T08:16:48.061+0000] {processor.py:186} INFO - Started process (PID=6317) to work on /home/airflow/.local/lib/python3.12/site-packages/airflow/example_dags/example_dataset_alias.py
[2025-12-08T08:16:48.062+0000] {processor.py:914} INFO - Processing file /home/airflow/.local/lib/python3.12/site-packages/airflow/example_dags/example_dataset_alias.py for tasks to queue
[2025-12-08T08:16:48.066+0000] {logging_mixin.py:190} INFO - [2025-12-08T08:16:48.065+0000] {dagbag.py:587} INFO - Filling up the DagBag from /home/airflow/.local/lib/python3.12/site-packages/airflow/example_dags/example_dataset_alias.py
[2025-12-08T08:16:48.216+0000] {processor.py:925} INFO - DAG(s) 'dataset_s3_bucket_producer', 'dataset_alias_example_alias_consumer', 'dataset_s3_bucket_consumer', 'dataset_alias_example_alias_producer' retrieved from /home/airflow/.local/lib/python3.12/site-packages/airflow/example_dags/example_dataset_alias.py
[2025-12-08T08:16:48.236+0000] {logging_mixin.py:190} INFO - [2025-12-08T08:16:48.235+0000] {dag.py:3211} INFO - Sync 4 DAGs
[2025-12-08T08:16:48.258+0000] {logging_mixin.py:190} INFO - [2025-12-08T08:16:48.258+0000] {dag.py:4138} INFO - Setting next_dagrun for dataset_alias_example_alias_consumer to None, run_after=None
[2025-12-08T08:16:48.261+0000] {logging_mixin.py:190} INFO - [2025-12-08T08:16:48.261+0000] {dag.py:4138} INFO - Setting next_dagrun for dataset_alias_example_alias_producer to None, run_after=None
[2025-12-08T08:16:48.263+0000] {logging_mixin.py:190} INFO - [2025-12-08T08:16:48.263+0000] {dag.py:4138} INFO - Setting next_dagrun for dataset_s3_bucket_consumer to None, run_after=None
[2025-12-08T08:16:48.265+0000] {logging_mixin.py:190} INFO - [2025-12-08T08:16:48.265+0000] {dag.py:4138} INFO - Setting next_dagrun for dataset_s3_bucket_producer to None, run_after=None
[2025-12-08T08:16:48.285+0000] {processor.py:208} INFO - Processing /home/airflow/.local/lib/python3.12/site-packages/airflow/example_dags/example_dataset_alias.py took 0.231 seconds
[2025-12-08T08:17:18.582+0000] {processor.py:186} INFO - Started process (PID=6380) to work on /home/airflow/.local/lib/python3.12/site-packages/airflow/example_dags/example_dataset_alias.py
[2025-12-08T08:17:18.583+0000] {processor.py:914} INFO - Processing file /home/airflow/.local/lib/python3.12/site-packages/airflow/example_dags/example_dataset_alias.py for tasks to queue
[2025-12-08T08:17:18.587+0000] {logging_mixin.py:190} INFO - [2025-12-08T08:17:18.586+0000] {dagbag.py:587} INFO - Filling up the DagBag from /home/airflow/.local/lib/python3.12/site-packages/airflow/example_dags/example_dataset_alias.py
[2025-12-08T08:17:18.756+0000] {processor.py:925} INFO - DAG(s) 'dataset_alias_example_alias_producer', 'dataset_s3_bucket_consumer', 'dataset_alias_example_alias_consumer', 'dataset_s3_bucket_producer' retrieved from /home/airflow/.local/lib/python3.12/site-packages/airflow/example_dags/example_dataset_alias.py
[2025-12-08T08:17:18.784+0000] {logging_mixin.py:190} INFO - [2025-12-08T08:17:18.783+0000] {dag.py:3211} INFO - Sync 4 DAGs
[2025-12-08T08:17:18.810+0000] {logging_mixin.py:190} INFO - [2025-12-08T08:17:18.810+0000] {dag.py:4138} INFO - Setting next_dagrun for dataset_alias_example_alias_consumer to None, run_after=None
[2025-12-08T08:17:18.813+0000] {logging_mixin.py:190} INFO - [2025-12-08T08:17:18.813+0000] {dag.py:4138} INFO - Setting next_dagrun for dataset_alias_example_alias_producer to None, run_after=None
[2025-12-08T08:17:18.815+0000] {logging_mixin.py:190} INFO - [2025-12-08T08:17:18.815+0000] {dag.py:4138} INFO - Setting next_dagrun for dataset_s3_bucket_consumer to None, run_after=None
[2025-12-08T08:17:18.817+0000] {logging_mixin.py:190} INFO - [2025-12-08T08:17:18.817+0000] {dag.py:4138} INFO - Setting next_dagrun for dataset_s3_bucket_producer to None, run_after=None
[2025-12-08T08:17:18.843+0000] {processor.py:208} INFO - Processing /home/airflow/.local/lib/python3.12/site-packages/airflow/example_dags/example_dataset_alias.py took 0.269 seconds
[2025-12-08T08:17:49.085+0000] {processor.py:186} INFO - Started process (PID=6443) to work on /home/airflow/.local/lib/python3.12/site-packages/airflow/example_dags/example_dataset_alias.py
[2025-12-08T08:17:49.088+0000] {processor.py:914} INFO - Processing file /home/airflow/.local/lib/python3.12/site-packages/airflow/example_dags/example_dataset_alias.py for tasks to queue
[2025-12-08T08:17:49.092+0000] {logging_mixin.py:190} INFO - [2025-12-08T08:17:49.091+0000] {dagbag.py:587} INFO - Filling up the DagBag from /home/airflow/.local/lib/python3.12/site-packages/airflow/example_dags/example_dataset_alias.py
[2025-12-08T08:17:49.263+0000] {processor.py:925} INFO - DAG(s) 'dataset_s3_bucket_producer', 'dataset_s3_bucket_consumer', 'dataset_alias_example_alias_producer', 'dataset_alias_example_alias_consumer' retrieved from /home/airflow/.local/lib/python3.12/site-packages/airflow/example_dags/example_dataset_alias.py
[2025-12-08T08:17:49.292+0000] {logging_mixin.py:190} INFO - [2025-12-08T08:17:49.292+0000] {dag.py:3211} INFO - Sync 4 DAGs
[2025-12-08T08:17:49.319+0000] {logging_mixin.py:190} INFO - [2025-12-08T08:17:49.319+0000] {dag.py:4138} INFO - Setting next_dagrun for dataset_alias_example_alias_consumer to None, run_after=None
[2025-12-08T08:17:49.324+0000] {logging_mixin.py:190} INFO - [2025-12-08T08:17:49.323+0000] {dag.py:4138} INFO - Setting next_dagrun for dataset_alias_example_alias_producer to None, run_after=None
[2025-12-08T08:17:49.326+0000] {logging_mixin.py:190} INFO - [2025-12-08T08:17:49.326+0000] {dag.py:4138} INFO - Setting next_dagrun for dataset_s3_bucket_consumer to None, run_after=None
[2025-12-08T08:17:49.328+0000] {logging_mixin.py:190} INFO - [2025-12-08T08:17:49.328+0000] {dag.py:4138} INFO - Setting next_dagrun for dataset_s3_bucket_producer to None, run_after=None
[2025-12-08T08:17:49.356+0000] {processor.py:208} INFO - Processing /home/airflow/.local/lib/python3.12/site-packages/airflow/example_dags/example_dataset_alias.py took 0.281 seconds
[2025-12-08T08:18:19.565+0000] {processor.py:186} INFO - Started process (PID=6506) to work on /home/airflow/.local/lib/python3.12/site-packages/airflow/example_dags/example_dataset_alias.py
[2025-12-08T08:18:19.567+0000] {processor.py:914} INFO - Processing file /home/airflow/.local/lib/python3.12/site-packages/airflow/example_dags/example_dataset_alias.py for tasks to queue
[2025-12-08T08:18:19.571+0000] {logging_mixin.py:190} INFO - [2025-12-08T08:18:19.570+0000] {dagbag.py:587} INFO - Filling up the DagBag from /home/airflow/.local/lib/python3.12/site-packages/airflow/example_dags/example_dataset_alias.py
[2025-12-08T08:18:19.805+0000] {processor.py:925} INFO - DAG(s) 'dataset_s3_bucket_producer', 'dataset_alias_example_alias_producer', 'dataset_alias_example_alias_consumer', 'dataset_s3_bucket_consumer' retrieved from /home/airflow/.local/lib/python3.12/site-packages/airflow/example_dags/example_dataset_alias.py
[2025-12-08T08:18:19.839+0000] {logging_mixin.py:190} INFO - [2025-12-08T08:18:19.839+0000] {dag.py:3211} INFO - Sync 4 DAGs
[2025-12-08T08:18:19.961+0000] {logging_mixin.py:190} INFO - [2025-12-08T08:18:19.961+0000] {dag.py:4138} INFO - Setting next_dagrun for dataset_alias_example_alias_consumer to None, run_after=None
[2025-12-08T08:18:19.965+0000] {logging_mixin.py:190} INFO - [2025-12-08T08:18:19.964+0000] {dag.py:4138} INFO - Setting next_dagrun for dataset_alias_example_alias_producer to None, run_after=None
[2025-12-08T08:18:19.967+0000] {logging_mixin.py:190} INFO - [2025-12-08T08:18:19.967+0000] {dag.py:4138} INFO - Setting next_dagrun for dataset_s3_bucket_consumer to None, run_after=None
[2025-12-08T08:18:19.969+0000] {logging_mixin.py:190} INFO - [2025-12-08T08:18:19.969+0000] {dag.py:4138} INFO - Setting next_dagrun for dataset_s3_bucket_producer to None, run_after=None
[2025-12-08T08:18:20.006+0000] {processor.py:208} INFO - Processing /home/airflow/.local/lib/python3.12/site-packages/airflow/example_dags/example_dataset_alias.py took 0.359 seconds
[2025-12-08T08:18:50.428+0000] {processor.py:186} INFO - Started process (PID=6569) to work on /home/airflow/.local/lib/python3.12/site-packages/airflow/example_dags/example_dataset_alias.py
[2025-12-08T08:18:50.430+0000] {processor.py:914} INFO - Processing file /home/airflow/.local/lib/python3.12/site-packages/airflow/example_dags/example_dataset_alias.py for tasks to queue
[2025-12-08T08:18:50.437+0000] {logging_mixin.py:190} INFO - [2025-12-08T08:18:50.436+0000] {dagbag.py:587} INFO - Filling up the DagBag from /home/airflow/.local/lib/python3.12/site-packages/airflow/example_dags/example_dataset_alias.py
[2025-12-08T08:18:51.162+0000] {processor.py:925} INFO - DAG(s) 'dataset_s3_bucket_producer', 'dataset_s3_bucket_consumer', 'dataset_alias_example_alias_consumer', 'dataset_alias_example_alias_producer' retrieved from /home/airflow/.local/lib/python3.12/site-packages/airflow/example_dags/example_dataset_alias.py
[2025-12-08T08:18:51.262+0000] {logging_mixin.py:190} INFO - [2025-12-08T08:18:51.261+0000] {dag.py:3211} INFO - Sync 4 DAGs
[2025-12-08T08:18:51.329+0000] {logging_mixin.py:190} INFO - [2025-12-08T08:18:51.328+0000] {dag.py:4138} INFO - Setting next_dagrun for dataset_alias_example_alias_consumer to None, run_after=None
[2025-12-08T08:18:51.350+0000] {logging_mixin.py:190} INFO - [2025-12-08T08:18:51.349+0000] {dag.py:4138} INFO - Setting next_dagrun for dataset_alias_example_alias_producer to None, run_after=None
[2025-12-08T08:18:51.357+0000] {logging_mixin.py:190} INFO - [2025-12-08T08:18:51.357+0000] {dag.py:4138} INFO - Setting next_dagrun for dataset_s3_bucket_consumer to None, run_after=None
[2025-12-08T08:18:51.368+0000] {logging_mixin.py:190} INFO - [2025-12-08T08:18:51.367+0000] {dag.py:4138} INFO - Setting next_dagrun for dataset_s3_bucket_producer to None, run_after=None
[2025-12-08T08:18:51.417+0000] {processor.py:208} INFO - Processing /home/airflow/.local/lib/python3.12/site-packages/airflow/example_dags/example_dataset_alias.py took 0.998 seconds
[2025-12-08T08:19:21.998+0000] {processor.py:186} INFO - Started process (PID=6632) to work on /home/airflow/.local/lib/python3.12/site-packages/airflow/example_dags/example_dataset_alias.py
[2025-12-08T08:19:22.001+0000] {processor.py:914} INFO - Processing file /home/airflow/.local/lib/python3.12/site-packages/airflow/example_dags/example_dataset_alias.py for tasks to queue
[2025-12-08T08:19:22.007+0000] {logging_mixin.py:190} INFO - [2025-12-08T08:19:22.006+0000] {dagbag.py:587} INFO - Filling up the DagBag from /home/airflow/.local/lib/python3.12/site-packages/airflow/example_dags/example_dataset_alias.py
[2025-12-08T08:19:22.218+0000] {processor.py:925} INFO - DAG(s) 'dataset_alias_example_alias_consumer', 'dataset_s3_bucket_producer', 'dataset_alias_example_alias_producer', 'dataset_s3_bucket_consumer' retrieved from /home/airflow/.local/lib/python3.12/site-packages/airflow/example_dags/example_dataset_alias.py
[2025-12-08T08:19:22.251+0000] {logging_mixin.py:190} INFO - [2025-12-08T08:19:22.250+0000] {dag.py:3211} INFO - Sync 4 DAGs
[2025-12-08T08:19:22.280+0000] {logging_mixin.py:190} INFO - [2025-12-08T08:19:22.280+0000] {dag.py:4138} INFO - Setting next_dagrun for dataset_alias_example_alias_consumer to None, run_after=None
[2025-12-08T08:19:22.286+0000] {logging_mixin.py:190} INFO - [2025-12-08T08:19:22.286+0000] {dag.py:4138} INFO - Setting next_dagrun for dataset_alias_example_alias_producer to None, run_after=None
[2025-12-08T08:19:22.289+0000] {logging_mixin.py:190} INFO - [2025-12-08T08:19:22.289+0000] {dag.py:4138} INFO - Setting next_dagrun for dataset_s3_bucket_consumer to None, run_after=None
[2025-12-08T08:19:22.291+0000] {logging_mixin.py:190} INFO - [2025-12-08T08:19:22.291+0000] {dag.py:4138} INFO - Setting next_dagrun for dataset_s3_bucket_producer to None, run_after=None
[2025-12-08T08:19:22.325+0000] {processor.py:208} INFO - Processing /home/airflow/.local/lib/python3.12/site-packages/airflow/example_dags/example_dataset_alias.py took 0.334 seconds
[2025-12-08T08:19:52.469+0000] {processor.py:186} INFO - Started process (PID=6695) to work on /home/airflow/.local/lib/python3.12/site-packages/airflow/example_dags/example_dataset_alias.py
[2025-12-08T08:19:52.472+0000] {processor.py:914} INFO - Processing file /home/airflow/.local/lib/python3.12/site-packages/airflow/example_dags/example_dataset_alias.py for tasks to queue
[2025-12-08T08:19:52.480+0000] {logging_mixin.py:190} INFO - [2025-12-08T08:19:52.479+0000] {dagbag.py:587} INFO - Filling up the DagBag from /home/airflow/.local/lib/python3.12/site-packages/airflow/example_dags/example_dataset_alias.py
[2025-12-08T08:19:52.809+0000] {processor.py:925} INFO - DAG(s) 'dataset_s3_bucket_consumer', 'dataset_alias_example_alias_producer', 'dataset_s3_bucket_producer', 'dataset_alias_example_alias_consumer' retrieved from /home/airflow/.local/lib/python3.12/site-packages/airflow/example_dags/example_dataset_alias.py
[2025-12-08T08:19:52.859+0000] {logging_mixin.py:190} INFO - [2025-12-08T08:19:52.858+0000] {dag.py:3211} INFO - Sync 4 DAGs
[2025-12-08T08:19:52.912+0000] {logging_mixin.py:190} INFO - [2025-12-08T08:19:52.911+0000] {dag.py:4138} INFO - Setting next_dagrun for dataset_alias_example_alias_consumer to None, run_after=None
[2025-12-08T08:19:52.918+0000] {logging_mixin.py:190} INFO - [2025-12-08T08:19:52.918+0000] {dag.py:4138} INFO - Setting next_dagrun for dataset_alias_example_alias_producer to None, run_after=None
[2025-12-08T08:19:52.921+0000] {logging_mixin.py:190} INFO - [2025-12-08T08:19:52.921+0000] {dag.py:4138} INFO - Setting next_dagrun for dataset_s3_bucket_consumer to None, run_after=None
[2025-12-08T08:19:52.926+0000] {logging_mixin.py:190} INFO - [2025-12-08T08:19:52.926+0000] {dag.py:4138} INFO - Setting next_dagrun for dataset_s3_bucket_producer to None, run_after=None
[2025-12-08T08:19:52.973+0000] {processor.py:208} INFO - Processing /home/airflow/.local/lib/python3.12/site-packages/airflow/example_dags/example_dataset_alias.py took 0.525 seconds
[2025-12-08T08:20:24.099+0000] {processor.py:186} INFO - Started process (PID=6760) to work on /home/airflow/.local/lib/python3.12/site-packages/airflow/example_dags/example_dataset_alias.py
[2025-12-08T08:20:24.102+0000] {processor.py:914} INFO - Processing file /home/airflow/.local/lib/python3.12/site-packages/airflow/example_dags/example_dataset_alias.py for tasks to queue
[2025-12-08T08:20:24.107+0000] {logging_mixin.py:190} INFO - [2025-12-08T08:20:24.106+0000] {dagbag.py:587} INFO - Filling up the DagBag from /home/airflow/.local/lib/python3.12/site-packages/airflow/example_dags/example_dataset_alias.py
[2025-12-08T08:20:24.419+0000] {processor.py:925} INFO - DAG(s) 'dataset_alias_example_alias_consumer', 'dataset_s3_bucket_producer', 'dataset_alias_example_alias_producer', 'dataset_s3_bucket_consumer' retrieved from /home/airflow/.local/lib/python3.12/site-packages/airflow/example_dags/example_dataset_alias.py
[2025-12-08T08:20:24.471+0000] {logging_mixin.py:190} INFO - [2025-12-08T08:20:24.471+0000] {dag.py:3211} INFO - Sync 4 DAGs
[2025-12-08T08:20:24.518+0000] {logging_mixin.py:190} INFO - [2025-12-08T08:20:24.518+0000] {dag.py:4138} INFO - Setting next_dagrun for dataset_alias_example_alias_consumer to None, run_after=None
[2025-12-08T08:20:24.524+0000] {logging_mixin.py:190} INFO - [2025-12-08T08:20:24.524+0000] {dag.py:4138} INFO - Setting next_dagrun for dataset_alias_example_alias_producer to None, run_after=None
[2025-12-08T08:20:24.527+0000] {logging_mixin.py:190} INFO - [2025-12-08T08:20:24.527+0000] {dag.py:4138} INFO - Setting next_dagrun for dataset_s3_bucket_consumer to None, run_after=None
[2025-12-08T08:20:24.530+0000] {logging_mixin.py:190} INFO - [2025-12-08T08:20:24.530+0000] {dag.py:4138} INFO - Setting next_dagrun for dataset_s3_bucket_producer to None, run_after=None
[2025-12-08T08:20:24.586+0000] {processor.py:208} INFO - Processing /home/airflow/.local/lib/python3.12/site-packages/airflow/example_dags/example_dataset_alias.py took 0.503 seconds
[2025-12-08T08:20:55.249+0000] {processor.py:186} INFO - Started process (PID=6824) to work on /home/airflow/.local/lib/python3.12/site-packages/airflow/example_dags/example_dataset_alias.py
[2025-12-08T08:20:55.252+0000] {processor.py:914} INFO - Processing file /home/airflow/.local/lib/python3.12/site-packages/airflow/example_dags/example_dataset_alias.py for tasks to queue
[2025-12-08T08:20:55.261+0000] {logging_mixin.py:190} INFO - [2025-12-08T08:20:55.260+0000] {dagbag.py:587} INFO - Filling up the DagBag from /home/airflow/.local/lib/python3.12/site-packages/airflow/example_dags/example_dataset_alias.py
[2025-12-08T08:20:55.603+0000] {processor.py:925} INFO - DAG(s) 'dataset_alias_example_alias_producer', 'dataset_alias_example_alias_consumer', 'dataset_s3_bucket_consumer', 'dataset_s3_bucket_producer' retrieved from /home/airflow/.local/lib/python3.12/site-packages/airflow/example_dags/example_dataset_alias.py
[2025-12-08T08:20:55.666+0000] {logging_mixin.py:190} INFO - [2025-12-08T08:20:55.666+0000] {dag.py:3211} INFO - Sync 4 DAGs
[2025-12-08T08:20:55.707+0000] {logging_mixin.py:190} INFO - [2025-12-08T08:20:55.707+0000] {dag.py:4138} INFO - Setting next_dagrun for dataset_alias_example_alias_consumer to None, run_after=None
[2025-12-08T08:20:55.715+0000] {logging_mixin.py:190} INFO - [2025-12-08T08:20:55.714+0000] {dag.py:4138} INFO - Setting next_dagrun for dataset_alias_example_alias_producer to None, run_after=None
[2025-12-08T08:20:55.718+0000] {logging_mixin.py:190} INFO - [2025-12-08T08:20:55.717+0000] {dag.py:4138} INFO - Setting next_dagrun for dataset_s3_bucket_consumer to None, run_after=None
[2025-12-08T08:20:55.721+0000] {logging_mixin.py:190} INFO - [2025-12-08T08:20:55.721+0000] {dag.py:4138} INFO - Setting next_dagrun for dataset_s3_bucket_producer to None, run_after=None
[2025-12-08T08:20:55.758+0000] {processor.py:208} INFO - Processing /home/airflow/.local/lib/python3.12/site-packages/airflow/example_dags/example_dataset_alias.py took 0.524 seconds
[2025-12-08T08:21:25.838+0000] {processor.py:186} INFO - Started process (PID=6888) to work on /home/airflow/.local/lib/python3.12/site-packages/airflow/example_dags/example_dataset_alias.py
[2025-12-08T08:21:25.840+0000] {processor.py:914} INFO - Processing file /home/airflow/.local/lib/python3.12/site-packages/airflow/example_dags/example_dataset_alias.py for tasks to queue
[2025-12-08T08:21:25.843+0000] {logging_mixin.py:190} INFO - [2025-12-08T08:21:25.843+0000] {dagbag.py:587} INFO - Filling up the DagBag from /home/airflow/.local/lib/python3.12/site-packages/airflow/example_dags/example_dataset_alias.py
[2025-12-08T08:21:26.000+0000] {processor.py:925} INFO - DAG(s) 'dataset_alias_example_alias_producer', 'dataset_alias_example_alias_consumer', 'dataset_s3_bucket_consumer', 'dataset_s3_bucket_producer' retrieved from /home/airflow/.local/lib/python3.12/site-packages/airflow/example_dags/example_dataset_alias.py
[2025-12-08T08:21:26.028+0000] {logging_mixin.py:190} INFO - [2025-12-08T08:21:26.028+0000] {dag.py:3211} INFO - Sync 4 DAGs
[2025-12-08T08:21:26.050+0000] {logging_mixin.py:190} INFO - [2025-12-08T08:21:26.049+0000] {dag.py:4138} INFO - Setting next_dagrun for dataset_alias_example_alias_consumer to None, run_after=None
[2025-12-08T08:21:26.053+0000] {logging_mixin.py:190} INFO - [2025-12-08T08:21:26.052+0000] {dag.py:4138} INFO - Setting next_dagrun for dataset_alias_example_alias_producer to None, run_after=None
[2025-12-08T08:21:26.054+0000] {logging_mixin.py:190} INFO - [2025-12-08T08:21:26.054+0000] {dag.py:4138} INFO - Setting next_dagrun for dataset_s3_bucket_consumer to None, run_after=None
[2025-12-08T08:21:26.056+0000] {logging_mixin.py:190} INFO - [2025-12-08T08:21:26.056+0000] {dag.py:4138} INFO - Setting next_dagrun for dataset_s3_bucket_producer to None, run_after=None
[2025-12-08T08:21:26.080+0000] {processor.py:208} INFO - Processing /home/airflow/.local/lib/python3.12/site-packages/airflow/example_dags/example_dataset_alias.py took 0.249 seconds
[2025-12-08T08:21:56.505+0000] {processor.py:186} INFO - Started process (PID=6952) to work on /home/airflow/.local/lib/python3.12/site-packages/airflow/example_dags/example_dataset_alias.py
[2025-12-08T08:21:56.509+0000] {processor.py:914} INFO - Processing file /home/airflow/.local/lib/python3.12/site-packages/airflow/example_dags/example_dataset_alias.py for tasks to queue
[2025-12-08T08:21:56.515+0000] {logging_mixin.py:190} INFO - [2025-12-08T08:21:56.514+0000] {dagbag.py:587} INFO - Filling up the DagBag from /home/airflow/.local/lib/python3.12/site-packages/airflow/example_dags/example_dataset_alias.py
[2025-12-08T08:21:56.920+0000] {processor.py:925} INFO - DAG(s) 'dataset_s3_bucket_producer', 'dataset_alias_example_alias_consumer', 'dataset_s3_bucket_consumer', 'dataset_alias_example_alias_producer' retrieved from /home/airflow/.local/lib/python3.12/site-packages/airflow/example_dags/example_dataset_alias.py
[2025-12-08T08:21:56.976+0000] {logging_mixin.py:190} INFO - [2025-12-08T08:21:56.976+0000] {dag.py:3211} INFO - Sync 4 DAGs
[2025-12-08T08:21:57.041+0000] {logging_mixin.py:190} INFO - [2025-12-08T08:21:57.041+0000] {dag.py:4138} INFO - Setting next_dagrun for dataset_alias_example_alias_consumer to None, run_after=None
[2025-12-08T08:21:57.049+0000] {logging_mixin.py:190} INFO - [2025-12-08T08:21:57.049+0000] {dag.py:4138} INFO - Setting next_dagrun for dataset_alias_example_alias_producer to None, run_after=None
[2025-12-08T08:21:57.055+0000] {logging_mixin.py:190} INFO - [2025-12-08T08:21:57.054+0000] {dag.py:4138} INFO - Setting next_dagrun for dataset_s3_bucket_consumer to None, run_after=None
[2025-12-08T08:21:57.061+0000] {logging_mixin.py:190} INFO - [2025-12-08T08:21:57.060+0000] {dag.py:4138} INFO - Setting next_dagrun for dataset_s3_bucket_producer to None, run_after=None
[2025-12-08T08:21:57.109+0000] {processor.py:208} INFO - Processing /home/airflow/.local/lib/python3.12/site-packages/airflow/example_dags/example_dataset_alias.py took 0.618 seconds
[2025-12-08T08:22:28.025+0000] {processor.py:186} INFO - Started process (PID=7015) to work on /home/airflow/.local/lib/python3.12/site-packages/airflow/example_dags/example_dataset_alias.py
[2025-12-08T08:22:28.026+0000] {processor.py:914} INFO - Processing file /home/airflow/.local/lib/python3.12/site-packages/airflow/example_dags/example_dataset_alias.py for tasks to queue
[2025-12-08T08:22:28.031+0000] {logging_mixin.py:190} INFO - [2025-12-08T08:22:28.030+0000] {dagbag.py:587} INFO - Filling up the DagBag from /home/airflow/.local/lib/python3.12/site-packages/airflow/example_dags/example_dataset_alias.py
[2025-12-08T08:22:28.224+0000] {processor.py:925} INFO - DAG(s) 'dataset_s3_bucket_consumer', 'dataset_alias_example_alias_producer', 'dataset_s3_bucket_producer', 'dataset_alias_example_alias_consumer' retrieved from /home/airflow/.local/lib/python3.12/site-packages/airflow/example_dags/example_dataset_alias.py
[2025-12-08T08:22:28.249+0000] {logging_mixin.py:190} INFO - [2025-12-08T08:22:28.249+0000] {dag.py:3211} INFO - Sync 4 DAGs
[2025-12-08T08:22:28.277+0000] {logging_mixin.py:190} INFO - [2025-12-08T08:22:28.277+0000] {dag.py:4138} INFO - Setting next_dagrun for dataset_alias_example_alias_consumer to None, run_after=None
[2025-12-08T08:22:28.281+0000] {logging_mixin.py:190} INFO - [2025-12-08T08:22:28.281+0000] {dag.py:4138} INFO - Setting next_dagrun for dataset_alias_example_alias_producer to None, run_after=None
[2025-12-08T08:22:28.283+0000] {logging_mixin.py:190} INFO - [2025-12-08T08:22:28.283+0000] {dag.py:4138} INFO - Setting next_dagrun for dataset_s3_bucket_consumer to None, run_after=None
[2025-12-08T08:22:28.286+0000] {logging_mixin.py:190} INFO - [2025-12-08T08:22:28.286+0000] {dag.py:4138} INFO - Setting next_dagrun for dataset_s3_bucket_producer to None, run_after=None
[2025-12-08T08:22:28.312+0000] {processor.py:208} INFO - Processing /home/airflow/.local/lib/python3.12/site-packages/airflow/example_dags/example_dataset_alias.py took 0.295 seconds
[2025-12-08T08:22:58.759+0000] {processor.py:186} INFO - Started process (PID=7080) to work on /home/airflow/.local/lib/python3.12/site-packages/airflow/example_dags/example_dataset_alias.py
[2025-12-08T08:22:58.760+0000] {processor.py:914} INFO - Processing file /home/airflow/.local/lib/python3.12/site-packages/airflow/example_dags/example_dataset_alias.py for tasks to queue
[2025-12-08T08:22:58.763+0000] {logging_mixin.py:190} INFO - [2025-12-08T08:22:58.763+0000] {dagbag.py:587} INFO - Filling up the DagBag from /home/airflow/.local/lib/python3.12/site-packages/airflow/example_dags/example_dataset_alias.py
[2025-12-08T08:22:58.929+0000] {processor.py:925} INFO - DAG(s) 'dataset_s3_bucket_producer', 'dataset_alias_example_alias_producer', 'dataset_alias_example_alias_consumer', 'dataset_s3_bucket_consumer' retrieved from /home/airflow/.local/lib/python3.12/site-packages/airflow/example_dags/example_dataset_alias.py
[2025-12-08T08:22:58.957+0000] {logging_mixin.py:190} INFO - [2025-12-08T08:22:58.956+0000] {dag.py:3211} INFO - Sync 4 DAGs
[2025-12-08T08:22:58.984+0000] {logging_mixin.py:190} INFO - [2025-12-08T08:22:58.983+0000] {dag.py:4138} INFO - Setting next_dagrun for dataset_alias_example_alias_consumer to None, run_after=None
[2025-12-08T08:22:58.989+0000] {logging_mixin.py:190} INFO - [2025-12-08T08:22:58.988+0000] {dag.py:4138} INFO - Setting next_dagrun for dataset_alias_example_alias_producer to None, run_after=None
[2025-12-08T08:22:58.991+0000] {logging_mixin.py:190} INFO - [2025-12-08T08:22:58.991+0000] {dag.py:4138} INFO - Setting next_dagrun for dataset_s3_bucket_consumer to None, run_after=None
[2025-12-08T08:22:58.994+0000] {logging_mixin.py:190} INFO - [2025-12-08T08:22:58.994+0000] {dag.py:4138} INFO - Setting next_dagrun for dataset_s3_bucket_producer to None, run_after=None
[2025-12-08T08:22:59.020+0000] {processor.py:208} INFO - Processing /home/airflow/.local/lib/python3.12/site-packages/airflow/example_dags/example_dataset_alias.py took 0.268 seconds
[2025-12-08T08:23:30.748+0000] {processor.py:186} INFO - Started process (PID=7145) to work on /home/airflow/.local/lib/python3.12/site-packages/airflow/example_dags/example_dataset_alias.py
[2025-12-08T08:23:30.751+0000] {processor.py:914} INFO - Processing file /home/airflow/.local/lib/python3.12/site-packages/airflow/example_dags/example_dataset_alias.py for tasks to queue
[2025-12-08T08:23:30.756+0000] {logging_mixin.py:190} INFO - [2025-12-08T08:23:30.755+0000] {dagbag.py:587} INFO - Filling up the DagBag from /home/airflow/.local/lib/python3.12/site-packages/airflow/example_dags/example_dataset_alias.py
[2025-12-08T08:23:31.011+0000] {processor.py:925} INFO - DAG(s) 'dataset_alias_example_alias_producer', 'dataset_alias_example_alias_consumer', 'dataset_s3_bucket_consumer', 'dataset_s3_bucket_producer' retrieved from /home/airflow/.local/lib/python3.12/site-packages/airflow/example_dags/example_dataset_alias.py
[2025-12-08T08:23:31.061+0000] {logging_mixin.py:190} INFO - [2025-12-08T08:23:31.061+0000] {dag.py:3211} INFO - Sync 4 DAGs
[2025-12-08T08:23:31.110+0000] {logging_mixin.py:190} INFO - [2025-12-08T08:23:31.109+0000] {dag.py:4138} INFO - Setting next_dagrun for dataset_alias_example_alias_consumer to None, run_after=None
[2025-12-08T08:23:31.118+0000] {logging_mixin.py:190} INFO - [2025-12-08T08:23:31.117+0000] {dag.py:4138} INFO - Setting next_dagrun for dataset_alias_example_alias_producer to None, run_after=None
[2025-12-08T08:23:31.122+0000] {logging_mixin.py:190} INFO - [2025-12-08T08:23:31.122+0000] {dag.py:4138} INFO - Setting next_dagrun for dataset_s3_bucket_consumer to None, run_after=None
[2025-12-08T08:23:31.127+0000] {logging_mixin.py:190} INFO - [2025-12-08T08:23:31.126+0000] {dag.py:4138} INFO - Setting next_dagrun for dataset_s3_bucket_producer to None, run_after=None
[2025-12-08T08:23:31.185+0000] {processor.py:208} INFO - Processing /home/airflow/.local/lib/python3.12/site-packages/airflow/example_dags/example_dataset_alias.py took 0.446 seconds
[2025-12-08T08:24:01.860+0000] {processor.py:186} INFO - Started process (PID=7208) to work on /home/airflow/.local/lib/python3.12/site-packages/airflow/example_dags/example_dataset_alias.py
[2025-12-08T08:24:01.861+0000] {processor.py:914} INFO - Processing file /home/airflow/.local/lib/python3.12/site-packages/airflow/example_dags/example_dataset_alias.py for tasks to queue
[2025-12-08T08:24:01.865+0000] {logging_mixin.py:190} INFO - [2025-12-08T08:24:01.865+0000] {dagbag.py:587} INFO - Filling up the DagBag from /home/airflow/.local/lib/python3.12/site-packages/airflow/example_dags/example_dataset_alias.py
[2025-12-08T08:24:02.021+0000] {processor.py:925} INFO - DAG(s) 'dataset_alias_example_alias_consumer', 'dataset_s3_bucket_producer', 'dataset_s3_bucket_consumer', 'dataset_alias_example_alias_producer' retrieved from /home/airflow/.local/lib/python3.12/site-packages/airflow/example_dags/example_dataset_alias.py
[2025-12-08T08:24:02.044+0000] {logging_mixin.py:190} INFO - [2025-12-08T08:24:02.044+0000] {dag.py:3211} INFO - Sync 4 DAGs
[2025-12-08T08:24:02.067+0000] {logging_mixin.py:190} INFO - [2025-12-08T08:24:02.066+0000] {dag.py:4138} INFO - Setting next_dagrun for dataset_alias_example_alias_consumer to None, run_after=None
[2025-12-08T08:24:02.071+0000] {logging_mixin.py:190} INFO - [2025-12-08T08:24:02.071+0000] {dag.py:4138} INFO - Setting next_dagrun for dataset_alias_example_alias_producer to None, run_after=None
[2025-12-08T08:24:02.074+0000] {logging_mixin.py:190} INFO - [2025-12-08T08:24:02.073+0000] {dag.py:4138} INFO - Setting next_dagrun for dataset_s3_bucket_consumer to None, run_after=None
[2025-12-08T08:24:02.076+0000] {logging_mixin.py:190} INFO - [2025-12-08T08:24:02.076+0000] {dag.py:4138} INFO - Setting next_dagrun for dataset_s3_bucket_producer to None, run_after=None
[2025-12-08T08:24:02.102+0000] {processor.py:208} INFO - Processing /home/airflow/.local/lib/python3.12/site-packages/airflow/example_dags/example_dataset_alias.py took 0.249 seconds
[2025-12-08T08:24:32.668+0000] {processor.py:186} INFO - Started process (PID=7271) to work on /home/airflow/.local/lib/python3.12/site-packages/airflow/example_dags/example_dataset_alias.py
[2025-12-08T08:24:32.670+0000] {processor.py:914} INFO - Processing file /home/airflow/.local/lib/python3.12/site-packages/airflow/example_dags/example_dataset_alias.py for tasks to queue
[2025-12-08T08:24:32.676+0000] {logging_mixin.py:190} INFO - [2025-12-08T08:24:32.675+0000] {dagbag.py:587} INFO - Filling up the DagBag from /home/airflow/.local/lib/python3.12/site-packages/airflow/example_dags/example_dataset_alias.py
[2025-12-08T08:24:32.975+0000] {processor.py:925} INFO - DAG(s) 'dataset_s3_bucket_producer', 'dataset_alias_example_alias_producer', 'dataset_alias_example_alias_consumer', 'dataset_s3_bucket_consumer' retrieved from /home/airflow/.local/lib/python3.12/site-packages/airflow/example_dags/example_dataset_alias.py
[2025-12-08T08:24:33.012+0000] {logging_mixin.py:190} INFO - [2025-12-08T08:24:33.012+0000] {dag.py:3211} INFO - Sync 4 DAGs
[2025-12-08T08:24:33.048+0000] {logging_mixin.py:190} INFO - [2025-12-08T08:24:33.048+0000] {dag.py:4138} INFO - Setting next_dagrun for dataset_alias_example_alias_consumer to None, run_after=None
[2025-12-08T08:24:33.054+0000] {logging_mixin.py:190} INFO - [2025-12-08T08:24:33.053+0000] {dag.py:4138} INFO - Setting next_dagrun for dataset_alias_example_alias_producer to None, run_after=None
[2025-12-08T08:24:33.062+0000] {logging_mixin.py:190} INFO - [2025-12-08T08:24:33.062+0000] {dag.py:4138} INFO - Setting next_dagrun for dataset_s3_bucket_consumer to None, run_after=None
[2025-12-08T08:24:33.071+0000] {logging_mixin.py:190} INFO - [2025-12-08T08:24:33.071+0000] {dag.py:4138} INFO - Setting next_dagrun for dataset_s3_bucket_producer to None, run_after=None
[2025-12-08T08:24:33.133+0000] {processor.py:208} INFO - Processing /home/airflow/.local/lib/python3.12/site-packages/airflow/example_dags/example_dataset_alias.py took 0.474 seconds
[2025-12-08T08:25:04.096+0000] {processor.py:186} INFO - Started process (PID=7336) to work on /home/airflow/.local/lib/python3.12/site-packages/airflow/example_dags/example_dataset_alias.py
[2025-12-08T08:25:04.097+0000] {processor.py:914} INFO - Processing file /home/airflow/.local/lib/python3.12/site-packages/airflow/example_dags/example_dataset_alias.py for tasks to queue
[2025-12-08T08:25:04.101+0000] {logging_mixin.py:190} INFO - [2025-12-08T08:25:04.100+0000] {dagbag.py:587} INFO - Filling up the DagBag from /home/airflow/.local/lib/python3.12/site-packages/airflow/example_dags/example_dataset_alias.py
[2025-12-08T08:25:04.250+0000] {processor.py:925} INFO - DAG(s) 'dataset_s3_bucket_consumer', 'dataset_s3_bucket_producer', 'dataset_alias_example_alias_consumer', 'dataset_alias_example_alias_producer' retrieved from /home/airflow/.local/lib/python3.12/site-packages/airflow/example_dags/example_dataset_alias.py
[2025-12-08T08:25:04.268+0000] {logging_mixin.py:190} INFO - [2025-12-08T08:25:04.268+0000] {dag.py:3211} INFO - Sync 4 DAGs
[2025-12-08T08:25:04.287+0000] {logging_mixin.py:190} INFO - [2025-12-08T08:25:04.287+0000] {dag.py:4138} INFO - Setting next_dagrun for dataset_alias_example_alias_consumer to None, run_after=None
[2025-12-08T08:25:04.290+0000] {logging_mixin.py:190} INFO - [2025-12-08T08:25:04.290+0000] {dag.py:4138} INFO - Setting next_dagrun for dataset_alias_example_alias_producer to None, run_after=None
[2025-12-08T08:25:04.293+0000] {logging_mixin.py:190} INFO - [2025-12-08T08:25:04.292+0000] {dag.py:4138} INFO - Setting next_dagrun for dataset_s3_bucket_consumer to None, run_after=None
[2025-12-08T08:25:04.294+0000] {logging_mixin.py:190} INFO - [2025-12-08T08:25:04.294+0000] {dag.py:4138} INFO - Setting next_dagrun for dataset_s3_bucket_producer to None, run_after=None
[2025-12-08T08:25:04.366+0000] {processor.py:208} INFO - Processing /home/airflow/.local/lib/python3.12/site-packages/airflow/example_dags/example_dataset_alias.py took 0.277 seconds
[2025-12-08T08:25:34.735+0000] {processor.py:186} INFO - Started process (PID=7399) to work on /home/airflow/.local/lib/python3.12/site-packages/airflow/example_dags/example_dataset_alias.py
[2025-12-08T08:25:34.737+0000] {processor.py:914} INFO - Processing file /home/airflow/.local/lib/python3.12/site-packages/airflow/example_dags/example_dataset_alias.py for tasks to queue
[2025-12-08T08:25:34.742+0000] {logging_mixin.py:190} INFO - [2025-12-08T08:25:34.741+0000] {dagbag.py:587} INFO - Filling up the DagBag from /home/airflow/.local/lib/python3.12/site-packages/airflow/example_dags/example_dataset_alias.py
[2025-12-08T08:25:34.899+0000] {processor.py:925} INFO - DAG(s) 'dataset_alias_example_alias_producer', 'dataset_s3_bucket_consumer', 'dataset_s3_bucket_producer', 'dataset_alias_example_alias_consumer' retrieved from /home/airflow/.local/lib/python3.12/site-packages/airflow/example_dags/example_dataset_alias.py
[2025-12-08T08:25:34.921+0000] {logging_mixin.py:190} INFO - [2025-12-08T08:25:34.921+0000] {dag.py:3211} INFO - Sync 4 DAGs
[2025-12-08T08:25:34.946+0000] {logging_mixin.py:190} INFO - [2025-12-08T08:25:34.945+0000] {dag.py:4138} INFO - Setting next_dagrun for dataset_alias_example_alias_consumer to None, run_after=None
[2025-12-08T08:25:34.951+0000] {logging_mixin.py:190} INFO - [2025-12-08T08:25:34.950+0000] {dag.py:4138} INFO - Setting next_dagrun for dataset_alias_example_alias_producer to None, run_after=None
[2025-12-08T08:25:34.954+0000] {logging_mixin.py:190} INFO - [2025-12-08T08:25:34.954+0000] {dag.py:4138} INFO - Setting next_dagrun for dataset_s3_bucket_consumer to None, run_after=None
[2025-12-08T08:25:34.956+0000] {logging_mixin.py:190} INFO - [2025-12-08T08:25:34.956+0000] {dag.py:4138} INFO - Setting next_dagrun for dataset_s3_bucket_producer to None, run_after=None
[2025-12-08T08:25:34.982+0000] {processor.py:208} INFO - Processing /home/airflow/.local/lib/python3.12/site-packages/airflow/example_dags/example_dataset_alias.py took 0.255 seconds
[2025-12-08T08:26:05.132+0000] {processor.py:186} INFO - Started process (PID=7462) to work on /home/airflow/.local/lib/python3.12/site-packages/airflow/example_dags/example_dataset_alias.py
[2025-12-08T08:26:05.135+0000] {processor.py:914} INFO - Processing file /home/airflow/.local/lib/python3.12/site-packages/airflow/example_dags/example_dataset_alias.py for tasks to queue
[2025-12-08T08:26:05.141+0000] {logging_mixin.py:190} INFO - [2025-12-08T08:26:05.140+0000] {dagbag.py:587} INFO - Filling up the DagBag from /home/airflow/.local/lib/python3.12/site-packages/airflow/example_dags/example_dataset_alias.py
[2025-12-08T08:26:05.291+0000] {processor.py:925} INFO - DAG(s) 'dataset_s3_bucket_producer', 'dataset_alias_example_alias_producer', 'dataset_s3_bucket_consumer', 'dataset_alias_example_alias_consumer' retrieved from /home/airflow/.local/lib/python3.12/site-packages/airflow/example_dags/example_dataset_alias.py
[2025-12-08T08:26:05.312+0000] {logging_mixin.py:190} INFO - [2025-12-08T08:26:05.312+0000] {dag.py:3211} INFO - Sync 4 DAGs
[2025-12-08T08:26:05.332+0000] {logging_mixin.py:190} INFO - [2025-12-08T08:26:05.332+0000] {dag.py:4138} INFO - Setting next_dagrun for dataset_alias_example_alias_consumer to None, run_after=None
[2025-12-08T08:26:05.336+0000] {logging_mixin.py:190} INFO - [2025-12-08T08:26:05.335+0000] {dag.py:4138} INFO - Setting next_dagrun for dataset_alias_example_alias_producer to None, run_after=None
[2025-12-08T08:26:05.337+0000] {logging_mixin.py:190} INFO - [2025-12-08T08:26:05.337+0000] {dag.py:4138} INFO - Setting next_dagrun for dataset_s3_bucket_consumer to None, run_after=None
[2025-12-08T08:26:05.339+0000] {logging_mixin.py:190} INFO - [2025-12-08T08:26:05.339+0000] {dag.py:4138} INFO - Setting next_dagrun for dataset_s3_bucket_producer to None, run_after=None
[2025-12-08T08:26:05.359+0000] {processor.py:208} INFO - Processing /home/airflow/.local/lib/python3.12/site-packages/airflow/example_dags/example_dataset_alias.py took 0.239 seconds
[2025-12-08T08:26:35.472+0000] {processor.py:186} INFO - Started process (PID=7525) to work on /home/airflow/.local/lib/python3.12/site-packages/airflow/example_dags/example_dataset_alias.py
[2025-12-08T08:26:35.473+0000] {processor.py:914} INFO - Processing file /home/airflow/.local/lib/python3.12/site-packages/airflow/example_dags/example_dataset_alias.py for tasks to queue
[2025-12-08T08:26:35.477+0000] {logging_mixin.py:190} INFO - [2025-12-08T08:26:35.476+0000] {dagbag.py:587} INFO - Filling up the DagBag from /home/airflow/.local/lib/python3.12/site-packages/airflow/example_dags/example_dataset_alias.py
[2025-12-08T08:26:35.620+0000] {processor.py:925} INFO - DAG(s) 'dataset_alias_example_alias_producer', 'dataset_s3_bucket_consumer', 'dataset_s3_bucket_producer', 'dataset_alias_example_alias_consumer' retrieved from /home/airflow/.local/lib/python3.12/site-packages/airflow/example_dags/example_dataset_alias.py
[2025-12-08T08:26:35.643+0000] {logging_mixin.py:190} INFO - [2025-12-08T08:26:35.643+0000] {dag.py:3211} INFO - Sync 4 DAGs
[2025-12-08T08:26:35.666+0000] {logging_mixin.py:190} INFO - [2025-12-08T08:26:35.666+0000] {dag.py:4138} INFO - Setting next_dagrun for dataset_alias_example_alias_consumer to None, run_after=None
[2025-12-08T08:26:35.669+0000] {logging_mixin.py:190} INFO - [2025-12-08T08:26:35.669+0000] {dag.py:4138} INFO - Setting next_dagrun for dataset_alias_example_alias_producer to None, run_after=None
[2025-12-08T08:26:35.671+0000] {logging_mixin.py:190} INFO - [2025-12-08T08:26:35.671+0000] {dag.py:4138} INFO - Setting next_dagrun for dataset_s3_bucket_consumer to None, run_after=None
[2025-12-08T08:26:35.673+0000] {logging_mixin.py:190} INFO - [2025-12-08T08:26:35.673+0000] {dag.py:4138} INFO - Setting next_dagrun for dataset_s3_bucket_producer to None, run_after=None
[2025-12-08T08:26:35.700+0000] {processor.py:208} INFO - Processing /home/airflow/.local/lib/python3.12/site-packages/airflow/example_dags/example_dataset_alias.py took 0.234 seconds
[2025-12-08T08:27:06.301+0000] {processor.py:186} INFO - Started process (PID=7589) to work on /home/airflow/.local/lib/python3.12/site-packages/airflow/example_dags/example_dataset_alias.py
[2025-12-08T08:27:06.302+0000] {processor.py:914} INFO - Processing file /home/airflow/.local/lib/python3.12/site-packages/airflow/example_dags/example_dataset_alias.py for tasks to queue
[2025-12-08T08:27:06.306+0000] {logging_mixin.py:190} INFO - [2025-12-08T08:27:06.305+0000] {dagbag.py:587} INFO - Filling up the DagBag from /home/airflow/.local/lib/python3.12/site-packages/airflow/example_dags/example_dataset_alias.py
[2025-12-08T08:27:06.451+0000] {processor.py:925} INFO - DAG(s) 'dataset_alias_example_alias_producer', 'dataset_s3_bucket_producer', 'dataset_s3_bucket_consumer', 'dataset_alias_example_alias_consumer' retrieved from /home/airflow/.local/lib/python3.12/site-packages/airflow/example_dags/example_dataset_alias.py
[2025-12-08T08:27:06.474+0000] {logging_mixin.py:190} INFO - [2025-12-08T08:27:06.473+0000] {dag.py:3211} INFO - Sync 4 DAGs
[2025-12-08T08:27:06.497+0000] {logging_mixin.py:190} INFO - [2025-12-08T08:27:06.496+0000] {dag.py:4138} INFO - Setting next_dagrun for dataset_alias_example_alias_consumer to None, run_after=None
[2025-12-08T08:27:06.500+0000] {logging_mixin.py:190} INFO - [2025-12-08T08:27:06.499+0000] {dag.py:4138} INFO - Setting next_dagrun for dataset_alias_example_alias_producer to None, run_after=None
[2025-12-08T08:27:06.501+0000] {logging_mixin.py:190} INFO - [2025-12-08T08:27:06.501+0000] {dag.py:4138} INFO - Setting next_dagrun for dataset_s3_bucket_consumer to None, run_after=None
[2025-12-08T08:27:06.503+0000] {logging_mixin.py:190} INFO - [2025-12-08T08:27:06.503+0000] {dag.py:4138} INFO - Setting next_dagrun for dataset_s3_bucket_producer to None, run_after=None
[2025-12-08T08:27:06.526+0000] {processor.py:208} INFO - Processing /home/airflow/.local/lib/python3.12/site-packages/airflow/example_dags/example_dataset_alias.py took 0.232 seconds
[2025-12-08T08:27:36.579+0000] {processor.py:186} INFO - Started process (PID=7652) to work on /home/airflow/.local/lib/python3.12/site-packages/airflow/example_dags/example_dataset_alias.py
[2025-12-08T08:27:36.581+0000] {processor.py:914} INFO - Processing file /home/airflow/.local/lib/python3.12/site-packages/airflow/example_dags/example_dataset_alias.py for tasks to queue
[2025-12-08T08:27:36.585+0000] {logging_mixin.py:190} INFO - [2025-12-08T08:27:36.584+0000] {dagbag.py:587} INFO - Filling up the DagBag from /home/airflow/.local/lib/python3.12/site-packages/airflow/example_dags/example_dataset_alias.py
[2025-12-08T08:27:36.742+0000] {processor.py:925} INFO - DAG(s) 'dataset_s3_bucket_consumer', 'dataset_alias_example_alias_consumer', 'dataset_s3_bucket_producer', 'dataset_alias_example_alias_producer' retrieved from /home/airflow/.local/lib/python3.12/site-packages/airflow/example_dags/example_dataset_alias.py
[2025-12-08T08:27:36.774+0000] {logging_mixin.py:190} INFO - [2025-12-08T08:27:36.774+0000] {dag.py:3211} INFO - Sync 4 DAGs
[2025-12-08T08:27:36.818+0000] {logging_mixin.py:190} INFO - [2025-12-08T08:27:36.817+0000] {dag.py:4138} INFO - Setting next_dagrun for dataset_alias_example_alias_consumer to None, run_after=None
[2025-12-08T08:27:36.823+0000] {logging_mixin.py:190} INFO - [2025-12-08T08:27:36.823+0000] {dag.py:4138} INFO - Setting next_dagrun for dataset_alias_example_alias_producer to None, run_after=None
[2025-12-08T08:27:36.826+0000] {logging_mixin.py:190} INFO - [2025-12-08T08:27:36.825+0000] {dag.py:4138} INFO - Setting next_dagrun for dataset_s3_bucket_consumer to None, run_after=None
[2025-12-08T08:27:36.828+0000] {logging_mixin.py:190} INFO - [2025-12-08T08:27:36.828+0000] {dag.py:4138} INFO - Setting next_dagrun for dataset_s3_bucket_producer to None, run_after=None
[2025-12-08T08:27:37.031+0000] {processor.py:208} INFO - Processing /home/airflow/.local/lib/python3.12/site-packages/airflow/example_dags/example_dataset_alias.py took 0.459 seconds
[2025-12-08T08:28:07.821+0000] {processor.py:186} INFO - Started process (PID=7715) to work on /home/airflow/.local/lib/python3.12/site-packages/airflow/example_dags/example_dataset_alias.py
[2025-12-08T08:28:07.824+0000] {processor.py:914} INFO - Processing file /home/airflow/.local/lib/python3.12/site-packages/airflow/example_dags/example_dataset_alias.py for tasks to queue
[2025-12-08T08:28:07.828+0000] {logging_mixin.py:190} INFO - [2025-12-08T08:28:07.828+0000] {dagbag.py:587} INFO - Filling up the DagBag from /home/airflow/.local/lib/python3.12/site-packages/airflow/example_dags/example_dataset_alias.py
[2025-12-08T08:28:07.982+0000] {processor.py:925} INFO - DAG(s) 'dataset_s3_bucket_producer', 'dataset_alias_example_alias_producer', 'dataset_alias_example_alias_consumer', 'dataset_s3_bucket_consumer' retrieved from /home/airflow/.local/lib/python3.12/site-packages/airflow/example_dags/example_dataset_alias.py
[2025-12-08T08:28:08.005+0000] {logging_mixin.py:190} INFO - [2025-12-08T08:28:08.005+0000] {dag.py:3211} INFO - Sync 4 DAGs
[2025-12-08T08:28:08.026+0000] {logging_mixin.py:190} INFO - [2025-12-08T08:28:08.026+0000] {dag.py:4138} INFO - Setting next_dagrun for dataset_alias_example_alias_consumer to None, run_after=None
[2025-12-08T08:28:08.029+0000] {logging_mixin.py:190} INFO - [2025-12-08T08:28:08.029+0000] {dag.py:4138} INFO - Setting next_dagrun for dataset_alias_example_alias_producer to None, run_after=None
[2025-12-08T08:28:08.031+0000] {logging_mixin.py:190} INFO - [2025-12-08T08:28:08.031+0000] {dag.py:4138} INFO - Setting next_dagrun for dataset_s3_bucket_consumer to None, run_after=None
[2025-12-08T08:28:08.033+0000] {logging_mixin.py:190} INFO - [2025-12-08T08:28:08.033+0000] {dag.py:4138} INFO - Setting next_dagrun for dataset_s3_bucket_producer to None, run_after=None
[2025-12-08T08:28:08.245+0000] {processor.py:208} INFO - Processing /home/airflow/.local/lib/python3.12/site-packages/airflow/example_dags/example_dataset_alias.py took 0.432 seconds
[2025-12-08T08:28:39.214+0000] {processor.py:186} INFO - Started process (PID=7778) to work on /home/airflow/.local/lib/python3.12/site-packages/airflow/example_dags/example_dataset_alias.py
[2025-12-08T08:28:39.216+0000] {processor.py:914} INFO - Processing file /home/airflow/.local/lib/python3.12/site-packages/airflow/example_dags/example_dataset_alias.py for tasks to queue
[2025-12-08T08:28:39.222+0000] {logging_mixin.py:190} INFO - [2025-12-08T08:28:39.221+0000] {dagbag.py:587} INFO - Filling up the DagBag from /home/airflow/.local/lib/python3.12/site-packages/airflow/example_dags/example_dataset_alias.py
[2025-12-08T08:28:39.382+0000] {processor.py:925} INFO - DAG(s) 'dataset_alias_example_alias_producer', 'dataset_s3_bucket_consumer', 'dataset_alias_example_alias_consumer', 'dataset_s3_bucket_producer' retrieved from /home/airflow/.local/lib/python3.12/site-packages/airflow/example_dags/example_dataset_alias.py
[2025-12-08T08:28:39.408+0000] {logging_mixin.py:190} INFO - [2025-12-08T08:28:39.407+0000] {dag.py:3211} INFO - Sync 4 DAGs
[2025-12-08T08:28:39.435+0000] {logging_mixin.py:190} INFO - [2025-12-08T08:28:39.435+0000] {dag.py:4138} INFO - Setting next_dagrun for dataset_alias_example_alias_consumer to None, run_after=None
[2025-12-08T08:28:39.439+0000] {logging_mixin.py:190} INFO - [2025-12-08T08:28:39.439+0000] {dag.py:4138} INFO - Setting next_dagrun for dataset_alias_example_alias_producer to None, run_after=None
[2025-12-08T08:28:39.442+0000] {logging_mixin.py:190} INFO - [2025-12-08T08:28:39.441+0000] {dag.py:4138} INFO - Setting next_dagrun for dataset_s3_bucket_consumer to None, run_after=None
[2025-12-08T08:28:39.444+0000] {logging_mixin.py:190} INFO - [2025-12-08T08:28:39.444+0000] {dag.py:4138} INFO - Setting next_dagrun for dataset_s3_bucket_producer to None, run_after=None
[2025-12-08T08:28:39.483+0000] {processor.py:208} INFO - Processing /home/airflow/.local/lib/python3.12/site-packages/airflow/example_dags/example_dataset_alias.py took 0.282 seconds
[2025-12-08T08:29:09.725+0000] {processor.py:186} INFO - Started process (PID=7841) to work on /home/airflow/.local/lib/python3.12/site-packages/airflow/example_dags/example_dataset_alias.py
[2025-12-08T08:29:09.728+0000] {processor.py:914} INFO - Processing file /home/airflow/.local/lib/python3.12/site-packages/airflow/example_dags/example_dataset_alias.py for tasks to queue
[2025-12-08T08:29:09.733+0000] {logging_mixin.py:190} INFO - [2025-12-08T08:29:09.732+0000] {dagbag.py:587} INFO - Filling up the DagBag from /home/airflow/.local/lib/python3.12/site-packages/airflow/example_dags/example_dataset_alias.py
[2025-12-08T08:29:09.903+0000] {processor.py:925} INFO - DAG(s) 'dataset_alias_example_alias_producer', 'dataset_alias_example_alias_consumer', 'dataset_s3_bucket_producer', 'dataset_s3_bucket_consumer' retrieved from /home/airflow/.local/lib/python3.12/site-packages/airflow/example_dags/example_dataset_alias.py
[2025-12-08T08:29:09.925+0000] {logging_mixin.py:190} INFO - [2025-12-08T08:29:09.925+0000] {dag.py:3211} INFO - Sync 4 DAGs
[2025-12-08T08:29:09.947+0000] {logging_mixin.py:190} INFO - [2025-12-08T08:29:09.947+0000] {dag.py:4138} INFO - Setting next_dagrun for dataset_alias_example_alias_consumer to None, run_after=None
[2025-12-08T08:29:09.950+0000] {logging_mixin.py:190} INFO - [2025-12-08T08:29:09.950+0000] {dag.py:4138} INFO - Setting next_dagrun for dataset_alias_example_alias_producer to None, run_after=None
[2025-12-08T08:29:09.953+0000] {logging_mixin.py:190} INFO - [2025-12-08T08:29:09.953+0000] {dag.py:4138} INFO - Setting next_dagrun for dataset_s3_bucket_consumer to None, run_after=None
[2025-12-08T08:29:09.955+0000] {logging_mixin.py:190} INFO - [2025-12-08T08:29:09.955+0000] {dag.py:4138} INFO - Setting next_dagrun for dataset_s3_bucket_producer to None, run_after=None
[2025-12-08T08:29:09.976+0000] {processor.py:208} INFO - Processing /home/airflow/.local/lib/python3.12/site-packages/airflow/example_dags/example_dataset_alias.py took 0.266 seconds
[2025-12-08T08:29:40.181+0000] {processor.py:186} INFO - Started process (PID=7904) to work on /home/airflow/.local/lib/python3.12/site-packages/airflow/example_dags/example_dataset_alias.py
[2025-12-08T08:29:40.184+0000] {processor.py:914} INFO - Processing file /home/airflow/.local/lib/python3.12/site-packages/airflow/example_dags/example_dataset_alias.py for tasks to queue
[2025-12-08T08:29:40.190+0000] {logging_mixin.py:190} INFO - [2025-12-08T08:29:40.189+0000] {dagbag.py:587} INFO - Filling up the DagBag from /home/airflow/.local/lib/python3.12/site-packages/airflow/example_dags/example_dataset_alias.py
[2025-12-08T08:29:40.396+0000] {processor.py:925} INFO - DAG(s) 'dataset_alias_example_alias_producer', 'dataset_alias_example_alias_consumer', 'dataset_s3_bucket_producer', 'dataset_s3_bucket_consumer' retrieved from /home/airflow/.local/lib/python3.12/site-packages/airflow/example_dags/example_dataset_alias.py
[2025-12-08T08:29:40.424+0000] {logging_mixin.py:190} INFO - [2025-12-08T08:29:40.423+0000] {dag.py:3211} INFO - Sync 4 DAGs
[2025-12-08T08:29:40.453+0000] {logging_mixin.py:190} INFO - [2025-12-08T08:29:40.453+0000] {dag.py:4138} INFO - Setting next_dagrun for dataset_alias_example_alias_consumer to None, run_after=None
[2025-12-08T08:29:40.457+0000] {logging_mixin.py:190} INFO - [2025-12-08T08:29:40.457+0000] {dag.py:4138} INFO - Setting next_dagrun for dataset_alias_example_alias_producer to None, run_after=None
[2025-12-08T08:29:40.461+0000] {logging_mixin.py:190} INFO - [2025-12-08T08:29:40.461+0000] {dag.py:4138} INFO - Setting next_dagrun for dataset_s3_bucket_consumer to None, run_after=None
[2025-12-08T08:29:40.465+0000] {logging_mixin.py:190} INFO - [2025-12-08T08:29:40.465+0000] {dag.py:4138} INFO - Setting next_dagrun for dataset_s3_bucket_producer to None, run_after=None
[2025-12-08T08:29:40.517+0000] {processor.py:208} INFO - Processing /home/airflow/.local/lib/python3.12/site-packages/airflow/example_dags/example_dataset_alias.py took 0.349 seconds
[2025-12-08T08:30:11.405+0000] {processor.py:186} INFO - Started process (PID=7967) to work on /home/airflow/.local/lib/python3.12/site-packages/airflow/example_dags/example_dataset_alias.py
[2025-12-08T08:30:11.408+0000] {processor.py:914} INFO - Processing file /home/airflow/.local/lib/python3.12/site-packages/airflow/example_dags/example_dataset_alias.py for tasks to queue
[2025-12-08T08:30:11.414+0000] {logging_mixin.py:190} INFO - [2025-12-08T08:30:11.413+0000] {dagbag.py:587} INFO - Filling up the DagBag from /home/airflow/.local/lib/python3.12/site-packages/airflow/example_dags/example_dataset_alias.py
[2025-12-08T08:30:11.625+0000] {processor.py:925} INFO - DAG(s) 'dataset_s3_bucket_producer', 'dataset_alias_example_alias_consumer', 'dataset_alias_example_alias_producer', 'dataset_s3_bucket_consumer' retrieved from /home/airflow/.local/lib/python3.12/site-packages/airflow/example_dags/example_dataset_alias.py
[2025-12-08T08:30:11.668+0000] {logging_mixin.py:190} INFO - [2025-12-08T08:30:11.668+0000] {dag.py:3211} INFO - Sync 4 DAGs
[2025-12-08T08:30:11.929+0000] {logging_mixin.py:190} INFO - [2025-12-08T08:30:11.928+0000] {dag.py:4138} INFO - Setting next_dagrun for dataset_alias_example_alias_consumer to None, run_after=None
[2025-12-08T08:30:11.933+0000] {logging_mixin.py:190} INFO - [2025-12-08T08:30:11.932+0000] {dag.py:4138} INFO - Setting next_dagrun for dataset_alias_example_alias_producer to None, run_after=None
[2025-12-08T08:30:11.935+0000] {logging_mixin.py:190} INFO - [2025-12-08T08:30:11.935+0000] {dag.py:4138} INFO - Setting next_dagrun for dataset_s3_bucket_consumer to None, run_after=None
[2025-12-08T08:30:11.937+0000] {logging_mixin.py:190} INFO - [2025-12-08T08:30:11.937+0000] {dag.py:4138} INFO - Setting next_dagrun for dataset_s3_bucket_producer to None, run_after=None
[2025-12-08T08:30:11.959+0000] {processor.py:208} INFO - Processing /home/airflow/.local/lib/python3.12/site-packages/airflow/example_dags/example_dataset_alias.py took 0.570 seconds
[2025-12-08T08:30:42.863+0000] {processor.py:186} INFO - Started process (PID=8030) to work on /home/airflow/.local/lib/python3.12/site-packages/airflow/example_dags/example_dataset_alias.py
[2025-12-08T08:30:42.866+0000] {processor.py:914} INFO - Processing file /home/airflow/.local/lib/python3.12/site-packages/airflow/example_dags/example_dataset_alias.py for tasks to queue
[2025-12-08T08:30:42.871+0000] {logging_mixin.py:190} INFO - [2025-12-08T08:30:42.870+0000] {dagbag.py:587} INFO - Filling up the DagBag from /home/airflow/.local/lib/python3.12/site-packages/airflow/example_dags/example_dataset_alias.py
[2025-12-08T08:30:43.151+0000] {processor.py:925} INFO - DAG(s) 'dataset_s3_bucket_consumer', 'dataset_s3_bucket_producer', 'dataset_alias_example_alias_consumer', 'dataset_alias_example_alias_producer' retrieved from /home/airflow/.local/lib/python3.12/site-packages/airflow/example_dags/example_dataset_alias.py
[2025-12-08T08:30:43.190+0000] {logging_mixin.py:190} INFO - [2025-12-08T08:30:43.189+0000] {dag.py:3211} INFO - Sync 4 DAGs
[2025-12-08T08:30:43.478+0000] {logging_mixin.py:190} INFO - [2025-12-08T08:30:43.477+0000] {dag.py:4138} INFO - Setting next_dagrun for dataset_alias_example_alias_consumer to None, run_after=None
[2025-12-08T08:30:43.481+0000] {logging_mixin.py:190} INFO - [2025-12-08T08:30:43.481+0000] {dag.py:4138} INFO - Setting next_dagrun for dataset_alias_example_alias_producer to None, run_after=None
[2025-12-08T08:30:43.484+0000] {logging_mixin.py:190} INFO - [2025-12-08T08:30:43.484+0000] {dag.py:4138} INFO - Setting next_dagrun for dataset_s3_bucket_consumer to None, run_after=None
[2025-12-08T08:30:43.486+0000] {logging_mixin.py:190} INFO - [2025-12-08T08:30:43.486+0000] {dag.py:4138} INFO - Setting next_dagrun for dataset_s3_bucket_producer to None, run_after=None
[2025-12-08T08:30:43.517+0000] {processor.py:208} INFO - Processing /home/airflow/.local/lib/python3.12/site-packages/airflow/example_dags/example_dataset_alias.py took 0.666 seconds
[2025-12-08T08:31:14.082+0000] {processor.py:186} INFO - Started process (PID=8093) to work on /home/airflow/.local/lib/python3.12/site-packages/airflow/example_dags/example_dataset_alias.py
[2025-12-08T08:31:14.085+0000] {processor.py:914} INFO - Processing file /home/airflow/.local/lib/python3.12/site-packages/airflow/example_dags/example_dataset_alias.py for tasks to queue
[2025-12-08T08:31:14.092+0000] {logging_mixin.py:190} INFO - [2025-12-08T08:31:14.091+0000] {dagbag.py:587} INFO - Filling up the DagBag from /home/airflow/.local/lib/python3.12/site-packages/airflow/example_dags/example_dataset_alias.py
[2025-12-08T08:31:14.437+0000] {processor.py:925} INFO - DAG(s) 'dataset_alias_example_alias_consumer', 'dataset_s3_bucket_producer', 'dataset_alias_example_alias_producer', 'dataset_s3_bucket_consumer' retrieved from /home/airflow/.local/lib/python3.12/site-packages/airflow/example_dags/example_dataset_alias.py
[2025-12-08T08:31:14.471+0000] {logging_mixin.py:190} INFO - [2025-12-08T08:31:14.470+0000] {dag.py:3211} INFO - Sync 4 DAGs
[2025-12-08T08:31:14.504+0000] {logging_mixin.py:190} INFO - [2025-12-08T08:31:14.503+0000] {dag.py:4138} INFO - Setting next_dagrun for dataset_alias_example_alias_consumer to None, run_after=None
[2025-12-08T08:31:14.508+0000] {logging_mixin.py:190} INFO - [2025-12-08T08:31:14.508+0000] {dag.py:4138} INFO - Setting next_dagrun for dataset_alias_example_alias_producer to None, run_after=None
[2025-12-08T08:31:14.511+0000] {logging_mixin.py:190} INFO - [2025-12-08T08:31:14.511+0000] {dag.py:4138} INFO - Setting next_dagrun for dataset_s3_bucket_consumer to None, run_after=None
[2025-12-08T08:31:14.513+0000] {logging_mixin.py:190} INFO - [2025-12-08T08:31:14.513+0000] {dag.py:4138} INFO - Setting next_dagrun for dataset_s3_bucket_producer to None, run_after=None
[2025-12-08T08:31:14.772+0000] {processor.py:208} INFO - Processing /home/airflow/.local/lib/python3.12/site-packages/airflow/example_dags/example_dataset_alias.py took 0.701 seconds
[2025-12-08T08:31:45.470+0000] {processor.py:186} INFO - Started process (PID=8162) to work on /home/airflow/.local/lib/python3.12/site-packages/airflow/example_dags/example_dataset_alias.py
[2025-12-08T08:31:45.472+0000] {processor.py:914} INFO - Processing file /home/airflow/.local/lib/python3.12/site-packages/airflow/example_dags/example_dataset_alias.py for tasks to queue
[2025-12-08T08:31:45.476+0000] {logging_mixin.py:190} INFO - [2025-12-08T08:31:45.476+0000] {dagbag.py:587} INFO - Filling up the DagBag from /home/airflow/.local/lib/python3.12/site-packages/airflow/example_dags/example_dataset_alias.py
[2025-12-08T08:31:45.657+0000] {processor.py:925} INFO - DAG(s) 'dataset_alias_example_alias_producer', 'dataset_s3_bucket_producer', 'dataset_alias_example_alias_consumer', 'dataset_s3_bucket_consumer' retrieved from /home/airflow/.local/lib/python3.12/site-packages/airflow/example_dags/example_dataset_alias.py
[2025-12-08T08:31:45.681+0000] {logging_mixin.py:190} INFO - [2025-12-08T08:31:45.681+0000] {dag.py:3211} INFO - Sync 4 DAGs
[2025-12-08T08:31:45.704+0000] {logging_mixin.py:190} INFO - [2025-12-08T08:31:45.704+0000] {dag.py:4138} INFO - Setting next_dagrun for dataset_alias_example_alias_consumer to None, run_after=None
[2025-12-08T08:31:45.708+0000] {logging_mixin.py:190} INFO - [2025-12-08T08:31:45.708+0000] {dag.py:4138} INFO - Setting next_dagrun for dataset_alias_example_alias_producer to None, run_after=None
[2025-12-08T08:31:45.710+0000] {logging_mixin.py:190} INFO - [2025-12-08T08:31:45.710+0000] {dag.py:4138} INFO - Setting next_dagrun for dataset_s3_bucket_consumer to None, run_after=None
[2025-12-08T08:31:45.713+0000] {logging_mixin.py:190} INFO - [2025-12-08T08:31:45.712+0000] {dag.py:4138} INFO - Setting next_dagrun for dataset_s3_bucket_producer to None, run_after=None
[2025-12-08T08:31:45.910+0000] {processor.py:208} INFO - Processing /home/airflow/.local/lib/python3.12/site-packages/airflow/example_dags/example_dataset_alias.py took 0.448 seconds
[2025-12-08T08:32:16.154+0000] {processor.py:186} INFO - Started process (PID=8225) to work on /home/airflow/.local/lib/python3.12/site-packages/airflow/example_dags/example_dataset_alias.py
[2025-12-08T08:32:16.156+0000] {processor.py:914} INFO - Processing file /home/airflow/.local/lib/python3.12/site-packages/airflow/example_dags/example_dataset_alias.py for tasks to queue
[2025-12-08T08:32:16.161+0000] {logging_mixin.py:190} INFO - [2025-12-08T08:32:16.161+0000] {dagbag.py:587} INFO - Filling up the DagBag from /home/airflow/.local/lib/python3.12/site-packages/airflow/example_dags/example_dataset_alias.py
[2025-12-08T08:32:16.366+0000] {processor.py:925} INFO - DAG(s) 'dataset_alias_example_alias_consumer', 'dataset_s3_bucket_consumer', 'dataset_s3_bucket_producer', 'dataset_alias_example_alias_producer' retrieved from /home/airflow/.local/lib/python3.12/site-packages/airflow/example_dags/example_dataset_alias.py
[2025-12-08T08:32:16.400+0000] {logging_mixin.py:190} INFO - [2025-12-08T08:32:16.399+0000] {dag.py:3211} INFO - Sync 4 DAGs
[2025-12-08T08:32:16.428+0000] {logging_mixin.py:190} INFO - [2025-12-08T08:32:16.427+0000] {dag.py:4138} INFO - Setting next_dagrun for dataset_alias_example_alias_consumer to None, run_after=None
[2025-12-08T08:32:16.434+0000] {logging_mixin.py:190} INFO - [2025-12-08T08:32:16.434+0000] {dag.py:4138} INFO - Setting next_dagrun for dataset_alias_example_alias_producer to None, run_after=None
[2025-12-08T08:32:16.437+0000] {logging_mixin.py:190} INFO - [2025-12-08T08:32:16.436+0000] {dag.py:4138} INFO - Setting next_dagrun for dataset_s3_bucket_consumer to None, run_after=None
[2025-12-08T08:32:16.439+0000] {logging_mixin.py:190} INFO - [2025-12-08T08:32:16.439+0000] {dag.py:4138} INFO - Setting next_dagrun for dataset_s3_bucket_producer to None, run_after=None
[2025-12-08T08:32:16.666+0000] {processor.py:208} INFO - Processing /home/airflow/.local/lib/python3.12/site-packages/airflow/example_dags/example_dataset_alias.py took 0.522 seconds
[2025-12-08T08:32:47.074+0000] {processor.py:186} INFO - Started process (PID=8289) to work on /home/airflow/.local/lib/python3.12/site-packages/airflow/example_dags/example_dataset_alias.py
[2025-12-08T08:32:47.077+0000] {processor.py:914} INFO - Processing file /home/airflow/.local/lib/python3.12/site-packages/airflow/example_dags/example_dataset_alias.py for tasks to queue
[2025-12-08T08:32:47.082+0000] {logging_mixin.py:190} INFO - [2025-12-08T08:32:47.082+0000] {dagbag.py:587} INFO - Filling up the DagBag from /home/airflow/.local/lib/python3.12/site-packages/airflow/example_dags/example_dataset_alias.py
[2025-12-08T08:32:47.393+0000] {processor.py:925} INFO - DAG(s) 'dataset_alias_example_alias_producer', 'dataset_s3_bucket_producer', 'dataset_alias_example_alias_consumer', 'dataset_s3_bucket_consumer' retrieved from /home/airflow/.local/lib/python3.12/site-packages/airflow/example_dags/example_dataset_alias.py
[2025-12-08T08:32:47.413+0000] {logging_mixin.py:190} INFO - [2025-12-08T08:32:47.413+0000] {dag.py:3211} INFO - Sync 4 DAGs
[2025-12-08T08:32:47.431+0000] {logging_mixin.py:190} INFO - [2025-12-08T08:32:47.431+0000] {dag.py:4138} INFO - Setting next_dagrun for dataset_alias_example_alias_consumer to None, run_after=None
[2025-12-08T08:32:47.434+0000] {logging_mixin.py:190} INFO - [2025-12-08T08:32:47.434+0000] {dag.py:4138} INFO - Setting next_dagrun for dataset_alias_example_alias_producer to None, run_after=None
[2025-12-08T08:32:47.436+0000] {logging_mixin.py:190} INFO - [2025-12-08T08:32:47.436+0000] {dag.py:4138} INFO - Setting next_dagrun for dataset_s3_bucket_consumer to None, run_after=None
[2025-12-08T08:32:47.438+0000] {logging_mixin.py:190} INFO - [2025-12-08T08:32:47.438+0000] {dag.py:4138} INFO - Setting next_dagrun for dataset_s3_bucket_producer to None, run_after=None
[2025-12-08T08:32:47.459+0000] {processor.py:208} INFO - Processing /home/airflow/.local/lib/python3.12/site-packages/airflow/example_dags/example_dataset_alias.py took 0.396 seconds
[2025-12-08T08:33:17.922+0000] {processor.py:186} INFO - Started process (PID=8352) to work on /home/airflow/.local/lib/python3.12/site-packages/airflow/example_dags/example_dataset_alias.py
[2025-12-08T08:33:17.924+0000] {processor.py:914} INFO - Processing file /home/airflow/.local/lib/python3.12/site-packages/airflow/example_dags/example_dataset_alias.py for tasks to queue
[2025-12-08T08:33:17.927+0000] {logging_mixin.py:190} INFO - [2025-12-08T08:33:17.927+0000] {dagbag.py:587} INFO - Filling up the DagBag from /home/airflow/.local/lib/python3.12/site-packages/airflow/example_dags/example_dataset_alias.py
[2025-12-08T08:33:18.050+0000] {processor.py:925} INFO - DAG(s) 'dataset_alias_example_alias_consumer', 'dataset_s3_bucket_consumer', 'dataset_s3_bucket_producer', 'dataset_alias_example_alias_producer' retrieved from /home/airflow/.local/lib/python3.12/site-packages/airflow/example_dags/example_dataset_alias.py
[2025-12-08T08:33:18.224+0000] {logging_mixin.py:190} INFO - [2025-12-08T08:33:18.223+0000] {dag.py:3211} INFO - Sync 4 DAGs
[2025-12-08T08:33:18.245+0000] {logging_mixin.py:190} INFO - [2025-12-08T08:33:18.245+0000] {dag.py:4138} INFO - Setting next_dagrun for dataset_alias_example_alias_consumer to None, run_after=None
[2025-12-08T08:33:18.249+0000] {logging_mixin.py:190} INFO - [2025-12-08T08:33:18.249+0000] {dag.py:4138} INFO - Setting next_dagrun for dataset_alias_example_alias_producer to None, run_after=None
[2025-12-08T08:33:18.252+0000] {logging_mixin.py:190} INFO - [2025-12-08T08:33:18.252+0000] {dag.py:4138} INFO - Setting next_dagrun for dataset_s3_bucket_consumer to None, run_after=None
[2025-12-08T08:33:18.254+0000] {logging_mixin.py:190} INFO - [2025-12-08T08:33:18.254+0000] {dag.py:4138} INFO - Setting next_dagrun for dataset_s3_bucket_producer to None, run_after=None
[2025-12-08T08:33:18.281+0000] {processor.py:208} INFO - Processing /home/airflow/.local/lib/python3.12/site-packages/airflow/example_dags/example_dataset_alias.py took 0.364 seconds
[2025-12-08T08:33:48.461+0000] {processor.py:186} INFO - Started process (PID=8415) to work on /home/airflow/.local/lib/python3.12/site-packages/airflow/example_dags/example_dataset_alias.py
[2025-12-08T08:33:48.464+0000] {processor.py:914} INFO - Processing file /home/airflow/.local/lib/python3.12/site-packages/airflow/example_dags/example_dataset_alias.py for tasks to queue
[2025-12-08T08:33:48.468+0000] {logging_mixin.py:190} INFO - [2025-12-08T08:33:48.467+0000] {dagbag.py:587} INFO - Filling up the DagBag from /home/airflow/.local/lib/python3.12/site-packages/airflow/example_dags/example_dataset_alias.py
[2025-12-08T08:33:48.623+0000] {processor.py:925} INFO - DAG(s) 'dataset_s3_bucket_producer', 'dataset_s3_bucket_consumer', 'dataset_alias_example_alias_consumer', 'dataset_alias_example_alias_producer' retrieved from /home/airflow/.local/lib/python3.12/site-packages/airflow/example_dags/example_dataset_alias.py
[2025-12-08T08:33:48.815+0000] {logging_mixin.py:190} INFO - [2025-12-08T08:33:48.815+0000] {dag.py:3211} INFO - Sync 4 DAGs
[2025-12-08T08:33:48.835+0000] {logging_mixin.py:190} INFO - [2025-12-08T08:33:48.835+0000] {dag.py:4138} INFO - Setting next_dagrun for dataset_alias_example_alias_consumer to None, run_after=None
[2025-12-08T08:33:48.839+0000] {logging_mixin.py:190} INFO - [2025-12-08T08:33:48.839+0000] {dag.py:4138} INFO - Setting next_dagrun for dataset_alias_example_alias_producer to None, run_after=None
[2025-12-08T08:33:48.841+0000] {logging_mixin.py:190} INFO - [2025-12-08T08:33:48.841+0000] {dag.py:4138} INFO - Setting next_dagrun for dataset_s3_bucket_consumer to None, run_after=None
[2025-12-08T08:33:48.843+0000] {logging_mixin.py:190} INFO - [2025-12-08T08:33:48.843+0000] {dag.py:4138} INFO - Setting next_dagrun for dataset_s3_bucket_producer to None, run_after=None
[2025-12-08T08:33:48.863+0000] {processor.py:208} INFO - Processing /home/airflow/.local/lib/python3.12/site-packages/airflow/example_dags/example_dataset_alias.py took 0.418 seconds
[2025-12-08T08:34:19.163+0000] {processor.py:186} INFO - Started process (PID=8478) to work on /home/airflow/.local/lib/python3.12/site-packages/airflow/example_dags/example_dataset_alias.py
[2025-12-08T08:34:19.165+0000] {processor.py:914} INFO - Processing file /home/airflow/.local/lib/python3.12/site-packages/airflow/example_dags/example_dataset_alias.py for tasks to queue
[2025-12-08T08:34:19.169+0000] {logging_mixin.py:190} INFO - [2025-12-08T08:34:19.169+0000] {dagbag.py:587} INFO - Filling up the DagBag from /home/airflow/.local/lib/python3.12/site-packages/airflow/example_dags/example_dataset_alias.py
[2025-12-08T08:34:19.581+0000] {processor.py:925} INFO - DAG(s) 'dataset_alias_example_alias_consumer', 'dataset_s3_bucket_producer', 'dataset_alias_example_alias_producer', 'dataset_s3_bucket_consumer' retrieved from /home/airflow/.local/lib/python3.12/site-packages/airflow/example_dags/example_dataset_alias.py
[2025-12-08T08:34:19.603+0000] {logging_mixin.py:190} INFO - [2025-12-08T08:34:19.603+0000] {dag.py:3211} INFO - Sync 4 DAGs
[2025-12-08T08:34:19.626+0000] {logging_mixin.py:190} INFO - [2025-12-08T08:34:19.626+0000] {dag.py:4138} INFO - Setting next_dagrun for dataset_alias_example_alias_consumer to None, run_after=None
[2025-12-08T08:34:19.629+0000] {logging_mixin.py:190} INFO - [2025-12-08T08:34:19.629+0000] {dag.py:4138} INFO - Setting next_dagrun for dataset_alias_example_alias_producer to None, run_after=None
[2025-12-08T08:34:19.631+0000] {logging_mixin.py:190} INFO - [2025-12-08T08:34:19.631+0000] {dag.py:4138} INFO - Setting next_dagrun for dataset_s3_bucket_consumer to None, run_after=None
[2025-12-08T08:34:19.633+0000] {logging_mixin.py:190} INFO - [2025-12-08T08:34:19.633+0000] {dag.py:4138} INFO - Setting next_dagrun for dataset_s3_bucket_producer to None, run_after=None
[2025-12-08T08:34:19.656+0000] {processor.py:208} INFO - Processing /home/airflow/.local/lib/python3.12/site-packages/airflow/example_dags/example_dataset_alias.py took 0.504 seconds
[2025-12-08T08:34:49.832+0000] {processor.py:186} INFO - Started process (PID=8541) to work on /home/airflow/.local/lib/python3.12/site-packages/airflow/example_dags/example_dataset_alias.py
[2025-12-08T08:34:49.833+0000] {processor.py:914} INFO - Processing file /home/airflow/.local/lib/python3.12/site-packages/airflow/example_dags/example_dataset_alias.py for tasks to queue
[2025-12-08T08:34:49.836+0000] {logging_mixin.py:190} INFO - [2025-12-08T08:34:49.836+0000] {dagbag.py:587} INFO - Filling up the DagBag from /home/airflow/.local/lib/python3.12/site-packages/airflow/example_dags/example_dataset_alias.py
[2025-12-08T08:34:50.117+0000] {processor.py:925} INFO - DAG(s) 'dataset_alias_example_alias_producer', 'dataset_s3_bucket_producer', 'dataset_s3_bucket_consumer', 'dataset_alias_example_alias_consumer' retrieved from /home/airflow/.local/lib/python3.12/site-packages/airflow/example_dags/example_dataset_alias.py
[2025-12-08T08:34:50.134+0000] {logging_mixin.py:190} INFO - [2025-12-08T08:34:50.134+0000] {dag.py:3211} INFO - Sync 4 DAGs
[2025-12-08T08:34:50.153+0000] {logging_mixin.py:190} INFO - [2025-12-08T08:34:50.153+0000] {dag.py:4138} INFO - Setting next_dagrun for dataset_alias_example_alias_consumer to None, run_after=None
[2025-12-08T08:34:50.156+0000] {logging_mixin.py:190} INFO - [2025-12-08T08:34:50.156+0000] {dag.py:4138} INFO - Setting next_dagrun for dataset_alias_example_alias_producer to None, run_after=None
[2025-12-08T08:34:50.159+0000] {logging_mixin.py:190} INFO - [2025-12-08T08:34:50.159+0000] {dag.py:4138} INFO - Setting next_dagrun for dataset_s3_bucket_consumer to None, run_after=None
[2025-12-08T08:34:50.161+0000] {logging_mixin.py:190} INFO - [2025-12-08T08:34:50.161+0000] {dag.py:4138} INFO - Setting next_dagrun for dataset_s3_bucket_producer to None, run_after=None
[2025-12-08T08:34:50.178+0000] {processor.py:208} INFO - Processing /home/airflow/.local/lib/python3.12/site-packages/airflow/example_dags/example_dataset_alias.py took 0.352 seconds
[2025-12-08T08:35:20.329+0000] {processor.py:186} INFO - Started process (PID=8604) to work on /home/airflow/.local/lib/python3.12/site-packages/airflow/example_dags/example_dataset_alias.py
[2025-12-08T08:35:20.331+0000] {processor.py:914} INFO - Processing file /home/airflow/.local/lib/python3.12/site-packages/airflow/example_dags/example_dataset_alias.py for tasks to queue
[2025-12-08T08:35:20.334+0000] {logging_mixin.py:190} INFO - [2025-12-08T08:35:20.334+0000] {dagbag.py:587} INFO - Filling up the DagBag from /home/airflow/.local/lib/python3.12/site-packages/airflow/example_dags/example_dataset_alias.py
[2025-12-08T08:35:20.620+0000] {processor.py:925} INFO - DAG(s) 'dataset_alias_example_alias_producer', 'dataset_s3_bucket_producer', 'dataset_alias_example_alias_consumer', 'dataset_s3_bucket_consumer' retrieved from /home/airflow/.local/lib/python3.12/site-packages/airflow/example_dags/example_dataset_alias.py
[2025-12-08T08:35:20.638+0000] {logging_mixin.py:190} INFO - [2025-12-08T08:35:20.638+0000] {dag.py:3211} INFO - Sync 4 DAGs
[2025-12-08T08:35:20.656+0000] {logging_mixin.py:190} INFO - [2025-12-08T08:35:20.656+0000] {dag.py:4138} INFO - Setting next_dagrun for dataset_alias_example_alias_consumer to None, run_after=None
[2025-12-08T08:35:20.659+0000] {logging_mixin.py:190} INFO - [2025-12-08T08:35:20.659+0000] {dag.py:4138} INFO - Setting next_dagrun for dataset_alias_example_alias_producer to None, run_after=None
[2025-12-08T08:35:20.662+0000] {logging_mixin.py:190} INFO - [2025-12-08T08:35:20.662+0000] {dag.py:4138} INFO - Setting next_dagrun for dataset_s3_bucket_consumer to None, run_after=None
[2025-12-08T08:35:20.664+0000] {logging_mixin.py:190} INFO - [2025-12-08T08:35:20.664+0000] {dag.py:4138} INFO - Setting next_dagrun for dataset_s3_bucket_producer to None, run_after=None
[2025-12-08T08:35:20.685+0000] {processor.py:208} INFO - Processing /home/airflow/.local/lib/python3.12/site-packages/airflow/example_dags/example_dataset_alias.py took 0.363 seconds
[2025-12-08T08:35:51.198+0000] {processor.py:186} INFO - Started process (PID=8667) to work on /home/airflow/.local/lib/python3.12/site-packages/airflow/example_dags/example_dataset_alias.py
[2025-12-08T08:35:51.200+0000] {processor.py:914} INFO - Processing file /home/airflow/.local/lib/python3.12/site-packages/airflow/example_dags/example_dataset_alias.py for tasks to queue
[2025-12-08T08:35:51.203+0000] {logging_mixin.py:190} INFO - [2025-12-08T08:35:51.203+0000] {dagbag.py:587} INFO - Filling up the DagBag from /home/airflow/.local/lib/python3.12/site-packages/airflow/example_dags/example_dataset_alias.py
[2025-12-08T08:35:51.476+0000] {processor.py:925} INFO - DAG(s) 'dataset_alias_example_alias_producer', 'dataset_alias_example_alias_consumer', 'dataset_s3_bucket_producer', 'dataset_s3_bucket_consumer' retrieved from /home/airflow/.local/lib/python3.12/site-packages/airflow/example_dags/example_dataset_alias.py
[2025-12-08T08:35:51.495+0000] {logging_mixin.py:190} INFO - [2025-12-08T08:35:51.495+0000] {dag.py:3211} INFO - Sync 4 DAGs
[2025-12-08T08:35:51.512+0000] {logging_mixin.py:190} INFO - [2025-12-08T08:35:51.512+0000] {dag.py:4138} INFO - Setting next_dagrun for dataset_alias_example_alias_consumer to None, run_after=None
[2025-12-08T08:35:51.515+0000] {logging_mixin.py:190} INFO - [2025-12-08T08:35:51.515+0000] {dag.py:4138} INFO - Setting next_dagrun for dataset_alias_example_alias_producer to None, run_after=None
[2025-12-08T08:35:51.517+0000] {logging_mixin.py:190} INFO - [2025-12-08T08:35:51.517+0000] {dag.py:4138} INFO - Setting next_dagrun for dataset_s3_bucket_consumer to None, run_after=None
[2025-12-08T08:35:51.519+0000] {logging_mixin.py:190} INFO - [2025-12-08T08:35:51.519+0000] {dag.py:4138} INFO - Setting next_dagrun for dataset_s3_bucket_producer to None, run_after=None
[2025-12-08T08:35:51.545+0000] {processor.py:208} INFO - Processing /home/airflow/.local/lib/python3.12/site-packages/airflow/example_dags/example_dataset_alias.py took 0.356 seconds
[2025-12-08T08:36:22.142+0000] {processor.py:186} INFO - Started process (PID=8730) to work on /home/airflow/.local/lib/python3.12/site-packages/airflow/example_dags/example_dataset_alias.py
[2025-12-08T08:36:22.146+0000] {processor.py:914} INFO - Processing file /home/airflow/.local/lib/python3.12/site-packages/airflow/example_dags/example_dataset_alias.py for tasks to queue
[2025-12-08T08:36:22.152+0000] {logging_mixin.py:190} INFO - [2025-12-08T08:36:22.151+0000] {dagbag.py:587} INFO - Filling up the DagBag from /home/airflow/.local/lib/python3.12/site-packages/airflow/example_dags/example_dataset_alias.py
[2025-12-08T08:36:22.498+0000] {processor.py:925} INFO - DAG(s) 'dataset_alias_example_alias_producer', 'dataset_s3_bucket_consumer', 'dataset_s3_bucket_producer', 'dataset_alias_example_alias_consumer' retrieved from /home/airflow/.local/lib/python3.12/site-packages/airflow/example_dags/example_dataset_alias.py
[2025-12-08T08:36:22.518+0000] {logging_mixin.py:190} INFO - [2025-12-08T08:36:22.518+0000] {dag.py:3211} INFO - Sync 4 DAGs
[2025-12-08T08:36:22.536+0000] {logging_mixin.py:190} INFO - [2025-12-08T08:36:22.535+0000] {dag.py:4138} INFO - Setting next_dagrun for dataset_alias_example_alias_consumer to None, run_after=None
[2025-12-08T08:36:22.539+0000] {logging_mixin.py:190} INFO - [2025-12-08T08:36:22.539+0000] {dag.py:4138} INFO - Setting next_dagrun for dataset_alias_example_alias_producer to None, run_after=None
[2025-12-08T08:36:22.541+0000] {logging_mixin.py:190} INFO - [2025-12-08T08:36:22.541+0000] {dag.py:4138} INFO - Setting next_dagrun for dataset_s3_bucket_consumer to None, run_after=None
[2025-12-08T08:36:22.543+0000] {logging_mixin.py:190} INFO - [2025-12-08T08:36:22.543+0000] {dag.py:4138} INFO - Setting next_dagrun for dataset_s3_bucket_producer to None, run_after=None
[2025-12-08T08:36:22.570+0000] {processor.py:208} INFO - Processing /home/airflow/.local/lib/python3.12/site-packages/airflow/example_dags/example_dataset_alias.py took 0.447 seconds
[2025-12-08T08:36:52.893+0000] {processor.py:186} INFO - Started process (PID=8793) to work on /home/airflow/.local/lib/python3.12/site-packages/airflow/example_dags/example_dataset_alias.py
[2025-12-08T08:36:52.895+0000] {processor.py:914} INFO - Processing file /home/airflow/.local/lib/python3.12/site-packages/airflow/example_dags/example_dataset_alias.py for tasks to queue
[2025-12-08T08:36:52.897+0000] {logging_mixin.py:190} INFO - [2025-12-08T08:36:52.897+0000] {dagbag.py:587} INFO - Filling up the DagBag from /home/airflow/.local/lib/python3.12/site-packages/airflow/example_dags/example_dataset_alias.py
[2025-12-08T08:36:53.181+0000] {processor.py:925} INFO - DAG(s) 'dataset_s3_bucket_producer', 'dataset_alias_example_alias_producer', 'dataset_alias_example_alias_consumer', 'dataset_s3_bucket_consumer' retrieved from /home/airflow/.local/lib/python3.12/site-packages/airflow/example_dags/example_dataset_alias.py
[2025-12-08T08:36:53.198+0000] {logging_mixin.py:190} INFO - [2025-12-08T08:36:53.198+0000] {dag.py:3211} INFO - Sync 4 DAGs
[2025-12-08T08:36:53.217+0000] {logging_mixin.py:190} INFO - [2025-12-08T08:36:53.217+0000] {dag.py:4138} INFO - Setting next_dagrun for dataset_alias_example_alias_consumer to None, run_after=None
[2025-12-08T08:36:53.221+0000] {logging_mixin.py:190} INFO - [2025-12-08T08:36:53.221+0000] {dag.py:4138} INFO - Setting next_dagrun for dataset_alias_example_alias_producer to None, run_after=None
[2025-12-08T08:36:53.223+0000] {logging_mixin.py:190} INFO - [2025-12-08T08:36:53.223+0000] {dag.py:4138} INFO - Setting next_dagrun for dataset_s3_bucket_consumer to None, run_after=None
[2025-12-08T08:36:53.226+0000] {logging_mixin.py:190} INFO - [2025-12-08T08:36:53.226+0000] {dag.py:4138} INFO - Setting next_dagrun for dataset_s3_bucket_producer to None, run_after=None
[2025-12-08T08:36:53.244+0000] {processor.py:208} INFO - Processing /home/airflow/.local/lib/python3.12/site-packages/airflow/example_dags/example_dataset_alias.py took 0.360 seconds
[2025-12-08T08:37:23.581+0000] {processor.py:186} INFO - Started process (PID=8856) to work on /home/airflow/.local/lib/python3.12/site-packages/airflow/example_dags/example_dataset_alias.py
[2025-12-08T08:37:23.583+0000] {processor.py:914} INFO - Processing file /home/airflow/.local/lib/python3.12/site-packages/airflow/example_dags/example_dataset_alias.py for tasks to queue
[2025-12-08T08:37:23.587+0000] {logging_mixin.py:190} INFO - [2025-12-08T08:37:23.586+0000] {dagbag.py:587} INFO - Filling up the DagBag from /home/airflow/.local/lib/python3.12/site-packages/airflow/example_dags/example_dataset_alias.py
[2025-12-08T08:37:23.965+0000] {processor.py:925} INFO - DAG(s) 'dataset_s3_bucket_producer', 'dataset_alias_example_alias_producer', 'dataset_s3_bucket_consumer', 'dataset_alias_example_alias_consumer' retrieved from /home/airflow/.local/lib/python3.12/site-packages/airflow/example_dags/example_dataset_alias.py
[2025-12-08T08:37:23.994+0000] {logging_mixin.py:190} INFO - [2025-12-08T08:37:23.994+0000] {dag.py:3211} INFO - Sync 4 DAGs
[2025-12-08T08:37:24.033+0000] {logging_mixin.py:190} INFO - [2025-12-08T08:37:24.033+0000] {dag.py:4138} INFO - Setting next_dagrun for dataset_alias_example_alias_consumer to None, run_after=None
[2025-12-08T08:37:24.038+0000] {logging_mixin.py:190} INFO - [2025-12-08T08:37:24.038+0000] {dag.py:4138} INFO - Setting next_dagrun for dataset_alias_example_alias_producer to None, run_after=None
[2025-12-08T08:37:24.040+0000] {logging_mixin.py:190} INFO - [2025-12-08T08:37:24.040+0000] {dag.py:4138} INFO - Setting next_dagrun for dataset_s3_bucket_consumer to None, run_after=None
[2025-12-08T08:37:24.043+0000] {logging_mixin.py:190} INFO - [2025-12-08T08:37:24.043+0000] {dag.py:4138} INFO - Setting next_dagrun for dataset_s3_bucket_producer to None, run_after=None
[2025-12-08T08:37:24.077+0000] {processor.py:208} INFO - Processing /home/airflow/.local/lib/python3.12/site-packages/airflow/example_dags/example_dataset_alias.py took 0.503 seconds
[2025-12-08T08:37:54.809+0000] {processor.py:186} INFO - Started process (PID=8919) to work on /home/airflow/.local/lib/python3.12/site-packages/airflow/example_dags/example_dataset_alias.py
[2025-12-08T08:37:54.812+0000] {processor.py:914} INFO - Processing file /home/airflow/.local/lib/python3.12/site-packages/airflow/example_dags/example_dataset_alias.py for tasks to queue
[2025-12-08T08:37:54.816+0000] {logging_mixin.py:190} INFO - [2025-12-08T08:37:54.816+0000] {dagbag.py:587} INFO - Filling up the DagBag from /home/airflow/.local/lib/python3.12/site-packages/airflow/example_dags/example_dataset_alias.py
[2025-12-08T08:37:55.158+0000] {processor.py:925} INFO - DAG(s) 'dataset_s3_bucket_producer', 'dataset_alias_example_alias_producer', 'dataset_alias_example_alias_consumer', 'dataset_s3_bucket_consumer' retrieved from /home/airflow/.local/lib/python3.12/site-packages/airflow/example_dags/example_dataset_alias.py
[2025-12-08T08:37:55.180+0000] {logging_mixin.py:190} INFO - [2025-12-08T08:37:55.180+0000] {dag.py:3211} INFO - Sync 4 DAGs
[2025-12-08T08:37:55.200+0000] {logging_mixin.py:190} INFO - [2025-12-08T08:37:55.199+0000] {dag.py:4138} INFO - Setting next_dagrun for dataset_alias_example_alias_consumer to None, run_after=None
[2025-12-08T08:37:55.203+0000] {logging_mixin.py:190} INFO - [2025-12-08T08:37:55.203+0000] {dag.py:4138} INFO - Setting next_dagrun for dataset_alias_example_alias_producer to None, run_after=None
[2025-12-08T08:37:55.206+0000] {logging_mixin.py:190} INFO - [2025-12-08T08:37:55.206+0000] {dag.py:4138} INFO - Setting next_dagrun for dataset_s3_bucket_consumer to None, run_after=None
[2025-12-08T08:37:55.208+0000] {logging_mixin.py:190} INFO - [2025-12-08T08:37:55.208+0000] {dag.py:4138} INFO - Setting next_dagrun for dataset_s3_bucket_producer to None, run_after=None
[2025-12-08T08:37:55.234+0000] {processor.py:208} INFO - Processing /home/airflow/.local/lib/python3.12/site-packages/airflow/example_dags/example_dataset_alias.py took 0.438 seconds
[2025-12-08T08:38:25.441+0000] {processor.py:186} INFO - Started process (PID=8982) to work on /home/airflow/.local/lib/python3.12/site-packages/airflow/example_dags/example_dataset_alias.py
[2025-12-08T08:38:25.443+0000] {processor.py:914} INFO - Processing file /home/airflow/.local/lib/python3.12/site-packages/airflow/example_dags/example_dataset_alias.py for tasks to queue
[2025-12-08T08:38:25.451+0000] {logging_mixin.py:190} INFO - [2025-12-08T08:38:25.450+0000] {dagbag.py:587} INFO - Filling up the DagBag from /home/airflow/.local/lib/python3.12/site-packages/airflow/example_dags/example_dataset_alias.py
[2025-12-08T08:38:25.925+0000] {processor.py:925} INFO - DAG(s) 'dataset_s3_bucket_producer', 'dataset_alias_example_alias_consumer', 'dataset_alias_example_alias_producer', 'dataset_s3_bucket_consumer' retrieved from /home/airflow/.local/lib/python3.12/site-packages/airflow/example_dags/example_dataset_alias.py
[2025-12-08T08:38:25.954+0000] {logging_mixin.py:190} INFO - [2025-12-08T08:38:25.954+0000] {dag.py:3211} INFO - Sync 4 DAGs
[2025-12-08T08:38:25.983+0000] {logging_mixin.py:190} INFO - [2025-12-08T08:38:25.982+0000] {dag.py:4138} INFO - Setting next_dagrun for dataset_alias_example_alias_consumer to None, run_after=None
[2025-12-08T08:38:25.987+0000] {logging_mixin.py:190} INFO - [2025-12-08T08:38:25.987+0000] {dag.py:4138} INFO - Setting next_dagrun for dataset_alias_example_alias_producer to None, run_after=None
[2025-12-08T08:38:25.990+0000] {logging_mixin.py:190} INFO - [2025-12-08T08:38:25.990+0000] {dag.py:4138} INFO - Setting next_dagrun for dataset_s3_bucket_consumer to None, run_after=None
[2025-12-08T08:38:25.992+0000] {logging_mixin.py:190} INFO - [2025-12-08T08:38:25.992+0000] {dag.py:4138} INFO - Setting next_dagrun for dataset_s3_bucket_producer to None, run_after=None
[2025-12-08T08:38:26.023+0000] {processor.py:208} INFO - Processing /home/airflow/.local/lib/python3.12/site-packages/airflow/example_dags/example_dataset_alias.py took 0.594 seconds
[2025-12-08T08:38:56.359+0000] {processor.py:186} INFO - Started process (PID=9045) to work on /home/airflow/.local/lib/python3.12/site-packages/airflow/example_dags/example_dataset_alias.py
[2025-12-08T08:38:56.362+0000] {processor.py:914} INFO - Processing file /home/airflow/.local/lib/python3.12/site-packages/airflow/example_dags/example_dataset_alias.py for tasks to queue
[2025-12-08T08:38:56.369+0000] {logging_mixin.py:190} INFO - [2025-12-08T08:38:56.368+0000] {dagbag.py:587} INFO - Filling up the DagBag from /home/airflow/.local/lib/python3.12/site-packages/airflow/example_dags/example_dataset_alias.py
[2025-12-08T08:38:56.792+0000] {processor.py:925} INFO - DAG(s) 'dataset_s3_bucket_consumer', 'dataset_alias_example_alias_consumer', 'dataset_alias_example_alias_producer', 'dataset_s3_bucket_producer' retrieved from /home/airflow/.local/lib/python3.12/site-packages/airflow/example_dags/example_dataset_alias.py
[2025-12-08T08:38:56.818+0000] {logging_mixin.py:190} INFO - [2025-12-08T08:38:56.818+0000] {dag.py:3211} INFO - Sync 4 DAGs
[2025-12-08T08:38:56.841+0000] {logging_mixin.py:190} INFO - [2025-12-08T08:38:56.840+0000] {dag.py:4138} INFO - Setting next_dagrun for dataset_alias_example_alias_consumer to None, run_after=None
[2025-12-08T08:38:56.845+0000] {logging_mixin.py:190} INFO - [2025-12-08T08:38:56.845+0000] {dag.py:4138} INFO - Setting next_dagrun for dataset_alias_example_alias_producer to None, run_after=None
[2025-12-08T08:38:56.848+0000] {logging_mixin.py:190} INFO - [2025-12-08T08:38:56.847+0000] {dag.py:4138} INFO - Setting next_dagrun for dataset_s3_bucket_consumer to None, run_after=None
[2025-12-08T08:38:56.850+0000] {logging_mixin.py:190} INFO - [2025-12-08T08:38:56.849+0000] {dag.py:4138} INFO - Setting next_dagrun for dataset_s3_bucket_producer to None, run_after=None
[2025-12-08T08:38:56.875+0000] {processor.py:208} INFO - Processing /home/airflow/.local/lib/python3.12/site-packages/airflow/example_dags/example_dataset_alias.py took 0.532 seconds
[2025-12-08T08:39:27.352+0000] {processor.py:186} INFO - Started process (PID=9108) to work on /home/airflow/.local/lib/python3.12/site-packages/airflow/example_dags/example_dataset_alias.py
[2025-12-08T08:39:27.354+0000] {processor.py:914} INFO - Processing file /home/airflow/.local/lib/python3.12/site-packages/airflow/example_dags/example_dataset_alias.py for tasks to queue
[2025-12-08T08:39:27.358+0000] {logging_mixin.py:190} INFO - [2025-12-08T08:39:27.357+0000] {dagbag.py:587} INFO - Filling up the DagBag from /home/airflow/.local/lib/python3.12/site-packages/airflow/example_dags/example_dataset_alias.py
[2025-12-08T08:39:27.645+0000] {processor.py:925} INFO - DAG(s) 'dataset_alias_example_alias_producer', 'dataset_s3_bucket_producer', 'dataset_s3_bucket_consumer', 'dataset_alias_example_alias_consumer' retrieved from /home/airflow/.local/lib/python3.12/site-packages/airflow/example_dags/example_dataset_alias.py
[2025-12-08T08:39:27.665+0000] {logging_mixin.py:190} INFO - [2025-12-08T08:39:27.665+0000] {dag.py:3211} INFO - Sync 4 DAGs
[2025-12-08T08:39:27.681+0000] {logging_mixin.py:190} INFO - [2025-12-08T08:39:27.681+0000] {dag.py:4138} INFO - Setting next_dagrun for dataset_alias_example_alias_consumer to None, run_after=None
[2025-12-08T08:39:27.684+0000] {logging_mixin.py:190} INFO - [2025-12-08T08:39:27.684+0000] {dag.py:4138} INFO - Setting next_dagrun for dataset_alias_example_alias_producer to None, run_after=None
[2025-12-08T08:39:27.686+0000] {logging_mixin.py:190} INFO - [2025-12-08T08:39:27.686+0000] {dag.py:4138} INFO - Setting next_dagrun for dataset_s3_bucket_consumer to None, run_after=None
[2025-12-08T08:39:27.688+0000] {logging_mixin.py:190} INFO - [2025-12-08T08:39:27.688+0000] {dag.py:4138} INFO - Setting next_dagrun for dataset_s3_bucket_producer to None, run_after=None
[2025-12-08T08:39:27.706+0000] {processor.py:208} INFO - Processing /home/airflow/.local/lib/python3.12/site-packages/airflow/example_dags/example_dataset_alias.py took 0.364 seconds
[2025-12-08T08:39:58.165+0000] {processor.py:186} INFO - Started process (PID=9171) to work on /home/airflow/.local/lib/python3.12/site-packages/airflow/example_dags/example_dataset_alias.py
[2025-12-08T08:39:58.167+0000] {processor.py:914} INFO - Processing file /home/airflow/.local/lib/python3.12/site-packages/airflow/example_dags/example_dataset_alias.py for tasks to queue
[2025-12-08T08:39:58.170+0000] {logging_mixin.py:190} INFO - [2025-12-08T08:39:58.170+0000] {dagbag.py:587} INFO - Filling up the DagBag from /home/airflow/.local/lib/python3.12/site-packages/airflow/example_dags/example_dataset_alias.py
[2025-12-08T08:39:58.489+0000] {processor.py:925} INFO - DAG(s) 'dataset_alias_example_alias_consumer', 'dataset_s3_bucket_consumer', 'dataset_alias_example_alias_producer', 'dataset_s3_bucket_producer' retrieved from /home/airflow/.local/lib/python3.12/site-packages/airflow/example_dags/example_dataset_alias.py
[2025-12-08T08:39:58.511+0000] {logging_mixin.py:190} INFO - [2025-12-08T08:39:58.511+0000] {dag.py:3211} INFO - Sync 4 DAGs
[2025-12-08T08:39:58.533+0000] {logging_mixin.py:190} INFO - [2025-12-08T08:39:58.532+0000] {dag.py:4138} INFO - Setting next_dagrun for dataset_alias_example_alias_consumer to None, run_after=None
[2025-12-08T08:39:58.536+0000] {logging_mixin.py:190} INFO - [2025-12-08T08:39:58.536+0000] {dag.py:4138} INFO - Setting next_dagrun for dataset_alias_example_alias_producer to None, run_after=None
[2025-12-08T08:39:58.538+0000] {logging_mixin.py:190} INFO - [2025-12-08T08:39:58.538+0000] {dag.py:4138} INFO - Setting next_dagrun for dataset_s3_bucket_consumer to None, run_after=None
[2025-12-08T08:39:58.541+0000] {logging_mixin.py:190} INFO - [2025-12-08T08:39:58.540+0000] {dag.py:4138} INFO - Setting next_dagrun for dataset_s3_bucket_producer to None, run_after=None
[2025-12-08T08:39:58.563+0000] {processor.py:208} INFO - Processing /home/airflow/.local/lib/python3.12/site-packages/airflow/example_dags/example_dataset_alias.py took 0.410 seconds
[2025-12-08T08:40:28.916+0000] {processor.py:186} INFO - Started process (PID=9234) to work on /home/airflow/.local/lib/python3.12/site-packages/airflow/example_dags/example_dataset_alias.py
[2025-12-08T08:40:28.918+0000] {processor.py:914} INFO - Processing file /home/airflow/.local/lib/python3.12/site-packages/airflow/example_dags/example_dataset_alias.py for tasks to queue
[2025-12-08T08:40:28.924+0000] {logging_mixin.py:190} INFO - [2025-12-08T08:40:28.923+0000] {dagbag.py:587} INFO - Filling up the DagBag from /home/airflow/.local/lib/python3.12/site-packages/airflow/example_dags/example_dataset_alias.py
[2025-12-08T08:40:29.236+0000] {processor.py:925} INFO - DAG(s) 'dataset_alias_example_alias_consumer', 'dataset_s3_bucket_consumer', 'dataset_alias_example_alias_producer', 'dataset_s3_bucket_producer' retrieved from /home/airflow/.local/lib/python3.12/site-packages/airflow/example_dags/example_dataset_alias.py
[2025-12-08T08:40:29.256+0000] {logging_mixin.py:190} INFO - [2025-12-08T08:40:29.256+0000] {dag.py:3211} INFO - Sync 4 DAGs
[2025-12-08T08:40:29.276+0000] {logging_mixin.py:190} INFO - [2025-12-08T08:40:29.276+0000] {dag.py:4138} INFO - Setting next_dagrun for dataset_alias_example_alias_consumer to None, run_after=None
[2025-12-08T08:40:29.280+0000] {logging_mixin.py:190} INFO - [2025-12-08T08:40:29.280+0000] {dag.py:4138} INFO - Setting next_dagrun for dataset_alias_example_alias_producer to None, run_after=None
[2025-12-08T08:40:29.282+0000] {logging_mixin.py:190} INFO - [2025-12-08T08:40:29.282+0000] {dag.py:4138} INFO - Setting next_dagrun for dataset_s3_bucket_consumer to None, run_after=None
[2025-12-08T08:40:29.284+0000] {logging_mixin.py:190} INFO - [2025-12-08T08:40:29.284+0000] {dag.py:4138} INFO - Setting next_dagrun for dataset_s3_bucket_producer to None, run_after=None
[2025-12-08T08:40:29.305+0000] {processor.py:208} INFO - Processing /home/airflow/.local/lib/python3.12/site-packages/airflow/example_dags/example_dataset_alias.py took 0.400 seconds
[2025-12-08T08:40:59.528+0000] {processor.py:186} INFO - Started process (PID=9297) to work on /home/airflow/.local/lib/python3.12/site-packages/airflow/example_dags/example_dataset_alias.py
[2025-12-08T08:40:59.531+0000] {processor.py:914} INFO - Processing file /home/airflow/.local/lib/python3.12/site-packages/airflow/example_dags/example_dataset_alias.py for tasks to queue
[2025-12-08T08:40:59.537+0000] {logging_mixin.py:190} INFO - [2025-12-08T08:40:59.536+0000] {dagbag.py:587} INFO - Filling up the DagBag from /home/airflow/.local/lib/python3.12/site-packages/airflow/example_dags/example_dataset_alias.py
[2025-12-08T08:40:59.928+0000] {processor.py:925} INFO - DAG(s) 'dataset_alias_example_alias_producer', 'dataset_s3_bucket_consumer', 'dataset_s3_bucket_producer', 'dataset_alias_example_alias_consumer' retrieved from /home/airflow/.local/lib/python3.12/site-packages/airflow/example_dags/example_dataset_alias.py
[2025-12-08T08:40:59.954+0000] {logging_mixin.py:190} INFO - [2025-12-08T08:40:59.954+0000] {dag.py:3211} INFO - Sync 4 DAGs
[2025-12-08T08:40:59.978+0000] {logging_mixin.py:190} INFO - [2025-12-08T08:40:59.978+0000] {dag.py:4138} INFO - Setting next_dagrun for dataset_alias_example_alias_consumer to None, run_after=None
[2025-12-08T08:40:59.982+0000] {logging_mixin.py:190} INFO - [2025-12-08T08:40:59.981+0000] {dag.py:4138} INFO - Setting next_dagrun for dataset_alias_example_alias_producer to None, run_after=None
[2025-12-08T08:40:59.984+0000] {logging_mixin.py:190} INFO - [2025-12-08T08:40:59.983+0000] {dag.py:4138} INFO - Setting next_dagrun for dataset_s3_bucket_consumer to None, run_after=None
[2025-12-08T08:40:59.985+0000] {logging_mixin.py:190} INFO - [2025-12-08T08:40:59.985+0000] {dag.py:4138} INFO - Setting next_dagrun for dataset_s3_bucket_producer to None, run_after=None
[2025-12-08T08:41:00.012+0000] {processor.py:208} INFO - Processing /home/airflow/.local/lib/python3.12/site-packages/airflow/example_dags/example_dataset_alias.py took 0.498 seconds
[2025-12-08T08:41:30.255+0000] {processor.py:186} INFO - Started process (PID=9361) to work on /home/airflow/.local/lib/python3.12/site-packages/airflow/example_dags/example_dataset_alias.py
[2025-12-08T08:41:30.257+0000] {processor.py:914} INFO - Processing file /home/airflow/.local/lib/python3.12/site-packages/airflow/example_dags/example_dataset_alias.py for tasks to queue
[2025-12-08T08:41:30.262+0000] {logging_mixin.py:190} INFO - [2025-12-08T08:41:30.261+0000] {dagbag.py:587} INFO - Filling up the DagBag from /home/airflow/.local/lib/python3.12/site-packages/airflow/example_dags/example_dataset_alias.py
[2025-12-08T08:41:30.600+0000] {processor.py:925} INFO - DAG(s) 'dataset_alias_example_alias_consumer', 'dataset_s3_bucket_producer', 'dataset_s3_bucket_consumer', 'dataset_alias_example_alias_producer' retrieved from /home/airflow/.local/lib/python3.12/site-packages/airflow/example_dags/example_dataset_alias.py
[2025-12-08T08:41:30.634+0000] {logging_mixin.py:190} INFO - [2025-12-08T08:41:30.634+0000] {dag.py:3211} INFO - Sync 4 DAGs
[2025-12-08T08:41:30.657+0000] {logging_mixin.py:190} INFO - [2025-12-08T08:41:30.656+0000] {dag.py:4138} INFO - Setting next_dagrun for dataset_alias_example_alias_consumer to None, run_after=None
[2025-12-08T08:41:30.660+0000] {logging_mixin.py:190} INFO - [2025-12-08T08:41:30.660+0000] {dag.py:4138} INFO - Setting next_dagrun for dataset_alias_example_alias_producer to None, run_after=None
[2025-12-08T08:41:30.663+0000] {logging_mixin.py:190} INFO - [2025-12-08T08:41:30.662+0000] {dag.py:4138} INFO - Setting next_dagrun for dataset_s3_bucket_consumer to None, run_after=None
[2025-12-08T08:41:30.666+0000] {logging_mixin.py:190} INFO - [2025-12-08T08:41:30.666+0000] {dag.py:4138} INFO - Setting next_dagrun for dataset_s3_bucket_producer to None, run_after=None
[2025-12-08T08:41:30.695+0000] {processor.py:208} INFO - Processing /home/airflow/.local/lib/python3.12/site-packages/airflow/example_dags/example_dataset_alias.py took 0.453 seconds
[2025-12-08T08:42:00.999+0000] {processor.py:186} INFO - Started process (PID=9424) to work on /home/airflow/.local/lib/python3.12/site-packages/airflow/example_dags/example_dataset_alias.py
[2025-12-08T08:42:01.001+0000] {processor.py:914} INFO - Processing file /home/airflow/.local/lib/python3.12/site-packages/airflow/example_dags/example_dataset_alias.py for tasks to queue
[2025-12-08T08:42:01.006+0000] {logging_mixin.py:190} INFO - [2025-12-08T08:42:01.005+0000] {dagbag.py:587} INFO - Filling up the DagBag from /home/airflow/.local/lib/python3.12/site-packages/airflow/example_dags/example_dataset_alias.py
[2025-12-08T08:42:01.164+0000] {processor.py:925} INFO - DAG(s) 'dataset_alias_example_alias_consumer', 'dataset_s3_bucket_producer', 'dataset_alias_example_alias_producer', 'dataset_s3_bucket_consumer' retrieved from /home/airflow/.local/lib/python3.12/site-packages/airflow/example_dags/example_dataset_alias.py
[2025-12-08T08:42:01.184+0000] {logging_mixin.py:190} INFO - [2025-12-08T08:42:01.184+0000] {dag.py:3211} INFO - Sync 4 DAGs
[2025-12-08T08:42:01.210+0000] {logging_mixin.py:190} INFO - [2025-12-08T08:42:01.210+0000] {dag.py:4138} INFO - Setting next_dagrun for dataset_alias_example_alias_consumer to None, run_after=None
[2025-12-08T08:42:01.214+0000] {logging_mixin.py:190} INFO - [2025-12-08T08:42:01.213+0000] {dag.py:4138} INFO - Setting next_dagrun for dataset_alias_example_alias_producer to None, run_after=None
[2025-12-08T08:42:01.216+0000] {logging_mixin.py:190} INFO - [2025-12-08T08:42:01.215+0000] {dag.py:4138} INFO - Setting next_dagrun for dataset_s3_bucket_consumer to None, run_after=None
[2025-12-08T08:42:01.217+0000] {logging_mixin.py:190} INFO - [2025-12-08T08:42:01.217+0000] {dag.py:4138} INFO - Setting next_dagrun for dataset_s3_bucket_producer to None, run_after=None
[2025-12-08T08:42:01.249+0000] {processor.py:208} INFO - Processing /home/airflow/.local/lib/python3.12/site-packages/airflow/example_dags/example_dataset_alias.py took 0.256 seconds
[2025-12-08T08:42:31.428+0000] {processor.py:186} INFO - Started process (PID=9487) to work on /home/airflow/.local/lib/python3.12/site-packages/airflow/example_dags/example_dataset_alias.py
[2025-12-08T08:42:31.430+0000] {processor.py:914} INFO - Processing file /home/airflow/.local/lib/python3.12/site-packages/airflow/example_dags/example_dataset_alias.py for tasks to queue
[2025-12-08T08:42:31.434+0000] {logging_mixin.py:190} INFO - [2025-12-08T08:42:31.433+0000] {dagbag.py:587} INFO - Filling up the DagBag from /home/airflow/.local/lib/python3.12/site-packages/airflow/example_dags/example_dataset_alias.py
[2025-12-08T08:42:31.675+0000] {processor.py:925} INFO - DAG(s) 'dataset_alias_example_alias_consumer', 'dataset_s3_bucket_producer', 'dataset_s3_bucket_consumer', 'dataset_alias_example_alias_producer' retrieved from /home/airflow/.local/lib/python3.12/site-packages/airflow/example_dags/example_dataset_alias.py
[2025-12-08T08:42:31.703+0000] {logging_mixin.py:190} INFO - [2025-12-08T08:42:31.703+0000] {dag.py:3211} INFO - Sync 4 DAGs
[2025-12-08T08:42:31.731+0000] {logging_mixin.py:190} INFO - [2025-12-08T08:42:31.730+0000] {dag.py:4138} INFO - Setting next_dagrun for dataset_alias_example_alias_consumer to None, run_after=None
[2025-12-08T08:42:31.735+0000] {logging_mixin.py:190} INFO - [2025-12-08T08:42:31.735+0000] {dag.py:4138} INFO - Setting next_dagrun for dataset_alias_example_alias_producer to None, run_after=None
[2025-12-08T08:42:31.737+0000] {logging_mixin.py:190} INFO - [2025-12-08T08:42:31.737+0000] {dag.py:4138} INFO - Setting next_dagrun for dataset_s3_bucket_consumer to None, run_after=None
[2025-12-08T08:42:31.740+0000] {logging_mixin.py:190} INFO - [2025-12-08T08:42:31.740+0000] {dag.py:4138} INFO - Setting next_dagrun for dataset_s3_bucket_producer to None, run_after=None
[2025-12-08T08:42:32.132+0000] {processor.py:208} INFO - Processing /home/airflow/.local/lib/python3.12/site-packages/airflow/example_dags/example_dataset_alias.py took 0.713 seconds
[2025-12-08T08:43:02.670+0000] {processor.py:186} INFO - Started process (PID=9550) to work on /home/airflow/.local/lib/python3.12/site-packages/airflow/example_dags/example_dataset_alias.py
[2025-12-08T08:43:02.673+0000] {processor.py:914} INFO - Processing file /home/airflow/.local/lib/python3.12/site-packages/airflow/example_dags/example_dataset_alias.py for tasks to queue
[2025-12-08T08:43:02.678+0000] {logging_mixin.py:190} INFO - [2025-12-08T08:43:02.677+0000] {dagbag.py:587} INFO - Filling up the DagBag from /home/airflow/.local/lib/python3.12/site-packages/airflow/example_dags/example_dataset_alias.py
[2025-12-08T08:43:02.826+0000] {processor.py:925} INFO - DAG(s) 'dataset_alias_example_alias_consumer', 'dataset_alias_example_alias_producer', 'dataset_s3_bucket_producer', 'dataset_s3_bucket_consumer' retrieved from /home/airflow/.local/lib/python3.12/site-packages/airflow/example_dags/example_dataset_alias.py
[2025-12-08T08:43:02.846+0000] {logging_mixin.py:190} INFO - [2025-12-08T08:43:02.845+0000] {dag.py:3211} INFO - Sync 4 DAGs
[2025-12-08T08:43:02.867+0000] {logging_mixin.py:190} INFO - [2025-12-08T08:43:02.866+0000] {dag.py:4138} INFO - Setting next_dagrun for dataset_alias_example_alias_consumer to None, run_after=None
[2025-12-08T08:43:02.870+0000] {logging_mixin.py:190} INFO - [2025-12-08T08:43:02.870+0000] {dag.py:4138} INFO - Setting next_dagrun for dataset_alias_example_alias_producer to None, run_after=None
[2025-12-08T08:43:02.872+0000] {logging_mixin.py:190} INFO - [2025-12-08T08:43:02.872+0000] {dag.py:4138} INFO - Setting next_dagrun for dataset_s3_bucket_consumer to None, run_after=None
[2025-12-08T08:43:02.874+0000] {logging_mixin.py:190} INFO - [2025-12-08T08:43:02.874+0000] {dag.py:4138} INFO - Setting next_dagrun for dataset_s3_bucket_producer to None, run_after=None
[2025-12-08T08:43:02.896+0000] {processor.py:208} INFO - Processing /home/airflow/.local/lib/python3.12/site-packages/airflow/example_dags/example_dataset_alias.py took 0.240 seconds
