[2025-12-08T07:00:37.558+0000] {processor.py:186} INFO - Started process (PID=92) to work on /home/airflow/.local/lib/python3.12/site-packages/airflow/example_dags/example_workday_timetable.py
[2025-12-08T07:00:37.562+0000] {processor.py:914} INFO - Processing file /home/airflow/.local/lib/python3.12/site-packages/airflow/example_dags/example_workday_timetable.py for tasks to queue
[2025-12-08T07:00:37.570+0000] {logging_mixin.py:190} INFO - [2025-12-08T07:00:37.569+0000] {dagbag.py:587} INFO - Filling up the DagBag from /home/airflow/.local/lib/python3.12/site-packages/airflow/example_dags/example_workday_timetable.py
[2025-12-08T07:00:37.597+0000] {processor.py:925} INFO - DAG(s) 'example_workday_timetable' retrieved from /home/airflow/.local/lib/python3.12/site-packages/airflow/example_dags/example_workday_timetable.py
[2025-12-08T07:00:37.672+0000] {logging_mixin.py:190} INFO - [2025-12-08T07:00:37.672+0000] {dag.py:3211} INFO - Sync 1 DAGs
[2025-12-08T07:00:37.846+0000] {logging_mixin.py:190} INFO - [2025-12-08T07:00:37.846+0000] {dag.py:4138} INFO - Setting next_dagrun for example_workday_timetable to 2021-01-04 00:00:00+00:00, run_after=2021-01-05 00:00:00+00:00
[2025-12-08T07:00:37.896+0000] {processor.py:208} INFO - Processing /home/airflow/.local/lib/python3.12/site-packages/airflow/example_dags/example_workday_timetable.py took 0.356 seconds
[2025-12-08T07:01:08.242+0000] {processor.py:186} INFO - Started process (PID=154) to work on /home/airflow/.local/lib/python3.12/site-packages/airflow/example_dags/example_workday_timetable.py
[2025-12-08T07:01:08.244+0000] {processor.py:914} INFO - Processing file /home/airflow/.local/lib/python3.12/site-packages/airflow/example_dags/example_workday_timetable.py for tasks to queue
[2025-12-08T07:01:08.249+0000] {logging_mixin.py:190} INFO - [2025-12-08T07:01:08.248+0000] {dagbag.py:587} INFO - Filling up the DagBag from /home/airflow/.local/lib/python3.12/site-packages/airflow/example_dags/example_workday_timetable.py
[2025-12-08T07:01:08.262+0000] {processor.py:925} INFO - DAG(s) 'example_workday_timetable' retrieved from /home/airflow/.local/lib/python3.12/site-packages/airflow/example_dags/example_workday_timetable.py
[2025-12-08T07:01:08.297+0000] {logging_mixin.py:190} INFO - [2025-12-08T07:01:08.297+0000] {dag.py:3211} INFO - Sync 1 DAGs
[2025-12-08T07:01:08.391+0000] {logging_mixin.py:190} INFO - [2025-12-08T07:01:08.390+0000] {dag.py:4138} INFO - Setting next_dagrun for example_workday_timetable to 2021-01-04 00:00:00+00:00, run_after=2021-01-05 00:00:00+00:00
[2025-12-08T07:01:08.431+0000] {processor.py:208} INFO - Processing /home/airflow/.local/lib/python3.12/site-packages/airflow/example_dags/example_workday_timetable.py took 0.203 seconds
[2025-12-08T07:01:40.319+0000] {processor.py:186} INFO - Started process (PID=216) to work on /home/airflow/.local/lib/python3.12/site-packages/airflow/example_dags/example_workday_timetable.py
[2025-12-08T07:01:40.323+0000] {processor.py:914} INFO - Processing file /home/airflow/.local/lib/python3.12/site-packages/airflow/example_dags/example_workday_timetable.py for tasks to queue
[2025-12-08T07:01:40.331+0000] {logging_mixin.py:190} INFO - [2025-12-08T07:01:40.330+0000] {dagbag.py:587} INFO - Filling up the DagBag from /home/airflow/.local/lib/python3.12/site-packages/airflow/example_dags/example_workday_timetable.py
[2025-12-08T07:01:40.345+0000] {processor.py:925} INFO - DAG(s) 'example_workday_timetable' retrieved from /home/airflow/.local/lib/python3.12/site-packages/airflow/example_dags/example_workday_timetable.py
[2025-12-08T07:01:40.389+0000] {logging_mixin.py:190} INFO - [2025-12-08T07:01:40.388+0000] {dag.py:3211} INFO - Sync 1 DAGs
[2025-12-08T07:01:40.523+0000] {logging_mixin.py:190} INFO - [2025-12-08T07:01:40.521+0000] {dag.py:4138} INFO - Setting next_dagrun for example_workday_timetable to 2021-01-04 00:00:00+00:00, run_after=2021-01-05 00:00:00+00:00
[2025-12-08T07:01:40.609+0000] {processor.py:208} INFO - Processing /home/airflow/.local/lib/python3.12/site-packages/airflow/example_dags/example_workday_timetable.py took 0.301 seconds
[2025-12-08T07:02:10.911+0000] {processor.py:186} INFO - Started process (PID=278) to work on /home/airflow/.local/lib/python3.12/site-packages/airflow/example_dags/example_workday_timetable.py
[2025-12-08T07:02:10.914+0000] {processor.py:914} INFO - Processing file /home/airflow/.local/lib/python3.12/site-packages/airflow/example_dags/example_workday_timetable.py for tasks to queue
[2025-12-08T07:02:10.926+0000] {logging_mixin.py:190} INFO - [2025-12-08T07:02:10.925+0000] {dagbag.py:587} INFO - Filling up the DagBag from /home/airflow/.local/lib/python3.12/site-packages/airflow/example_dags/example_workday_timetable.py
[2025-12-08T07:02:10.940+0000] {processor.py:925} INFO - DAG(s) 'example_workday_timetable' retrieved from /home/airflow/.local/lib/python3.12/site-packages/airflow/example_dags/example_workday_timetable.py
[2025-12-08T07:02:10.991+0000] {logging_mixin.py:190} INFO - [2025-12-08T07:02:10.991+0000] {dag.py:3211} INFO - Sync 1 DAGs
[2025-12-08T07:02:11.126+0000] {logging_mixin.py:190} INFO - [2025-12-08T07:02:11.126+0000] {dag.py:4138} INFO - Setting next_dagrun for example_workday_timetable to 2021-01-04 00:00:00+00:00, run_after=2021-01-05 00:00:00+00:00
[2025-12-08T07:02:11.172+0000] {processor.py:208} INFO - Processing /home/airflow/.local/lib/python3.12/site-packages/airflow/example_dags/example_workday_timetable.py took 0.280 seconds
[2025-12-08T07:02:41.313+0000] {processor.py:186} INFO - Started process (PID=340) to work on /home/airflow/.local/lib/python3.12/site-packages/airflow/example_dags/example_workday_timetable.py
[2025-12-08T07:02:41.315+0000] {processor.py:914} INFO - Processing file /home/airflow/.local/lib/python3.12/site-packages/airflow/example_dags/example_workday_timetable.py for tasks to queue
[2025-12-08T07:02:41.324+0000] {logging_mixin.py:190} INFO - [2025-12-08T07:02:41.323+0000] {dagbag.py:587} INFO - Filling up the DagBag from /home/airflow/.local/lib/python3.12/site-packages/airflow/example_dags/example_workday_timetable.py
[2025-12-08T07:02:41.339+0000] {processor.py:925} INFO - DAG(s) 'example_workday_timetable' retrieved from /home/airflow/.local/lib/python3.12/site-packages/airflow/example_dags/example_workday_timetable.py
[2025-12-08T07:02:41.433+0000] {logging_mixin.py:190} INFO - [2025-12-08T07:02:41.433+0000] {dag.py:3211} INFO - Sync 1 DAGs
[2025-12-08T07:02:41.547+0000] {logging_mixin.py:190} INFO - [2025-12-08T07:02:41.547+0000] {dag.py:4138} INFO - Setting next_dagrun for example_workday_timetable to 2021-01-04 00:00:00+00:00, run_after=2021-01-05 00:00:00+00:00
[2025-12-08T07:02:41.589+0000] {processor.py:208} INFO - Processing /home/airflow/.local/lib/python3.12/site-packages/airflow/example_dags/example_workday_timetable.py took 0.291 seconds
[2025-12-08T07:03:12.108+0000] {processor.py:186} INFO - Started process (PID=402) to work on /home/airflow/.local/lib/python3.12/site-packages/airflow/example_dags/example_workday_timetable.py
[2025-12-08T07:03:12.110+0000] {processor.py:914} INFO - Processing file /home/airflow/.local/lib/python3.12/site-packages/airflow/example_dags/example_workday_timetable.py for tasks to queue
[2025-12-08T07:03:12.116+0000] {logging_mixin.py:190} INFO - [2025-12-08T07:03:12.115+0000] {dagbag.py:587} INFO - Filling up the DagBag from /home/airflow/.local/lib/python3.12/site-packages/airflow/example_dags/example_workday_timetable.py
[2025-12-08T07:03:12.135+0000] {processor.py:925} INFO - DAG(s) 'example_workday_timetable' retrieved from /home/airflow/.local/lib/python3.12/site-packages/airflow/example_dags/example_workday_timetable.py
[2025-12-08T07:03:12.188+0000] {logging_mixin.py:190} INFO - [2025-12-08T07:03:12.188+0000] {dag.py:3211} INFO - Sync 1 DAGs
[2025-12-08T07:03:12.269+0000] {logging_mixin.py:190} INFO - [2025-12-08T07:03:12.269+0000] {dag.py:4138} INFO - Setting next_dagrun for example_workday_timetable to 2021-01-04 00:00:00+00:00, run_after=2021-01-05 00:00:00+00:00
[2025-12-08T07:03:12.304+0000] {processor.py:208} INFO - Processing /home/airflow/.local/lib/python3.12/site-packages/airflow/example_dags/example_workday_timetable.py took 0.206 seconds
[2025-12-08T07:03:43.368+0000] {processor.py:186} INFO - Started process (PID=464) to work on /home/airflow/.local/lib/python3.12/site-packages/airflow/example_dags/example_workday_timetable.py
[2025-12-08T07:03:43.370+0000] {processor.py:914} INFO - Processing file /home/airflow/.local/lib/python3.12/site-packages/airflow/example_dags/example_workday_timetable.py for tasks to queue
[2025-12-08T07:03:43.375+0000] {logging_mixin.py:190} INFO - [2025-12-08T07:03:43.374+0000] {dagbag.py:587} INFO - Filling up the DagBag from /home/airflow/.local/lib/python3.12/site-packages/airflow/example_dags/example_workday_timetable.py
[2025-12-08T07:03:43.387+0000] {processor.py:925} INFO - DAG(s) 'example_workday_timetable' retrieved from /home/airflow/.local/lib/python3.12/site-packages/airflow/example_dags/example_workday_timetable.py
[2025-12-08T07:03:43.423+0000] {logging_mixin.py:190} INFO - [2025-12-08T07:03:43.423+0000] {dag.py:3211} INFO - Sync 1 DAGs
[2025-12-08T07:03:43.542+0000] {logging_mixin.py:190} INFO - [2025-12-08T07:03:43.542+0000] {dag.py:4138} INFO - Setting next_dagrun for example_workday_timetable to 2021-01-04 00:00:00+00:00, run_after=2021-01-05 00:00:00+00:00
[2025-12-08T07:03:43.578+0000] {processor.py:208} INFO - Processing /home/airflow/.local/lib/python3.12/site-packages/airflow/example_dags/example_workday_timetable.py took 0.220 seconds
[2025-12-08T07:04:15.000+0000] {processor.py:186} INFO - Started process (PID=526) to work on /home/airflow/.local/lib/python3.12/site-packages/airflow/example_dags/example_workday_timetable.py
[2025-12-08T07:04:15.007+0000] {processor.py:914} INFO - Processing file /home/airflow/.local/lib/python3.12/site-packages/airflow/example_dags/example_workday_timetable.py for tasks to queue
[2025-12-08T07:04:15.015+0000] {logging_mixin.py:190} INFO - [2025-12-08T07:04:15.014+0000] {dagbag.py:587} INFO - Filling up the DagBag from /home/airflow/.local/lib/python3.12/site-packages/airflow/example_dags/example_workday_timetable.py
[2025-12-08T07:04:15.029+0000] {processor.py:925} INFO - DAG(s) 'example_workday_timetable' retrieved from /home/airflow/.local/lib/python3.12/site-packages/airflow/example_dags/example_workday_timetable.py
[2025-12-08T07:04:15.072+0000] {logging_mixin.py:190} INFO - [2025-12-08T07:04:15.071+0000] {dag.py:3211} INFO - Sync 1 DAGs
[2025-12-08T07:04:15.162+0000] {logging_mixin.py:190} INFO - [2025-12-08T07:04:15.162+0000] {dag.py:4138} INFO - Setting next_dagrun for example_workday_timetable to 2021-01-04 00:00:00+00:00, run_after=2021-01-05 00:00:00+00:00
[2025-12-08T07:04:15.194+0000] {processor.py:208} INFO - Processing /home/airflow/.local/lib/python3.12/site-packages/airflow/example_dags/example_workday_timetable.py took 0.206 seconds
[2025-12-08T07:04:45.294+0000] {processor.py:186} INFO - Started process (PID=588) to work on /home/airflow/.local/lib/python3.12/site-packages/airflow/example_dags/example_workday_timetable.py
[2025-12-08T07:04:45.297+0000] {processor.py:914} INFO - Processing file /home/airflow/.local/lib/python3.12/site-packages/airflow/example_dags/example_workday_timetable.py for tasks to queue
[2025-12-08T07:04:45.302+0000] {logging_mixin.py:190} INFO - [2025-12-08T07:04:45.301+0000] {dagbag.py:587} INFO - Filling up the DagBag from /home/airflow/.local/lib/python3.12/site-packages/airflow/example_dags/example_workday_timetable.py
[2025-12-08T07:04:45.312+0000] {processor.py:925} INFO - DAG(s) 'example_workday_timetable' retrieved from /home/airflow/.local/lib/python3.12/site-packages/airflow/example_dags/example_workday_timetable.py
[2025-12-08T07:04:45.346+0000] {logging_mixin.py:190} INFO - [2025-12-08T07:04:45.345+0000] {dag.py:3211} INFO - Sync 1 DAGs
[2025-12-08T07:04:45.445+0000] {logging_mixin.py:190} INFO - [2025-12-08T07:04:45.445+0000] {dag.py:4138} INFO - Setting next_dagrun for example_workday_timetable to 2021-01-04 00:00:00+00:00, run_after=2021-01-05 00:00:00+00:00
[2025-12-08T07:04:45.506+0000] {processor.py:208} INFO - Processing /home/airflow/.local/lib/python3.12/site-packages/airflow/example_dags/example_workday_timetable.py took 0.225 seconds
[2025-12-08T07:05:16.124+0000] {processor.py:186} INFO - Started process (PID=650) to work on /home/airflow/.local/lib/python3.12/site-packages/airflow/example_dags/example_workday_timetable.py
[2025-12-08T07:05:16.126+0000] {processor.py:914} INFO - Processing file /home/airflow/.local/lib/python3.12/site-packages/airflow/example_dags/example_workday_timetable.py for tasks to queue
[2025-12-08T07:05:16.130+0000] {logging_mixin.py:190} INFO - [2025-12-08T07:05:16.129+0000] {dagbag.py:587} INFO - Filling up the DagBag from /home/airflow/.local/lib/python3.12/site-packages/airflow/example_dags/example_workday_timetable.py
[2025-12-08T07:05:16.138+0000] {processor.py:925} INFO - DAG(s) 'example_workday_timetable' retrieved from /home/airflow/.local/lib/python3.12/site-packages/airflow/example_dags/example_workday_timetable.py
[2025-12-08T07:05:16.169+0000] {logging_mixin.py:190} INFO - [2025-12-08T07:05:16.169+0000] {dag.py:3211} INFO - Sync 1 DAGs
[2025-12-08T07:05:16.267+0000] {logging_mixin.py:190} INFO - [2025-12-08T07:05:16.267+0000] {dag.py:4138} INFO - Setting next_dagrun for example_workday_timetable to 2021-01-04 00:00:00+00:00, run_after=2021-01-05 00:00:00+00:00
[2025-12-08T07:05:16.304+0000] {processor.py:208} INFO - Processing /home/airflow/.local/lib/python3.12/site-packages/airflow/example_dags/example_workday_timetable.py took 0.187 seconds
[2025-12-08T07:07:32.833+0000] {processor.py:186} INFO - Started process (PID=79) to work on /home/airflow/.local/lib/python3.12/site-packages/airflow/example_dags/example_workday_timetable.py
[2025-12-08T07:07:32.847+0000] {processor.py:914} INFO - Processing file /home/airflow/.local/lib/python3.12/site-packages/airflow/example_dags/example_workday_timetable.py for tasks to queue
[2025-12-08T07:07:32.864+0000] {logging_mixin.py:190} INFO - [2025-12-08T07:07:32.863+0000] {dagbag.py:587} INFO - Filling up the DagBag from /home/airflow/.local/lib/python3.12/site-packages/airflow/example_dags/example_workday_timetable.py
[2025-12-08T07:07:32.880+0000] {processor.py:925} INFO - DAG(s) 'example_workday_timetable' retrieved from /home/airflow/.local/lib/python3.12/site-packages/airflow/example_dags/example_workday_timetable.py
[2025-12-08T07:07:33.010+0000] {logging_mixin.py:190} INFO - [2025-12-08T07:07:33.009+0000] {dag.py:3211} INFO - Sync 1 DAGs
[2025-12-08T07:07:33.263+0000] {logging_mixin.py:190} INFO - [2025-12-08T07:07:33.263+0000] {dag.py:4138} INFO - Setting next_dagrun for example_workday_timetable to 2021-01-04 00:00:00+00:00, run_after=2021-01-05 00:00:00+00:00
[2025-12-08T07:07:33.367+0000] {processor.py:208} INFO - Processing /home/airflow/.local/lib/python3.12/site-packages/airflow/example_dags/example_workday_timetable.py took 0.551 seconds
[2025-12-08T07:08:03.642+0000] {processor.py:186} INFO - Started process (PID=142) to work on /home/airflow/.local/lib/python3.12/site-packages/airflow/example_dags/example_workday_timetable.py
[2025-12-08T07:08:03.643+0000] {processor.py:914} INFO - Processing file /home/airflow/.local/lib/python3.12/site-packages/airflow/example_dags/example_workday_timetable.py for tasks to queue
[2025-12-08T07:08:03.648+0000] {logging_mixin.py:190} INFO - [2025-12-08T07:08:03.647+0000] {dagbag.py:587} INFO - Filling up the DagBag from /home/airflow/.local/lib/python3.12/site-packages/airflow/example_dags/example_workday_timetable.py
[2025-12-08T07:08:03.658+0000] {processor.py:925} INFO - DAG(s) 'example_workday_timetable' retrieved from /home/airflow/.local/lib/python3.12/site-packages/airflow/example_dags/example_workday_timetable.py
[2025-12-08T07:08:03.686+0000] {logging_mixin.py:190} INFO - [2025-12-08T07:08:03.685+0000] {dag.py:3211} INFO - Sync 1 DAGs
[2025-12-08T07:08:03.744+0000] {logging_mixin.py:190} INFO - [2025-12-08T07:08:03.743+0000] {dag.py:4138} INFO - Setting next_dagrun for example_workday_timetable to 2021-01-04 00:00:00+00:00, run_after=2021-01-05 00:00:00+00:00
[2025-12-08T07:08:03.767+0000] {processor.py:208} INFO - Processing /home/airflow/.local/lib/python3.12/site-packages/airflow/example_dags/example_workday_timetable.py took 0.131 seconds
[2025-12-08T07:08:34.272+0000] {processor.py:186} INFO - Started process (PID=204) to work on /home/airflow/.local/lib/python3.12/site-packages/airflow/example_dags/example_workday_timetable.py
[2025-12-08T07:08:34.275+0000] {processor.py:914} INFO - Processing file /home/airflow/.local/lib/python3.12/site-packages/airflow/example_dags/example_workday_timetable.py for tasks to queue
[2025-12-08T07:08:34.284+0000] {logging_mixin.py:190} INFO - [2025-12-08T07:08:34.283+0000] {dagbag.py:587} INFO - Filling up the DagBag from /home/airflow/.local/lib/python3.12/site-packages/airflow/example_dags/example_workday_timetable.py
[2025-12-08T07:08:34.298+0000] {processor.py:925} INFO - DAG(s) 'example_workday_timetable' retrieved from /home/airflow/.local/lib/python3.12/site-packages/airflow/example_dags/example_workday_timetable.py
[2025-12-08T07:08:34.336+0000] {logging_mixin.py:190} INFO - [2025-12-08T07:08:34.336+0000] {dag.py:3211} INFO - Sync 1 DAGs
[2025-12-08T07:08:34.426+0000] {logging_mixin.py:190} INFO - [2025-12-08T07:08:34.426+0000] {dag.py:4138} INFO - Setting next_dagrun for example_workday_timetable to 2021-01-04 00:00:00+00:00, run_after=2021-01-05 00:00:00+00:00
[2025-12-08T07:08:34.454+0000] {processor.py:208} INFO - Processing /home/airflow/.local/lib/python3.12/site-packages/airflow/example_dags/example_workday_timetable.py took 0.205 seconds
[2025-12-08T07:09:05.315+0000] {processor.py:186} INFO - Started process (PID=266) to work on /home/airflow/.local/lib/python3.12/site-packages/airflow/example_dags/example_workday_timetable.py
[2025-12-08T07:09:05.318+0000] {processor.py:914} INFO - Processing file /home/airflow/.local/lib/python3.12/site-packages/airflow/example_dags/example_workday_timetable.py for tasks to queue
[2025-12-08T07:09:05.323+0000] {logging_mixin.py:190} INFO - [2025-12-08T07:09:05.323+0000] {dagbag.py:587} INFO - Filling up the DagBag from /home/airflow/.local/lib/python3.12/site-packages/airflow/example_dags/example_workday_timetable.py
[2025-12-08T07:09:05.331+0000] {processor.py:925} INFO - DAG(s) 'example_workday_timetable' retrieved from /home/airflow/.local/lib/python3.12/site-packages/airflow/example_dags/example_workday_timetable.py
[2025-12-08T07:09:05.354+0000] {logging_mixin.py:190} INFO - [2025-12-08T07:09:05.353+0000] {dag.py:3211} INFO - Sync 1 DAGs
[2025-12-08T07:09:05.415+0000] {logging_mixin.py:190} INFO - [2025-12-08T07:09:05.415+0000] {dag.py:4138} INFO - Setting next_dagrun for example_workday_timetable to 2021-01-04 00:00:00+00:00, run_after=2021-01-05 00:00:00+00:00
[2025-12-08T07:09:05.437+0000] {processor.py:208} INFO - Processing /home/airflow/.local/lib/python3.12/site-packages/airflow/example_dags/example_workday_timetable.py took 0.133 seconds
[2025-12-08T07:09:36.196+0000] {processor.py:186} INFO - Started process (PID=334) to work on /home/airflow/.local/lib/python3.12/site-packages/airflow/example_dags/example_workday_timetable.py
[2025-12-08T07:09:36.197+0000] {processor.py:914} INFO - Processing file /home/airflow/.local/lib/python3.12/site-packages/airflow/example_dags/example_workday_timetable.py for tasks to queue
[2025-12-08T07:09:36.201+0000] {logging_mixin.py:190} INFO - [2025-12-08T07:09:36.201+0000] {dagbag.py:587} INFO - Filling up the DagBag from /home/airflow/.local/lib/python3.12/site-packages/airflow/example_dags/example_workday_timetable.py
[2025-12-08T07:09:36.209+0000] {processor.py:925} INFO - DAG(s) 'example_workday_timetable' retrieved from /home/airflow/.local/lib/python3.12/site-packages/airflow/example_dags/example_workday_timetable.py
[2025-12-08T07:09:36.233+0000] {logging_mixin.py:190} INFO - [2025-12-08T07:09:36.233+0000] {dag.py:3211} INFO - Sync 1 DAGs
[2025-12-08T07:09:36.296+0000] {logging_mixin.py:190} INFO - [2025-12-08T07:09:36.296+0000] {dag.py:4138} INFO - Setting next_dagrun for example_workday_timetable to 2021-01-04 00:00:00+00:00, run_after=2021-01-05 00:00:00+00:00
[2025-12-08T07:09:36.324+0000] {processor.py:208} INFO - Processing /home/airflow/.local/lib/python3.12/site-packages/airflow/example_dags/example_workday_timetable.py took 0.135 seconds
[2025-12-08T07:10:07.042+0000] {processor.py:186} INFO - Started process (PID=396) to work on /home/airflow/.local/lib/python3.12/site-packages/airflow/example_dags/example_workday_timetable.py
[2025-12-08T07:10:07.044+0000] {processor.py:914} INFO - Processing file /home/airflow/.local/lib/python3.12/site-packages/airflow/example_dags/example_workday_timetable.py for tasks to queue
[2025-12-08T07:10:07.048+0000] {logging_mixin.py:190} INFO - [2025-12-08T07:10:07.048+0000] {dagbag.py:587} INFO - Filling up the DagBag from /home/airflow/.local/lib/python3.12/site-packages/airflow/example_dags/example_workday_timetable.py
[2025-12-08T07:10:07.054+0000] {processor.py:925} INFO - DAG(s) 'example_workday_timetable' retrieved from /home/airflow/.local/lib/python3.12/site-packages/airflow/example_dags/example_workday_timetable.py
[2025-12-08T07:10:07.079+0000] {logging_mixin.py:190} INFO - [2025-12-08T07:10:07.079+0000] {dag.py:3211} INFO - Sync 1 DAGs
[2025-12-08T07:10:07.133+0000] {logging_mixin.py:190} INFO - [2025-12-08T07:10:07.133+0000] {dag.py:4138} INFO - Setting next_dagrun for example_workday_timetable to 2021-01-04 00:00:00+00:00, run_after=2021-01-05 00:00:00+00:00
[2025-12-08T07:10:07.156+0000] {processor.py:208} INFO - Processing /home/airflow/.local/lib/python3.12/site-packages/airflow/example_dags/example_workday_timetable.py took 0.119 seconds
[2025-12-08T07:10:37.260+0000] {processor.py:186} INFO - Started process (PID=458) to work on /home/airflow/.local/lib/python3.12/site-packages/airflow/example_dags/example_workday_timetable.py
[2025-12-08T07:10:37.261+0000] {processor.py:914} INFO - Processing file /home/airflow/.local/lib/python3.12/site-packages/airflow/example_dags/example_workday_timetable.py for tasks to queue
[2025-12-08T07:10:37.266+0000] {logging_mixin.py:190} INFO - [2025-12-08T07:10:37.266+0000] {dagbag.py:587} INFO - Filling up the DagBag from /home/airflow/.local/lib/python3.12/site-packages/airflow/example_dags/example_workday_timetable.py
[2025-12-08T07:10:37.273+0000] {processor.py:925} INFO - DAG(s) 'example_workday_timetable' retrieved from /home/airflow/.local/lib/python3.12/site-packages/airflow/example_dags/example_workday_timetable.py
[2025-12-08T07:10:37.299+0000] {logging_mixin.py:190} INFO - [2025-12-08T07:10:37.299+0000] {dag.py:3211} INFO - Sync 1 DAGs
[2025-12-08T07:10:37.364+0000] {logging_mixin.py:190} INFO - [2025-12-08T07:10:37.364+0000] {dag.py:4138} INFO - Setting next_dagrun for example_workday_timetable to 2021-01-04 00:00:00+00:00, run_after=2021-01-05 00:00:00+00:00
[2025-12-08T07:10:37.388+0000] {processor.py:208} INFO - Processing /home/airflow/.local/lib/python3.12/site-packages/airflow/example_dags/example_workday_timetable.py took 0.135 seconds
[2025-12-08T07:11:07.585+0000] {processor.py:186} INFO - Started process (PID=520) to work on /home/airflow/.local/lib/python3.12/site-packages/airflow/example_dags/example_workday_timetable.py
[2025-12-08T07:11:07.587+0000] {processor.py:914} INFO - Processing file /home/airflow/.local/lib/python3.12/site-packages/airflow/example_dags/example_workday_timetable.py for tasks to queue
[2025-12-08T07:11:07.590+0000] {logging_mixin.py:190} INFO - [2025-12-08T07:11:07.589+0000] {dagbag.py:587} INFO - Filling up the DagBag from /home/airflow/.local/lib/python3.12/site-packages/airflow/example_dags/example_workday_timetable.py
[2025-12-08T07:11:07.596+0000] {processor.py:925} INFO - DAG(s) 'example_workday_timetable' retrieved from /home/airflow/.local/lib/python3.12/site-packages/airflow/example_dags/example_workday_timetable.py
[2025-12-08T07:11:07.618+0000] {logging_mixin.py:190} INFO - [2025-12-08T07:11:07.618+0000] {dag.py:3211} INFO - Sync 1 DAGs
[2025-12-08T07:11:07.669+0000] {logging_mixin.py:190} INFO - [2025-12-08T07:11:07.668+0000] {dag.py:4138} INFO - Setting next_dagrun for example_workday_timetable to 2021-01-04 00:00:00+00:00, run_after=2021-01-05 00:00:00+00:00
[2025-12-08T07:11:07.692+0000] {processor.py:208} INFO - Processing /home/airflow/.local/lib/python3.12/site-packages/airflow/example_dags/example_workday_timetable.py took 0.111 seconds
[2025-12-08T07:11:37.827+0000] {processor.py:186} INFO - Started process (PID=582) to work on /home/airflow/.local/lib/python3.12/site-packages/airflow/example_dags/example_workday_timetable.py
[2025-12-08T07:11:37.830+0000] {processor.py:914} INFO - Processing file /home/airflow/.local/lib/python3.12/site-packages/airflow/example_dags/example_workday_timetable.py for tasks to queue
[2025-12-08T07:11:37.835+0000] {logging_mixin.py:190} INFO - [2025-12-08T07:11:37.834+0000] {dagbag.py:587} INFO - Filling up the DagBag from /home/airflow/.local/lib/python3.12/site-packages/airflow/example_dags/example_workday_timetable.py
[2025-12-08T07:11:37.843+0000] {processor.py:925} INFO - DAG(s) 'example_workday_timetable' retrieved from /home/airflow/.local/lib/python3.12/site-packages/airflow/example_dags/example_workday_timetable.py
[2025-12-08T07:11:37.872+0000] {logging_mixin.py:190} INFO - [2025-12-08T07:11:37.871+0000] {dag.py:3211} INFO - Sync 1 DAGs
[2025-12-08T07:11:37.936+0000] {logging_mixin.py:190} INFO - [2025-12-08T07:11:37.936+0000] {dag.py:4138} INFO - Setting next_dagrun for example_workday_timetable to 2021-01-04 00:00:00+00:00, run_after=2021-01-05 00:00:00+00:00
[2025-12-08T07:11:37.962+0000] {processor.py:208} INFO - Processing /home/airflow/.local/lib/python3.12/site-packages/airflow/example_dags/example_workday_timetable.py took 0.143 seconds
[2025-12-08T07:12:08.159+0000] {processor.py:186} INFO - Started process (PID=644) to work on /home/airflow/.local/lib/python3.12/site-packages/airflow/example_dags/example_workday_timetable.py
[2025-12-08T07:12:08.160+0000] {processor.py:914} INFO - Processing file /home/airflow/.local/lib/python3.12/site-packages/airflow/example_dags/example_workday_timetable.py for tasks to queue
[2025-12-08T07:12:08.164+0000] {logging_mixin.py:190} INFO - [2025-12-08T07:12:08.164+0000] {dagbag.py:587} INFO - Filling up the DagBag from /home/airflow/.local/lib/python3.12/site-packages/airflow/example_dags/example_workday_timetable.py
[2025-12-08T07:12:08.171+0000] {processor.py:925} INFO - DAG(s) 'example_workday_timetable' retrieved from /home/airflow/.local/lib/python3.12/site-packages/airflow/example_dags/example_workday_timetable.py
[2025-12-08T07:12:08.197+0000] {logging_mixin.py:190} INFO - [2025-12-08T07:12:08.196+0000] {dag.py:3211} INFO - Sync 1 DAGs
[2025-12-08T07:12:08.257+0000] {logging_mixin.py:190} INFO - [2025-12-08T07:12:08.256+0000] {dag.py:4138} INFO - Setting next_dagrun for example_workday_timetable to 2021-01-04 00:00:00+00:00, run_after=2021-01-05 00:00:00+00:00
[2025-12-08T07:12:08.278+0000] {processor.py:208} INFO - Processing /home/airflow/.local/lib/python3.12/site-packages/airflow/example_dags/example_workday_timetable.py took 0.127 seconds
[2025-12-08T07:12:38.486+0000] {processor.py:186} INFO - Started process (PID=707) to work on /home/airflow/.local/lib/python3.12/site-packages/airflow/example_dags/example_workday_timetable.py
[2025-12-08T07:12:38.488+0000] {processor.py:914} INFO - Processing file /home/airflow/.local/lib/python3.12/site-packages/airflow/example_dags/example_workday_timetable.py for tasks to queue
[2025-12-08T07:12:38.491+0000] {logging_mixin.py:190} INFO - [2025-12-08T07:12:38.491+0000] {dagbag.py:587} INFO - Filling up the DagBag from /home/airflow/.local/lib/python3.12/site-packages/airflow/example_dags/example_workday_timetable.py
[2025-12-08T07:12:38.497+0000] {processor.py:925} INFO - DAG(s) 'example_workday_timetable' retrieved from /home/airflow/.local/lib/python3.12/site-packages/airflow/example_dags/example_workday_timetable.py
[2025-12-08T07:12:38.521+0000] {logging_mixin.py:190} INFO - [2025-12-08T07:12:38.520+0000] {dag.py:3211} INFO - Sync 1 DAGs
[2025-12-08T07:12:38.581+0000] {logging_mixin.py:190} INFO - [2025-12-08T07:12:38.580+0000] {dag.py:4138} INFO - Setting next_dagrun for example_workday_timetable to 2021-01-04 00:00:00+00:00, run_after=2021-01-05 00:00:00+00:00
[2025-12-08T07:12:38.603+0000] {processor.py:208} INFO - Processing /home/airflow/.local/lib/python3.12/site-packages/airflow/example_dags/example_workday_timetable.py took 0.123 seconds
[2025-12-08T07:13:09.415+0000] {processor.py:186} INFO - Started process (PID=769) to work on /home/airflow/.local/lib/python3.12/site-packages/airflow/example_dags/example_workday_timetable.py
[2025-12-08T07:13:09.417+0000] {processor.py:914} INFO - Processing file /home/airflow/.local/lib/python3.12/site-packages/airflow/example_dags/example_workday_timetable.py for tasks to queue
[2025-12-08T07:13:09.423+0000] {logging_mixin.py:190} INFO - [2025-12-08T07:13:09.422+0000] {dagbag.py:587} INFO - Filling up the DagBag from /home/airflow/.local/lib/python3.12/site-packages/airflow/example_dags/example_workday_timetable.py
[2025-12-08T07:13:09.431+0000] {processor.py:925} INFO - DAG(s) 'example_workday_timetable' retrieved from /home/airflow/.local/lib/python3.12/site-packages/airflow/example_dags/example_workday_timetable.py
[2025-12-08T07:13:09.461+0000] {logging_mixin.py:190} INFO - [2025-12-08T07:13:09.461+0000] {dag.py:3211} INFO - Sync 1 DAGs
[2025-12-08T07:13:09.530+0000] {logging_mixin.py:190} INFO - [2025-12-08T07:13:09.530+0000] {dag.py:4138} INFO - Setting next_dagrun for example_workday_timetable to 2021-01-04 00:00:00+00:00, run_after=2021-01-05 00:00:00+00:00
[2025-12-08T07:13:09.557+0000] {processor.py:208} INFO - Processing /home/airflow/.local/lib/python3.12/site-packages/airflow/example_dags/example_workday_timetable.py took 0.152 seconds
[2025-12-08T07:13:39.898+0000] {processor.py:186} INFO - Started process (PID=831) to work on /home/airflow/.local/lib/python3.12/site-packages/airflow/example_dags/example_workday_timetable.py
[2025-12-08T07:13:39.901+0000] {processor.py:914} INFO - Processing file /home/airflow/.local/lib/python3.12/site-packages/airflow/example_dags/example_workday_timetable.py for tasks to queue
[2025-12-08T07:13:39.907+0000] {logging_mixin.py:190} INFO - [2025-12-08T07:13:39.907+0000] {dagbag.py:587} INFO - Filling up the DagBag from /home/airflow/.local/lib/python3.12/site-packages/airflow/example_dags/example_workday_timetable.py
[2025-12-08T07:13:39.914+0000] {processor.py:925} INFO - DAG(s) 'example_workday_timetable' retrieved from /home/airflow/.local/lib/python3.12/site-packages/airflow/example_dags/example_workday_timetable.py
[2025-12-08T07:13:39.937+0000] {logging_mixin.py:190} INFO - [2025-12-08T07:13:39.937+0000] {dag.py:3211} INFO - Sync 1 DAGs
[2025-12-08T07:13:39.988+0000] {logging_mixin.py:190} INFO - [2025-12-08T07:13:39.988+0000] {dag.py:4138} INFO - Setting next_dagrun for example_workday_timetable to 2021-01-04 00:00:00+00:00, run_after=2021-01-05 00:00:00+00:00
[2025-12-08T07:13:40.011+0000] {processor.py:208} INFO - Processing /home/airflow/.local/lib/python3.12/site-packages/airflow/example_dags/example_workday_timetable.py took 0.127 seconds
[2025-12-08T07:14:10.385+0000] {processor.py:186} INFO - Started process (PID=893) to work on /home/airflow/.local/lib/python3.12/site-packages/airflow/example_dags/example_workday_timetable.py
[2025-12-08T07:14:10.387+0000] {processor.py:914} INFO - Processing file /home/airflow/.local/lib/python3.12/site-packages/airflow/example_dags/example_workday_timetable.py for tasks to queue
[2025-12-08T07:14:10.391+0000] {logging_mixin.py:190} INFO - [2025-12-08T07:14:10.390+0000] {dagbag.py:587} INFO - Filling up the DagBag from /home/airflow/.local/lib/python3.12/site-packages/airflow/example_dags/example_workday_timetable.py
[2025-12-08T07:14:10.400+0000] {processor.py:925} INFO - DAG(s) 'example_workday_timetable' retrieved from /home/airflow/.local/lib/python3.12/site-packages/airflow/example_dags/example_workday_timetable.py
[2025-12-08T07:14:10.430+0000] {logging_mixin.py:190} INFO - [2025-12-08T07:14:10.429+0000] {dag.py:3211} INFO - Sync 1 DAGs
[2025-12-08T07:14:10.486+0000] {logging_mixin.py:190} INFO - [2025-12-08T07:14:10.486+0000] {dag.py:4138} INFO - Setting next_dagrun for example_workday_timetable to 2021-01-04 00:00:00+00:00, run_after=2021-01-05 00:00:00+00:00
[2025-12-08T07:14:10.509+0000] {processor.py:208} INFO - Processing /home/airflow/.local/lib/python3.12/site-packages/airflow/example_dags/example_workday_timetable.py took 0.130 seconds
[2025-12-08T07:14:40.786+0000] {processor.py:186} INFO - Started process (PID=955) to work on /home/airflow/.local/lib/python3.12/site-packages/airflow/example_dags/example_workday_timetable.py
[2025-12-08T07:14:40.788+0000] {processor.py:914} INFO - Processing file /home/airflow/.local/lib/python3.12/site-packages/airflow/example_dags/example_workday_timetable.py for tasks to queue
[2025-12-08T07:14:40.791+0000] {logging_mixin.py:190} INFO - [2025-12-08T07:14:40.791+0000] {dagbag.py:587} INFO - Filling up the DagBag from /home/airflow/.local/lib/python3.12/site-packages/airflow/example_dags/example_workday_timetable.py
[2025-12-08T07:14:40.798+0000] {processor.py:925} INFO - DAG(s) 'example_workday_timetable' retrieved from /home/airflow/.local/lib/python3.12/site-packages/airflow/example_dags/example_workday_timetable.py
[2025-12-08T07:14:40.822+0000] {logging_mixin.py:190} INFO - [2025-12-08T07:14:40.822+0000] {dag.py:3211} INFO - Sync 1 DAGs
[2025-12-08T07:14:40.879+0000] {logging_mixin.py:190} INFO - [2025-12-08T07:14:40.879+0000] {dag.py:4138} INFO - Setting next_dagrun for example_workday_timetable to 2021-01-04 00:00:00+00:00, run_after=2021-01-05 00:00:00+00:00
[2025-12-08T07:14:40.900+0000] {processor.py:208} INFO - Processing /home/airflow/.local/lib/python3.12/site-packages/airflow/example_dags/example_workday_timetable.py took 0.120 seconds
[2025-12-08T07:15:10.972+0000] {processor.py:186} INFO - Started process (PID=1018) to work on /home/airflow/.local/lib/python3.12/site-packages/airflow/example_dags/example_workday_timetable.py
[2025-12-08T07:15:10.973+0000] {processor.py:914} INFO - Processing file /home/airflow/.local/lib/python3.12/site-packages/airflow/example_dags/example_workday_timetable.py for tasks to queue
[2025-12-08T07:15:10.978+0000] {logging_mixin.py:190} INFO - [2025-12-08T07:15:10.977+0000] {dagbag.py:587} INFO - Filling up the DagBag from /home/airflow/.local/lib/python3.12/site-packages/airflow/example_dags/example_workday_timetable.py
[2025-12-08T07:15:10.986+0000] {processor.py:925} INFO - DAG(s) 'example_workday_timetable' retrieved from /home/airflow/.local/lib/python3.12/site-packages/airflow/example_dags/example_workday_timetable.py
[2025-12-08T07:15:11.009+0000] {logging_mixin.py:190} INFO - [2025-12-08T07:15:11.008+0000] {dag.py:3211} INFO - Sync 1 DAGs
[2025-12-08T07:15:11.077+0000] {logging_mixin.py:190} INFO - [2025-12-08T07:15:11.076+0000] {dag.py:4138} INFO - Setting next_dagrun for example_workday_timetable to 2021-01-04 00:00:00+00:00, run_after=2021-01-05 00:00:00+00:00
[2025-12-08T07:15:11.104+0000] {processor.py:208} INFO - Processing /home/airflow/.local/lib/python3.12/site-packages/airflow/example_dags/example_workday_timetable.py took 0.138 seconds
[2025-12-08T07:15:41.984+0000] {processor.py:186} INFO - Started process (PID=1079) to work on /home/airflow/.local/lib/python3.12/site-packages/airflow/example_dags/example_workday_timetable.py
[2025-12-08T07:15:41.987+0000] {processor.py:914} INFO - Processing file /home/airflow/.local/lib/python3.12/site-packages/airflow/example_dags/example_workday_timetable.py for tasks to queue
[2025-12-08T07:15:41.994+0000] {logging_mixin.py:190} INFO - [2025-12-08T07:15:41.994+0000] {dagbag.py:587} INFO - Filling up the DagBag from /home/airflow/.local/lib/python3.12/site-packages/airflow/example_dags/example_workday_timetable.py
[2025-12-08T07:15:42.005+0000] {processor.py:925} INFO - DAG(s) 'example_workday_timetable' retrieved from /home/airflow/.local/lib/python3.12/site-packages/airflow/example_dags/example_workday_timetable.py
[2025-12-08T07:15:42.058+0000] {logging_mixin.py:190} INFO - [2025-12-08T07:15:42.057+0000] {dag.py:3211} INFO - Sync 1 DAGs
[2025-12-08T07:15:42.219+0000] {logging_mixin.py:190} INFO - [2025-12-08T07:15:42.219+0000] {dag.py:4138} INFO - Setting next_dagrun for example_workday_timetable to 2021-01-04 00:00:00+00:00, run_after=2021-01-05 00:00:00+00:00
[2025-12-08T07:15:42.273+0000] {processor.py:208} INFO - Processing /home/airflow/.local/lib/python3.12/site-packages/airflow/example_dags/example_workday_timetable.py took 0.306 seconds
[2025-12-08T07:16:12.960+0000] {processor.py:186} INFO - Started process (PID=1141) to work on /home/airflow/.local/lib/python3.12/site-packages/airflow/example_dags/example_workday_timetable.py
[2025-12-08T07:16:12.964+0000] {processor.py:914} INFO - Processing file /home/airflow/.local/lib/python3.12/site-packages/airflow/example_dags/example_workday_timetable.py for tasks to queue
[2025-12-08T07:16:12.973+0000] {logging_mixin.py:190} INFO - [2025-12-08T07:16:12.972+0000] {dagbag.py:587} INFO - Filling up the DagBag from /home/airflow/.local/lib/python3.12/site-packages/airflow/example_dags/example_workday_timetable.py
[2025-12-08T07:16:12.991+0000] {processor.py:925} INFO - DAG(s) 'example_workday_timetable' retrieved from /home/airflow/.local/lib/python3.12/site-packages/airflow/example_dags/example_workday_timetable.py
[2025-12-08T07:16:13.046+0000] {logging_mixin.py:190} INFO - [2025-12-08T07:16:13.046+0000] {dag.py:3211} INFO - Sync 1 DAGs
[2025-12-08T07:16:13.266+0000] {logging_mixin.py:190} INFO - [2025-12-08T07:16:13.265+0000] {dag.py:4138} INFO - Setting next_dagrun for example_workday_timetable to 2021-01-04 00:00:00+00:00, run_after=2021-01-05 00:00:00+00:00
[2025-12-08T07:16:13.323+0000] {processor.py:208} INFO - Processing /home/airflow/.local/lib/python3.12/site-packages/airflow/example_dags/example_workday_timetable.py took 0.379 seconds
[2025-12-08T07:16:43.744+0000] {processor.py:186} INFO - Started process (PID=1203) to work on /home/airflow/.local/lib/python3.12/site-packages/airflow/example_dags/example_workday_timetable.py
[2025-12-08T07:16:43.747+0000] {processor.py:914} INFO - Processing file /home/airflow/.local/lib/python3.12/site-packages/airflow/example_dags/example_workday_timetable.py for tasks to queue
[2025-12-08T07:16:43.756+0000] {logging_mixin.py:190} INFO - [2025-12-08T07:16:43.755+0000] {dagbag.py:587} INFO - Filling up the DagBag from /home/airflow/.local/lib/python3.12/site-packages/airflow/example_dags/example_workday_timetable.py
[2025-12-08T07:16:43.767+0000] {processor.py:925} INFO - DAG(s) 'example_workday_timetable' retrieved from /home/airflow/.local/lib/python3.12/site-packages/airflow/example_dags/example_workday_timetable.py
[2025-12-08T07:16:43.812+0000] {logging_mixin.py:190} INFO - [2025-12-08T07:16:43.812+0000] {dag.py:3211} INFO - Sync 1 DAGs
[2025-12-08T07:16:43.919+0000] {logging_mixin.py:190} INFO - [2025-12-08T07:16:43.918+0000] {dag.py:4138} INFO - Setting next_dagrun for example_workday_timetable to 2021-01-04 00:00:00+00:00, run_after=2021-01-05 00:00:00+00:00
[2025-12-08T07:16:43.956+0000] {processor.py:208} INFO - Processing /home/airflow/.local/lib/python3.12/site-packages/airflow/example_dags/example_workday_timetable.py took 0.225 seconds
[2025-12-08T07:17:14.619+0000] {processor.py:186} INFO - Started process (PID=1265) to work on /home/airflow/.local/lib/python3.12/site-packages/airflow/example_dags/example_workday_timetable.py
[2025-12-08T07:17:14.622+0000] {processor.py:914} INFO - Processing file /home/airflow/.local/lib/python3.12/site-packages/airflow/example_dags/example_workday_timetable.py for tasks to queue
[2025-12-08T07:17:14.631+0000] {logging_mixin.py:190} INFO - [2025-12-08T07:17:14.631+0000] {dagbag.py:587} INFO - Filling up the DagBag from /home/airflow/.local/lib/python3.12/site-packages/airflow/example_dags/example_workday_timetable.py
[2025-12-08T07:17:14.642+0000] {processor.py:925} INFO - DAG(s) 'example_workday_timetable' retrieved from /home/airflow/.local/lib/python3.12/site-packages/airflow/example_dags/example_workday_timetable.py
[2025-12-08T07:17:14.690+0000] {logging_mixin.py:190} INFO - [2025-12-08T07:17:14.689+0000] {dag.py:3211} INFO - Sync 1 DAGs
[2025-12-08T07:17:14.810+0000] {logging_mixin.py:190} INFO - [2025-12-08T07:17:14.810+0000] {dag.py:4138} INFO - Setting next_dagrun for example_workday_timetable to 2021-01-04 00:00:00+00:00, run_after=2021-01-05 00:00:00+00:00
[2025-12-08T07:17:14.853+0000] {processor.py:208} INFO - Processing /home/airflow/.local/lib/python3.12/site-packages/airflow/example_dags/example_workday_timetable.py took 0.242 seconds
[2025-12-08T07:17:44.982+0000] {processor.py:186} INFO - Started process (PID=1327) to work on /home/airflow/.local/lib/python3.12/site-packages/airflow/example_dags/example_workday_timetable.py
[2025-12-08T07:17:44.986+0000] {processor.py:914} INFO - Processing file /home/airflow/.local/lib/python3.12/site-packages/airflow/example_dags/example_workday_timetable.py for tasks to queue
[2025-12-08T07:17:44.993+0000] {logging_mixin.py:190} INFO - [2025-12-08T07:17:44.992+0000] {dagbag.py:587} INFO - Filling up the DagBag from /home/airflow/.local/lib/python3.12/site-packages/airflow/example_dags/example_workday_timetable.py
[2025-12-08T07:17:45.005+0000] {processor.py:925} INFO - DAG(s) 'example_workday_timetable' retrieved from /home/airflow/.local/lib/python3.12/site-packages/airflow/example_dags/example_workday_timetable.py
[2025-12-08T07:17:45.042+0000] {logging_mixin.py:190} INFO - [2025-12-08T07:17:45.042+0000] {dag.py:3211} INFO - Sync 1 DAGs
[2025-12-08T07:17:45.143+0000] {logging_mixin.py:190} INFO - [2025-12-08T07:17:45.142+0000] {dag.py:4138} INFO - Setting next_dagrun for example_workday_timetable to 2021-01-04 00:00:00+00:00, run_after=2021-01-05 00:00:00+00:00
[2025-12-08T07:17:45.180+0000] {processor.py:208} INFO - Processing /home/airflow/.local/lib/python3.12/site-packages/airflow/example_dags/example_workday_timetable.py took 0.208 seconds
[2025-12-08T07:18:15.447+0000] {processor.py:186} INFO - Started process (PID=1389) to work on /home/airflow/.local/lib/python3.12/site-packages/airflow/example_dags/example_workday_timetable.py
[2025-12-08T07:18:15.449+0000] {processor.py:914} INFO - Processing file /home/airflow/.local/lib/python3.12/site-packages/airflow/example_dags/example_workday_timetable.py for tasks to queue
[2025-12-08T07:18:15.456+0000] {logging_mixin.py:190} INFO - [2025-12-08T07:18:15.455+0000] {dagbag.py:587} INFO - Filling up the DagBag from /home/airflow/.local/lib/python3.12/site-packages/airflow/example_dags/example_workday_timetable.py
[2025-12-08T07:18:15.471+0000] {processor.py:925} INFO - DAG(s) 'example_workday_timetable' retrieved from /home/airflow/.local/lib/python3.12/site-packages/airflow/example_dags/example_workday_timetable.py
[2025-12-08T07:18:15.512+0000] {logging_mixin.py:190} INFO - [2025-12-08T07:18:15.511+0000] {dag.py:3211} INFO - Sync 1 DAGs
[2025-12-08T07:18:15.632+0000] {logging_mixin.py:190} INFO - [2025-12-08T07:18:15.632+0000] {dag.py:4138} INFO - Setting next_dagrun for example_workday_timetable to 2021-01-04 00:00:00+00:00, run_after=2021-01-05 00:00:00+00:00
[2025-12-08T07:18:15.672+0000] {processor.py:208} INFO - Processing /home/airflow/.local/lib/python3.12/site-packages/airflow/example_dags/example_workday_timetable.py took 0.234 seconds
[2025-12-08T07:18:45.896+0000] {processor.py:186} INFO - Started process (PID=1451) to work on /home/airflow/.local/lib/python3.12/site-packages/airflow/example_dags/example_workday_timetable.py
[2025-12-08T07:18:45.899+0000] {processor.py:914} INFO - Processing file /home/airflow/.local/lib/python3.12/site-packages/airflow/example_dags/example_workday_timetable.py for tasks to queue
[2025-12-08T07:18:45.907+0000] {logging_mixin.py:190} INFO - [2025-12-08T07:18:45.906+0000] {dagbag.py:587} INFO - Filling up the DagBag from /home/airflow/.local/lib/python3.12/site-packages/airflow/example_dags/example_workday_timetable.py
[2025-12-08T07:18:45.918+0000] {processor.py:925} INFO - DAG(s) 'example_workday_timetable' retrieved from /home/airflow/.local/lib/python3.12/site-packages/airflow/example_dags/example_workday_timetable.py
[2025-12-08T07:18:45.972+0000] {logging_mixin.py:190} INFO - [2025-12-08T07:18:45.972+0000] {dag.py:3211} INFO - Sync 1 DAGs
[2025-12-08T07:18:46.123+0000] {logging_mixin.py:190} INFO - [2025-12-08T07:18:46.122+0000] {dag.py:4138} INFO - Setting next_dagrun for example_workday_timetable to 2021-01-04 00:00:00+00:00, run_after=2021-01-05 00:00:00+00:00
[2025-12-08T07:18:46.186+0000] {processor.py:208} INFO - Processing /home/airflow/.local/lib/python3.12/site-packages/airflow/example_dags/example_workday_timetable.py took 0.302 seconds
[2025-12-08T07:19:16.700+0000] {processor.py:186} INFO - Started process (PID=1513) to work on /home/airflow/.local/lib/python3.12/site-packages/airflow/example_dags/example_workday_timetable.py
[2025-12-08T07:19:16.704+0000] {processor.py:914} INFO - Processing file /home/airflow/.local/lib/python3.12/site-packages/airflow/example_dags/example_workday_timetable.py for tasks to queue
[2025-12-08T07:19:16.712+0000] {logging_mixin.py:190} INFO - [2025-12-08T07:19:16.712+0000] {dagbag.py:587} INFO - Filling up the DagBag from /home/airflow/.local/lib/python3.12/site-packages/airflow/example_dags/example_workday_timetable.py
[2025-12-08T07:19:16.727+0000] {processor.py:925} INFO - DAG(s) 'example_workday_timetable' retrieved from /home/airflow/.local/lib/python3.12/site-packages/airflow/example_dags/example_workday_timetable.py
[2025-12-08T07:19:16.779+0000] {logging_mixin.py:190} INFO - [2025-12-08T07:19:16.778+0000] {dag.py:3211} INFO - Sync 1 DAGs
[2025-12-08T07:19:16.887+0000] {logging_mixin.py:190} INFO - [2025-12-08T07:19:16.887+0000] {dag.py:4138} INFO - Setting next_dagrun for example_workday_timetable to 2021-01-04 00:00:00+00:00, run_after=2021-01-05 00:00:00+00:00
[2025-12-08T07:19:16.927+0000] {processor.py:208} INFO - Processing /home/airflow/.local/lib/python3.12/site-packages/airflow/example_dags/example_workday_timetable.py took 0.237 seconds
[2025-12-08T07:19:47.207+0000] {processor.py:186} INFO - Started process (PID=1575) to work on /home/airflow/.local/lib/python3.12/site-packages/airflow/example_dags/example_workday_timetable.py
[2025-12-08T07:19:47.210+0000] {processor.py:914} INFO - Processing file /home/airflow/.local/lib/python3.12/site-packages/airflow/example_dags/example_workday_timetable.py for tasks to queue
[2025-12-08T07:19:47.215+0000] {logging_mixin.py:190} INFO - [2025-12-08T07:19:47.214+0000] {dagbag.py:587} INFO - Filling up the DagBag from /home/airflow/.local/lib/python3.12/site-packages/airflow/example_dags/example_workday_timetable.py
[2025-12-08T07:19:47.225+0000] {processor.py:925} INFO - DAG(s) 'example_workday_timetable' retrieved from /home/airflow/.local/lib/python3.12/site-packages/airflow/example_dags/example_workday_timetable.py
[2025-12-08T07:19:47.267+0000] {logging_mixin.py:190} INFO - [2025-12-08T07:19:47.266+0000] {dag.py:3211} INFO - Sync 1 DAGs
[2025-12-08T07:19:47.362+0000] {logging_mixin.py:190} INFO - [2025-12-08T07:19:47.361+0000] {dag.py:4138} INFO - Setting next_dagrun for example_workday_timetable to 2021-01-04 00:00:00+00:00, run_after=2021-01-05 00:00:00+00:00
[2025-12-08T07:19:47.395+0000] {processor.py:208} INFO - Processing /home/airflow/.local/lib/python3.12/site-packages/airflow/example_dags/example_workday_timetable.py took 0.197 seconds
[2025-12-08T07:20:17.628+0000] {processor.py:186} INFO - Started process (PID=1638) to work on /home/airflow/.local/lib/python3.12/site-packages/airflow/example_dags/example_workday_timetable.py
[2025-12-08T07:20:17.630+0000] {processor.py:914} INFO - Processing file /home/airflow/.local/lib/python3.12/site-packages/airflow/example_dags/example_workday_timetable.py for tasks to queue
[2025-12-08T07:20:17.635+0000] {logging_mixin.py:190} INFO - [2025-12-08T07:20:17.635+0000] {dagbag.py:587} INFO - Filling up the DagBag from /home/airflow/.local/lib/python3.12/site-packages/airflow/example_dags/example_workday_timetable.py
[2025-12-08T07:20:17.650+0000] {processor.py:925} INFO - DAG(s) 'example_workday_timetable' retrieved from /home/airflow/.local/lib/python3.12/site-packages/airflow/example_dags/example_workday_timetable.py
[2025-12-08T07:20:17.692+0000] {logging_mixin.py:190} INFO - [2025-12-08T07:20:17.692+0000] {dag.py:3211} INFO - Sync 1 DAGs
[2025-12-08T07:20:17.804+0000] {logging_mixin.py:190} INFO - [2025-12-08T07:20:17.804+0000] {dag.py:4138} INFO - Setting next_dagrun for example_workday_timetable to 2021-01-04 00:00:00+00:00, run_after=2021-01-05 00:00:00+00:00
[2025-12-08T07:20:17.851+0000] {processor.py:208} INFO - Processing /home/airflow/.local/lib/python3.12/site-packages/airflow/example_dags/example_workday_timetable.py took 0.235 seconds
[2025-12-08T07:20:48.098+0000] {processor.py:186} INFO - Started process (PID=1700) to work on /home/airflow/.local/lib/python3.12/site-packages/airflow/example_dags/example_workday_timetable.py
[2025-12-08T07:20:48.101+0000] {processor.py:914} INFO - Processing file /home/airflow/.local/lib/python3.12/site-packages/airflow/example_dags/example_workday_timetable.py for tasks to queue
[2025-12-08T07:20:48.108+0000] {logging_mixin.py:190} INFO - [2025-12-08T07:20:48.107+0000] {dagbag.py:587} INFO - Filling up the DagBag from /home/airflow/.local/lib/python3.12/site-packages/airflow/example_dags/example_workday_timetable.py
[2025-12-08T07:20:48.119+0000] {processor.py:925} INFO - DAG(s) 'example_workday_timetable' retrieved from /home/airflow/.local/lib/python3.12/site-packages/airflow/example_dags/example_workday_timetable.py
[2025-12-08T07:20:48.167+0000] {logging_mixin.py:190} INFO - [2025-12-08T07:20:48.166+0000] {dag.py:3211} INFO - Sync 1 DAGs
[2025-12-08T07:20:48.331+0000] {logging_mixin.py:190} INFO - [2025-12-08T07:20:48.330+0000] {dag.py:4138} INFO - Setting next_dagrun for example_workday_timetable to 2021-01-04 00:00:00+00:00, run_after=2021-01-05 00:00:00+00:00
[2025-12-08T07:20:48.386+0000] {processor.py:208} INFO - Processing /home/airflow/.local/lib/python3.12/site-packages/airflow/example_dags/example_workday_timetable.py took 0.298 seconds
[2025-12-08T07:21:19.295+0000] {processor.py:186} INFO - Started process (PID=1762) to work on /home/airflow/.local/lib/python3.12/site-packages/airflow/example_dags/example_workday_timetable.py
[2025-12-08T07:21:19.298+0000] {processor.py:914} INFO - Processing file /home/airflow/.local/lib/python3.12/site-packages/airflow/example_dags/example_workday_timetable.py for tasks to queue
[2025-12-08T07:21:19.306+0000] {logging_mixin.py:190} INFO - [2025-12-08T07:21:19.305+0000] {dagbag.py:587} INFO - Filling up the DagBag from /home/airflow/.local/lib/python3.12/site-packages/airflow/example_dags/example_workday_timetable.py
[2025-12-08T07:21:19.320+0000] {processor.py:925} INFO - DAG(s) 'example_workday_timetable' retrieved from /home/airflow/.local/lib/python3.12/site-packages/airflow/example_dags/example_workday_timetable.py
[2025-12-08T07:21:19.365+0000] {logging_mixin.py:190} INFO - [2025-12-08T07:21:19.365+0000] {dag.py:3211} INFO - Sync 1 DAGs
[2025-12-08T07:21:19.510+0000] {logging_mixin.py:190} INFO - [2025-12-08T07:21:19.509+0000] {dag.py:4138} INFO - Setting next_dagrun for example_workday_timetable to 2021-01-04 00:00:00+00:00, run_after=2021-01-05 00:00:00+00:00
[2025-12-08T07:21:19.563+0000] {processor.py:208} INFO - Processing /home/airflow/.local/lib/python3.12/site-packages/airflow/example_dags/example_workday_timetable.py took 0.284 seconds
[2025-12-08T07:21:49.895+0000] {processor.py:186} INFO - Started process (PID=1824) to work on /home/airflow/.local/lib/python3.12/site-packages/airflow/example_dags/example_workday_timetable.py
[2025-12-08T07:21:49.898+0000] {processor.py:914} INFO - Processing file /home/airflow/.local/lib/python3.12/site-packages/airflow/example_dags/example_workday_timetable.py for tasks to queue
[2025-12-08T07:21:49.908+0000] {logging_mixin.py:190} INFO - [2025-12-08T07:21:49.907+0000] {dagbag.py:587} INFO - Filling up the DagBag from /home/airflow/.local/lib/python3.12/site-packages/airflow/example_dags/example_workday_timetable.py
[2025-12-08T07:21:49.928+0000] {processor.py:925} INFO - DAG(s) 'example_workday_timetable' retrieved from /home/airflow/.local/lib/python3.12/site-packages/airflow/example_dags/example_workday_timetable.py
[2025-12-08T07:21:49.973+0000] {logging_mixin.py:190} INFO - [2025-12-08T07:21:49.972+0000] {dag.py:3211} INFO - Sync 1 DAGs
[2025-12-08T07:21:50.079+0000] {logging_mixin.py:190} INFO - [2025-12-08T07:21:50.079+0000] {dag.py:4138} INFO - Setting next_dagrun for example_workday_timetable to 2021-01-04 00:00:00+00:00, run_after=2021-01-05 00:00:00+00:00
[2025-12-08T07:21:50.129+0000] {processor.py:208} INFO - Processing /home/airflow/.local/lib/python3.12/site-packages/airflow/example_dags/example_workday_timetable.py took 0.264 seconds
[2025-12-08T07:22:20.427+0000] {processor.py:186} INFO - Started process (PID=1886) to work on /home/airflow/.local/lib/python3.12/site-packages/airflow/example_dags/example_workday_timetable.py
[2025-12-08T07:22:20.430+0000] {processor.py:914} INFO - Processing file /home/airflow/.local/lib/python3.12/site-packages/airflow/example_dags/example_workday_timetable.py for tasks to queue
[2025-12-08T07:22:20.437+0000] {logging_mixin.py:190} INFO - [2025-12-08T07:22:20.437+0000] {dagbag.py:587} INFO - Filling up the DagBag from /home/airflow/.local/lib/python3.12/site-packages/airflow/example_dags/example_workday_timetable.py
[2025-12-08T07:22:20.447+0000] {processor.py:925} INFO - DAG(s) 'example_workday_timetable' retrieved from /home/airflow/.local/lib/python3.12/site-packages/airflow/example_dags/example_workday_timetable.py
[2025-12-08T07:22:20.484+0000] {logging_mixin.py:190} INFO - [2025-12-08T07:22:20.484+0000] {dag.py:3211} INFO - Sync 1 DAGs
[2025-12-08T07:22:20.582+0000] {logging_mixin.py:190} INFO - [2025-12-08T07:22:20.582+0000] {dag.py:4138} INFO - Setting next_dagrun for example_workday_timetable to 2021-01-04 00:00:00+00:00, run_after=2021-01-05 00:00:00+00:00
[2025-12-08T07:22:20.620+0000] {processor.py:208} INFO - Processing /home/airflow/.local/lib/python3.12/site-packages/airflow/example_dags/example_workday_timetable.py took 0.204 seconds
[2025-12-08T07:22:50.757+0000] {processor.py:186} INFO - Started process (PID=1948) to work on /home/airflow/.local/lib/python3.12/site-packages/airflow/example_dags/example_workday_timetable.py
[2025-12-08T07:22:50.760+0000] {processor.py:914} INFO - Processing file /home/airflow/.local/lib/python3.12/site-packages/airflow/example_dags/example_workday_timetable.py for tasks to queue
[2025-12-08T07:22:50.766+0000] {logging_mixin.py:190} INFO - [2025-12-08T07:22:50.765+0000] {dagbag.py:587} INFO - Filling up the DagBag from /home/airflow/.local/lib/python3.12/site-packages/airflow/example_dags/example_workday_timetable.py
[2025-12-08T07:22:50.777+0000] {processor.py:925} INFO - DAG(s) 'example_workday_timetable' retrieved from /home/airflow/.local/lib/python3.12/site-packages/airflow/example_dags/example_workday_timetable.py
[2025-12-08T07:22:50.822+0000] {logging_mixin.py:190} INFO - [2025-12-08T07:22:50.821+0000] {dag.py:3211} INFO - Sync 1 DAGs
[2025-12-08T07:22:50.919+0000] {logging_mixin.py:190} INFO - [2025-12-08T07:22:50.919+0000] {dag.py:4138} INFO - Setting next_dagrun for example_workday_timetable to 2021-01-04 00:00:00+00:00, run_after=2021-01-05 00:00:00+00:00
[2025-12-08T07:22:50.970+0000] {processor.py:208} INFO - Processing /home/airflow/.local/lib/python3.12/site-packages/airflow/example_dags/example_workday_timetable.py took 0.227 seconds
[2025-12-08T07:23:21.096+0000] {processor.py:186} INFO - Started process (PID=2009) to work on /home/airflow/.local/lib/python3.12/site-packages/airflow/example_dags/example_workday_timetable.py
[2025-12-08T07:23:21.099+0000] {processor.py:914} INFO - Processing file /home/airflow/.local/lib/python3.12/site-packages/airflow/example_dags/example_workday_timetable.py for tasks to queue
[2025-12-08T07:23:21.105+0000] {logging_mixin.py:190} INFO - [2025-12-08T07:23:21.104+0000] {dagbag.py:587} INFO - Filling up the DagBag from /home/airflow/.local/lib/python3.12/site-packages/airflow/example_dags/example_workday_timetable.py
[2025-12-08T07:23:21.119+0000] {processor.py:925} INFO - DAG(s) 'example_workday_timetable' retrieved from /home/airflow/.local/lib/python3.12/site-packages/airflow/example_dags/example_workday_timetable.py
[2025-12-08T07:23:21.154+0000] {logging_mixin.py:190} INFO - [2025-12-08T07:23:21.154+0000] {dag.py:3211} INFO - Sync 1 DAGs
[2025-12-08T07:23:21.251+0000] {logging_mixin.py:190} INFO - [2025-12-08T07:23:21.250+0000] {dag.py:4138} INFO - Setting next_dagrun for example_workday_timetable to 2021-01-04 00:00:00+00:00, run_after=2021-01-05 00:00:00+00:00
[2025-12-08T07:23:21.293+0000] {processor.py:208} INFO - Processing /home/airflow/.local/lib/python3.12/site-packages/airflow/example_dags/example_workday_timetable.py took 0.213 seconds
[2025-12-08T07:23:51.919+0000] {processor.py:186} INFO - Started process (PID=2071) to work on /home/airflow/.local/lib/python3.12/site-packages/airflow/example_dags/example_workday_timetable.py
[2025-12-08T07:23:51.922+0000] {processor.py:914} INFO - Processing file /home/airflow/.local/lib/python3.12/site-packages/airflow/example_dags/example_workday_timetable.py for tasks to queue
[2025-12-08T07:23:51.929+0000] {logging_mixin.py:190} INFO - [2025-12-08T07:23:51.928+0000] {dagbag.py:587} INFO - Filling up the DagBag from /home/airflow/.local/lib/python3.12/site-packages/airflow/example_dags/example_workday_timetable.py
[2025-12-08T07:23:51.947+0000] {processor.py:925} INFO - DAG(s) 'example_workday_timetable' retrieved from /home/airflow/.local/lib/python3.12/site-packages/airflow/example_dags/example_workday_timetable.py
[2025-12-08T07:23:52.003+0000] {logging_mixin.py:190} INFO - [2025-12-08T07:23:52.002+0000] {dag.py:3211} INFO - Sync 1 DAGs
[2025-12-08T07:23:52.177+0000] {logging_mixin.py:190} INFO - [2025-12-08T07:23:52.176+0000] {dag.py:4138} INFO - Setting next_dagrun for example_workday_timetable to 2021-01-04 00:00:00+00:00, run_after=2021-01-05 00:00:00+00:00
[2025-12-08T07:23:52.232+0000] {processor.py:208} INFO - Processing /home/airflow/.local/lib/python3.12/site-packages/airflow/example_dags/example_workday_timetable.py took 0.327 seconds
[2025-12-08T07:24:22.566+0000] {processor.py:186} INFO - Started process (PID=2133) to work on /home/airflow/.local/lib/python3.12/site-packages/airflow/example_dags/example_workday_timetable.py
[2025-12-08T07:24:22.569+0000] {processor.py:914} INFO - Processing file /home/airflow/.local/lib/python3.12/site-packages/airflow/example_dags/example_workday_timetable.py for tasks to queue
[2025-12-08T07:24:22.579+0000] {logging_mixin.py:190} INFO - [2025-12-08T07:24:22.578+0000] {dagbag.py:587} INFO - Filling up the DagBag from /home/airflow/.local/lib/python3.12/site-packages/airflow/example_dags/example_workday_timetable.py
[2025-12-08T07:24:22.592+0000] {processor.py:925} INFO - DAG(s) 'example_workday_timetable' retrieved from /home/airflow/.local/lib/python3.12/site-packages/airflow/example_dags/example_workday_timetable.py
[2025-12-08T07:24:22.657+0000] {logging_mixin.py:190} INFO - [2025-12-08T07:24:22.657+0000] {dag.py:3211} INFO - Sync 1 DAGs
[2025-12-08T07:24:22.882+0000] {logging_mixin.py:190} INFO - [2025-12-08T07:24:22.882+0000] {dag.py:4138} INFO - Setting next_dagrun for example_workday_timetable to 2021-01-04 00:00:00+00:00, run_after=2021-01-05 00:00:00+00:00
[2025-12-08T07:24:22.955+0000] {processor.py:208} INFO - Processing /home/airflow/.local/lib/python3.12/site-packages/airflow/example_dags/example_workday_timetable.py took 0.407 seconds
[2025-12-08T07:26:36.840+0000] {processor.py:186} INFO - Started process (PID=85) to work on /home/airflow/.local/lib/python3.12/site-packages/airflow/example_dags/example_workday_timetable.py
[2025-12-08T07:26:36.842+0000] {processor.py:914} INFO - Processing file /home/airflow/.local/lib/python3.12/site-packages/airflow/example_dags/example_workday_timetable.py for tasks to queue
[2025-12-08T07:26:36.849+0000] {logging_mixin.py:190} INFO - [2025-12-08T07:26:36.848+0000] {dagbag.py:587} INFO - Filling up the DagBag from /home/airflow/.local/lib/python3.12/site-packages/airflow/example_dags/example_workday_timetable.py
[2025-12-08T07:26:36.869+0000] {processor.py:925} INFO - DAG(s) 'example_workday_timetable' retrieved from /home/airflow/.local/lib/python3.12/site-packages/airflow/example_dags/example_workday_timetable.py
[2025-12-08T07:26:36.951+0000] {logging_mixin.py:190} INFO - [2025-12-08T07:26:36.951+0000] {dag.py:3211} INFO - Sync 1 DAGs
[2025-12-08T07:26:37.124+0000] {logging_mixin.py:190} INFO - [2025-12-08T07:26:37.124+0000] {dag.py:4138} INFO - Setting next_dagrun for example_workday_timetable to 2021-01-04 00:00:00+00:00, run_after=2021-01-05 00:00:00+00:00
[2025-12-08T07:26:37.179+0000] {processor.py:208} INFO - Processing /home/airflow/.local/lib/python3.12/site-packages/airflow/example_dags/example_workday_timetable.py took 0.354 seconds
[2025-12-08T07:27:07.387+0000] {processor.py:186} INFO - Started process (PID=148) to work on /home/airflow/.local/lib/python3.12/site-packages/airflow/example_dags/example_workday_timetable.py
[2025-12-08T07:27:07.390+0000] {processor.py:914} INFO - Processing file /home/airflow/.local/lib/python3.12/site-packages/airflow/example_dags/example_workday_timetable.py for tasks to queue
[2025-12-08T07:27:07.396+0000] {logging_mixin.py:190} INFO - [2025-12-08T07:27:07.395+0000] {dagbag.py:587} INFO - Filling up the DagBag from /home/airflow/.local/lib/python3.12/site-packages/airflow/example_dags/example_workday_timetable.py
[2025-12-08T07:27:07.410+0000] {processor.py:925} INFO - DAG(s) 'example_workday_timetable' retrieved from /home/airflow/.local/lib/python3.12/site-packages/airflow/example_dags/example_workday_timetable.py
[2025-12-08T07:27:07.450+0000] {logging_mixin.py:190} INFO - [2025-12-08T07:27:07.449+0000] {dag.py:3211} INFO - Sync 1 DAGs
[2025-12-08T07:27:07.559+0000] {logging_mixin.py:190} INFO - [2025-12-08T07:27:07.559+0000] {dag.py:4138} INFO - Setting next_dagrun for example_workday_timetable to 2021-01-04 00:00:00+00:00, run_after=2021-01-05 00:00:00+00:00
[2025-12-08T07:27:07.604+0000] {processor.py:208} INFO - Processing /home/airflow/.local/lib/python3.12/site-packages/airflow/example_dags/example_workday_timetable.py took 0.227 seconds
[2025-12-08T07:27:38.000+0000] {processor.py:186} INFO - Started process (PID=211) to work on /home/airflow/.local/lib/python3.12/site-packages/airflow/example_dags/example_workday_timetable.py
[2025-12-08T07:27:38.003+0000] {processor.py:914} INFO - Processing file /home/airflow/.local/lib/python3.12/site-packages/airflow/example_dags/example_workday_timetable.py for tasks to queue
[2025-12-08T07:27:38.008+0000] {logging_mixin.py:190} INFO - [2025-12-08T07:27:38.007+0000] {dagbag.py:587} INFO - Filling up the DagBag from /home/airflow/.local/lib/python3.12/site-packages/airflow/example_dags/example_workday_timetable.py
[2025-12-08T07:27:38.020+0000] {processor.py:925} INFO - DAG(s) 'example_workday_timetable' retrieved from /home/airflow/.local/lib/python3.12/site-packages/airflow/example_dags/example_workday_timetable.py
[2025-12-08T07:27:38.061+0000] {logging_mixin.py:190} INFO - [2025-12-08T07:27:38.060+0000] {dag.py:3211} INFO - Sync 1 DAGs
[2025-12-08T07:27:38.180+0000] {logging_mixin.py:190} INFO - [2025-12-08T07:27:38.179+0000] {dag.py:4138} INFO - Setting next_dagrun for example_workday_timetable to 2021-01-04 00:00:00+00:00, run_after=2021-01-05 00:00:00+00:00
[2025-12-08T07:27:38.222+0000] {processor.py:208} INFO - Processing /home/airflow/.local/lib/python3.12/site-packages/airflow/example_dags/example_workday_timetable.py took 0.239 seconds
[2025-12-08T07:28:08.713+0000] {processor.py:186} INFO - Started process (PID=286) to work on /home/airflow/.local/lib/python3.12/site-packages/airflow/example_dags/example_workday_timetable.py
[2025-12-08T07:28:08.715+0000] {processor.py:914} INFO - Processing file /home/airflow/.local/lib/python3.12/site-packages/airflow/example_dags/example_workday_timetable.py for tasks to queue
[2025-12-08T07:28:08.722+0000] {logging_mixin.py:190} INFO - [2025-12-08T07:28:08.721+0000] {dagbag.py:587} INFO - Filling up the DagBag from /home/airflow/.local/lib/python3.12/site-packages/airflow/example_dags/example_workday_timetable.py
[2025-12-08T07:28:08.733+0000] {processor.py:925} INFO - DAG(s) 'example_workday_timetable' retrieved from /home/airflow/.local/lib/python3.12/site-packages/airflow/example_dags/example_workday_timetable.py
[2025-12-08T07:28:08.778+0000] {logging_mixin.py:190} INFO - [2025-12-08T07:28:08.777+0000] {dag.py:3211} INFO - Sync 1 DAGs
[2025-12-08T07:28:08.903+0000] {logging_mixin.py:190} INFO - [2025-12-08T07:28:08.903+0000] {dag.py:4138} INFO - Setting next_dagrun for example_workday_timetable to 2021-01-04 00:00:00+00:00, run_after=2021-01-05 00:00:00+00:00
[2025-12-08T07:28:08.945+0000] {processor.py:208} INFO - Processing /home/airflow/.local/lib/python3.12/site-packages/airflow/example_dags/example_workday_timetable.py took 0.244 seconds
[2025-12-08T07:28:39.874+0000] {processor.py:186} INFO - Started process (PID=349) to work on /home/airflow/.local/lib/python3.12/site-packages/airflow/example_dags/example_workday_timetable.py
[2025-12-08T07:28:39.877+0000] {processor.py:914} INFO - Processing file /home/airflow/.local/lib/python3.12/site-packages/airflow/example_dags/example_workday_timetable.py for tasks to queue
[2025-12-08T07:28:39.885+0000] {logging_mixin.py:190} INFO - [2025-12-08T07:28:39.884+0000] {dagbag.py:587} INFO - Filling up the DagBag from /home/airflow/.local/lib/python3.12/site-packages/airflow/example_dags/example_workday_timetable.py
[2025-12-08T07:28:39.917+0000] {processor.py:925} INFO - DAG(s) 'example_workday_timetable' retrieved from /home/airflow/.local/lib/python3.12/site-packages/airflow/example_dags/example_workday_timetable.py
[2025-12-08T07:28:39.988+0000] {logging_mixin.py:190} INFO - [2025-12-08T07:28:39.987+0000] {dag.py:3211} INFO - Sync 1 DAGs
[2025-12-08T07:28:40.249+0000] {logging_mixin.py:190} INFO - [2025-12-08T07:28:40.248+0000] {dag.py:4138} INFO - Setting next_dagrun for example_workday_timetable to 2021-01-04 00:00:00+00:00, run_after=2021-01-05 00:00:00+00:00
[2025-12-08T07:28:40.306+0000] {processor.py:208} INFO - Processing /home/airflow/.local/lib/python3.12/site-packages/airflow/example_dags/example_workday_timetable.py took 0.452 seconds
[2025-12-08T07:29:10.830+0000] {processor.py:186} INFO - Started process (PID=412) to work on /home/airflow/.local/lib/python3.12/site-packages/airflow/example_dags/example_workday_timetable.py
[2025-12-08T07:29:10.832+0000] {processor.py:914} INFO - Processing file /home/airflow/.local/lib/python3.12/site-packages/airflow/example_dags/example_workday_timetable.py for tasks to queue
[2025-12-08T07:29:10.837+0000] {logging_mixin.py:190} INFO - [2025-12-08T07:29:10.836+0000] {dagbag.py:587} INFO - Filling up the DagBag from /home/airflow/.local/lib/python3.12/site-packages/airflow/example_dags/example_workday_timetable.py
[2025-12-08T07:29:10.849+0000] {processor.py:925} INFO - DAG(s) 'example_workday_timetable' retrieved from /home/airflow/.local/lib/python3.12/site-packages/airflow/example_dags/example_workday_timetable.py
[2025-12-08T07:29:10.891+0000] {logging_mixin.py:190} INFO - [2025-12-08T07:29:10.890+0000] {dag.py:3211} INFO - Sync 1 DAGs
[2025-12-08T07:29:11.018+0000] {logging_mixin.py:190} INFO - [2025-12-08T07:29:11.017+0000] {dag.py:4138} INFO - Setting next_dagrun for example_workday_timetable to 2021-01-04 00:00:00+00:00, run_after=2021-01-05 00:00:00+00:00
[2025-12-08T07:29:11.065+0000] {processor.py:208} INFO - Processing /home/airflow/.local/lib/python3.12/site-packages/airflow/example_dags/example_workday_timetable.py took 0.248 seconds
[2025-12-08T07:29:42.248+0000] {processor.py:186} INFO - Started process (PID=475) to work on /home/airflow/.local/lib/python3.12/site-packages/airflow/example_dags/example_workday_timetable.py
[2025-12-08T07:29:42.250+0000] {processor.py:914} INFO - Processing file /home/airflow/.local/lib/python3.12/site-packages/airflow/example_dags/example_workday_timetable.py for tasks to queue
[2025-12-08T07:29:42.255+0000] {logging_mixin.py:190} INFO - [2025-12-08T07:29:42.254+0000] {dagbag.py:587} INFO - Filling up the DagBag from /home/airflow/.local/lib/python3.12/site-packages/airflow/example_dags/example_workday_timetable.py
[2025-12-08T07:29:42.267+0000] {processor.py:925} INFO - DAG(s) 'example_workday_timetable' retrieved from /home/airflow/.local/lib/python3.12/site-packages/airflow/example_dags/example_workday_timetable.py
[2025-12-08T07:29:42.306+0000] {logging_mixin.py:190} INFO - [2025-12-08T07:29:42.305+0000] {dag.py:3211} INFO - Sync 1 DAGs
[2025-12-08T07:29:42.407+0000] {logging_mixin.py:190} INFO - [2025-12-08T07:29:42.406+0000] {dag.py:4138} INFO - Setting next_dagrun for example_workday_timetable to 2021-01-04 00:00:00+00:00, run_after=2021-01-05 00:00:00+00:00
[2025-12-08T07:29:42.450+0000] {processor.py:208} INFO - Processing /home/airflow/.local/lib/python3.12/site-packages/airflow/example_dags/example_workday_timetable.py took 0.215 seconds
[2025-12-08T07:30:12.973+0000] {processor.py:186} INFO - Started process (PID=538) to work on /home/airflow/.local/lib/python3.12/site-packages/airflow/example_dags/example_workday_timetable.py
[2025-12-08T07:30:12.976+0000] {processor.py:914} INFO - Processing file /home/airflow/.local/lib/python3.12/site-packages/airflow/example_dags/example_workday_timetable.py for tasks to queue
[2025-12-08T07:30:12.984+0000] {logging_mixin.py:190} INFO - [2025-12-08T07:30:12.983+0000] {dagbag.py:587} INFO - Filling up the DagBag from /home/airflow/.local/lib/python3.12/site-packages/airflow/example_dags/example_workday_timetable.py
[2025-12-08T07:30:13.002+0000] {processor.py:925} INFO - DAG(s) 'example_workday_timetable' retrieved from /home/airflow/.local/lib/python3.12/site-packages/airflow/example_dags/example_workday_timetable.py
[2025-12-08T07:30:13.052+0000] {logging_mixin.py:190} INFO - [2025-12-08T07:30:13.051+0000] {dag.py:3211} INFO - Sync 1 DAGs
[2025-12-08T07:30:13.184+0000] {logging_mixin.py:190} INFO - [2025-12-08T07:30:13.184+0000] {dag.py:4138} INFO - Setting next_dagrun for example_workday_timetable to 2021-01-04 00:00:00+00:00, run_after=2021-01-05 00:00:00+00:00
[2025-12-08T07:30:13.238+0000] {processor.py:208} INFO - Processing /home/airflow/.local/lib/python3.12/site-packages/airflow/example_dags/example_workday_timetable.py took 0.277 seconds
[2025-12-08T07:30:43.514+0000] {processor.py:186} INFO - Started process (PID=601) to work on /home/airflow/.local/lib/python3.12/site-packages/airflow/example_dags/example_workday_timetable.py
[2025-12-08T07:30:43.519+0000] {processor.py:914} INFO - Processing file /home/airflow/.local/lib/python3.12/site-packages/airflow/example_dags/example_workday_timetable.py for tasks to queue
[2025-12-08T07:30:43.525+0000] {logging_mixin.py:190} INFO - [2025-12-08T07:30:43.524+0000] {dagbag.py:587} INFO - Filling up the DagBag from /home/airflow/.local/lib/python3.12/site-packages/airflow/example_dags/example_workday_timetable.py
[2025-12-08T07:30:43.539+0000] {processor.py:925} INFO - DAG(s) 'example_workday_timetable' retrieved from /home/airflow/.local/lib/python3.12/site-packages/airflow/example_dags/example_workday_timetable.py
[2025-12-08T07:30:43.589+0000] {logging_mixin.py:190} INFO - [2025-12-08T07:30:43.589+0000] {dag.py:3211} INFO - Sync 1 DAGs
[2025-12-08T07:30:43.684+0000] {logging_mixin.py:190} INFO - [2025-12-08T07:30:43.684+0000] {dag.py:4138} INFO - Setting next_dagrun for example_workday_timetable to 2021-01-04 00:00:00+00:00, run_after=2021-01-05 00:00:00+00:00
[2025-12-08T07:30:43.728+0000] {processor.py:208} INFO - Processing /home/airflow/.local/lib/python3.12/site-packages/airflow/example_dags/example_workday_timetable.py took 0.229 seconds
[2025-12-08T07:31:14.768+0000] {processor.py:186} INFO - Started process (PID=664) to work on /home/airflow/.local/lib/python3.12/site-packages/airflow/example_dags/example_workday_timetable.py
[2025-12-08T07:31:14.772+0000] {processor.py:914} INFO - Processing file /home/airflow/.local/lib/python3.12/site-packages/airflow/example_dags/example_workday_timetable.py for tasks to queue
[2025-12-08T07:31:14.781+0000] {logging_mixin.py:190} INFO - [2025-12-08T07:31:14.780+0000] {dagbag.py:587} INFO - Filling up the DagBag from /home/airflow/.local/lib/python3.12/site-packages/airflow/example_dags/example_workday_timetable.py
[2025-12-08T07:31:14.800+0000] {processor.py:925} INFO - DAG(s) 'example_workday_timetable' retrieved from /home/airflow/.local/lib/python3.12/site-packages/airflow/example_dags/example_workday_timetable.py
[2025-12-08T07:31:14.860+0000] {logging_mixin.py:190} INFO - [2025-12-08T07:31:14.859+0000] {dag.py:3211} INFO - Sync 1 DAGs
[2025-12-08T07:31:15.023+0000] {logging_mixin.py:190} INFO - [2025-12-08T07:31:15.022+0000] {dag.py:4138} INFO - Setting next_dagrun for example_workday_timetable to 2021-01-04 00:00:00+00:00, run_after=2021-01-05 00:00:00+00:00
[2025-12-08T07:31:15.075+0000] {processor.py:208} INFO - Processing /home/airflow/.local/lib/python3.12/site-packages/airflow/example_dags/example_workday_timetable.py took 0.334 seconds
[2025-12-08T07:31:45.689+0000] {processor.py:186} INFO - Started process (PID=727) to work on /home/airflow/.local/lib/python3.12/site-packages/airflow/example_dags/example_workday_timetable.py
[2025-12-08T07:31:45.693+0000] {processor.py:914} INFO - Processing file /home/airflow/.local/lib/python3.12/site-packages/airflow/example_dags/example_workday_timetable.py for tasks to queue
[2025-12-08T07:31:45.699+0000] {logging_mixin.py:190} INFO - [2025-12-08T07:31:45.698+0000] {dagbag.py:587} INFO - Filling up the DagBag from /home/airflow/.local/lib/python3.12/site-packages/airflow/example_dags/example_workday_timetable.py
[2025-12-08T07:31:45.714+0000] {processor.py:925} INFO - DAG(s) 'example_workday_timetable' retrieved from /home/airflow/.local/lib/python3.12/site-packages/airflow/example_dags/example_workday_timetable.py
[2025-12-08T07:31:45.764+0000] {logging_mixin.py:190} INFO - [2025-12-08T07:31:45.764+0000] {dag.py:3211} INFO - Sync 1 DAGs
[2025-12-08T07:31:45.910+0000] {logging_mixin.py:190} INFO - [2025-12-08T07:31:45.909+0000] {dag.py:4138} INFO - Setting next_dagrun for example_workday_timetable to 2021-01-04 00:00:00+00:00, run_after=2021-01-05 00:00:00+00:00
[2025-12-08T07:31:45.959+0000] {processor.py:208} INFO - Processing /home/airflow/.local/lib/python3.12/site-packages/airflow/example_dags/example_workday_timetable.py took 0.281 seconds
[2025-12-08T07:32:16.350+0000] {processor.py:186} INFO - Started process (PID=790) to work on /home/airflow/.local/lib/python3.12/site-packages/airflow/example_dags/example_workday_timetable.py
[2025-12-08T07:32:16.352+0000] {processor.py:914} INFO - Processing file /home/airflow/.local/lib/python3.12/site-packages/airflow/example_dags/example_workday_timetable.py for tasks to queue
[2025-12-08T07:32:16.357+0000] {logging_mixin.py:190} INFO - [2025-12-08T07:32:16.356+0000] {dagbag.py:587} INFO - Filling up the DagBag from /home/airflow/.local/lib/python3.12/site-packages/airflow/example_dags/example_workday_timetable.py
[2025-12-08T07:32:16.368+0000] {processor.py:925} INFO - DAG(s) 'example_workday_timetable' retrieved from /home/airflow/.local/lib/python3.12/site-packages/airflow/example_dags/example_workday_timetable.py
[2025-12-08T07:32:16.412+0000] {logging_mixin.py:190} INFO - [2025-12-08T07:32:16.411+0000] {dag.py:3211} INFO - Sync 1 DAGs
[2025-12-08T07:32:16.538+0000] {logging_mixin.py:190} INFO - [2025-12-08T07:32:16.538+0000] {dag.py:4138} INFO - Setting next_dagrun for example_workday_timetable to 2021-01-04 00:00:00+00:00, run_after=2021-01-05 00:00:00+00:00
[2025-12-08T07:32:16.577+0000] {processor.py:208} INFO - Processing /home/airflow/.local/lib/python3.12/site-packages/airflow/example_dags/example_workday_timetable.py took 0.242 seconds
[2025-12-08T07:32:47.085+0000] {processor.py:186} INFO - Started process (PID=853) to work on /home/airflow/.local/lib/python3.12/site-packages/airflow/example_dags/example_workday_timetable.py
[2025-12-08T07:32:47.088+0000] {processor.py:914} INFO - Processing file /home/airflow/.local/lib/python3.12/site-packages/airflow/example_dags/example_workday_timetable.py for tasks to queue
[2025-12-08T07:32:47.095+0000] {logging_mixin.py:190} INFO - [2025-12-08T07:32:47.094+0000] {dagbag.py:587} INFO - Filling up the DagBag from /home/airflow/.local/lib/python3.12/site-packages/airflow/example_dags/example_workday_timetable.py
[2025-12-08T07:32:47.108+0000] {processor.py:925} INFO - DAG(s) 'example_workday_timetable' retrieved from /home/airflow/.local/lib/python3.12/site-packages/airflow/example_dags/example_workday_timetable.py
[2025-12-08T07:32:47.174+0000] {logging_mixin.py:190} INFO - [2025-12-08T07:32:47.173+0000] {dag.py:3211} INFO - Sync 1 DAGs
[2025-12-08T07:32:47.335+0000] {logging_mixin.py:190} INFO - [2025-12-08T07:32:47.334+0000] {dag.py:4138} INFO - Setting next_dagrun for example_workday_timetable to 2021-01-04 00:00:00+00:00, run_after=2021-01-05 00:00:00+00:00
[2025-12-08T07:32:47.386+0000] {processor.py:208} INFO - Processing /home/airflow/.local/lib/python3.12/site-packages/airflow/example_dags/example_workday_timetable.py took 0.318 seconds
[2025-12-08T07:33:17.748+0000] {processor.py:186} INFO - Started process (PID=915) to work on /home/airflow/.local/lib/python3.12/site-packages/airflow/example_dags/example_workday_timetable.py
[2025-12-08T07:33:17.751+0000] {processor.py:914} INFO - Processing file /home/airflow/.local/lib/python3.12/site-packages/airflow/example_dags/example_workday_timetable.py for tasks to queue
[2025-12-08T07:33:17.758+0000] {logging_mixin.py:190} INFO - [2025-12-08T07:33:17.757+0000] {dagbag.py:587} INFO - Filling up the DagBag from /home/airflow/.local/lib/python3.12/site-packages/airflow/example_dags/example_workday_timetable.py
[2025-12-08T07:33:17.772+0000] {processor.py:925} INFO - DAG(s) 'example_workday_timetable' retrieved from /home/airflow/.local/lib/python3.12/site-packages/airflow/example_dags/example_workday_timetable.py
[2025-12-08T07:33:17.820+0000] {logging_mixin.py:190} INFO - [2025-12-08T07:33:17.820+0000] {dag.py:3211} INFO - Sync 1 DAGs
[2025-12-08T07:33:17.985+0000] {logging_mixin.py:190} INFO - [2025-12-08T07:33:17.983+0000] {dag.py:4138} INFO - Setting next_dagrun for example_workday_timetable to 2021-01-04 00:00:00+00:00, run_after=2021-01-05 00:00:00+00:00
[2025-12-08T07:33:18.034+0000] {processor.py:208} INFO - Processing /home/airflow/.local/lib/python3.12/site-packages/airflow/example_dags/example_workday_timetable.py took 0.303 seconds
[2025-12-08T07:33:48.564+0000] {processor.py:186} INFO - Started process (PID=978) to work on /home/airflow/.local/lib/python3.12/site-packages/airflow/example_dags/example_workday_timetable.py
[2025-12-08T07:33:48.567+0000] {processor.py:914} INFO - Processing file /home/airflow/.local/lib/python3.12/site-packages/airflow/example_dags/example_workday_timetable.py for tasks to queue
[2025-12-08T07:33:48.575+0000] {logging_mixin.py:190} INFO - [2025-12-08T07:33:48.574+0000] {dagbag.py:587} INFO - Filling up the DagBag from /home/airflow/.local/lib/python3.12/site-packages/airflow/example_dags/example_workday_timetable.py
[2025-12-08T07:33:48.592+0000] {processor.py:925} INFO - DAG(s) 'example_workday_timetable' retrieved from /home/airflow/.local/lib/python3.12/site-packages/airflow/example_dags/example_workday_timetable.py
[2025-12-08T07:33:48.647+0000] {logging_mixin.py:190} INFO - [2025-12-08T07:33:48.646+0000] {dag.py:3211} INFO - Sync 1 DAGs
[2025-12-08T07:33:48.825+0000] {logging_mixin.py:190} INFO - [2025-12-08T07:33:48.824+0000] {dag.py:4138} INFO - Setting next_dagrun for example_workday_timetable to 2021-01-04 00:00:00+00:00, run_after=2021-01-05 00:00:00+00:00
[2025-12-08T07:33:48.902+0000] {processor.py:208} INFO - Processing /home/airflow/.local/lib/python3.12/site-packages/airflow/example_dags/example_workday_timetable.py took 0.351 seconds
[2025-12-08T07:34:19.385+0000] {processor.py:186} INFO - Started process (PID=1047) to work on /home/airflow/.local/lib/python3.12/site-packages/airflow/example_dags/example_workday_timetable.py
[2025-12-08T07:34:19.387+0000] {processor.py:914} INFO - Processing file /home/airflow/.local/lib/python3.12/site-packages/airflow/example_dags/example_workday_timetable.py for tasks to queue
[2025-12-08T07:34:19.394+0000] {logging_mixin.py:190} INFO - [2025-12-08T07:34:19.393+0000] {dagbag.py:587} INFO - Filling up the DagBag from /home/airflow/.local/lib/python3.12/site-packages/airflow/example_dags/example_workday_timetable.py
[2025-12-08T07:34:19.404+0000] {processor.py:925} INFO - DAG(s) 'example_workday_timetable' retrieved from /home/airflow/.local/lib/python3.12/site-packages/airflow/example_dags/example_workday_timetable.py
[2025-12-08T07:34:19.445+0000] {logging_mixin.py:190} INFO - [2025-12-08T07:34:19.444+0000] {dag.py:3211} INFO - Sync 1 DAGs
[2025-12-08T07:34:19.544+0000] {logging_mixin.py:190} INFO - [2025-12-08T07:34:19.543+0000] {dag.py:4138} INFO - Setting next_dagrun for example_workday_timetable to 2021-01-04 00:00:00+00:00, run_after=2021-01-05 00:00:00+00:00
[2025-12-08T07:34:19.581+0000] {processor.py:208} INFO - Processing /home/airflow/.local/lib/python3.12/site-packages/airflow/example_dags/example_workday_timetable.py took 0.207 seconds
[2025-12-08T07:34:49.861+0000] {processor.py:186} INFO - Started process (PID=1110) to work on /home/airflow/.local/lib/python3.12/site-packages/airflow/example_dags/example_workday_timetable.py
[2025-12-08T07:34:49.864+0000] {processor.py:914} INFO - Processing file /home/airflow/.local/lib/python3.12/site-packages/airflow/example_dags/example_workday_timetable.py for tasks to queue
[2025-12-08T07:34:49.874+0000] {logging_mixin.py:190} INFO - [2025-12-08T07:34:49.873+0000] {dagbag.py:587} INFO - Filling up the DagBag from /home/airflow/.local/lib/python3.12/site-packages/airflow/example_dags/example_workday_timetable.py
[2025-12-08T07:34:49.891+0000] {processor.py:925} INFO - DAG(s) 'example_workday_timetable' retrieved from /home/airflow/.local/lib/python3.12/site-packages/airflow/example_dags/example_workday_timetable.py
[2025-12-08T07:34:49.944+0000] {logging_mixin.py:190} INFO - [2025-12-08T07:34:49.944+0000] {dag.py:3211} INFO - Sync 1 DAGs
[2025-12-08T07:34:50.086+0000] {logging_mixin.py:190} INFO - [2025-12-08T07:34:50.086+0000] {dag.py:4138} INFO - Setting next_dagrun for example_workday_timetable to 2021-01-04 00:00:00+00:00, run_after=2021-01-05 00:00:00+00:00
[2025-12-08T07:34:50.124+0000] {processor.py:208} INFO - Processing /home/airflow/.local/lib/python3.12/site-packages/airflow/example_dags/example_workday_timetable.py took 0.280 seconds
[2025-12-08T07:35:20.380+0000] {processor.py:186} INFO - Started process (PID=1174) to work on /home/airflow/.local/lib/python3.12/site-packages/airflow/example_dags/example_workday_timetable.py
[2025-12-08T07:35:20.383+0000] {processor.py:914} INFO - Processing file /home/airflow/.local/lib/python3.12/site-packages/airflow/example_dags/example_workday_timetable.py for tasks to queue
[2025-12-08T07:35:20.390+0000] {logging_mixin.py:190} INFO - [2025-12-08T07:35:20.389+0000] {dagbag.py:587} INFO - Filling up the DagBag from /home/airflow/.local/lib/python3.12/site-packages/airflow/example_dags/example_workday_timetable.py
[2025-12-08T07:35:20.407+0000] {processor.py:925} INFO - DAG(s) 'example_workday_timetable' retrieved from /home/airflow/.local/lib/python3.12/site-packages/airflow/example_dags/example_workday_timetable.py
[2025-12-08T07:35:20.454+0000] {logging_mixin.py:190} INFO - [2025-12-08T07:35:20.454+0000] {dag.py:3211} INFO - Sync 1 DAGs
[2025-12-08T07:35:20.589+0000] {logging_mixin.py:190} INFO - [2025-12-08T07:35:20.589+0000] {dag.py:4138} INFO - Setting next_dagrun for example_workday_timetable to 2021-01-04 00:00:00+00:00, run_after=2021-01-05 00:00:00+00:00
[2025-12-08T07:35:20.635+0000] {processor.py:208} INFO - Processing /home/airflow/.local/lib/python3.12/site-packages/airflow/example_dags/example_workday_timetable.py took 0.267 seconds
[2025-12-08T07:35:51.213+0000] {processor.py:186} INFO - Started process (PID=1237) to work on /home/airflow/.local/lib/python3.12/site-packages/airflow/example_dags/example_workday_timetable.py
[2025-12-08T07:35:51.215+0000] {processor.py:914} INFO - Processing file /home/airflow/.local/lib/python3.12/site-packages/airflow/example_dags/example_workday_timetable.py for tasks to queue
[2025-12-08T07:35:51.222+0000] {logging_mixin.py:190} INFO - [2025-12-08T07:35:51.221+0000] {dagbag.py:587} INFO - Filling up the DagBag from /home/airflow/.local/lib/python3.12/site-packages/airflow/example_dags/example_workday_timetable.py
[2025-12-08T07:35:51.236+0000] {processor.py:925} INFO - DAG(s) 'example_workday_timetable' retrieved from /home/airflow/.local/lib/python3.12/site-packages/airflow/example_dags/example_workday_timetable.py
[2025-12-08T07:35:51.283+0000] {logging_mixin.py:190} INFO - [2025-12-08T07:35:51.283+0000] {dag.py:3211} INFO - Sync 1 DAGs
[2025-12-08T07:35:51.426+0000] {logging_mixin.py:190} INFO - [2025-12-08T07:35:51.425+0000] {dag.py:4138} INFO - Setting next_dagrun for example_workday_timetable to 2021-01-04 00:00:00+00:00, run_after=2021-01-05 00:00:00+00:00
[2025-12-08T07:35:51.471+0000] {processor.py:208} INFO - Processing /home/airflow/.local/lib/python3.12/site-packages/airflow/example_dags/example_workday_timetable.py took 0.268 seconds
[2025-12-08T07:36:21.956+0000] {processor.py:186} INFO - Started process (PID=1300) to work on /home/airflow/.local/lib/python3.12/site-packages/airflow/example_dags/example_workday_timetable.py
[2025-12-08T07:36:21.958+0000] {processor.py:914} INFO - Processing file /home/airflow/.local/lib/python3.12/site-packages/airflow/example_dags/example_workday_timetable.py for tasks to queue
[2025-12-08T07:36:21.963+0000] {logging_mixin.py:190} INFO - [2025-12-08T07:36:21.962+0000] {dagbag.py:587} INFO - Filling up the DagBag from /home/airflow/.local/lib/python3.12/site-packages/airflow/example_dags/example_workday_timetable.py
[2025-12-08T07:36:21.975+0000] {processor.py:925} INFO - DAG(s) 'example_workday_timetable' retrieved from /home/airflow/.local/lib/python3.12/site-packages/airflow/example_dags/example_workday_timetable.py
[2025-12-08T07:36:22.018+0000] {logging_mixin.py:190} INFO - [2025-12-08T07:36:22.017+0000] {dag.py:3211} INFO - Sync 1 DAGs
[2025-12-08T07:36:22.128+0000] {logging_mixin.py:190} INFO - [2025-12-08T07:36:22.128+0000] {dag.py:4138} INFO - Setting next_dagrun for example_workday_timetable to 2021-01-04 00:00:00+00:00, run_after=2021-01-05 00:00:00+00:00
[2025-12-08T07:36:22.172+0000] {processor.py:208} INFO - Processing /home/airflow/.local/lib/python3.12/site-packages/airflow/example_dags/example_workday_timetable.py took 0.227 seconds
[2025-12-08T07:36:52.468+0000] {processor.py:186} INFO - Started process (PID=1363) to work on /home/airflow/.local/lib/python3.12/site-packages/airflow/example_dags/example_workday_timetable.py
[2025-12-08T07:36:52.471+0000] {processor.py:914} INFO - Processing file /home/airflow/.local/lib/python3.12/site-packages/airflow/example_dags/example_workday_timetable.py for tasks to queue
[2025-12-08T07:36:52.478+0000] {logging_mixin.py:190} INFO - [2025-12-08T07:36:52.477+0000] {dagbag.py:587} INFO - Filling up the DagBag from /home/airflow/.local/lib/python3.12/site-packages/airflow/example_dags/example_workday_timetable.py
[2025-12-08T07:36:52.488+0000] {processor.py:925} INFO - DAG(s) 'example_workday_timetable' retrieved from /home/airflow/.local/lib/python3.12/site-packages/airflow/example_dags/example_workday_timetable.py
[2025-12-08T07:36:52.528+0000] {logging_mixin.py:190} INFO - [2025-12-08T07:36:52.527+0000] {dag.py:3211} INFO - Sync 1 DAGs
[2025-12-08T07:36:52.626+0000] {logging_mixin.py:190} INFO - [2025-12-08T07:36:52.626+0000] {dag.py:4138} INFO - Setting next_dagrun for example_workday_timetable to 2021-01-04 00:00:00+00:00, run_after=2021-01-05 00:00:00+00:00
[2025-12-08T07:36:52.669+0000] {processor.py:208} INFO - Processing /home/airflow/.local/lib/python3.12/site-packages/airflow/example_dags/example_workday_timetable.py took 0.211 seconds
[2025-12-08T07:37:23.175+0000] {processor.py:186} INFO - Started process (PID=1426) to work on /home/airflow/.local/lib/python3.12/site-packages/airflow/example_dags/example_workday_timetable.py
[2025-12-08T07:37:23.177+0000] {processor.py:914} INFO - Processing file /home/airflow/.local/lib/python3.12/site-packages/airflow/example_dags/example_workday_timetable.py for tasks to queue
[2025-12-08T07:37:23.184+0000] {logging_mixin.py:190} INFO - [2025-12-08T07:37:23.183+0000] {dagbag.py:587} INFO - Filling up the DagBag from /home/airflow/.local/lib/python3.12/site-packages/airflow/example_dags/example_workday_timetable.py
[2025-12-08T07:37:23.195+0000] {processor.py:925} INFO - DAG(s) 'example_workday_timetable' retrieved from /home/airflow/.local/lib/python3.12/site-packages/airflow/example_dags/example_workday_timetable.py
[2025-12-08T07:37:23.236+0000] {logging_mixin.py:190} INFO - [2025-12-08T07:37:23.235+0000] {dag.py:3211} INFO - Sync 1 DAGs
[2025-12-08T07:37:23.348+0000] {logging_mixin.py:190} INFO - [2025-12-08T07:37:23.347+0000] {dag.py:4138} INFO - Setting next_dagrun for example_workday_timetable to 2021-01-04 00:00:00+00:00, run_after=2021-01-05 00:00:00+00:00
[2025-12-08T07:37:23.395+0000] {processor.py:208} INFO - Processing /home/airflow/.local/lib/python3.12/site-packages/airflow/example_dags/example_workday_timetable.py took 0.230 seconds
[2025-12-08T07:37:53.649+0000] {processor.py:186} INFO - Started process (PID=1490) to work on /home/airflow/.local/lib/python3.12/site-packages/airflow/example_dags/example_workday_timetable.py
[2025-12-08T07:37:53.654+0000] {processor.py:914} INFO - Processing file /home/airflow/.local/lib/python3.12/site-packages/airflow/example_dags/example_workday_timetable.py for tasks to queue
[2025-12-08T07:37:53.666+0000] {logging_mixin.py:190} INFO - [2025-12-08T07:37:53.665+0000] {dagbag.py:587} INFO - Filling up the DagBag from /home/airflow/.local/lib/python3.12/site-packages/airflow/example_dags/example_workday_timetable.py
[2025-12-08T07:37:53.686+0000] {processor.py:925} INFO - DAG(s) 'example_workday_timetable' retrieved from /home/airflow/.local/lib/python3.12/site-packages/airflow/example_dags/example_workday_timetable.py
[2025-12-08T07:37:53.749+0000] {logging_mixin.py:190} INFO - [2025-12-08T07:37:53.749+0000] {dag.py:3211} INFO - Sync 1 DAGs
[2025-12-08T07:37:53.903+0000] {logging_mixin.py:190} INFO - [2025-12-08T07:37:53.903+0000] {dag.py:4138} INFO - Setting next_dagrun for example_workday_timetable to 2021-01-04 00:00:00+00:00, run_after=2021-01-05 00:00:00+00:00
[2025-12-08T07:37:53.953+0000] {processor.py:208} INFO - Processing /home/airflow/.local/lib/python3.12/site-packages/airflow/example_dags/example_workday_timetable.py took 0.320 seconds
[2025-12-08T07:38:24.707+0000] {processor.py:186} INFO - Started process (PID=1553) to work on /home/airflow/.local/lib/python3.12/site-packages/airflow/example_dags/example_workday_timetable.py
[2025-12-08T07:38:24.713+0000] {processor.py:914} INFO - Processing file /home/airflow/.local/lib/python3.12/site-packages/airflow/example_dags/example_workday_timetable.py for tasks to queue
[2025-12-08T07:38:24.719+0000] {logging_mixin.py:190} INFO - [2025-12-08T07:38:24.718+0000] {dagbag.py:587} INFO - Filling up the DagBag from /home/airflow/.local/lib/python3.12/site-packages/airflow/example_dags/example_workday_timetable.py
[2025-12-08T07:38:24.740+0000] {processor.py:925} INFO - DAG(s) 'example_workday_timetable' retrieved from /home/airflow/.local/lib/python3.12/site-packages/airflow/example_dags/example_workday_timetable.py
[2025-12-08T07:38:24.803+0000] {logging_mixin.py:190} INFO - [2025-12-08T07:38:24.802+0000] {dag.py:3211} INFO - Sync 1 DAGs
[2025-12-08T07:38:25.014+0000] {logging_mixin.py:190} INFO - [2025-12-08T07:38:25.013+0000] {dag.py:4138} INFO - Setting next_dagrun for example_workday_timetable to 2021-01-04 00:00:00+00:00, run_after=2021-01-05 00:00:00+00:00
[2025-12-08T07:38:25.082+0000] {processor.py:208} INFO - Processing /home/airflow/.local/lib/python3.12/site-packages/airflow/example_dags/example_workday_timetable.py took 0.388 seconds
[2025-12-08T07:38:55.988+0000] {processor.py:186} INFO - Started process (PID=1617) to work on /home/airflow/.local/lib/python3.12/site-packages/airflow/example_dags/example_workday_timetable.py
[2025-12-08T07:38:55.991+0000] {processor.py:914} INFO - Processing file /home/airflow/.local/lib/python3.12/site-packages/airflow/example_dags/example_workday_timetable.py for tasks to queue
[2025-12-08T07:38:55.998+0000] {logging_mixin.py:190} INFO - [2025-12-08T07:38:55.997+0000] {dagbag.py:587} INFO - Filling up the DagBag from /home/airflow/.local/lib/python3.12/site-packages/airflow/example_dags/example_workday_timetable.py
[2025-12-08T07:38:56.014+0000] {processor.py:925} INFO - DAG(s) 'example_workday_timetable' retrieved from /home/airflow/.local/lib/python3.12/site-packages/airflow/example_dags/example_workday_timetable.py
[2025-12-08T07:38:56.071+0000] {logging_mixin.py:190} INFO - [2025-12-08T07:38:56.070+0000] {dag.py:3211} INFO - Sync 1 DAGs
[2025-12-08T07:38:56.184+0000] {logging_mixin.py:190} INFO - [2025-12-08T07:38:56.184+0000] {dag.py:4138} INFO - Setting next_dagrun for example_workday_timetable to 2021-01-04 00:00:00+00:00, run_after=2021-01-05 00:00:00+00:00
[2025-12-08T07:38:56.227+0000] {processor.py:208} INFO - Processing /home/airflow/.local/lib/python3.12/site-packages/airflow/example_dags/example_workday_timetable.py took 0.252 seconds
[2025-12-08T07:39:26.859+0000] {processor.py:186} INFO - Started process (PID=1680) to work on /home/airflow/.local/lib/python3.12/site-packages/airflow/example_dags/example_workday_timetable.py
[2025-12-08T07:39:26.861+0000] {processor.py:914} INFO - Processing file /home/airflow/.local/lib/python3.12/site-packages/airflow/example_dags/example_workday_timetable.py for tasks to queue
[2025-12-08T07:39:26.865+0000] {logging_mixin.py:190} INFO - [2025-12-08T07:39:26.865+0000] {dagbag.py:587} INFO - Filling up the DagBag from /home/airflow/.local/lib/python3.12/site-packages/airflow/example_dags/example_workday_timetable.py
[2025-12-08T07:39:26.876+0000] {processor.py:925} INFO - DAG(s) 'example_workday_timetable' retrieved from /home/airflow/.local/lib/python3.12/site-packages/airflow/example_dags/example_workday_timetable.py
[2025-12-08T07:39:26.917+0000] {logging_mixin.py:190} INFO - [2025-12-08T07:39:26.917+0000] {dag.py:3211} INFO - Sync 1 DAGs
[2025-12-08T07:39:27.022+0000] {logging_mixin.py:190} INFO - [2025-12-08T07:39:27.022+0000] {dag.py:4138} INFO - Setting next_dagrun for example_workday_timetable to 2021-01-04 00:00:00+00:00, run_after=2021-01-05 00:00:00+00:00
[2025-12-08T07:39:27.068+0000] {processor.py:208} INFO - Processing /home/airflow/.local/lib/python3.12/site-packages/airflow/example_dags/example_workday_timetable.py took 0.219 seconds
[2025-12-08T07:39:57.323+0000] {processor.py:186} INFO - Started process (PID=1743) to work on /home/airflow/.local/lib/python3.12/site-packages/airflow/example_dags/example_workday_timetable.py
[2025-12-08T07:39:57.327+0000] {processor.py:914} INFO - Processing file /home/airflow/.local/lib/python3.12/site-packages/airflow/example_dags/example_workday_timetable.py for tasks to queue
[2025-12-08T07:39:57.332+0000] {logging_mixin.py:190} INFO - [2025-12-08T07:39:57.332+0000] {dagbag.py:587} INFO - Filling up the DagBag from /home/airflow/.local/lib/python3.12/site-packages/airflow/example_dags/example_workday_timetable.py
[2025-12-08T07:39:57.343+0000] {processor.py:925} INFO - DAG(s) 'example_workday_timetable' retrieved from /home/airflow/.local/lib/python3.12/site-packages/airflow/example_dags/example_workday_timetable.py
[2025-12-08T07:39:57.389+0000] {logging_mixin.py:190} INFO - [2025-12-08T07:39:57.388+0000] {dag.py:3211} INFO - Sync 1 DAGs
[2025-12-08T07:39:57.517+0000] {logging_mixin.py:190} INFO - [2025-12-08T07:39:57.517+0000] {dag.py:4138} INFO - Setting next_dagrun for example_workday_timetable to 2021-01-04 00:00:00+00:00, run_after=2021-01-05 00:00:00+00:00
[2025-12-08T07:39:57.554+0000] {processor.py:208} INFO - Processing /home/airflow/.local/lib/python3.12/site-packages/airflow/example_dags/example_workday_timetable.py took 0.243 seconds
[2025-12-08T07:40:28.025+0000] {processor.py:186} INFO - Started process (PID=1806) to work on /home/airflow/.local/lib/python3.12/site-packages/airflow/example_dags/example_workday_timetable.py
[2025-12-08T07:40:28.030+0000] {processor.py:914} INFO - Processing file /home/airflow/.local/lib/python3.12/site-packages/airflow/example_dags/example_workday_timetable.py for tasks to queue
[2025-12-08T07:40:28.039+0000] {logging_mixin.py:190} INFO - [2025-12-08T07:40:28.038+0000] {dagbag.py:587} INFO - Filling up the DagBag from /home/airflow/.local/lib/python3.12/site-packages/airflow/example_dags/example_workday_timetable.py
[2025-12-08T07:40:28.062+0000] {processor.py:925} INFO - DAG(s) 'example_workday_timetable' retrieved from /home/airflow/.local/lib/python3.12/site-packages/airflow/example_dags/example_workday_timetable.py
[2025-12-08T07:40:28.125+0000] {logging_mixin.py:190} INFO - [2025-12-08T07:40:28.124+0000] {dag.py:3211} INFO - Sync 1 DAGs
[2025-12-08T07:40:28.322+0000] {logging_mixin.py:190} INFO - [2025-12-08T07:40:28.322+0000] {dag.py:4138} INFO - Setting next_dagrun for example_workday_timetable to 2021-01-04 00:00:00+00:00, run_after=2021-01-05 00:00:00+00:00
[2025-12-08T07:40:28.385+0000] {processor.py:208} INFO - Processing /home/airflow/.local/lib/python3.12/site-packages/airflow/example_dags/example_workday_timetable.py took 0.377 seconds
[2025-12-08T07:40:58.730+0000] {processor.py:186} INFO - Started process (PID=1870) to work on /home/airflow/.local/lib/python3.12/site-packages/airflow/example_dags/example_workday_timetable.py
[2025-12-08T07:40:58.734+0000] {processor.py:914} INFO - Processing file /home/airflow/.local/lib/python3.12/site-packages/airflow/example_dags/example_workday_timetable.py for tasks to queue
[2025-12-08T07:40:58.739+0000] {logging_mixin.py:190} INFO - [2025-12-08T07:40:58.738+0000] {dagbag.py:587} INFO - Filling up the DagBag from /home/airflow/.local/lib/python3.12/site-packages/airflow/example_dags/example_workday_timetable.py
[2025-12-08T07:40:58.753+0000] {processor.py:925} INFO - DAG(s) 'example_workday_timetable' retrieved from /home/airflow/.local/lib/python3.12/site-packages/airflow/example_dags/example_workday_timetable.py
[2025-12-08T07:40:58.802+0000] {logging_mixin.py:190} INFO - [2025-12-08T07:40:58.802+0000] {dag.py:3211} INFO - Sync 1 DAGs
[2025-12-08T07:40:58.945+0000] {logging_mixin.py:190} INFO - [2025-12-08T07:40:58.945+0000] {dag.py:4138} INFO - Setting next_dagrun for example_workday_timetable to 2021-01-04 00:00:00+00:00, run_after=2021-01-05 00:00:00+00:00
[2025-12-08T07:40:58.992+0000] {processor.py:208} INFO - Processing /home/airflow/.local/lib/python3.12/site-packages/airflow/example_dags/example_workday_timetable.py took 0.276 seconds
[2025-12-08T07:41:29.205+0000] {processor.py:186} INFO - Started process (PID=1932) to work on /home/airflow/.local/lib/python3.12/site-packages/airflow/example_dags/example_workday_timetable.py
[2025-12-08T07:41:29.208+0000] {processor.py:914} INFO - Processing file /home/airflow/.local/lib/python3.12/site-packages/airflow/example_dags/example_workday_timetable.py for tasks to queue
[2025-12-08T07:41:29.216+0000] {logging_mixin.py:190} INFO - [2025-12-08T07:41:29.214+0000] {dagbag.py:587} INFO - Filling up the DagBag from /home/airflow/.local/lib/python3.12/site-packages/airflow/example_dags/example_workday_timetable.py
[2025-12-08T07:41:29.235+0000] {processor.py:925} INFO - DAG(s) 'example_workday_timetable' retrieved from /home/airflow/.local/lib/python3.12/site-packages/airflow/example_dags/example_workday_timetable.py
[2025-12-08T07:41:29.292+0000] {logging_mixin.py:190} INFO - [2025-12-08T07:41:29.291+0000] {dag.py:3211} INFO - Sync 1 DAGs
[2025-12-08T07:41:29.405+0000] {logging_mixin.py:190} INFO - [2025-12-08T07:41:29.405+0000] {dag.py:4138} INFO - Setting next_dagrun for example_workday_timetable to 2021-01-04 00:00:00+00:00, run_after=2021-01-05 00:00:00+00:00
[2025-12-08T07:41:29.453+0000] {processor.py:208} INFO - Processing /home/airflow/.local/lib/python3.12/site-packages/airflow/example_dags/example_workday_timetable.py took 0.258 seconds
[2025-12-08T07:41:59.611+0000] {processor.py:186} INFO - Started process (PID=1995) to work on /home/airflow/.local/lib/python3.12/site-packages/airflow/example_dags/example_workday_timetable.py
[2025-12-08T07:41:59.614+0000] {processor.py:914} INFO - Processing file /home/airflow/.local/lib/python3.12/site-packages/airflow/example_dags/example_workday_timetable.py for tasks to queue
[2025-12-08T07:41:59.620+0000] {logging_mixin.py:190} INFO - [2025-12-08T07:41:59.619+0000] {dagbag.py:587} INFO - Filling up the DagBag from /home/airflow/.local/lib/python3.12/site-packages/airflow/example_dags/example_workday_timetable.py
[2025-12-08T07:41:59.631+0000] {processor.py:925} INFO - DAG(s) 'example_workday_timetable' retrieved from /home/airflow/.local/lib/python3.12/site-packages/airflow/example_dags/example_workday_timetable.py
[2025-12-08T07:41:59.680+0000] {logging_mixin.py:190} INFO - [2025-12-08T07:41:59.679+0000] {dag.py:3211} INFO - Sync 1 DAGs
[2025-12-08T07:41:59.827+0000] {logging_mixin.py:190} INFO - [2025-12-08T07:41:59.827+0000] {dag.py:4138} INFO - Setting next_dagrun for example_workday_timetable to 2021-01-04 00:00:00+00:00, run_after=2021-01-05 00:00:00+00:00
[2025-12-08T07:41:59.883+0000] {processor.py:208} INFO - Processing /home/airflow/.local/lib/python3.12/site-packages/airflow/example_dags/example_workday_timetable.py took 0.284 seconds
[2025-12-08T07:42:30.311+0000] {processor.py:186} INFO - Started process (PID=2060) to work on /home/airflow/.local/lib/python3.12/site-packages/airflow/example_dags/example_workday_timetable.py
[2025-12-08T07:42:30.315+0000] {processor.py:914} INFO - Processing file /home/airflow/.local/lib/python3.12/site-packages/airflow/example_dags/example_workday_timetable.py for tasks to queue
[2025-12-08T07:42:30.322+0000] {logging_mixin.py:190} INFO - [2025-12-08T07:42:30.321+0000] {dagbag.py:587} INFO - Filling up the DagBag from /home/airflow/.local/lib/python3.12/site-packages/airflow/example_dags/example_workday_timetable.py
[2025-12-08T07:42:30.342+0000] {processor.py:925} INFO - DAG(s) 'example_workday_timetable' retrieved from /home/airflow/.local/lib/python3.12/site-packages/airflow/example_dags/example_workday_timetable.py
[2025-12-08T07:42:30.414+0000] {logging_mixin.py:190} INFO - [2025-12-08T07:42:30.413+0000] {dag.py:3211} INFO - Sync 1 DAGs
[2025-12-08T07:42:30.612+0000] {logging_mixin.py:190} INFO - [2025-12-08T07:42:30.612+0000] {dag.py:4138} INFO - Setting next_dagrun for example_workday_timetable to 2021-01-04 00:00:00+00:00, run_after=2021-01-05 00:00:00+00:00
[2025-12-08T07:42:30.674+0000] {processor.py:208} INFO - Processing /home/airflow/.local/lib/python3.12/site-packages/airflow/example_dags/example_workday_timetable.py took 0.380 seconds
[2025-12-08T07:43:01.094+0000] {processor.py:186} INFO - Started process (PID=2121) to work on /home/airflow/.local/lib/python3.12/site-packages/airflow/example_dags/example_workday_timetable.py
[2025-12-08T07:43:01.097+0000] {processor.py:914} INFO - Processing file /home/airflow/.local/lib/python3.12/site-packages/airflow/example_dags/example_workday_timetable.py for tasks to queue
[2025-12-08T07:43:01.104+0000] {logging_mixin.py:190} INFO - [2025-12-08T07:43:01.103+0000] {dagbag.py:587} INFO - Filling up the DagBag from /home/airflow/.local/lib/python3.12/site-packages/airflow/example_dags/example_workday_timetable.py
[2025-12-08T07:43:01.129+0000] {processor.py:925} INFO - DAG(s) 'example_workday_timetable' retrieved from /home/airflow/.local/lib/python3.12/site-packages/airflow/example_dags/example_workday_timetable.py
[2025-12-08T07:43:01.180+0000] {logging_mixin.py:190} INFO - [2025-12-08T07:43:01.179+0000] {dag.py:3211} INFO - Sync 1 DAGs
[2025-12-08T07:43:01.322+0000] {logging_mixin.py:190} INFO - [2025-12-08T07:43:01.321+0000] {dag.py:4138} INFO - Setting next_dagrun for example_workday_timetable to 2021-01-04 00:00:00+00:00, run_after=2021-01-05 00:00:00+00:00
[2025-12-08T07:43:01.368+0000] {processor.py:208} INFO - Processing /home/airflow/.local/lib/python3.12/site-packages/airflow/example_dags/example_workday_timetable.py took 0.289 seconds
[2025-12-08T07:43:31.577+0000] {processor.py:186} INFO - Started process (PID=2184) to work on /home/airflow/.local/lib/python3.12/site-packages/airflow/example_dags/example_workday_timetable.py
[2025-12-08T07:43:31.579+0000] {processor.py:914} INFO - Processing file /home/airflow/.local/lib/python3.12/site-packages/airflow/example_dags/example_workday_timetable.py for tasks to queue
[2025-12-08T07:43:31.586+0000] {logging_mixin.py:190} INFO - [2025-12-08T07:43:31.585+0000] {dagbag.py:587} INFO - Filling up the DagBag from /home/airflow/.local/lib/python3.12/site-packages/airflow/example_dags/example_workday_timetable.py
[2025-12-08T07:43:31.602+0000] {processor.py:925} INFO - DAG(s) 'example_workday_timetable' retrieved from /home/airflow/.local/lib/python3.12/site-packages/airflow/example_dags/example_workday_timetable.py
[2025-12-08T07:43:31.648+0000] {logging_mixin.py:190} INFO - [2025-12-08T07:43:31.648+0000] {dag.py:3211} INFO - Sync 1 DAGs
[2025-12-08T07:43:31.781+0000] {logging_mixin.py:190} INFO - [2025-12-08T07:43:31.780+0000] {dag.py:4138} INFO - Setting next_dagrun for example_workday_timetable to 2021-01-04 00:00:00+00:00, run_after=2021-01-05 00:00:00+00:00
[2025-12-08T07:43:31.828+0000] {processor.py:208} INFO - Processing /home/airflow/.local/lib/python3.12/site-packages/airflow/example_dags/example_workday_timetable.py took 0.264 seconds
[2025-12-08T07:44:02.226+0000] {processor.py:186} INFO - Started process (PID=2248) to work on /home/airflow/.local/lib/python3.12/site-packages/airflow/example_dags/example_workday_timetable.py
[2025-12-08T07:44:02.228+0000] {processor.py:914} INFO - Processing file /home/airflow/.local/lib/python3.12/site-packages/airflow/example_dags/example_workday_timetable.py for tasks to queue
[2025-12-08T07:44:02.236+0000] {logging_mixin.py:190} INFO - [2025-12-08T07:44:02.235+0000] {dagbag.py:587} INFO - Filling up the DagBag from /home/airflow/.local/lib/python3.12/site-packages/airflow/example_dags/example_workday_timetable.py
[2025-12-08T07:44:02.252+0000] {processor.py:925} INFO - DAG(s) 'example_workday_timetable' retrieved from /home/airflow/.local/lib/python3.12/site-packages/airflow/example_dags/example_workday_timetable.py
[2025-12-08T07:44:02.300+0000] {logging_mixin.py:190} INFO - [2025-12-08T07:44:02.299+0000] {dag.py:3211} INFO - Sync 1 DAGs
[2025-12-08T07:44:02.449+0000] {logging_mixin.py:190} INFO - [2025-12-08T07:44:02.448+0000] {dag.py:4138} INFO - Setting next_dagrun for example_workday_timetable to 2021-01-04 00:00:00+00:00, run_after=2021-01-05 00:00:00+00:00
[2025-12-08T07:44:02.491+0000] {processor.py:208} INFO - Processing /home/airflow/.local/lib/python3.12/site-packages/airflow/example_dags/example_workday_timetable.py took 0.280 seconds
[2025-12-08T07:44:32.675+0000] {processor.py:186} INFO - Started process (PID=2310) to work on /home/airflow/.local/lib/python3.12/site-packages/airflow/example_dags/example_workday_timetable.py
[2025-12-08T07:44:32.678+0000] {processor.py:914} INFO - Processing file /home/airflow/.local/lib/python3.12/site-packages/airflow/example_dags/example_workday_timetable.py for tasks to queue
[2025-12-08T07:44:32.686+0000] {logging_mixin.py:190} INFO - [2025-12-08T07:44:32.685+0000] {dagbag.py:587} INFO - Filling up the DagBag from /home/airflow/.local/lib/python3.12/site-packages/airflow/example_dags/example_workday_timetable.py
[2025-12-08T07:44:32.700+0000] {processor.py:925} INFO - DAG(s) 'example_workday_timetable' retrieved from /home/airflow/.local/lib/python3.12/site-packages/airflow/example_dags/example_workday_timetable.py
[2025-12-08T07:44:32.760+0000] {logging_mixin.py:190} INFO - [2025-12-08T07:44:32.759+0000] {dag.py:3211} INFO - Sync 1 DAGs
[2025-12-08T07:44:32.911+0000] {logging_mixin.py:190} INFO - [2025-12-08T07:44:32.910+0000] {dag.py:4138} INFO - Setting next_dagrun for example_workday_timetable to 2021-01-04 00:00:00+00:00, run_after=2021-01-05 00:00:00+00:00
[2025-12-08T07:44:32.957+0000] {processor.py:208} INFO - Processing /home/airflow/.local/lib/python3.12/site-packages/airflow/example_dags/example_workday_timetable.py took 0.293 seconds
[2025-12-08T07:45:03.126+0000] {processor.py:186} INFO - Started process (PID=2373) to work on /home/airflow/.local/lib/python3.12/site-packages/airflow/example_dags/example_workday_timetable.py
[2025-12-08T07:45:03.129+0000] {processor.py:914} INFO - Processing file /home/airflow/.local/lib/python3.12/site-packages/airflow/example_dags/example_workday_timetable.py for tasks to queue
[2025-12-08T07:45:03.141+0000] {logging_mixin.py:190} INFO - [2025-12-08T07:45:03.139+0000] {dagbag.py:587} INFO - Filling up the DagBag from /home/airflow/.local/lib/python3.12/site-packages/airflow/example_dags/example_workday_timetable.py
[2025-12-08T07:45:03.167+0000] {processor.py:925} INFO - DAG(s) 'example_workday_timetable' retrieved from /home/airflow/.local/lib/python3.12/site-packages/airflow/example_dags/example_workday_timetable.py
[2025-12-08T07:45:03.240+0000] {logging_mixin.py:190} INFO - [2025-12-08T07:45:03.239+0000] {dag.py:3211} INFO - Sync 1 DAGs
[2025-12-08T07:45:03.404+0000] {logging_mixin.py:190} INFO - [2025-12-08T07:45:03.403+0000] {dag.py:4138} INFO - Setting next_dagrun for example_workday_timetable to 2021-01-04 00:00:00+00:00, run_after=2021-01-05 00:00:00+00:00
[2025-12-08T07:45:03.460+0000] {processor.py:208} INFO - Processing /home/airflow/.local/lib/python3.12/site-packages/airflow/example_dags/example_workday_timetable.py took 0.357 seconds
[2025-12-08T07:45:33.904+0000] {processor.py:186} INFO - Started process (PID=2442) to work on /home/airflow/.local/lib/python3.12/site-packages/airflow/example_dags/example_workday_timetable.py
[2025-12-08T07:45:33.907+0000] {processor.py:914} INFO - Processing file /home/airflow/.local/lib/python3.12/site-packages/airflow/example_dags/example_workday_timetable.py for tasks to queue
[2025-12-08T07:45:33.921+0000] {logging_mixin.py:190} INFO - [2025-12-08T07:45:33.920+0000] {dagbag.py:587} INFO - Filling up the DagBag from /home/airflow/.local/lib/python3.12/site-packages/airflow/example_dags/example_workday_timetable.py
[2025-12-08T07:45:33.942+0000] {processor.py:925} INFO - DAG(s) 'example_workday_timetable' retrieved from /home/airflow/.local/lib/python3.12/site-packages/airflow/example_dags/example_workday_timetable.py
[2025-12-08T07:45:34.039+0000] {logging_mixin.py:190} INFO - [2025-12-08T07:45:34.039+0000] {dag.py:3211} INFO - Sync 1 DAGs
[2025-12-08T07:45:34.362+0000] {logging_mixin.py:190} INFO - [2025-12-08T07:45:34.362+0000] {dag.py:4138} INFO - Setting next_dagrun for example_workday_timetable to 2021-01-04 00:00:00+00:00, run_after=2021-01-05 00:00:00+00:00
[2025-12-08T07:45:34.436+0000] {processor.py:208} INFO - Processing /home/airflow/.local/lib/python3.12/site-packages/airflow/example_dags/example_workday_timetable.py took 0.557 seconds
[2025-12-08T07:46:05.330+0000] {processor.py:186} INFO - Started process (PID=2505) to work on /home/airflow/.local/lib/python3.12/site-packages/airflow/example_dags/example_workday_timetable.py
[2025-12-08T07:46:05.333+0000] {processor.py:914} INFO - Processing file /home/airflow/.local/lib/python3.12/site-packages/airflow/example_dags/example_workday_timetable.py for tasks to queue
[2025-12-08T07:46:05.339+0000] {logging_mixin.py:190} INFO - [2025-12-08T07:46:05.339+0000] {dagbag.py:587} INFO - Filling up the DagBag from /home/airflow/.local/lib/python3.12/site-packages/airflow/example_dags/example_workday_timetable.py
[2025-12-08T07:46:05.350+0000] {processor.py:925} INFO - DAG(s) 'example_workday_timetable' retrieved from /home/airflow/.local/lib/python3.12/site-packages/airflow/example_dags/example_workday_timetable.py
[2025-12-08T07:46:05.400+0000] {logging_mixin.py:190} INFO - [2025-12-08T07:46:05.399+0000] {dag.py:3211} INFO - Sync 1 DAGs
[2025-12-08T07:46:05.598+0000] {logging_mixin.py:190} INFO - [2025-12-08T07:46:05.597+0000] {dag.py:4138} INFO - Setting next_dagrun for example_workday_timetable to 2021-01-04 00:00:00+00:00, run_after=2021-01-05 00:00:00+00:00
[2025-12-08T07:46:05.657+0000] {processor.py:208} INFO - Processing /home/airflow/.local/lib/python3.12/site-packages/airflow/example_dags/example_workday_timetable.py took 0.347 seconds
[2025-12-08T07:46:35.968+0000] {processor.py:186} INFO - Started process (PID=2568) to work on /home/airflow/.local/lib/python3.12/site-packages/airflow/example_dags/example_workday_timetable.py
[2025-12-08T07:46:35.970+0000] {processor.py:914} INFO - Processing file /home/airflow/.local/lib/python3.12/site-packages/airflow/example_dags/example_workday_timetable.py for tasks to queue
[2025-12-08T07:46:35.977+0000] {logging_mixin.py:190} INFO - [2025-12-08T07:46:35.976+0000] {dagbag.py:587} INFO - Filling up the DagBag from /home/airflow/.local/lib/python3.12/site-packages/airflow/example_dags/example_workday_timetable.py
[2025-12-08T07:46:35.992+0000] {processor.py:925} INFO - DAG(s) 'example_workday_timetable' retrieved from /home/airflow/.local/lib/python3.12/site-packages/airflow/example_dags/example_workday_timetable.py
[2025-12-08T07:46:36.049+0000] {logging_mixin.py:190} INFO - [2025-12-08T07:46:36.049+0000] {dag.py:3211} INFO - Sync 1 DAGs
[2025-12-08T07:46:36.215+0000] {logging_mixin.py:190} INFO - [2025-12-08T07:46:36.215+0000] {dag.py:4138} INFO - Setting next_dagrun for example_workday_timetable to 2021-01-04 00:00:00+00:00, run_after=2021-01-05 00:00:00+00:00
[2025-12-08T07:46:36.262+0000] {processor.py:208} INFO - Processing /home/airflow/.local/lib/python3.12/site-packages/airflow/example_dags/example_workday_timetable.py took 0.310 seconds
[2025-12-08T07:47:06.839+0000] {processor.py:186} INFO - Started process (PID=2631) to work on /home/airflow/.local/lib/python3.12/site-packages/airflow/example_dags/example_workday_timetable.py
[2025-12-08T07:47:06.842+0000] {processor.py:914} INFO - Processing file /home/airflow/.local/lib/python3.12/site-packages/airflow/example_dags/example_workday_timetable.py for tasks to queue
[2025-12-08T07:47:06.847+0000] {logging_mixin.py:190} INFO - [2025-12-08T07:47:06.847+0000] {dagbag.py:587} INFO - Filling up the DagBag from /home/airflow/.local/lib/python3.12/site-packages/airflow/example_dags/example_workday_timetable.py
[2025-12-08T07:47:06.856+0000] {processor.py:925} INFO - DAG(s) 'example_workday_timetable' retrieved from /home/airflow/.local/lib/python3.12/site-packages/airflow/example_dags/example_workday_timetable.py
[2025-12-08T07:47:06.898+0000] {logging_mixin.py:190} INFO - [2025-12-08T07:47:06.897+0000] {dag.py:3211} INFO - Sync 1 DAGs
[2025-12-08T07:47:07.054+0000] {logging_mixin.py:190} INFO - [2025-12-08T07:47:07.054+0000] {dag.py:4138} INFO - Setting next_dagrun for example_workday_timetable to 2021-01-04 00:00:00+00:00, run_after=2021-01-05 00:00:00+00:00
[2025-12-08T07:47:07.113+0000] {processor.py:208} INFO - Processing /home/airflow/.local/lib/python3.12/site-packages/airflow/example_dags/example_workday_timetable.py took 0.287 seconds
[2025-12-08T07:47:37.545+0000] {processor.py:186} INFO - Started process (PID=2694) to work on /home/airflow/.local/lib/python3.12/site-packages/airflow/example_dags/example_workday_timetable.py
[2025-12-08T07:47:37.547+0000] {processor.py:914} INFO - Processing file /home/airflow/.local/lib/python3.12/site-packages/airflow/example_dags/example_workday_timetable.py for tasks to queue
[2025-12-08T07:47:37.553+0000] {logging_mixin.py:190} INFO - [2025-12-08T07:47:37.552+0000] {dagbag.py:587} INFO - Filling up the DagBag from /home/airflow/.local/lib/python3.12/site-packages/airflow/example_dags/example_workday_timetable.py
[2025-12-08T07:47:37.566+0000] {processor.py:925} INFO - DAG(s) 'example_workday_timetable' retrieved from /home/airflow/.local/lib/python3.12/site-packages/airflow/example_dags/example_workday_timetable.py
[2025-12-08T07:47:37.613+0000] {logging_mixin.py:190} INFO - [2025-12-08T07:47:37.612+0000] {dag.py:3211} INFO - Sync 1 DAGs
[2025-12-08T07:47:37.741+0000] {logging_mixin.py:190} INFO - [2025-12-08T07:47:37.741+0000] {dag.py:4138} INFO - Setting next_dagrun for example_workday_timetable to 2021-01-04 00:00:00+00:00, run_after=2021-01-05 00:00:00+00:00
[2025-12-08T07:47:37.790+0000] {processor.py:208} INFO - Processing /home/airflow/.local/lib/python3.12/site-packages/airflow/example_dags/example_workday_timetable.py took 0.257 seconds
[2025-12-08T07:48:08.069+0000] {processor.py:186} INFO - Started process (PID=2757) to work on /home/airflow/.local/lib/python3.12/site-packages/airflow/example_dags/example_workday_timetable.py
[2025-12-08T07:48:08.072+0000] {processor.py:914} INFO - Processing file /home/airflow/.local/lib/python3.12/site-packages/airflow/example_dags/example_workday_timetable.py for tasks to queue
[2025-12-08T07:48:08.076+0000] {logging_mixin.py:190} INFO - [2025-12-08T07:48:08.075+0000] {dagbag.py:587} INFO - Filling up the DagBag from /home/airflow/.local/lib/python3.12/site-packages/airflow/example_dags/example_workday_timetable.py
[2025-12-08T07:48:08.088+0000] {processor.py:925} INFO - DAG(s) 'example_workday_timetable' retrieved from /home/airflow/.local/lib/python3.12/site-packages/airflow/example_dags/example_workday_timetable.py
[2025-12-08T07:48:08.139+0000] {logging_mixin.py:190} INFO - [2025-12-08T07:48:08.139+0000] {dag.py:3211} INFO - Sync 1 DAGs
[2025-12-08T07:48:08.283+0000] {logging_mixin.py:190} INFO - [2025-12-08T07:48:08.283+0000] {dag.py:4138} INFO - Setting next_dagrun for example_workday_timetable to 2021-01-04 00:00:00+00:00, run_after=2021-01-05 00:00:00+00:00
[2025-12-08T07:48:08.328+0000] {processor.py:208} INFO - Processing /home/airflow/.local/lib/python3.12/site-packages/airflow/example_dags/example_workday_timetable.py took 0.271 seconds
[2025-12-08T07:48:38.611+0000] {processor.py:186} INFO - Started process (PID=2820) to work on /home/airflow/.local/lib/python3.12/site-packages/airflow/example_dags/example_workday_timetable.py
[2025-12-08T07:48:38.613+0000] {processor.py:914} INFO - Processing file /home/airflow/.local/lib/python3.12/site-packages/airflow/example_dags/example_workday_timetable.py for tasks to queue
[2025-12-08T07:48:38.621+0000] {logging_mixin.py:190} INFO - [2025-12-08T07:48:38.620+0000] {dagbag.py:587} INFO - Filling up the DagBag from /home/airflow/.local/lib/python3.12/site-packages/airflow/example_dags/example_workday_timetable.py
[2025-12-08T07:48:38.634+0000] {processor.py:925} INFO - DAG(s) 'example_workday_timetable' retrieved from /home/airflow/.local/lib/python3.12/site-packages/airflow/example_dags/example_workday_timetable.py
[2025-12-08T07:48:38.676+0000] {logging_mixin.py:190} INFO - [2025-12-08T07:48:38.676+0000] {dag.py:3211} INFO - Sync 1 DAGs
[2025-12-08T07:48:38.777+0000] {logging_mixin.py:190} INFO - [2025-12-08T07:48:38.776+0000] {dag.py:4138} INFO - Setting next_dagrun for example_workday_timetable to 2021-01-04 00:00:00+00:00, run_after=2021-01-05 00:00:00+00:00
[2025-12-08T07:48:38.817+0000] {processor.py:208} INFO - Processing /home/airflow/.local/lib/python3.12/site-packages/airflow/example_dags/example_workday_timetable.py took 0.224 seconds
[2025-12-08T07:49:09.255+0000] {processor.py:186} INFO - Started process (PID=2883) to work on /home/airflow/.local/lib/python3.12/site-packages/airflow/example_dags/example_workday_timetable.py
[2025-12-08T07:49:09.257+0000] {processor.py:914} INFO - Processing file /home/airflow/.local/lib/python3.12/site-packages/airflow/example_dags/example_workday_timetable.py for tasks to queue
[2025-12-08T07:49:09.262+0000] {logging_mixin.py:190} INFO - [2025-12-08T07:49:09.262+0000] {dagbag.py:587} INFO - Filling up the DagBag from /home/airflow/.local/lib/python3.12/site-packages/airflow/example_dags/example_workday_timetable.py
[2025-12-08T07:49:09.274+0000] {processor.py:925} INFO - DAG(s) 'example_workday_timetable' retrieved from /home/airflow/.local/lib/python3.12/site-packages/airflow/example_dags/example_workday_timetable.py
[2025-12-08T07:49:09.318+0000] {logging_mixin.py:190} INFO - [2025-12-08T07:49:09.317+0000] {dag.py:3211} INFO - Sync 1 DAGs
[2025-12-08T07:49:09.736+0000] {logging_mixin.py:190} INFO - [2025-12-08T07:49:09.736+0000] {dag.py:4138} INFO - Setting next_dagrun for example_workday_timetable to 2021-01-04 00:00:00+00:00, run_after=2021-01-05 00:00:00+00:00
[2025-12-08T07:49:09.774+0000] {processor.py:208} INFO - Processing /home/airflow/.local/lib/python3.12/site-packages/airflow/example_dags/example_workday_timetable.py took 0.528 seconds
[2025-12-08T07:49:40.487+0000] {processor.py:186} INFO - Started process (PID=2946) to work on /home/airflow/.local/lib/python3.12/site-packages/airflow/example_dags/example_workday_timetable.py
[2025-12-08T07:49:40.490+0000] {processor.py:914} INFO - Processing file /home/airflow/.local/lib/python3.12/site-packages/airflow/example_dags/example_workday_timetable.py for tasks to queue
[2025-12-08T07:49:40.494+0000] {logging_mixin.py:190} INFO - [2025-12-08T07:49:40.494+0000] {dagbag.py:587} INFO - Filling up the DagBag from /home/airflow/.local/lib/python3.12/site-packages/airflow/example_dags/example_workday_timetable.py
[2025-12-08T07:49:40.505+0000] {processor.py:925} INFO - DAG(s) 'example_workday_timetable' retrieved from /home/airflow/.local/lib/python3.12/site-packages/airflow/example_dags/example_workday_timetable.py
[2025-12-08T07:49:40.545+0000] {logging_mixin.py:190} INFO - [2025-12-08T07:49:40.545+0000] {dag.py:3211} INFO - Sync 1 DAGs
[2025-12-08T07:49:40.650+0000] {logging_mixin.py:190} INFO - [2025-12-08T07:49:40.649+0000] {dag.py:4138} INFO - Setting next_dagrun for example_workday_timetable to 2021-01-04 00:00:00+00:00, run_after=2021-01-05 00:00:00+00:00
[2025-12-08T07:49:41.000+0000] {processor.py:208} INFO - Processing /home/airflow/.local/lib/python3.12/site-packages/airflow/example_dags/example_workday_timetable.py took 0.524 seconds
[2025-12-08T07:50:11.274+0000] {processor.py:186} INFO - Started process (PID=3009) to work on /home/airflow/.local/lib/python3.12/site-packages/airflow/example_dags/example_workday_timetable.py
[2025-12-08T07:50:11.276+0000] {processor.py:914} INFO - Processing file /home/airflow/.local/lib/python3.12/site-packages/airflow/example_dags/example_workday_timetable.py for tasks to queue
[2025-12-08T07:50:11.282+0000] {logging_mixin.py:190} INFO - [2025-12-08T07:50:11.282+0000] {dagbag.py:587} INFO - Filling up the DagBag from /home/airflow/.local/lib/python3.12/site-packages/airflow/example_dags/example_workday_timetable.py
[2025-12-08T07:50:11.294+0000] {processor.py:925} INFO - DAG(s) 'example_workday_timetable' retrieved from /home/airflow/.local/lib/python3.12/site-packages/airflow/example_dags/example_workday_timetable.py
[2025-12-08T07:50:11.336+0000] {logging_mixin.py:190} INFO - [2025-12-08T07:50:11.335+0000] {dag.py:3211} INFO - Sync 1 DAGs
[2025-12-08T07:50:11.467+0000] {logging_mixin.py:190} INFO - [2025-12-08T07:50:11.467+0000] {dag.py:4138} INFO - Setting next_dagrun for example_workday_timetable to 2021-01-04 00:00:00+00:00, run_after=2021-01-05 00:00:00+00:00
[2025-12-08T07:50:11.516+0000] {processor.py:208} INFO - Processing /home/airflow/.local/lib/python3.12/site-packages/airflow/example_dags/example_workday_timetable.py took 0.253 seconds
[2025-12-08T07:50:42.223+0000] {processor.py:186} INFO - Started process (PID=3072) to work on /home/airflow/.local/lib/python3.12/site-packages/airflow/example_dags/example_workday_timetable.py
[2025-12-08T07:50:42.225+0000] {processor.py:914} INFO - Processing file /home/airflow/.local/lib/python3.12/site-packages/airflow/example_dags/example_workday_timetable.py for tasks to queue
[2025-12-08T07:50:42.231+0000] {logging_mixin.py:190} INFO - [2025-12-08T07:50:42.230+0000] {dagbag.py:587} INFO - Filling up the DagBag from /home/airflow/.local/lib/python3.12/site-packages/airflow/example_dags/example_workday_timetable.py
[2025-12-08T07:50:42.243+0000] {processor.py:925} INFO - DAG(s) 'example_workday_timetable' retrieved from /home/airflow/.local/lib/python3.12/site-packages/airflow/example_dags/example_workday_timetable.py
[2025-12-08T07:50:42.282+0000] {logging_mixin.py:190} INFO - [2025-12-08T07:50:42.281+0000] {dag.py:3211} INFO - Sync 1 DAGs
[2025-12-08T07:50:42.376+0000] {logging_mixin.py:190} INFO - [2025-12-08T07:50:42.375+0000] {dag.py:4138} INFO - Setting next_dagrun for example_workday_timetable to 2021-01-04 00:00:00+00:00, run_after=2021-01-05 00:00:00+00:00
[2025-12-08T07:50:42.416+0000] {processor.py:208} INFO - Processing /home/airflow/.local/lib/python3.12/site-packages/airflow/example_dags/example_workday_timetable.py took 0.208 seconds
[2025-12-08T07:51:12.743+0000] {processor.py:186} INFO - Started process (PID=3135) to work on /home/airflow/.local/lib/python3.12/site-packages/airflow/example_dags/example_workday_timetable.py
[2025-12-08T07:51:12.745+0000] {processor.py:914} INFO - Processing file /home/airflow/.local/lib/python3.12/site-packages/airflow/example_dags/example_workday_timetable.py for tasks to queue
[2025-12-08T07:51:12.750+0000] {logging_mixin.py:190} INFO - [2025-12-08T07:51:12.749+0000] {dagbag.py:587} INFO - Filling up the DagBag from /home/airflow/.local/lib/python3.12/site-packages/airflow/example_dags/example_workday_timetable.py
[2025-12-08T07:51:12.760+0000] {processor.py:925} INFO - DAG(s) 'example_workday_timetable' retrieved from /home/airflow/.local/lib/python3.12/site-packages/airflow/example_dags/example_workday_timetable.py
[2025-12-08T07:51:12.789+0000] {logging_mixin.py:190} INFO - [2025-12-08T07:51:12.789+0000] {dag.py:3211} INFO - Sync 1 DAGs
[2025-12-08T07:51:12.861+0000] {logging_mixin.py:190} INFO - [2025-12-08T07:51:12.861+0000] {dag.py:4138} INFO - Setting next_dagrun for example_workday_timetable to 2021-01-04 00:00:00+00:00, run_after=2021-01-05 00:00:00+00:00
[2025-12-08T07:51:12.892+0000] {processor.py:208} INFO - Processing /home/airflow/.local/lib/python3.12/site-packages/airflow/example_dags/example_workday_timetable.py took 0.155 seconds
[2025-12-08T07:51:43.597+0000] {processor.py:186} INFO - Started process (PID=3198) to work on /home/airflow/.local/lib/python3.12/site-packages/airflow/example_dags/example_workday_timetable.py
[2025-12-08T07:51:43.599+0000] {processor.py:914} INFO - Processing file /home/airflow/.local/lib/python3.12/site-packages/airflow/example_dags/example_workday_timetable.py for tasks to queue
[2025-12-08T07:51:43.602+0000] {logging_mixin.py:190} INFO - [2025-12-08T07:51:43.601+0000] {dagbag.py:587} INFO - Filling up the DagBag from /home/airflow/.local/lib/python3.12/site-packages/airflow/example_dags/example_workday_timetable.py
[2025-12-08T07:51:43.608+0000] {processor.py:925} INFO - DAG(s) 'example_workday_timetable' retrieved from /home/airflow/.local/lib/python3.12/site-packages/airflow/example_dags/example_workday_timetable.py
[2025-12-08T07:51:43.633+0000] {logging_mixin.py:190} INFO - [2025-12-08T07:51:43.633+0000] {dag.py:3211} INFO - Sync 1 DAGs
[2025-12-08T07:51:43.693+0000] {logging_mixin.py:190} INFO - [2025-12-08T07:51:43.692+0000] {dag.py:4138} INFO - Setting next_dagrun for example_workday_timetable to 2021-01-04 00:00:00+00:00, run_after=2021-01-05 00:00:00+00:00
[2025-12-08T07:51:43.715+0000] {processor.py:208} INFO - Processing /home/airflow/.local/lib/python3.12/site-packages/airflow/example_dags/example_workday_timetable.py took 0.126 seconds
[2025-12-08T07:52:14.027+0000] {processor.py:186} INFO - Started process (PID=3261) to work on /home/airflow/.local/lib/python3.12/site-packages/airflow/example_dags/example_workday_timetable.py
[2025-12-08T07:52:14.029+0000] {processor.py:914} INFO - Processing file /home/airflow/.local/lib/python3.12/site-packages/airflow/example_dags/example_workday_timetable.py for tasks to queue
[2025-12-08T07:52:14.034+0000] {logging_mixin.py:190} INFO - [2025-12-08T07:52:14.034+0000] {dagbag.py:587} INFO - Filling up the DagBag from /home/airflow/.local/lib/python3.12/site-packages/airflow/example_dags/example_workday_timetable.py
[2025-12-08T07:52:14.042+0000] {processor.py:925} INFO - DAG(s) 'example_workday_timetable' retrieved from /home/airflow/.local/lib/python3.12/site-packages/airflow/example_dags/example_workday_timetable.py
[2025-12-08T07:52:14.071+0000] {logging_mixin.py:190} INFO - [2025-12-08T07:52:14.070+0000] {dag.py:3211} INFO - Sync 1 DAGs
[2025-12-08T07:52:14.156+0000] {logging_mixin.py:190} INFO - [2025-12-08T07:52:14.155+0000] {dag.py:4138} INFO - Setting next_dagrun for example_workday_timetable to 2021-01-04 00:00:00+00:00, run_after=2021-01-05 00:00:00+00:00
[2025-12-08T07:52:14.186+0000] {processor.py:208} INFO - Processing /home/airflow/.local/lib/python3.12/site-packages/airflow/example_dags/example_workday_timetable.py took 0.165 seconds
[2025-12-08T07:52:44.583+0000] {processor.py:186} INFO - Started process (PID=3324) to work on /home/airflow/.local/lib/python3.12/site-packages/airflow/example_dags/example_workday_timetable.py
[2025-12-08T07:52:44.585+0000] {processor.py:914} INFO - Processing file /home/airflow/.local/lib/python3.12/site-packages/airflow/example_dags/example_workday_timetable.py for tasks to queue
[2025-12-08T07:52:44.589+0000] {logging_mixin.py:190} INFO - [2025-12-08T07:52:44.588+0000] {dagbag.py:587} INFO - Filling up the DagBag from /home/airflow/.local/lib/python3.12/site-packages/airflow/example_dags/example_workday_timetable.py
[2025-12-08T07:52:44.597+0000] {processor.py:925} INFO - DAG(s) 'example_workday_timetable' retrieved from /home/airflow/.local/lib/python3.12/site-packages/airflow/example_dags/example_workday_timetable.py
[2025-12-08T07:52:44.625+0000] {logging_mixin.py:190} INFO - [2025-12-08T07:52:44.625+0000] {dag.py:3211} INFO - Sync 1 DAGs
[2025-12-08T07:52:44.695+0000] {logging_mixin.py:190} INFO - [2025-12-08T07:52:44.694+0000] {dag.py:4138} INFO - Setting next_dagrun for example_workday_timetable to 2021-01-04 00:00:00+00:00, run_after=2021-01-05 00:00:00+00:00
[2025-12-08T07:52:44.724+0000] {processor.py:208} INFO - Processing /home/airflow/.local/lib/python3.12/site-packages/airflow/example_dags/example_workday_timetable.py took 0.148 seconds
[2025-12-08T07:53:14.896+0000] {processor.py:186} INFO - Started process (PID=3387) to work on /home/airflow/.local/lib/python3.12/site-packages/airflow/example_dags/example_workday_timetable.py
[2025-12-08T07:53:14.899+0000] {processor.py:914} INFO - Processing file /home/airflow/.local/lib/python3.12/site-packages/airflow/example_dags/example_workday_timetable.py for tasks to queue
[2025-12-08T07:53:14.910+0000] {logging_mixin.py:190} INFO - [2025-12-08T07:53:14.907+0000] {dagbag.py:587} INFO - Filling up the DagBag from /home/airflow/.local/lib/python3.12/site-packages/airflow/example_dags/example_workday_timetable.py
[2025-12-08T07:53:14.954+0000] {processor.py:925} INFO - DAG(s) 'example_workday_timetable' retrieved from /home/airflow/.local/lib/python3.12/site-packages/airflow/example_dags/example_workday_timetable.py
[2025-12-08T07:53:15.057+0000] {logging_mixin.py:190} INFO - [2025-12-08T07:53:15.057+0000] {dag.py:3211} INFO - Sync 1 DAGs
[2025-12-08T07:53:15.445+0000] {logging_mixin.py:190} INFO - [2025-12-08T07:53:15.444+0000] {dag.py:4138} INFO - Setting next_dagrun for example_workday_timetable to 2021-01-04 00:00:00+00:00, run_after=2021-01-05 00:00:00+00:00
[2025-12-08T07:53:15.513+0000] {processor.py:208} INFO - Processing /home/airflow/.local/lib/python3.12/site-packages/airflow/example_dags/example_workday_timetable.py took 0.549 seconds
[2025-12-08T07:53:45.623+0000] {processor.py:186} INFO - Started process (PID=3450) to work on /home/airflow/.local/lib/python3.12/site-packages/airflow/example_dags/example_workday_timetable.py
[2025-12-08T07:53:45.625+0000] {processor.py:914} INFO - Processing file /home/airflow/.local/lib/python3.12/site-packages/airflow/example_dags/example_workday_timetable.py for tasks to queue
[2025-12-08T07:53:45.631+0000] {logging_mixin.py:190} INFO - [2025-12-08T07:53:45.630+0000] {dagbag.py:587} INFO - Filling up the DagBag from /home/airflow/.local/lib/python3.12/site-packages/airflow/example_dags/example_workday_timetable.py
[2025-12-08T07:53:45.640+0000] {processor.py:925} INFO - DAG(s) 'example_workday_timetable' retrieved from /home/airflow/.local/lib/python3.12/site-packages/airflow/example_dags/example_workday_timetable.py
[2025-12-08T07:53:45.670+0000] {logging_mixin.py:190} INFO - [2025-12-08T07:53:45.669+0000] {dag.py:3211} INFO - Sync 1 DAGs
[2025-12-08T07:53:45.737+0000] {logging_mixin.py:190} INFO - [2025-12-08T07:53:45.736+0000] {dag.py:4138} INFO - Setting next_dagrun for example_workday_timetable to 2021-01-04 00:00:00+00:00, run_after=2021-01-05 00:00:00+00:00
[2025-12-08T07:53:45.763+0000] {processor.py:208} INFO - Processing /home/airflow/.local/lib/python3.12/site-packages/airflow/example_dags/example_workday_timetable.py took 0.150 seconds
[2025-12-08T07:54:17.072+0000] {processor.py:186} INFO - Started process (PID=3513) to work on /home/airflow/.local/lib/python3.12/site-packages/airflow/example_dags/example_workday_timetable.py
[2025-12-08T07:54:17.087+0000] {processor.py:914} INFO - Processing file /home/airflow/.local/lib/python3.12/site-packages/airflow/example_dags/example_workday_timetable.py for tasks to queue
[2025-12-08T07:54:17.113+0000] {logging_mixin.py:190} INFO - [2025-12-08T07:54:17.111+0000] {dagbag.py:587} INFO - Filling up the DagBag from /home/airflow/.local/lib/python3.12/site-packages/airflow/example_dags/example_workday_timetable.py
[2025-12-08T07:54:17.169+0000] {processor.py:925} INFO - DAG(s) 'example_workday_timetable' retrieved from /home/airflow/.local/lib/python3.12/site-packages/airflow/example_dags/example_workday_timetable.py
[2025-12-08T07:54:17.305+0000] {logging_mixin.py:190} INFO - [2025-12-08T07:54:17.304+0000] {dag.py:3211} INFO - Sync 1 DAGs
[2025-12-08T07:54:17.766+0000] {logging_mixin.py:190} INFO - [2025-12-08T07:54:17.765+0000] {dag.py:4138} INFO - Setting next_dagrun for example_workday_timetable to 2021-01-04 00:00:00+00:00, run_after=2021-01-05 00:00:00+00:00
[2025-12-08T07:54:17.854+0000] {processor.py:208} INFO - Processing /home/airflow/.local/lib/python3.12/site-packages/airflow/example_dags/example_workday_timetable.py took 0.829 seconds
[2025-12-08T07:54:48.338+0000] {processor.py:186} INFO - Started process (PID=3576) to work on /home/airflow/.local/lib/python3.12/site-packages/airflow/example_dags/example_workday_timetable.py
[2025-12-08T07:54:48.339+0000] {processor.py:914} INFO - Processing file /home/airflow/.local/lib/python3.12/site-packages/airflow/example_dags/example_workday_timetable.py for tasks to queue
[2025-12-08T07:54:48.348+0000] {logging_mixin.py:190} INFO - [2025-12-08T07:54:48.346+0000] {dagbag.py:587} INFO - Filling up the DagBag from /home/airflow/.local/lib/python3.12/site-packages/airflow/example_dags/example_workday_timetable.py
[2025-12-08T07:54:48.356+0000] {processor.py:925} INFO - DAG(s) 'example_workday_timetable' retrieved from /home/airflow/.local/lib/python3.12/site-packages/airflow/example_dags/example_workday_timetable.py
[2025-12-08T07:54:48.389+0000] {logging_mixin.py:190} INFO - [2025-12-08T07:54:48.389+0000] {dag.py:3211} INFO - Sync 1 DAGs
[2025-12-08T07:54:48.471+0000] {logging_mixin.py:190} INFO - [2025-12-08T07:54:48.470+0000] {dag.py:4138} INFO - Setting next_dagrun for example_workday_timetable to 2021-01-04 00:00:00+00:00, run_after=2021-01-05 00:00:00+00:00
[2025-12-08T07:54:48.500+0000] {processor.py:208} INFO - Processing /home/airflow/.local/lib/python3.12/site-packages/airflow/example_dags/example_workday_timetable.py took 0.169 seconds
[2025-12-08T07:55:18.997+0000] {processor.py:186} INFO - Started process (PID=3639) to work on /home/airflow/.local/lib/python3.12/site-packages/airflow/example_dags/example_workday_timetable.py
[2025-12-08T07:55:18.999+0000] {processor.py:914} INFO - Processing file /home/airflow/.local/lib/python3.12/site-packages/airflow/example_dags/example_workday_timetable.py for tasks to queue
[2025-12-08T07:55:19.005+0000] {logging_mixin.py:190} INFO - [2025-12-08T07:55:19.005+0000] {dagbag.py:587} INFO - Filling up the DagBag from /home/airflow/.local/lib/python3.12/site-packages/airflow/example_dags/example_workday_timetable.py
[2025-12-08T07:55:19.018+0000] {processor.py:925} INFO - DAG(s) 'example_workday_timetable' retrieved from /home/airflow/.local/lib/python3.12/site-packages/airflow/example_dags/example_workday_timetable.py
[2025-12-08T07:55:19.050+0000] {logging_mixin.py:190} INFO - [2025-12-08T07:55:19.050+0000] {dag.py:3211} INFO - Sync 1 DAGs
[2025-12-08T07:55:19.122+0000] {logging_mixin.py:190} INFO - [2025-12-08T07:55:19.122+0000] {dag.py:4138} INFO - Setting next_dagrun for example_workday_timetable to 2021-01-04 00:00:00+00:00, run_after=2021-01-05 00:00:00+00:00
[2025-12-08T07:55:19.151+0000] {processor.py:208} INFO - Processing /home/airflow/.local/lib/python3.12/site-packages/airflow/example_dags/example_workday_timetable.py took 0.163 seconds
[2025-12-08T07:55:49.481+0000] {processor.py:186} INFO - Started process (PID=3703) to work on /home/airflow/.local/lib/python3.12/site-packages/airflow/example_dags/example_workday_timetable.py
[2025-12-08T07:55:49.484+0000] {processor.py:914} INFO - Processing file /home/airflow/.local/lib/python3.12/site-packages/airflow/example_dags/example_workday_timetable.py for tasks to queue
[2025-12-08T07:55:49.493+0000] {logging_mixin.py:190} INFO - [2025-12-08T07:55:49.492+0000] {dagbag.py:587} INFO - Filling up the DagBag from /home/airflow/.local/lib/python3.12/site-packages/airflow/example_dags/example_workday_timetable.py
[2025-12-08T07:55:49.502+0000] {processor.py:925} INFO - DAG(s) 'example_workday_timetable' retrieved from /home/airflow/.local/lib/python3.12/site-packages/airflow/example_dags/example_workday_timetable.py
[2025-12-08T07:55:49.536+0000] {logging_mixin.py:190} INFO - [2025-12-08T07:55:49.535+0000] {dag.py:3211} INFO - Sync 1 DAGs
[2025-12-08T07:55:49.615+0000] {logging_mixin.py:190} INFO - [2025-12-08T07:55:49.614+0000] {dag.py:4138} INFO - Setting next_dagrun for example_workday_timetable to 2021-01-04 00:00:00+00:00, run_after=2021-01-05 00:00:00+00:00
[2025-12-08T07:55:49.649+0000] {processor.py:208} INFO - Processing /home/airflow/.local/lib/python3.12/site-packages/airflow/example_dags/example_workday_timetable.py took 0.183 seconds
[2025-12-08T07:56:19.780+0000] {processor.py:186} INFO - Started process (PID=3767) to work on /home/airflow/.local/lib/python3.12/site-packages/airflow/example_dags/example_workday_timetable.py
[2025-12-08T07:56:19.782+0000] {processor.py:914} INFO - Processing file /home/airflow/.local/lib/python3.12/site-packages/airflow/example_dags/example_workday_timetable.py for tasks to queue
[2025-12-08T07:56:19.787+0000] {logging_mixin.py:190} INFO - [2025-12-08T07:56:19.786+0000] {dagbag.py:587} INFO - Filling up the DagBag from /home/airflow/.local/lib/python3.12/site-packages/airflow/example_dags/example_workday_timetable.py
[2025-12-08T07:56:19.797+0000] {processor.py:925} INFO - DAG(s) 'example_workday_timetable' retrieved from /home/airflow/.local/lib/python3.12/site-packages/airflow/example_dags/example_workday_timetable.py
[2025-12-08T07:56:19.829+0000] {logging_mixin.py:190} INFO - [2025-12-08T07:56:19.829+0000] {dag.py:3211} INFO - Sync 1 DAGs
[2025-12-08T07:56:19.904+0000] {logging_mixin.py:190} INFO - [2025-12-08T07:56:19.903+0000] {dag.py:4138} INFO - Setting next_dagrun for example_workday_timetable to 2021-01-04 00:00:00+00:00, run_after=2021-01-05 00:00:00+00:00
[2025-12-08T07:56:19.936+0000] {processor.py:208} INFO - Processing /home/airflow/.local/lib/python3.12/site-packages/airflow/example_dags/example_workday_timetable.py took 0.162 seconds
[2025-12-08T07:56:50.643+0000] {processor.py:186} INFO - Started process (PID=3830) to work on /home/airflow/.local/lib/python3.12/site-packages/airflow/example_dags/example_workday_timetable.py
[2025-12-08T07:56:50.645+0000] {processor.py:914} INFO - Processing file /home/airflow/.local/lib/python3.12/site-packages/airflow/example_dags/example_workday_timetable.py for tasks to queue
[2025-12-08T07:56:50.649+0000] {logging_mixin.py:190} INFO - [2025-12-08T07:56:50.648+0000] {dagbag.py:587} INFO - Filling up the DagBag from /home/airflow/.local/lib/python3.12/site-packages/airflow/example_dags/example_workday_timetable.py
[2025-12-08T07:56:50.665+0000] {processor.py:925} INFO - DAG(s) 'example_workday_timetable' retrieved from /home/airflow/.local/lib/python3.12/site-packages/airflow/example_dags/example_workday_timetable.py
[2025-12-08T07:56:50.705+0000] {logging_mixin.py:190} INFO - [2025-12-08T07:56:50.704+0000] {dag.py:3211} INFO - Sync 1 DAGs
[2025-12-08T07:56:50.806+0000] {logging_mixin.py:190} INFO - [2025-12-08T07:56:50.806+0000] {dag.py:4138} INFO - Setting next_dagrun for example_workday_timetable to 2021-01-04 00:00:00+00:00, run_after=2021-01-05 00:00:00+00:00
[2025-12-08T07:56:50.836+0000] {processor.py:208} INFO - Processing /home/airflow/.local/lib/python3.12/site-packages/airflow/example_dags/example_workday_timetable.py took 0.205 seconds
[2025-12-08T07:57:21.359+0000] {processor.py:186} INFO - Started process (PID=3893) to work on /home/airflow/.local/lib/python3.12/site-packages/airflow/example_dags/example_workday_timetable.py
[2025-12-08T07:57:21.361+0000] {processor.py:914} INFO - Processing file /home/airflow/.local/lib/python3.12/site-packages/airflow/example_dags/example_workday_timetable.py for tasks to queue
[2025-12-08T07:57:21.365+0000] {logging_mixin.py:190} INFO - [2025-12-08T07:57:21.365+0000] {dagbag.py:587} INFO - Filling up the DagBag from /home/airflow/.local/lib/python3.12/site-packages/airflow/example_dags/example_workday_timetable.py
[2025-12-08T07:57:21.377+0000] {processor.py:925} INFO - DAG(s) 'example_workday_timetable' retrieved from /home/airflow/.local/lib/python3.12/site-packages/airflow/example_dags/example_workday_timetable.py
[2025-12-08T07:57:21.412+0000] {logging_mixin.py:190} INFO - [2025-12-08T07:57:21.412+0000] {dag.py:3211} INFO - Sync 1 DAGs
[2025-12-08T07:57:21.496+0000] {logging_mixin.py:190} INFO - [2025-12-08T07:57:21.496+0000] {dag.py:4138} INFO - Setting next_dagrun for example_workday_timetable to 2021-01-04 00:00:00+00:00, run_after=2021-01-05 00:00:00+00:00
[2025-12-08T07:57:21.526+0000] {processor.py:208} INFO - Processing /home/airflow/.local/lib/python3.12/site-packages/airflow/example_dags/example_workday_timetable.py took 0.174 seconds
[2025-12-08T07:57:51.747+0000] {processor.py:186} INFO - Started process (PID=3957) to work on /home/airflow/.local/lib/python3.12/site-packages/airflow/example_dags/example_workday_timetable.py
[2025-12-08T07:57:51.748+0000] {processor.py:914} INFO - Processing file /home/airflow/.local/lib/python3.12/site-packages/airflow/example_dags/example_workday_timetable.py for tasks to queue
[2025-12-08T07:57:51.751+0000] {logging_mixin.py:190} INFO - [2025-12-08T07:57:51.751+0000] {dagbag.py:587} INFO - Filling up the DagBag from /home/airflow/.local/lib/python3.12/site-packages/airflow/example_dags/example_workday_timetable.py
[2025-12-08T07:57:51.760+0000] {processor.py:925} INFO - DAG(s) 'example_workday_timetable' retrieved from /home/airflow/.local/lib/python3.12/site-packages/airflow/example_dags/example_workday_timetable.py
[2025-12-08T07:57:51.786+0000] {logging_mixin.py:190} INFO - [2025-12-08T07:57:51.786+0000] {dag.py:3211} INFO - Sync 1 DAGs
[2025-12-08T07:57:51.851+0000] {logging_mixin.py:190} INFO - [2025-12-08T07:57:51.851+0000] {dag.py:4138} INFO - Setting next_dagrun for example_workday_timetable to 2021-01-04 00:00:00+00:00, run_after=2021-01-05 00:00:00+00:00
[2025-12-08T07:57:51.881+0000] {processor.py:208} INFO - Processing /home/airflow/.local/lib/python3.12/site-packages/airflow/example_dags/example_workday_timetable.py took 0.140 seconds
[2025-12-08T07:58:22.164+0000] {processor.py:186} INFO - Started process (PID=4020) to work on /home/airflow/.local/lib/python3.12/site-packages/airflow/example_dags/example_workday_timetable.py
[2025-12-08T07:58:22.165+0000] {processor.py:914} INFO - Processing file /home/airflow/.local/lib/python3.12/site-packages/airflow/example_dags/example_workday_timetable.py for tasks to queue
[2025-12-08T07:58:22.169+0000] {logging_mixin.py:190} INFO - [2025-12-08T07:58:22.168+0000] {dagbag.py:587} INFO - Filling up the DagBag from /home/airflow/.local/lib/python3.12/site-packages/airflow/example_dags/example_workday_timetable.py
[2025-12-08T07:58:22.175+0000] {processor.py:925} INFO - DAG(s) 'example_workday_timetable' retrieved from /home/airflow/.local/lib/python3.12/site-packages/airflow/example_dags/example_workday_timetable.py
[2025-12-08T07:58:22.201+0000] {logging_mixin.py:190} INFO - [2025-12-08T07:58:22.201+0000] {dag.py:3211} INFO - Sync 1 DAGs
[2025-12-08T07:58:22.264+0000] {logging_mixin.py:190} INFO - [2025-12-08T07:58:22.264+0000] {dag.py:4138} INFO - Setting next_dagrun for example_workday_timetable to 2021-01-04 00:00:00+00:00, run_after=2021-01-05 00:00:00+00:00
[2025-12-08T07:58:22.294+0000] {processor.py:208} INFO - Processing /home/airflow/.local/lib/python3.12/site-packages/airflow/example_dags/example_workday_timetable.py took 0.138 seconds
[2025-12-08T07:58:52.480+0000] {processor.py:186} INFO - Started process (PID=4084) to work on /home/airflow/.local/lib/python3.12/site-packages/airflow/example_dags/example_workday_timetable.py
[2025-12-08T07:58:52.484+0000] {processor.py:914} INFO - Processing file /home/airflow/.local/lib/python3.12/site-packages/airflow/example_dags/example_workday_timetable.py for tasks to queue
[2025-12-08T07:58:52.489+0000] {logging_mixin.py:190} INFO - [2025-12-08T07:58:52.488+0000] {dagbag.py:587} INFO - Filling up the DagBag from /home/airflow/.local/lib/python3.12/site-packages/airflow/example_dags/example_workday_timetable.py
[2025-12-08T07:58:52.498+0000] {processor.py:925} INFO - DAG(s) 'example_workday_timetable' retrieved from /home/airflow/.local/lib/python3.12/site-packages/airflow/example_dags/example_workday_timetable.py
[2025-12-08T07:58:52.524+0000] {logging_mixin.py:190} INFO - [2025-12-08T07:58:52.524+0000] {dag.py:3211} INFO - Sync 1 DAGs
[2025-12-08T07:58:52.584+0000] {logging_mixin.py:190} INFO - [2025-12-08T07:58:52.584+0000] {dag.py:4138} INFO - Setting next_dagrun for example_workday_timetable to 2021-01-04 00:00:00+00:00, run_after=2021-01-05 00:00:00+00:00
[2025-12-08T07:58:52.608+0000] {processor.py:208} INFO - Processing /home/airflow/.local/lib/python3.12/site-packages/airflow/example_dags/example_workday_timetable.py took 0.145 seconds
[2025-12-08T07:59:22.932+0000] {processor.py:186} INFO - Started process (PID=4147) to work on /home/airflow/.local/lib/python3.12/site-packages/airflow/example_dags/example_workday_timetable.py
[2025-12-08T07:59:22.934+0000] {processor.py:914} INFO - Processing file /home/airflow/.local/lib/python3.12/site-packages/airflow/example_dags/example_workday_timetable.py for tasks to queue
[2025-12-08T07:59:22.939+0000] {logging_mixin.py:190} INFO - [2025-12-08T07:59:22.938+0000] {dagbag.py:587} INFO - Filling up the DagBag from /home/airflow/.local/lib/python3.12/site-packages/airflow/example_dags/example_workday_timetable.py
[2025-12-08T07:59:22.948+0000] {processor.py:925} INFO - DAG(s) 'example_workday_timetable' retrieved from /home/airflow/.local/lib/python3.12/site-packages/airflow/example_dags/example_workday_timetable.py
[2025-12-08T07:59:22.984+0000] {logging_mixin.py:190} INFO - [2025-12-08T07:59:22.984+0000] {dag.py:3211} INFO - Sync 1 DAGs
[2025-12-08T07:59:23.057+0000] {logging_mixin.py:190} INFO - [2025-12-08T07:59:23.057+0000] {dag.py:4138} INFO - Setting next_dagrun for example_workday_timetable to 2021-01-04 00:00:00+00:00, run_after=2021-01-05 00:00:00+00:00
[2025-12-08T07:59:23.087+0000] {processor.py:208} INFO - Processing /home/airflow/.local/lib/python3.12/site-packages/airflow/example_dags/example_workday_timetable.py took 0.164 seconds
[2025-12-08T07:59:53.210+0000] {processor.py:186} INFO - Started process (PID=4210) to work on /home/airflow/.local/lib/python3.12/site-packages/airflow/example_dags/example_workday_timetable.py
[2025-12-08T07:59:53.212+0000] {processor.py:914} INFO - Processing file /home/airflow/.local/lib/python3.12/site-packages/airflow/example_dags/example_workday_timetable.py for tasks to queue
[2025-12-08T07:59:53.218+0000] {logging_mixin.py:190} INFO - [2025-12-08T07:59:53.217+0000] {dagbag.py:587} INFO - Filling up the DagBag from /home/airflow/.local/lib/python3.12/site-packages/airflow/example_dags/example_workday_timetable.py
[2025-12-08T07:59:53.226+0000] {processor.py:925} INFO - DAG(s) 'example_workday_timetable' retrieved from /home/airflow/.local/lib/python3.12/site-packages/airflow/example_dags/example_workday_timetable.py
[2025-12-08T07:59:53.258+0000] {logging_mixin.py:190} INFO - [2025-12-08T07:59:53.257+0000] {dag.py:3211} INFO - Sync 1 DAGs
[2025-12-08T07:59:53.327+0000] {logging_mixin.py:190} INFO - [2025-12-08T07:59:53.327+0000] {dag.py:4138} INFO - Setting next_dagrun for example_workday_timetable to 2021-01-04 00:00:00+00:00, run_after=2021-01-05 00:00:00+00:00
[2025-12-08T07:59:53.351+0000] {processor.py:208} INFO - Processing /home/airflow/.local/lib/python3.12/site-packages/airflow/example_dags/example_workday_timetable.py took 0.150 seconds
[2025-12-08T08:00:23.570+0000] {processor.py:186} INFO - Started process (PID=4274) to work on /home/airflow/.local/lib/python3.12/site-packages/airflow/example_dags/example_workday_timetable.py
[2025-12-08T08:00:23.572+0000] {processor.py:914} INFO - Processing file /home/airflow/.local/lib/python3.12/site-packages/airflow/example_dags/example_workday_timetable.py for tasks to queue
[2025-12-08T08:00:23.577+0000] {logging_mixin.py:190} INFO - [2025-12-08T08:00:23.576+0000] {dagbag.py:587} INFO - Filling up the DagBag from /home/airflow/.local/lib/python3.12/site-packages/airflow/example_dags/example_workday_timetable.py
[2025-12-08T08:00:23.584+0000] {processor.py:925} INFO - DAG(s) 'example_workday_timetable' retrieved from /home/airflow/.local/lib/python3.12/site-packages/airflow/example_dags/example_workday_timetable.py
[2025-12-08T08:00:23.612+0000] {logging_mixin.py:190} INFO - [2025-12-08T08:00:23.611+0000] {dag.py:3211} INFO - Sync 1 DAGs
[2025-12-08T08:00:23.676+0000] {logging_mixin.py:190} INFO - [2025-12-08T08:00:23.676+0000] {dag.py:4138} INFO - Setting next_dagrun for example_workday_timetable to 2021-01-04 00:00:00+00:00, run_after=2021-01-05 00:00:00+00:00
[2025-12-08T08:00:23.697+0000] {processor.py:208} INFO - Processing /home/airflow/.local/lib/python3.12/site-packages/airflow/example_dags/example_workday_timetable.py took 0.136 seconds
[2025-12-08T08:00:53.840+0000] {processor.py:186} INFO - Started process (PID=4336) to work on /home/airflow/.local/lib/python3.12/site-packages/airflow/example_dags/example_workday_timetable.py
[2025-12-08T08:00:53.843+0000] {processor.py:914} INFO - Processing file /home/airflow/.local/lib/python3.12/site-packages/airflow/example_dags/example_workday_timetable.py for tasks to queue
[2025-12-08T08:00:53.854+0000] {logging_mixin.py:190} INFO - [2025-12-08T08:00:53.853+0000] {dagbag.py:587} INFO - Filling up the DagBag from /home/airflow/.local/lib/python3.12/site-packages/airflow/example_dags/example_workday_timetable.py
[2025-12-08T08:00:53.867+0000] {processor.py:925} INFO - DAG(s) 'example_workday_timetable' retrieved from /home/airflow/.local/lib/python3.12/site-packages/airflow/example_dags/example_workday_timetable.py
[2025-12-08T08:00:53.896+0000] {logging_mixin.py:190} INFO - [2025-12-08T08:00:53.895+0000] {dag.py:3211} INFO - Sync 1 DAGs
[2025-12-08T08:00:53.958+0000] {logging_mixin.py:190} INFO - [2025-12-08T08:00:53.958+0000] {dag.py:4138} INFO - Setting next_dagrun for example_workday_timetable to 2021-01-04 00:00:00+00:00, run_after=2021-01-05 00:00:00+00:00
[2025-12-08T08:00:53.983+0000] {processor.py:208} INFO - Processing /home/airflow/.local/lib/python3.12/site-packages/airflow/example_dags/example_workday_timetable.py took 0.156 seconds
[2025-12-08T08:01:24.337+0000] {processor.py:186} INFO - Started process (PID=4399) to work on /home/airflow/.local/lib/python3.12/site-packages/airflow/example_dags/example_workday_timetable.py
[2025-12-08T08:01:24.338+0000] {processor.py:914} INFO - Processing file /home/airflow/.local/lib/python3.12/site-packages/airflow/example_dags/example_workday_timetable.py for tasks to queue
[2025-12-08T08:01:24.342+0000] {logging_mixin.py:190} INFO - [2025-12-08T08:01:24.342+0000] {dagbag.py:587} INFO - Filling up the DagBag from /home/airflow/.local/lib/python3.12/site-packages/airflow/example_dags/example_workday_timetable.py
[2025-12-08T08:01:24.349+0000] {processor.py:925} INFO - DAG(s) 'example_workday_timetable' retrieved from /home/airflow/.local/lib/python3.12/site-packages/airflow/example_dags/example_workday_timetable.py
[2025-12-08T08:01:24.373+0000] {logging_mixin.py:190} INFO - [2025-12-08T08:01:24.373+0000] {dag.py:3211} INFO - Sync 1 DAGs
[2025-12-08T08:01:24.437+0000] {logging_mixin.py:190} INFO - [2025-12-08T08:01:24.437+0000] {dag.py:4138} INFO - Setting next_dagrun for example_workday_timetable to 2021-01-04 00:00:00+00:00, run_after=2021-01-05 00:00:00+00:00
[2025-12-08T08:01:24.463+0000] {processor.py:208} INFO - Processing /home/airflow/.local/lib/python3.12/site-packages/airflow/example_dags/example_workday_timetable.py took 0.133 seconds
[2025-12-08T08:01:54.659+0000] {processor.py:186} INFO - Started process (PID=4463) to work on /home/airflow/.local/lib/python3.12/site-packages/airflow/example_dags/example_workday_timetable.py
[2025-12-08T08:01:54.661+0000] {processor.py:914} INFO - Processing file /home/airflow/.local/lib/python3.12/site-packages/airflow/example_dags/example_workday_timetable.py for tasks to queue
[2025-12-08T08:01:54.664+0000] {logging_mixin.py:190} INFO - [2025-12-08T08:01:54.664+0000] {dagbag.py:587} INFO - Filling up the DagBag from /home/airflow/.local/lib/python3.12/site-packages/airflow/example_dags/example_workday_timetable.py
[2025-12-08T08:01:54.672+0000] {processor.py:925} INFO - DAG(s) 'example_workday_timetable' retrieved from /home/airflow/.local/lib/python3.12/site-packages/airflow/example_dags/example_workday_timetable.py
[2025-12-08T08:01:54.699+0000] {logging_mixin.py:190} INFO - [2025-12-08T08:01:54.699+0000] {dag.py:3211} INFO - Sync 1 DAGs
[2025-12-08T08:01:54.764+0000] {logging_mixin.py:190} INFO - [2025-12-08T08:01:54.764+0000] {dag.py:4138} INFO - Setting next_dagrun for example_workday_timetable to 2021-01-04 00:00:00+00:00, run_after=2021-01-05 00:00:00+00:00
[2025-12-08T08:01:54.791+0000] {processor.py:208} INFO - Processing /home/airflow/.local/lib/python3.12/site-packages/airflow/example_dags/example_workday_timetable.py took 0.138 seconds
[2025-12-08T08:02:25.043+0000] {processor.py:186} INFO - Started process (PID=4526) to work on /home/airflow/.local/lib/python3.12/site-packages/airflow/example_dags/example_workday_timetable.py
[2025-12-08T08:02:25.045+0000] {processor.py:914} INFO - Processing file /home/airflow/.local/lib/python3.12/site-packages/airflow/example_dags/example_workday_timetable.py for tasks to queue
[2025-12-08T08:02:25.050+0000] {logging_mixin.py:190} INFO - [2025-12-08T08:02:25.049+0000] {dagbag.py:587} INFO - Filling up the DagBag from /home/airflow/.local/lib/python3.12/site-packages/airflow/example_dags/example_workday_timetable.py
[2025-12-08T08:02:25.059+0000] {processor.py:925} INFO - DAG(s) 'example_workday_timetable' retrieved from /home/airflow/.local/lib/python3.12/site-packages/airflow/example_dags/example_workday_timetable.py
[2025-12-08T08:02:25.089+0000] {logging_mixin.py:190} INFO - [2025-12-08T08:02:25.089+0000] {dag.py:3211} INFO - Sync 1 DAGs
[2025-12-08T08:02:25.163+0000] {logging_mixin.py:190} INFO - [2025-12-08T08:02:25.163+0000] {dag.py:4138} INFO - Setting next_dagrun for example_workday_timetable to 2021-01-04 00:00:00+00:00, run_after=2021-01-05 00:00:00+00:00
[2025-12-08T08:02:25.191+0000] {processor.py:208} INFO - Processing /home/airflow/.local/lib/python3.12/site-packages/airflow/example_dags/example_workday_timetable.py took 0.157 seconds
[2025-12-08T08:02:55.395+0000] {processor.py:186} INFO - Started process (PID=4587) to work on /home/airflow/.local/lib/python3.12/site-packages/airflow/example_dags/example_workday_timetable.py
[2025-12-08T08:02:55.397+0000] {processor.py:914} INFO - Processing file /home/airflow/.local/lib/python3.12/site-packages/airflow/example_dags/example_workday_timetable.py for tasks to queue
[2025-12-08T08:02:55.401+0000] {logging_mixin.py:190} INFO - [2025-12-08T08:02:55.401+0000] {dagbag.py:587} INFO - Filling up the DagBag from /home/airflow/.local/lib/python3.12/site-packages/airflow/example_dags/example_workday_timetable.py
[2025-12-08T08:02:55.410+0000] {processor.py:925} INFO - DAG(s) 'example_workday_timetable' retrieved from /home/airflow/.local/lib/python3.12/site-packages/airflow/example_dags/example_workday_timetable.py
[2025-12-08T08:02:55.443+0000] {logging_mixin.py:190} INFO - [2025-12-08T08:02:55.442+0000] {dag.py:3211} INFO - Sync 1 DAGs
[2025-12-08T08:02:55.529+0000] {logging_mixin.py:190} INFO - [2025-12-08T08:02:55.529+0000] {dag.py:4138} INFO - Setting next_dagrun for example_workday_timetable to 2021-01-04 00:00:00+00:00, run_after=2021-01-05 00:00:00+00:00
[2025-12-08T08:02:55.554+0000] {processor.py:208} INFO - Processing /home/airflow/.local/lib/python3.12/site-packages/airflow/example_dags/example_workday_timetable.py took 0.165 seconds
[2025-12-08T08:03:26.037+0000] {processor.py:186} INFO - Started process (PID=4650) to work on /home/airflow/.local/lib/python3.12/site-packages/airflow/example_dags/example_workday_timetable.py
[2025-12-08T08:03:26.040+0000] {processor.py:914} INFO - Processing file /home/airflow/.local/lib/python3.12/site-packages/airflow/example_dags/example_workday_timetable.py for tasks to queue
[2025-12-08T08:03:26.043+0000] {logging_mixin.py:190} INFO - [2025-12-08T08:03:26.043+0000] {dagbag.py:587} INFO - Filling up the DagBag from /home/airflow/.local/lib/python3.12/site-packages/airflow/example_dags/example_workday_timetable.py
[2025-12-08T08:03:26.052+0000] {processor.py:925} INFO - DAG(s) 'example_workday_timetable' retrieved from /home/airflow/.local/lib/python3.12/site-packages/airflow/example_dags/example_workday_timetable.py
[2025-12-08T08:03:26.078+0000] {logging_mixin.py:190} INFO - [2025-12-08T08:03:26.077+0000] {dag.py:3211} INFO - Sync 1 DAGs
[2025-12-08T08:03:26.131+0000] {logging_mixin.py:190} INFO - [2025-12-08T08:03:26.130+0000] {dag.py:4138} INFO - Setting next_dagrun for example_workday_timetable to 2021-01-04 00:00:00+00:00, run_after=2021-01-05 00:00:00+00:00
[2025-12-08T08:03:26.153+0000] {processor.py:208} INFO - Processing /home/airflow/.local/lib/python3.12/site-packages/airflow/example_dags/example_workday_timetable.py took 0.129 seconds
[2025-12-08T08:03:56.265+0000] {processor.py:186} INFO - Started process (PID=4713) to work on /home/airflow/.local/lib/python3.12/site-packages/airflow/example_dags/example_workday_timetable.py
[2025-12-08T08:03:56.268+0000] {processor.py:914} INFO - Processing file /home/airflow/.local/lib/python3.12/site-packages/airflow/example_dags/example_workday_timetable.py for tasks to queue
[2025-12-08T08:03:56.273+0000] {logging_mixin.py:190} INFO - [2025-12-08T08:03:56.273+0000] {dagbag.py:587} INFO - Filling up the DagBag from /home/airflow/.local/lib/python3.12/site-packages/airflow/example_dags/example_workday_timetable.py
[2025-12-08T08:03:56.281+0000] {processor.py:925} INFO - DAG(s) 'example_workday_timetable' retrieved from /home/airflow/.local/lib/python3.12/site-packages/airflow/example_dags/example_workday_timetable.py
[2025-12-08T08:03:56.313+0000] {logging_mixin.py:190} INFO - [2025-12-08T08:03:56.313+0000] {dag.py:3211} INFO - Sync 1 DAGs
[2025-12-08T08:03:56.380+0000] {logging_mixin.py:190} INFO - [2025-12-08T08:03:56.380+0000] {dag.py:4138} INFO - Setting next_dagrun for example_workday_timetable to 2021-01-04 00:00:00+00:00, run_after=2021-01-05 00:00:00+00:00
[2025-12-08T08:03:56.406+0000] {processor.py:208} INFO - Processing /home/airflow/.local/lib/python3.12/site-packages/airflow/example_dags/example_workday_timetable.py took 0.155 seconds
[2025-12-08T08:04:26.518+0000] {processor.py:186} INFO - Started process (PID=4776) to work on /home/airflow/.local/lib/python3.12/site-packages/airflow/example_dags/example_workday_timetable.py
[2025-12-08T08:04:26.520+0000] {processor.py:914} INFO - Processing file /home/airflow/.local/lib/python3.12/site-packages/airflow/example_dags/example_workday_timetable.py for tasks to queue
[2025-12-08T08:04:26.524+0000] {logging_mixin.py:190} INFO - [2025-12-08T08:04:26.523+0000] {dagbag.py:587} INFO - Filling up the DagBag from /home/airflow/.local/lib/python3.12/site-packages/airflow/example_dags/example_workday_timetable.py
[2025-12-08T08:04:26.533+0000] {processor.py:925} INFO - DAG(s) 'example_workday_timetable' retrieved from /home/airflow/.local/lib/python3.12/site-packages/airflow/example_dags/example_workday_timetable.py
[2025-12-08T08:04:26.562+0000] {logging_mixin.py:190} INFO - [2025-12-08T08:04:26.561+0000] {dag.py:3211} INFO - Sync 1 DAGs
[2025-12-08T08:04:26.640+0000] {logging_mixin.py:190} INFO - [2025-12-08T08:04:26.640+0000] {dag.py:4138} INFO - Setting next_dagrun for example_workday_timetable to 2021-01-04 00:00:00+00:00, run_after=2021-01-05 00:00:00+00:00
[2025-12-08T08:04:26.677+0000] {processor.py:208} INFO - Processing /home/airflow/.local/lib/python3.12/site-packages/airflow/example_dags/example_workday_timetable.py took 0.166 seconds
[2025-12-08T08:04:57.032+0000] {processor.py:186} INFO - Started process (PID=4840) to work on /home/airflow/.local/lib/python3.12/site-packages/airflow/example_dags/example_workday_timetable.py
[2025-12-08T08:04:57.035+0000] {processor.py:914} INFO - Processing file /home/airflow/.local/lib/python3.12/site-packages/airflow/example_dags/example_workday_timetable.py for tasks to queue
[2025-12-08T08:04:57.043+0000] {logging_mixin.py:190} INFO - [2025-12-08T08:04:57.042+0000] {dagbag.py:587} INFO - Filling up the DagBag from /home/airflow/.local/lib/python3.12/site-packages/airflow/example_dags/example_workday_timetable.py
[2025-12-08T08:04:57.057+0000] {processor.py:925} INFO - DAG(s) 'example_workday_timetable' retrieved from /home/airflow/.local/lib/python3.12/site-packages/airflow/example_dags/example_workday_timetable.py
[2025-12-08T08:04:57.113+0000] {logging_mixin.py:190} INFO - [2025-12-08T08:04:57.112+0000] {dag.py:3211} INFO - Sync 1 DAGs
[2025-12-08T08:04:57.260+0000] {logging_mixin.py:190} INFO - [2025-12-08T08:04:57.260+0000] {dag.py:4138} INFO - Setting next_dagrun for example_workday_timetable to 2021-01-04 00:00:00+00:00, run_after=2021-01-05 00:00:00+00:00
[2025-12-08T08:04:57.307+0000] {processor.py:208} INFO - Processing /home/airflow/.local/lib/python3.12/site-packages/airflow/example_dags/example_workday_timetable.py took 0.285 seconds
[2025-12-08T08:05:27.635+0000] {processor.py:186} INFO - Started process (PID=4904) to work on /home/airflow/.local/lib/python3.12/site-packages/airflow/example_dags/example_workday_timetable.py
[2025-12-08T08:05:27.638+0000] {processor.py:914} INFO - Processing file /home/airflow/.local/lib/python3.12/site-packages/airflow/example_dags/example_workday_timetable.py for tasks to queue
[2025-12-08T08:05:27.647+0000] {logging_mixin.py:190} INFO - [2025-12-08T08:05:27.646+0000] {dagbag.py:587} INFO - Filling up the DagBag from /home/airflow/.local/lib/python3.12/site-packages/airflow/example_dags/example_workday_timetable.py
[2025-12-08T08:05:27.664+0000] {processor.py:925} INFO - DAG(s) 'example_workday_timetable' retrieved from /home/airflow/.local/lib/python3.12/site-packages/airflow/example_dags/example_workday_timetable.py
[2025-12-08T08:05:27.718+0000] {logging_mixin.py:190} INFO - [2025-12-08T08:05:27.717+0000] {dag.py:3211} INFO - Sync 1 DAGs
[2025-12-08T08:05:27.882+0000] {logging_mixin.py:190} INFO - [2025-12-08T08:05:27.881+0000] {dag.py:4138} INFO - Setting next_dagrun for example_workday_timetable to 2021-01-04 00:00:00+00:00, run_after=2021-01-05 00:00:00+00:00
[2025-12-08T08:05:27.931+0000] {processor.py:208} INFO - Processing /home/airflow/.local/lib/python3.12/site-packages/airflow/example_dags/example_workday_timetable.py took 0.317 seconds
[2025-12-08T08:05:57.987+0000] {processor.py:186} INFO - Started process (PID=4967) to work on /home/airflow/.local/lib/python3.12/site-packages/airflow/example_dags/example_workday_timetable.py
[2025-12-08T08:05:57.989+0000] {processor.py:914} INFO - Processing file /home/airflow/.local/lib/python3.12/site-packages/airflow/example_dags/example_workday_timetable.py for tasks to queue
[2025-12-08T08:05:57.992+0000] {logging_mixin.py:190} INFO - [2025-12-08T08:05:57.992+0000] {dagbag.py:587} INFO - Filling up the DagBag from /home/airflow/.local/lib/python3.12/site-packages/airflow/example_dags/example_workday_timetable.py
[2025-12-08T08:05:58.000+0000] {processor.py:925} INFO - DAG(s) 'example_workday_timetable' retrieved from /home/airflow/.local/lib/python3.12/site-packages/airflow/example_dags/example_workday_timetable.py
[2025-12-08T08:05:58.030+0000] {logging_mixin.py:190} INFO - [2025-12-08T08:05:58.029+0000] {dag.py:3211} INFO - Sync 1 DAGs
[2025-12-08T08:05:58.112+0000] {logging_mixin.py:190} INFO - [2025-12-08T08:05:58.111+0000] {dag.py:4138} INFO - Setting next_dagrun for example_workday_timetable to 2021-01-04 00:00:00+00:00, run_after=2021-01-05 00:00:00+00:00
[2025-12-08T08:05:58.142+0000] {processor.py:208} INFO - Processing /home/airflow/.local/lib/python3.12/site-packages/airflow/example_dags/example_workday_timetable.py took 0.165 seconds
[2025-12-08T08:06:29.262+0000] {processor.py:186} INFO - Started process (PID=5031) to work on /home/airflow/.local/lib/python3.12/site-packages/airflow/example_dags/example_workday_timetable.py
[2025-12-08T08:06:29.265+0000] {processor.py:914} INFO - Processing file /home/airflow/.local/lib/python3.12/site-packages/airflow/example_dags/example_workday_timetable.py for tasks to queue
[2025-12-08T08:06:29.276+0000] {logging_mixin.py:190} INFO - [2025-12-08T08:06:29.274+0000] {dagbag.py:587} INFO - Filling up the DagBag from /home/airflow/.local/lib/python3.12/site-packages/airflow/example_dags/example_workday_timetable.py
[2025-12-08T08:06:29.295+0000] {processor.py:925} INFO - DAG(s) 'example_workday_timetable' retrieved from /home/airflow/.local/lib/python3.12/site-packages/airflow/example_dags/example_workday_timetable.py
[2025-12-08T08:06:29.359+0000] {logging_mixin.py:190} INFO - [2025-12-08T08:06:29.358+0000] {dag.py:3211} INFO - Sync 1 DAGs
[2025-12-08T08:06:29.621+0000] {logging_mixin.py:190} INFO - [2025-12-08T08:06:29.620+0000] {dag.py:4138} INFO - Setting next_dagrun for example_workday_timetable to 2021-01-04 00:00:00+00:00, run_after=2021-01-05 00:00:00+00:00
[2025-12-08T08:06:29.686+0000] {processor.py:208} INFO - Processing /home/airflow/.local/lib/python3.12/site-packages/airflow/example_dags/example_workday_timetable.py took 0.447 seconds
[2025-12-08T08:06:59.959+0000] {processor.py:186} INFO - Started process (PID=5100) to work on /home/airflow/.local/lib/python3.12/site-packages/airflow/example_dags/example_workday_timetable.py
[2025-12-08T08:06:59.963+0000] {processor.py:914} INFO - Processing file /home/airflow/.local/lib/python3.12/site-packages/airflow/example_dags/example_workday_timetable.py for tasks to queue
[2025-12-08T08:06:59.972+0000] {logging_mixin.py:190} INFO - [2025-12-08T08:06:59.971+0000] {dagbag.py:587} INFO - Filling up the DagBag from /home/airflow/.local/lib/python3.12/site-packages/airflow/example_dags/example_workday_timetable.py
[2025-12-08T08:06:59.983+0000] {processor.py:925} INFO - DAG(s) 'example_workday_timetable' retrieved from /home/airflow/.local/lib/python3.12/site-packages/airflow/example_dags/example_workday_timetable.py
[2025-12-08T08:07:00.031+0000] {logging_mixin.py:190} INFO - [2025-12-08T08:07:00.030+0000] {dag.py:3211} INFO - Sync 1 DAGs
[2025-12-08T08:07:00.231+0000] {logging_mixin.py:190} INFO - [2025-12-08T08:07:00.230+0000] {dag.py:4138} INFO - Setting next_dagrun for example_workday_timetable to 2021-01-04 00:00:00+00:00, run_after=2021-01-05 00:00:00+00:00
[2025-12-08T08:07:00.323+0000] {processor.py:208} INFO - Processing /home/airflow/.local/lib/python3.12/site-packages/airflow/example_dags/example_workday_timetable.py took 0.377 seconds
[2025-12-08T08:07:31.270+0000] {processor.py:186} INFO - Started process (PID=5162) to work on /home/airflow/.local/lib/python3.12/site-packages/airflow/example_dags/example_workday_timetable.py
[2025-12-08T08:07:31.272+0000] {processor.py:914} INFO - Processing file /home/airflow/.local/lib/python3.12/site-packages/airflow/example_dags/example_workday_timetable.py for tasks to queue
[2025-12-08T08:07:31.276+0000] {logging_mixin.py:190} INFO - [2025-12-08T08:07:31.275+0000] {dagbag.py:587} INFO - Filling up the DagBag from /home/airflow/.local/lib/python3.12/site-packages/airflow/example_dags/example_workday_timetable.py
[2025-12-08T08:07:31.286+0000] {processor.py:925} INFO - DAG(s) 'example_workday_timetable' retrieved from /home/airflow/.local/lib/python3.12/site-packages/airflow/example_dags/example_workday_timetable.py
[2025-12-08T08:07:31.319+0000] {logging_mixin.py:190} INFO - [2025-12-08T08:07:31.318+0000] {dag.py:3211} INFO - Sync 1 DAGs
[2025-12-08T08:07:31.412+0000] {logging_mixin.py:190} INFO - [2025-12-08T08:07:31.412+0000] {dag.py:4138} INFO - Setting next_dagrun for example_workday_timetable to 2021-01-04 00:00:00+00:00, run_after=2021-01-05 00:00:00+00:00
[2025-12-08T08:07:31.448+0000] {processor.py:208} INFO - Processing /home/airflow/.local/lib/python3.12/site-packages/airflow/example_dags/example_workday_timetable.py took 0.191 seconds
[2025-12-08T08:08:01.653+0000] {processor.py:186} INFO - Started process (PID=5226) to work on /home/airflow/.local/lib/python3.12/site-packages/airflow/example_dags/example_workday_timetable.py
[2025-12-08T08:08:01.654+0000] {processor.py:914} INFO - Processing file /home/airflow/.local/lib/python3.12/site-packages/airflow/example_dags/example_workday_timetable.py for tasks to queue
[2025-12-08T08:08:01.657+0000] {logging_mixin.py:190} INFO - [2025-12-08T08:08:01.657+0000] {dagbag.py:587} INFO - Filling up the DagBag from /home/airflow/.local/lib/python3.12/site-packages/airflow/example_dags/example_workday_timetable.py
[2025-12-08T08:08:01.665+0000] {processor.py:925} INFO - DAG(s) 'example_workday_timetable' retrieved from /home/airflow/.local/lib/python3.12/site-packages/airflow/example_dags/example_workday_timetable.py
[2025-12-08T08:08:01.691+0000] {logging_mixin.py:190} INFO - [2025-12-08T08:08:01.691+0000] {dag.py:3211} INFO - Sync 1 DAGs
[2025-12-08T08:08:01.751+0000] {logging_mixin.py:190} INFO - [2025-12-08T08:08:01.751+0000] {dag.py:4138} INFO - Setting next_dagrun for example_workday_timetable to 2021-01-04 00:00:00+00:00, run_after=2021-01-05 00:00:00+00:00
[2025-12-08T08:08:01.779+0000] {processor.py:208} INFO - Processing /home/airflow/.local/lib/python3.12/site-packages/airflow/example_dags/example_workday_timetable.py took 0.133 seconds
[2025-12-08T08:08:31.940+0000] {processor.py:186} INFO - Started process (PID=5289) to work on /home/airflow/.local/lib/python3.12/site-packages/airflow/example_dags/example_workday_timetable.py
[2025-12-08T08:08:31.945+0000] {processor.py:914} INFO - Processing file /home/airflow/.local/lib/python3.12/site-packages/airflow/example_dags/example_workday_timetable.py for tasks to queue
[2025-12-08T08:08:31.950+0000] {logging_mixin.py:190} INFO - [2025-12-08T08:08:31.949+0000] {dagbag.py:587} INFO - Filling up the DagBag from /home/airflow/.local/lib/python3.12/site-packages/airflow/example_dags/example_workday_timetable.py
[2025-12-08T08:08:31.963+0000] {processor.py:925} INFO - DAG(s) 'example_workday_timetable' retrieved from /home/airflow/.local/lib/python3.12/site-packages/airflow/example_dags/example_workday_timetable.py
[2025-12-08T08:08:32.000+0000] {logging_mixin.py:190} INFO - [2025-12-08T08:08:31.999+0000] {dag.py:3211} INFO - Sync 1 DAGs
[2025-12-08T08:08:32.129+0000] {logging_mixin.py:190} INFO - [2025-12-08T08:08:32.129+0000] {dag.py:4138} INFO - Setting next_dagrun for example_workday_timetable to 2021-01-04 00:00:00+00:00, run_after=2021-01-05 00:00:00+00:00
[2025-12-08T08:08:32.166+0000] {processor.py:208} INFO - Processing /home/airflow/.local/lib/python3.12/site-packages/airflow/example_dags/example_workday_timetable.py took 0.235 seconds
[2025-12-08T08:09:02.855+0000] {processor.py:186} INFO - Started process (PID=5352) to work on /home/airflow/.local/lib/python3.12/site-packages/airflow/example_dags/example_workday_timetable.py
[2025-12-08T08:09:02.857+0000] {processor.py:914} INFO - Processing file /home/airflow/.local/lib/python3.12/site-packages/airflow/example_dags/example_workday_timetable.py for tasks to queue
[2025-12-08T08:09:02.862+0000] {logging_mixin.py:190} INFO - [2025-12-08T08:09:02.861+0000] {dagbag.py:587} INFO - Filling up the DagBag from /home/airflow/.local/lib/python3.12/site-packages/airflow/example_dags/example_workday_timetable.py
[2025-12-08T08:09:02.869+0000] {processor.py:925} INFO - DAG(s) 'example_workday_timetable' retrieved from /home/airflow/.local/lib/python3.12/site-packages/airflow/example_dags/example_workday_timetable.py
[2025-12-08T08:09:02.900+0000] {logging_mixin.py:190} INFO - [2025-12-08T08:09:02.899+0000] {dag.py:3211} INFO - Sync 1 DAGs
[2025-12-08T08:09:02.979+0000] {logging_mixin.py:190} INFO - [2025-12-08T08:09:02.979+0000] {dag.py:4138} INFO - Setting next_dagrun for example_workday_timetable to 2021-01-04 00:00:00+00:00, run_after=2021-01-05 00:00:00+00:00
[2025-12-08T08:09:03.011+0000] {processor.py:208} INFO - Processing /home/airflow/.local/lib/python3.12/site-packages/airflow/example_dags/example_workday_timetable.py took 0.168 seconds
[2025-12-08T08:09:33.238+0000] {processor.py:186} INFO - Started process (PID=5416) to work on /home/airflow/.local/lib/python3.12/site-packages/airflow/example_dags/example_workday_timetable.py
[2025-12-08T08:09:33.240+0000] {processor.py:914} INFO - Processing file /home/airflow/.local/lib/python3.12/site-packages/airflow/example_dags/example_workday_timetable.py for tasks to queue
[2025-12-08T08:09:33.243+0000] {logging_mixin.py:190} INFO - [2025-12-08T08:09:33.243+0000] {dagbag.py:587} INFO - Filling up the DagBag from /home/airflow/.local/lib/python3.12/site-packages/airflow/example_dags/example_workday_timetable.py
[2025-12-08T08:09:33.250+0000] {processor.py:925} INFO - DAG(s) 'example_workday_timetable' retrieved from /home/airflow/.local/lib/python3.12/site-packages/airflow/example_dags/example_workday_timetable.py
[2025-12-08T08:09:33.279+0000] {logging_mixin.py:190} INFO - [2025-12-08T08:09:33.278+0000] {dag.py:3211} INFO - Sync 1 DAGs
[2025-12-08T08:09:33.352+0000] {logging_mixin.py:190} INFO - [2025-12-08T08:09:33.352+0000] {dag.py:4138} INFO - Setting next_dagrun for example_workday_timetable to 2021-01-04 00:00:00+00:00, run_after=2021-01-05 00:00:00+00:00
[2025-12-08T08:09:33.382+0000] {processor.py:208} INFO - Processing /home/airflow/.local/lib/python3.12/site-packages/airflow/example_dags/example_workday_timetable.py took 0.151 seconds
[2025-12-08T08:10:03.671+0000] {processor.py:186} INFO - Started process (PID=5480) to work on /home/airflow/.local/lib/python3.12/site-packages/airflow/example_dags/example_workday_timetable.py
[2025-12-08T08:10:03.674+0000] {processor.py:914} INFO - Processing file /home/airflow/.local/lib/python3.12/site-packages/airflow/example_dags/example_workday_timetable.py for tasks to queue
[2025-12-08T08:10:03.678+0000] {logging_mixin.py:190} INFO - [2025-12-08T08:10:03.678+0000] {dagbag.py:587} INFO - Filling up the DagBag from /home/airflow/.local/lib/python3.12/site-packages/airflow/example_dags/example_workday_timetable.py
[2025-12-08T08:10:03.691+0000] {processor.py:925} INFO - DAG(s) 'example_workday_timetable' retrieved from /home/airflow/.local/lib/python3.12/site-packages/airflow/example_dags/example_workday_timetable.py
[2025-12-08T08:10:03.743+0000] {logging_mixin.py:190} INFO - [2025-12-08T08:10:03.743+0000] {dag.py:3211} INFO - Sync 1 DAGs
[2025-12-08T08:10:03.844+0000] {logging_mixin.py:190} INFO - [2025-12-08T08:10:03.844+0000] {dag.py:4138} INFO - Setting next_dagrun for example_workday_timetable to 2021-01-04 00:00:00+00:00, run_after=2021-01-05 00:00:00+00:00
[2025-12-08T08:10:03.893+0000] {processor.py:208} INFO - Processing /home/airflow/.local/lib/python3.12/site-packages/airflow/example_dags/example_workday_timetable.py took 0.235 seconds
[2025-12-08T08:10:34.781+0000] {processor.py:186} INFO - Started process (PID=5543) to work on /home/airflow/.local/lib/python3.12/site-packages/airflow/example_dags/example_workday_timetable.py
[2025-12-08T08:10:34.782+0000] {processor.py:914} INFO - Processing file /home/airflow/.local/lib/python3.12/site-packages/airflow/example_dags/example_workday_timetable.py for tasks to queue
[2025-12-08T08:10:34.787+0000] {logging_mixin.py:190} INFO - [2025-12-08T08:10:34.786+0000] {dagbag.py:587} INFO - Filling up the DagBag from /home/airflow/.local/lib/python3.12/site-packages/airflow/example_dags/example_workday_timetable.py
[2025-12-08T08:10:34.797+0000] {processor.py:925} INFO - DAG(s) 'example_workday_timetable' retrieved from /home/airflow/.local/lib/python3.12/site-packages/airflow/example_dags/example_workday_timetable.py
[2025-12-08T08:10:34.827+0000] {logging_mixin.py:190} INFO - [2025-12-08T08:10:34.827+0000] {dag.py:3211} INFO - Sync 1 DAGs
[2025-12-08T08:10:34.920+0000] {logging_mixin.py:190} INFO - [2025-12-08T08:10:34.919+0000] {dag.py:4138} INFO - Setting next_dagrun for example_workday_timetable to 2021-01-04 00:00:00+00:00, run_after=2021-01-05 00:00:00+00:00
[2025-12-08T08:10:34.949+0000] {processor.py:208} INFO - Processing /home/airflow/.local/lib/python3.12/site-packages/airflow/example_dags/example_workday_timetable.py took 0.178 seconds
[2025-12-08T08:11:05.682+0000] {processor.py:186} INFO - Started process (PID=5606) to work on /home/airflow/.local/lib/python3.12/site-packages/airflow/example_dags/example_workday_timetable.py
[2025-12-08T08:11:05.684+0000] {processor.py:914} INFO - Processing file /home/airflow/.local/lib/python3.12/site-packages/airflow/example_dags/example_workday_timetable.py for tasks to queue
[2025-12-08T08:11:05.689+0000] {logging_mixin.py:190} INFO - [2025-12-08T08:11:05.688+0000] {dagbag.py:587} INFO - Filling up the DagBag from /home/airflow/.local/lib/python3.12/site-packages/airflow/example_dags/example_workday_timetable.py
[2025-12-08T08:11:05.696+0000] {processor.py:925} INFO - DAG(s) 'example_workday_timetable' retrieved from /home/airflow/.local/lib/python3.12/site-packages/airflow/example_dags/example_workday_timetable.py
[2025-12-08T08:11:05.727+0000] {logging_mixin.py:190} INFO - [2025-12-08T08:11:05.727+0000] {dag.py:3211} INFO - Sync 1 DAGs
[2025-12-08T08:11:05.818+0000] {logging_mixin.py:190} INFO - [2025-12-08T08:11:05.817+0000] {dag.py:4138} INFO - Setting next_dagrun for example_workday_timetable to 2021-01-04 00:00:00+00:00, run_after=2021-01-05 00:00:00+00:00
[2025-12-08T08:11:05.860+0000] {processor.py:208} INFO - Processing /home/airflow/.local/lib/python3.12/site-packages/airflow/example_dags/example_workday_timetable.py took 0.186 seconds
[2025-12-08T08:11:36.143+0000] {processor.py:186} INFO - Started process (PID=5675) to work on /home/airflow/.local/lib/python3.12/site-packages/airflow/example_dags/example_workday_timetable.py
[2025-12-08T08:11:36.145+0000] {processor.py:914} INFO - Processing file /home/airflow/.local/lib/python3.12/site-packages/airflow/example_dags/example_workday_timetable.py for tasks to queue
[2025-12-08T08:11:36.149+0000] {logging_mixin.py:190} INFO - [2025-12-08T08:11:36.149+0000] {dagbag.py:587} INFO - Filling up the DagBag from /home/airflow/.local/lib/python3.12/site-packages/airflow/example_dags/example_workday_timetable.py
[2025-12-08T08:11:36.157+0000] {processor.py:925} INFO - DAG(s) 'example_workday_timetable' retrieved from /home/airflow/.local/lib/python3.12/site-packages/airflow/example_dags/example_workday_timetable.py
[2025-12-08T08:11:36.185+0000] {logging_mixin.py:190} INFO - [2025-12-08T08:11:36.184+0000] {dag.py:3211} INFO - Sync 1 DAGs
[2025-12-08T08:11:36.254+0000] {logging_mixin.py:190} INFO - [2025-12-08T08:11:36.253+0000] {dag.py:4138} INFO - Setting next_dagrun for example_workday_timetable to 2021-01-04 00:00:00+00:00, run_after=2021-01-05 00:00:00+00:00
[2025-12-08T08:11:36.281+0000] {processor.py:208} INFO - Processing /home/airflow/.local/lib/python3.12/site-packages/airflow/example_dags/example_workday_timetable.py took 0.145 seconds
[2025-12-08T08:12:06.789+0000] {processor.py:186} INFO - Started process (PID=5738) to work on /home/airflow/.local/lib/python3.12/site-packages/airflow/example_dags/example_workday_timetable.py
[2025-12-08T08:12:06.791+0000] {processor.py:914} INFO - Processing file /home/airflow/.local/lib/python3.12/site-packages/airflow/example_dags/example_workday_timetable.py for tasks to queue
[2025-12-08T08:12:06.794+0000] {logging_mixin.py:190} INFO - [2025-12-08T08:12:06.794+0000] {dagbag.py:587} INFO - Filling up the DagBag from /home/airflow/.local/lib/python3.12/site-packages/airflow/example_dags/example_workday_timetable.py
[2025-12-08T08:12:06.803+0000] {processor.py:925} INFO - DAG(s) 'example_workday_timetable' retrieved from /home/airflow/.local/lib/python3.12/site-packages/airflow/example_dags/example_workday_timetable.py
[2025-12-08T08:12:06.835+0000] {logging_mixin.py:190} INFO - [2025-12-08T08:12:06.835+0000] {dag.py:3211} INFO - Sync 1 DAGs
[2025-12-08T08:12:06.915+0000] {logging_mixin.py:190} INFO - [2025-12-08T08:12:06.915+0000] {dag.py:4138} INFO - Setting next_dagrun for example_workday_timetable to 2021-01-04 00:00:00+00:00, run_after=2021-01-05 00:00:00+00:00
[2025-12-08T08:12:06.943+0000] {processor.py:208} INFO - Processing /home/airflow/.local/lib/python3.12/site-packages/airflow/example_dags/example_workday_timetable.py took 0.164 seconds
[2025-12-08T08:12:37.482+0000] {processor.py:186} INFO - Started process (PID=5803) to work on /home/airflow/.local/lib/python3.12/site-packages/airflow/example_dags/example_workday_timetable.py
[2025-12-08T08:12:37.485+0000] {processor.py:914} INFO - Processing file /home/airflow/.local/lib/python3.12/site-packages/airflow/example_dags/example_workday_timetable.py for tasks to queue
[2025-12-08T08:12:37.493+0000] {logging_mixin.py:190} INFO - [2025-12-08T08:12:37.493+0000] {dagbag.py:587} INFO - Filling up the DagBag from /home/airflow/.local/lib/python3.12/site-packages/airflow/example_dags/example_workday_timetable.py
[2025-12-08T08:12:37.516+0000] {processor.py:925} INFO - DAG(s) 'example_workday_timetable' retrieved from /home/airflow/.local/lib/python3.12/site-packages/airflow/example_dags/example_workday_timetable.py
[2025-12-08T08:12:37.576+0000] {logging_mixin.py:190} INFO - [2025-12-08T08:12:37.576+0000] {dag.py:3211} INFO - Sync 1 DAGs
[2025-12-08T08:12:37.752+0000] {logging_mixin.py:190} INFO - [2025-12-08T08:12:37.751+0000] {dag.py:4138} INFO - Setting next_dagrun for example_workday_timetable to 2021-01-04 00:00:00+00:00, run_after=2021-01-05 00:00:00+00:00
[2025-12-08T08:12:37.802+0000] {processor.py:208} INFO - Processing /home/airflow/.local/lib/python3.12/site-packages/airflow/example_dags/example_workday_timetable.py took 0.336 seconds
[2025-12-08T08:13:07.933+0000] {processor.py:186} INFO - Started process (PID=5866) to work on /home/airflow/.local/lib/python3.12/site-packages/airflow/example_dags/example_workday_timetable.py
[2025-12-08T08:13:07.936+0000] {processor.py:914} INFO - Processing file /home/airflow/.local/lib/python3.12/site-packages/airflow/example_dags/example_workday_timetable.py for tasks to queue
[2025-12-08T08:13:07.943+0000] {logging_mixin.py:190} INFO - [2025-12-08T08:13:07.942+0000] {dagbag.py:587} INFO - Filling up the DagBag from /home/airflow/.local/lib/python3.12/site-packages/airflow/example_dags/example_workday_timetable.py
[2025-12-08T08:13:07.964+0000] {processor.py:925} INFO - DAG(s) 'example_workday_timetable' retrieved from /home/airflow/.local/lib/python3.12/site-packages/airflow/example_dags/example_workday_timetable.py
[2025-12-08T08:13:08.026+0000] {logging_mixin.py:190} INFO - [2025-12-08T08:13:08.025+0000] {dag.py:3211} INFO - Sync 1 DAGs
[2025-12-08T08:13:08.249+0000] {logging_mixin.py:190} INFO - [2025-12-08T08:13:08.247+0000] {dag.py:4138} INFO - Setting next_dagrun for example_workday_timetable to 2021-01-04 00:00:00+00:00, run_after=2021-01-05 00:00:00+00:00
[2025-12-08T08:13:08.318+0000] {processor.py:208} INFO - Processing /home/airflow/.local/lib/python3.12/site-packages/airflow/example_dags/example_workday_timetable.py took 0.408 seconds
[2025-12-08T08:13:38.625+0000] {processor.py:186} INFO - Started process (PID=5928) to work on /home/airflow/.local/lib/python3.12/site-packages/airflow/example_dags/example_workday_timetable.py
[2025-12-08T08:13:38.626+0000] {processor.py:914} INFO - Processing file /home/airflow/.local/lib/python3.12/site-packages/airflow/example_dags/example_workday_timetable.py for tasks to queue
[2025-12-08T08:13:38.630+0000] {logging_mixin.py:190} INFO - [2025-12-08T08:13:38.629+0000] {dagbag.py:587} INFO - Filling up the DagBag from /home/airflow/.local/lib/python3.12/site-packages/airflow/example_dags/example_workday_timetable.py
[2025-12-08T08:13:38.642+0000] {processor.py:925} INFO - DAG(s) 'example_workday_timetable' retrieved from /home/airflow/.local/lib/python3.12/site-packages/airflow/example_dags/example_workday_timetable.py
[2025-12-08T08:13:38.675+0000] {logging_mixin.py:190} INFO - [2025-12-08T08:13:38.674+0000] {dag.py:3211} INFO - Sync 1 DAGs
[2025-12-08T08:13:38.757+0000] {logging_mixin.py:190} INFO - [2025-12-08T08:13:38.756+0000] {dag.py:4138} INFO - Setting next_dagrun for example_workday_timetable to 2021-01-04 00:00:00+00:00, run_after=2021-01-05 00:00:00+00:00
[2025-12-08T08:13:38.786+0000] {processor.py:208} INFO - Processing /home/airflow/.local/lib/python3.12/site-packages/airflow/example_dags/example_workday_timetable.py took 0.169 seconds
[2025-12-08T08:14:09.537+0000] {processor.py:186} INFO - Started process (PID=5991) to work on /home/airflow/.local/lib/python3.12/site-packages/airflow/example_dags/example_workday_timetable.py
[2025-12-08T08:14:09.540+0000] {processor.py:914} INFO - Processing file /home/airflow/.local/lib/python3.12/site-packages/airflow/example_dags/example_workday_timetable.py for tasks to queue
[2025-12-08T08:14:09.544+0000] {logging_mixin.py:190} INFO - [2025-12-08T08:14:09.544+0000] {dagbag.py:587} INFO - Filling up the DagBag from /home/airflow/.local/lib/python3.12/site-packages/airflow/example_dags/example_workday_timetable.py
[2025-12-08T08:14:09.552+0000] {processor.py:925} INFO - DAG(s) 'example_workday_timetable' retrieved from /home/airflow/.local/lib/python3.12/site-packages/airflow/example_dags/example_workday_timetable.py
[2025-12-08T08:14:09.577+0000] {logging_mixin.py:190} INFO - [2025-12-08T08:14:09.576+0000] {dag.py:3211} INFO - Sync 1 DAGs
[2025-12-08T08:14:09.633+0000] {logging_mixin.py:190} INFO - [2025-12-08T08:14:09.633+0000] {dag.py:4138} INFO - Setting next_dagrun for example_workday_timetable to 2021-01-04 00:00:00+00:00, run_after=2021-01-05 00:00:00+00:00
[2025-12-08T08:14:09.655+0000] {processor.py:208} INFO - Processing /home/airflow/.local/lib/python3.12/site-packages/airflow/example_dags/example_workday_timetable.py took 0.128 seconds
[2025-12-08T08:14:40.060+0000] {processor.py:186} INFO - Started process (PID=6055) to work on /home/airflow/.local/lib/python3.12/site-packages/airflow/example_dags/example_workday_timetable.py
[2025-12-08T08:14:40.063+0000] {processor.py:914} INFO - Processing file /home/airflow/.local/lib/python3.12/site-packages/airflow/example_dags/example_workday_timetable.py for tasks to queue
[2025-12-08T08:14:40.066+0000] {logging_mixin.py:190} INFO - [2025-12-08T08:14:40.066+0000] {dagbag.py:587} INFO - Filling up the DagBag from /home/airflow/.local/lib/python3.12/site-packages/airflow/example_dags/example_workday_timetable.py
[2025-12-08T08:14:40.074+0000] {processor.py:925} INFO - DAG(s) 'example_workday_timetable' retrieved from /home/airflow/.local/lib/python3.12/site-packages/airflow/example_dags/example_workday_timetable.py
[2025-12-08T08:14:40.102+0000] {logging_mixin.py:190} INFO - [2025-12-08T08:14:40.101+0000] {dag.py:3211} INFO - Sync 1 DAGs
[2025-12-08T08:14:40.157+0000] {logging_mixin.py:190} INFO - [2025-12-08T08:14:40.157+0000] {dag.py:4138} INFO - Setting next_dagrun for example_workday_timetable to 2021-01-04 00:00:00+00:00, run_after=2021-01-05 00:00:00+00:00
[2025-12-08T08:14:40.180+0000] {processor.py:208} INFO - Processing /home/airflow/.local/lib/python3.12/site-packages/airflow/example_dags/example_workday_timetable.py took 0.131 seconds
[2025-12-08T08:15:10.847+0000] {processor.py:186} INFO - Started process (PID=6118) to work on /home/airflow/.local/lib/python3.12/site-packages/airflow/example_dags/example_workday_timetable.py
[2025-12-08T08:15:10.849+0000] {processor.py:914} INFO - Processing file /home/airflow/.local/lib/python3.12/site-packages/airflow/example_dags/example_workday_timetable.py for tasks to queue
[2025-12-08T08:15:10.852+0000] {logging_mixin.py:190} INFO - [2025-12-08T08:15:10.851+0000] {dagbag.py:587} INFO - Filling up the DagBag from /home/airflow/.local/lib/python3.12/site-packages/airflow/example_dags/example_workday_timetable.py
[2025-12-08T08:15:10.858+0000] {processor.py:925} INFO - DAG(s) 'example_workday_timetable' retrieved from /home/airflow/.local/lib/python3.12/site-packages/airflow/example_dags/example_workday_timetable.py
[2025-12-08T08:15:10.881+0000] {logging_mixin.py:190} INFO - [2025-12-08T08:15:10.881+0000] {dag.py:3211} INFO - Sync 1 DAGs
[2025-12-08T08:15:10.936+0000] {logging_mixin.py:190} INFO - [2025-12-08T08:15:10.935+0000] {dag.py:4138} INFO - Setting next_dagrun for example_workday_timetable to 2021-01-04 00:00:00+00:00, run_after=2021-01-05 00:00:00+00:00
[2025-12-08T08:15:10.959+0000] {processor.py:208} INFO - Processing /home/airflow/.local/lib/python3.12/site-packages/airflow/example_dags/example_workday_timetable.py took 0.117 seconds
[2025-12-08T08:15:41.644+0000] {processor.py:186} INFO - Started process (PID=6181) to work on /home/airflow/.local/lib/python3.12/site-packages/airflow/example_dags/example_workday_timetable.py
[2025-12-08T08:15:41.645+0000] {processor.py:914} INFO - Processing file /home/airflow/.local/lib/python3.12/site-packages/airflow/example_dags/example_workday_timetable.py for tasks to queue
[2025-12-08T08:15:41.648+0000] {logging_mixin.py:190} INFO - [2025-12-08T08:15:41.648+0000] {dagbag.py:587} INFO - Filling up the DagBag from /home/airflow/.local/lib/python3.12/site-packages/airflow/example_dags/example_workday_timetable.py
[2025-12-08T08:15:41.657+0000] {processor.py:925} INFO - DAG(s) 'example_workday_timetable' retrieved from /home/airflow/.local/lib/python3.12/site-packages/airflow/example_dags/example_workday_timetable.py
[2025-12-08T08:15:41.684+0000] {logging_mixin.py:190} INFO - [2025-12-08T08:15:41.683+0000] {dag.py:3211} INFO - Sync 1 DAGs
[2025-12-08T08:15:41.741+0000] {logging_mixin.py:190} INFO - [2025-12-08T08:15:41.741+0000] {dag.py:4138} INFO - Setting next_dagrun for example_workday_timetable to 2021-01-04 00:00:00+00:00, run_after=2021-01-05 00:00:00+00:00
[2025-12-08T08:15:41.769+0000] {processor.py:208} INFO - Processing /home/airflow/.local/lib/python3.12/site-packages/airflow/example_dags/example_workday_timetable.py took 0.133 seconds
[2025-12-08T08:16:12.054+0000] {processor.py:186} INFO - Started process (PID=6244) to work on /home/airflow/.local/lib/python3.12/site-packages/airflow/example_dags/example_workday_timetable.py
[2025-12-08T08:16:12.056+0000] {processor.py:914} INFO - Processing file /home/airflow/.local/lib/python3.12/site-packages/airflow/example_dags/example_workday_timetable.py for tasks to queue
[2025-12-08T08:16:12.061+0000] {logging_mixin.py:190} INFO - [2025-12-08T08:16:12.060+0000] {dagbag.py:587} INFO - Filling up the DagBag from /home/airflow/.local/lib/python3.12/site-packages/airflow/example_dags/example_workday_timetable.py
[2025-12-08T08:16:12.068+0000] {processor.py:925} INFO - DAG(s) 'example_workday_timetable' retrieved from /home/airflow/.local/lib/python3.12/site-packages/airflow/example_dags/example_workday_timetable.py
[2025-12-08T08:16:12.093+0000] {logging_mixin.py:190} INFO - [2025-12-08T08:16:12.093+0000] {dag.py:3211} INFO - Sync 1 DAGs
[2025-12-08T08:16:12.149+0000] {logging_mixin.py:190} INFO - [2025-12-08T08:16:12.148+0000] {dag.py:4138} INFO - Setting next_dagrun for example_workday_timetable to 2021-01-04 00:00:00+00:00, run_after=2021-01-05 00:00:00+00:00
[2025-12-08T08:16:12.172+0000] {processor.py:208} INFO - Processing /home/airflow/.local/lib/python3.12/site-packages/airflow/example_dags/example_workday_timetable.py took 0.128 seconds
[2025-12-08T08:16:42.465+0000] {processor.py:186} INFO - Started process (PID=6307) to work on /home/airflow/.local/lib/python3.12/site-packages/airflow/example_dags/example_workday_timetable.py
[2025-12-08T08:16:42.467+0000] {processor.py:914} INFO - Processing file /home/airflow/.local/lib/python3.12/site-packages/airflow/example_dags/example_workday_timetable.py for tasks to queue
[2025-12-08T08:16:42.472+0000] {logging_mixin.py:190} INFO - [2025-12-08T08:16:42.471+0000] {dagbag.py:587} INFO - Filling up the DagBag from /home/airflow/.local/lib/python3.12/site-packages/airflow/example_dags/example_workday_timetable.py
[2025-12-08T08:16:42.480+0000] {processor.py:925} INFO - DAG(s) 'example_workday_timetable' retrieved from /home/airflow/.local/lib/python3.12/site-packages/airflow/example_dags/example_workday_timetable.py
[2025-12-08T08:16:42.506+0000] {logging_mixin.py:190} INFO - [2025-12-08T08:16:42.506+0000] {dag.py:3211} INFO - Sync 1 DAGs
[2025-12-08T08:16:42.559+0000] {logging_mixin.py:190} INFO - [2025-12-08T08:16:42.559+0000] {dag.py:4138} INFO - Setting next_dagrun for example_workday_timetable to 2021-01-04 00:00:00+00:00, run_after=2021-01-05 00:00:00+00:00
[2025-12-08T08:16:42.582+0000] {processor.py:208} INFO - Processing /home/airflow/.local/lib/python3.12/site-packages/airflow/example_dags/example_workday_timetable.py took 0.126 seconds
[2025-12-08T08:17:13.038+0000] {processor.py:186} INFO - Started process (PID=6370) to work on /home/airflow/.local/lib/python3.12/site-packages/airflow/example_dags/example_workday_timetable.py
[2025-12-08T08:17:13.039+0000] {processor.py:914} INFO - Processing file /home/airflow/.local/lib/python3.12/site-packages/airflow/example_dags/example_workday_timetable.py for tasks to queue
[2025-12-08T08:17:13.044+0000] {logging_mixin.py:190} INFO - [2025-12-08T08:17:13.043+0000] {dagbag.py:587} INFO - Filling up the DagBag from /home/airflow/.local/lib/python3.12/site-packages/airflow/example_dags/example_workday_timetable.py
[2025-12-08T08:17:13.051+0000] {processor.py:925} INFO - DAG(s) 'example_workday_timetable' retrieved from /home/airflow/.local/lib/python3.12/site-packages/airflow/example_dags/example_workday_timetable.py
[2025-12-08T08:17:13.079+0000] {logging_mixin.py:190} INFO - [2025-12-08T08:17:13.078+0000] {dag.py:3211} INFO - Sync 1 DAGs
[2025-12-08T08:17:13.142+0000] {logging_mixin.py:190} INFO - [2025-12-08T08:17:13.142+0000] {dag.py:4138} INFO - Setting next_dagrun for example_workday_timetable to 2021-01-04 00:00:00+00:00, run_after=2021-01-05 00:00:00+00:00
[2025-12-08T08:17:13.169+0000] {processor.py:208} INFO - Processing /home/airflow/.local/lib/python3.12/site-packages/airflow/example_dags/example_workday_timetable.py took 0.138 seconds
[2025-12-08T08:17:43.550+0000] {processor.py:186} INFO - Started process (PID=6433) to work on /home/airflow/.local/lib/python3.12/site-packages/airflow/example_dags/example_workday_timetable.py
[2025-12-08T08:17:43.553+0000] {processor.py:914} INFO - Processing file /home/airflow/.local/lib/python3.12/site-packages/airflow/example_dags/example_workday_timetable.py for tasks to queue
[2025-12-08T08:17:43.556+0000] {logging_mixin.py:190} INFO - [2025-12-08T08:17:43.556+0000] {dagbag.py:587} INFO - Filling up the DagBag from /home/airflow/.local/lib/python3.12/site-packages/airflow/example_dags/example_workday_timetable.py
[2025-12-08T08:17:43.563+0000] {processor.py:925} INFO - DAG(s) 'example_workday_timetable' retrieved from /home/airflow/.local/lib/python3.12/site-packages/airflow/example_dags/example_workday_timetable.py
[2025-12-08T08:17:43.586+0000] {logging_mixin.py:190} INFO - [2025-12-08T08:17:43.586+0000] {dag.py:3211} INFO - Sync 1 DAGs
[2025-12-08T08:17:43.642+0000] {logging_mixin.py:190} INFO - [2025-12-08T08:17:43.642+0000] {dag.py:4138} INFO - Setting next_dagrun for example_workday_timetable to 2021-01-04 00:00:00+00:00, run_after=2021-01-05 00:00:00+00:00
[2025-12-08T08:17:43.665+0000] {processor.py:208} INFO - Processing /home/airflow/.local/lib/python3.12/site-packages/airflow/example_dags/example_workday_timetable.py took 0.124 seconds
[2025-12-08T08:18:14.009+0000] {processor.py:186} INFO - Started process (PID=6496) to work on /home/airflow/.local/lib/python3.12/site-packages/airflow/example_dags/example_workday_timetable.py
[2025-12-08T08:18:14.010+0000] {processor.py:914} INFO - Processing file /home/airflow/.local/lib/python3.12/site-packages/airflow/example_dags/example_workday_timetable.py for tasks to queue
[2025-12-08T08:18:14.013+0000] {logging_mixin.py:190} INFO - [2025-12-08T08:18:14.013+0000] {dagbag.py:587} INFO - Filling up the DagBag from /home/airflow/.local/lib/python3.12/site-packages/airflow/example_dags/example_workday_timetable.py
[2025-12-08T08:18:14.020+0000] {processor.py:925} INFO - DAG(s) 'example_workday_timetable' retrieved from /home/airflow/.local/lib/python3.12/site-packages/airflow/example_dags/example_workday_timetable.py
[2025-12-08T08:18:14.045+0000] {logging_mixin.py:190} INFO - [2025-12-08T08:18:14.045+0000] {dag.py:3211} INFO - Sync 1 DAGs
[2025-12-08T08:18:14.101+0000] {logging_mixin.py:190} INFO - [2025-12-08T08:18:14.101+0000] {dag.py:4138} INFO - Setting next_dagrun for example_workday_timetable to 2021-01-04 00:00:00+00:00, run_after=2021-01-05 00:00:00+00:00
[2025-12-08T08:18:14.123+0000] {processor.py:208} INFO - Processing /home/airflow/.local/lib/python3.12/site-packages/airflow/example_dags/example_workday_timetable.py took 0.120 seconds
[2025-12-08T08:18:44.600+0000] {processor.py:186} INFO - Started process (PID=6559) to work on /home/airflow/.local/lib/python3.12/site-packages/airflow/example_dags/example_workday_timetable.py
[2025-12-08T08:18:44.603+0000] {processor.py:914} INFO - Processing file /home/airflow/.local/lib/python3.12/site-packages/airflow/example_dags/example_workday_timetable.py for tasks to queue
[2025-12-08T08:18:44.606+0000] {logging_mixin.py:190} INFO - [2025-12-08T08:18:44.606+0000] {dagbag.py:587} INFO - Filling up the DagBag from /home/airflow/.local/lib/python3.12/site-packages/airflow/example_dags/example_workday_timetable.py
[2025-12-08T08:18:44.612+0000] {processor.py:925} INFO - DAG(s) 'example_workday_timetable' retrieved from /home/airflow/.local/lib/python3.12/site-packages/airflow/example_dags/example_workday_timetable.py
[2025-12-08T08:18:44.636+0000] {logging_mixin.py:190} INFO - [2025-12-08T08:18:44.635+0000] {dag.py:3211} INFO - Sync 1 DAGs
[2025-12-08T08:18:44.701+0000] {logging_mixin.py:190} INFO - [2025-12-08T08:18:44.700+0000] {dag.py:4138} INFO - Setting next_dagrun for example_workday_timetable to 2021-01-04 00:00:00+00:00, run_after=2021-01-05 00:00:00+00:00
[2025-12-08T08:18:44.725+0000] {processor.py:208} INFO - Processing /home/airflow/.local/lib/python3.12/site-packages/airflow/example_dags/example_workday_timetable.py took 0.131 seconds
[2025-12-08T08:19:14.946+0000] {processor.py:186} INFO - Started process (PID=6622) to work on /home/airflow/.local/lib/python3.12/site-packages/airflow/example_dags/example_workday_timetable.py
[2025-12-08T08:19:14.949+0000] {processor.py:914} INFO - Processing file /home/airflow/.local/lib/python3.12/site-packages/airflow/example_dags/example_workday_timetable.py for tasks to queue
[2025-12-08T08:19:14.955+0000] {logging_mixin.py:190} INFO - [2025-12-08T08:19:14.955+0000] {dagbag.py:587} INFO - Filling up the DagBag from /home/airflow/.local/lib/python3.12/site-packages/airflow/example_dags/example_workday_timetable.py
[2025-12-08T08:19:14.970+0000] {processor.py:925} INFO - DAG(s) 'example_workday_timetable' retrieved from /home/airflow/.local/lib/python3.12/site-packages/airflow/example_dags/example_workday_timetable.py
[2025-12-08T08:19:15.013+0000] {logging_mixin.py:190} INFO - [2025-12-08T08:19:15.013+0000] {dag.py:3211} INFO - Sync 1 DAGs
[2025-12-08T08:19:15.070+0000] {logging_mixin.py:190} INFO - [2025-12-08T08:19:15.070+0000] {dag.py:4138} INFO - Setting next_dagrun for example_workday_timetable to 2021-01-04 00:00:00+00:00, run_after=2021-01-05 00:00:00+00:00
[2025-12-08T08:19:15.097+0000] {processor.py:208} INFO - Processing /home/airflow/.local/lib/python3.12/site-packages/airflow/example_dags/example_workday_timetable.py took 0.165 seconds
[2025-12-08T08:19:45.161+0000] {processor.py:186} INFO - Started process (PID=6685) to work on /home/airflow/.local/lib/python3.12/site-packages/airflow/example_dags/example_workday_timetable.py
[2025-12-08T08:19:45.165+0000] {processor.py:914} INFO - Processing file /home/airflow/.local/lib/python3.12/site-packages/airflow/example_dags/example_workday_timetable.py for tasks to queue
[2025-12-08T08:19:45.170+0000] {logging_mixin.py:190} INFO - [2025-12-08T08:19:45.169+0000] {dagbag.py:587} INFO - Filling up the DagBag from /home/airflow/.local/lib/python3.12/site-packages/airflow/example_dags/example_workday_timetable.py
[2025-12-08T08:19:45.182+0000] {processor.py:925} INFO - DAG(s) 'example_workday_timetable' retrieved from /home/airflow/.local/lib/python3.12/site-packages/airflow/example_dags/example_workday_timetable.py
[2025-12-08T08:19:45.231+0000] {logging_mixin.py:190} INFO - [2025-12-08T08:19:45.230+0000] {dag.py:3211} INFO - Sync 1 DAGs
[2025-12-08T08:19:45.364+0000] {logging_mixin.py:190} INFO - [2025-12-08T08:19:45.364+0000] {dag.py:4138} INFO - Setting next_dagrun for example_workday_timetable to 2021-01-04 00:00:00+00:00, run_after=2021-01-05 00:00:00+00:00
[2025-12-08T08:19:45.405+0000] {processor.py:208} INFO - Processing /home/airflow/.local/lib/python3.12/site-packages/airflow/example_dags/example_workday_timetable.py took 0.257 seconds
[2025-12-08T08:20:15.516+0000] {processor.py:186} INFO - Started process (PID=6747) to work on /home/airflow/.local/lib/python3.12/site-packages/airflow/example_dags/example_workday_timetable.py
[2025-12-08T08:20:15.518+0000] {processor.py:914} INFO - Processing file /home/airflow/.local/lib/python3.12/site-packages/airflow/example_dags/example_workday_timetable.py for tasks to queue
[2025-12-08T08:20:15.521+0000] {logging_mixin.py:190} INFO - [2025-12-08T08:20:15.521+0000] {dagbag.py:587} INFO - Filling up the DagBag from /home/airflow/.local/lib/python3.12/site-packages/airflow/example_dags/example_workday_timetable.py
[2025-12-08T08:20:15.531+0000] {processor.py:925} INFO - DAG(s) 'example_workday_timetable' retrieved from /home/airflow/.local/lib/python3.12/site-packages/airflow/example_dags/example_workday_timetable.py
[2025-12-08T08:20:15.559+0000] {logging_mixin.py:190} INFO - [2025-12-08T08:20:15.559+0000] {dag.py:3211} INFO - Sync 1 DAGs
[2025-12-08T08:20:15.627+0000] {logging_mixin.py:190} INFO - [2025-12-08T08:20:15.626+0000] {dag.py:4138} INFO - Setting next_dagrun for example_workday_timetable to 2021-01-04 00:00:00+00:00, run_after=2021-01-05 00:00:00+00:00
[2025-12-08T08:20:15.652+0000] {processor.py:208} INFO - Processing /home/airflow/.local/lib/python3.12/site-packages/airflow/example_dags/example_workday_timetable.py took 0.143 seconds
[2025-12-08T08:20:45.857+0000] {processor.py:186} INFO - Started process (PID=6806) to work on /home/airflow/.local/lib/python3.12/site-packages/airflow/example_dags/example_workday_timetable.py
[2025-12-08T08:20:45.860+0000] {processor.py:914} INFO - Processing file /home/airflow/.local/lib/python3.12/site-packages/airflow/example_dags/example_workday_timetable.py for tasks to queue
[2025-12-08T08:20:45.871+0000] {logging_mixin.py:190} INFO - [2025-12-08T08:20:45.868+0000] {dagbag.py:587} INFO - Filling up the DagBag from /home/airflow/.local/lib/python3.12/site-packages/airflow/example_dags/example_workday_timetable.py
[2025-12-08T08:20:45.884+0000] {processor.py:925} INFO - DAG(s) 'example_workday_timetable' retrieved from /home/airflow/.local/lib/python3.12/site-packages/airflow/example_dags/example_workday_timetable.py
[2025-12-08T08:20:45.938+0000] {logging_mixin.py:190} INFO - [2025-12-08T08:20:45.937+0000] {dag.py:3211} INFO - Sync 1 DAGs
[2025-12-08T08:20:46.065+0000] {logging_mixin.py:190} INFO - [2025-12-08T08:20:46.065+0000] {dag.py:4138} INFO - Setting next_dagrun for example_workday_timetable to 2021-01-04 00:00:00+00:00, run_after=2021-01-05 00:00:00+00:00
[2025-12-08T08:20:46.122+0000] {processor.py:208} INFO - Processing /home/airflow/.local/lib/python3.12/site-packages/airflow/example_dags/example_workday_timetable.py took 0.283 seconds
[2025-12-08T08:21:16.262+0000] {processor.py:186} INFO - Started process (PID=6869) to work on /home/airflow/.local/lib/python3.12/site-packages/airflow/example_dags/example_workday_timetable.py
[2025-12-08T08:21:16.264+0000] {processor.py:914} INFO - Processing file /home/airflow/.local/lib/python3.12/site-packages/airflow/example_dags/example_workday_timetable.py for tasks to queue
[2025-12-08T08:21:16.267+0000] {logging_mixin.py:190} INFO - [2025-12-08T08:21:16.266+0000] {dagbag.py:587} INFO - Filling up the DagBag from /home/airflow/.local/lib/python3.12/site-packages/airflow/example_dags/example_workday_timetable.py
[2025-12-08T08:21:16.275+0000] {processor.py:925} INFO - DAG(s) 'example_workday_timetable' retrieved from /home/airflow/.local/lib/python3.12/site-packages/airflow/example_dags/example_workday_timetable.py
[2025-12-08T08:21:16.310+0000] {logging_mixin.py:190} INFO - [2025-12-08T08:21:16.309+0000] {dag.py:3211} INFO - Sync 1 DAGs
[2025-12-08T08:21:16.446+0000] {logging_mixin.py:190} INFO - [2025-12-08T08:21:16.446+0000] {dag.py:4138} INFO - Setting next_dagrun for example_workday_timetable to 2021-01-04 00:00:00+00:00, run_after=2021-01-05 00:00:00+00:00
[2025-12-08T08:21:16.480+0000] {processor.py:208} INFO - Processing /home/airflow/.local/lib/python3.12/site-packages/airflow/example_dags/example_workday_timetable.py took 0.225 seconds
[2025-12-08T08:21:47.075+0000] {processor.py:186} INFO - Started process (PID=6933) to work on /home/airflow/.local/lib/python3.12/site-packages/airflow/example_dags/example_workday_timetable.py
[2025-12-08T08:21:47.079+0000] {processor.py:914} INFO - Processing file /home/airflow/.local/lib/python3.12/site-packages/airflow/example_dags/example_workday_timetable.py for tasks to queue
[2025-12-08T08:21:47.086+0000] {logging_mixin.py:190} INFO - [2025-12-08T08:21:47.085+0000] {dagbag.py:587} INFO - Filling up the DagBag from /home/airflow/.local/lib/python3.12/site-packages/airflow/example_dags/example_workday_timetable.py
[2025-12-08T08:21:47.109+0000] {processor.py:925} INFO - DAG(s) 'example_workday_timetable' retrieved from /home/airflow/.local/lib/python3.12/site-packages/airflow/example_dags/example_workday_timetable.py
[2025-12-08T08:21:47.188+0000] {logging_mixin.py:190} INFO - [2025-12-08T08:21:47.187+0000] {dag.py:3211} INFO - Sync 1 DAGs
[2025-12-08T08:21:47.325+0000] {logging_mixin.py:190} INFO - [2025-12-08T08:21:47.325+0000] {dag.py:4138} INFO - Setting next_dagrun for example_workday_timetable to 2021-01-04 00:00:00+00:00, run_after=2021-01-05 00:00:00+00:00
[2025-12-08T08:21:47.375+0000] {processor.py:208} INFO - Processing /home/airflow/.local/lib/python3.12/site-packages/airflow/example_dags/example_workday_timetable.py took 0.312 seconds
[2025-12-08T08:22:17.593+0000] {processor.py:186} INFO - Started process (PID=6996) to work on /home/airflow/.local/lib/python3.12/site-packages/airflow/example_dags/example_workday_timetable.py
[2025-12-08T08:22:17.595+0000] {processor.py:914} INFO - Processing file /home/airflow/.local/lib/python3.12/site-packages/airflow/example_dags/example_workday_timetable.py for tasks to queue
[2025-12-08T08:22:17.598+0000] {logging_mixin.py:190} INFO - [2025-12-08T08:22:17.597+0000] {dagbag.py:587} INFO - Filling up the DagBag from /home/airflow/.local/lib/python3.12/site-packages/airflow/example_dags/example_workday_timetable.py
[2025-12-08T08:22:17.609+0000] {processor.py:925} INFO - DAG(s) 'example_workday_timetable' retrieved from /home/airflow/.local/lib/python3.12/site-packages/airflow/example_dags/example_workday_timetable.py
[2025-12-08T08:22:17.638+0000] {logging_mixin.py:190} INFO - [2025-12-08T08:22:17.638+0000] {dag.py:3211} INFO - Sync 1 DAGs
[2025-12-08T08:22:17.700+0000] {logging_mixin.py:190} INFO - [2025-12-08T08:22:17.700+0000] {dag.py:4138} INFO - Setting next_dagrun for example_workday_timetable to 2021-01-04 00:00:00+00:00, run_after=2021-01-05 00:00:00+00:00
[2025-12-08T08:22:17.723+0000] {processor.py:208} INFO - Processing /home/airflow/.local/lib/python3.12/site-packages/airflow/example_dags/example_workday_timetable.py took 0.138 seconds
[2025-12-08T08:22:47.938+0000] {processor.py:186} INFO - Started process (PID=7059) to work on /home/airflow/.local/lib/python3.12/site-packages/airflow/example_dags/example_workday_timetable.py
[2025-12-08T08:22:47.941+0000] {processor.py:914} INFO - Processing file /home/airflow/.local/lib/python3.12/site-packages/airflow/example_dags/example_workday_timetable.py for tasks to queue
[2025-12-08T08:22:47.947+0000] {logging_mixin.py:190} INFO - [2025-12-08T08:22:47.946+0000] {dagbag.py:587} INFO - Filling up the DagBag from /home/airflow/.local/lib/python3.12/site-packages/airflow/example_dags/example_workday_timetable.py
[2025-12-08T08:22:47.962+0000] {processor.py:925} INFO - DAG(s) 'example_workday_timetable' retrieved from /home/airflow/.local/lib/python3.12/site-packages/airflow/example_dags/example_workday_timetable.py
[2025-12-08T08:22:47.988+0000] {logging_mixin.py:190} INFO - [2025-12-08T08:22:47.988+0000] {dag.py:3211} INFO - Sync 1 DAGs
[2025-12-08T08:22:48.050+0000] {logging_mixin.py:190} INFO - [2025-12-08T08:22:48.049+0000] {dag.py:4138} INFO - Setting next_dagrun for example_workday_timetable to 2021-01-04 00:00:00+00:00, run_after=2021-01-05 00:00:00+00:00
[2025-12-08T08:22:48.072+0000] {processor.py:208} INFO - Processing /home/airflow/.local/lib/python3.12/site-packages/airflow/example_dags/example_workday_timetable.py took 0.144 seconds
[2025-12-08T08:23:18.167+0000] {processor.py:186} INFO - Started process (PID=7122) to work on /home/airflow/.local/lib/python3.12/site-packages/airflow/example_dags/example_workday_timetable.py
[2025-12-08T08:23:18.168+0000] {processor.py:914} INFO - Processing file /home/airflow/.local/lib/python3.12/site-packages/airflow/example_dags/example_workday_timetable.py for tasks to queue
[2025-12-08T08:23:18.171+0000] {logging_mixin.py:190} INFO - [2025-12-08T08:23:18.171+0000] {dagbag.py:587} INFO - Filling up the DagBag from /home/airflow/.local/lib/python3.12/site-packages/airflow/example_dags/example_workday_timetable.py
[2025-12-08T08:23:18.178+0000] {processor.py:925} INFO - DAG(s) 'example_workday_timetable' retrieved from /home/airflow/.local/lib/python3.12/site-packages/airflow/example_dags/example_workday_timetable.py
[2025-12-08T08:23:18.207+0000] {logging_mixin.py:190} INFO - [2025-12-08T08:23:18.207+0000] {dag.py:3211} INFO - Sync 1 DAGs
[2025-12-08T08:23:18.269+0000] {logging_mixin.py:190} INFO - [2025-12-08T08:23:18.269+0000] {dag.py:4138} INFO - Setting next_dagrun for example_workday_timetable to 2021-01-04 00:00:00+00:00, run_after=2021-01-05 00:00:00+00:00
[2025-12-08T08:23:18.292+0000] {processor.py:208} INFO - Processing /home/airflow/.local/lib/python3.12/site-packages/airflow/example_dags/example_workday_timetable.py took 0.132 seconds
[2025-12-08T08:23:49.006+0000] {processor.py:186} INFO - Started process (PID=7185) to work on /home/airflow/.local/lib/python3.12/site-packages/airflow/example_dags/example_workday_timetable.py
[2025-12-08T08:23:49.008+0000] {processor.py:914} INFO - Processing file /home/airflow/.local/lib/python3.12/site-packages/airflow/example_dags/example_workday_timetable.py for tasks to queue
[2025-12-08T08:23:49.012+0000] {logging_mixin.py:190} INFO - [2025-12-08T08:23:49.011+0000] {dagbag.py:587} INFO - Filling up the DagBag from /home/airflow/.local/lib/python3.12/site-packages/airflow/example_dags/example_workday_timetable.py
[2025-12-08T08:23:49.018+0000] {processor.py:925} INFO - DAG(s) 'example_workday_timetable' retrieved from /home/airflow/.local/lib/python3.12/site-packages/airflow/example_dags/example_workday_timetable.py
[2025-12-08T08:23:49.048+0000] {logging_mixin.py:190} INFO - [2025-12-08T08:23:49.048+0000] {dag.py:3211} INFO - Sync 1 DAGs
[2025-12-08T08:23:49.109+0000] {logging_mixin.py:190} INFO - [2025-12-08T08:23:49.108+0000] {dag.py:4138} INFO - Setting next_dagrun for example_workday_timetable to 2021-01-04 00:00:00+00:00, run_after=2021-01-05 00:00:00+00:00
[2025-12-08T08:23:49.138+0000] {processor.py:208} INFO - Processing /home/airflow/.local/lib/python3.12/site-packages/airflow/example_dags/example_workday_timetable.py took 0.140 seconds
[2025-12-08T08:24:19.737+0000] {processor.py:186} INFO - Started process (PID=7248) to work on /home/airflow/.local/lib/python3.12/site-packages/airflow/example_dags/example_workday_timetable.py
[2025-12-08T08:24:19.739+0000] {processor.py:914} INFO - Processing file /home/airflow/.local/lib/python3.12/site-packages/airflow/example_dags/example_workday_timetable.py for tasks to queue
[2025-12-08T08:24:19.742+0000] {logging_mixin.py:190} INFO - [2025-12-08T08:24:19.741+0000] {dagbag.py:587} INFO - Filling up the DagBag from /home/airflow/.local/lib/python3.12/site-packages/airflow/example_dags/example_workday_timetable.py
[2025-12-08T08:24:19.753+0000] {processor.py:925} INFO - DAG(s) 'example_workday_timetable' retrieved from /home/airflow/.local/lib/python3.12/site-packages/airflow/example_dags/example_workday_timetable.py
[2025-12-08T08:24:19.782+0000] {logging_mixin.py:190} INFO - [2025-12-08T08:24:19.781+0000] {dag.py:3211} INFO - Sync 1 DAGs
[2025-12-08T08:24:19.843+0000] {logging_mixin.py:190} INFO - [2025-12-08T08:24:19.843+0000] {dag.py:4138} INFO - Setting next_dagrun for example_workday_timetable to 2021-01-04 00:00:00+00:00, run_after=2021-01-05 00:00:00+00:00
[2025-12-08T08:24:19.867+0000] {processor.py:208} INFO - Processing /home/airflow/.local/lib/python3.12/site-packages/airflow/example_dags/example_workday_timetable.py took 0.143 seconds
[2025-12-08T08:24:50.376+0000] {processor.py:186} INFO - Started process (PID=7311) to work on /home/airflow/.local/lib/python3.12/site-packages/airflow/example_dags/example_workday_timetable.py
[2025-12-08T08:24:50.378+0000] {processor.py:914} INFO - Processing file /home/airflow/.local/lib/python3.12/site-packages/airflow/example_dags/example_workday_timetable.py for tasks to queue
[2025-12-08T08:24:50.381+0000] {logging_mixin.py:190} INFO - [2025-12-08T08:24:50.380+0000] {dagbag.py:587} INFO - Filling up the DagBag from /home/airflow/.local/lib/python3.12/site-packages/airflow/example_dags/example_workday_timetable.py
[2025-12-08T08:24:50.387+0000] {processor.py:925} INFO - DAG(s) 'example_workday_timetable' retrieved from /home/airflow/.local/lib/python3.12/site-packages/airflow/example_dags/example_workday_timetable.py
[2025-12-08T08:24:50.412+0000] {logging_mixin.py:190} INFO - [2025-12-08T08:24:50.412+0000] {dag.py:3211} INFO - Sync 1 DAGs
[2025-12-08T08:24:50.466+0000] {logging_mixin.py:190} INFO - [2025-12-08T08:24:50.466+0000] {dag.py:4138} INFO - Setting next_dagrun for example_workday_timetable to 2021-01-04 00:00:00+00:00, run_after=2021-01-05 00:00:00+00:00
[2025-12-08T08:24:50.491+0000] {processor.py:208} INFO - Processing /home/airflow/.local/lib/python3.12/site-packages/airflow/example_dags/example_workday_timetable.py took 0.121 seconds
[2025-12-08T08:25:21.282+0000] {processor.py:186} INFO - Started process (PID=7374) to work on /home/airflow/.local/lib/python3.12/site-packages/airflow/example_dags/example_workday_timetable.py
[2025-12-08T08:25:21.285+0000] {processor.py:914} INFO - Processing file /home/airflow/.local/lib/python3.12/site-packages/airflow/example_dags/example_workday_timetable.py for tasks to queue
[2025-12-08T08:25:21.291+0000] {logging_mixin.py:190} INFO - [2025-12-08T08:25:21.290+0000] {dagbag.py:587} INFO - Filling up the DagBag from /home/airflow/.local/lib/python3.12/site-packages/airflow/example_dags/example_workday_timetable.py
[2025-12-08T08:25:21.304+0000] {processor.py:925} INFO - DAG(s) 'example_workday_timetable' retrieved from /home/airflow/.local/lib/python3.12/site-packages/airflow/example_dags/example_workday_timetable.py
[2025-12-08T08:25:21.333+0000] {logging_mixin.py:190} INFO - [2025-12-08T08:25:21.332+0000] {dag.py:3211} INFO - Sync 1 DAGs
[2025-12-08T08:25:21.398+0000] {logging_mixin.py:190} INFO - [2025-12-08T08:25:21.398+0000] {dag.py:4138} INFO - Setting next_dagrun for example_workday_timetable to 2021-01-04 00:00:00+00:00, run_after=2021-01-05 00:00:00+00:00
[2025-12-08T08:25:21.430+0000] {processor.py:208} INFO - Processing /home/airflow/.local/lib/python3.12/site-packages/airflow/example_dags/example_workday_timetable.py took 0.155 seconds
[2025-12-08T08:25:52.336+0000] {processor.py:186} INFO - Started process (PID=7437) to work on /home/airflow/.local/lib/python3.12/site-packages/airflow/example_dags/example_workday_timetable.py
[2025-12-08T08:25:52.338+0000] {processor.py:914} INFO - Processing file /home/airflow/.local/lib/python3.12/site-packages/airflow/example_dags/example_workday_timetable.py for tasks to queue
[2025-12-08T08:25:52.342+0000] {logging_mixin.py:190} INFO - [2025-12-08T08:25:52.341+0000] {dagbag.py:587} INFO - Filling up the DagBag from /home/airflow/.local/lib/python3.12/site-packages/airflow/example_dags/example_workday_timetable.py
[2025-12-08T08:25:52.349+0000] {processor.py:925} INFO - DAG(s) 'example_workday_timetable' retrieved from /home/airflow/.local/lib/python3.12/site-packages/airflow/example_dags/example_workday_timetable.py
[2025-12-08T08:25:52.378+0000] {logging_mixin.py:190} INFO - [2025-12-08T08:25:52.377+0000] {dag.py:3211} INFO - Sync 1 DAGs
[2025-12-08T08:25:52.436+0000] {logging_mixin.py:190} INFO - [2025-12-08T08:25:52.436+0000] {dag.py:4138} INFO - Setting next_dagrun for example_workday_timetable to 2021-01-04 00:00:00+00:00, run_after=2021-01-05 00:00:00+00:00
[2025-12-08T08:25:52.462+0000] {processor.py:208} INFO - Processing /home/airflow/.local/lib/python3.12/site-packages/airflow/example_dags/example_workday_timetable.py took 0.138 seconds
[2025-12-08T08:26:22.661+0000] {processor.py:186} INFO - Started process (PID=7500) to work on /home/airflow/.local/lib/python3.12/site-packages/airflow/example_dags/example_workday_timetable.py
[2025-12-08T08:26:22.663+0000] {processor.py:914} INFO - Processing file /home/airflow/.local/lib/python3.12/site-packages/airflow/example_dags/example_workday_timetable.py for tasks to queue
[2025-12-08T08:26:22.668+0000] {logging_mixin.py:190} INFO - [2025-12-08T08:26:22.667+0000] {dagbag.py:587} INFO - Filling up the DagBag from /home/airflow/.local/lib/python3.12/site-packages/airflow/example_dags/example_workday_timetable.py
[2025-12-08T08:26:22.679+0000] {processor.py:925} INFO - DAG(s) 'example_workday_timetable' retrieved from /home/airflow/.local/lib/python3.12/site-packages/airflow/example_dags/example_workday_timetable.py
[2025-12-08T08:26:22.708+0000] {logging_mixin.py:190} INFO - [2025-12-08T08:26:22.708+0000] {dag.py:3211} INFO - Sync 1 DAGs
[2025-12-08T08:26:22.768+0000] {logging_mixin.py:190} INFO - [2025-12-08T08:26:22.768+0000] {dag.py:4138} INFO - Setting next_dagrun for example_workday_timetable to 2021-01-04 00:00:00+00:00, run_after=2021-01-05 00:00:00+00:00
[2025-12-08T08:26:22.793+0000] {processor.py:208} INFO - Processing /home/airflow/.local/lib/python3.12/site-packages/airflow/example_dags/example_workday_timetable.py took 0.146 seconds
[2025-12-08T08:26:52.953+0000] {processor.py:186} INFO - Started process (PID=7564) to work on /home/airflow/.local/lib/python3.12/site-packages/airflow/example_dags/example_workday_timetable.py
[2025-12-08T08:26:52.955+0000] {processor.py:914} INFO - Processing file /home/airflow/.local/lib/python3.12/site-packages/airflow/example_dags/example_workday_timetable.py for tasks to queue
[2025-12-08T08:26:52.962+0000] {logging_mixin.py:190} INFO - [2025-12-08T08:26:52.961+0000] {dagbag.py:587} INFO - Filling up the DagBag from /home/airflow/.local/lib/python3.12/site-packages/airflow/example_dags/example_workday_timetable.py
[2025-12-08T08:26:52.973+0000] {processor.py:925} INFO - DAG(s) 'example_workday_timetable' retrieved from /home/airflow/.local/lib/python3.12/site-packages/airflow/example_dags/example_workday_timetable.py
[2025-12-08T08:26:53.021+0000] {logging_mixin.py:190} INFO - [2025-12-08T08:26:53.020+0000] {dag.py:3211} INFO - Sync 1 DAGs
[2025-12-08T08:26:53.127+0000] {logging_mixin.py:190} INFO - [2025-12-08T08:26:53.127+0000] {dag.py:4138} INFO - Setting next_dagrun for example_workday_timetable to 2021-01-04 00:00:00+00:00, run_after=2021-01-05 00:00:00+00:00
[2025-12-08T08:26:53.165+0000] {processor.py:208} INFO - Processing /home/airflow/.local/lib/python3.12/site-packages/airflow/example_dags/example_workday_timetable.py took 0.223 seconds
[2025-12-08T08:27:23.331+0000] {processor.py:186} INFO - Started process (PID=7628) to work on /home/airflow/.local/lib/python3.12/site-packages/airflow/example_dags/example_workday_timetable.py
[2025-12-08T08:27:23.334+0000] {processor.py:914} INFO - Processing file /home/airflow/.local/lib/python3.12/site-packages/airflow/example_dags/example_workday_timetable.py for tasks to queue
[2025-12-08T08:27:23.339+0000] {logging_mixin.py:190} INFO - [2025-12-08T08:27:23.339+0000] {dagbag.py:587} INFO - Filling up the DagBag from /home/airflow/.local/lib/python3.12/site-packages/airflow/example_dags/example_workday_timetable.py
[2025-12-08T08:27:23.357+0000] {processor.py:925} INFO - DAG(s) 'example_workday_timetable' retrieved from /home/airflow/.local/lib/python3.12/site-packages/airflow/example_dags/example_workday_timetable.py
[2025-12-08T08:27:23.409+0000] {logging_mixin.py:190} INFO - [2025-12-08T08:27:23.409+0000] {dag.py:3211} INFO - Sync 1 DAGs
[2025-12-08T08:27:23.514+0000] {logging_mixin.py:190} INFO - [2025-12-08T08:27:23.513+0000] {dag.py:4138} INFO - Setting next_dagrun for example_workday_timetable to 2021-01-04 00:00:00+00:00, run_after=2021-01-05 00:00:00+00:00
[2025-12-08T08:27:23.562+0000] {processor.py:208} INFO - Processing /home/airflow/.local/lib/python3.12/site-packages/airflow/example_dags/example_workday_timetable.py took 0.247 seconds
[2025-12-08T08:27:53.682+0000] {processor.py:186} INFO - Started process (PID=7691) to work on /home/airflow/.local/lib/python3.12/site-packages/airflow/example_dags/example_workday_timetable.py
[2025-12-08T08:27:53.684+0000] {processor.py:914} INFO - Processing file /home/airflow/.local/lib/python3.12/site-packages/airflow/example_dags/example_workday_timetable.py for tasks to queue
[2025-12-08T08:27:53.689+0000] {logging_mixin.py:190} INFO - [2025-12-08T08:27:53.688+0000] {dagbag.py:587} INFO - Filling up the DagBag from /home/airflow/.local/lib/python3.12/site-packages/airflow/example_dags/example_workday_timetable.py
[2025-12-08T08:27:53.699+0000] {processor.py:925} INFO - DAG(s) 'example_workday_timetable' retrieved from /home/airflow/.local/lib/python3.12/site-packages/airflow/example_dags/example_workday_timetable.py
[2025-12-08T08:27:53.724+0000] {logging_mixin.py:190} INFO - [2025-12-08T08:27:53.724+0000] {dag.py:3211} INFO - Sync 1 DAGs
[2025-12-08T08:27:53.778+0000] {logging_mixin.py:190} INFO - [2025-12-08T08:27:53.777+0000] {dag.py:4138} INFO - Setting next_dagrun for example_workday_timetable to 2021-01-04 00:00:00+00:00, run_after=2021-01-05 00:00:00+00:00
[2025-12-08T08:27:53.798+0000] {processor.py:208} INFO - Processing /home/airflow/.local/lib/python3.12/site-packages/airflow/example_dags/example_workday_timetable.py took 0.127 seconds
[2025-12-08T08:28:23.904+0000] {processor.py:186} INFO - Started process (PID=7754) to work on /home/airflow/.local/lib/python3.12/site-packages/airflow/example_dags/example_workday_timetable.py
[2025-12-08T08:28:23.906+0000] {processor.py:914} INFO - Processing file /home/airflow/.local/lib/python3.12/site-packages/airflow/example_dags/example_workday_timetable.py for tasks to queue
[2025-12-08T08:28:23.913+0000] {logging_mixin.py:190} INFO - [2025-12-08T08:28:23.912+0000] {dagbag.py:587} INFO - Filling up the DagBag from /home/airflow/.local/lib/python3.12/site-packages/airflow/example_dags/example_workday_timetable.py
[2025-12-08T08:28:23.922+0000] {processor.py:925} INFO - DAG(s) 'example_workday_timetable' retrieved from /home/airflow/.local/lib/python3.12/site-packages/airflow/example_dags/example_workday_timetable.py
[2025-12-08T08:28:23.956+0000] {logging_mixin.py:190} INFO - [2025-12-08T08:28:23.955+0000] {dag.py:3211} INFO - Sync 1 DAGs
[2025-12-08T08:28:24.018+0000] {logging_mixin.py:190} INFO - [2025-12-08T08:28:24.017+0000] {dag.py:4138} INFO - Setting next_dagrun for example_workday_timetable to 2021-01-04 00:00:00+00:00, run_after=2021-01-05 00:00:00+00:00
[2025-12-08T08:28:24.050+0000] {processor.py:208} INFO - Processing /home/airflow/.local/lib/python3.12/site-packages/airflow/example_dags/example_workday_timetable.py took 0.155 seconds
[2025-12-08T08:28:54.474+0000] {processor.py:186} INFO - Started process (PID=7816) to work on /home/airflow/.local/lib/python3.12/site-packages/airflow/example_dags/example_workday_timetable.py
[2025-12-08T08:28:54.476+0000] {processor.py:914} INFO - Processing file /home/airflow/.local/lib/python3.12/site-packages/airflow/example_dags/example_workday_timetable.py for tasks to queue
[2025-12-08T08:28:54.481+0000] {logging_mixin.py:190} INFO - [2025-12-08T08:28:54.481+0000] {dagbag.py:587} INFO - Filling up the DagBag from /home/airflow/.local/lib/python3.12/site-packages/airflow/example_dags/example_workday_timetable.py
[2025-12-08T08:28:54.489+0000] {processor.py:925} INFO - DAG(s) 'example_workday_timetable' retrieved from /home/airflow/.local/lib/python3.12/site-packages/airflow/example_dags/example_workday_timetable.py
[2025-12-08T08:28:54.518+0000] {logging_mixin.py:190} INFO - [2025-12-08T08:28:54.518+0000] {dag.py:3211} INFO - Sync 1 DAGs
[2025-12-08T08:28:54.576+0000] {logging_mixin.py:190} INFO - [2025-12-08T08:28:54.576+0000] {dag.py:4138} INFO - Setting next_dagrun for example_workday_timetable to 2021-01-04 00:00:00+00:00, run_after=2021-01-05 00:00:00+00:00
[2025-12-08T08:28:54.599+0000] {processor.py:208} INFO - Processing /home/airflow/.local/lib/python3.12/site-packages/airflow/example_dags/example_workday_timetable.py took 0.135 seconds
[2025-12-08T08:29:24.673+0000] {processor.py:186} INFO - Started process (PID=7879) to work on /home/airflow/.local/lib/python3.12/site-packages/airflow/example_dags/example_workday_timetable.py
[2025-12-08T08:29:24.676+0000] {processor.py:914} INFO - Processing file /home/airflow/.local/lib/python3.12/site-packages/airflow/example_dags/example_workday_timetable.py for tasks to queue
[2025-12-08T08:29:24.681+0000] {logging_mixin.py:190} INFO - [2025-12-08T08:29:24.681+0000] {dagbag.py:587} INFO - Filling up the DagBag from /home/airflow/.local/lib/python3.12/site-packages/airflow/example_dags/example_workday_timetable.py
[2025-12-08T08:29:24.688+0000] {processor.py:925} INFO - DAG(s) 'example_workday_timetable' retrieved from /home/airflow/.local/lib/python3.12/site-packages/airflow/example_dags/example_workday_timetable.py
[2025-12-08T08:29:24.714+0000] {logging_mixin.py:190} INFO - [2025-12-08T08:29:24.714+0000] {dag.py:3211} INFO - Sync 1 DAGs
[2025-12-08T08:29:24.769+0000] {logging_mixin.py:190} INFO - [2025-12-08T08:29:24.769+0000] {dag.py:4138} INFO - Setting next_dagrun for example_workday_timetable to 2021-01-04 00:00:00+00:00, run_after=2021-01-05 00:00:00+00:00
[2025-12-08T08:29:24.791+0000] {processor.py:208} INFO - Processing /home/airflow/.local/lib/python3.12/site-packages/airflow/example_dags/example_workday_timetable.py took 0.128 seconds
[2025-12-08T08:29:55.283+0000] {processor.py:186} INFO - Started process (PID=7942) to work on /home/airflow/.local/lib/python3.12/site-packages/airflow/example_dags/example_workday_timetable.py
[2025-12-08T08:29:55.284+0000] {processor.py:914} INFO - Processing file /home/airflow/.local/lib/python3.12/site-packages/airflow/example_dags/example_workday_timetable.py for tasks to queue
[2025-12-08T08:29:55.288+0000] {logging_mixin.py:190} INFO - [2025-12-08T08:29:55.287+0000] {dagbag.py:587} INFO - Filling up the DagBag from /home/airflow/.local/lib/python3.12/site-packages/airflow/example_dags/example_workday_timetable.py
[2025-12-08T08:29:55.294+0000] {processor.py:925} INFO - DAG(s) 'example_workday_timetable' retrieved from /home/airflow/.local/lib/python3.12/site-packages/airflow/example_dags/example_workday_timetable.py
[2025-12-08T08:29:55.319+0000] {logging_mixin.py:190} INFO - [2025-12-08T08:29:55.319+0000] {dag.py:3211} INFO - Sync 1 DAGs
[2025-12-08T08:29:55.373+0000] {logging_mixin.py:190} INFO - [2025-12-08T08:29:55.373+0000] {dag.py:4138} INFO - Setting next_dagrun for example_workday_timetable to 2021-01-04 00:00:00+00:00, run_after=2021-01-05 00:00:00+00:00
[2025-12-08T08:29:55.393+0000] {processor.py:208} INFO - Processing /home/airflow/.local/lib/python3.12/site-packages/airflow/example_dags/example_workday_timetable.py took 0.118 seconds
[2025-12-08T08:30:26.037+0000] {processor.py:186} INFO - Started process (PID=8005) to work on /home/airflow/.local/lib/python3.12/site-packages/airflow/example_dags/example_workday_timetable.py
[2025-12-08T08:30:26.039+0000] {processor.py:914} INFO - Processing file /home/airflow/.local/lib/python3.12/site-packages/airflow/example_dags/example_workday_timetable.py for tasks to queue
[2025-12-08T08:30:26.042+0000] {logging_mixin.py:190} INFO - [2025-12-08T08:30:26.042+0000] {dagbag.py:587} INFO - Filling up the DagBag from /home/airflow/.local/lib/python3.12/site-packages/airflow/example_dags/example_workday_timetable.py
[2025-12-08T08:30:26.051+0000] {processor.py:925} INFO - DAG(s) 'example_workday_timetable' retrieved from /home/airflow/.local/lib/python3.12/site-packages/airflow/example_dags/example_workday_timetable.py
[2025-12-08T08:30:26.078+0000] {logging_mixin.py:190} INFO - [2025-12-08T08:30:26.077+0000] {dag.py:3211} INFO - Sync 1 DAGs
[2025-12-08T08:30:26.142+0000] {logging_mixin.py:190} INFO - [2025-12-08T08:30:26.142+0000] {dag.py:4138} INFO - Setting next_dagrun for example_workday_timetable to 2021-01-04 00:00:00+00:00, run_after=2021-01-05 00:00:00+00:00
[2025-12-08T08:30:26.169+0000] {processor.py:208} INFO - Processing /home/airflow/.local/lib/python3.12/site-packages/airflow/example_dags/example_workday_timetable.py took 0.141 seconds
[2025-12-08T08:30:56.345+0000] {processor.py:186} INFO - Started process (PID=8068) to work on /home/airflow/.local/lib/python3.12/site-packages/airflow/example_dags/example_workday_timetable.py
[2025-12-08T08:30:56.349+0000] {processor.py:914} INFO - Processing file /home/airflow/.local/lib/python3.12/site-packages/airflow/example_dags/example_workday_timetable.py for tasks to queue
[2025-12-08T08:30:56.360+0000] {logging_mixin.py:190} INFO - [2025-12-08T08:30:56.359+0000] {dagbag.py:587} INFO - Filling up the DagBag from /home/airflow/.local/lib/python3.12/site-packages/airflow/example_dags/example_workday_timetable.py
[2025-12-08T08:30:56.382+0000] {processor.py:925} INFO - DAG(s) 'example_workday_timetable' retrieved from /home/airflow/.local/lib/python3.12/site-packages/airflow/example_dags/example_workday_timetable.py
[2025-12-08T08:30:56.437+0000] {logging_mixin.py:190} INFO - [2025-12-08T08:30:56.436+0000] {dag.py:3211} INFO - Sync 1 DAGs
[2025-12-08T08:30:56.585+0000] {logging_mixin.py:190} INFO - [2025-12-08T08:30:56.585+0000] {dag.py:4138} INFO - Setting next_dagrun for example_workday_timetable to 2021-01-04 00:00:00+00:00, run_after=2021-01-05 00:00:00+00:00
[2025-12-08T08:30:56.626+0000] {processor.py:208} INFO - Processing /home/airflow/.local/lib/python3.12/site-packages/airflow/example_dags/example_workday_timetable.py took 0.305 seconds
[2025-12-08T08:31:26.793+0000] {processor.py:186} INFO - Started process (PID=8131) to work on /home/airflow/.local/lib/python3.12/site-packages/airflow/example_dags/example_workday_timetable.py
[2025-12-08T08:31:26.796+0000] {processor.py:914} INFO - Processing file /home/airflow/.local/lib/python3.12/site-packages/airflow/example_dags/example_workday_timetable.py for tasks to queue
[2025-12-08T08:31:26.803+0000] {logging_mixin.py:190} INFO - [2025-12-08T08:31:26.802+0000] {dagbag.py:587} INFO - Filling up the DagBag from /home/airflow/.local/lib/python3.12/site-packages/airflow/example_dags/example_workday_timetable.py
[2025-12-08T08:31:26.818+0000] {processor.py:925} INFO - DAG(s) 'example_workday_timetable' retrieved from /home/airflow/.local/lib/python3.12/site-packages/airflow/example_dags/example_workday_timetable.py
[2025-12-08T08:31:26.862+0000] {logging_mixin.py:190} INFO - [2025-12-08T08:31:26.861+0000] {dag.py:3211} INFO - Sync 1 DAGs
[2025-12-08T08:31:26.962+0000] {logging_mixin.py:190} INFO - [2025-12-08T08:31:26.962+0000] {dag.py:4138} INFO - Setting next_dagrun for example_workday_timetable to 2021-01-04 00:00:00+00:00, run_after=2021-01-05 00:00:00+00:00
[2025-12-08T08:31:27.000+0000] {processor.py:208} INFO - Processing /home/airflow/.local/lib/python3.12/site-packages/airflow/example_dags/example_workday_timetable.py took 0.224 seconds
[2025-12-08T08:31:57.157+0000] {processor.py:186} INFO - Started process (PID=8191) to work on /home/airflow/.local/lib/python3.12/site-packages/airflow/example_dags/example_workday_timetable.py
[2025-12-08T08:31:57.159+0000] {processor.py:914} INFO - Processing file /home/airflow/.local/lib/python3.12/site-packages/airflow/example_dags/example_workday_timetable.py for tasks to queue
[2025-12-08T08:31:57.163+0000] {logging_mixin.py:190} INFO - [2025-12-08T08:31:57.163+0000] {dagbag.py:587} INFO - Filling up the DagBag from /home/airflow/.local/lib/python3.12/site-packages/airflow/example_dags/example_workday_timetable.py
[2025-12-08T08:31:57.173+0000] {processor.py:925} INFO - DAG(s) 'example_workday_timetable' retrieved from /home/airflow/.local/lib/python3.12/site-packages/airflow/example_dags/example_workday_timetable.py
[2025-12-08T08:31:57.203+0000] {logging_mixin.py:190} INFO - [2025-12-08T08:31:57.203+0000] {dag.py:3211} INFO - Sync 1 DAGs
[2025-12-08T08:31:57.269+0000] {logging_mixin.py:190} INFO - [2025-12-08T08:31:57.269+0000] {dag.py:4138} INFO - Setting next_dagrun for example_workday_timetable to 2021-01-04 00:00:00+00:00, run_after=2021-01-05 00:00:00+00:00
[2025-12-08T08:31:57.298+0000] {processor.py:208} INFO - Processing /home/airflow/.local/lib/python3.12/site-packages/airflow/example_dags/example_workday_timetable.py took 0.150 seconds
[2025-12-08T08:32:27.660+0000] {processor.py:186} INFO - Started process (PID=8254) to work on /home/airflow/.local/lib/python3.12/site-packages/airflow/example_dags/example_workday_timetable.py
[2025-12-08T08:32:27.662+0000] {processor.py:914} INFO - Processing file /home/airflow/.local/lib/python3.12/site-packages/airflow/example_dags/example_workday_timetable.py for tasks to queue
[2025-12-08T08:32:27.666+0000] {logging_mixin.py:190} INFO - [2025-12-08T08:32:27.665+0000] {dagbag.py:587} INFO - Filling up the DagBag from /home/airflow/.local/lib/python3.12/site-packages/airflow/example_dags/example_workday_timetable.py
[2025-12-08T08:32:27.672+0000] {processor.py:925} INFO - DAG(s) 'example_workday_timetable' retrieved from /home/airflow/.local/lib/python3.12/site-packages/airflow/example_dags/example_workday_timetable.py
[2025-12-08T08:32:27.700+0000] {logging_mixin.py:190} INFO - [2025-12-08T08:32:27.699+0000] {dag.py:3211} INFO - Sync 1 DAGs
[2025-12-08T08:32:27.759+0000] {logging_mixin.py:190} INFO - [2025-12-08T08:32:27.759+0000] {dag.py:4138} INFO - Setting next_dagrun for example_workday_timetable to 2021-01-04 00:00:00+00:00, run_after=2021-01-05 00:00:00+00:00
[2025-12-08T08:32:27.782+0000] {processor.py:208} INFO - Processing /home/airflow/.local/lib/python3.12/site-packages/airflow/example_dags/example_workday_timetable.py took 0.132 seconds
[2025-12-08T08:32:58.219+0000] {processor.py:186} INFO - Started process (PID=8318) to work on /home/airflow/.local/lib/python3.12/site-packages/airflow/example_dags/example_workday_timetable.py
[2025-12-08T08:32:58.220+0000] {processor.py:914} INFO - Processing file /home/airflow/.local/lib/python3.12/site-packages/airflow/example_dags/example_workday_timetable.py for tasks to queue
[2025-12-08T08:32:58.224+0000] {logging_mixin.py:190} INFO - [2025-12-08T08:32:58.224+0000] {dagbag.py:587} INFO - Filling up the DagBag from /home/airflow/.local/lib/python3.12/site-packages/airflow/example_dags/example_workday_timetable.py
[2025-12-08T08:32:58.233+0000] {processor.py:925} INFO - DAG(s) 'example_workday_timetable' retrieved from /home/airflow/.local/lib/python3.12/site-packages/airflow/example_dags/example_workday_timetable.py
[2025-12-08T08:32:58.257+0000] {logging_mixin.py:190} INFO - [2025-12-08T08:32:58.257+0000] {dag.py:3211} INFO - Sync 1 DAGs
[2025-12-08T08:32:58.313+0000] {logging_mixin.py:190} INFO - [2025-12-08T08:32:58.313+0000] {dag.py:4138} INFO - Setting next_dagrun for example_workday_timetable to 2021-01-04 00:00:00+00:00, run_after=2021-01-05 00:00:00+00:00
[2025-12-08T08:32:58.334+0000] {processor.py:208} INFO - Processing /home/airflow/.local/lib/python3.12/site-packages/airflow/example_dags/example_workday_timetable.py took 0.123 seconds
[2025-12-08T08:33:29.958+0000] {processor.py:186} INFO - Started process (PID=8381) to work on /home/airflow/.local/lib/python3.12/site-packages/airflow/example_dags/example_workday_timetable.py
[2025-12-08T08:33:29.961+0000] {processor.py:914} INFO - Processing file /home/airflow/.local/lib/python3.12/site-packages/airflow/example_dags/example_workday_timetable.py for tasks to queue
[2025-12-08T08:33:29.968+0000] {logging_mixin.py:190} INFO - [2025-12-08T08:33:29.967+0000] {dagbag.py:587} INFO - Filling up the DagBag from /home/airflow/.local/lib/python3.12/site-packages/airflow/example_dags/example_workday_timetable.py
[2025-12-08T08:33:29.982+0000] {processor.py:925} INFO - DAG(s) 'example_workday_timetable' retrieved from /home/airflow/.local/lib/python3.12/site-packages/airflow/example_dags/example_workday_timetable.py
[2025-12-08T08:33:30.034+0000] {logging_mixin.py:190} INFO - [2025-12-08T08:33:30.033+0000] {dag.py:3211} INFO - Sync 1 DAGs
[2025-12-08T08:33:30.151+0000] {logging_mixin.py:190} INFO - [2025-12-08T08:33:30.151+0000] {dag.py:4138} INFO - Setting next_dagrun for example_workday_timetable to 2021-01-04 00:00:00+00:00, run_after=2021-01-05 00:00:00+00:00
[2025-12-08T08:33:30.201+0000] {processor.py:208} INFO - Processing /home/airflow/.local/lib/python3.12/site-packages/airflow/example_dags/example_workday_timetable.py took 0.254 seconds
[2025-12-08T08:34:00.598+0000] {processor.py:186} INFO - Started process (PID=8444) to work on /home/airflow/.local/lib/python3.12/site-packages/airflow/example_dags/example_workday_timetable.py
[2025-12-08T08:34:00.600+0000] {processor.py:914} INFO - Processing file /home/airflow/.local/lib/python3.12/site-packages/airflow/example_dags/example_workday_timetable.py for tasks to queue
[2025-12-08T08:34:00.602+0000] {logging_mixin.py:190} INFO - [2025-12-08T08:34:00.602+0000] {dagbag.py:587} INFO - Filling up the DagBag from /home/airflow/.local/lib/python3.12/site-packages/airflow/example_dags/example_workday_timetable.py
[2025-12-08T08:34:00.610+0000] {processor.py:925} INFO - DAG(s) 'example_workday_timetable' retrieved from /home/airflow/.local/lib/python3.12/site-packages/airflow/example_dags/example_workday_timetable.py
[2025-12-08T08:34:00.640+0000] {logging_mixin.py:190} INFO - [2025-12-08T08:34:00.639+0000] {dag.py:3211} INFO - Sync 1 DAGs
[2025-12-08T08:34:00.706+0000] {logging_mixin.py:190} INFO - [2025-12-08T08:34:00.706+0000] {dag.py:4138} INFO - Setting next_dagrun for example_workday_timetable to 2021-01-04 00:00:00+00:00, run_after=2021-01-05 00:00:00+00:00
[2025-12-08T08:34:00.731+0000] {processor.py:208} INFO - Processing /home/airflow/.local/lib/python3.12/site-packages/airflow/example_dags/example_workday_timetable.py took 0.141 seconds
[2025-12-08T08:34:31.520+0000] {processor.py:186} INFO - Started process (PID=8504) to work on /home/airflow/.local/lib/python3.12/site-packages/airflow/example_dags/example_workday_timetable.py
[2025-12-08T08:34:31.522+0000] {processor.py:914} INFO - Processing file /home/airflow/.local/lib/python3.12/site-packages/airflow/example_dags/example_workday_timetable.py for tasks to queue
[2025-12-08T08:34:31.526+0000] {logging_mixin.py:190} INFO - [2025-12-08T08:34:31.526+0000] {dagbag.py:587} INFO - Filling up the DagBag from /home/airflow/.local/lib/python3.12/site-packages/airflow/example_dags/example_workday_timetable.py
[2025-12-08T08:34:31.535+0000] {processor.py:925} INFO - DAG(s) 'example_workday_timetable' retrieved from /home/airflow/.local/lib/python3.12/site-packages/airflow/example_dags/example_workday_timetable.py
[2025-12-08T08:34:31.564+0000] {logging_mixin.py:190} INFO - [2025-12-08T08:34:31.563+0000] {dag.py:3211} INFO - Sync 1 DAGs
[2025-12-08T08:34:31.625+0000] {logging_mixin.py:190} INFO - [2025-12-08T08:34:31.624+0000] {dag.py:4138} INFO - Setting next_dagrun for example_workday_timetable to 2021-01-04 00:00:00+00:00, run_after=2021-01-05 00:00:00+00:00
[2025-12-08T08:34:31.653+0000] {processor.py:208} INFO - Processing /home/airflow/.local/lib/python3.12/site-packages/airflow/example_dags/example_workday_timetable.py took 0.142 seconds
[2025-12-08T08:35:02.055+0000] {processor.py:186} INFO - Started process (PID=8567) to work on /home/airflow/.local/lib/python3.12/site-packages/airflow/example_dags/example_workday_timetable.py
[2025-12-08T08:35:02.056+0000] {processor.py:914} INFO - Processing file /home/airflow/.local/lib/python3.12/site-packages/airflow/example_dags/example_workday_timetable.py for tasks to queue
[2025-12-08T08:35:02.060+0000] {logging_mixin.py:190} INFO - [2025-12-08T08:35:02.059+0000] {dagbag.py:587} INFO - Filling up the DagBag from /home/airflow/.local/lib/python3.12/site-packages/airflow/example_dags/example_workday_timetable.py
[2025-12-08T08:35:02.070+0000] {processor.py:925} INFO - DAG(s) 'example_workday_timetable' retrieved from /home/airflow/.local/lib/python3.12/site-packages/airflow/example_dags/example_workday_timetable.py
[2025-12-08T08:35:02.097+0000] {logging_mixin.py:190} INFO - [2025-12-08T08:35:02.097+0000] {dag.py:3211} INFO - Sync 1 DAGs
[2025-12-08T08:35:02.156+0000] {logging_mixin.py:190} INFO - [2025-12-08T08:35:02.156+0000] {dag.py:4138} INFO - Setting next_dagrun for example_workday_timetable to 2021-01-04 00:00:00+00:00, run_after=2021-01-05 00:00:00+00:00
[2025-12-08T08:35:02.179+0000] {processor.py:208} INFO - Processing /home/airflow/.local/lib/python3.12/site-packages/airflow/example_dags/example_workday_timetable.py took 0.132 seconds
[2025-12-08T08:35:32.243+0000] {processor.py:186} INFO - Started process (PID=8630) to work on /home/airflow/.local/lib/python3.12/site-packages/airflow/example_dags/example_workday_timetable.py
[2025-12-08T08:35:32.244+0000] {processor.py:914} INFO - Processing file /home/airflow/.local/lib/python3.12/site-packages/airflow/example_dags/example_workday_timetable.py for tasks to queue
[2025-12-08T08:35:32.248+0000] {logging_mixin.py:190} INFO - [2025-12-08T08:35:32.247+0000] {dagbag.py:587} INFO - Filling up the DagBag from /home/airflow/.local/lib/python3.12/site-packages/airflow/example_dags/example_workday_timetable.py
[2025-12-08T08:35:32.254+0000] {processor.py:925} INFO - DAG(s) 'example_workday_timetable' retrieved from /home/airflow/.local/lib/python3.12/site-packages/airflow/example_dags/example_workday_timetable.py
[2025-12-08T08:35:32.277+0000] {logging_mixin.py:190} INFO - [2025-12-08T08:35:32.276+0000] {dag.py:3211} INFO - Sync 1 DAGs
[2025-12-08T08:35:32.328+0000] {logging_mixin.py:190} INFO - [2025-12-08T08:35:32.328+0000] {dag.py:4138} INFO - Setting next_dagrun for example_workday_timetable to 2021-01-04 00:00:00+00:00, run_after=2021-01-05 00:00:00+00:00
[2025-12-08T08:35:32.350+0000] {processor.py:208} INFO - Processing /home/airflow/.local/lib/python3.12/site-packages/airflow/example_dags/example_workday_timetable.py took 0.113 seconds
[2025-12-08T08:36:02.884+0000] {processor.py:186} INFO - Started process (PID=8693) to work on /home/airflow/.local/lib/python3.12/site-packages/airflow/example_dags/example_workday_timetable.py
[2025-12-08T08:36:02.886+0000] {processor.py:914} INFO - Processing file /home/airflow/.local/lib/python3.12/site-packages/airflow/example_dags/example_workday_timetable.py for tasks to queue
[2025-12-08T08:36:02.890+0000] {logging_mixin.py:190} INFO - [2025-12-08T08:36:02.890+0000] {dagbag.py:587} INFO - Filling up the DagBag from /home/airflow/.local/lib/python3.12/site-packages/airflow/example_dags/example_workday_timetable.py
[2025-12-08T08:36:02.897+0000] {processor.py:925} INFO - DAG(s) 'example_workday_timetable' retrieved from /home/airflow/.local/lib/python3.12/site-packages/airflow/example_dags/example_workday_timetable.py
[2025-12-08T08:36:02.923+0000] {logging_mixin.py:190} INFO - [2025-12-08T08:36:02.923+0000] {dag.py:3211} INFO - Sync 1 DAGs
[2025-12-08T08:36:02.982+0000] {logging_mixin.py:190} INFO - [2025-12-08T08:36:02.982+0000] {dag.py:4138} INFO - Setting next_dagrun for example_workday_timetable to 2021-01-04 00:00:00+00:00, run_after=2021-01-05 00:00:00+00:00
[2025-12-08T08:36:03.006+0000] {processor.py:208} INFO - Processing /home/airflow/.local/lib/python3.12/site-packages/airflow/example_dags/example_workday_timetable.py took 0.129 seconds
[2025-12-08T08:36:33.082+0000] {processor.py:186} INFO - Started process (PID=8754) to work on /home/airflow/.local/lib/python3.12/site-packages/airflow/example_dags/example_workday_timetable.py
[2025-12-08T08:36:33.083+0000] {processor.py:914} INFO - Processing file /home/airflow/.local/lib/python3.12/site-packages/airflow/example_dags/example_workday_timetable.py for tasks to queue
[2025-12-08T08:36:33.086+0000] {logging_mixin.py:190} INFO - [2025-12-08T08:36:33.086+0000] {dagbag.py:587} INFO - Filling up the DagBag from /home/airflow/.local/lib/python3.12/site-packages/airflow/example_dags/example_workday_timetable.py
[2025-12-08T08:36:33.094+0000] {processor.py:925} INFO - DAG(s) 'example_workday_timetable' retrieved from /home/airflow/.local/lib/python3.12/site-packages/airflow/example_dags/example_workday_timetable.py
[2025-12-08T08:36:33.116+0000] {logging_mixin.py:190} INFO - [2025-12-08T08:36:33.115+0000] {dag.py:3211} INFO - Sync 1 DAGs
[2025-12-08T08:36:33.165+0000] {logging_mixin.py:190} INFO - [2025-12-08T08:36:33.164+0000] {dag.py:4138} INFO - Setting next_dagrun for example_workday_timetable to 2021-01-04 00:00:00+00:00, run_after=2021-01-05 00:00:00+00:00
[2025-12-08T08:36:33.186+0000] {processor.py:208} INFO - Processing /home/airflow/.local/lib/python3.12/site-packages/airflow/example_dags/example_workday_timetable.py took 0.112 seconds
[2025-12-08T08:37:03.804+0000] {processor.py:186} INFO - Started process (PID=8817) to work on /home/airflow/.local/lib/python3.12/site-packages/airflow/example_dags/example_workday_timetable.py
[2025-12-08T08:37:03.805+0000] {processor.py:914} INFO - Processing file /home/airflow/.local/lib/python3.12/site-packages/airflow/example_dags/example_workday_timetable.py for tasks to queue
[2025-12-08T08:37:03.809+0000] {logging_mixin.py:190} INFO - [2025-12-08T08:37:03.809+0000] {dagbag.py:587} INFO - Filling up the DagBag from /home/airflow/.local/lib/python3.12/site-packages/airflow/example_dags/example_workday_timetable.py
[2025-12-08T08:37:03.817+0000] {processor.py:925} INFO - DAG(s) 'example_workday_timetable' retrieved from /home/airflow/.local/lib/python3.12/site-packages/airflow/example_dags/example_workday_timetable.py
[2025-12-08T08:37:03.840+0000] {logging_mixin.py:190} INFO - [2025-12-08T08:37:03.840+0000] {dag.py:3211} INFO - Sync 1 DAGs
[2025-12-08T08:37:03.887+0000] {logging_mixin.py:190} INFO - [2025-12-08T08:37:03.887+0000] {dag.py:4138} INFO - Setting next_dagrun for example_workday_timetable to 2021-01-04 00:00:00+00:00, run_after=2021-01-05 00:00:00+00:00
[2025-12-08T08:37:03.907+0000] {processor.py:208} INFO - Processing /home/airflow/.local/lib/python3.12/site-packages/airflow/example_dags/example_workday_timetable.py took 0.110 seconds
[2025-12-08T08:37:34.343+0000] {processor.py:186} INFO - Started process (PID=8880) to work on /home/airflow/.local/lib/python3.12/site-packages/airflow/example_dags/example_workday_timetable.py
[2025-12-08T08:37:34.345+0000] {processor.py:914} INFO - Processing file /home/airflow/.local/lib/python3.12/site-packages/airflow/example_dags/example_workday_timetable.py for tasks to queue
[2025-12-08T08:37:34.348+0000] {logging_mixin.py:190} INFO - [2025-12-08T08:37:34.347+0000] {dagbag.py:587} INFO - Filling up the DagBag from /home/airflow/.local/lib/python3.12/site-packages/airflow/example_dags/example_workday_timetable.py
[2025-12-08T08:37:34.355+0000] {processor.py:925} INFO - DAG(s) 'example_workday_timetable' retrieved from /home/airflow/.local/lib/python3.12/site-packages/airflow/example_dags/example_workday_timetable.py
[2025-12-08T08:37:34.378+0000] {logging_mixin.py:190} INFO - [2025-12-08T08:37:34.378+0000] {dag.py:3211} INFO - Sync 1 DAGs
[2025-12-08T08:37:34.432+0000] {logging_mixin.py:190} INFO - [2025-12-08T08:37:34.431+0000] {dag.py:4138} INFO - Setting next_dagrun for example_workday_timetable to 2021-01-04 00:00:00+00:00, run_after=2021-01-05 00:00:00+00:00
[2025-12-08T08:37:34.455+0000] {processor.py:208} INFO - Processing /home/airflow/.local/lib/python3.12/site-packages/airflow/example_dags/example_workday_timetable.py took 0.118 seconds
[2025-12-08T08:38:05.053+0000] {processor.py:186} INFO - Started process (PID=8943) to work on /home/airflow/.local/lib/python3.12/site-packages/airflow/example_dags/example_workday_timetable.py
[2025-12-08T08:38:05.055+0000] {processor.py:914} INFO - Processing file /home/airflow/.local/lib/python3.12/site-packages/airflow/example_dags/example_workday_timetable.py for tasks to queue
[2025-12-08T08:38:05.058+0000] {logging_mixin.py:190} INFO - [2025-12-08T08:38:05.057+0000] {dagbag.py:587} INFO - Filling up the DagBag from /home/airflow/.local/lib/python3.12/site-packages/airflow/example_dags/example_workday_timetable.py
[2025-12-08T08:38:05.065+0000] {processor.py:925} INFO - DAG(s) 'example_workday_timetable' retrieved from /home/airflow/.local/lib/python3.12/site-packages/airflow/example_dags/example_workday_timetable.py
[2025-12-08T08:38:05.093+0000] {logging_mixin.py:190} INFO - [2025-12-08T08:38:05.093+0000] {dag.py:3211} INFO - Sync 1 DAGs
[2025-12-08T08:38:05.155+0000] {logging_mixin.py:190} INFO - [2025-12-08T08:38:05.155+0000] {dag.py:4138} INFO - Setting next_dagrun for example_workday_timetable to 2021-01-04 00:00:00+00:00, run_after=2021-01-05 00:00:00+00:00
[2025-12-08T08:38:05.179+0000] {processor.py:208} INFO - Processing /home/airflow/.local/lib/python3.12/site-packages/airflow/example_dags/example_workday_timetable.py took 0.132 seconds
[2025-12-08T08:38:35.563+0000] {processor.py:186} INFO - Started process (PID=9004) to work on /home/airflow/.local/lib/python3.12/site-packages/airflow/example_dags/example_workday_timetable.py
[2025-12-08T08:38:35.565+0000] {processor.py:914} INFO - Processing file /home/airflow/.local/lib/python3.12/site-packages/airflow/example_dags/example_workday_timetable.py for tasks to queue
[2025-12-08T08:38:35.570+0000] {logging_mixin.py:190} INFO - [2025-12-08T08:38:35.570+0000] {dagbag.py:587} INFO - Filling up the DagBag from /home/airflow/.local/lib/python3.12/site-packages/airflow/example_dags/example_workday_timetable.py
[2025-12-08T08:38:35.579+0000] {processor.py:925} INFO - DAG(s) 'example_workday_timetable' retrieved from /home/airflow/.local/lib/python3.12/site-packages/airflow/example_dags/example_workday_timetable.py
[2025-12-08T08:38:35.612+0000] {logging_mixin.py:190} INFO - [2025-12-08T08:38:35.612+0000] {dag.py:3211} INFO - Sync 1 DAGs
[2025-12-08T08:38:35.682+0000] {logging_mixin.py:190} INFO - [2025-12-08T08:38:35.682+0000] {dag.py:4138} INFO - Setting next_dagrun for example_workday_timetable to 2021-01-04 00:00:00+00:00, run_after=2021-01-05 00:00:00+00:00
[2025-12-08T08:38:35.711+0000] {processor.py:208} INFO - Processing /home/airflow/.local/lib/python3.12/site-packages/airflow/example_dags/example_workday_timetable.py took 0.156 seconds
[2025-12-08T08:39:06.976+0000] {processor.py:186} INFO - Started process (PID=9067) to work on /home/airflow/.local/lib/python3.12/site-packages/airflow/example_dags/example_workday_timetable.py
[2025-12-08T08:39:06.978+0000] {processor.py:914} INFO - Processing file /home/airflow/.local/lib/python3.12/site-packages/airflow/example_dags/example_workday_timetable.py for tasks to queue
[2025-12-08T08:39:06.981+0000] {logging_mixin.py:190} INFO - [2025-12-08T08:39:06.980+0000] {dagbag.py:587} INFO - Filling up the DagBag from /home/airflow/.local/lib/python3.12/site-packages/airflow/example_dags/example_workday_timetable.py
[2025-12-08T08:39:06.988+0000] {processor.py:925} INFO - DAG(s) 'example_workday_timetable' retrieved from /home/airflow/.local/lib/python3.12/site-packages/airflow/example_dags/example_workday_timetable.py
[2025-12-08T08:39:07.012+0000] {logging_mixin.py:190} INFO - [2025-12-08T08:39:07.012+0000] {dag.py:3211} INFO - Sync 1 DAGs
[2025-12-08T08:39:07.240+0000] {logging_mixin.py:190} INFO - [2025-12-08T08:39:07.240+0000] {dag.py:4138} INFO - Setting next_dagrun for example_workday_timetable to 2021-01-04 00:00:00+00:00, run_after=2021-01-05 00:00:00+00:00
[2025-12-08T08:39:07.261+0000] {processor.py:208} INFO - Processing /home/airflow/.local/lib/python3.12/site-packages/airflow/example_dags/example_workday_timetable.py took 0.292 seconds
[2025-12-08T08:39:38.302+0000] {processor.py:186} INFO - Started process (PID=9130) to work on /home/airflow/.local/lib/python3.12/site-packages/airflow/example_dags/example_workday_timetable.py
[2025-12-08T08:39:38.304+0000] {processor.py:914} INFO - Processing file /home/airflow/.local/lib/python3.12/site-packages/airflow/example_dags/example_workday_timetable.py for tasks to queue
[2025-12-08T08:39:38.309+0000] {logging_mixin.py:190} INFO - [2025-12-08T08:39:38.309+0000] {dagbag.py:587} INFO - Filling up the DagBag from /home/airflow/.local/lib/python3.12/site-packages/airflow/example_dags/example_workday_timetable.py
[2025-12-08T08:39:38.316+0000] {processor.py:925} INFO - DAG(s) 'example_workday_timetable' retrieved from /home/airflow/.local/lib/python3.12/site-packages/airflow/example_dags/example_workday_timetable.py
[2025-12-08T08:39:38.341+0000] {logging_mixin.py:190} INFO - [2025-12-08T08:39:38.341+0000] {dag.py:3211} INFO - Sync 1 DAGs
[2025-12-08T08:39:38.401+0000] {logging_mixin.py:190} INFO - [2025-12-08T08:39:38.401+0000] {dag.py:4138} INFO - Setting next_dagrun for example_workday_timetable to 2021-01-04 00:00:00+00:00, run_after=2021-01-05 00:00:00+00:00
[2025-12-08T08:39:38.633+0000] {processor.py:208} INFO - Processing /home/airflow/.local/lib/python3.12/site-packages/airflow/example_dags/example_workday_timetable.py took 0.337 seconds
[2025-12-08T08:40:09.411+0000] {processor.py:186} INFO - Started process (PID=9193) to work on /home/airflow/.local/lib/python3.12/site-packages/airflow/example_dags/example_workday_timetable.py
[2025-12-08T08:40:09.413+0000] {processor.py:914} INFO - Processing file /home/airflow/.local/lib/python3.12/site-packages/airflow/example_dags/example_workday_timetable.py for tasks to queue
[2025-12-08T08:40:09.416+0000] {logging_mixin.py:190} INFO - [2025-12-08T08:40:09.416+0000] {dagbag.py:587} INFO - Filling up the DagBag from /home/airflow/.local/lib/python3.12/site-packages/airflow/example_dags/example_workday_timetable.py
[2025-12-08T08:40:09.422+0000] {processor.py:925} INFO - DAG(s) 'example_workday_timetable' retrieved from /home/airflow/.local/lib/python3.12/site-packages/airflow/example_dags/example_workday_timetable.py
[2025-12-08T08:40:09.446+0000] {logging_mixin.py:190} INFO - [2025-12-08T08:40:09.446+0000] {dag.py:3211} INFO - Sync 1 DAGs
[2025-12-08T08:40:09.499+0000] {logging_mixin.py:190} INFO - [2025-12-08T08:40:09.499+0000] {dag.py:4138} INFO - Setting next_dagrun for example_workday_timetable to 2021-01-04 00:00:00+00:00, run_after=2021-01-05 00:00:00+00:00
[2025-12-08T08:40:09.522+0000] {processor.py:208} INFO - Processing /home/airflow/.local/lib/python3.12/site-packages/airflow/example_dags/example_workday_timetable.py took 0.116 seconds
[2025-12-08T08:40:39.938+0000] {processor.py:186} INFO - Started process (PID=9256) to work on /home/airflow/.local/lib/python3.12/site-packages/airflow/example_dags/example_workday_timetable.py
[2025-12-08T08:40:39.941+0000] {processor.py:914} INFO - Processing file /home/airflow/.local/lib/python3.12/site-packages/airflow/example_dags/example_workday_timetable.py for tasks to queue
[2025-12-08T08:40:39.948+0000] {logging_mixin.py:190} INFO - [2025-12-08T08:40:39.947+0000] {dagbag.py:587} INFO - Filling up the DagBag from /home/airflow/.local/lib/python3.12/site-packages/airflow/example_dags/example_workday_timetable.py
[2025-12-08T08:40:39.961+0000] {processor.py:925} INFO - DAG(s) 'example_workday_timetable' retrieved from /home/airflow/.local/lib/python3.12/site-packages/airflow/example_dags/example_workday_timetable.py
[2025-12-08T08:40:39.994+0000] {logging_mixin.py:190} INFO - [2025-12-08T08:40:39.993+0000] {dag.py:3211} INFO - Sync 1 DAGs
[2025-12-08T08:40:40.079+0000] {logging_mixin.py:190} INFO - [2025-12-08T08:40:40.077+0000] {dag.py:4138} INFO - Setting next_dagrun for example_workday_timetable to 2021-01-04 00:00:00+00:00, run_after=2021-01-05 00:00:00+00:00
[2025-12-08T08:40:40.101+0000] {processor.py:208} INFO - Processing /home/airflow/.local/lib/python3.12/site-packages/airflow/example_dags/example_workday_timetable.py took 0.172 seconds
[2025-12-08T08:41:10.213+0000] {processor.py:186} INFO - Started process (PID=9319) to work on /home/airflow/.local/lib/python3.12/site-packages/airflow/example_dags/example_workday_timetable.py
[2025-12-08T08:41:10.215+0000] {processor.py:914} INFO - Processing file /home/airflow/.local/lib/python3.12/site-packages/airflow/example_dags/example_workday_timetable.py for tasks to queue
[2025-12-08T08:41:10.220+0000] {logging_mixin.py:190} INFO - [2025-12-08T08:41:10.219+0000] {dagbag.py:587} INFO - Filling up the DagBag from /home/airflow/.local/lib/python3.12/site-packages/airflow/example_dags/example_workday_timetable.py
[2025-12-08T08:41:10.230+0000] {processor.py:925} INFO - DAG(s) 'example_workday_timetable' retrieved from /home/airflow/.local/lib/python3.12/site-packages/airflow/example_dags/example_workday_timetable.py
[2025-12-08T08:41:10.266+0000] {logging_mixin.py:190} INFO - [2025-12-08T08:41:10.266+0000] {dag.py:3211} INFO - Sync 1 DAGs
[2025-12-08T08:41:10.348+0000] {logging_mixin.py:190} INFO - [2025-12-08T08:41:10.347+0000] {dag.py:4138} INFO - Setting next_dagrun for example_workday_timetable to 2021-01-04 00:00:00+00:00, run_after=2021-01-05 00:00:00+00:00
[2025-12-08T08:41:10.372+0000] {processor.py:208} INFO - Processing /home/airflow/.local/lib/python3.12/site-packages/airflow/example_dags/example_workday_timetable.py took 0.167 seconds
[2025-12-08T08:41:40.634+0000] {processor.py:186} INFO - Started process (PID=9383) to work on /home/airflow/.local/lib/python3.12/site-packages/airflow/example_dags/example_workday_timetable.py
[2025-12-08T08:41:40.635+0000] {processor.py:914} INFO - Processing file /home/airflow/.local/lib/python3.12/site-packages/airflow/example_dags/example_workday_timetable.py for tasks to queue
[2025-12-08T08:41:40.639+0000] {logging_mixin.py:190} INFO - [2025-12-08T08:41:40.638+0000] {dagbag.py:587} INFO - Filling up the DagBag from /home/airflow/.local/lib/python3.12/site-packages/airflow/example_dags/example_workday_timetable.py
[2025-12-08T08:41:40.645+0000] {processor.py:925} INFO - DAG(s) 'example_workday_timetable' retrieved from /home/airflow/.local/lib/python3.12/site-packages/airflow/example_dags/example_workday_timetable.py
[2025-12-08T08:41:40.842+0000] {logging_mixin.py:190} INFO - [2025-12-08T08:41:40.842+0000] {dag.py:3211} INFO - Sync 1 DAGs
[2025-12-08T08:41:40.892+0000] {logging_mixin.py:190} INFO - [2025-12-08T08:41:40.892+0000] {dag.py:4138} INFO - Setting next_dagrun for example_workday_timetable to 2021-01-04 00:00:00+00:00, run_after=2021-01-05 00:00:00+00:00
[2025-12-08T08:41:40.914+0000] {processor.py:208} INFO - Processing /home/airflow/.local/lib/python3.12/site-packages/airflow/example_dags/example_workday_timetable.py took 0.286 seconds
[2025-12-08T08:42:11.047+0000] {processor.py:186} INFO - Started process (PID=9446) to work on /home/airflow/.local/lib/python3.12/site-packages/airflow/example_dags/example_workday_timetable.py
[2025-12-08T08:42:11.049+0000] {processor.py:914} INFO - Processing file /home/airflow/.local/lib/python3.12/site-packages/airflow/example_dags/example_workday_timetable.py for tasks to queue
[2025-12-08T08:42:11.053+0000] {logging_mixin.py:190} INFO - [2025-12-08T08:42:11.053+0000] {dagbag.py:587} INFO - Filling up the DagBag from /home/airflow/.local/lib/python3.12/site-packages/airflow/example_dags/example_workday_timetable.py
[2025-12-08T08:42:11.061+0000] {processor.py:925} INFO - DAG(s) 'example_workday_timetable' retrieved from /home/airflow/.local/lib/python3.12/site-packages/airflow/example_dags/example_workday_timetable.py
[2025-12-08T08:42:11.088+0000] {logging_mixin.py:190} INFO - [2025-12-08T08:42:11.088+0000] {dag.py:3211} INFO - Sync 1 DAGs
[2025-12-08T08:42:11.150+0000] {logging_mixin.py:190} INFO - [2025-12-08T08:42:11.150+0000] {dag.py:4138} INFO - Setting next_dagrun for example_workday_timetable to 2021-01-04 00:00:00+00:00, run_after=2021-01-05 00:00:00+00:00
[2025-12-08T08:42:11.172+0000] {processor.py:208} INFO - Processing /home/airflow/.local/lib/python3.12/site-packages/airflow/example_dags/example_workday_timetable.py took 0.131 seconds
[2025-12-08T08:42:41.665+0000] {processor.py:186} INFO - Started process (PID=9508) to work on /home/airflow/.local/lib/python3.12/site-packages/airflow/example_dags/example_workday_timetable.py
[2025-12-08T08:42:41.667+0000] {processor.py:914} INFO - Processing file /home/airflow/.local/lib/python3.12/site-packages/airflow/example_dags/example_workday_timetable.py for tasks to queue
[2025-12-08T08:42:41.671+0000] {logging_mixin.py:190} INFO - [2025-12-08T08:42:41.671+0000] {dagbag.py:587} INFO - Filling up the DagBag from /home/airflow/.local/lib/python3.12/site-packages/airflow/example_dags/example_workday_timetable.py
[2025-12-08T08:42:41.679+0000] {processor.py:925} INFO - DAG(s) 'example_workday_timetable' retrieved from /home/airflow/.local/lib/python3.12/site-packages/airflow/example_dags/example_workday_timetable.py
[2025-12-08T08:42:41.706+0000] {logging_mixin.py:190} INFO - [2025-12-08T08:42:41.706+0000] {dag.py:3211} INFO - Sync 1 DAGs
[2025-12-08T08:42:41.761+0000] {logging_mixin.py:190} INFO - [2025-12-08T08:42:41.761+0000] {dag.py:4138} INFO - Setting next_dagrun for example_workday_timetable to 2021-01-04 00:00:00+00:00, run_after=2021-01-05 00:00:00+00:00
[2025-12-08T08:42:41.779+0000] {processor.py:208} INFO - Processing /home/airflow/.local/lib/python3.12/site-packages/airflow/example_dags/example_workday_timetable.py took 0.122 seconds
