[2025-12-08T07:00:38.998+0000] {processor.py:186} INFO - Started process (PID=100) to work on /home/airflow/.local/lib/python3.12/site-packages/airflow/example_dags/example_task_group_decorator.py
[2025-12-08T07:00:39.001+0000] {processor.py:914} INFO - Processing file /home/airflow/.local/lib/python3.12/site-packages/airflow/example_dags/example_task_group_decorator.py for tasks to queue
[2025-12-08T07:00:39.007+0000] {logging_mixin.py:190} INFO - [2025-12-08T07:00:39.006+0000] {dagbag.py:587} INFO - Filling up the DagBag from /home/airflow/.local/lib/python3.12/site-packages/airflow/example_dags/example_task_group_decorator.py
[2025-12-08T07:00:39.051+0000] {processor.py:925} INFO - DAG(s) 'example_task_group_decorator' retrieved from /home/airflow/.local/lib/python3.12/site-packages/airflow/example_dags/example_task_group_decorator.py
[2025-12-08T07:00:39.124+0000] {logging_mixin.py:190} INFO - [2025-12-08T07:00:39.124+0000] {dag.py:3211} INFO - Sync 1 DAGs
[2025-12-08T07:00:39.179+0000] {logging_mixin.py:190} INFO - [2025-12-08T07:00:39.179+0000] {dag.py:4138} INFO - Setting next_dagrun for example_task_group_decorator to 2025-12-07 00:00:00+00:00, run_after=2025-12-08 00:00:00+00:00
[2025-12-08T07:00:39.223+0000] {processor.py:208} INFO - Processing /home/airflow/.local/lib/python3.12/site-packages/airflow/example_dags/example_task_group_decorator.py took 0.243 seconds
[2025-12-08T07:01:09.609+0000] {processor.py:186} INFO - Started process (PID=162) to work on /home/airflow/.local/lib/python3.12/site-packages/airflow/example_dags/example_task_group_decorator.py
[2025-12-08T07:01:09.612+0000] {processor.py:914} INFO - Processing file /home/airflow/.local/lib/python3.12/site-packages/airflow/example_dags/example_task_group_decorator.py for tasks to queue
[2025-12-08T07:01:09.617+0000] {logging_mixin.py:190} INFO - [2025-12-08T07:01:09.616+0000] {dagbag.py:587} INFO - Filling up the DagBag from /home/airflow/.local/lib/python3.12/site-packages/airflow/example_dags/example_task_group_decorator.py
[2025-12-08T07:01:09.641+0000] {processor.py:925} INFO - DAG(s) 'example_task_group_decorator' retrieved from /home/airflow/.local/lib/python3.12/site-packages/airflow/example_dags/example_task_group_decorator.py
[2025-12-08T07:01:09.686+0000] {logging_mixin.py:190} INFO - [2025-12-08T07:01:09.686+0000] {dag.py:3211} INFO - Sync 1 DAGs
[2025-12-08T07:01:09.719+0000] {logging_mixin.py:190} INFO - [2025-12-08T07:01:09.718+0000] {dag.py:4138} INFO - Setting next_dagrun for example_task_group_decorator to 2025-12-07 00:00:00+00:00, run_after=2025-12-08 00:00:00+00:00
[2025-12-08T07:01:09.764+0000] {processor.py:208} INFO - Processing /home/airflow/.local/lib/python3.12/site-packages/airflow/example_dags/example_task_group_decorator.py took 0.165 seconds
[2025-12-08T07:01:42.055+0000] {processor.py:186} INFO - Started process (PID=224) to work on /home/airflow/.local/lib/python3.12/site-packages/airflow/example_dags/example_task_group_decorator.py
[2025-12-08T07:01:42.060+0000] {processor.py:914} INFO - Processing file /home/airflow/.local/lib/python3.12/site-packages/airflow/example_dags/example_task_group_decorator.py for tasks to queue
[2025-12-08T07:01:42.066+0000] {logging_mixin.py:190} INFO - [2025-12-08T07:01:42.065+0000] {dagbag.py:587} INFO - Filling up the DagBag from /home/airflow/.local/lib/python3.12/site-packages/airflow/example_dags/example_task_group_decorator.py
[2025-12-08T07:01:42.103+0000] {processor.py:925} INFO - DAG(s) 'example_task_group_decorator' retrieved from /home/airflow/.local/lib/python3.12/site-packages/airflow/example_dags/example_task_group_decorator.py
[2025-12-08T07:01:42.226+0000] {logging_mixin.py:190} INFO - [2025-12-08T07:01:42.226+0000] {dag.py:3211} INFO - Sync 1 DAGs
[2025-12-08T07:01:42.305+0000] {logging_mixin.py:190} INFO - [2025-12-08T07:01:42.305+0000] {dag.py:4138} INFO - Setting next_dagrun for example_task_group_decorator to 2025-12-07 00:00:00+00:00, run_after=2025-12-08 00:00:00+00:00
[2025-12-08T07:01:42.345+0000] {processor.py:208} INFO - Processing /home/airflow/.local/lib/python3.12/site-packages/airflow/example_dags/example_task_group_decorator.py took 0.302 seconds
[2025-12-08T07:02:13.105+0000] {processor.py:186} INFO - Started process (PID=286) to work on /home/airflow/.local/lib/python3.12/site-packages/airflow/example_dags/example_task_group_decorator.py
[2025-12-08T07:02:13.107+0000] {processor.py:914} INFO - Processing file /home/airflow/.local/lib/python3.12/site-packages/airflow/example_dags/example_task_group_decorator.py for tasks to queue
[2025-12-08T07:02:13.113+0000] {logging_mixin.py:190} INFO - [2025-12-08T07:02:13.112+0000] {dagbag.py:587} INFO - Filling up the DagBag from /home/airflow/.local/lib/python3.12/site-packages/airflow/example_dags/example_task_group_decorator.py
[2025-12-08T07:02:13.193+0000] {processor.py:925} INFO - DAG(s) 'example_task_group_decorator' retrieved from /home/airflow/.local/lib/python3.12/site-packages/airflow/example_dags/example_task_group_decorator.py
[2025-12-08T07:02:13.311+0000] {logging_mixin.py:190} INFO - [2025-12-08T07:02:13.311+0000] {dag.py:3211} INFO - Sync 1 DAGs
[2025-12-08T07:02:13.475+0000] {logging_mixin.py:190} INFO - [2025-12-08T07:02:13.474+0000] {dag.py:4138} INFO - Setting next_dagrun for example_task_group_decorator to 2025-12-07 00:00:00+00:00, run_after=2025-12-08 00:00:00+00:00
[2025-12-08T07:02:13.577+0000] {processor.py:208} INFO - Processing /home/airflow/.local/lib/python3.12/site-packages/airflow/example_dags/example_task_group_decorator.py took 0.493 seconds
[2025-12-08T07:02:44.169+0000] {processor.py:186} INFO - Started process (PID=348) to work on /home/airflow/.local/lib/python3.12/site-packages/airflow/example_dags/example_task_group_decorator.py
[2025-12-08T07:02:44.174+0000] {processor.py:914} INFO - Processing file /home/airflow/.local/lib/python3.12/site-packages/airflow/example_dags/example_task_group_decorator.py for tasks to queue
[2025-12-08T07:02:44.179+0000] {logging_mixin.py:190} INFO - [2025-12-08T07:02:44.179+0000] {dagbag.py:587} INFO - Filling up the DagBag from /home/airflow/.local/lib/python3.12/site-packages/airflow/example_dags/example_task_group_decorator.py
[2025-12-08T07:02:44.208+0000] {processor.py:925} INFO - DAG(s) 'example_task_group_decorator' retrieved from /home/airflow/.local/lib/python3.12/site-packages/airflow/example_dags/example_task_group_decorator.py
[2025-12-08T07:02:44.247+0000] {logging_mixin.py:190} INFO - [2025-12-08T07:02:44.247+0000] {dag.py:3211} INFO - Sync 1 DAGs
[2025-12-08T07:02:44.281+0000] {logging_mixin.py:190} INFO - [2025-12-08T07:02:44.281+0000] {dag.py:4138} INFO - Setting next_dagrun for example_task_group_decorator to 2025-12-07 00:00:00+00:00, run_after=2025-12-08 00:00:00+00:00
[2025-12-08T07:02:44.313+0000] {processor.py:208} INFO - Processing /home/airflow/.local/lib/python3.12/site-packages/airflow/example_dags/example_task_group_decorator.py took 0.154 seconds
[2025-12-08T07:03:14.843+0000] {processor.py:186} INFO - Started process (PID=409) to work on /home/airflow/.local/lib/python3.12/site-packages/airflow/example_dags/example_task_group_decorator.py
[2025-12-08T07:03:14.849+0000] {processor.py:914} INFO - Processing file /home/airflow/.local/lib/python3.12/site-packages/airflow/example_dags/example_task_group_decorator.py for tasks to queue
[2025-12-08T07:03:14.855+0000] {logging_mixin.py:190} INFO - [2025-12-08T07:03:14.854+0000] {dagbag.py:587} INFO - Filling up the DagBag from /home/airflow/.local/lib/python3.12/site-packages/airflow/example_dags/example_task_group_decorator.py
[2025-12-08T07:03:14.884+0000] {processor.py:925} INFO - DAG(s) 'example_task_group_decorator' retrieved from /home/airflow/.local/lib/python3.12/site-packages/airflow/example_dags/example_task_group_decorator.py
[2025-12-08T07:03:14.933+0000] {logging_mixin.py:190} INFO - [2025-12-08T07:03:14.932+0000] {dag.py:3211} INFO - Sync 1 DAGs
[2025-12-08T07:03:14.967+0000] {logging_mixin.py:190} INFO - [2025-12-08T07:03:14.966+0000] {dag.py:4138} INFO - Setting next_dagrun for example_task_group_decorator to 2025-12-07 00:00:00+00:00, run_after=2025-12-08 00:00:00+00:00
[2025-12-08T07:03:15.005+0000] {processor.py:208} INFO - Processing /home/airflow/.local/lib/python3.12/site-packages/airflow/example_dags/example_task_group_decorator.py took 0.179 seconds
[2025-12-08T07:03:45.451+0000] {processor.py:186} INFO - Started process (PID=472) to work on /home/airflow/.local/lib/python3.12/site-packages/airflow/example_dags/example_task_group_decorator.py
[2025-12-08T07:03:45.455+0000] {processor.py:914} INFO - Processing file /home/airflow/.local/lib/python3.12/site-packages/airflow/example_dags/example_task_group_decorator.py for tasks to queue
[2025-12-08T07:03:45.464+0000] {logging_mixin.py:190} INFO - [2025-12-08T07:03:45.463+0000] {dagbag.py:587} INFO - Filling up the DagBag from /home/airflow/.local/lib/python3.12/site-packages/airflow/example_dags/example_task_group_decorator.py
[2025-12-08T07:03:45.510+0000] {processor.py:925} INFO - DAG(s) 'example_task_group_decorator' retrieved from /home/airflow/.local/lib/python3.12/site-packages/airflow/example_dags/example_task_group_decorator.py
[2025-12-08T07:03:45.554+0000] {logging_mixin.py:190} INFO - [2025-12-08T07:03:45.554+0000] {dag.py:3211} INFO - Sync 1 DAGs
[2025-12-08T07:03:45.584+0000] {logging_mixin.py:190} INFO - [2025-12-08T07:03:45.583+0000] {dag.py:4138} INFO - Setting next_dagrun for example_task_group_decorator to 2025-12-07 00:00:00+00:00, run_after=2025-12-08 00:00:00+00:00
[2025-12-08T07:03:45.616+0000] {processor.py:208} INFO - Processing /home/airflow/.local/lib/python3.12/site-packages/airflow/example_dags/example_task_group_decorator.py took 0.182 seconds
[2025-12-08T07:04:16.576+0000] {processor.py:186} INFO - Started process (PID=534) to work on /home/airflow/.local/lib/python3.12/site-packages/airflow/example_dags/example_task_group_decorator.py
[2025-12-08T07:04:16.578+0000] {processor.py:914} INFO - Processing file /home/airflow/.local/lib/python3.12/site-packages/airflow/example_dags/example_task_group_decorator.py for tasks to queue
[2025-12-08T07:04:16.582+0000] {logging_mixin.py:190} INFO - [2025-12-08T07:04:16.582+0000] {dagbag.py:587} INFO - Filling up the DagBag from /home/airflow/.local/lib/python3.12/site-packages/airflow/example_dags/example_task_group_decorator.py
[2025-12-08T07:04:16.606+0000] {processor.py:925} INFO - DAG(s) 'example_task_group_decorator' retrieved from /home/airflow/.local/lib/python3.12/site-packages/airflow/example_dags/example_task_group_decorator.py
[2025-12-08T07:04:16.649+0000] {logging_mixin.py:190} INFO - [2025-12-08T07:04:16.649+0000] {dag.py:3211} INFO - Sync 1 DAGs
[2025-12-08T07:04:16.688+0000] {logging_mixin.py:190} INFO - [2025-12-08T07:04:16.687+0000] {dag.py:4138} INFO - Setting next_dagrun for example_task_group_decorator to 2025-12-07 00:00:00+00:00, run_after=2025-12-08 00:00:00+00:00
[2025-12-08T07:04:16.723+0000] {processor.py:208} INFO - Processing /home/airflow/.local/lib/python3.12/site-packages/airflow/example_dags/example_task_group_decorator.py took 0.157 seconds
[2025-12-08T07:04:47.200+0000] {processor.py:186} INFO - Started process (PID=596) to work on /home/airflow/.local/lib/python3.12/site-packages/airflow/example_dags/example_task_group_decorator.py
[2025-12-08T07:04:47.202+0000] {processor.py:914} INFO - Processing file /home/airflow/.local/lib/python3.12/site-packages/airflow/example_dags/example_task_group_decorator.py for tasks to queue
[2025-12-08T07:04:47.208+0000] {logging_mixin.py:190} INFO - [2025-12-08T07:04:47.207+0000] {dagbag.py:587} INFO - Filling up the DagBag from /home/airflow/.local/lib/python3.12/site-packages/airflow/example_dags/example_task_group_decorator.py
[2025-12-08T07:04:47.262+0000] {processor.py:925} INFO - DAG(s) 'example_task_group_decorator' retrieved from /home/airflow/.local/lib/python3.12/site-packages/airflow/example_dags/example_task_group_decorator.py
[2025-12-08T07:04:47.338+0000] {logging_mixin.py:190} INFO - [2025-12-08T07:04:47.337+0000] {dag.py:3211} INFO - Sync 1 DAGs
[2025-12-08T07:04:47.385+0000] {logging_mixin.py:190} INFO - [2025-12-08T07:04:47.385+0000] {dag.py:4138} INFO - Setting next_dagrun for example_task_group_decorator to 2025-12-07 00:00:00+00:00, run_after=2025-12-08 00:00:00+00:00
[2025-12-08T07:04:47.423+0000] {processor.py:208} INFO - Processing /home/airflow/.local/lib/python3.12/site-packages/airflow/example_dags/example_task_group_decorator.py took 0.235 seconds
[2025-12-08T07:05:17.919+0000] {processor.py:186} INFO - Started process (PID=658) to work on /home/airflow/.local/lib/python3.12/site-packages/airflow/example_dags/example_task_group_decorator.py
[2025-12-08T07:05:17.921+0000] {processor.py:914} INFO - Processing file /home/airflow/.local/lib/python3.12/site-packages/airflow/example_dags/example_task_group_decorator.py for tasks to queue
[2025-12-08T07:05:17.925+0000] {logging_mixin.py:190} INFO - [2025-12-08T07:05:17.925+0000] {dagbag.py:587} INFO - Filling up the DagBag from /home/airflow/.local/lib/python3.12/site-packages/airflow/example_dags/example_task_group_decorator.py
[2025-12-08T07:05:17.951+0000] {processor.py:925} INFO - DAG(s) 'example_task_group_decorator' retrieved from /home/airflow/.local/lib/python3.12/site-packages/airflow/example_dags/example_task_group_decorator.py
[2025-12-08T07:05:17.986+0000] {logging_mixin.py:190} INFO - [2025-12-08T07:05:17.986+0000] {dag.py:3211} INFO - Sync 1 DAGs
[2025-12-08T07:05:18.018+0000] {logging_mixin.py:190} INFO - [2025-12-08T07:05:18.018+0000] {dag.py:4138} INFO - Setting next_dagrun for example_task_group_decorator to 2025-12-07 00:00:00+00:00, run_after=2025-12-08 00:00:00+00:00
[2025-12-08T07:05:18.053+0000] {processor.py:208} INFO - Processing /home/airflow/.local/lib/python3.12/site-packages/airflow/example_dags/example_task_group_decorator.py took 0.142 seconds
[2025-12-08T07:07:34.985+0000] {processor.py:186} INFO - Started process (PID=87) to work on /home/airflow/.local/lib/python3.12/site-packages/airflow/example_dags/example_task_group_decorator.py
[2025-12-08T07:07:35.031+0000] {processor.py:914} INFO - Processing file /home/airflow/.local/lib/python3.12/site-packages/airflow/example_dags/example_task_group_decorator.py for tasks to queue
[2025-12-08T07:07:35.061+0000] {logging_mixin.py:190} INFO - [2025-12-08T07:07:35.061+0000] {dagbag.py:587} INFO - Filling up the DagBag from /home/airflow/.local/lib/python3.12/site-packages/airflow/example_dags/example_task_group_decorator.py
[2025-12-08T07:07:35.117+0000] {processor.py:925} INFO - DAG(s) 'example_task_group_decorator' retrieved from /home/airflow/.local/lib/python3.12/site-packages/airflow/example_dags/example_task_group_decorator.py
[2025-12-08T07:07:35.251+0000] {logging_mixin.py:190} INFO - [2025-12-08T07:07:35.239+0000] {dag.py:3211} INFO - Sync 1 DAGs
[2025-12-08T07:07:35.377+0000] {logging_mixin.py:190} INFO - [2025-12-08T07:07:35.376+0000] {dag.py:4138} INFO - Setting next_dagrun for example_task_group_decorator to 2025-12-07 00:00:00+00:00, run_after=2025-12-08 00:00:00+00:00
[2025-12-08T07:07:35.493+0000] {processor.py:208} INFO - Processing /home/airflow/.local/lib/python3.12/site-packages/airflow/example_dags/example_task_group_decorator.py took 0.532 seconds
[2025-12-08T07:08:06.261+0000] {processor.py:186} INFO - Started process (PID=156) to work on /home/airflow/.local/lib/python3.12/site-packages/airflow/example_dags/example_task_group_decorator.py
[2025-12-08T07:08:06.266+0000] {processor.py:914} INFO - Processing file /home/airflow/.local/lib/python3.12/site-packages/airflow/example_dags/example_task_group_decorator.py for tasks to queue
[2025-12-08T07:08:06.278+0000] {logging_mixin.py:190} INFO - [2025-12-08T07:08:06.276+0000] {dagbag.py:587} INFO - Filling up the DagBag from /home/airflow/.local/lib/python3.12/site-packages/airflow/example_dags/example_task_group_decorator.py
[2025-12-08T07:08:06.326+0000] {processor.py:925} INFO - DAG(s) 'example_task_group_decorator' retrieved from /home/airflow/.local/lib/python3.12/site-packages/airflow/example_dags/example_task_group_decorator.py
[2025-12-08T07:08:06.390+0000] {logging_mixin.py:190} INFO - [2025-12-08T07:08:06.390+0000] {dag.py:3211} INFO - Sync 1 DAGs
[2025-12-08T07:08:06.448+0000] {logging_mixin.py:190} INFO - [2025-12-08T07:08:06.447+0000] {dag.py:4138} INFO - Setting next_dagrun for example_task_group_decorator to 2025-12-07 00:00:00+00:00, run_after=2025-12-08 00:00:00+00:00
[2025-12-08T07:08:06.499+0000] {processor.py:208} INFO - Processing /home/airflow/.local/lib/python3.12/site-packages/airflow/example_dags/example_task_group_decorator.py took 0.265 seconds
[2025-12-08T07:08:37.231+0000] {processor.py:186} INFO - Started process (PID=218) to work on /home/airflow/.local/lib/python3.12/site-packages/airflow/example_dags/example_task_group_decorator.py
[2025-12-08T07:08:37.243+0000] {processor.py:914} INFO - Processing file /home/airflow/.local/lib/python3.12/site-packages/airflow/example_dags/example_task_group_decorator.py for tasks to queue
[2025-12-08T07:08:37.247+0000] {logging_mixin.py:190} INFO - [2025-12-08T07:08:37.247+0000] {dagbag.py:587} INFO - Filling up the DagBag from /home/airflow/.local/lib/python3.12/site-packages/airflow/example_dags/example_task_group_decorator.py
[2025-12-08T07:08:37.269+0000] {processor.py:925} INFO - DAG(s) 'example_task_group_decorator' retrieved from /home/airflow/.local/lib/python3.12/site-packages/airflow/example_dags/example_task_group_decorator.py
[2025-12-08T07:08:37.320+0000] {logging_mixin.py:190} INFO - [2025-12-08T07:08:37.319+0000] {dag.py:3211} INFO - Sync 1 DAGs
[2025-12-08T07:08:37.355+0000] {logging_mixin.py:190} INFO - [2025-12-08T07:08:37.354+0000] {dag.py:4138} INFO - Setting next_dagrun for example_task_group_decorator to 2025-12-07 00:00:00+00:00, run_after=2025-12-08 00:00:00+00:00
[2025-12-08T07:08:37.386+0000] {processor.py:208} INFO - Processing /home/airflow/.local/lib/python3.12/site-packages/airflow/example_dags/example_task_group_decorator.py took 0.168 seconds
[2025-12-08T07:09:07.938+0000] {processor.py:186} INFO - Started process (PID=280) to work on /home/airflow/.local/lib/python3.12/site-packages/airflow/example_dags/example_task_group_decorator.py
[2025-12-08T07:09:07.941+0000] {processor.py:914} INFO - Processing file /home/airflow/.local/lib/python3.12/site-packages/airflow/example_dags/example_task_group_decorator.py for tasks to queue
[2025-12-08T07:09:07.947+0000] {logging_mixin.py:190} INFO - [2025-12-08T07:09:07.947+0000] {dagbag.py:587} INFO - Filling up the DagBag from /home/airflow/.local/lib/python3.12/site-packages/airflow/example_dags/example_task_group_decorator.py
[2025-12-08T07:09:07.969+0000] {processor.py:925} INFO - DAG(s) 'example_task_group_decorator' retrieved from /home/airflow/.local/lib/python3.12/site-packages/airflow/example_dags/example_task_group_decorator.py
[2025-12-08T07:09:07.998+0000] {logging_mixin.py:190} INFO - [2025-12-08T07:09:07.997+0000] {dag.py:3211} INFO - Sync 1 DAGs
[2025-12-08T07:09:08.020+0000] {logging_mixin.py:190} INFO - [2025-12-08T07:09:08.020+0000] {dag.py:4138} INFO - Setting next_dagrun for example_task_group_decorator to 2025-12-07 00:00:00+00:00, run_after=2025-12-08 00:00:00+00:00
[2025-12-08T07:09:08.041+0000] {processor.py:208} INFO - Processing /home/airflow/.local/lib/python3.12/site-packages/airflow/example_dags/example_task_group_decorator.py took 0.116 seconds
[2025-12-08T07:09:38.868+0000] {processor.py:186} INFO - Started process (PID=342) to work on /home/airflow/.local/lib/python3.12/site-packages/airflow/example_dags/example_task_group_decorator.py
[2025-12-08T07:09:38.870+0000] {processor.py:914} INFO - Processing file /home/airflow/.local/lib/python3.12/site-packages/airflow/example_dags/example_task_group_decorator.py for tasks to queue
[2025-12-08T07:09:38.873+0000] {logging_mixin.py:190} INFO - [2025-12-08T07:09:38.872+0000] {dagbag.py:587} INFO - Filling up the DagBag from /home/airflow/.local/lib/python3.12/site-packages/airflow/example_dags/example_task_group_decorator.py
[2025-12-08T07:09:38.886+0000] {processor.py:925} INFO - DAG(s) 'example_task_group_decorator' retrieved from /home/airflow/.local/lib/python3.12/site-packages/airflow/example_dags/example_task_group_decorator.py
[2025-12-08T07:09:38.913+0000] {logging_mixin.py:190} INFO - [2025-12-08T07:09:38.913+0000] {dag.py:3211} INFO - Sync 1 DAGs
[2025-12-08T07:09:38.938+0000] {logging_mixin.py:190} INFO - [2025-12-08T07:09:38.938+0000] {dag.py:4138} INFO - Setting next_dagrun for example_task_group_decorator to 2025-12-07 00:00:00+00:00, run_after=2025-12-08 00:00:00+00:00
[2025-12-08T07:09:38.962+0000] {processor.py:208} INFO - Processing /home/airflow/.local/lib/python3.12/site-packages/airflow/example_dags/example_task_group_decorator.py took 0.099 seconds
[2025-12-08T07:10:09.667+0000] {processor.py:186} INFO - Started process (PID=404) to work on /home/airflow/.local/lib/python3.12/site-packages/airflow/example_dags/example_task_group_decorator.py
[2025-12-08T07:10:09.669+0000] {processor.py:914} INFO - Processing file /home/airflow/.local/lib/python3.12/site-packages/airflow/example_dags/example_task_group_decorator.py for tasks to queue
[2025-12-08T07:10:09.672+0000] {logging_mixin.py:190} INFO - [2025-12-08T07:10:09.671+0000] {dagbag.py:587} INFO - Filling up the DagBag from /home/airflow/.local/lib/python3.12/site-packages/airflow/example_dags/example_task_group_decorator.py
[2025-12-08T07:10:09.685+0000] {processor.py:925} INFO - DAG(s) 'example_task_group_decorator' retrieved from /home/airflow/.local/lib/python3.12/site-packages/airflow/example_dags/example_task_group_decorator.py
[2025-12-08T07:10:09.711+0000] {logging_mixin.py:190} INFO - [2025-12-08T07:10:09.710+0000] {dag.py:3211} INFO - Sync 1 DAGs
[2025-12-08T07:10:09.732+0000] {logging_mixin.py:190} INFO - [2025-12-08T07:10:09.732+0000] {dag.py:4138} INFO - Setting next_dagrun for example_task_group_decorator to 2025-12-07 00:00:00+00:00, run_after=2025-12-08 00:00:00+00:00
[2025-12-08T07:10:09.760+0000] {processor.py:208} INFO - Processing /home/airflow/.local/lib/python3.12/site-packages/airflow/example_dags/example_task_group_decorator.py took 0.099 seconds
[2025-12-08T07:10:39.994+0000] {processor.py:186} INFO - Started process (PID=466) to work on /home/airflow/.local/lib/python3.12/site-packages/airflow/example_dags/example_task_group_decorator.py
[2025-12-08T07:10:39.997+0000] {processor.py:914} INFO - Processing file /home/airflow/.local/lib/python3.12/site-packages/airflow/example_dags/example_task_group_decorator.py for tasks to queue
[2025-12-08T07:10:40.000+0000] {logging_mixin.py:190} INFO - [2025-12-08T07:10:40.000+0000] {dagbag.py:587} INFO - Filling up the DagBag from /home/airflow/.local/lib/python3.12/site-packages/airflow/example_dags/example_task_group_decorator.py
[2025-12-08T07:10:40.023+0000] {processor.py:925} INFO - DAG(s) 'example_task_group_decorator' retrieved from /home/airflow/.local/lib/python3.12/site-packages/airflow/example_dags/example_task_group_decorator.py
[2025-12-08T07:10:40.059+0000] {logging_mixin.py:190} INFO - [2025-12-08T07:10:40.058+0000] {dag.py:3211} INFO - Sync 1 DAGs
[2025-12-08T07:10:40.086+0000] {logging_mixin.py:190} INFO - [2025-12-08T07:10:40.086+0000] {dag.py:4138} INFO - Setting next_dagrun for example_task_group_decorator to 2025-12-07 00:00:00+00:00, run_after=2025-12-08 00:00:00+00:00
[2025-12-08T07:10:40.116+0000] {processor.py:208} INFO - Processing /home/airflow/.local/lib/python3.12/site-packages/airflow/example_dags/example_task_group_decorator.py took 0.130 seconds
[2025-12-08T07:11:10.223+0000] {processor.py:186} INFO - Started process (PID=528) to work on /home/airflow/.local/lib/python3.12/site-packages/airflow/example_dags/example_task_group_decorator.py
[2025-12-08T07:11:10.225+0000] {processor.py:914} INFO - Processing file /home/airflow/.local/lib/python3.12/site-packages/airflow/example_dags/example_task_group_decorator.py for tasks to queue
[2025-12-08T07:11:10.229+0000] {logging_mixin.py:190} INFO - [2025-12-08T07:11:10.228+0000] {dagbag.py:587} INFO - Filling up the DagBag from /home/airflow/.local/lib/python3.12/site-packages/airflow/example_dags/example_task_group_decorator.py
[2025-12-08T07:11:10.257+0000] {processor.py:925} INFO - DAG(s) 'example_task_group_decorator' retrieved from /home/airflow/.local/lib/python3.12/site-packages/airflow/example_dags/example_task_group_decorator.py
[2025-12-08T07:11:10.294+0000] {logging_mixin.py:190} INFO - [2025-12-08T07:11:10.294+0000] {dag.py:3211} INFO - Sync 1 DAGs
[2025-12-08T07:11:10.324+0000] {logging_mixin.py:190} INFO - [2025-12-08T07:11:10.324+0000] {dag.py:4138} INFO - Setting next_dagrun for example_task_group_decorator to 2025-12-07 00:00:00+00:00, run_after=2025-12-08 00:00:00+00:00
[2025-12-08T07:11:10.349+0000] {processor.py:208} INFO - Processing /home/airflow/.local/lib/python3.12/site-packages/airflow/example_dags/example_task_group_decorator.py took 0.136 seconds
[2025-12-08T07:11:40.544+0000] {processor.py:186} INFO - Started process (PID=590) to work on /home/airflow/.local/lib/python3.12/site-packages/airflow/example_dags/example_task_group_decorator.py
[2025-12-08T07:11:40.546+0000] {processor.py:914} INFO - Processing file /home/airflow/.local/lib/python3.12/site-packages/airflow/example_dags/example_task_group_decorator.py for tasks to queue
[2025-12-08T07:11:40.549+0000] {logging_mixin.py:190} INFO - [2025-12-08T07:11:40.549+0000] {dagbag.py:587} INFO - Filling up the DagBag from /home/airflow/.local/lib/python3.12/site-packages/airflow/example_dags/example_task_group_decorator.py
[2025-12-08T07:11:40.566+0000] {processor.py:925} INFO - DAG(s) 'example_task_group_decorator' retrieved from /home/airflow/.local/lib/python3.12/site-packages/airflow/example_dags/example_task_group_decorator.py
[2025-12-08T07:11:40.591+0000] {logging_mixin.py:190} INFO - [2025-12-08T07:11:40.591+0000] {dag.py:3211} INFO - Sync 1 DAGs
[2025-12-08T07:11:40.612+0000] {logging_mixin.py:190} INFO - [2025-12-08T07:11:40.612+0000] {dag.py:4138} INFO - Setting next_dagrun for example_task_group_decorator to 2025-12-07 00:00:00+00:00, run_after=2025-12-08 00:00:00+00:00
[2025-12-08T07:11:40.633+0000] {processor.py:208} INFO - Processing /home/airflow/.local/lib/python3.12/site-packages/airflow/example_dags/example_task_group_decorator.py took 0.096 seconds
[2025-12-08T07:12:10.775+0000] {processor.py:186} INFO - Started process (PID=652) to work on /home/airflow/.local/lib/python3.12/site-packages/airflow/example_dags/example_task_group_decorator.py
[2025-12-08T07:12:10.776+0000] {processor.py:914} INFO - Processing file /home/airflow/.local/lib/python3.12/site-packages/airflow/example_dags/example_task_group_decorator.py for tasks to queue
[2025-12-08T07:12:10.779+0000] {logging_mixin.py:190} INFO - [2025-12-08T07:12:10.779+0000] {dagbag.py:587} INFO - Filling up the DagBag from /home/airflow/.local/lib/python3.12/site-packages/airflow/example_dags/example_task_group_decorator.py
[2025-12-08T07:12:10.802+0000] {processor.py:925} INFO - DAG(s) 'example_task_group_decorator' retrieved from /home/airflow/.local/lib/python3.12/site-packages/airflow/example_dags/example_task_group_decorator.py
[2025-12-08T07:12:10.835+0000] {logging_mixin.py:190} INFO - [2025-12-08T07:12:10.834+0000] {dag.py:3211} INFO - Sync 1 DAGs
[2025-12-08T07:12:10.858+0000] {logging_mixin.py:190} INFO - [2025-12-08T07:12:10.858+0000] {dag.py:4138} INFO - Setting next_dagrun for example_task_group_decorator to 2025-12-07 00:00:00+00:00, run_after=2025-12-08 00:00:00+00:00
[2025-12-08T07:12:10.882+0000] {processor.py:208} INFO - Processing /home/airflow/.local/lib/python3.12/site-packages/airflow/example_dags/example_task_group_decorator.py took 0.116 seconds
[2025-12-08T07:12:41.189+0000] {processor.py:186} INFO - Started process (PID=715) to work on /home/airflow/.local/lib/python3.12/site-packages/airflow/example_dags/example_task_group_decorator.py
[2025-12-08T07:12:41.192+0000] {processor.py:914} INFO - Processing file /home/airflow/.local/lib/python3.12/site-packages/airflow/example_dags/example_task_group_decorator.py for tasks to queue
[2025-12-08T07:12:41.194+0000] {logging_mixin.py:190} INFO - [2025-12-08T07:12:41.194+0000] {dagbag.py:587} INFO - Filling up the DagBag from /home/airflow/.local/lib/python3.12/site-packages/airflow/example_dags/example_task_group_decorator.py
[2025-12-08T07:12:41.211+0000] {processor.py:925} INFO - DAG(s) 'example_task_group_decorator' retrieved from /home/airflow/.local/lib/python3.12/site-packages/airflow/example_dags/example_task_group_decorator.py
[2025-12-08T07:12:41.242+0000] {logging_mixin.py:190} INFO - [2025-12-08T07:12:41.242+0000] {dag.py:3211} INFO - Sync 1 DAGs
[2025-12-08T07:12:41.271+0000] {logging_mixin.py:190} INFO - [2025-12-08T07:12:41.271+0000] {dag.py:4138} INFO - Setting next_dagrun for example_task_group_decorator to 2025-12-07 00:00:00+00:00, run_after=2025-12-08 00:00:00+00:00
[2025-12-08T07:12:41.295+0000] {processor.py:208} INFO - Processing /home/airflow/.local/lib/python3.12/site-packages/airflow/example_dags/example_task_group_decorator.py took 0.114 seconds
[2025-12-08T07:13:12.056+0000] {processor.py:186} INFO - Started process (PID=777) to work on /home/airflow/.local/lib/python3.12/site-packages/airflow/example_dags/example_task_group_decorator.py
[2025-12-08T07:13:12.058+0000] {processor.py:914} INFO - Processing file /home/airflow/.local/lib/python3.12/site-packages/airflow/example_dags/example_task_group_decorator.py for tasks to queue
[2025-12-08T07:13:12.062+0000] {logging_mixin.py:190} INFO - [2025-12-08T07:13:12.061+0000] {dagbag.py:587} INFO - Filling up the DagBag from /home/airflow/.local/lib/python3.12/site-packages/airflow/example_dags/example_task_group_decorator.py
[2025-12-08T07:13:12.080+0000] {processor.py:925} INFO - DAG(s) 'example_task_group_decorator' retrieved from /home/airflow/.local/lib/python3.12/site-packages/airflow/example_dags/example_task_group_decorator.py
[2025-12-08T07:13:12.112+0000] {logging_mixin.py:190} INFO - [2025-12-08T07:13:12.111+0000] {dag.py:3211} INFO - Sync 1 DAGs
[2025-12-08T07:13:12.142+0000] {logging_mixin.py:190} INFO - [2025-12-08T07:13:12.141+0000] {dag.py:4138} INFO - Setting next_dagrun for example_task_group_decorator to 2025-12-07 00:00:00+00:00, run_after=2025-12-08 00:00:00+00:00
[2025-12-08T07:13:12.173+0000] {processor.py:208} INFO - Processing /home/airflow/.local/lib/python3.12/site-packages/airflow/example_dags/example_task_group_decorator.py took 0.125 seconds
[2025-12-08T07:13:42.496+0000] {processor.py:186} INFO - Started process (PID=839) to work on /home/airflow/.local/lib/python3.12/site-packages/airflow/example_dags/example_task_group_decorator.py
[2025-12-08T07:13:42.498+0000] {processor.py:914} INFO - Processing file /home/airflow/.local/lib/python3.12/site-packages/airflow/example_dags/example_task_group_decorator.py for tasks to queue
[2025-12-08T07:13:42.502+0000] {logging_mixin.py:190} INFO - [2025-12-08T07:13:42.502+0000] {dagbag.py:587} INFO - Filling up the DagBag from /home/airflow/.local/lib/python3.12/site-packages/airflow/example_dags/example_task_group_decorator.py
[2025-12-08T07:13:42.519+0000] {processor.py:925} INFO - DAG(s) 'example_task_group_decorator' retrieved from /home/airflow/.local/lib/python3.12/site-packages/airflow/example_dags/example_task_group_decorator.py
[2025-12-08T07:13:42.544+0000] {logging_mixin.py:190} INFO - [2025-12-08T07:13:42.544+0000] {dag.py:3211} INFO - Sync 1 DAGs
[2025-12-08T07:13:42.569+0000] {logging_mixin.py:190} INFO - [2025-12-08T07:13:42.569+0000] {dag.py:4138} INFO - Setting next_dagrun for example_task_group_decorator to 2025-12-07 00:00:00+00:00, run_after=2025-12-08 00:00:00+00:00
[2025-12-08T07:13:42.590+0000] {processor.py:208} INFO - Processing /home/airflow/.local/lib/python3.12/site-packages/airflow/example_dags/example_task_group_decorator.py took 0.102 seconds
[2025-12-08T07:14:13.031+0000] {processor.py:186} INFO - Started process (PID=901) to work on /home/airflow/.local/lib/python3.12/site-packages/airflow/example_dags/example_task_group_decorator.py
[2025-12-08T07:14:13.034+0000] {processor.py:914} INFO - Processing file /home/airflow/.local/lib/python3.12/site-packages/airflow/example_dags/example_task_group_decorator.py for tasks to queue
[2025-12-08T07:14:13.039+0000] {logging_mixin.py:190} INFO - [2025-12-08T07:14:13.039+0000] {dagbag.py:587} INFO - Filling up the DagBag from /home/airflow/.local/lib/python3.12/site-packages/airflow/example_dags/example_task_group_decorator.py
[2025-12-08T07:14:13.057+0000] {processor.py:925} INFO - DAG(s) 'example_task_group_decorator' retrieved from /home/airflow/.local/lib/python3.12/site-packages/airflow/example_dags/example_task_group_decorator.py
[2025-12-08T07:14:13.084+0000] {logging_mixin.py:190} INFO - [2025-12-08T07:14:13.084+0000] {dag.py:3211} INFO - Sync 1 DAGs
[2025-12-08T07:14:13.109+0000] {logging_mixin.py:190} INFO - [2025-12-08T07:14:13.109+0000] {dag.py:4138} INFO - Setting next_dagrun for example_task_group_decorator to 2025-12-07 00:00:00+00:00, run_after=2025-12-08 00:00:00+00:00
[2025-12-08T07:14:13.129+0000] {processor.py:208} INFO - Processing /home/airflow/.local/lib/python3.12/site-packages/airflow/example_dags/example_task_group_decorator.py took 0.110 seconds
[2025-12-08T07:14:43.422+0000] {processor.py:186} INFO - Started process (PID=963) to work on /home/airflow/.local/lib/python3.12/site-packages/airflow/example_dags/example_task_group_decorator.py
[2025-12-08T07:14:43.424+0000] {processor.py:914} INFO - Processing file /home/airflow/.local/lib/python3.12/site-packages/airflow/example_dags/example_task_group_decorator.py for tasks to queue
[2025-12-08T07:14:43.428+0000] {logging_mixin.py:190} INFO - [2025-12-08T07:14:43.427+0000] {dagbag.py:587} INFO - Filling up the DagBag from /home/airflow/.local/lib/python3.12/site-packages/airflow/example_dags/example_task_group_decorator.py
[2025-12-08T07:14:43.443+0000] {processor.py:925} INFO - DAG(s) 'example_task_group_decorator' retrieved from /home/airflow/.local/lib/python3.12/site-packages/airflow/example_dags/example_task_group_decorator.py
[2025-12-08T07:14:43.467+0000] {logging_mixin.py:190} INFO - [2025-12-08T07:14:43.467+0000] {dag.py:3211} INFO - Sync 1 DAGs
[2025-12-08T07:14:43.491+0000] {logging_mixin.py:190} INFO - [2025-12-08T07:14:43.490+0000] {dag.py:4138} INFO - Setting next_dagrun for example_task_group_decorator to 2025-12-07 00:00:00+00:00, run_after=2025-12-08 00:00:00+00:00
[2025-12-08T07:14:43.516+0000] {processor.py:208} INFO - Processing /home/airflow/.local/lib/python3.12/site-packages/airflow/example_dags/example_task_group_decorator.py took 0.102 seconds
[2025-12-08T07:15:13.577+0000] {processor.py:186} INFO - Started process (PID=1025) to work on /home/airflow/.local/lib/python3.12/site-packages/airflow/example_dags/example_task_group_decorator.py
[2025-12-08T07:15:13.579+0000] {processor.py:914} INFO - Processing file /home/airflow/.local/lib/python3.12/site-packages/airflow/example_dags/example_task_group_decorator.py for tasks to queue
[2025-12-08T07:15:13.582+0000] {logging_mixin.py:190} INFO - [2025-12-08T07:15:13.582+0000] {dagbag.py:587} INFO - Filling up the DagBag from /home/airflow/.local/lib/python3.12/site-packages/airflow/example_dags/example_task_group_decorator.py
[2025-12-08T07:15:13.596+0000] {processor.py:925} INFO - DAG(s) 'example_task_group_decorator' retrieved from /home/airflow/.local/lib/python3.12/site-packages/airflow/example_dags/example_task_group_decorator.py
[2025-12-08T07:15:13.621+0000] {logging_mixin.py:190} INFO - [2025-12-08T07:15:13.621+0000] {dag.py:3211} INFO - Sync 1 DAGs
[2025-12-08T07:15:13.645+0000] {logging_mixin.py:190} INFO - [2025-12-08T07:15:13.644+0000] {dag.py:4138} INFO - Setting next_dagrun for example_task_group_decorator to 2025-12-07 00:00:00+00:00, run_after=2025-12-08 00:00:00+00:00
[2025-12-08T07:15:13.668+0000] {processor.py:208} INFO - Processing /home/airflow/.local/lib/python3.12/site-packages/airflow/example_dags/example_task_group_decorator.py took 0.097 seconds
[2025-12-08T07:15:44.153+0000] {processor.py:186} INFO - Started process (PID=1087) to work on /home/airflow/.local/lib/python3.12/site-packages/airflow/example_dags/example_task_group_decorator.py
[2025-12-08T07:15:44.156+0000] {processor.py:914} INFO - Processing file /home/airflow/.local/lib/python3.12/site-packages/airflow/example_dags/example_task_group_decorator.py for tasks to queue
[2025-12-08T07:15:44.164+0000] {logging_mixin.py:190} INFO - [2025-12-08T07:15:44.163+0000] {dagbag.py:587} INFO - Filling up the DagBag from /home/airflow/.local/lib/python3.12/site-packages/airflow/example_dags/example_task_group_decorator.py
[2025-12-08T07:15:44.215+0000] {processor.py:925} INFO - DAG(s) 'example_task_group_decorator' retrieved from /home/airflow/.local/lib/python3.12/site-packages/airflow/example_dags/example_task_group_decorator.py
[2025-12-08T07:15:44.284+0000] {logging_mixin.py:190} INFO - [2025-12-08T07:15:44.283+0000] {dag.py:3211} INFO - Sync 1 DAGs
[2025-12-08T07:15:44.342+0000] {logging_mixin.py:190} INFO - [2025-12-08T07:15:44.341+0000] {dag.py:4138} INFO - Setting next_dagrun for example_task_group_decorator to 2025-12-07 00:00:00+00:00, run_after=2025-12-08 00:00:00+00:00
[2025-12-08T07:15:44.403+0000] {processor.py:208} INFO - Processing /home/airflow/.local/lib/python3.12/site-packages/airflow/example_dags/example_task_group_decorator.py took 0.272 seconds
[2025-12-08T07:16:15.224+0000] {processor.py:186} INFO - Started process (PID=1149) to work on /home/airflow/.local/lib/python3.12/site-packages/airflow/example_dags/example_task_group_decorator.py
[2025-12-08T07:16:15.226+0000] {processor.py:914} INFO - Processing file /home/airflow/.local/lib/python3.12/site-packages/airflow/example_dags/example_task_group_decorator.py for tasks to queue
[2025-12-08T07:16:15.232+0000] {logging_mixin.py:190} INFO - [2025-12-08T07:16:15.232+0000] {dagbag.py:587} INFO - Filling up the DagBag from /home/airflow/.local/lib/python3.12/site-packages/airflow/example_dags/example_task_group_decorator.py
[2025-12-08T07:16:15.275+0000] {processor.py:925} INFO - DAG(s) 'example_task_group_decorator' retrieved from /home/airflow/.local/lib/python3.12/site-packages/airflow/example_dags/example_task_group_decorator.py
[2025-12-08T07:16:15.333+0000] {logging_mixin.py:190} INFO - [2025-12-08T07:16:15.333+0000] {dag.py:3211} INFO - Sync 1 DAGs
[2025-12-08T07:16:15.384+0000] {logging_mixin.py:190} INFO - [2025-12-08T07:16:15.384+0000] {dag.py:4138} INFO - Setting next_dagrun for example_task_group_decorator to 2025-12-07 00:00:00+00:00, run_after=2025-12-08 00:00:00+00:00
[2025-12-08T07:16:15.430+0000] {processor.py:208} INFO - Processing /home/airflow/.local/lib/python3.12/site-packages/airflow/example_dags/example_task_group_decorator.py took 0.218 seconds
[2025-12-08T07:16:45.863+0000] {processor.py:186} INFO - Started process (PID=1211) to work on /home/airflow/.local/lib/python3.12/site-packages/airflow/example_dags/example_task_group_decorator.py
[2025-12-08T07:16:45.866+0000] {processor.py:914} INFO - Processing file /home/airflow/.local/lib/python3.12/site-packages/airflow/example_dags/example_task_group_decorator.py for tasks to queue
[2025-12-08T07:16:45.872+0000] {logging_mixin.py:190} INFO - [2025-12-08T07:16:45.871+0000] {dagbag.py:587} INFO - Filling up the DagBag from /home/airflow/.local/lib/python3.12/site-packages/airflow/example_dags/example_task_group_decorator.py
[2025-12-08T07:16:45.908+0000] {processor.py:925} INFO - DAG(s) 'example_task_group_decorator' retrieved from /home/airflow/.local/lib/python3.12/site-packages/airflow/example_dags/example_task_group_decorator.py
[2025-12-08T07:16:45.962+0000] {logging_mixin.py:190} INFO - [2025-12-08T07:16:45.961+0000] {dag.py:3211} INFO - Sync 1 DAGs
[2025-12-08T07:16:46.019+0000] {logging_mixin.py:190} INFO - [2025-12-08T07:16:46.019+0000] {dag.py:4138} INFO - Setting next_dagrun for example_task_group_decorator to 2025-12-07 00:00:00+00:00, run_after=2025-12-08 00:00:00+00:00
[2025-12-08T07:16:46.072+0000] {processor.py:208} INFO - Processing /home/airflow/.local/lib/python3.12/site-packages/airflow/example_dags/example_task_group_decorator.py took 0.226 seconds
[2025-12-08T07:17:16.551+0000] {processor.py:186} INFO - Started process (PID=1273) to work on /home/airflow/.local/lib/python3.12/site-packages/airflow/example_dags/example_task_group_decorator.py
[2025-12-08T07:17:16.554+0000] {processor.py:914} INFO - Processing file /home/airflow/.local/lib/python3.12/site-packages/airflow/example_dags/example_task_group_decorator.py for tasks to queue
[2025-12-08T07:17:16.559+0000] {logging_mixin.py:190} INFO - [2025-12-08T07:17:16.558+0000] {dagbag.py:587} INFO - Filling up the DagBag from /home/airflow/.local/lib/python3.12/site-packages/airflow/example_dags/example_task_group_decorator.py
[2025-12-08T07:17:16.595+0000] {processor.py:925} INFO - DAG(s) 'example_task_group_decorator' retrieved from /home/airflow/.local/lib/python3.12/site-packages/airflow/example_dags/example_task_group_decorator.py
[2025-12-08T07:17:16.651+0000] {logging_mixin.py:190} INFO - [2025-12-08T07:17:16.650+0000] {dag.py:3211} INFO - Sync 1 DAGs
[2025-12-08T07:17:16.702+0000] {logging_mixin.py:190} INFO - [2025-12-08T07:17:16.701+0000] {dag.py:4138} INFO - Setting next_dagrun for example_task_group_decorator to 2025-12-07 00:00:00+00:00, run_after=2025-12-08 00:00:00+00:00
[2025-12-08T07:17:16.743+0000] {processor.py:208} INFO - Processing /home/airflow/.local/lib/python3.12/site-packages/airflow/example_dags/example_task_group_decorator.py took 0.205 seconds
[2025-12-08T07:17:46.914+0000] {processor.py:186} INFO - Started process (PID=1335) to work on /home/airflow/.local/lib/python3.12/site-packages/airflow/example_dags/example_task_group_decorator.py
[2025-12-08T07:17:46.917+0000] {processor.py:914} INFO - Processing file /home/airflow/.local/lib/python3.12/site-packages/airflow/example_dags/example_task_group_decorator.py for tasks to queue
[2025-12-08T07:17:46.924+0000] {logging_mixin.py:190} INFO - [2025-12-08T07:17:46.923+0000] {dagbag.py:587} INFO - Filling up the DagBag from /home/airflow/.local/lib/python3.12/site-packages/airflow/example_dags/example_task_group_decorator.py
[2025-12-08T07:17:46.951+0000] {processor.py:925} INFO - DAG(s) 'example_task_group_decorator' retrieved from /home/airflow/.local/lib/python3.12/site-packages/airflow/example_dags/example_task_group_decorator.py
[2025-12-08T07:17:46.993+0000] {logging_mixin.py:190} INFO - [2025-12-08T07:17:46.993+0000] {dag.py:3211} INFO - Sync 1 DAGs
[2025-12-08T07:17:47.052+0000] {logging_mixin.py:190} INFO - [2025-12-08T07:17:47.051+0000] {dag.py:4138} INFO - Setting next_dagrun for example_task_group_decorator to 2025-12-07 00:00:00+00:00, run_after=2025-12-08 00:00:00+00:00
[2025-12-08T07:17:47.103+0000] {processor.py:208} INFO - Processing /home/airflow/.local/lib/python3.12/site-packages/airflow/example_dags/example_task_group_decorator.py took 0.203 seconds
[2025-12-08T07:18:18.072+0000] {processor.py:186} INFO - Started process (PID=1397) to work on /home/airflow/.local/lib/python3.12/site-packages/airflow/example_dags/example_task_group_decorator.py
[2025-12-08T07:18:18.078+0000] {processor.py:914} INFO - Processing file /home/airflow/.local/lib/python3.12/site-packages/airflow/example_dags/example_task_group_decorator.py for tasks to queue
[2025-12-08T07:18:18.085+0000] {logging_mixin.py:190} INFO - [2025-12-08T07:18:18.084+0000] {dagbag.py:587} INFO - Filling up the DagBag from /home/airflow/.local/lib/python3.12/site-packages/airflow/example_dags/example_task_group_decorator.py
[2025-12-08T07:18:18.115+0000] {processor.py:925} INFO - DAG(s) 'example_task_group_decorator' retrieved from /home/airflow/.local/lib/python3.12/site-packages/airflow/example_dags/example_task_group_decorator.py
[2025-12-08T07:18:18.161+0000] {logging_mixin.py:190} INFO - [2025-12-08T07:18:18.160+0000] {dag.py:3211} INFO - Sync 1 DAGs
[2025-12-08T07:18:18.202+0000] {logging_mixin.py:190} INFO - [2025-12-08T07:18:18.202+0000] {dag.py:4138} INFO - Setting next_dagrun for example_task_group_decorator to 2025-12-07 00:00:00+00:00, run_after=2025-12-08 00:00:00+00:00
[2025-12-08T07:18:18.248+0000] {processor.py:208} INFO - Processing /home/airflow/.local/lib/python3.12/site-packages/airflow/example_dags/example_task_group_decorator.py took 0.190 seconds
[2025-12-08T07:18:48.684+0000] {processor.py:186} INFO - Started process (PID=1459) to work on /home/airflow/.local/lib/python3.12/site-packages/airflow/example_dags/example_task_group_decorator.py
[2025-12-08T07:18:48.688+0000] {processor.py:914} INFO - Processing file /home/airflow/.local/lib/python3.12/site-packages/airflow/example_dags/example_task_group_decorator.py for tasks to queue
[2025-12-08T07:18:48.695+0000] {logging_mixin.py:190} INFO - [2025-12-08T07:18:48.694+0000] {dagbag.py:587} INFO - Filling up the DagBag from /home/airflow/.local/lib/python3.12/site-packages/airflow/example_dags/example_task_group_decorator.py
[2025-12-08T07:18:48.728+0000] {processor.py:925} INFO - DAG(s) 'example_task_group_decorator' retrieved from /home/airflow/.local/lib/python3.12/site-packages/airflow/example_dags/example_task_group_decorator.py
[2025-12-08T07:18:48.787+0000] {logging_mixin.py:190} INFO - [2025-12-08T07:18:48.787+0000] {dag.py:3211} INFO - Sync 1 DAGs
[2025-12-08T07:18:48.837+0000] {logging_mixin.py:190} INFO - [2025-12-08T07:18:48.836+0000] {dag.py:4138} INFO - Setting next_dagrun for example_task_group_decorator to 2025-12-07 00:00:00+00:00, run_after=2025-12-08 00:00:00+00:00
[2025-12-08T07:18:48.887+0000] {processor.py:208} INFO - Processing /home/airflow/.local/lib/python3.12/site-packages/airflow/example_dags/example_task_group_decorator.py took 0.215 seconds
[2025-12-08T07:19:19.085+0000] {processor.py:186} INFO - Started process (PID=1521) to work on /home/airflow/.local/lib/python3.12/site-packages/airflow/example_dags/example_task_group_decorator.py
[2025-12-08T07:19:19.087+0000] {processor.py:914} INFO - Processing file /home/airflow/.local/lib/python3.12/site-packages/airflow/example_dags/example_task_group_decorator.py for tasks to queue
[2025-12-08T07:19:19.092+0000] {logging_mixin.py:190} INFO - [2025-12-08T07:19:19.092+0000] {dagbag.py:587} INFO - Filling up the DagBag from /home/airflow/.local/lib/python3.12/site-packages/airflow/example_dags/example_task_group_decorator.py
[2025-12-08T07:19:19.126+0000] {processor.py:925} INFO - DAG(s) 'example_task_group_decorator' retrieved from /home/airflow/.local/lib/python3.12/site-packages/airflow/example_dags/example_task_group_decorator.py
[2025-12-08T07:19:19.172+0000] {logging_mixin.py:190} INFO - [2025-12-08T07:19:19.172+0000] {dag.py:3211} INFO - Sync 1 DAGs
[2025-12-08T07:19:19.207+0000] {logging_mixin.py:190} INFO - [2025-12-08T07:19:19.206+0000] {dag.py:4138} INFO - Setting next_dagrun for example_task_group_decorator to 2025-12-07 00:00:00+00:00, run_after=2025-12-08 00:00:00+00:00
[2025-12-08T07:19:19.243+0000] {processor.py:208} INFO - Processing /home/airflow/.local/lib/python3.12/site-packages/airflow/example_dags/example_task_group_decorator.py took 0.171 seconds
[2025-12-08T07:19:49.752+0000] {processor.py:186} INFO - Started process (PID=1584) to work on /home/airflow/.local/lib/python3.12/site-packages/airflow/example_dags/example_task_group_decorator.py
[2025-12-08T07:19:49.756+0000] {processor.py:914} INFO - Processing file /home/airflow/.local/lib/python3.12/site-packages/airflow/example_dags/example_task_group_decorator.py for tasks to queue
[2025-12-08T07:19:49.765+0000] {logging_mixin.py:190} INFO - [2025-12-08T07:19:49.764+0000] {dagbag.py:587} INFO - Filling up the DagBag from /home/airflow/.local/lib/python3.12/site-packages/airflow/example_dags/example_task_group_decorator.py
[2025-12-08T07:19:49.794+0000] {processor.py:925} INFO - DAG(s) 'example_task_group_decorator' retrieved from /home/airflow/.local/lib/python3.12/site-packages/airflow/example_dags/example_task_group_decorator.py
[2025-12-08T07:19:49.843+0000] {logging_mixin.py:190} INFO - [2025-12-08T07:19:49.842+0000] {dag.py:3211} INFO - Sync 1 DAGs
[2025-12-08T07:19:49.885+0000] {logging_mixin.py:190} INFO - [2025-12-08T07:19:49.885+0000] {dag.py:4138} INFO - Setting next_dagrun for example_task_group_decorator to 2025-12-07 00:00:00+00:00, run_after=2025-12-08 00:00:00+00:00
[2025-12-08T07:19:49.928+0000] {processor.py:208} INFO - Processing /home/airflow/.local/lib/python3.12/site-packages/airflow/example_dags/example_task_group_decorator.py took 0.195 seconds
[2025-12-08T07:20:20.251+0000] {processor.py:186} INFO - Started process (PID=1647) to work on /home/airflow/.local/lib/python3.12/site-packages/airflow/example_dags/example_task_group_decorator.py
[2025-12-08T07:20:20.253+0000] {processor.py:914} INFO - Processing file /home/airflow/.local/lib/python3.12/site-packages/airflow/example_dags/example_task_group_decorator.py for tasks to queue
[2025-12-08T07:20:20.260+0000] {logging_mixin.py:190} INFO - [2025-12-08T07:20:20.259+0000] {dagbag.py:587} INFO - Filling up the DagBag from /home/airflow/.local/lib/python3.12/site-packages/airflow/example_dags/example_task_group_decorator.py
[2025-12-08T07:20:20.294+0000] {processor.py:925} INFO - DAG(s) 'example_task_group_decorator' retrieved from /home/airflow/.local/lib/python3.12/site-packages/airflow/example_dags/example_task_group_decorator.py
[2025-12-08T07:20:20.346+0000] {logging_mixin.py:190} INFO - [2025-12-08T07:20:20.345+0000] {dag.py:3211} INFO - Sync 1 DAGs
[2025-12-08T07:20:20.404+0000] {logging_mixin.py:190} INFO - [2025-12-08T07:20:20.404+0000] {dag.py:4138} INFO - Setting next_dagrun for example_task_group_decorator to 2025-12-07 00:00:00+00:00, run_after=2025-12-08 00:00:00+00:00
[2025-12-08T07:20:20.458+0000] {processor.py:208} INFO - Processing /home/airflow/.local/lib/python3.12/site-packages/airflow/example_dags/example_task_group_decorator.py took 0.219 seconds
[2025-12-08T07:20:50.642+0000] {processor.py:186} INFO - Started process (PID=1709) to work on /home/airflow/.local/lib/python3.12/site-packages/airflow/example_dags/example_task_group_decorator.py
[2025-12-08T07:20:50.644+0000] {processor.py:914} INFO - Processing file /home/airflow/.local/lib/python3.12/site-packages/airflow/example_dags/example_task_group_decorator.py for tasks to queue
[2025-12-08T07:20:50.652+0000] {logging_mixin.py:190} INFO - [2025-12-08T07:20:50.651+0000] {dagbag.py:587} INFO - Filling up the DagBag from /home/airflow/.local/lib/python3.12/site-packages/airflow/example_dags/example_task_group_decorator.py
[2025-12-08T07:20:50.682+0000] {processor.py:925} INFO - DAG(s) 'example_task_group_decorator' retrieved from /home/airflow/.local/lib/python3.12/site-packages/airflow/example_dags/example_task_group_decorator.py
[2025-12-08T07:20:50.733+0000] {logging_mixin.py:190} INFO - [2025-12-08T07:20:50.732+0000] {dag.py:3211} INFO - Sync 1 DAGs
[2025-12-08T07:20:50.779+0000] {logging_mixin.py:190} INFO - [2025-12-08T07:20:50.779+0000] {dag.py:4138} INFO - Setting next_dagrun for example_task_group_decorator to 2025-12-07 00:00:00+00:00, run_after=2025-12-08 00:00:00+00:00
[2025-12-08T07:20:50.825+0000] {processor.py:208} INFO - Processing /home/airflow/.local/lib/python3.12/site-packages/airflow/example_dags/example_task_group_decorator.py took 0.195 seconds
[2025-12-08T07:21:21.605+0000] {processor.py:186} INFO - Started process (PID=1771) to work on /home/airflow/.local/lib/python3.12/site-packages/airflow/example_dags/example_task_group_decorator.py
[2025-12-08T07:21:21.608+0000] {processor.py:914} INFO - Processing file /home/airflow/.local/lib/python3.12/site-packages/airflow/example_dags/example_task_group_decorator.py for tasks to queue
[2025-12-08T07:21:21.613+0000] {logging_mixin.py:190} INFO - [2025-12-08T07:21:21.612+0000] {dagbag.py:587} INFO - Filling up the DagBag from /home/airflow/.local/lib/python3.12/site-packages/airflow/example_dags/example_task_group_decorator.py
[2025-12-08T07:21:21.667+0000] {processor.py:925} INFO - DAG(s) 'example_task_group_decorator' retrieved from /home/airflow/.local/lib/python3.12/site-packages/airflow/example_dags/example_task_group_decorator.py
[2025-12-08T07:21:21.733+0000] {logging_mixin.py:190} INFO - [2025-12-08T07:21:21.733+0000] {dag.py:3211} INFO - Sync 1 DAGs
[2025-12-08T07:21:21.822+0000] {logging_mixin.py:190} INFO - [2025-12-08T07:21:21.822+0000] {dag.py:4138} INFO - Setting next_dagrun for example_task_group_decorator to 2025-12-07 00:00:00+00:00, run_after=2025-12-08 00:00:00+00:00
[2025-12-08T07:21:21.882+0000] {processor.py:208} INFO - Processing /home/airflow/.local/lib/python3.12/site-packages/airflow/example_dags/example_task_group_decorator.py took 0.293 seconds
[2025-12-08T07:21:52.980+0000] {processor.py:186} INFO - Started process (PID=1833) to work on /home/airflow/.local/lib/python3.12/site-packages/airflow/example_dags/example_task_group_decorator.py
[2025-12-08T07:21:52.982+0000] {processor.py:914} INFO - Processing file /home/airflow/.local/lib/python3.12/site-packages/airflow/example_dags/example_task_group_decorator.py for tasks to queue
[2025-12-08T07:21:52.991+0000] {logging_mixin.py:190} INFO - [2025-12-08T07:21:52.990+0000] {dagbag.py:587} INFO - Filling up the DagBag from /home/airflow/.local/lib/python3.12/site-packages/airflow/example_dags/example_task_group_decorator.py
[2025-12-08T07:21:53.036+0000] {processor.py:925} INFO - DAG(s) 'example_task_group_decorator' retrieved from /home/airflow/.local/lib/python3.12/site-packages/airflow/example_dags/example_task_group_decorator.py
[2025-12-08T07:21:53.100+0000] {logging_mixin.py:190} INFO - [2025-12-08T07:21:53.099+0000] {dag.py:3211} INFO - Sync 1 DAGs
[2025-12-08T07:21:53.149+0000] {logging_mixin.py:190} INFO - [2025-12-08T07:21:53.148+0000] {dag.py:4138} INFO - Setting next_dagrun for example_task_group_decorator to 2025-12-07 00:00:00+00:00, run_after=2025-12-08 00:00:00+00:00
[2025-12-08T07:21:53.198+0000] {processor.py:208} INFO - Processing /home/airflow/.local/lib/python3.12/site-packages/airflow/example_dags/example_task_group_decorator.py took 0.234 seconds
[2025-12-08T07:22:23.931+0000] {processor.py:186} INFO - Started process (PID=1895) to work on /home/airflow/.local/lib/python3.12/site-packages/airflow/example_dags/example_task_group_decorator.py
[2025-12-08T07:22:23.935+0000] {processor.py:914} INFO - Processing file /home/airflow/.local/lib/python3.12/site-packages/airflow/example_dags/example_task_group_decorator.py for tasks to queue
[2025-12-08T07:22:23.942+0000] {logging_mixin.py:190} INFO - [2025-12-08T07:22:23.941+0000] {dagbag.py:587} INFO - Filling up the DagBag from /home/airflow/.local/lib/python3.12/site-packages/airflow/example_dags/example_task_group_decorator.py
[2025-12-08T07:22:23.976+0000] {processor.py:925} INFO - DAG(s) 'example_task_group_decorator' retrieved from /home/airflow/.local/lib/python3.12/site-packages/airflow/example_dags/example_task_group_decorator.py
[2025-12-08T07:22:24.027+0000] {logging_mixin.py:190} INFO - [2025-12-08T07:22:24.027+0000] {dag.py:3211} INFO - Sync 1 DAGs
[2025-12-08T07:22:24.079+0000] {logging_mixin.py:190} INFO - [2025-12-08T07:22:24.079+0000] {dag.py:4138} INFO - Setting next_dagrun for example_task_group_decorator to 2025-12-07 00:00:00+00:00, run_after=2025-12-08 00:00:00+00:00
[2025-12-08T07:22:24.125+0000] {processor.py:208} INFO - Processing /home/airflow/.local/lib/python3.12/site-packages/airflow/example_dags/example_task_group_decorator.py took 0.204 seconds
[2025-12-08T07:22:55.135+0000] {processor.py:186} INFO - Started process (PID=1957) to work on /home/airflow/.local/lib/python3.12/site-packages/airflow/example_dags/example_task_group_decorator.py
[2025-12-08T07:22:55.138+0000] {processor.py:914} INFO - Processing file /home/airflow/.local/lib/python3.12/site-packages/airflow/example_dags/example_task_group_decorator.py for tasks to queue
[2025-12-08T07:22:55.143+0000] {logging_mixin.py:190} INFO - [2025-12-08T07:22:55.142+0000] {dagbag.py:587} INFO - Filling up the DagBag from /home/airflow/.local/lib/python3.12/site-packages/airflow/example_dags/example_task_group_decorator.py
[2025-12-08T07:22:55.185+0000] {processor.py:925} INFO - DAG(s) 'example_task_group_decorator' retrieved from /home/airflow/.local/lib/python3.12/site-packages/airflow/example_dags/example_task_group_decorator.py
[2025-12-08T07:22:55.253+0000] {logging_mixin.py:190} INFO - [2025-12-08T07:22:55.252+0000] {dag.py:3211} INFO - Sync 1 DAGs
[2025-12-08T07:22:55.317+0000] {logging_mixin.py:190} INFO - [2025-12-08T07:22:55.317+0000] {dag.py:4138} INFO - Setting next_dagrun for example_task_group_decorator to 2025-12-07 00:00:00+00:00, run_after=2025-12-08 00:00:00+00:00
[2025-12-08T07:22:55.370+0000] {processor.py:208} INFO - Processing /home/airflow/.local/lib/python3.12/site-packages/airflow/example_dags/example_task_group_decorator.py took 0.247 seconds
[2025-12-08T07:23:25.540+0000] {processor.py:186} INFO - Started process (PID=2018) to work on /home/airflow/.local/lib/python3.12/site-packages/airflow/example_dags/example_task_group_decorator.py
[2025-12-08T07:23:25.543+0000] {processor.py:914} INFO - Processing file /home/airflow/.local/lib/python3.12/site-packages/airflow/example_dags/example_task_group_decorator.py for tasks to queue
[2025-12-08T07:23:25.548+0000] {logging_mixin.py:190} INFO - [2025-12-08T07:23:25.548+0000] {dagbag.py:587} INFO - Filling up the DagBag from /home/airflow/.local/lib/python3.12/site-packages/airflow/example_dags/example_task_group_decorator.py
[2025-12-08T07:23:25.577+0000] {processor.py:925} INFO - DAG(s) 'example_task_group_decorator' retrieved from /home/airflow/.local/lib/python3.12/site-packages/airflow/example_dags/example_task_group_decorator.py
[2025-12-08T07:23:25.620+0000] {logging_mixin.py:190} INFO - [2025-12-08T07:23:25.619+0000] {dag.py:3211} INFO - Sync 1 DAGs
[2025-12-08T07:23:25.656+0000] {logging_mixin.py:190} INFO - [2025-12-08T07:23:25.655+0000] {dag.py:4138} INFO - Setting next_dagrun for example_task_group_decorator to 2025-12-07 00:00:00+00:00, run_after=2025-12-08 00:00:00+00:00
[2025-12-08T07:23:25.697+0000] {processor.py:208} INFO - Processing /home/airflow/.local/lib/python3.12/site-packages/airflow/example_dags/example_task_group_decorator.py took 0.167 seconds
[2025-12-08T07:23:56.446+0000] {processor.py:186} INFO - Started process (PID=2080) to work on /home/airflow/.local/lib/python3.12/site-packages/airflow/example_dags/example_task_group_decorator.py
[2025-12-08T07:23:56.453+0000] {processor.py:914} INFO - Processing file /home/airflow/.local/lib/python3.12/site-packages/airflow/example_dags/example_task_group_decorator.py for tasks to queue
[2025-12-08T07:23:56.473+0000] {logging_mixin.py:190} INFO - [2025-12-08T07:23:56.471+0000] {dagbag.py:587} INFO - Filling up the DagBag from /home/airflow/.local/lib/python3.12/site-packages/airflow/example_dags/example_task_group_decorator.py
[2025-12-08T07:23:56.630+0000] {processor.py:925} INFO - DAG(s) 'example_task_group_decorator' retrieved from /home/airflow/.local/lib/python3.12/site-packages/airflow/example_dags/example_task_group_decorator.py
[2025-12-08T07:23:56.809+0000] {logging_mixin.py:190} INFO - [2025-12-08T07:23:56.808+0000] {dag.py:3211} INFO - Sync 1 DAGs
[2025-12-08T07:23:56.989+0000] {logging_mixin.py:190} INFO - [2025-12-08T07:23:56.980+0000] {dag.py:4138} INFO - Setting next_dagrun for example_task_group_decorator to 2025-12-07 00:00:00+00:00, run_after=2025-12-08 00:00:00+00:00
[2025-12-08T07:23:57.160+0000] {processor.py:208} INFO - Processing /home/airflow/.local/lib/python3.12/site-packages/airflow/example_dags/example_task_group_decorator.py took 0.779 seconds
[2025-12-08T07:24:27.630+0000] {processor.py:186} INFO - Started process (PID=2142) to work on /home/airflow/.local/lib/python3.12/site-packages/airflow/example_dags/example_task_group_decorator.py
[2025-12-08T07:24:27.633+0000] {processor.py:914} INFO - Processing file /home/airflow/.local/lib/python3.12/site-packages/airflow/example_dags/example_task_group_decorator.py for tasks to queue
[2025-12-08T07:24:27.646+0000] {logging_mixin.py:190} INFO - [2025-12-08T07:24:27.645+0000] {dagbag.py:587} INFO - Filling up the DagBag from /home/airflow/.local/lib/python3.12/site-packages/airflow/example_dags/example_task_group_decorator.py
[2025-12-08T07:24:27.704+0000] {processor.py:925} INFO - DAG(s) 'example_task_group_decorator' retrieved from /home/airflow/.local/lib/python3.12/site-packages/airflow/example_dags/example_task_group_decorator.py
[2025-12-08T07:24:27.810+0000] {logging_mixin.py:190} INFO - [2025-12-08T07:24:27.809+0000] {dag.py:3211} INFO - Sync 1 DAGs
[2025-12-08T07:24:27.903+0000] {logging_mixin.py:190} INFO - [2025-12-08T07:24:27.902+0000] {dag.py:4138} INFO - Setting next_dagrun for example_task_group_decorator to 2025-12-07 00:00:00+00:00, run_after=2025-12-08 00:00:00+00:00
[2025-12-08T07:24:27.976+0000] {processor.py:208} INFO - Processing /home/airflow/.local/lib/python3.12/site-packages/airflow/example_dags/example_task_group_decorator.py took 0.371 seconds
[2025-12-08T07:26:38.261+0000] {processor.py:186} INFO - Started process (PID=93) to work on /home/airflow/.local/lib/python3.12/site-packages/airflow/example_dags/example_task_group_decorator.py
[2025-12-08T07:26:38.263+0000] {processor.py:914} INFO - Processing file /home/airflow/.local/lib/python3.12/site-packages/airflow/example_dags/example_task_group_decorator.py for tasks to queue
[2025-12-08T07:26:38.268+0000] {logging_mixin.py:190} INFO - [2025-12-08T07:26:38.267+0000] {dagbag.py:587} INFO - Filling up the DagBag from /home/airflow/.local/lib/python3.12/site-packages/airflow/example_dags/example_task_group_decorator.py
[2025-12-08T07:26:38.297+0000] {processor.py:925} INFO - DAG(s) 'example_task_group_decorator' retrieved from /home/airflow/.local/lib/python3.12/site-packages/airflow/example_dags/example_task_group_decorator.py
[2025-12-08T07:26:38.348+0000] {logging_mixin.py:190} INFO - [2025-12-08T07:26:38.348+0000] {dag.py:3211} INFO - Sync 1 DAGs
[2025-12-08T07:26:38.393+0000] {logging_mixin.py:190} INFO - [2025-12-08T07:26:38.393+0000] {dag.py:4138} INFO - Setting next_dagrun for example_task_group_decorator to 2025-12-07 00:00:00+00:00, run_after=2025-12-08 00:00:00+00:00
[2025-12-08T07:26:38.434+0000] {processor.py:208} INFO - Processing /home/airflow/.local/lib/python3.12/site-packages/airflow/example_dags/example_task_group_decorator.py took 0.182 seconds
[2025-12-08T07:27:09.082+0000] {processor.py:186} INFO - Started process (PID=156) to work on /home/airflow/.local/lib/python3.12/site-packages/airflow/example_dags/example_task_group_decorator.py
[2025-12-08T07:27:09.085+0000] {processor.py:914} INFO - Processing file /home/airflow/.local/lib/python3.12/site-packages/airflow/example_dags/example_task_group_decorator.py for tasks to queue
[2025-12-08T07:27:09.094+0000] {logging_mixin.py:190} INFO - [2025-12-08T07:27:09.093+0000] {dagbag.py:587} INFO - Filling up the DagBag from /home/airflow/.local/lib/python3.12/site-packages/airflow/example_dags/example_task_group_decorator.py
[2025-12-08T07:27:09.125+0000] {processor.py:925} INFO - DAG(s) 'example_task_group_decorator' retrieved from /home/airflow/.local/lib/python3.12/site-packages/airflow/example_dags/example_task_group_decorator.py
[2025-12-08T07:27:09.178+0000] {logging_mixin.py:190} INFO - [2025-12-08T07:27:09.177+0000] {dag.py:3211} INFO - Sync 1 DAGs
[2025-12-08T07:27:09.231+0000] {logging_mixin.py:190} INFO - [2025-12-08T07:27:09.230+0000] {dag.py:4138} INFO - Setting next_dagrun for example_task_group_decorator to 2025-12-07 00:00:00+00:00, run_after=2025-12-08 00:00:00+00:00
[2025-12-08T07:27:09.330+0000] {processor.py:208} INFO - Processing /home/airflow/.local/lib/python3.12/site-packages/airflow/example_dags/example_task_group_decorator.py took 0.258 seconds
[2025-12-08T07:27:39.532+0000] {processor.py:186} INFO - Started process (PID=219) to work on /home/airflow/.local/lib/python3.12/site-packages/airflow/example_dags/example_task_group_decorator.py
[2025-12-08T07:27:39.535+0000] {processor.py:914} INFO - Processing file /home/airflow/.local/lib/python3.12/site-packages/airflow/example_dags/example_task_group_decorator.py for tasks to queue
[2025-12-08T07:27:39.541+0000] {logging_mixin.py:190} INFO - [2025-12-08T07:27:39.541+0000] {dagbag.py:587} INFO - Filling up the DagBag from /home/airflow/.local/lib/python3.12/site-packages/airflow/example_dags/example_task_group_decorator.py
[2025-12-08T07:27:39.583+0000] {processor.py:925} INFO - DAG(s) 'example_task_group_decorator' retrieved from /home/airflow/.local/lib/python3.12/site-packages/airflow/example_dags/example_task_group_decorator.py
[2025-12-08T07:27:39.635+0000] {logging_mixin.py:190} INFO - [2025-12-08T07:27:39.634+0000] {dag.py:3211} INFO - Sync 1 DAGs
[2025-12-08T07:27:39.682+0000] {logging_mixin.py:190} INFO - [2025-12-08T07:27:39.681+0000] {dag.py:4138} INFO - Setting next_dagrun for example_task_group_decorator to 2025-12-07 00:00:00+00:00, run_after=2025-12-08 00:00:00+00:00
[2025-12-08T07:27:39.748+0000] {processor.py:208} INFO - Processing /home/airflow/.local/lib/python3.12/site-packages/airflow/example_dags/example_task_group_decorator.py took 0.234 seconds
[2025-12-08T07:28:09.874+0000] {processor.py:186} INFO - Started process (PID=295) to work on /home/airflow/.local/lib/python3.12/site-packages/airflow/example_dags/example_task_group_decorator.py
[2025-12-08T07:28:09.878+0000] {processor.py:914} INFO - Processing file /home/airflow/.local/lib/python3.12/site-packages/airflow/example_dags/example_task_group_decorator.py for tasks to queue
[2025-12-08T07:28:09.885+0000] {logging_mixin.py:190} INFO - [2025-12-08T07:28:09.884+0000] {dagbag.py:587} INFO - Filling up the DagBag from /home/airflow/.local/lib/python3.12/site-packages/airflow/example_dags/example_task_group_decorator.py
[2025-12-08T07:28:09.918+0000] {processor.py:925} INFO - DAG(s) 'example_task_group_decorator' retrieved from /home/airflow/.local/lib/python3.12/site-packages/airflow/example_dags/example_task_group_decorator.py
[2025-12-08T07:28:09.985+0000] {logging_mixin.py:190} INFO - [2025-12-08T07:28:09.984+0000] {dag.py:3211} INFO - Sync 1 DAGs
[2025-12-08T07:28:10.035+0000] {logging_mixin.py:190} INFO - [2025-12-08T07:28:10.034+0000] {dag.py:4138} INFO - Setting next_dagrun for example_task_group_decorator to 2025-12-07 00:00:00+00:00, run_after=2025-12-08 00:00:00+00:00
[2025-12-08T07:28:10.082+0000] {processor.py:208} INFO - Processing /home/airflow/.local/lib/python3.12/site-packages/airflow/example_dags/example_task_group_decorator.py took 0.220 seconds
[2025-12-08T07:28:42.135+0000] {processor.py:186} INFO - Started process (PID=357) to work on /home/airflow/.local/lib/python3.12/site-packages/airflow/example_dags/example_task_group_decorator.py
[2025-12-08T07:28:42.138+0000] {processor.py:914} INFO - Processing file /home/airflow/.local/lib/python3.12/site-packages/airflow/example_dags/example_task_group_decorator.py for tasks to queue
[2025-12-08T07:28:42.147+0000] {logging_mixin.py:190} INFO - [2025-12-08T07:28:42.144+0000] {dagbag.py:587} INFO - Filling up the DagBag from /home/airflow/.local/lib/python3.12/site-packages/airflow/example_dags/example_task_group_decorator.py
[2025-12-08T07:28:42.242+0000] {processor.py:925} INFO - DAG(s) 'example_task_group_decorator' retrieved from /home/airflow/.local/lib/python3.12/site-packages/airflow/example_dags/example_task_group_decorator.py
[2025-12-08T07:28:42.363+0000] {logging_mixin.py:190} INFO - [2025-12-08T07:28:42.362+0000] {dag.py:3211} INFO - Sync 1 DAGs
[2025-12-08T07:28:42.479+0000] {logging_mixin.py:190} INFO - [2025-12-08T07:28:42.478+0000] {dag.py:4138} INFO - Setting next_dagrun for example_task_group_decorator to 2025-12-07 00:00:00+00:00, run_after=2025-12-08 00:00:00+00:00
[2025-12-08T07:28:42.630+0000] {processor.py:208} INFO - Processing /home/airflow/.local/lib/python3.12/site-packages/airflow/example_dags/example_task_group_decorator.py took 0.526 seconds
[2025-12-08T07:29:13.132+0000] {processor.py:186} INFO - Started process (PID=420) to work on /home/airflow/.local/lib/python3.12/site-packages/airflow/example_dags/example_task_group_decorator.py
[2025-12-08T07:29:13.135+0000] {processor.py:914} INFO - Processing file /home/airflow/.local/lib/python3.12/site-packages/airflow/example_dags/example_task_group_decorator.py for tasks to queue
[2025-12-08T07:29:13.141+0000] {logging_mixin.py:190} INFO - [2025-12-08T07:29:13.140+0000] {dagbag.py:587} INFO - Filling up the DagBag from /home/airflow/.local/lib/python3.12/site-packages/airflow/example_dags/example_task_group_decorator.py
[2025-12-08T07:29:13.167+0000] {processor.py:925} INFO - DAG(s) 'example_task_group_decorator' retrieved from /home/airflow/.local/lib/python3.12/site-packages/airflow/example_dags/example_task_group_decorator.py
[2025-12-08T07:29:13.210+0000] {logging_mixin.py:190} INFO - [2025-12-08T07:29:13.210+0000] {dag.py:3211} INFO - Sync 1 DAGs
[2025-12-08T07:29:13.244+0000] {logging_mixin.py:190} INFO - [2025-12-08T07:29:13.244+0000] {dag.py:4138} INFO - Setting next_dagrun for example_task_group_decorator to 2025-12-07 00:00:00+00:00, run_after=2025-12-08 00:00:00+00:00
[2025-12-08T07:29:13.287+0000] {processor.py:208} INFO - Processing /home/airflow/.local/lib/python3.12/site-packages/airflow/example_dags/example_task_group_decorator.py took 0.164 seconds
[2025-12-08T07:29:43.405+0000] {processor.py:186} INFO - Started process (PID=483) to work on /home/airflow/.local/lib/python3.12/site-packages/airflow/example_dags/example_task_group_decorator.py
[2025-12-08T07:29:43.408+0000] {processor.py:914} INFO - Processing file /home/airflow/.local/lib/python3.12/site-packages/airflow/example_dags/example_task_group_decorator.py for tasks to queue
[2025-12-08T07:29:43.412+0000] {logging_mixin.py:190} INFO - [2025-12-08T07:29:43.412+0000] {dagbag.py:587} INFO - Filling up the DagBag from /home/airflow/.local/lib/python3.12/site-packages/airflow/example_dags/example_task_group_decorator.py
[2025-12-08T07:29:43.441+0000] {processor.py:925} INFO - DAG(s) 'example_task_group_decorator' retrieved from /home/airflow/.local/lib/python3.12/site-packages/airflow/example_dags/example_task_group_decorator.py
[2025-12-08T07:29:43.483+0000] {logging_mixin.py:190} INFO - [2025-12-08T07:29:43.482+0000] {dag.py:3211} INFO - Sync 1 DAGs
[2025-12-08T07:29:43.520+0000] {logging_mixin.py:190} INFO - [2025-12-08T07:29:43.520+0000] {dag.py:4138} INFO - Setting next_dagrun for example_task_group_decorator to 2025-12-07 00:00:00+00:00, run_after=2025-12-08 00:00:00+00:00
[2025-12-08T07:29:43.557+0000] {processor.py:208} INFO - Processing /home/airflow/.local/lib/python3.12/site-packages/airflow/example_dags/example_task_group_decorator.py took 0.162 seconds
[2025-12-08T07:30:14.346+0000] {processor.py:186} INFO - Started process (PID=546) to work on /home/airflow/.local/lib/python3.12/site-packages/airflow/example_dags/example_task_group_decorator.py
[2025-12-08T07:30:14.349+0000] {processor.py:914} INFO - Processing file /home/airflow/.local/lib/python3.12/site-packages/airflow/example_dags/example_task_group_decorator.py for tasks to queue
[2025-12-08T07:30:14.356+0000] {logging_mixin.py:190} INFO - [2025-12-08T07:30:14.355+0000] {dagbag.py:587} INFO - Filling up the DagBag from /home/airflow/.local/lib/python3.12/site-packages/airflow/example_dags/example_task_group_decorator.py
[2025-12-08T07:30:14.387+0000] {processor.py:925} INFO - DAG(s) 'example_task_group_decorator' retrieved from /home/airflow/.local/lib/python3.12/site-packages/airflow/example_dags/example_task_group_decorator.py
[2025-12-08T07:30:14.441+0000] {logging_mixin.py:190} INFO - [2025-12-08T07:30:14.441+0000] {dag.py:3211} INFO - Sync 1 DAGs
[2025-12-08T07:30:14.485+0000] {logging_mixin.py:190} INFO - [2025-12-08T07:30:14.485+0000] {dag.py:4138} INFO - Setting next_dagrun for example_task_group_decorator to 2025-12-07 00:00:00+00:00, run_after=2025-12-08 00:00:00+00:00
[2025-12-08T07:30:14.535+0000] {processor.py:208} INFO - Processing /home/airflow/.local/lib/python3.12/site-packages/airflow/example_dags/example_task_group_decorator.py took 0.200 seconds
[2025-12-08T07:30:44.908+0000] {processor.py:186} INFO - Started process (PID=609) to work on /home/airflow/.local/lib/python3.12/site-packages/airflow/example_dags/example_task_group_decorator.py
[2025-12-08T07:30:44.913+0000] {processor.py:914} INFO - Processing file /home/airflow/.local/lib/python3.12/site-packages/airflow/example_dags/example_task_group_decorator.py for tasks to queue
[2025-12-08T07:30:44.919+0000] {logging_mixin.py:190} INFO - [2025-12-08T07:30:44.918+0000] {dagbag.py:587} INFO - Filling up the DagBag from /home/airflow/.local/lib/python3.12/site-packages/airflow/example_dags/example_task_group_decorator.py
[2025-12-08T07:30:44.958+0000] {processor.py:925} INFO - DAG(s) 'example_task_group_decorator' retrieved from /home/airflow/.local/lib/python3.12/site-packages/airflow/example_dags/example_task_group_decorator.py
[2025-12-08T07:30:45.017+0000] {logging_mixin.py:190} INFO - [2025-12-08T07:30:45.016+0000] {dag.py:3211} INFO - Sync 1 DAGs
[2025-12-08T07:30:45.074+0000] {logging_mixin.py:190} INFO - [2025-12-08T07:30:45.074+0000] {dag.py:4138} INFO - Setting next_dagrun for example_task_group_decorator to 2025-12-07 00:00:00+00:00, run_after=2025-12-08 00:00:00+00:00
[2025-12-08T07:30:45.120+0000] {processor.py:208} INFO - Processing /home/airflow/.local/lib/python3.12/site-packages/airflow/example_dags/example_task_group_decorator.py took 0.225 seconds
[2025-12-08T07:31:16.353+0000] {processor.py:186} INFO - Started process (PID=672) to work on /home/airflow/.local/lib/python3.12/site-packages/airflow/example_dags/example_task_group_decorator.py
[2025-12-08T07:31:16.356+0000] {processor.py:914} INFO - Processing file /home/airflow/.local/lib/python3.12/site-packages/airflow/example_dags/example_task_group_decorator.py for tasks to queue
[2025-12-08T07:31:16.361+0000] {logging_mixin.py:190} INFO - [2025-12-08T07:31:16.361+0000] {dagbag.py:587} INFO - Filling up the DagBag from /home/airflow/.local/lib/python3.12/site-packages/airflow/example_dags/example_task_group_decorator.py
[2025-12-08T07:31:16.396+0000] {processor.py:925} INFO - DAG(s) 'example_task_group_decorator' retrieved from /home/airflow/.local/lib/python3.12/site-packages/airflow/example_dags/example_task_group_decorator.py
[2025-12-08T07:31:16.458+0000] {logging_mixin.py:190} INFO - [2025-12-08T07:31:16.458+0000] {dag.py:3211} INFO - Sync 1 DAGs
[2025-12-08T07:31:16.523+0000] {logging_mixin.py:190} INFO - [2025-12-08T07:31:16.523+0000] {dag.py:4138} INFO - Setting next_dagrun for example_task_group_decorator to 2025-12-07 00:00:00+00:00, run_after=2025-12-08 00:00:00+00:00
[2025-12-08T07:31:16.589+0000] {processor.py:208} INFO - Processing /home/airflow/.local/lib/python3.12/site-packages/airflow/example_dags/example_task_group_decorator.py took 0.249 seconds
[2025-12-08T07:31:47.473+0000] {processor.py:186} INFO - Started process (PID=735) to work on /home/airflow/.local/lib/python3.12/site-packages/airflow/example_dags/example_task_group_decorator.py
[2025-12-08T07:31:47.476+0000] {processor.py:914} INFO - Processing file /home/airflow/.local/lib/python3.12/site-packages/airflow/example_dags/example_task_group_decorator.py for tasks to queue
[2025-12-08T07:31:47.482+0000] {logging_mixin.py:190} INFO - [2025-12-08T07:31:47.482+0000] {dagbag.py:587} INFO - Filling up the DagBag from /home/airflow/.local/lib/python3.12/site-packages/airflow/example_dags/example_task_group_decorator.py
[2025-12-08T07:31:47.514+0000] {processor.py:925} INFO - DAG(s) 'example_task_group_decorator' retrieved from /home/airflow/.local/lib/python3.12/site-packages/airflow/example_dags/example_task_group_decorator.py
[2025-12-08T07:31:47.561+0000] {logging_mixin.py:190} INFO - [2025-12-08T07:31:47.561+0000] {dag.py:3211} INFO - Sync 1 DAGs
[2025-12-08T07:31:47.601+0000] {logging_mixin.py:190} INFO - [2025-12-08T07:31:47.600+0000] {dag.py:4138} INFO - Setting next_dagrun for example_task_group_decorator to 2025-12-07 00:00:00+00:00, run_after=2025-12-08 00:00:00+00:00
[2025-12-08T07:31:47.637+0000] {processor.py:208} INFO - Processing /home/airflow/.local/lib/python3.12/site-packages/airflow/example_dags/example_task_group_decorator.py took 0.176 seconds
[2025-12-08T07:32:17.899+0000] {processor.py:186} INFO - Started process (PID=798) to work on /home/airflow/.local/lib/python3.12/site-packages/airflow/example_dags/example_task_group_decorator.py
[2025-12-08T07:32:17.902+0000] {processor.py:914} INFO - Processing file /home/airflow/.local/lib/python3.12/site-packages/airflow/example_dags/example_task_group_decorator.py for tasks to queue
[2025-12-08T07:32:17.909+0000] {logging_mixin.py:190} INFO - [2025-12-08T07:32:17.908+0000] {dagbag.py:587} INFO - Filling up the DagBag from /home/airflow/.local/lib/python3.12/site-packages/airflow/example_dags/example_task_group_decorator.py
[2025-12-08T07:32:17.946+0000] {processor.py:925} INFO - DAG(s) 'example_task_group_decorator' retrieved from /home/airflow/.local/lib/python3.12/site-packages/airflow/example_dags/example_task_group_decorator.py
[2025-12-08T07:32:17.994+0000] {logging_mixin.py:190} INFO - [2025-12-08T07:32:17.994+0000] {dag.py:3211} INFO - Sync 1 DAGs
[2025-12-08T07:32:18.070+0000] {logging_mixin.py:190} INFO - [2025-12-08T07:32:18.069+0000] {dag.py:4138} INFO - Setting next_dagrun for example_task_group_decorator to 2025-12-07 00:00:00+00:00, run_after=2025-12-08 00:00:00+00:00
[2025-12-08T07:32:18.132+0000] {processor.py:208} INFO - Processing /home/airflow/.local/lib/python3.12/site-packages/airflow/example_dags/example_task_group_decorator.py took 0.244 seconds
[2025-12-08T07:32:49.138+0000] {processor.py:186} INFO - Started process (PID=867) to work on /home/airflow/.local/lib/python3.12/site-packages/airflow/example_dags/example_task_group_decorator.py
[2025-12-08T07:32:49.142+0000] {processor.py:914} INFO - Processing file /home/airflow/.local/lib/python3.12/site-packages/airflow/example_dags/example_task_group_decorator.py for tasks to queue
[2025-12-08T07:32:49.150+0000] {logging_mixin.py:190} INFO - [2025-12-08T07:32:49.149+0000] {dagbag.py:587} INFO - Filling up the DagBag from /home/airflow/.local/lib/python3.12/site-packages/airflow/example_dags/example_task_group_decorator.py
[2025-12-08T07:32:49.192+0000] {processor.py:925} INFO - DAG(s) 'example_task_group_decorator' retrieved from /home/airflow/.local/lib/python3.12/site-packages/airflow/example_dags/example_task_group_decorator.py
[2025-12-08T07:32:49.255+0000] {logging_mixin.py:190} INFO - [2025-12-08T07:32:49.254+0000] {dag.py:3211} INFO - Sync 1 DAGs
[2025-12-08T07:32:49.309+0000] {logging_mixin.py:190} INFO - [2025-12-08T07:32:49.308+0000] {dag.py:4138} INFO - Setting next_dagrun for example_task_group_decorator to 2025-12-07 00:00:00+00:00, run_after=2025-12-08 00:00:00+00:00
[2025-12-08T07:32:49.350+0000] {processor.py:208} INFO - Processing /home/airflow/.local/lib/python3.12/site-packages/airflow/example_dags/example_task_group_decorator.py took 0.229 seconds
[2025-12-08T07:33:19.700+0000] {processor.py:186} INFO - Started process (PID=930) to work on /home/airflow/.local/lib/python3.12/site-packages/airflow/example_dags/example_task_group_decorator.py
[2025-12-08T07:33:19.703+0000] {processor.py:914} INFO - Processing file /home/airflow/.local/lib/python3.12/site-packages/airflow/example_dags/example_task_group_decorator.py for tasks to queue
[2025-12-08T07:33:19.710+0000] {logging_mixin.py:190} INFO - [2025-12-08T07:33:19.709+0000] {dagbag.py:587} INFO - Filling up the DagBag from /home/airflow/.local/lib/python3.12/site-packages/airflow/example_dags/example_task_group_decorator.py
[2025-12-08T07:33:19.761+0000] {processor.py:925} INFO - DAG(s) 'example_task_group_decorator' retrieved from /home/airflow/.local/lib/python3.12/site-packages/airflow/example_dags/example_task_group_decorator.py
[2025-12-08T07:33:19.846+0000] {logging_mixin.py:190} INFO - [2025-12-08T07:33:19.845+0000] {dag.py:3211} INFO - Sync 1 DAGs
[2025-12-08T07:33:19.917+0000] {logging_mixin.py:190} INFO - [2025-12-08T07:33:19.917+0000] {dag.py:4138} INFO - Setting next_dagrun for example_task_group_decorator to 2025-12-07 00:00:00+00:00, run_after=2025-12-08 00:00:00+00:00
[2025-12-08T07:33:19.976+0000] {processor.py:208} INFO - Processing /home/airflow/.local/lib/python3.12/site-packages/airflow/example_dags/example_task_group_decorator.py took 0.286 seconds
[2025-12-08T07:33:50.222+0000] {processor.py:186} INFO - Started process (PID=993) to work on /home/airflow/.local/lib/python3.12/site-packages/airflow/example_dags/example_task_group_decorator.py
[2025-12-08T07:33:50.225+0000] {processor.py:914} INFO - Processing file /home/airflow/.local/lib/python3.12/site-packages/airflow/example_dags/example_task_group_decorator.py for tasks to queue
[2025-12-08T07:33:50.232+0000] {logging_mixin.py:190} INFO - [2025-12-08T07:33:50.231+0000] {dagbag.py:587} INFO - Filling up the DagBag from /home/airflow/.local/lib/python3.12/site-packages/airflow/example_dags/example_task_group_decorator.py
[2025-12-08T07:33:50.275+0000] {processor.py:925} INFO - DAG(s) 'example_task_group_decorator' retrieved from /home/airflow/.local/lib/python3.12/site-packages/airflow/example_dags/example_task_group_decorator.py
[2025-12-08T07:33:50.344+0000] {logging_mixin.py:190} INFO - [2025-12-08T07:33:50.342+0000] {dag.py:3211} INFO - Sync 1 DAGs
[2025-12-08T07:33:50.432+0000] {logging_mixin.py:190} INFO - [2025-12-08T07:33:50.431+0000] {dag.py:4138} INFO - Setting next_dagrun for example_task_group_decorator to 2025-12-07 00:00:00+00:00, run_after=2025-12-08 00:00:00+00:00
[2025-12-08T07:33:50.491+0000] {processor.py:208} INFO - Processing /home/airflow/.local/lib/python3.12/site-packages/airflow/example_dags/example_task_group_decorator.py took 0.289 seconds
[2025-12-08T07:34:20.809+0000] {processor.py:186} INFO - Started process (PID=1056) to work on /home/airflow/.local/lib/python3.12/site-packages/airflow/example_dags/example_task_group_decorator.py
[2025-12-08T07:34:20.811+0000] {processor.py:914} INFO - Processing file /home/airflow/.local/lib/python3.12/site-packages/airflow/example_dags/example_task_group_decorator.py for tasks to queue
[2025-12-08T07:34:20.818+0000] {logging_mixin.py:190} INFO - [2025-12-08T07:34:20.817+0000] {dagbag.py:587} INFO - Filling up the DagBag from /home/airflow/.local/lib/python3.12/site-packages/airflow/example_dags/example_task_group_decorator.py
[2025-12-08T07:34:20.843+0000] {processor.py:925} INFO - DAG(s) 'example_task_group_decorator' retrieved from /home/airflow/.local/lib/python3.12/site-packages/airflow/example_dags/example_task_group_decorator.py
[2025-12-08T07:34:20.884+0000] {logging_mixin.py:190} INFO - [2025-12-08T07:34:20.883+0000] {dag.py:3211} INFO - Sync 1 DAGs
[2025-12-08T07:34:20.929+0000] {logging_mixin.py:190} INFO - [2025-12-08T07:34:20.929+0000] {dag.py:4138} INFO - Setting next_dagrun for example_task_group_decorator to 2025-12-07 00:00:00+00:00, run_after=2025-12-08 00:00:00+00:00
[2025-12-08T07:34:20.969+0000] {processor.py:208} INFO - Processing /home/airflow/.local/lib/python3.12/site-packages/airflow/example_dags/example_task_group_decorator.py took 0.171 seconds
[2025-12-08T07:34:51.744+0000] {processor.py:186} INFO - Started process (PID=1120) to work on /home/airflow/.local/lib/python3.12/site-packages/airflow/example_dags/example_task_group_decorator.py
[2025-12-08T07:34:51.746+0000] {processor.py:914} INFO - Processing file /home/airflow/.local/lib/python3.12/site-packages/airflow/example_dags/example_task_group_decorator.py for tasks to queue
[2025-12-08T07:34:51.752+0000] {logging_mixin.py:190} INFO - [2025-12-08T07:34:51.751+0000] {dagbag.py:587} INFO - Filling up the DagBag from /home/airflow/.local/lib/python3.12/site-packages/airflow/example_dags/example_task_group_decorator.py
[2025-12-08T07:34:51.785+0000] {processor.py:925} INFO - DAG(s) 'example_task_group_decorator' retrieved from /home/airflow/.local/lib/python3.12/site-packages/airflow/example_dags/example_task_group_decorator.py
[2025-12-08T07:34:51.843+0000] {logging_mixin.py:190} INFO - [2025-12-08T07:34:51.843+0000] {dag.py:3211} INFO - Sync 1 DAGs
[2025-12-08T07:34:51.890+0000] {logging_mixin.py:190} INFO - [2025-12-08T07:34:51.889+0000] {dag.py:4138} INFO - Setting next_dagrun for example_task_group_decorator to 2025-12-07 00:00:00+00:00, run_after=2025-12-08 00:00:00+00:00
[2025-12-08T07:34:51.933+0000] {processor.py:208} INFO - Processing /home/airflow/.local/lib/python3.12/site-packages/airflow/example_dags/example_task_group_decorator.py took 0.200 seconds
[2025-12-08T07:35:22.160+0000] {processor.py:186} INFO - Started process (PID=1184) to work on /home/airflow/.local/lib/python3.12/site-packages/airflow/example_dags/example_task_group_decorator.py
[2025-12-08T07:35:22.163+0000] {processor.py:914} INFO - Processing file /home/airflow/.local/lib/python3.12/site-packages/airflow/example_dags/example_task_group_decorator.py for tasks to queue
[2025-12-08T07:35:22.171+0000] {logging_mixin.py:190} INFO - [2025-12-08T07:35:22.171+0000] {dagbag.py:587} INFO - Filling up the DagBag from /home/airflow/.local/lib/python3.12/site-packages/airflow/example_dags/example_task_group_decorator.py
[2025-12-08T07:35:22.210+0000] {processor.py:925} INFO - DAG(s) 'example_task_group_decorator' retrieved from /home/airflow/.local/lib/python3.12/site-packages/airflow/example_dags/example_task_group_decorator.py
[2025-12-08T07:35:22.269+0000] {logging_mixin.py:190} INFO - [2025-12-08T07:35:22.268+0000] {dag.py:3211} INFO - Sync 1 DAGs
[2025-12-08T07:35:22.326+0000] {logging_mixin.py:190} INFO - [2025-12-08T07:35:22.325+0000] {dag.py:4138} INFO - Setting next_dagrun for example_task_group_decorator to 2025-12-07 00:00:00+00:00, run_after=2025-12-08 00:00:00+00:00
[2025-12-08T07:35:22.380+0000] {processor.py:208} INFO - Processing /home/airflow/.local/lib/python3.12/site-packages/airflow/example_dags/example_task_group_decorator.py took 0.232 seconds
[2025-12-08T07:35:52.713+0000] {processor.py:186} INFO - Started process (PID=1247) to work on /home/airflow/.local/lib/python3.12/site-packages/airflow/example_dags/example_task_group_decorator.py
[2025-12-08T07:35:52.715+0000] {processor.py:914} INFO - Processing file /home/airflow/.local/lib/python3.12/site-packages/airflow/example_dags/example_task_group_decorator.py for tasks to queue
[2025-12-08T07:35:52.720+0000] {logging_mixin.py:190} INFO - [2025-12-08T07:35:52.719+0000] {dagbag.py:587} INFO - Filling up the DagBag from /home/airflow/.local/lib/python3.12/site-packages/airflow/example_dags/example_task_group_decorator.py
[2025-12-08T07:35:52.749+0000] {processor.py:925} INFO - DAG(s) 'example_task_group_decorator' retrieved from /home/airflow/.local/lib/python3.12/site-packages/airflow/example_dags/example_task_group_decorator.py
[2025-12-08T07:35:52.794+0000] {logging_mixin.py:190} INFO - [2025-12-08T07:35:52.793+0000] {dag.py:3211} INFO - Sync 1 DAGs
[2025-12-08T07:35:52.838+0000] {logging_mixin.py:190} INFO - [2025-12-08T07:35:52.837+0000] {dag.py:4138} INFO - Setting next_dagrun for example_task_group_decorator to 2025-12-07 00:00:00+00:00, run_after=2025-12-08 00:00:00+00:00
[2025-12-08T07:35:52.878+0000] {processor.py:208} INFO - Processing /home/airflow/.local/lib/python3.12/site-packages/airflow/example_dags/example_task_group_decorator.py took 0.175 seconds
[2025-12-08T07:36:23.396+0000] {processor.py:186} INFO - Started process (PID=1310) to work on /home/airflow/.local/lib/python3.12/site-packages/airflow/example_dags/example_task_group_decorator.py
[2025-12-08T07:36:23.399+0000] {processor.py:914} INFO - Processing file /home/airflow/.local/lib/python3.12/site-packages/airflow/example_dags/example_task_group_decorator.py for tasks to queue
[2025-12-08T07:36:23.406+0000] {logging_mixin.py:190} INFO - [2025-12-08T07:36:23.405+0000] {dagbag.py:587} INFO - Filling up the DagBag from /home/airflow/.local/lib/python3.12/site-packages/airflow/example_dags/example_task_group_decorator.py
[2025-12-08T07:36:23.436+0000] {processor.py:925} INFO - DAG(s) 'example_task_group_decorator' retrieved from /home/airflow/.local/lib/python3.12/site-packages/airflow/example_dags/example_task_group_decorator.py
[2025-12-08T07:36:23.483+0000] {logging_mixin.py:190} INFO - [2025-12-08T07:36:23.483+0000] {dag.py:3211} INFO - Sync 1 DAGs
[2025-12-08T07:36:23.530+0000] {logging_mixin.py:190} INFO - [2025-12-08T07:36:23.530+0000] {dag.py:4138} INFO - Setting next_dagrun for example_task_group_decorator to 2025-12-07 00:00:00+00:00, run_after=2025-12-08 00:00:00+00:00
[2025-12-08T07:36:23.575+0000] {processor.py:208} INFO - Processing /home/airflow/.local/lib/python3.12/site-packages/airflow/example_dags/example_task_group_decorator.py took 0.190 seconds
[2025-12-08T07:36:54.013+0000] {processor.py:186} INFO - Started process (PID=1373) to work on /home/airflow/.local/lib/python3.12/site-packages/airflow/example_dags/example_task_group_decorator.py
[2025-12-08T07:36:54.016+0000] {processor.py:914} INFO - Processing file /home/airflow/.local/lib/python3.12/site-packages/airflow/example_dags/example_task_group_decorator.py for tasks to queue
[2025-12-08T07:36:54.023+0000] {logging_mixin.py:190} INFO - [2025-12-08T07:36:54.023+0000] {dagbag.py:587} INFO - Filling up the DagBag from /home/airflow/.local/lib/python3.12/site-packages/airflow/example_dags/example_task_group_decorator.py
[2025-12-08T07:36:54.057+0000] {processor.py:925} INFO - DAG(s) 'example_task_group_decorator' retrieved from /home/airflow/.local/lib/python3.12/site-packages/airflow/example_dags/example_task_group_decorator.py
[2025-12-08T07:36:54.114+0000] {logging_mixin.py:190} INFO - [2025-12-08T07:36:54.113+0000] {dag.py:3211} INFO - Sync 1 DAGs
[2025-12-08T07:36:54.164+0000] {logging_mixin.py:190} INFO - [2025-12-08T07:36:54.163+0000] {dag.py:4138} INFO - Setting next_dagrun for example_task_group_decorator to 2025-12-07 00:00:00+00:00, run_after=2025-12-08 00:00:00+00:00
[2025-12-08T07:36:54.225+0000] {processor.py:208} INFO - Processing /home/airflow/.local/lib/python3.12/site-packages/airflow/example_dags/example_task_group_decorator.py took 0.224 seconds
[2025-12-08T07:37:24.694+0000] {processor.py:186} INFO - Started process (PID=1436) to work on /home/airflow/.local/lib/python3.12/site-packages/airflow/example_dags/example_task_group_decorator.py
[2025-12-08T07:37:24.697+0000] {processor.py:914} INFO - Processing file /home/airflow/.local/lib/python3.12/site-packages/airflow/example_dags/example_task_group_decorator.py for tasks to queue
[2025-12-08T07:37:24.704+0000] {logging_mixin.py:190} INFO - [2025-12-08T07:37:24.703+0000] {dagbag.py:587} INFO - Filling up the DagBag from /home/airflow/.local/lib/python3.12/site-packages/airflow/example_dags/example_task_group_decorator.py
[2025-12-08T07:37:24.737+0000] {processor.py:925} INFO - DAG(s) 'example_task_group_decorator' retrieved from /home/airflow/.local/lib/python3.12/site-packages/airflow/example_dags/example_task_group_decorator.py
[2025-12-08T07:37:24.789+0000] {logging_mixin.py:190} INFO - [2025-12-08T07:37:24.788+0000] {dag.py:3211} INFO - Sync 1 DAGs
[2025-12-08T07:37:24.831+0000] {logging_mixin.py:190} INFO - [2025-12-08T07:37:24.831+0000] {dag.py:4138} INFO - Setting next_dagrun for example_task_group_decorator to 2025-12-07 00:00:00+00:00, run_after=2025-12-08 00:00:00+00:00
[2025-12-08T07:37:24.869+0000] {processor.py:208} INFO - Processing /home/airflow/.local/lib/python3.12/site-packages/airflow/example_dags/example_task_group_decorator.py took 0.184 seconds
[2025-12-08T07:37:55.697+0000] {processor.py:186} INFO - Started process (PID=1500) to work on /home/airflow/.local/lib/python3.12/site-packages/airflow/example_dags/example_task_group_decorator.py
[2025-12-08T07:37:55.700+0000] {processor.py:914} INFO - Processing file /home/airflow/.local/lib/python3.12/site-packages/airflow/example_dags/example_task_group_decorator.py for tasks to queue
[2025-12-08T07:37:55.708+0000] {logging_mixin.py:190} INFO - [2025-12-08T07:37:55.707+0000] {dagbag.py:587} INFO - Filling up the DagBag from /home/airflow/.local/lib/python3.12/site-packages/airflow/example_dags/example_task_group_decorator.py
[2025-12-08T07:37:55.745+0000] {processor.py:925} INFO - DAG(s) 'example_task_group_decorator' retrieved from /home/airflow/.local/lib/python3.12/site-packages/airflow/example_dags/example_task_group_decorator.py
[2025-12-08T07:37:55.800+0000] {logging_mixin.py:190} INFO - [2025-12-08T07:37:55.799+0000] {dag.py:3211} INFO - Sync 1 DAGs
[2025-12-08T07:37:55.852+0000] {logging_mixin.py:190} INFO - [2025-12-08T07:37:55.851+0000] {dag.py:4138} INFO - Setting next_dagrun for example_task_group_decorator to 2025-12-07 00:00:00+00:00, run_after=2025-12-08 00:00:00+00:00
[2025-12-08T07:37:55.893+0000] {processor.py:208} INFO - Processing /home/airflow/.local/lib/python3.12/site-packages/airflow/example_dags/example_task_group_decorator.py took 0.208 seconds
[2025-12-08T07:38:26.611+0000] {processor.py:186} INFO - Started process (PID=1563) to work on /home/airflow/.local/lib/python3.12/site-packages/airflow/example_dags/example_task_group_decorator.py
[2025-12-08T07:38:26.615+0000] {processor.py:914} INFO - Processing file /home/airflow/.local/lib/python3.12/site-packages/airflow/example_dags/example_task_group_decorator.py for tasks to queue
[2025-12-08T07:38:26.622+0000] {logging_mixin.py:190} INFO - [2025-12-08T07:38:26.621+0000] {dagbag.py:587} INFO - Filling up the DagBag from /home/airflow/.local/lib/python3.12/site-packages/airflow/example_dags/example_task_group_decorator.py
[2025-12-08T07:38:26.678+0000] {processor.py:925} INFO - DAG(s) 'example_task_group_decorator' retrieved from /home/airflow/.local/lib/python3.12/site-packages/airflow/example_dags/example_task_group_decorator.py
[2025-12-08T07:38:26.729+0000] {logging_mixin.py:190} INFO - [2025-12-08T07:38:26.728+0000] {dag.py:3211} INFO - Sync 1 DAGs
[2025-12-08T07:38:26.779+0000] {logging_mixin.py:190} INFO - [2025-12-08T07:38:26.779+0000] {dag.py:4138} INFO - Setting next_dagrun for example_task_group_decorator to 2025-12-07 00:00:00+00:00, run_after=2025-12-08 00:00:00+00:00
[2025-12-08T07:38:26.817+0000] {processor.py:208} INFO - Processing /home/airflow/.local/lib/python3.12/site-packages/airflow/example_dags/example_task_group_decorator.py took 0.222 seconds
[2025-12-08T07:38:57.453+0000] {processor.py:186} INFO - Started process (PID=1627) to work on /home/airflow/.local/lib/python3.12/site-packages/airflow/example_dags/example_task_group_decorator.py
[2025-12-08T07:38:57.456+0000] {processor.py:914} INFO - Processing file /home/airflow/.local/lib/python3.12/site-packages/airflow/example_dags/example_task_group_decorator.py for tasks to queue
[2025-12-08T07:38:57.461+0000] {logging_mixin.py:190} INFO - [2025-12-08T07:38:57.461+0000] {dagbag.py:587} INFO - Filling up the DagBag from /home/airflow/.local/lib/python3.12/site-packages/airflow/example_dags/example_task_group_decorator.py
[2025-12-08T07:38:57.499+0000] {processor.py:925} INFO - DAG(s) 'example_task_group_decorator' retrieved from /home/airflow/.local/lib/python3.12/site-packages/airflow/example_dags/example_task_group_decorator.py
[2025-12-08T07:38:57.551+0000] {logging_mixin.py:190} INFO - [2025-12-08T07:38:57.550+0000] {dag.py:3211} INFO - Sync 1 DAGs
[2025-12-08T07:38:57.596+0000] {logging_mixin.py:190} INFO - [2025-12-08T07:38:57.596+0000] {dag.py:4138} INFO - Setting next_dagrun for example_task_group_decorator to 2025-12-07 00:00:00+00:00, run_after=2025-12-08 00:00:00+00:00
[2025-12-08T07:38:57.632+0000] {processor.py:208} INFO - Processing /home/airflow/.local/lib/python3.12/site-packages/airflow/example_dags/example_task_group_decorator.py took 0.192 seconds
[2025-12-08T07:39:28.330+0000] {processor.py:186} INFO - Started process (PID=1690) to work on /home/airflow/.local/lib/python3.12/site-packages/airflow/example_dags/example_task_group_decorator.py
[2025-12-08T07:39:28.332+0000] {processor.py:914} INFO - Processing file /home/airflow/.local/lib/python3.12/site-packages/airflow/example_dags/example_task_group_decorator.py for tasks to queue
[2025-12-08T07:39:28.338+0000] {logging_mixin.py:190} INFO - [2025-12-08T07:39:28.337+0000] {dagbag.py:587} INFO - Filling up the DagBag from /home/airflow/.local/lib/python3.12/site-packages/airflow/example_dags/example_task_group_decorator.py
[2025-12-08T07:39:28.373+0000] {processor.py:925} INFO - DAG(s) 'example_task_group_decorator' retrieved from /home/airflow/.local/lib/python3.12/site-packages/airflow/example_dags/example_task_group_decorator.py
[2025-12-08T07:39:28.422+0000] {logging_mixin.py:190} INFO - [2025-12-08T07:39:28.421+0000] {dag.py:3211} INFO - Sync 1 DAGs
[2025-12-08T07:39:28.463+0000] {logging_mixin.py:190} INFO - [2025-12-08T07:39:28.462+0000] {dag.py:4138} INFO - Setting next_dagrun for example_task_group_decorator to 2025-12-07 00:00:00+00:00, run_after=2025-12-08 00:00:00+00:00
[2025-12-08T07:39:28.509+0000] {processor.py:208} INFO - Processing /home/airflow/.local/lib/python3.12/site-packages/airflow/example_dags/example_task_group_decorator.py took 0.189 seconds
[2025-12-08T07:40:00.256+0000] {processor.py:186} INFO - Started process (PID=1753) to work on /home/airflow/.local/lib/python3.12/site-packages/airflow/example_dags/example_task_group_decorator.py
[2025-12-08T07:40:00.258+0000] {processor.py:914} INFO - Processing file /home/airflow/.local/lib/python3.12/site-packages/airflow/example_dags/example_task_group_decorator.py for tasks to queue
[2025-12-08T07:40:00.263+0000] {logging_mixin.py:190} INFO - [2025-12-08T07:40:00.263+0000] {dagbag.py:587} INFO - Filling up the DagBag from /home/airflow/.local/lib/python3.12/site-packages/airflow/example_dags/example_task_group_decorator.py
[2025-12-08T07:40:00.294+0000] {processor.py:925} INFO - DAG(s) 'example_task_group_decorator' retrieved from /home/airflow/.local/lib/python3.12/site-packages/airflow/example_dags/example_task_group_decorator.py
[2025-12-08T07:40:00.340+0000] {logging_mixin.py:190} INFO - [2025-12-08T07:40:00.340+0000] {dag.py:3211} INFO - Sync 1 DAGs
[2025-12-08T07:40:00.380+0000] {logging_mixin.py:190} INFO - [2025-12-08T07:40:00.380+0000] {dag.py:4138} INFO - Setting next_dagrun for example_task_group_decorator to 2025-12-07 00:00:00+00:00, run_after=2025-12-08 00:00:00+00:00
[2025-12-08T07:40:00.427+0000] {processor.py:208} INFO - Processing /home/airflow/.local/lib/python3.12/site-packages/airflow/example_dags/example_task_group_decorator.py took 0.181 seconds
[2025-12-08T07:40:31.497+0000] {processor.py:186} INFO - Started process (PID=1816) to work on /home/airflow/.local/lib/python3.12/site-packages/airflow/example_dags/example_task_group_decorator.py
[2025-12-08T07:40:31.501+0000] {processor.py:914} INFO - Processing file /home/airflow/.local/lib/python3.12/site-packages/airflow/example_dags/example_task_group_decorator.py for tasks to queue
[2025-12-08T07:40:31.507+0000] {logging_mixin.py:190} INFO - [2025-12-08T07:40:31.506+0000] {dagbag.py:587} INFO - Filling up the DagBag from /home/airflow/.local/lib/python3.12/site-packages/airflow/example_dags/example_task_group_decorator.py
[2025-12-08T07:40:31.536+0000] {processor.py:925} INFO - DAG(s) 'example_task_group_decorator' retrieved from /home/airflow/.local/lib/python3.12/site-packages/airflow/example_dags/example_task_group_decorator.py
[2025-12-08T07:40:31.585+0000] {logging_mixin.py:190} INFO - [2025-12-08T07:40:31.585+0000] {dag.py:3211} INFO - Sync 1 DAGs
[2025-12-08T07:40:31.632+0000] {logging_mixin.py:190} INFO - [2025-12-08T07:40:31.631+0000] {dag.py:4138} INFO - Setting next_dagrun for example_task_group_decorator to 2025-12-07 00:00:00+00:00, run_after=2025-12-08 00:00:00+00:00
[2025-12-08T07:40:31.697+0000] {processor.py:208} INFO - Processing /home/airflow/.local/lib/python3.12/site-packages/airflow/example_dags/example_task_group_decorator.py took 0.210 seconds
[2025-12-08T07:41:02.619+0000] {processor.py:186} INFO - Started process (PID=1879) to work on /home/airflow/.local/lib/python3.12/site-packages/airflow/example_dags/example_task_group_decorator.py
[2025-12-08T07:41:02.622+0000] {processor.py:914} INFO - Processing file /home/airflow/.local/lib/python3.12/site-packages/airflow/example_dags/example_task_group_decorator.py for tasks to queue
[2025-12-08T07:41:02.628+0000] {logging_mixin.py:190} INFO - [2025-12-08T07:41:02.627+0000] {dagbag.py:587} INFO - Filling up the DagBag from /home/airflow/.local/lib/python3.12/site-packages/airflow/example_dags/example_task_group_decorator.py
[2025-12-08T07:41:02.668+0000] {processor.py:925} INFO - DAG(s) 'example_task_group_decorator' retrieved from /home/airflow/.local/lib/python3.12/site-packages/airflow/example_dags/example_task_group_decorator.py
[2025-12-08T07:41:02.719+0000] {logging_mixin.py:190} INFO - [2025-12-08T07:41:02.719+0000] {dag.py:3211} INFO - Sync 1 DAGs
[2025-12-08T07:41:02.763+0000] {logging_mixin.py:190} INFO - [2025-12-08T07:41:02.763+0000] {dag.py:4138} INFO - Setting next_dagrun for example_task_group_decorator to 2025-12-07 00:00:00+00:00, run_after=2025-12-08 00:00:00+00:00
[2025-12-08T07:41:02.806+0000] {processor.py:208} INFO - Processing /home/airflow/.local/lib/python3.12/site-packages/airflow/example_dags/example_task_group_decorator.py took 0.203 seconds
[2025-12-08T07:41:32.990+0000] {processor.py:186} INFO - Started process (PID=1942) to work on /home/airflow/.local/lib/python3.12/site-packages/airflow/example_dags/example_task_group_decorator.py
[2025-12-08T07:41:32.993+0000] {processor.py:914} INFO - Processing file /home/airflow/.local/lib/python3.12/site-packages/airflow/example_dags/example_task_group_decorator.py for tasks to queue
[2025-12-08T07:41:32.999+0000] {logging_mixin.py:190} INFO - [2025-12-08T07:41:32.998+0000] {dagbag.py:587} INFO - Filling up the DagBag from /home/airflow/.local/lib/python3.12/site-packages/airflow/example_dags/example_task_group_decorator.py
[2025-12-08T07:41:33.035+0000] {processor.py:925} INFO - DAG(s) 'example_task_group_decorator' retrieved from /home/airflow/.local/lib/python3.12/site-packages/airflow/example_dags/example_task_group_decorator.py
[2025-12-08T07:41:33.089+0000] {logging_mixin.py:190} INFO - [2025-12-08T07:41:33.088+0000] {dag.py:3211} INFO - Sync 1 DAGs
[2025-12-08T07:41:33.136+0000] {logging_mixin.py:190} INFO - [2025-12-08T07:41:33.136+0000] {dag.py:4138} INFO - Setting next_dagrun for example_task_group_decorator to 2025-12-07 00:00:00+00:00, run_after=2025-12-08 00:00:00+00:00
[2025-12-08T07:41:33.183+0000] {processor.py:208} INFO - Processing /home/airflow/.local/lib/python3.12/site-packages/airflow/example_dags/example_task_group_decorator.py took 0.204 seconds
[2025-12-08T07:42:04.218+0000] {processor.py:186} INFO - Started process (PID=2005) to work on /home/airflow/.local/lib/python3.12/site-packages/airflow/example_dags/example_task_group_decorator.py
[2025-12-08T07:42:04.221+0000] {processor.py:914} INFO - Processing file /home/airflow/.local/lib/python3.12/site-packages/airflow/example_dags/example_task_group_decorator.py for tasks to queue
[2025-12-08T07:42:04.228+0000] {logging_mixin.py:190} INFO - [2025-12-08T07:42:04.227+0000] {dagbag.py:587} INFO - Filling up the DagBag from /home/airflow/.local/lib/python3.12/site-packages/airflow/example_dags/example_task_group_decorator.py
[2025-12-08T07:42:04.271+0000] {processor.py:925} INFO - DAG(s) 'example_task_group_decorator' retrieved from /home/airflow/.local/lib/python3.12/site-packages/airflow/example_dags/example_task_group_decorator.py
[2025-12-08T07:42:04.343+0000] {logging_mixin.py:190} INFO - [2025-12-08T07:42:04.343+0000] {dag.py:3211} INFO - Sync 1 DAGs
[2025-12-08T07:42:04.418+0000] {logging_mixin.py:190} INFO - [2025-12-08T07:42:04.418+0000] {dag.py:4138} INFO - Setting next_dagrun for example_task_group_decorator to 2025-12-07 00:00:00+00:00, run_after=2025-12-08 00:00:00+00:00
[2025-12-08T07:42:04.487+0000] {processor.py:208} INFO - Processing /home/airflow/.local/lib/python3.12/site-packages/airflow/example_dags/example_task_group_decorator.py took 0.283 seconds
[2025-12-08T07:42:34.681+0000] {processor.py:186} INFO - Started process (PID=2068) to work on /home/airflow/.local/lib/python3.12/site-packages/airflow/example_dags/example_task_group_decorator.py
[2025-12-08T07:42:34.684+0000] {processor.py:914} INFO - Processing file /home/airflow/.local/lib/python3.12/site-packages/airflow/example_dags/example_task_group_decorator.py for tasks to queue
[2025-12-08T07:42:34.695+0000] {logging_mixin.py:190} INFO - [2025-12-08T07:42:34.693+0000] {dagbag.py:587} INFO - Filling up the DagBag from /home/airflow/.local/lib/python3.12/site-packages/airflow/example_dags/example_task_group_decorator.py
[2025-12-08T07:42:34.768+0000] {processor.py:925} INFO - DAG(s) 'example_task_group_decorator' retrieved from /home/airflow/.local/lib/python3.12/site-packages/airflow/example_dags/example_task_group_decorator.py
[2025-12-08T07:42:34.844+0000] {logging_mixin.py:190} INFO - [2025-12-08T07:42:34.843+0000] {dag.py:3211} INFO - Sync 1 DAGs
[2025-12-08T07:42:34.911+0000] {logging_mixin.py:190} INFO - [2025-12-08T07:42:34.910+0000] {dag.py:4138} INFO - Setting next_dagrun for example_task_group_decorator to 2025-12-07 00:00:00+00:00, run_after=2025-12-08 00:00:00+00:00
[2025-12-08T07:42:34.967+0000] {processor.py:208} INFO - Processing /home/airflow/.local/lib/python3.12/site-packages/airflow/example_dags/example_task_group_decorator.py took 0.314 seconds
[2025-12-08T07:43:05.440+0000] {processor.py:186} INFO - Started process (PID=2130) to work on /home/airflow/.local/lib/python3.12/site-packages/airflow/example_dags/example_task_group_decorator.py
[2025-12-08T07:43:05.442+0000] {processor.py:914} INFO - Processing file /home/airflow/.local/lib/python3.12/site-packages/airflow/example_dags/example_task_group_decorator.py for tasks to queue
[2025-12-08T07:43:05.449+0000] {logging_mixin.py:190} INFO - [2025-12-08T07:43:05.448+0000] {dagbag.py:587} INFO - Filling up the DagBag from /home/airflow/.local/lib/python3.12/site-packages/airflow/example_dags/example_task_group_decorator.py
[2025-12-08T07:43:05.488+0000] {processor.py:925} INFO - DAG(s) 'example_task_group_decorator' retrieved from /home/airflow/.local/lib/python3.12/site-packages/airflow/example_dags/example_task_group_decorator.py
[2025-12-08T07:43:05.544+0000] {logging_mixin.py:190} INFO - [2025-12-08T07:43:05.543+0000] {dag.py:3211} INFO - Sync 1 DAGs
[2025-12-08T07:43:05.599+0000] {logging_mixin.py:190} INFO - [2025-12-08T07:43:05.598+0000] {dag.py:4138} INFO - Setting next_dagrun for example_task_group_decorator to 2025-12-07 00:00:00+00:00, run_after=2025-12-08 00:00:00+00:00
[2025-12-08T07:43:05.642+0000] {processor.py:208} INFO - Processing /home/airflow/.local/lib/python3.12/site-packages/airflow/example_dags/example_task_group_decorator.py took 0.216 seconds
[2025-12-08T07:43:36.548+0000] {processor.py:186} INFO - Started process (PID=2193) to work on /home/airflow/.local/lib/python3.12/site-packages/airflow/example_dags/example_task_group_decorator.py
[2025-12-08T07:43:36.551+0000] {processor.py:914} INFO - Processing file /home/airflow/.local/lib/python3.12/site-packages/airflow/example_dags/example_task_group_decorator.py for tasks to queue
[2025-12-08T07:43:36.558+0000] {logging_mixin.py:190} INFO - [2025-12-08T07:43:36.557+0000] {dagbag.py:587} INFO - Filling up the DagBag from /home/airflow/.local/lib/python3.12/site-packages/airflow/example_dags/example_task_group_decorator.py
[2025-12-08T07:43:36.597+0000] {processor.py:925} INFO - DAG(s) 'example_task_group_decorator' retrieved from /home/airflow/.local/lib/python3.12/site-packages/airflow/example_dags/example_task_group_decorator.py
[2025-12-08T07:43:36.660+0000] {logging_mixin.py:190} INFO - [2025-12-08T07:43:36.659+0000] {dag.py:3211} INFO - Sync 1 DAGs
[2025-12-08T07:43:36.718+0000] {logging_mixin.py:190} INFO - [2025-12-08T07:43:36.718+0000] {dag.py:4138} INFO - Setting next_dagrun for example_task_group_decorator to 2025-12-07 00:00:00+00:00, run_after=2025-12-08 00:00:00+00:00
[2025-12-08T07:43:36.782+0000] {processor.py:208} INFO - Processing /home/airflow/.local/lib/python3.12/site-packages/airflow/example_dags/example_task_group_decorator.py took 0.254 seconds
[2025-12-08T07:44:07.180+0000] {processor.py:186} INFO - Started process (PID=2256) to work on /home/airflow/.local/lib/python3.12/site-packages/airflow/example_dags/example_task_group_decorator.py
[2025-12-08T07:44:07.183+0000] {processor.py:914} INFO - Processing file /home/airflow/.local/lib/python3.12/site-packages/airflow/example_dags/example_task_group_decorator.py for tasks to queue
[2025-12-08T07:44:07.189+0000] {logging_mixin.py:190} INFO - [2025-12-08T07:44:07.188+0000] {dagbag.py:587} INFO - Filling up the DagBag from /home/airflow/.local/lib/python3.12/site-packages/airflow/example_dags/example_task_group_decorator.py
[2025-12-08T07:44:07.219+0000] {processor.py:925} INFO - DAG(s) 'example_task_group_decorator' retrieved from /home/airflow/.local/lib/python3.12/site-packages/airflow/example_dags/example_task_group_decorator.py
[2025-12-08T07:44:07.273+0000] {logging_mixin.py:190} INFO - [2025-12-08T07:44:07.273+0000] {dag.py:3211} INFO - Sync 1 DAGs
[2025-12-08T07:44:07.316+0000] {logging_mixin.py:190} INFO - [2025-12-08T07:44:07.315+0000] {dag.py:4138} INFO - Setting next_dagrun for example_task_group_decorator to 2025-12-07 00:00:00+00:00, run_after=2025-12-08 00:00:00+00:00
[2025-12-08T07:44:07.370+0000] {processor.py:208} INFO - Processing /home/airflow/.local/lib/python3.12/site-packages/airflow/example_dags/example_task_group_decorator.py took 0.202 seconds
[2025-12-08T07:44:37.780+0000] {processor.py:186} INFO - Started process (PID=2319) to work on /home/airflow/.local/lib/python3.12/site-packages/airflow/example_dags/example_task_group_decorator.py
[2025-12-08T07:44:37.782+0000] {processor.py:914} INFO - Processing file /home/airflow/.local/lib/python3.12/site-packages/airflow/example_dags/example_task_group_decorator.py for tasks to queue
[2025-12-08T07:44:37.789+0000] {logging_mixin.py:190} INFO - [2025-12-08T07:44:37.788+0000] {dagbag.py:587} INFO - Filling up the DagBag from /home/airflow/.local/lib/python3.12/site-packages/airflow/example_dags/example_task_group_decorator.py
[2025-12-08T07:44:37.815+0000] {processor.py:925} INFO - DAG(s) 'example_task_group_decorator' retrieved from /home/airflow/.local/lib/python3.12/site-packages/airflow/example_dags/example_task_group_decorator.py
[2025-12-08T07:44:37.868+0000] {logging_mixin.py:190} INFO - [2025-12-08T07:44:37.868+0000] {dag.py:3211} INFO - Sync 1 DAGs
[2025-12-08T07:44:37.919+0000] {logging_mixin.py:190} INFO - [2025-12-08T07:44:37.918+0000] {dag.py:4138} INFO - Setting next_dagrun for example_task_group_decorator to 2025-12-07 00:00:00+00:00, run_after=2025-12-08 00:00:00+00:00
[2025-12-08T07:44:37.966+0000] {processor.py:208} INFO - Processing /home/airflow/.local/lib/python3.12/site-packages/airflow/example_dags/example_task_group_decorator.py took 0.203 seconds
[2025-12-08T07:45:08.220+0000] {processor.py:186} INFO - Started process (PID=2381) to work on /home/airflow/.local/lib/python3.12/site-packages/airflow/example_dags/example_task_group_decorator.py
[2025-12-08T07:45:08.223+0000] {processor.py:914} INFO - Processing file /home/airflow/.local/lib/python3.12/site-packages/airflow/example_dags/example_task_group_decorator.py for tasks to queue
[2025-12-08T07:45:08.230+0000] {logging_mixin.py:190} INFO - [2025-12-08T07:45:08.229+0000] {dagbag.py:587} INFO - Filling up the DagBag from /home/airflow/.local/lib/python3.12/site-packages/airflow/example_dags/example_task_group_decorator.py
[2025-12-08T07:45:08.271+0000] {processor.py:925} INFO - DAG(s) 'example_task_group_decorator' retrieved from /home/airflow/.local/lib/python3.12/site-packages/airflow/example_dags/example_task_group_decorator.py
[2025-12-08T07:45:08.323+0000] {logging_mixin.py:190} INFO - [2025-12-08T07:45:08.323+0000] {dag.py:3211} INFO - Sync 1 DAGs
[2025-12-08T07:45:08.373+0000] {logging_mixin.py:190} INFO - [2025-12-08T07:45:08.373+0000] {dag.py:4138} INFO - Setting next_dagrun for example_task_group_decorator to 2025-12-07 00:00:00+00:00, run_after=2025-12-08 00:00:00+00:00
[2025-12-08T07:45:08.424+0000] {processor.py:208} INFO - Processing /home/airflow/.local/lib/python3.12/site-packages/airflow/example_dags/example_task_group_decorator.py took 0.213 seconds
[2025-12-08T07:45:38.604+0000] {processor.py:186} INFO - Started process (PID=2450) to work on /home/airflow/.local/lib/python3.12/site-packages/airflow/example_dags/example_task_group_decorator.py
[2025-12-08T07:45:38.607+0000] {processor.py:914} INFO - Processing file /home/airflow/.local/lib/python3.12/site-packages/airflow/example_dags/example_task_group_decorator.py for tasks to queue
[2025-12-08T07:45:38.613+0000] {logging_mixin.py:190} INFO - [2025-12-08T07:45:38.611+0000] {dagbag.py:587} INFO - Filling up the DagBag from /home/airflow/.local/lib/python3.12/site-packages/airflow/example_dags/example_task_group_decorator.py
[2025-12-08T07:45:38.648+0000] {processor.py:925} INFO - DAG(s) 'example_task_group_decorator' retrieved from /home/airflow/.local/lib/python3.12/site-packages/airflow/example_dags/example_task_group_decorator.py
[2025-12-08T07:45:38.703+0000] {logging_mixin.py:190} INFO - [2025-12-08T07:45:38.702+0000] {dag.py:3211} INFO - Sync 1 DAGs
[2025-12-08T07:45:38.755+0000] {logging_mixin.py:190} INFO - [2025-12-08T07:45:38.754+0000] {dag.py:4138} INFO - Setting next_dagrun for example_task_group_decorator to 2025-12-07 00:00:00+00:00, run_after=2025-12-08 00:00:00+00:00
[2025-12-08T07:45:38.804+0000] {processor.py:208} INFO - Processing /home/airflow/.local/lib/python3.12/site-packages/airflow/example_dags/example_task_group_decorator.py took 0.213 seconds
[2025-12-08T07:46:09.421+0000] {processor.py:186} INFO - Started process (PID=2513) to work on /home/airflow/.local/lib/python3.12/site-packages/airflow/example_dags/example_task_group_decorator.py
[2025-12-08T07:46:09.424+0000] {processor.py:914} INFO - Processing file /home/airflow/.local/lib/python3.12/site-packages/airflow/example_dags/example_task_group_decorator.py for tasks to queue
[2025-12-08T07:46:09.430+0000] {logging_mixin.py:190} INFO - [2025-12-08T07:46:09.430+0000] {dagbag.py:587} INFO - Filling up the DagBag from /home/airflow/.local/lib/python3.12/site-packages/airflow/example_dags/example_task_group_decorator.py
[2025-12-08T07:46:09.467+0000] {processor.py:925} INFO - DAG(s) 'example_task_group_decorator' retrieved from /home/airflow/.local/lib/python3.12/site-packages/airflow/example_dags/example_task_group_decorator.py
[2025-12-08T07:46:09.519+0000] {logging_mixin.py:190} INFO - [2025-12-08T07:46:09.519+0000] {dag.py:3211} INFO - Sync 1 DAGs
[2025-12-08T07:46:09.574+0000] {logging_mixin.py:190} INFO - [2025-12-08T07:46:09.573+0000] {dag.py:4138} INFO - Setting next_dagrun for example_task_group_decorator to 2025-12-07 00:00:00+00:00, run_after=2025-12-08 00:00:00+00:00
[2025-12-08T07:46:09.617+0000] {processor.py:208} INFO - Processing /home/airflow/.local/lib/python3.12/site-packages/airflow/example_dags/example_task_group_decorator.py took 0.208 seconds
[2025-12-08T07:46:40.026+0000] {processor.py:186} INFO - Started process (PID=2576) to work on /home/airflow/.local/lib/python3.12/site-packages/airflow/example_dags/example_task_group_decorator.py
[2025-12-08T07:46:40.030+0000] {processor.py:914} INFO - Processing file /home/airflow/.local/lib/python3.12/site-packages/airflow/example_dags/example_task_group_decorator.py for tasks to queue
[2025-12-08T07:46:40.036+0000] {logging_mixin.py:190} INFO - [2025-12-08T07:46:40.035+0000] {dagbag.py:587} INFO - Filling up the DagBag from /home/airflow/.local/lib/python3.12/site-packages/airflow/example_dags/example_task_group_decorator.py
[2025-12-08T07:46:40.077+0000] {processor.py:925} INFO - DAG(s) 'example_task_group_decorator' retrieved from /home/airflow/.local/lib/python3.12/site-packages/airflow/example_dags/example_task_group_decorator.py
[2025-12-08T07:46:40.134+0000] {logging_mixin.py:190} INFO - [2025-12-08T07:46:40.134+0000] {dag.py:3211} INFO - Sync 1 DAGs
[2025-12-08T07:46:40.180+0000] {logging_mixin.py:190} INFO - [2025-12-08T07:46:40.179+0000] {dag.py:4138} INFO - Setting next_dagrun for example_task_group_decorator to 2025-12-07 00:00:00+00:00, run_after=2025-12-08 00:00:00+00:00
[2025-12-08T07:46:40.215+0000] {processor.py:208} INFO - Processing /home/airflow/.local/lib/python3.12/site-packages/airflow/example_dags/example_task_group_decorator.py took 0.204 seconds
[2025-12-08T07:47:10.847+0000] {processor.py:186} INFO - Started process (PID=2639) to work on /home/airflow/.local/lib/python3.12/site-packages/airflow/example_dags/example_task_group_decorator.py
[2025-12-08T07:47:10.850+0000] {processor.py:914} INFO - Processing file /home/airflow/.local/lib/python3.12/site-packages/airflow/example_dags/example_task_group_decorator.py for tasks to queue
[2025-12-08T07:47:10.857+0000] {logging_mixin.py:190} INFO - [2025-12-08T07:47:10.856+0000] {dagbag.py:587} INFO - Filling up the DagBag from /home/airflow/.local/lib/python3.12/site-packages/airflow/example_dags/example_task_group_decorator.py
[2025-12-08T07:47:10.890+0000] {processor.py:925} INFO - DAG(s) 'example_task_group_decorator' retrieved from /home/airflow/.local/lib/python3.12/site-packages/airflow/example_dags/example_task_group_decorator.py
[2025-12-08T07:47:10.937+0000] {logging_mixin.py:190} INFO - [2025-12-08T07:47:10.937+0000] {dag.py:3211} INFO - Sync 1 DAGs
[2025-12-08T07:47:10.992+0000] {logging_mixin.py:190} INFO - [2025-12-08T07:47:10.992+0000] {dag.py:4138} INFO - Setting next_dagrun for example_task_group_decorator to 2025-12-07 00:00:00+00:00, run_after=2025-12-08 00:00:00+00:00
[2025-12-08T07:47:11.031+0000] {processor.py:208} INFO - Processing /home/airflow/.local/lib/python3.12/site-packages/airflow/example_dags/example_task_group_decorator.py took 0.194 seconds
[2025-12-08T07:47:41.404+0000] {processor.py:186} INFO - Started process (PID=2702) to work on /home/airflow/.local/lib/python3.12/site-packages/airflow/example_dags/example_task_group_decorator.py
[2025-12-08T07:47:41.407+0000] {processor.py:914} INFO - Processing file /home/airflow/.local/lib/python3.12/site-packages/airflow/example_dags/example_task_group_decorator.py for tasks to queue
[2025-12-08T07:47:41.412+0000] {logging_mixin.py:190} INFO - [2025-12-08T07:47:41.412+0000] {dagbag.py:587} INFO - Filling up the DagBag from /home/airflow/.local/lib/python3.12/site-packages/airflow/example_dags/example_task_group_decorator.py
[2025-12-08T07:47:41.453+0000] {processor.py:925} INFO - DAG(s) 'example_task_group_decorator' retrieved from /home/airflow/.local/lib/python3.12/site-packages/airflow/example_dags/example_task_group_decorator.py
[2025-12-08T07:47:41.519+0000] {logging_mixin.py:190} INFO - [2025-12-08T07:47:41.518+0000] {dag.py:3211} INFO - Sync 1 DAGs
[2025-12-08T07:47:41.582+0000] {logging_mixin.py:190} INFO - [2025-12-08T07:47:41.579+0000] {dag.py:4138} INFO - Setting next_dagrun for example_task_group_decorator to 2025-12-07 00:00:00+00:00, run_after=2025-12-08 00:00:00+00:00
[2025-12-08T07:47:41.631+0000] {processor.py:208} INFO - Processing /home/airflow/.local/lib/python3.12/site-packages/airflow/example_dags/example_task_group_decorator.py took 0.239 seconds
[2025-12-08T07:48:11.963+0000] {processor.py:186} INFO - Started process (PID=2765) to work on /home/airflow/.local/lib/python3.12/site-packages/airflow/example_dags/example_task_group_decorator.py
[2025-12-08T07:48:11.967+0000] {processor.py:914} INFO - Processing file /home/airflow/.local/lib/python3.12/site-packages/airflow/example_dags/example_task_group_decorator.py for tasks to queue
[2025-12-08T07:48:11.977+0000] {logging_mixin.py:190} INFO - [2025-12-08T07:48:11.976+0000] {dagbag.py:587} INFO - Filling up the DagBag from /home/airflow/.local/lib/python3.12/site-packages/airflow/example_dags/example_task_group_decorator.py
[2025-12-08T07:48:12.018+0000] {processor.py:925} INFO - DAG(s) 'example_task_group_decorator' retrieved from /home/airflow/.local/lib/python3.12/site-packages/airflow/example_dags/example_task_group_decorator.py
[2025-12-08T07:48:12.068+0000] {logging_mixin.py:190} INFO - [2025-12-08T07:48:12.068+0000] {dag.py:3211} INFO - Sync 1 DAGs
[2025-12-08T07:48:12.117+0000] {logging_mixin.py:190} INFO - [2025-12-08T07:48:12.117+0000] {dag.py:4138} INFO - Setting next_dagrun for example_task_group_decorator to 2025-12-07 00:00:00+00:00, run_after=2025-12-08 00:00:00+00:00
[2025-12-08T07:48:12.159+0000] {processor.py:208} INFO - Processing /home/airflow/.local/lib/python3.12/site-packages/airflow/example_dags/example_task_group_decorator.py took 0.208 seconds
[2025-12-08T07:48:42.365+0000] {processor.py:186} INFO - Started process (PID=2828) to work on /home/airflow/.local/lib/python3.12/site-packages/airflow/example_dags/example_task_group_decorator.py
[2025-12-08T07:48:42.367+0000] {processor.py:914} INFO - Processing file /home/airflow/.local/lib/python3.12/site-packages/airflow/example_dags/example_task_group_decorator.py for tasks to queue
[2025-12-08T07:48:42.370+0000] {logging_mixin.py:190} INFO - [2025-12-08T07:48:42.370+0000] {dagbag.py:587} INFO - Filling up the DagBag from /home/airflow/.local/lib/python3.12/site-packages/airflow/example_dags/example_task_group_decorator.py
[2025-12-08T07:48:42.385+0000] {processor.py:925} INFO - DAG(s) 'example_task_group_decorator' retrieved from /home/airflow/.local/lib/python3.12/site-packages/airflow/example_dags/example_task_group_decorator.py
[2025-12-08T07:48:42.414+0000] {logging_mixin.py:190} INFO - [2025-12-08T07:48:42.414+0000] {dag.py:3211} INFO - Sync 1 DAGs
[2025-12-08T07:48:42.441+0000] {logging_mixin.py:190} INFO - [2025-12-08T07:48:42.440+0000] {dag.py:4138} INFO - Setting next_dagrun for example_task_group_decorator to 2025-12-07 00:00:00+00:00, run_after=2025-12-08 00:00:00+00:00
[2025-12-08T07:48:42.468+0000] {processor.py:208} INFO - Processing /home/airflow/.local/lib/python3.12/site-packages/airflow/example_dags/example_task_group_decorator.py took 0.113 seconds
[2025-12-08T07:49:13.123+0000] {processor.py:186} INFO - Started process (PID=2891) to work on /home/airflow/.local/lib/python3.12/site-packages/airflow/example_dags/example_task_group_decorator.py
[2025-12-08T07:49:13.126+0000] {processor.py:914} INFO - Processing file /home/airflow/.local/lib/python3.12/site-packages/airflow/example_dags/example_task_group_decorator.py for tasks to queue
[2025-12-08T07:49:13.132+0000] {logging_mixin.py:190} INFO - [2025-12-08T07:49:13.131+0000] {dagbag.py:587} INFO - Filling up the DagBag from /home/airflow/.local/lib/python3.12/site-packages/airflow/example_dags/example_task_group_decorator.py
[2025-12-08T07:49:13.169+0000] {processor.py:925} INFO - DAG(s) 'example_task_group_decorator' retrieved from /home/airflow/.local/lib/python3.12/site-packages/airflow/example_dags/example_task_group_decorator.py
[2025-12-08T07:49:13.221+0000] {logging_mixin.py:190} INFO - [2025-12-08T07:49:13.220+0000] {dag.py:3211} INFO - Sync 1 DAGs
[2025-12-08T07:49:13.749+0000] {logging_mixin.py:190} INFO - [2025-12-08T07:49:13.749+0000] {dag.py:4138} INFO - Setting next_dagrun for example_task_group_decorator to 2025-12-07 00:00:00+00:00, run_after=2025-12-08 00:00:00+00:00
[2025-12-08T07:49:13.791+0000] {processor.py:208} INFO - Processing /home/airflow/.local/lib/python3.12/site-packages/airflow/example_dags/example_task_group_decorator.py took 0.682 seconds
[2025-12-08T07:49:44.228+0000] {processor.py:186} INFO - Started process (PID=2954) to work on /home/airflow/.local/lib/python3.12/site-packages/airflow/example_dags/example_task_group_decorator.py
[2025-12-08T07:49:44.230+0000] {processor.py:914} INFO - Processing file /home/airflow/.local/lib/python3.12/site-packages/airflow/example_dags/example_task_group_decorator.py for tasks to queue
[2025-12-08T07:49:44.235+0000] {logging_mixin.py:190} INFO - [2025-12-08T07:49:44.235+0000] {dagbag.py:587} INFO - Filling up the DagBag from /home/airflow/.local/lib/python3.12/site-packages/airflow/example_dags/example_task_group_decorator.py
[2025-12-08T07:49:44.265+0000] {processor.py:925} INFO - DAG(s) 'example_task_group_decorator' retrieved from /home/airflow/.local/lib/python3.12/site-packages/airflow/example_dags/example_task_group_decorator.py
[2025-12-08T07:49:44.305+0000] {logging_mixin.py:190} INFO - [2025-12-08T07:49:44.305+0000] {dag.py:3211} INFO - Sync 1 DAGs
[2025-12-08T07:49:44.691+0000] {logging_mixin.py:190} INFO - [2025-12-08T07:49:44.691+0000] {dag.py:4138} INFO - Setting next_dagrun for example_task_group_decorator to 2025-12-07 00:00:00+00:00, run_after=2025-12-08 00:00:00+00:00
[2025-12-08T07:49:44.735+0000] {processor.py:208} INFO - Processing /home/airflow/.local/lib/python3.12/site-packages/airflow/example_dags/example_task_group_decorator.py took 0.442 seconds
[2025-12-08T07:50:14.888+0000] {processor.py:186} INFO - Started process (PID=3017) to work on /home/airflow/.local/lib/python3.12/site-packages/airflow/example_dags/example_task_group_decorator.py
[2025-12-08T07:50:14.890+0000] {processor.py:914} INFO - Processing file /home/airflow/.local/lib/python3.12/site-packages/airflow/example_dags/example_task_group_decorator.py for tasks to queue
[2025-12-08T07:50:14.896+0000] {logging_mixin.py:190} INFO - [2025-12-08T07:50:14.896+0000] {dagbag.py:587} INFO - Filling up the DagBag from /home/airflow/.local/lib/python3.12/site-packages/airflow/example_dags/example_task_group_decorator.py
[2025-12-08T07:50:14.948+0000] {processor.py:925} INFO - DAG(s) 'example_task_group_decorator' retrieved from /home/airflow/.local/lib/python3.12/site-packages/airflow/example_dags/example_task_group_decorator.py
[2025-12-08T07:50:15.019+0000] {logging_mixin.py:190} INFO - [2025-12-08T07:50:15.019+0000] {dag.py:3211} INFO - Sync 1 DAGs
[2025-12-08T07:50:15.071+0000] {logging_mixin.py:190} INFO - [2025-12-08T07:50:15.071+0000] {dag.py:4138} INFO - Setting next_dagrun for example_task_group_decorator to 2025-12-07 00:00:00+00:00, run_after=2025-12-08 00:00:00+00:00
[2025-12-08T07:50:15.504+0000] {processor.py:208} INFO - Processing /home/airflow/.local/lib/python3.12/site-packages/airflow/example_dags/example_task_group_decorator.py took 0.628 seconds
[2025-12-08T07:50:45.861+0000] {processor.py:186} INFO - Started process (PID=3081) to work on /home/airflow/.local/lib/python3.12/site-packages/airflow/example_dags/example_task_group_decorator.py
[2025-12-08T07:50:45.865+0000] {processor.py:914} INFO - Processing file /home/airflow/.local/lib/python3.12/site-packages/airflow/example_dags/example_task_group_decorator.py for tasks to queue
[2025-12-08T07:50:45.873+0000] {logging_mixin.py:190} INFO - [2025-12-08T07:50:45.871+0000] {dagbag.py:587} INFO - Filling up the DagBag from /home/airflow/.local/lib/python3.12/site-packages/airflow/example_dags/example_task_group_decorator.py
[2025-12-08T07:50:45.906+0000] {processor.py:925} INFO - DAG(s) 'example_task_group_decorator' retrieved from /home/airflow/.local/lib/python3.12/site-packages/airflow/example_dags/example_task_group_decorator.py
[2025-12-08T07:50:45.958+0000] {logging_mixin.py:190} INFO - [2025-12-08T07:50:45.957+0000] {dag.py:3211} INFO - Sync 1 DAGs
[2025-12-08T07:50:46.005+0000] {logging_mixin.py:190} INFO - [2025-12-08T07:50:46.005+0000] {dag.py:4138} INFO - Setting next_dagrun for example_task_group_decorator to 2025-12-07 00:00:00+00:00, run_after=2025-12-08 00:00:00+00:00
[2025-12-08T07:50:46.053+0000] {processor.py:208} INFO - Processing /home/airflow/.local/lib/python3.12/site-packages/airflow/example_dags/example_task_group_decorator.py took 0.205 seconds
[2025-12-08T07:51:16.397+0000] {processor.py:186} INFO - Started process (PID=3143) to work on /home/airflow/.local/lib/python3.12/site-packages/airflow/example_dags/example_task_group_decorator.py
[2025-12-08T07:51:16.399+0000] {processor.py:914} INFO - Processing file /home/airflow/.local/lib/python3.12/site-packages/airflow/example_dags/example_task_group_decorator.py for tasks to queue
[2025-12-08T07:51:16.403+0000] {logging_mixin.py:190} INFO - [2025-12-08T07:51:16.403+0000] {dagbag.py:587} INFO - Filling up the DagBag from /home/airflow/.local/lib/python3.12/site-packages/airflow/example_dags/example_task_group_decorator.py
[2025-12-08T07:51:16.425+0000] {processor.py:925} INFO - DAG(s) 'example_task_group_decorator' retrieved from /home/airflow/.local/lib/python3.12/site-packages/airflow/example_dags/example_task_group_decorator.py
[2025-12-08T07:51:16.463+0000] {logging_mixin.py:190} INFO - [2025-12-08T07:51:16.463+0000] {dag.py:3211} INFO - Sync 1 DAGs
[2025-12-08T07:51:16.491+0000] {logging_mixin.py:190} INFO - [2025-12-08T07:51:16.491+0000] {dag.py:4138} INFO - Setting next_dagrun for example_task_group_decorator to 2025-12-07 00:00:00+00:00, run_after=2025-12-08 00:00:00+00:00
[2025-12-08T07:51:16.517+0000] {processor.py:208} INFO - Processing /home/airflow/.local/lib/python3.12/site-packages/airflow/example_dags/example_task_group_decorator.py took 0.129 seconds
[2025-12-08T07:51:47.283+0000] {processor.py:186} INFO - Started process (PID=3206) to work on /home/airflow/.local/lib/python3.12/site-packages/airflow/example_dags/example_task_group_decorator.py
[2025-12-08T07:51:47.286+0000] {processor.py:914} INFO - Processing file /home/airflow/.local/lib/python3.12/site-packages/airflow/example_dags/example_task_group_decorator.py for tasks to queue
[2025-12-08T07:51:47.289+0000] {logging_mixin.py:190} INFO - [2025-12-08T07:51:47.289+0000] {dagbag.py:587} INFO - Filling up the DagBag from /home/airflow/.local/lib/python3.12/site-packages/airflow/example_dags/example_task_group_decorator.py
[2025-12-08T07:51:47.306+0000] {processor.py:925} INFO - DAG(s) 'example_task_group_decorator' retrieved from /home/airflow/.local/lib/python3.12/site-packages/airflow/example_dags/example_task_group_decorator.py
[2025-12-08T07:51:47.333+0000] {logging_mixin.py:190} INFO - [2025-12-08T07:51:47.332+0000] {dag.py:3211} INFO - Sync 1 DAGs
[2025-12-08T07:51:47.357+0000] {logging_mixin.py:190} INFO - [2025-12-08T07:51:47.357+0000] {dag.py:4138} INFO - Setting next_dagrun for example_task_group_decorator to 2025-12-07 00:00:00+00:00, run_after=2025-12-08 00:00:00+00:00
[2025-12-08T07:51:47.377+0000] {processor.py:208} INFO - Processing /home/airflow/.local/lib/python3.12/site-packages/airflow/example_dags/example_task_group_decorator.py took 0.100 seconds
[2025-12-08T07:52:17.816+0000] {processor.py:186} INFO - Started process (PID=3269) to work on /home/airflow/.local/lib/python3.12/site-packages/airflow/example_dags/example_task_group_decorator.py
[2025-12-08T07:52:17.818+0000] {processor.py:914} INFO - Processing file /home/airflow/.local/lib/python3.12/site-packages/airflow/example_dags/example_task_group_decorator.py for tasks to queue
[2025-12-08T07:52:17.821+0000] {logging_mixin.py:190} INFO - [2025-12-08T07:52:17.820+0000] {dagbag.py:587} INFO - Filling up the DagBag from /home/airflow/.local/lib/python3.12/site-packages/airflow/example_dags/example_task_group_decorator.py
[2025-12-08T07:52:17.837+0000] {processor.py:925} INFO - DAG(s) 'example_task_group_decorator' retrieved from /home/airflow/.local/lib/python3.12/site-packages/airflow/example_dags/example_task_group_decorator.py
[2025-12-08T07:52:17.867+0000] {logging_mixin.py:190} INFO - [2025-12-08T07:52:17.867+0000] {dag.py:3211} INFO - Sync 1 DAGs
[2025-12-08T07:52:17.892+0000] {logging_mixin.py:190} INFO - [2025-12-08T07:52:17.892+0000] {dag.py:4138} INFO - Setting next_dagrun for example_task_group_decorator to 2025-12-07 00:00:00+00:00, run_after=2025-12-08 00:00:00+00:00
[2025-12-08T07:52:17.914+0000] {processor.py:208} INFO - Processing /home/airflow/.local/lib/python3.12/site-packages/airflow/example_dags/example_task_group_decorator.py took 0.104 seconds
[2025-12-08T07:52:48.431+0000] {processor.py:186} INFO - Started process (PID=3332) to work on /home/airflow/.local/lib/python3.12/site-packages/airflow/example_dags/example_task_group_decorator.py
[2025-12-08T07:52:48.434+0000] {processor.py:914} INFO - Processing file /home/airflow/.local/lib/python3.12/site-packages/airflow/example_dags/example_task_group_decorator.py for tasks to queue
[2025-12-08T07:52:48.438+0000] {logging_mixin.py:190} INFO - [2025-12-08T07:52:48.438+0000] {dagbag.py:587} INFO - Filling up the DagBag from /home/airflow/.local/lib/python3.12/site-packages/airflow/example_dags/example_task_group_decorator.py
[2025-12-08T07:52:48.461+0000] {processor.py:925} INFO - DAG(s) 'example_task_group_decorator' retrieved from /home/airflow/.local/lib/python3.12/site-packages/airflow/example_dags/example_task_group_decorator.py
[2025-12-08T07:52:48.493+0000] {logging_mixin.py:190} INFO - [2025-12-08T07:52:48.493+0000] {dag.py:3211} INFO - Sync 1 DAGs
[2025-12-08T07:52:48.525+0000] {logging_mixin.py:190} INFO - [2025-12-08T07:52:48.524+0000] {dag.py:4138} INFO - Setting next_dagrun for example_task_group_decorator to 2025-12-07 00:00:00+00:00, run_after=2025-12-08 00:00:00+00:00
[2025-12-08T07:52:48.555+0000] {processor.py:208} INFO - Processing /home/airflow/.local/lib/python3.12/site-packages/airflow/example_dags/example_task_group_decorator.py took 0.131 seconds
[2025-12-08T07:53:19.128+0000] {processor.py:186} INFO - Started process (PID=3395) to work on /home/airflow/.local/lib/python3.12/site-packages/airflow/example_dags/example_task_group_decorator.py
[2025-12-08T07:53:19.133+0000] {processor.py:914} INFO - Processing file /home/airflow/.local/lib/python3.12/site-packages/airflow/example_dags/example_task_group_decorator.py for tasks to queue
[2025-12-08T07:53:19.142+0000] {logging_mixin.py:190} INFO - [2025-12-08T07:53:19.141+0000] {dagbag.py:587} INFO - Filling up the DagBag from /home/airflow/.local/lib/python3.12/site-packages/airflow/example_dags/example_task_group_decorator.py
[2025-12-08T07:53:19.168+0000] {processor.py:925} INFO - DAG(s) 'example_task_group_decorator' retrieved from /home/airflow/.local/lib/python3.12/site-packages/airflow/example_dags/example_task_group_decorator.py
[2025-12-08T07:53:19.200+0000] {logging_mixin.py:190} INFO - [2025-12-08T07:53:19.199+0000] {dag.py:3211} INFO - Sync 1 DAGs
[2025-12-08T07:53:19.228+0000] {logging_mixin.py:190} INFO - [2025-12-08T07:53:19.227+0000] {dag.py:4138} INFO - Setting next_dagrun for example_task_group_decorator to 2025-12-07 00:00:00+00:00, run_after=2025-12-08 00:00:00+00:00
[2025-12-08T07:53:19.260+0000] {processor.py:208} INFO - Processing /home/airflow/.local/lib/python3.12/site-packages/airflow/example_dags/example_task_group_decorator.py took 0.141 seconds
[2025-12-08T07:53:49.588+0000] {processor.py:186} INFO - Started process (PID=3458) to work on /home/airflow/.local/lib/python3.12/site-packages/airflow/example_dags/example_task_group_decorator.py
[2025-12-08T07:53:49.590+0000] {processor.py:914} INFO - Processing file /home/airflow/.local/lib/python3.12/site-packages/airflow/example_dags/example_task_group_decorator.py for tasks to queue
[2025-12-08T07:53:49.593+0000] {logging_mixin.py:190} INFO - [2025-12-08T07:53:49.593+0000] {dagbag.py:587} INFO - Filling up the DagBag from /home/airflow/.local/lib/python3.12/site-packages/airflow/example_dags/example_task_group_decorator.py
[2025-12-08T07:53:49.612+0000] {processor.py:925} INFO - DAG(s) 'example_task_group_decorator' retrieved from /home/airflow/.local/lib/python3.12/site-packages/airflow/example_dags/example_task_group_decorator.py
[2025-12-08T07:53:49.647+0000] {logging_mixin.py:190} INFO - [2025-12-08T07:53:49.646+0000] {dag.py:3211} INFO - Sync 1 DAGs
[2025-12-08T07:53:49.677+0000] {logging_mixin.py:190} INFO - [2025-12-08T07:53:49.676+0000] {dag.py:4138} INFO - Setting next_dagrun for example_task_group_decorator to 2025-12-07 00:00:00+00:00, run_after=2025-12-08 00:00:00+00:00
[2025-12-08T07:53:49.707+0000] {processor.py:208} INFO - Processing /home/airflow/.local/lib/python3.12/site-packages/airflow/example_dags/example_task_group_decorator.py took 0.127 seconds
[2025-12-08T07:54:20.175+0000] {processor.py:186} INFO - Started process (PID=3521) to work on /home/airflow/.local/lib/python3.12/site-packages/airflow/example_dags/example_task_group_decorator.py
[2025-12-08T07:54:20.178+0000] {processor.py:914} INFO - Processing file /home/airflow/.local/lib/python3.12/site-packages/airflow/example_dags/example_task_group_decorator.py for tasks to queue
[2025-12-08T07:54:20.184+0000] {logging_mixin.py:190} INFO - [2025-12-08T07:54:20.183+0000] {dagbag.py:587} INFO - Filling up the DagBag from /home/airflow/.local/lib/python3.12/site-packages/airflow/example_dags/example_task_group_decorator.py
[2025-12-08T07:54:20.219+0000] {processor.py:925} INFO - DAG(s) 'example_task_group_decorator' retrieved from /home/airflow/.local/lib/python3.12/site-packages/airflow/example_dags/example_task_group_decorator.py
[2025-12-08T07:54:20.270+0000] {logging_mixin.py:190} INFO - [2025-12-08T07:54:20.269+0000] {dag.py:3211} INFO - Sync 1 DAGs
[2025-12-08T07:54:20.310+0000] {logging_mixin.py:190} INFO - [2025-12-08T07:54:20.309+0000] {dag.py:4138} INFO - Setting next_dagrun for example_task_group_decorator to 2025-12-07 00:00:00+00:00, run_after=2025-12-08 00:00:00+00:00
[2025-12-08T07:54:20.346+0000] {processor.py:208} INFO - Processing /home/airflow/.local/lib/python3.12/site-packages/airflow/example_dags/example_task_group_decorator.py took 0.185 seconds
[2025-12-08T07:54:51.057+0000] {processor.py:186} INFO - Started process (PID=3584) to work on /home/airflow/.local/lib/python3.12/site-packages/airflow/example_dags/example_task_group_decorator.py
[2025-12-08T07:54:51.059+0000] {processor.py:914} INFO - Processing file /home/airflow/.local/lib/python3.12/site-packages/airflow/example_dags/example_task_group_decorator.py for tasks to queue
[2025-12-08T07:54:51.063+0000] {logging_mixin.py:190} INFO - [2025-12-08T07:54:51.062+0000] {dagbag.py:587} INFO - Filling up the DagBag from /home/airflow/.local/lib/python3.12/site-packages/airflow/example_dags/example_task_group_decorator.py
[2025-12-08T07:54:51.082+0000] {processor.py:925} INFO - DAG(s) 'example_task_group_decorator' retrieved from /home/airflow/.local/lib/python3.12/site-packages/airflow/example_dags/example_task_group_decorator.py
[2025-12-08T07:54:51.122+0000] {logging_mixin.py:190} INFO - [2025-12-08T07:54:51.122+0000] {dag.py:3211} INFO - Sync 1 DAGs
[2025-12-08T07:54:51.155+0000] {logging_mixin.py:190} INFO - [2025-12-08T07:54:51.154+0000] {dag.py:4138} INFO - Setting next_dagrun for example_task_group_decorator to 2025-12-07 00:00:00+00:00, run_after=2025-12-08 00:00:00+00:00
[2025-12-08T07:54:51.184+0000] {processor.py:208} INFO - Processing /home/airflow/.local/lib/python3.12/site-packages/airflow/example_dags/example_task_group_decorator.py took 0.136 seconds
[2025-12-08T07:55:21.725+0000] {processor.py:186} INFO - Started process (PID=3647) to work on /home/airflow/.local/lib/python3.12/site-packages/airflow/example_dags/example_task_group_decorator.py
[2025-12-08T07:55:21.728+0000] {processor.py:914} INFO - Processing file /home/airflow/.local/lib/python3.12/site-packages/airflow/example_dags/example_task_group_decorator.py for tasks to queue
[2025-12-08T07:55:21.732+0000] {logging_mixin.py:190} INFO - [2025-12-08T07:55:21.732+0000] {dagbag.py:587} INFO - Filling up the DagBag from /home/airflow/.local/lib/python3.12/site-packages/airflow/example_dags/example_task_group_decorator.py
[2025-12-08T07:55:21.754+0000] {processor.py:925} INFO - DAG(s) 'example_task_group_decorator' retrieved from /home/airflow/.local/lib/python3.12/site-packages/airflow/example_dags/example_task_group_decorator.py
[2025-12-08T07:55:21.793+0000] {logging_mixin.py:190} INFO - [2025-12-08T07:55:21.793+0000] {dag.py:3211} INFO - Sync 1 DAGs
[2025-12-08T07:55:21.823+0000] {logging_mixin.py:190} INFO - [2025-12-08T07:55:21.822+0000] {dag.py:4138} INFO - Setting next_dagrun for example_task_group_decorator to 2025-12-07 00:00:00+00:00, run_after=2025-12-08 00:00:00+00:00
[2025-12-08T07:55:21.851+0000] {processor.py:208} INFO - Processing /home/airflow/.local/lib/python3.12/site-packages/airflow/example_dags/example_task_group_decorator.py took 0.139 seconds
[2025-12-08T07:55:52.217+0000] {processor.py:186} INFO - Started process (PID=3711) to work on /home/airflow/.local/lib/python3.12/site-packages/airflow/example_dags/example_task_group_decorator.py
[2025-12-08T07:55:52.219+0000] {processor.py:914} INFO - Processing file /home/airflow/.local/lib/python3.12/site-packages/airflow/example_dags/example_task_group_decorator.py for tasks to queue
[2025-12-08T07:55:52.224+0000] {logging_mixin.py:190} INFO - [2025-12-08T07:55:52.223+0000] {dagbag.py:587} INFO - Filling up the DagBag from /home/airflow/.local/lib/python3.12/site-packages/airflow/example_dags/example_task_group_decorator.py
[2025-12-08T07:55:52.244+0000] {processor.py:925} INFO - DAG(s) 'example_task_group_decorator' retrieved from /home/airflow/.local/lib/python3.12/site-packages/airflow/example_dags/example_task_group_decorator.py
[2025-12-08T07:55:52.277+0000] {logging_mixin.py:190} INFO - [2025-12-08T07:55:52.277+0000] {dag.py:3211} INFO - Sync 1 DAGs
[2025-12-08T07:55:52.309+0000] {logging_mixin.py:190} INFO - [2025-12-08T07:55:52.308+0000] {dag.py:4138} INFO - Setting next_dagrun for example_task_group_decorator to 2025-12-07 00:00:00+00:00, run_after=2025-12-08 00:00:00+00:00
[2025-12-08T07:55:52.339+0000] {processor.py:208} INFO - Processing /home/airflow/.local/lib/python3.12/site-packages/airflow/example_dags/example_task_group_decorator.py took 0.131 seconds
[2025-12-08T07:56:22.572+0000] {processor.py:186} INFO - Started process (PID=3775) to work on /home/airflow/.local/lib/python3.12/site-packages/airflow/example_dags/example_task_group_decorator.py
[2025-12-08T07:56:22.574+0000] {processor.py:914} INFO - Processing file /home/airflow/.local/lib/python3.12/site-packages/airflow/example_dags/example_task_group_decorator.py for tasks to queue
[2025-12-08T07:56:22.579+0000] {logging_mixin.py:190} INFO - [2025-12-08T07:56:22.579+0000] {dagbag.py:587} INFO - Filling up the DagBag from /home/airflow/.local/lib/python3.12/site-packages/airflow/example_dags/example_task_group_decorator.py
[2025-12-08T07:56:22.605+0000] {processor.py:925} INFO - DAG(s) 'example_task_group_decorator' retrieved from /home/airflow/.local/lib/python3.12/site-packages/airflow/example_dags/example_task_group_decorator.py
[2025-12-08T07:56:22.639+0000] {logging_mixin.py:190} INFO - [2025-12-08T07:56:22.639+0000] {dag.py:3211} INFO - Sync 1 DAGs
[2025-12-08T07:56:22.668+0000] {logging_mixin.py:190} INFO - [2025-12-08T07:56:22.668+0000] {dag.py:4138} INFO - Setting next_dagrun for example_task_group_decorator to 2025-12-07 00:00:00+00:00, run_after=2025-12-08 00:00:00+00:00
[2025-12-08T07:56:22.698+0000] {processor.py:208} INFO - Processing /home/airflow/.local/lib/python3.12/site-packages/airflow/example_dags/example_task_group_decorator.py took 0.142 seconds
[2025-12-08T07:56:53.414+0000] {processor.py:186} INFO - Started process (PID=3838) to work on /home/airflow/.local/lib/python3.12/site-packages/airflow/example_dags/example_task_group_decorator.py
[2025-12-08T07:56:53.416+0000] {processor.py:914} INFO - Processing file /home/airflow/.local/lib/python3.12/site-packages/airflow/example_dags/example_task_group_decorator.py for tasks to queue
[2025-12-08T07:56:53.420+0000] {logging_mixin.py:190} INFO - [2025-12-08T07:56:53.419+0000] {dagbag.py:587} INFO - Filling up the DagBag from /home/airflow/.local/lib/python3.12/site-packages/airflow/example_dags/example_task_group_decorator.py
[2025-12-08T07:56:53.442+0000] {processor.py:925} INFO - DAG(s) 'example_task_group_decorator' retrieved from /home/airflow/.local/lib/python3.12/site-packages/airflow/example_dags/example_task_group_decorator.py
[2025-12-08T07:56:53.468+0000] {logging_mixin.py:190} INFO - [2025-12-08T07:56:53.468+0000] {dag.py:3211} INFO - Sync 1 DAGs
[2025-12-08T07:56:53.493+0000] {logging_mixin.py:190} INFO - [2025-12-08T07:56:53.493+0000] {dag.py:4138} INFO - Setting next_dagrun for example_task_group_decorator to 2025-12-07 00:00:00+00:00, run_after=2025-12-08 00:00:00+00:00
[2025-12-08T07:56:53.520+0000] {processor.py:208} INFO - Processing /home/airflow/.local/lib/python3.12/site-packages/airflow/example_dags/example_task_group_decorator.py took 0.117 seconds
[2025-12-08T07:57:24.109+0000] {processor.py:186} INFO - Started process (PID=3901) to work on /home/airflow/.local/lib/python3.12/site-packages/airflow/example_dags/example_task_group_decorator.py
[2025-12-08T07:57:24.111+0000] {processor.py:914} INFO - Processing file /home/airflow/.local/lib/python3.12/site-packages/airflow/example_dags/example_task_group_decorator.py for tasks to queue
[2025-12-08T07:57:24.116+0000] {logging_mixin.py:190} INFO - [2025-12-08T07:57:24.115+0000] {dagbag.py:587} INFO - Filling up the DagBag from /home/airflow/.local/lib/python3.12/site-packages/airflow/example_dags/example_task_group_decorator.py
[2025-12-08T07:57:24.138+0000] {processor.py:925} INFO - DAG(s) 'example_task_group_decorator' retrieved from /home/airflow/.local/lib/python3.12/site-packages/airflow/example_dags/example_task_group_decorator.py
[2025-12-08T07:57:24.195+0000] {logging_mixin.py:190} INFO - [2025-12-08T07:57:24.194+0000] {dag.py:3211} INFO - Sync 1 DAGs
[2025-12-08T07:57:24.240+0000] {logging_mixin.py:190} INFO - [2025-12-08T07:57:24.239+0000] {dag.py:4138} INFO - Setting next_dagrun for example_task_group_decorator to 2025-12-07 00:00:00+00:00, run_after=2025-12-08 00:00:00+00:00
[2025-12-08T07:57:24.280+0000] {processor.py:208} INFO - Processing /home/airflow/.local/lib/python3.12/site-packages/airflow/example_dags/example_task_group_decorator.py took 0.179 seconds
[2025-12-08T07:57:54.415+0000] {processor.py:186} INFO - Started process (PID=3965) to work on /home/airflow/.local/lib/python3.12/site-packages/airflow/example_dags/example_task_group_decorator.py
[2025-12-08T07:57:54.417+0000] {processor.py:914} INFO - Processing file /home/airflow/.local/lib/python3.12/site-packages/airflow/example_dags/example_task_group_decorator.py for tasks to queue
[2025-12-08T07:57:54.421+0000] {logging_mixin.py:190} INFO - [2025-12-08T07:57:54.420+0000] {dagbag.py:587} INFO - Filling up the DagBag from /home/airflow/.local/lib/python3.12/site-packages/airflow/example_dags/example_task_group_decorator.py
[2025-12-08T07:57:54.441+0000] {processor.py:925} INFO - DAG(s) 'example_task_group_decorator' retrieved from /home/airflow/.local/lib/python3.12/site-packages/airflow/example_dags/example_task_group_decorator.py
[2025-12-08T07:57:54.468+0000] {logging_mixin.py:190} INFO - [2025-12-08T07:57:54.467+0000] {dag.py:3211} INFO - Sync 1 DAGs
[2025-12-08T07:57:54.496+0000] {logging_mixin.py:190} INFO - [2025-12-08T07:57:54.495+0000] {dag.py:4138} INFO - Setting next_dagrun for example_task_group_decorator to 2025-12-07 00:00:00+00:00, run_after=2025-12-08 00:00:00+00:00
[2025-12-08T07:57:54.522+0000] {processor.py:208} INFO - Processing /home/airflow/.local/lib/python3.12/site-packages/airflow/example_dags/example_task_group_decorator.py took 0.116 seconds
[2025-12-08T07:58:24.668+0000] {processor.py:186} INFO - Started process (PID=4028) to work on /home/airflow/.local/lib/python3.12/site-packages/airflow/example_dags/example_task_group_decorator.py
[2025-12-08T07:58:24.670+0000] {processor.py:914} INFO - Processing file /home/airflow/.local/lib/python3.12/site-packages/airflow/example_dags/example_task_group_decorator.py for tasks to queue
[2025-12-08T07:58:24.674+0000] {logging_mixin.py:190} INFO - [2025-12-08T07:58:24.674+0000] {dagbag.py:587} INFO - Filling up the DagBag from /home/airflow/.local/lib/python3.12/site-packages/airflow/example_dags/example_task_group_decorator.py
[2025-12-08T07:58:24.691+0000] {processor.py:925} INFO - DAG(s) 'example_task_group_decorator' retrieved from /home/airflow/.local/lib/python3.12/site-packages/airflow/example_dags/example_task_group_decorator.py
[2025-12-08T07:58:24.718+0000] {logging_mixin.py:190} INFO - [2025-12-08T07:58:24.717+0000] {dag.py:3211} INFO - Sync 1 DAGs
[2025-12-08T07:58:24.744+0000] {logging_mixin.py:190} INFO - [2025-12-08T07:58:24.744+0000] {dag.py:4138} INFO - Setting next_dagrun for example_task_group_decorator to 2025-12-07 00:00:00+00:00, run_after=2025-12-08 00:00:00+00:00
[2025-12-08T07:58:24.770+0000] {processor.py:208} INFO - Processing /home/airflow/.local/lib/python3.12/site-packages/airflow/example_dags/example_task_group_decorator.py took 0.108 seconds
[2025-12-08T07:58:55.034+0000] {processor.py:186} INFO - Started process (PID=4092) to work on /home/airflow/.local/lib/python3.12/site-packages/airflow/example_dags/example_task_group_decorator.py
[2025-12-08T07:58:55.036+0000] {processor.py:914} INFO - Processing file /home/airflow/.local/lib/python3.12/site-packages/airflow/example_dags/example_task_group_decorator.py for tasks to queue
[2025-12-08T07:58:55.040+0000] {logging_mixin.py:190} INFO - [2025-12-08T07:58:55.040+0000] {dagbag.py:587} INFO - Filling up the DagBag from /home/airflow/.local/lib/python3.12/site-packages/airflow/example_dags/example_task_group_decorator.py
[2025-12-08T07:58:55.060+0000] {processor.py:925} INFO - DAG(s) 'example_task_group_decorator' retrieved from /home/airflow/.local/lib/python3.12/site-packages/airflow/example_dags/example_task_group_decorator.py
[2025-12-08T07:58:55.091+0000] {logging_mixin.py:190} INFO - [2025-12-08T07:58:55.091+0000] {dag.py:3211} INFO - Sync 1 DAGs
[2025-12-08T07:58:55.116+0000] {logging_mixin.py:190} INFO - [2025-12-08T07:58:55.116+0000] {dag.py:4138} INFO - Setting next_dagrun for example_task_group_decorator to 2025-12-07 00:00:00+00:00, run_after=2025-12-08 00:00:00+00:00
[2025-12-08T07:58:55.141+0000] {processor.py:208} INFO - Processing /home/airflow/.local/lib/python3.12/site-packages/airflow/example_dags/example_task_group_decorator.py took 0.113 seconds
[2025-12-08T07:59:25.571+0000] {processor.py:186} INFO - Started process (PID=4155) to work on /home/airflow/.local/lib/python3.12/site-packages/airflow/example_dags/example_task_group_decorator.py
[2025-12-08T07:59:25.573+0000] {processor.py:914} INFO - Processing file /home/airflow/.local/lib/python3.12/site-packages/airflow/example_dags/example_task_group_decorator.py for tasks to queue
[2025-12-08T07:59:25.576+0000] {logging_mixin.py:190} INFO - [2025-12-08T07:59:25.576+0000] {dagbag.py:587} INFO - Filling up the DagBag from /home/airflow/.local/lib/python3.12/site-packages/airflow/example_dags/example_task_group_decorator.py
[2025-12-08T07:59:25.592+0000] {processor.py:925} INFO - DAG(s) 'example_task_group_decorator' retrieved from /home/airflow/.local/lib/python3.12/site-packages/airflow/example_dags/example_task_group_decorator.py
[2025-12-08T07:59:25.619+0000] {logging_mixin.py:190} INFO - [2025-12-08T07:59:25.618+0000] {dag.py:3211} INFO - Sync 1 DAGs
[2025-12-08T07:59:25.643+0000] {logging_mixin.py:190} INFO - [2025-12-08T07:59:25.642+0000] {dag.py:4138} INFO - Setting next_dagrun for example_task_group_decorator to 2025-12-07 00:00:00+00:00, run_after=2025-12-08 00:00:00+00:00
[2025-12-08T07:59:25.666+0000] {processor.py:208} INFO - Processing /home/airflow/.local/lib/python3.12/site-packages/airflow/example_dags/example_task_group_decorator.py took 0.102 seconds
[2025-12-08T07:59:55.896+0000] {processor.py:186} INFO - Started process (PID=4218) to work on /home/airflow/.local/lib/python3.12/site-packages/airflow/example_dags/example_task_group_decorator.py
[2025-12-08T07:59:55.898+0000] {processor.py:914} INFO - Processing file /home/airflow/.local/lib/python3.12/site-packages/airflow/example_dags/example_task_group_decorator.py for tasks to queue
[2025-12-08T07:59:55.902+0000] {logging_mixin.py:190} INFO - [2025-12-08T07:59:55.902+0000] {dagbag.py:587} INFO - Filling up the DagBag from /home/airflow/.local/lib/python3.12/site-packages/airflow/example_dags/example_task_group_decorator.py
[2025-12-08T07:59:55.919+0000] {processor.py:925} INFO - DAG(s) 'example_task_group_decorator' retrieved from /home/airflow/.local/lib/python3.12/site-packages/airflow/example_dags/example_task_group_decorator.py
[2025-12-08T07:59:55.958+0000] {logging_mixin.py:190} INFO - [2025-12-08T07:59:55.957+0000] {dag.py:3211} INFO - Sync 1 DAGs
[2025-12-08T07:59:55.995+0000] {logging_mixin.py:190} INFO - [2025-12-08T07:59:55.995+0000] {dag.py:4138} INFO - Setting next_dagrun for example_task_group_decorator to 2025-12-07 00:00:00+00:00, run_after=2025-12-08 00:00:00+00:00
[2025-12-08T07:59:56.021+0000] {processor.py:208} INFO - Processing /home/airflow/.local/lib/python3.12/site-packages/airflow/example_dags/example_task_group_decorator.py took 0.132 seconds
[2025-12-08T08:00:26.101+0000] {processor.py:186} INFO - Started process (PID=4281) to work on /home/airflow/.local/lib/python3.12/site-packages/airflow/example_dags/example_task_group_decorator.py
[2025-12-08T08:00:26.103+0000] {processor.py:914} INFO - Processing file /home/airflow/.local/lib/python3.12/site-packages/airflow/example_dags/example_task_group_decorator.py for tasks to queue
[2025-12-08T08:00:26.107+0000] {logging_mixin.py:190} INFO - [2025-12-08T08:00:26.106+0000] {dagbag.py:587} INFO - Filling up the DagBag from /home/airflow/.local/lib/python3.12/site-packages/airflow/example_dags/example_task_group_decorator.py
[2025-12-08T08:00:26.122+0000] {processor.py:925} INFO - DAG(s) 'example_task_group_decorator' retrieved from /home/airflow/.local/lib/python3.12/site-packages/airflow/example_dags/example_task_group_decorator.py
[2025-12-08T08:00:26.151+0000] {logging_mixin.py:190} INFO - [2025-12-08T08:00:26.151+0000] {dag.py:3211} INFO - Sync 1 DAGs
[2025-12-08T08:00:26.176+0000] {logging_mixin.py:190} INFO - [2025-12-08T08:00:26.176+0000] {dag.py:4138} INFO - Setting next_dagrun for example_task_group_decorator to 2025-12-07 00:00:00+00:00, run_after=2025-12-08 00:00:00+00:00
[2025-12-08T08:00:26.202+0000] {processor.py:208} INFO - Processing /home/airflow/.local/lib/python3.12/site-packages/airflow/example_dags/example_task_group_decorator.py took 0.109 seconds
[2025-12-08T08:00:56.514+0000] {processor.py:186} INFO - Started process (PID=4344) to work on /home/airflow/.local/lib/python3.12/site-packages/airflow/example_dags/example_task_group_decorator.py
[2025-12-08T08:00:56.516+0000] {processor.py:914} INFO - Processing file /home/airflow/.local/lib/python3.12/site-packages/airflow/example_dags/example_task_group_decorator.py for tasks to queue
[2025-12-08T08:00:56.519+0000] {logging_mixin.py:190} INFO - [2025-12-08T08:00:56.518+0000] {dagbag.py:587} INFO - Filling up the DagBag from /home/airflow/.local/lib/python3.12/site-packages/airflow/example_dags/example_task_group_decorator.py
[2025-12-08T08:00:56.535+0000] {processor.py:925} INFO - DAG(s) 'example_task_group_decorator' retrieved from /home/airflow/.local/lib/python3.12/site-packages/airflow/example_dags/example_task_group_decorator.py
[2025-12-08T08:00:56.563+0000] {logging_mixin.py:190} INFO - [2025-12-08T08:00:56.562+0000] {dag.py:3211} INFO - Sync 1 DAGs
[2025-12-08T08:00:56.587+0000] {logging_mixin.py:190} INFO - [2025-12-08T08:00:56.587+0000] {dag.py:4138} INFO - Setting next_dagrun for example_task_group_decorator to 2025-12-07 00:00:00+00:00, run_after=2025-12-08 00:00:00+00:00
[2025-12-08T08:00:56.611+0000] {processor.py:208} INFO - Processing /home/airflow/.local/lib/python3.12/site-packages/airflow/example_dags/example_task_group_decorator.py took 0.103 seconds
[2025-12-08T08:01:26.985+0000] {processor.py:186} INFO - Started process (PID=4407) to work on /home/airflow/.local/lib/python3.12/site-packages/airflow/example_dags/example_task_group_decorator.py
[2025-12-08T08:01:26.987+0000] {processor.py:914} INFO - Processing file /home/airflow/.local/lib/python3.12/site-packages/airflow/example_dags/example_task_group_decorator.py for tasks to queue
[2025-12-08T08:01:26.991+0000] {logging_mixin.py:190} INFO - [2025-12-08T08:01:26.991+0000] {dagbag.py:587} INFO - Filling up the DagBag from /home/airflow/.local/lib/python3.12/site-packages/airflow/example_dags/example_task_group_decorator.py
[2025-12-08T08:01:27.021+0000] {processor.py:925} INFO - DAG(s) 'example_task_group_decorator' retrieved from /home/airflow/.local/lib/python3.12/site-packages/airflow/example_dags/example_task_group_decorator.py
[2025-12-08T08:01:27.058+0000] {logging_mixin.py:190} INFO - [2025-12-08T08:01:27.057+0000] {dag.py:3211} INFO - Sync 1 DAGs
[2025-12-08T08:01:27.087+0000] {logging_mixin.py:190} INFO - [2025-12-08T08:01:27.087+0000] {dag.py:4138} INFO - Setting next_dagrun for example_task_group_decorator to 2025-12-07 00:00:00+00:00, run_after=2025-12-08 00:00:00+00:00
[2025-12-08T08:01:27.113+0000] {processor.py:208} INFO - Processing /home/airflow/.local/lib/python3.12/site-packages/airflow/example_dags/example_task_group_decorator.py took 0.136 seconds
[2025-12-08T08:01:57.261+0000] {processor.py:186} INFO - Started process (PID=4470) to work on /home/airflow/.local/lib/python3.12/site-packages/airflow/example_dags/example_task_group_decorator.py
[2025-12-08T08:01:57.263+0000] {processor.py:914} INFO - Processing file /home/airflow/.local/lib/python3.12/site-packages/airflow/example_dags/example_task_group_decorator.py for tasks to queue
[2025-12-08T08:01:57.270+0000] {logging_mixin.py:190} INFO - [2025-12-08T08:01:57.269+0000] {dagbag.py:587} INFO - Filling up the DagBag from /home/airflow/.local/lib/python3.12/site-packages/airflow/example_dags/example_task_group_decorator.py
[2025-12-08T08:01:57.294+0000] {processor.py:925} INFO - DAG(s) 'example_task_group_decorator' retrieved from /home/airflow/.local/lib/python3.12/site-packages/airflow/example_dags/example_task_group_decorator.py
[2025-12-08T08:01:57.323+0000] {logging_mixin.py:190} INFO - [2025-12-08T08:01:57.322+0000] {dag.py:3211} INFO - Sync 1 DAGs
[2025-12-08T08:01:57.349+0000] {logging_mixin.py:190} INFO - [2025-12-08T08:01:57.348+0000] {dag.py:4138} INFO - Setting next_dagrun for example_task_group_decorator to 2025-12-07 00:00:00+00:00, run_after=2025-12-08 00:00:00+00:00
[2025-12-08T08:01:57.371+0000] {processor.py:208} INFO - Processing /home/airflow/.local/lib/python3.12/site-packages/airflow/example_dags/example_task_group_decorator.py took 0.120 seconds
[2025-12-08T08:02:27.773+0000] {processor.py:186} INFO - Started process (PID=4533) to work on /home/airflow/.local/lib/python3.12/site-packages/airflow/example_dags/example_task_group_decorator.py
[2025-12-08T08:02:27.775+0000] {processor.py:914} INFO - Processing file /home/airflow/.local/lib/python3.12/site-packages/airflow/example_dags/example_task_group_decorator.py for tasks to queue
[2025-12-08T08:02:27.779+0000] {logging_mixin.py:190} INFO - [2025-12-08T08:02:27.778+0000] {dagbag.py:587} INFO - Filling up the DagBag from /home/airflow/.local/lib/python3.12/site-packages/airflow/example_dags/example_task_group_decorator.py
[2025-12-08T08:02:27.799+0000] {processor.py:925} INFO - DAG(s) 'example_task_group_decorator' retrieved from /home/airflow/.local/lib/python3.12/site-packages/airflow/example_dags/example_task_group_decorator.py
[2025-12-08T08:02:27.839+0000] {logging_mixin.py:190} INFO - [2025-12-08T08:02:27.839+0000] {dag.py:3211} INFO - Sync 1 DAGs
[2025-12-08T08:02:27.877+0000] {logging_mixin.py:190} INFO - [2025-12-08T08:02:27.877+0000] {dag.py:4138} INFO - Setting next_dagrun for example_task_group_decorator to 2025-12-07 00:00:00+00:00, run_after=2025-12-08 00:00:00+00:00
[2025-12-08T08:02:27.911+0000] {processor.py:208} INFO - Processing /home/airflow/.local/lib/python3.12/site-packages/airflow/example_dags/example_task_group_decorator.py took 0.149 seconds
[2025-12-08T08:02:58.378+0000] {processor.py:186} INFO - Started process (PID=4596) to work on /home/airflow/.local/lib/python3.12/site-packages/airflow/example_dags/example_task_group_decorator.py
[2025-12-08T08:02:58.381+0000] {processor.py:914} INFO - Processing file /home/airflow/.local/lib/python3.12/site-packages/airflow/example_dags/example_task_group_decorator.py for tasks to queue
[2025-12-08T08:02:58.385+0000] {logging_mixin.py:190} INFO - [2025-12-08T08:02:58.385+0000] {dagbag.py:587} INFO - Filling up the DagBag from /home/airflow/.local/lib/python3.12/site-packages/airflow/example_dags/example_task_group_decorator.py
[2025-12-08T08:02:58.414+0000] {processor.py:925} INFO - DAG(s) 'example_task_group_decorator' retrieved from /home/airflow/.local/lib/python3.12/site-packages/airflow/example_dags/example_task_group_decorator.py
[2025-12-08T08:02:58.465+0000] {logging_mixin.py:190} INFO - [2025-12-08T08:02:58.464+0000] {dag.py:3211} INFO - Sync 1 DAGs
[2025-12-08T08:02:58.511+0000] {logging_mixin.py:190} INFO - [2025-12-08T08:02:58.510+0000] {dag.py:4138} INFO - Setting next_dagrun for example_task_group_decorator to 2025-12-07 00:00:00+00:00, run_after=2025-12-08 00:00:00+00:00
[2025-12-08T08:02:58.553+0000] {processor.py:208} INFO - Processing /home/airflow/.local/lib/python3.12/site-packages/airflow/example_dags/example_task_group_decorator.py took 0.188 seconds
[2025-12-08T08:03:28.650+0000] {processor.py:186} INFO - Started process (PID=4659) to work on /home/airflow/.local/lib/python3.12/site-packages/airflow/example_dags/example_task_group_decorator.py
[2025-12-08T08:03:28.653+0000] {processor.py:914} INFO - Processing file /home/airflow/.local/lib/python3.12/site-packages/airflow/example_dags/example_task_group_decorator.py for tasks to queue
[2025-12-08T08:03:28.659+0000] {logging_mixin.py:190} INFO - [2025-12-08T08:03:28.658+0000] {dagbag.py:587} INFO - Filling up the DagBag from /home/airflow/.local/lib/python3.12/site-packages/airflow/example_dags/example_task_group_decorator.py
[2025-12-08T08:03:28.676+0000] {processor.py:925} INFO - DAG(s) 'example_task_group_decorator' retrieved from /home/airflow/.local/lib/python3.12/site-packages/airflow/example_dags/example_task_group_decorator.py
[2025-12-08T08:03:28.706+0000] {logging_mixin.py:190} INFO - [2025-12-08T08:03:28.705+0000] {dag.py:3211} INFO - Sync 1 DAGs
[2025-12-08T08:03:28.728+0000] {logging_mixin.py:190} INFO - [2025-12-08T08:03:28.728+0000] {dag.py:4138} INFO - Setting next_dagrun for example_task_group_decorator to 2025-12-07 00:00:00+00:00, run_after=2025-12-08 00:00:00+00:00
[2025-12-08T08:03:28.751+0000] {processor.py:208} INFO - Processing /home/airflow/.local/lib/python3.12/site-packages/airflow/example_dags/example_task_group_decorator.py took 0.110 seconds
[2025-12-08T08:03:59.036+0000] {processor.py:186} INFO - Started process (PID=4722) to work on /home/airflow/.local/lib/python3.12/site-packages/airflow/example_dags/example_task_group_decorator.py
[2025-12-08T08:03:59.037+0000] {processor.py:914} INFO - Processing file /home/airflow/.local/lib/python3.12/site-packages/airflow/example_dags/example_task_group_decorator.py for tasks to queue
[2025-12-08T08:03:59.041+0000] {logging_mixin.py:190} INFO - [2025-12-08T08:03:59.041+0000] {dagbag.py:587} INFO - Filling up the DagBag from /home/airflow/.local/lib/python3.12/site-packages/airflow/example_dags/example_task_group_decorator.py
[2025-12-08T08:03:59.065+0000] {processor.py:925} INFO - DAG(s) 'example_task_group_decorator' retrieved from /home/airflow/.local/lib/python3.12/site-packages/airflow/example_dags/example_task_group_decorator.py
[2025-12-08T08:03:59.099+0000] {logging_mixin.py:190} INFO - [2025-12-08T08:03:59.099+0000] {dag.py:3211} INFO - Sync 1 DAGs
[2025-12-08T08:03:59.137+0000] {logging_mixin.py:190} INFO - [2025-12-08T08:03:59.137+0000] {dag.py:4138} INFO - Setting next_dagrun for example_task_group_decorator to 2025-12-07 00:00:00+00:00, run_after=2025-12-08 00:00:00+00:00
[2025-12-08T08:03:59.171+0000] {processor.py:208} INFO - Processing /home/airflow/.local/lib/python3.12/site-packages/airflow/example_dags/example_task_group_decorator.py took 0.143 seconds
[2025-12-08T08:04:29.463+0000] {processor.py:186} INFO - Started process (PID=4785) to work on /home/airflow/.local/lib/python3.12/site-packages/airflow/example_dags/example_task_group_decorator.py
[2025-12-08T08:04:29.464+0000] {processor.py:914} INFO - Processing file /home/airflow/.local/lib/python3.12/site-packages/airflow/example_dags/example_task_group_decorator.py for tasks to queue
[2025-12-08T08:04:29.468+0000] {logging_mixin.py:190} INFO - [2025-12-08T08:04:29.467+0000] {dagbag.py:587} INFO - Filling up the DagBag from /home/airflow/.local/lib/python3.12/site-packages/airflow/example_dags/example_task_group_decorator.py
[2025-12-08T08:04:29.487+0000] {processor.py:925} INFO - DAG(s) 'example_task_group_decorator' retrieved from /home/airflow/.local/lib/python3.12/site-packages/airflow/example_dags/example_task_group_decorator.py
[2025-12-08T08:04:29.519+0000] {logging_mixin.py:190} INFO - [2025-12-08T08:04:29.518+0000] {dag.py:3211} INFO - Sync 1 DAGs
[2025-12-08T08:04:29.546+0000] {logging_mixin.py:190} INFO - [2025-12-08T08:04:29.545+0000] {dag.py:4138} INFO - Setting next_dagrun for example_task_group_decorator to 2025-12-07 00:00:00+00:00, run_after=2025-12-08 00:00:00+00:00
[2025-12-08T08:04:29.578+0000] {processor.py:208} INFO - Processing /home/airflow/.local/lib/python3.12/site-packages/airflow/example_dags/example_task_group_decorator.py took 0.122 seconds
[2025-12-08T08:05:00.023+0000] {processor.py:186} INFO - Started process (PID=4848) to work on /home/airflow/.local/lib/python3.12/site-packages/airflow/example_dags/example_task_group_decorator.py
[2025-12-08T08:05:00.025+0000] {processor.py:914} INFO - Processing file /home/airflow/.local/lib/python3.12/site-packages/airflow/example_dags/example_task_group_decorator.py for tasks to queue
[2025-12-08T08:05:00.030+0000] {logging_mixin.py:190} INFO - [2025-12-08T08:05:00.029+0000] {dagbag.py:587} INFO - Filling up the DagBag from /home/airflow/.local/lib/python3.12/site-packages/airflow/example_dags/example_task_group_decorator.py
[2025-12-08T08:05:00.050+0000] {processor.py:925} INFO - DAG(s) 'example_task_group_decorator' retrieved from /home/airflow/.local/lib/python3.12/site-packages/airflow/example_dags/example_task_group_decorator.py
[2025-12-08T08:05:00.083+0000] {logging_mixin.py:190} INFO - [2025-12-08T08:05:00.082+0000] {dag.py:3211} INFO - Sync 1 DAGs
[2025-12-08T08:05:00.112+0000] {logging_mixin.py:190} INFO - [2025-12-08T08:05:00.111+0000] {dag.py:4138} INFO - Setting next_dagrun for example_task_group_decorator to 2025-12-07 00:00:00+00:00, run_after=2025-12-08 00:00:00+00:00
[2025-12-08T08:05:00.140+0000] {processor.py:208} INFO - Processing /home/airflow/.local/lib/python3.12/site-packages/airflow/example_dags/example_task_group_decorator.py took 0.123 seconds
[2025-12-08T08:05:30.749+0000] {processor.py:186} INFO - Started process (PID=4911) to work on /home/airflow/.local/lib/python3.12/site-packages/airflow/example_dags/example_task_group_decorator.py
[2025-12-08T08:05:30.751+0000] {processor.py:914} INFO - Processing file /home/airflow/.local/lib/python3.12/site-packages/airflow/example_dags/example_task_group_decorator.py for tasks to queue
[2025-12-08T08:05:30.756+0000] {logging_mixin.py:190} INFO - [2025-12-08T08:05:30.756+0000] {dagbag.py:587} INFO - Filling up the DagBag from /home/airflow/.local/lib/python3.12/site-packages/airflow/example_dags/example_task_group_decorator.py
[2025-12-08T08:05:30.796+0000] {processor.py:925} INFO - DAG(s) 'example_task_group_decorator' retrieved from /home/airflow/.local/lib/python3.12/site-packages/airflow/example_dags/example_task_group_decorator.py
[2025-12-08T08:05:30.870+0000] {logging_mixin.py:190} INFO - [2025-12-08T08:05:30.869+0000] {dag.py:3211} INFO - Sync 1 DAGs
[2025-12-08T08:05:30.928+0000] {logging_mixin.py:190} INFO - [2025-12-08T08:05:30.928+0000] {dag.py:4138} INFO - Setting next_dagrun for example_task_group_decorator to 2025-12-07 00:00:00+00:00, run_after=2025-12-08 00:00:00+00:00
[2025-12-08T08:05:30.970+0000] {processor.py:208} INFO - Processing /home/airflow/.local/lib/python3.12/site-packages/airflow/example_dags/example_task_group_decorator.py took 0.233 seconds
[2025-12-08T08:06:01.515+0000] {processor.py:186} INFO - Started process (PID=4974) to work on /home/airflow/.local/lib/python3.12/site-packages/airflow/example_dags/example_task_group_decorator.py
[2025-12-08T08:06:01.517+0000] {processor.py:914} INFO - Processing file /home/airflow/.local/lib/python3.12/site-packages/airflow/example_dags/example_task_group_decorator.py for tasks to queue
[2025-12-08T08:06:01.522+0000] {logging_mixin.py:190} INFO - [2025-12-08T08:06:01.521+0000] {dagbag.py:587} INFO - Filling up the DagBag from /home/airflow/.local/lib/python3.12/site-packages/airflow/example_dags/example_task_group_decorator.py
[2025-12-08T08:06:01.541+0000] {processor.py:925} INFO - DAG(s) 'example_task_group_decorator' retrieved from /home/airflow/.local/lib/python3.12/site-packages/airflow/example_dags/example_task_group_decorator.py
[2025-12-08T08:06:01.582+0000] {logging_mixin.py:190} INFO - [2025-12-08T08:06:01.582+0000] {dag.py:3211} INFO - Sync 1 DAGs
[2025-12-08T08:06:01.619+0000] {logging_mixin.py:190} INFO - [2025-12-08T08:06:01.619+0000] {dag.py:4138} INFO - Setting next_dagrun for example_task_group_decorator to 2025-12-07 00:00:00+00:00, run_after=2025-12-08 00:00:00+00:00
[2025-12-08T08:06:01.651+0000] {processor.py:208} INFO - Processing /home/airflow/.local/lib/python3.12/site-packages/airflow/example_dags/example_task_group_decorator.py took 0.142 seconds
[2025-12-08T08:06:32.366+0000] {processor.py:186} INFO - Started process (PID=5043) to work on /home/airflow/.local/lib/python3.12/site-packages/airflow/example_dags/example_task_group_decorator.py
[2025-12-08T08:06:32.369+0000] {processor.py:914} INFO - Processing file /home/airflow/.local/lib/python3.12/site-packages/airflow/example_dags/example_task_group_decorator.py for tasks to queue
[2025-12-08T08:06:32.381+0000] {logging_mixin.py:190} INFO - [2025-12-08T08:06:32.379+0000] {dagbag.py:587} INFO - Filling up the DagBag from /home/airflow/.local/lib/python3.12/site-packages/airflow/example_dags/example_task_group_decorator.py
[2025-12-08T08:06:32.443+0000] {processor.py:925} INFO - DAG(s) 'example_task_group_decorator' retrieved from /home/airflow/.local/lib/python3.12/site-packages/airflow/example_dags/example_task_group_decorator.py
[2025-12-08T08:06:32.564+0000] {logging_mixin.py:190} INFO - [2025-12-08T08:06:32.563+0000] {dag.py:3211} INFO - Sync 1 DAGs
[2025-12-08T08:06:32.662+0000] {logging_mixin.py:190} INFO - [2025-12-08T08:06:32.661+0000] {dag.py:4138} INFO - Setting next_dagrun for example_task_group_decorator to 2025-12-07 00:00:00+00:00, run_after=2025-12-08 00:00:00+00:00
[2025-12-08T08:06:32.760+0000] {processor.py:208} INFO - Processing /home/airflow/.local/lib/python3.12/site-packages/airflow/example_dags/example_task_group_decorator.py took 0.422 seconds
[2025-12-08T08:07:03.099+0000] {processor.py:186} INFO - Started process (PID=5105) to work on /home/airflow/.local/lib/python3.12/site-packages/airflow/example_dags/example_task_group_decorator.py
[2025-12-08T08:07:03.102+0000] {processor.py:914} INFO - Processing file /home/airflow/.local/lib/python3.12/site-packages/airflow/example_dags/example_task_group_decorator.py for tasks to queue
[2025-12-08T08:07:03.106+0000] {logging_mixin.py:190} INFO - [2025-12-08T08:07:03.105+0000] {dagbag.py:587} INFO - Filling up the DagBag from /home/airflow/.local/lib/python3.12/site-packages/airflow/example_dags/example_task_group_decorator.py
[2025-12-08T08:07:03.131+0000] {processor.py:925} INFO - DAG(s) 'example_task_group_decorator' retrieved from /home/airflow/.local/lib/python3.12/site-packages/airflow/example_dags/example_task_group_decorator.py
[2025-12-08T08:07:03.185+0000] {logging_mixin.py:190} INFO - [2025-12-08T08:07:03.185+0000] {dag.py:3211} INFO - Sync 1 DAGs
[2025-12-08T08:07:03.238+0000] {logging_mixin.py:190} INFO - [2025-12-08T08:07:03.237+0000] {dag.py:4138} INFO - Setting next_dagrun for example_task_group_decorator to 2025-12-07 00:00:00+00:00, run_after=2025-12-08 00:00:00+00:00
[2025-12-08T08:07:03.284+0000] {processor.py:208} INFO - Processing /home/airflow/.local/lib/python3.12/site-packages/airflow/example_dags/example_task_group_decorator.py took 0.195 seconds
[2025-12-08T08:07:33.782+0000] {processor.py:186} INFO - Started process (PID=5168) to work on /home/airflow/.local/lib/python3.12/site-packages/airflow/example_dags/example_task_group_decorator.py
[2025-12-08T08:07:33.783+0000] {processor.py:914} INFO - Processing file /home/airflow/.local/lib/python3.12/site-packages/airflow/example_dags/example_task_group_decorator.py for tasks to queue
[2025-12-08T08:07:33.787+0000] {logging_mixin.py:190} INFO - [2025-12-08T08:07:33.787+0000] {dagbag.py:587} INFO - Filling up the DagBag from /home/airflow/.local/lib/python3.12/site-packages/airflow/example_dags/example_task_group_decorator.py
[2025-12-08T08:07:33.808+0000] {processor.py:925} INFO - DAG(s) 'example_task_group_decorator' retrieved from /home/airflow/.local/lib/python3.12/site-packages/airflow/example_dags/example_task_group_decorator.py
[2025-12-08T08:07:33.843+0000] {logging_mixin.py:190} INFO - [2025-12-08T08:07:33.842+0000] {dag.py:3211} INFO - Sync 1 DAGs
[2025-12-08T08:07:33.872+0000] {logging_mixin.py:190} INFO - [2025-12-08T08:07:33.872+0000] {dag.py:4138} INFO - Setting next_dagrun for example_task_group_decorator to 2025-12-07 00:00:00+00:00, run_after=2025-12-08 00:00:00+00:00
[2025-12-08T08:07:33.902+0000] {processor.py:208} INFO - Processing /home/airflow/.local/lib/python3.12/site-packages/airflow/example_dags/example_task_group_decorator.py took 0.139 seconds
[2025-12-08T08:08:04.330+0000] {processor.py:186} INFO - Started process (PID=5232) to work on /home/airflow/.local/lib/python3.12/site-packages/airflow/example_dags/example_task_group_decorator.py
[2025-12-08T08:08:04.332+0000] {processor.py:914} INFO - Processing file /home/airflow/.local/lib/python3.12/site-packages/airflow/example_dags/example_task_group_decorator.py for tasks to queue
[2025-12-08T08:08:04.336+0000] {logging_mixin.py:190} INFO - [2025-12-08T08:08:04.336+0000] {dagbag.py:587} INFO - Filling up the DagBag from /home/airflow/.local/lib/python3.12/site-packages/airflow/example_dags/example_task_group_decorator.py
[2025-12-08T08:08:04.361+0000] {processor.py:925} INFO - DAG(s) 'example_task_group_decorator' retrieved from /home/airflow/.local/lib/python3.12/site-packages/airflow/example_dags/example_task_group_decorator.py
[2025-12-08T08:08:04.398+0000] {logging_mixin.py:190} INFO - [2025-12-08T08:08:04.397+0000] {dag.py:3211} INFO - Sync 1 DAGs
[2025-12-08T08:08:04.431+0000] {logging_mixin.py:190} INFO - [2025-12-08T08:08:04.431+0000] {dag.py:4138} INFO - Setting next_dagrun for example_task_group_decorator to 2025-12-07 00:00:00+00:00, run_after=2025-12-08 00:00:00+00:00
[2025-12-08T08:08:04.463+0000] {processor.py:208} INFO - Processing /home/airflow/.local/lib/python3.12/site-packages/airflow/example_dags/example_task_group_decorator.py took 0.141 seconds
[2025-12-08T08:08:34.597+0000] {processor.py:186} INFO - Started process (PID=5295) to work on /home/airflow/.local/lib/python3.12/site-packages/airflow/example_dags/example_task_group_decorator.py
[2025-12-08T08:08:34.599+0000] {processor.py:914} INFO - Processing file /home/airflow/.local/lib/python3.12/site-packages/airflow/example_dags/example_task_group_decorator.py for tasks to queue
[2025-12-08T08:08:34.604+0000] {logging_mixin.py:190} INFO - [2025-12-08T08:08:34.603+0000] {dagbag.py:587} INFO - Filling up the DagBag from /home/airflow/.local/lib/python3.12/site-packages/airflow/example_dags/example_task_group_decorator.py
[2025-12-08T08:08:34.620+0000] {processor.py:925} INFO - DAG(s) 'example_task_group_decorator' retrieved from /home/airflow/.local/lib/python3.12/site-packages/airflow/example_dags/example_task_group_decorator.py
[2025-12-08T08:08:34.649+0000] {logging_mixin.py:190} INFO - [2025-12-08T08:08:34.649+0000] {dag.py:3211} INFO - Sync 1 DAGs
[2025-12-08T08:08:34.676+0000] {logging_mixin.py:190} INFO - [2025-12-08T08:08:34.676+0000] {dag.py:4138} INFO - Setting next_dagrun for example_task_group_decorator to 2025-12-07 00:00:00+00:00, run_after=2025-12-08 00:00:00+00:00
[2025-12-08T08:08:34.710+0000] {processor.py:208} INFO - Processing /home/airflow/.local/lib/python3.12/site-packages/airflow/example_dags/example_task_group_decorator.py took 0.120 seconds
[2025-12-08T08:09:05.289+0000] {processor.py:186} INFO - Started process (PID=5364) to work on /home/airflow/.local/lib/python3.12/site-packages/airflow/example_dags/example_task_group_decorator.py
[2025-12-08T08:09:05.292+0000] {processor.py:914} INFO - Processing file /home/airflow/.local/lib/python3.12/site-packages/airflow/example_dags/example_task_group_decorator.py for tasks to queue
[2025-12-08T08:09:05.297+0000] {logging_mixin.py:190} INFO - [2025-12-08T08:09:05.296+0000] {dagbag.py:587} INFO - Filling up the DagBag from /home/airflow/.local/lib/python3.12/site-packages/airflow/example_dags/example_task_group_decorator.py
[2025-12-08T08:09:05.335+0000] {processor.py:925} INFO - DAG(s) 'example_task_group_decorator' retrieved from /home/airflow/.local/lib/python3.12/site-packages/airflow/example_dags/example_task_group_decorator.py
[2025-12-08T08:09:05.391+0000] {logging_mixin.py:190} INFO - [2025-12-08T08:09:05.390+0000] {dag.py:3211} INFO - Sync 1 DAGs
[2025-12-08T08:09:05.438+0000] {logging_mixin.py:190} INFO - [2025-12-08T08:09:05.438+0000] {dag.py:4138} INFO - Setting next_dagrun for example_task_group_decorator to 2025-12-07 00:00:00+00:00, run_after=2025-12-08 00:00:00+00:00
[2025-12-08T08:09:05.484+0000] {processor.py:208} INFO - Processing /home/airflow/.local/lib/python3.12/site-packages/airflow/example_dags/example_task_group_decorator.py took 0.203 seconds
[2025-12-08T08:09:35.648+0000] {processor.py:186} INFO - Started process (PID=5426) to work on /home/airflow/.local/lib/python3.12/site-packages/airflow/example_dags/example_task_group_decorator.py
[2025-12-08T08:09:35.650+0000] {processor.py:914} INFO - Processing file /home/airflow/.local/lib/python3.12/site-packages/airflow/example_dags/example_task_group_decorator.py for tasks to queue
[2025-12-08T08:09:35.655+0000] {logging_mixin.py:190} INFO - [2025-12-08T08:09:35.654+0000] {dagbag.py:587} INFO - Filling up the DagBag from /home/airflow/.local/lib/python3.12/site-packages/airflow/example_dags/example_task_group_decorator.py
[2025-12-08T08:09:35.678+0000] {processor.py:925} INFO - DAG(s) 'example_task_group_decorator' retrieved from /home/airflow/.local/lib/python3.12/site-packages/airflow/example_dags/example_task_group_decorator.py
[2025-12-08T08:09:35.719+0000] {logging_mixin.py:190} INFO - [2025-12-08T08:09:35.718+0000] {dag.py:3211} INFO - Sync 1 DAGs
[2025-12-08T08:09:35.758+0000] {logging_mixin.py:190} INFO - [2025-12-08T08:09:35.758+0000] {dag.py:4138} INFO - Setting next_dagrun for example_task_group_decorator to 2025-12-07 00:00:00+00:00, run_after=2025-12-08 00:00:00+00:00
[2025-12-08T08:09:35.797+0000] {processor.py:208} INFO - Processing /home/airflow/.local/lib/python3.12/site-packages/airflow/example_dags/example_task_group_decorator.py took 0.157 seconds
[2025-12-08T08:10:05.881+0000] {processor.py:186} INFO - Started process (PID=5489) to work on /home/airflow/.local/lib/python3.12/site-packages/airflow/example_dags/example_task_group_decorator.py
[2025-12-08T08:10:05.883+0000] {processor.py:914} INFO - Processing file /home/airflow/.local/lib/python3.12/site-packages/airflow/example_dags/example_task_group_decorator.py for tasks to queue
[2025-12-08T08:10:05.887+0000] {logging_mixin.py:190} INFO - [2025-12-08T08:10:05.886+0000] {dagbag.py:587} INFO - Filling up the DagBag from /home/airflow/.local/lib/python3.12/site-packages/airflow/example_dags/example_task_group_decorator.py
[2025-12-08T08:10:05.924+0000] {processor.py:925} INFO - DAG(s) 'example_task_group_decorator' retrieved from /home/airflow/.local/lib/python3.12/site-packages/airflow/example_dags/example_task_group_decorator.py
[2025-12-08T08:10:05.963+0000] {logging_mixin.py:190} INFO - [2025-12-08T08:10:05.963+0000] {dag.py:3211} INFO - Sync 1 DAGs
[2025-12-08T08:10:05.994+0000] {logging_mixin.py:190} INFO - [2025-12-08T08:10:05.994+0000] {dag.py:4138} INFO - Setting next_dagrun for example_task_group_decorator to 2025-12-07 00:00:00+00:00, run_after=2025-12-08 00:00:00+00:00
[2025-12-08T08:10:06.024+0000] {processor.py:208} INFO - Processing /home/airflow/.local/lib/python3.12/site-packages/airflow/example_dags/example_task_group_decorator.py took 0.154 seconds
[2025-12-08T08:10:36.142+0000] {processor.py:186} INFO - Started process (PID=5552) to work on /home/airflow/.local/lib/python3.12/site-packages/airflow/example_dags/example_task_group_decorator.py
[2025-12-08T08:10:36.143+0000] {processor.py:914} INFO - Processing file /home/airflow/.local/lib/python3.12/site-packages/airflow/example_dags/example_task_group_decorator.py for tasks to queue
[2025-12-08T08:10:36.148+0000] {logging_mixin.py:190} INFO - [2025-12-08T08:10:36.147+0000] {dagbag.py:587} INFO - Filling up the DagBag from /home/airflow/.local/lib/python3.12/site-packages/airflow/example_dags/example_task_group_decorator.py
[2025-12-08T08:10:36.173+0000] {processor.py:925} INFO - DAG(s) 'example_task_group_decorator' retrieved from /home/airflow/.local/lib/python3.12/site-packages/airflow/example_dags/example_task_group_decorator.py
[2025-12-08T08:10:36.208+0000] {logging_mixin.py:190} INFO - [2025-12-08T08:10:36.208+0000] {dag.py:3211} INFO - Sync 1 DAGs
[2025-12-08T08:10:36.243+0000] {logging_mixin.py:190} INFO - [2025-12-08T08:10:36.243+0000] {dag.py:4138} INFO - Setting next_dagrun for example_task_group_decorator to 2025-12-07 00:00:00+00:00, run_after=2025-12-08 00:00:00+00:00
[2025-12-08T08:10:36.276+0000] {processor.py:208} INFO - Processing /home/airflow/.local/lib/python3.12/site-packages/airflow/example_dags/example_task_group_decorator.py took 0.144 seconds
[2025-12-08T08:11:06.967+0000] {processor.py:186} INFO - Started process (PID=5615) to work on /home/airflow/.local/lib/python3.12/site-packages/airflow/example_dags/example_task_group_decorator.py
[2025-12-08T08:11:06.969+0000] {processor.py:914} INFO - Processing file /home/airflow/.local/lib/python3.12/site-packages/airflow/example_dags/example_task_group_decorator.py for tasks to queue
[2025-12-08T08:11:06.972+0000] {logging_mixin.py:190} INFO - [2025-12-08T08:11:06.972+0000] {dagbag.py:587} INFO - Filling up the DagBag from /home/airflow/.local/lib/python3.12/site-packages/airflow/example_dags/example_task_group_decorator.py
[2025-12-08T08:11:06.990+0000] {processor.py:925} INFO - DAG(s) 'example_task_group_decorator' retrieved from /home/airflow/.local/lib/python3.12/site-packages/airflow/example_dags/example_task_group_decorator.py
[2025-12-08T08:11:07.021+0000] {logging_mixin.py:190} INFO - [2025-12-08T08:11:07.021+0000] {dag.py:3211} INFO - Sync 1 DAGs
[2025-12-08T08:11:07.051+0000] {logging_mixin.py:190} INFO - [2025-12-08T08:11:07.050+0000] {dag.py:4138} INFO - Setting next_dagrun for example_task_group_decorator to 2025-12-07 00:00:00+00:00, run_after=2025-12-08 00:00:00+00:00
[2025-12-08T08:11:07.078+0000] {processor.py:208} INFO - Processing /home/airflow/.local/lib/python3.12/site-packages/airflow/example_dags/example_task_group_decorator.py took 0.117 seconds
[2025-12-08T08:11:37.360+0000] {processor.py:186} INFO - Started process (PID=5678) to work on /home/airflow/.local/lib/python3.12/site-packages/airflow/example_dags/example_task_group_decorator.py
[2025-12-08T08:11:37.362+0000] {processor.py:914} INFO - Processing file /home/airflow/.local/lib/python3.12/site-packages/airflow/example_dags/example_task_group_decorator.py for tasks to queue
[2025-12-08T08:11:37.366+0000] {logging_mixin.py:190} INFO - [2025-12-08T08:11:37.365+0000] {dagbag.py:587} INFO - Filling up the DagBag from /home/airflow/.local/lib/python3.12/site-packages/airflow/example_dags/example_task_group_decorator.py
[2025-12-08T08:11:37.386+0000] {processor.py:925} INFO - DAG(s) 'example_task_group_decorator' retrieved from /home/airflow/.local/lib/python3.12/site-packages/airflow/example_dags/example_task_group_decorator.py
[2025-12-08T08:11:37.414+0000] {logging_mixin.py:190} INFO - [2025-12-08T08:11:37.414+0000] {dag.py:3211} INFO - Sync 1 DAGs
[2025-12-08T08:11:37.443+0000] {logging_mixin.py:190} INFO - [2025-12-08T08:11:37.443+0000] {dag.py:4138} INFO - Setting next_dagrun for example_task_group_decorator to 2025-12-07 00:00:00+00:00, run_after=2025-12-08 00:00:00+00:00
[2025-12-08T08:11:37.471+0000] {processor.py:208} INFO - Processing /home/airflow/.local/lib/python3.12/site-packages/airflow/example_dags/example_task_group_decorator.py took 0.117 seconds
[2025-12-08T08:12:08.028+0000] {processor.py:186} INFO - Started process (PID=5741) to work on /home/airflow/.local/lib/python3.12/site-packages/airflow/example_dags/example_task_group_decorator.py
[2025-12-08T08:12:08.030+0000] {processor.py:914} INFO - Processing file /home/airflow/.local/lib/python3.12/site-packages/airflow/example_dags/example_task_group_decorator.py for tasks to queue
[2025-12-08T08:12:08.036+0000] {logging_mixin.py:190} INFO - [2025-12-08T08:12:08.034+0000] {dagbag.py:587} INFO - Filling up the DagBag from /home/airflow/.local/lib/python3.12/site-packages/airflow/example_dags/example_task_group_decorator.py
[2025-12-08T08:12:08.054+0000] {processor.py:925} INFO - DAG(s) 'example_task_group_decorator' retrieved from /home/airflow/.local/lib/python3.12/site-packages/airflow/example_dags/example_task_group_decorator.py
[2025-12-08T08:12:08.092+0000] {logging_mixin.py:190} INFO - [2025-12-08T08:12:08.091+0000] {dag.py:3211} INFO - Sync 1 DAGs
[2025-12-08T08:12:08.125+0000] {logging_mixin.py:190} INFO - [2025-12-08T08:12:08.124+0000] {dag.py:4138} INFO - Setting next_dagrun for example_task_group_decorator to 2025-12-07 00:00:00+00:00, run_after=2025-12-08 00:00:00+00:00
[2025-12-08T08:12:08.157+0000] {processor.py:208} INFO - Processing /home/airflow/.local/lib/python3.12/site-packages/airflow/example_dags/example_task_group_decorator.py took 0.139 seconds
[2025-12-08T08:12:38.821+0000] {processor.py:186} INFO - Started process (PID=5805) to work on /home/airflow/.local/lib/python3.12/site-packages/airflow/example_dags/example_task_group_decorator.py
[2025-12-08T08:12:38.825+0000] {processor.py:914} INFO - Processing file /home/airflow/.local/lib/python3.12/site-packages/airflow/example_dags/example_task_group_decorator.py for tasks to queue
[2025-12-08T08:12:38.833+0000] {logging_mixin.py:190} INFO - [2025-12-08T08:12:38.831+0000] {dagbag.py:587} INFO - Filling up the DagBag from /home/airflow/.local/lib/python3.12/site-packages/airflow/example_dags/example_task_group_decorator.py
[2025-12-08T08:12:38.875+0000] {processor.py:925} INFO - DAG(s) 'example_task_group_decorator' retrieved from /home/airflow/.local/lib/python3.12/site-packages/airflow/example_dags/example_task_group_decorator.py
[2025-12-08T08:12:38.939+0000] {logging_mixin.py:190} INFO - [2025-12-08T08:12:38.938+0000] {dag.py:3211} INFO - Sync 1 DAGs
[2025-12-08T08:12:39.005+0000] {logging_mixin.py:190} INFO - [2025-12-08T08:12:39.004+0000] {dag.py:4138} INFO - Setting next_dagrun for example_task_group_decorator to 2025-12-07 00:00:00+00:00, run_after=2025-12-08 00:00:00+00:00
[2025-12-08T08:12:39.063+0000] {processor.py:208} INFO - Processing /home/airflow/.local/lib/python3.12/site-packages/airflow/example_dags/example_task_group_decorator.py took 0.255 seconds
[2025-12-08T08:13:09.328+0000] {processor.py:186} INFO - Started process (PID=5868) to work on /home/airflow/.local/lib/python3.12/site-packages/airflow/example_dags/example_task_group_decorator.py
[2025-12-08T08:13:09.332+0000] {processor.py:914} INFO - Processing file /home/airflow/.local/lib/python3.12/site-packages/airflow/example_dags/example_task_group_decorator.py for tasks to queue
[2025-12-08T08:13:09.338+0000] {logging_mixin.py:190} INFO - [2025-12-08T08:13:09.337+0000] {dagbag.py:587} INFO - Filling up the DagBag from /home/airflow/.local/lib/python3.12/site-packages/airflow/example_dags/example_task_group_decorator.py
[2025-12-08T08:13:09.396+0000] {processor.py:925} INFO - DAG(s) 'example_task_group_decorator' retrieved from /home/airflow/.local/lib/python3.12/site-packages/airflow/example_dags/example_task_group_decorator.py
[2025-12-08T08:13:09.474+0000] {logging_mixin.py:190} INFO - [2025-12-08T08:13:09.474+0000] {dag.py:3211} INFO - Sync 1 DAGs
[2025-12-08T08:13:09.568+0000] {logging_mixin.py:190} INFO - [2025-12-08T08:13:09.567+0000] {dag.py:4138} INFO - Setting next_dagrun for example_task_group_decorator to 2025-12-07 00:00:00+00:00, run_after=2025-12-08 00:00:00+00:00
[2025-12-08T08:13:09.638+0000] {processor.py:208} INFO - Processing /home/airflow/.local/lib/python3.12/site-packages/airflow/example_dags/example_task_group_decorator.py took 0.325 seconds
[2025-12-08T08:13:39.857+0000] {processor.py:186} INFO - Started process (PID=5931) to work on /home/airflow/.local/lib/python3.12/site-packages/airflow/example_dags/example_task_group_decorator.py
[2025-12-08T08:13:39.859+0000] {processor.py:914} INFO - Processing file /home/airflow/.local/lib/python3.12/site-packages/airflow/example_dags/example_task_group_decorator.py for tasks to queue
[2025-12-08T08:13:39.863+0000] {logging_mixin.py:190} INFO - [2025-12-08T08:13:39.863+0000] {dagbag.py:587} INFO - Filling up the DagBag from /home/airflow/.local/lib/python3.12/site-packages/airflow/example_dags/example_task_group_decorator.py
[2025-12-08T08:13:39.877+0000] {processor.py:925} INFO - DAG(s) 'example_task_group_decorator' retrieved from /home/airflow/.local/lib/python3.12/site-packages/airflow/example_dags/example_task_group_decorator.py
[2025-12-08T08:13:39.899+0000] {logging_mixin.py:190} INFO - [2025-12-08T08:13:39.899+0000] {dag.py:3211} INFO - Sync 1 DAGs
[2025-12-08T08:13:39.920+0000] {logging_mixin.py:190} INFO - [2025-12-08T08:13:39.920+0000] {dag.py:4138} INFO - Setting next_dagrun for example_task_group_decorator to 2025-12-07 00:00:00+00:00, run_after=2025-12-08 00:00:00+00:00
[2025-12-08T08:13:39.946+0000] {processor.py:208} INFO - Processing /home/airflow/.local/lib/python3.12/site-packages/airflow/example_dags/example_task_group_decorator.py took 0.095 seconds
[2025-12-08T08:14:10.757+0000] {processor.py:186} INFO - Started process (PID=5994) to work on /home/airflow/.local/lib/python3.12/site-packages/airflow/example_dags/example_task_group_decorator.py
[2025-12-08T08:14:10.759+0000] {processor.py:914} INFO - Processing file /home/airflow/.local/lib/python3.12/site-packages/airflow/example_dags/example_task_group_decorator.py for tasks to queue
[2025-12-08T08:14:10.763+0000] {logging_mixin.py:190} INFO - [2025-12-08T08:14:10.763+0000] {dagbag.py:587} INFO - Filling up the DagBag from /home/airflow/.local/lib/python3.12/site-packages/airflow/example_dags/example_task_group_decorator.py
[2025-12-08T08:14:10.780+0000] {processor.py:925} INFO - DAG(s) 'example_task_group_decorator' retrieved from /home/airflow/.local/lib/python3.12/site-packages/airflow/example_dags/example_task_group_decorator.py
[2025-12-08T08:14:10.808+0000] {logging_mixin.py:190} INFO - [2025-12-08T08:14:10.808+0000] {dag.py:3211} INFO - Sync 1 DAGs
[2025-12-08T08:14:10.831+0000] {logging_mixin.py:190} INFO - [2025-12-08T08:14:10.831+0000] {dag.py:4138} INFO - Setting next_dagrun for example_task_group_decorator to 2025-12-07 00:00:00+00:00, run_after=2025-12-08 00:00:00+00:00
[2025-12-08T08:14:10.852+0000] {processor.py:208} INFO - Processing /home/airflow/.local/lib/python3.12/site-packages/airflow/example_dags/example_task_group_decorator.py took 0.106 seconds
[2025-12-08T08:14:41.271+0000] {processor.py:186} INFO - Started process (PID=6058) to work on /home/airflow/.local/lib/python3.12/site-packages/airflow/example_dags/example_task_group_decorator.py
[2025-12-08T08:14:41.273+0000] {processor.py:914} INFO - Processing file /home/airflow/.local/lib/python3.12/site-packages/airflow/example_dags/example_task_group_decorator.py for tasks to queue
[2025-12-08T08:14:41.277+0000] {logging_mixin.py:190} INFO - [2025-12-08T08:14:41.277+0000] {dagbag.py:587} INFO - Filling up the DagBag from /home/airflow/.local/lib/python3.12/site-packages/airflow/example_dags/example_task_group_decorator.py
[2025-12-08T08:14:41.295+0000] {processor.py:925} INFO - DAG(s) 'example_task_group_decorator' retrieved from /home/airflow/.local/lib/python3.12/site-packages/airflow/example_dags/example_task_group_decorator.py
[2025-12-08T08:14:41.323+0000] {logging_mixin.py:190} INFO - [2025-12-08T08:14:41.322+0000] {dag.py:3211} INFO - Sync 1 DAGs
[2025-12-08T08:14:41.347+0000] {logging_mixin.py:190} INFO - [2025-12-08T08:14:41.346+0000] {dag.py:4138} INFO - Setting next_dagrun for example_task_group_decorator to 2025-12-07 00:00:00+00:00, run_after=2025-12-08 00:00:00+00:00
[2025-12-08T08:14:41.368+0000] {processor.py:208} INFO - Processing /home/airflow/.local/lib/python3.12/site-packages/airflow/example_dags/example_task_group_decorator.py took 0.108 seconds
[2025-12-08T08:15:12.049+0000] {processor.py:186} INFO - Started process (PID=6121) to work on /home/airflow/.local/lib/python3.12/site-packages/airflow/example_dags/example_task_group_decorator.py
[2025-12-08T08:15:12.051+0000] {processor.py:914} INFO - Processing file /home/airflow/.local/lib/python3.12/site-packages/airflow/example_dags/example_task_group_decorator.py for tasks to queue
[2025-12-08T08:15:12.055+0000] {logging_mixin.py:190} INFO - [2025-12-08T08:15:12.054+0000] {dagbag.py:587} INFO - Filling up the DagBag from /home/airflow/.local/lib/python3.12/site-packages/airflow/example_dags/example_task_group_decorator.py
[2025-12-08T08:15:12.070+0000] {processor.py:925} INFO - DAG(s) 'example_task_group_decorator' retrieved from /home/airflow/.local/lib/python3.12/site-packages/airflow/example_dags/example_task_group_decorator.py
[2025-12-08T08:15:12.097+0000] {logging_mixin.py:190} INFO - [2025-12-08T08:15:12.096+0000] {dag.py:3211} INFO - Sync 1 DAGs
[2025-12-08T08:15:12.119+0000] {logging_mixin.py:190} INFO - [2025-12-08T08:15:12.119+0000] {dag.py:4138} INFO - Setting next_dagrun for example_task_group_decorator to 2025-12-07 00:00:00+00:00, run_after=2025-12-08 00:00:00+00:00
[2025-12-08T08:15:12.143+0000] {processor.py:208} INFO - Processing /home/airflow/.local/lib/python3.12/site-packages/airflow/example_dags/example_task_group_decorator.py took 0.103 seconds
[2025-12-08T08:15:42.837+0000] {processor.py:186} INFO - Started process (PID=6184) to work on /home/airflow/.local/lib/python3.12/site-packages/airflow/example_dags/example_task_group_decorator.py
[2025-12-08T08:15:42.839+0000] {processor.py:914} INFO - Processing file /home/airflow/.local/lib/python3.12/site-packages/airflow/example_dags/example_task_group_decorator.py for tasks to queue
[2025-12-08T08:15:42.843+0000] {logging_mixin.py:190} INFO - [2025-12-08T08:15:42.842+0000] {dagbag.py:587} INFO - Filling up the DagBag from /home/airflow/.local/lib/python3.12/site-packages/airflow/example_dags/example_task_group_decorator.py
[2025-12-08T08:15:42.861+0000] {processor.py:925} INFO - DAG(s) 'example_task_group_decorator' retrieved from /home/airflow/.local/lib/python3.12/site-packages/airflow/example_dags/example_task_group_decorator.py
[2025-12-08T08:15:42.891+0000] {logging_mixin.py:190} INFO - [2025-12-08T08:15:42.891+0000] {dag.py:3211} INFO - Sync 1 DAGs
[2025-12-08T08:15:42.917+0000] {logging_mixin.py:190} INFO - [2025-12-08T08:15:42.917+0000] {dag.py:4138} INFO - Setting next_dagrun for example_task_group_decorator to 2025-12-07 00:00:00+00:00, run_after=2025-12-08 00:00:00+00:00
[2025-12-08T08:15:42.943+0000] {processor.py:208} INFO - Processing /home/airflow/.local/lib/python3.12/site-packages/airflow/example_dags/example_task_group_decorator.py took 0.111 seconds
[2025-12-08T08:16:13.246+0000] {processor.py:186} INFO - Started process (PID=6247) to work on /home/airflow/.local/lib/python3.12/site-packages/airflow/example_dags/example_task_group_decorator.py
[2025-12-08T08:16:13.248+0000] {processor.py:914} INFO - Processing file /home/airflow/.local/lib/python3.12/site-packages/airflow/example_dags/example_task_group_decorator.py for tasks to queue
[2025-12-08T08:16:13.252+0000] {logging_mixin.py:190} INFO - [2025-12-08T08:16:13.251+0000] {dagbag.py:587} INFO - Filling up the DagBag from /home/airflow/.local/lib/python3.12/site-packages/airflow/example_dags/example_task_group_decorator.py
[2025-12-08T08:16:13.271+0000] {processor.py:925} INFO - DAG(s) 'example_task_group_decorator' retrieved from /home/airflow/.local/lib/python3.12/site-packages/airflow/example_dags/example_task_group_decorator.py
[2025-12-08T08:16:13.307+0000] {logging_mixin.py:190} INFO - [2025-12-08T08:16:13.307+0000] {dag.py:3211} INFO - Sync 1 DAGs
[2025-12-08T08:16:13.333+0000] {logging_mixin.py:190} INFO - [2025-12-08T08:16:13.332+0000] {dag.py:4138} INFO - Setting next_dagrun for example_task_group_decorator to 2025-12-07 00:00:00+00:00, run_after=2025-12-08 00:00:00+00:00
[2025-12-08T08:16:13.359+0000] {processor.py:208} INFO - Processing /home/airflow/.local/lib/python3.12/site-packages/airflow/example_dags/example_task_group_decorator.py took 0.121 seconds
[2025-12-08T08:16:43.672+0000] {processor.py:186} INFO - Started process (PID=6310) to work on /home/airflow/.local/lib/python3.12/site-packages/airflow/example_dags/example_task_group_decorator.py
[2025-12-08T08:16:43.674+0000] {processor.py:914} INFO - Processing file /home/airflow/.local/lib/python3.12/site-packages/airflow/example_dags/example_task_group_decorator.py for tasks to queue
[2025-12-08T08:16:43.677+0000] {logging_mixin.py:190} INFO - [2025-12-08T08:16:43.677+0000] {dagbag.py:587} INFO - Filling up the DagBag from /home/airflow/.local/lib/python3.12/site-packages/airflow/example_dags/example_task_group_decorator.py
[2025-12-08T08:16:43.695+0000] {processor.py:925} INFO - DAG(s) 'example_task_group_decorator' retrieved from /home/airflow/.local/lib/python3.12/site-packages/airflow/example_dags/example_task_group_decorator.py
[2025-12-08T08:16:43.721+0000] {logging_mixin.py:190} INFO - [2025-12-08T08:16:43.720+0000] {dag.py:3211} INFO - Sync 1 DAGs
[2025-12-08T08:16:43.747+0000] {logging_mixin.py:190} INFO - [2025-12-08T08:16:43.747+0000] {dag.py:4138} INFO - Setting next_dagrun for example_task_group_decorator to 2025-12-07 00:00:00+00:00, run_after=2025-12-08 00:00:00+00:00
[2025-12-08T08:16:43.769+0000] {processor.py:208} INFO - Processing /home/airflow/.local/lib/python3.12/site-packages/airflow/example_dags/example_task_group_decorator.py took 0.106 seconds
[2025-12-08T08:17:14.236+0000] {processor.py:186} INFO - Started process (PID=6373) to work on /home/airflow/.local/lib/python3.12/site-packages/airflow/example_dags/example_task_group_decorator.py
[2025-12-08T08:17:14.238+0000] {processor.py:914} INFO - Processing file /home/airflow/.local/lib/python3.12/site-packages/airflow/example_dags/example_task_group_decorator.py for tasks to queue
[2025-12-08T08:17:14.242+0000] {logging_mixin.py:190} INFO - [2025-12-08T08:17:14.241+0000] {dagbag.py:587} INFO - Filling up the DagBag from /home/airflow/.local/lib/python3.12/site-packages/airflow/example_dags/example_task_group_decorator.py
[2025-12-08T08:17:14.258+0000] {processor.py:925} INFO - DAG(s) 'example_task_group_decorator' retrieved from /home/airflow/.local/lib/python3.12/site-packages/airflow/example_dags/example_task_group_decorator.py
[2025-12-08T08:17:14.286+0000] {logging_mixin.py:190} INFO - [2025-12-08T08:17:14.285+0000] {dag.py:3211} INFO - Sync 1 DAGs
[2025-12-08T08:17:14.312+0000] {logging_mixin.py:190} INFO - [2025-12-08T08:17:14.311+0000] {dag.py:4138} INFO - Setting next_dagrun for example_task_group_decorator to 2025-12-07 00:00:00+00:00, run_after=2025-12-08 00:00:00+00:00
[2025-12-08T08:17:14.335+0000] {processor.py:208} INFO - Processing /home/airflow/.local/lib/python3.12/site-packages/airflow/example_dags/example_task_group_decorator.py took 0.106 seconds
[2025-12-08T08:17:44.762+0000] {processor.py:186} INFO - Started process (PID=6436) to work on /home/airflow/.local/lib/python3.12/site-packages/airflow/example_dags/example_task_group_decorator.py
[2025-12-08T08:17:44.765+0000] {processor.py:914} INFO - Processing file /home/airflow/.local/lib/python3.12/site-packages/airflow/example_dags/example_task_group_decorator.py for tasks to queue
[2025-12-08T08:17:44.768+0000] {logging_mixin.py:190} INFO - [2025-12-08T08:17:44.768+0000] {dagbag.py:587} INFO - Filling up the DagBag from /home/airflow/.local/lib/python3.12/site-packages/airflow/example_dags/example_task_group_decorator.py
[2025-12-08T08:17:44.786+0000] {processor.py:925} INFO - DAG(s) 'example_task_group_decorator' retrieved from /home/airflow/.local/lib/python3.12/site-packages/airflow/example_dags/example_task_group_decorator.py
[2025-12-08T08:17:44.813+0000] {logging_mixin.py:190} INFO - [2025-12-08T08:17:44.812+0000] {dag.py:3211} INFO - Sync 1 DAGs
[2025-12-08T08:17:44.836+0000] {logging_mixin.py:190} INFO - [2025-12-08T08:17:44.836+0000] {dag.py:4138} INFO - Setting next_dagrun for example_task_group_decorator to 2025-12-07 00:00:00+00:00, run_after=2025-12-08 00:00:00+00:00
[2025-12-08T08:17:44.860+0000] {processor.py:208} INFO - Processing /home/airflow/.local/lib/python3.12/site-packages/airflow/example_dags/example_task_group_decorator.py took 0.107 seconds
[2025-12-08T08:18:15.210+0000] {processor.py:186} INFO - Started process (PID=6499) to work on /home/airflow/.local/lib/python3.12/site-packages/airflow/example_dags/example_task_group_decorator.py
[2025-12-08T08:18:15.212+0000] {processor.py:914} INFO - Processing file /home/airflow/.local/lib/python3.12/site-packages/airflow/example_dags/example_task_group_decorator.py for tasks to queue
[2025-12-08T08:18:15.217+0000] {logging_mixin.py:190} INFO - [2025-12-08T08:18:15.217+0000] {dagbag.py:587} INFO - Filling up the DagBag from /home/airflow/.local/lib/python3.12/site-packages/airflow/example_dags/example_task_group_decorator.py
[2025-12-08T08:18:15.232+0000] {processor.py:925} INFO - DAG(s) 'example_task_group_decorator' retrieved from /home/airflow/.local/lib/python3.12/site-packages/airflow/example_dags/example_task_group_decorator.py
[2025-12-08T08:18:15.260+0000] {logging_mixin.py:190} INFO - [2025-12-08T08:18:15.260+0000] {dag.py:3211} INFO - Sync 1 DAGs
[2025-12-08T08:18:15.284+0000] {logging_mixin.py:190} INFO - [2025-12-08T08:18:15.284+0000] {dag.py:4138} INFO - Setting next_dagrun for example_task_group_decorator to 2025-12-07 00:00:00+00:00, run_after=2025-12-08 00:00:00+00:00
[2025-12-08T08:18:15.306+0000] {processor.py:208} INFO - Processing /home/airflow/.local/lib/python3.12/site-packages/airflow/example_dags/example_task_group_decorator.py took 0.106 seconds
[2025-12-08T08:18:45.786+0000] {processor.py:186} INFO - Started process (PID=6562) to work on /home/airflow/.local/lib/python3.12/site-packages/airflow/example_dags/example_task_group_decorator.py
[2025-12-08T08:18:45.788+0000] {processor.py:914} INFO - Processing file /home/airflow/.local/lib/python3.12/site-packages/airflow/example_dags/example_task_group_decorator.py for tasks to queue
[2025-12-08T08:18:45.791+0000] {logging_mixin.py:190} INFO - [2025-12-08T08:18:45.790+0000] {dagbag.py:587} INFO - Filling up the DagBag from /home/airflow/.local/lib/python3.12/site-packages/airflow/example_dags/example_task_group_decorator.py
[2025-12-08T08:18:45.806+0000] {processor.py:925} INFO - DAG(s) 'example_task_group_decorator' retrieved from /home/airflow/.local/lib/python3.12/site-packages/airflow/example_dags/example_task_group_decorator.py
[2025-12-08T08:18:45.832+0000] {logging_mixin.py:190} INFO - [2025-12-08T08:18:45.832+0000] {dag.py:3211} INFO - Sync 1 DAGs
[2025-12-08T08:18:45.857+0000] {logging_mixin.py:190} INFO - [2025-12-08T08:18:45.856+0000] {dag.py:4138} INFO - Setting next_dagrun for example_task_group_decorator to 2025-12-07 00:00:00+00:00, run_after=2025-12-08 00:00:00+00:00
[2025-12-08T08:18:45.877+0000] {processor.py:208} INFO - Processing /home/airflow/.local/lib/python3.12/site-packages/airflow/example_dags/example_task_group_decorator.py took 0.097 seconds
[2025-12-08T08:19:16.215+0000] {processor.py:186} INFO - Started process (PID=6625) to work on /home/airflow/.local/lib/python3.12/site-packages/airflow/example_dags/example_task_group_decorator.py
[2025-12-08T08:19:16.219+0000] {processor.py:914} INFO - Processing file /home/airflow/.local/lib/python3.12/site-packages/airflow/example_dags/example_task_group_decorator.py for tasks to queue
[2025-12-08T08:19:16.228+0000] {logging_mixin.py:190} INFO - [2025-12-08T08:19:16.227+0000] {dagbag.py:587} INFO - Filling up the DagBag from /home/airflow/.local/lib/python3.12/site-packages/airflow/example_dags/example_task_group_decorator.py
[2025-12-08T08:19:16.266+0000] {processor.py:925} INFO - DAG(s) 'example_task_group_decorator' retrieved from /home/airflow/.local/lib/python3.12/site-packages/airflow/example_dags/example_task_group_decorator.py
[2025-12-08T08:19:16.306+0000] {logging_mixin.py:190} INFO - [2025-12-08T08:19:16.306+0000] {dag.py:3211} INFO - Sync 1 DAGs
[2025-12-08T08:19:16.340+0000] {logging_mixin.py:190} INFO - [2025-12-08T08:19:16.339+0000] {dag.py:4138} INFO - Setting next_dagrun for example_task_group_decorator to 2025-12-07 00:00:00+00:00, run_after=2025-12-08 00:00:00+00:00
[2025-12-08T08:19:16.373+0000] {processor.py:208} INFO - Processing /home/airflow/.local/lib/python3.12/site-packages/airflow/example_dags/example_task_group_decorator.py took 0.174 seconds
[2025-12-08T08:19:46.822+0000] {processor.py:186} INFO - Started process (PID=6688) to work on /home/airflow/.local/lib/python3.12/site-packages/airflow/example_dags/example_task_group_decorator.py
[2025-12-08T08:19:46.826+0000] {processor.py:914} INFO - Processing file /home/airflow/.local/lib/python3.12/site-packages/airflow/example_dags/example_task_group_decorator.py for tasks to queue
[2025-12-08T08:19:46.838+0000] {logging_mixin.py:190} INFO - [2025-12-08T08:19:46.836+0000] {dagbag.py:587} INFO - Filling up the DagBag from /home/airflow/.local/lib/python3.12/site-packages/airflow/example_dags/example_task_group_decorator.py
[2025-12-08T08:19:46.883+0000] {processor.py:925} INFO - DAG(s) 'example_task_group_decorator' retrieved from /home/airflow/.local/lib/python3.12/site-packages/airflow/example_dags/example_task_group_decorator.py
[2025-12-08T08:19:46.938+0000] {logging_mixin.py:190} INFO - [2025-12-08T08:19:46.938+0000] {dag.py:3211} INFO - Sync 1 DAGs
[2025-12-08T08:19:46.979+0000] {logging_mixin.py:190} INFO - [2025-12-08T08:19:46.979+0000] {dag.py:4138} INFO - Setting next_dagrun for example_task_group_decorator to 2025-12-07 00:00:00+00:00, run_after=2025-12-08 00:00:00+00:00
[2025-12-08T08:19:47.044+0000] {processor.py:208} INFO - Processing /home/airflow/.local/lib/python3.12/site-packages/airflow/example_dags/example_task_group_decorator.py took 0.243 seconds
[2025-12-08T08:20:17.915+0000] {processor.py:186} INFO - Started process (PID=6751) to work on /home/airflow/.local/lib/python3.12/site-packages/airflow/example_dags/example_task_group_decorator.py
[2025-12-08T08:20:17.918+0000] {processor.py:914} INFO - Processing file /home/airflow/.local/lib/python3.12/site-packages/airflow/example_dags/example_task_group_decorator.py for tasks to queue
[2025-12-08T08:20:17.930+0000] {logging_mixin.py:190} INFO - [2025-12-08T08:20:17.929+0000] {dagbag.py:587} INFO - Filling up the DagBag from /home/airflow/.local/lib/python3.12/site-packages/airflow/example_dags/example_task_group_decorator.py
[2025-12-08T08:20:17.962+0000] {processor.py:925} INFO - DAG(s) 'example_task_group_decorator' retrieved from /home/airflow/.local/lib/python3.12/site-packages/airflow/example_dags/example_task_group_decorator.py
[2025-12-08T08:20:18.017+0000] {logging_mixin.py:190} INFO - [2025-12-08T08:20:18.016+0000] {dag.py:3211} INFO - Sync 1 DAGs
[2025-12-08T08:20:18.067+0000] {logging_mixin.py:190} INFO - [2025-12-08T08:20:18.067+0000] {dag.py:4138} INFO - Setting next_dagrun for example_task_group_decorator to 2025-12-07 00:00:00+00:00, run_after=2025-12-08 00:00:00+00:00
[2025-12-08T08:20:18.115+0000] {processor.py:208} INFO - Processing /home/airflow/.local/lib/python3.12/site-packages/airflow/example_dags/example_task_group_decorator.py took 0.223 seconds
[2025-12-08T08:20:48.441+0000] {processor.py:186} INFO - Started process (PID=6815) to work on /home/airflow/.local/lib/python3.12/site-packages/airflow/example_dags/example_task_group_decorator.py
[2025-12-08T08:20:48.444+0000] {processor.py:914} INFO - Processing file /home/airflow/.local/lib/python3.12/site-packages/airflow/example_dags/example_task_group_decorator.py for tasks to queue
[2025-12-08T08:20:48.450+0000] {logging_mixin.py:190} INFO - [2025-12-08T08:20:48.449+0000] {dagbag.py:587} INFO - Filling up the DagBag from /home/airflow/.local/lib/python3.12/site-packages/airflow/example_dags/example_task_group_decorator.py
[2025-12-08T08:20:48.478+0000] {processor.py:925} INFO - DAG(s) 'example_task_group_decorator' retrieved from /home/airflow/.local/lib/python3.12/site-packages/airflow/example_dags/example_task_group_decorator.py
[2025-12-08T08:20:48.524+0000] {logging_mixin.py:190} INFO - [2025-12-08T08:20:48.523+0000] {dag.py:3211} INFO - Sync 1 DAGs
[2025-12-08T08:20:48.573+0000] {logging_mixin.py:190} INFO - [2025-12-08T08:20:48.573+0000] {dag.py:4138} INFO - Setting next_dagrun for example_task_group_decorator to 2025-12-07 00:00:00+00:00, run_after=2025-12-08 00:00:00+00:00
[2025-12-08T08:20:48.610+0000] {processor.py:208} INFO - Processing /home/airflow/.local/lib/python3.12/site-packages/airflow/example_dags/example_task_group_decorator.py took 0.189 seconds
[2025-12-08T08:21:19.044+0000] {processor.py:186} INFO - Started process (PID=6878) to work on /home/airflow/.local/lib/python3.12/site-packages/airflow/example_dags/example_task_group_decorator.py
[2025-12-08T08:21:19.047+0000] {processor.py:914} INFO - Processing file /home/airflow/.local/lib/python3.12/site-packages/airflow/example_dags/example_task_group_decorator.py for tasks to queue
[2025-12-08T08:21:19.052+0000] {logging_mixin.py:190} INFO - [2025-12-08T08:21:19.052+0000] {dagbag.py:587} INFO - Filling up the DagBag from /home/airflow/.local/lib/python3.12/site-packages/airflow/example_dags/example_task_group_decorator.py
[2025-12-08T08:21:19.100+0000] {processor.py:925} INFO - DAG(s) 'example_task_group_decorator' retrieved from /home/airflow/.local/lib/python3.12/site-packages/airflow/example_dags/example_task_group_decorator.py
[2025-12-08T08:21:19.193+0000] {logging_mixin.py:190} INFO - [2025-12-08T08:21:19.192+0000] {dag.py:3211} INFO - Sync 1 DAGs
[2025-12-08T08:21:19.264+0000] {logging_mixin.py:190} INFO - [2025-12-08T08:21:19.263+0000] {dag.py:4138} INFO - Setting next_dagrun for example_task_group_decorator to 2025-12-07 00:00:00+00:00, run_after=2025-12-08 00:00:00+00:00
[2025-12-08T08:21:19.312+0000] {processor.py:208} INFO - Processing /home/airflow/.local/lib/python3.12/site-packages/airflow/example_dags/example_task_group_decorator.py took 0.279 seconds
[2025-12-08T08:21:49.710+0000] {processor.py:186} INFO - Started process (PID=6942) to work on /home/airflow/.local/lib/python3.12/site-packages/airflow/example_dags/example_task_group_decorator.py
[2025-12-08T08:21:49.714+0000] {processor.py:914} INFO - Processing file /home/airflow/.local/lib/python3.12/site-packages/airflow/example_dags/example_task_group_decorator.py for tasks to queue
[2025-12-08T08:21:49.724+0000] {logging_mixin.py:190} INFO - [2025-12-08T08:21:49.723+0000] {dagbag.py:587} INFO - Filling up the DagBag from /home/airflow/.local/lib/python3.12/site-packages/airflow/example_dags/example_task_group_decorator.py
[2025-12-08T08:21:49.764+0000] {processor.py:925} INFO - DAG(s) 'example_task_group_decorator' retrieved from /home/airflow/.local/lib/python3.12/site-packages/airflow/example_dags/example_task_group_decorator.py
[2025-12-08T08:21:49.817+0000] {logging_mixin.py:190} INFO - [2025-12-08T08:21:49.817+0000] {dag.py:3211} INFO - Sync 1 DAGs
[2025-12-08T08:21:49.862+0000] {logging_mixin.py:190} INFO - [2025-12-08T08:21:49.861+0000] {dag.py:4138} INFO - Setting next_dagrun for example_task_group_decorator to 2025-12-07 00:00:00+00:00, run_after=2025-12-08 00:00:00+00:00
[2025-12-08T08:21:49.900+0000] {processor.py:208} INFO - Processing /home/airflow/.local/lib/python3.12/site-packages/airflow/example_dags/example_task_group_decorator.py took 0.208 seconds
[2025-12-08T08:22:20.269+0000] {processor.py:186} INFO - Started process (PID=7004) to work on /home/airflow/.local/lib/python3.12/site-packages/airflow/example_dags/example_task_group_decorator.py
[2025-12-08T08:22:20.271+0000] {processor.py:914} INFO - Processing file /home/airflow/.local/lib/python3.12/site-packages/airflow/example_dags/example_task_group_decorator.py for tasks to queue
[2025-12-08T08:22:20.278+0000] {logging_mixin.py:190} INFO - [2025-12-08T08:22:20.277+0000] {dagbag.py:587} INFO - Filling up the DagBag from /home/airflow/.local/lib/python3.12/site-packages/airflow/example_dags/example_task_group_decorator.py
[2025-12-08T08:22:20.306+0000] {processor.py:925} INFO - DAG(s) 'example_task_group_decorator' retrieved from /home/airflow/.local/lib/python3.12/site-packages/airflow/example_dags/example_task_group_decorator.py
[2025-12-08T08:22:20.342+0000] {logging_mixin.py:190} INFO - [2025-12-08T08:22:20.342+0000] {dag.py:3211} INFO - Sync 1 DAGs
[2025-12-08T08:22:20.379+0000] {logging_mixin.py:190} INFO - [2025-12-08T08:22:20.379+0000] {dag.py:4138} INFO - Setting next_dagrun for example_task_group_decorator to 2025-12-07 00:00:00+00:00, run_after=2025-12-08 00:00:00+00:00
[2025-12-08T08:22:20.409+0000] {processor.py:208} INFO - Processing /home/airflow/.local/lib/python3.12/site-packages/airflow/example_dags/example_task_group_decorator.py took 0.149 seconds
[2025-12-08T08:22:50.555+0000] {processor.py:186} INFO - Started process (PID=7067) to work on /home/airflow/.local/lib/python3.12/site-packages/airflow/example_dags/example_task_group_decorator.py
[2025-12-08T08:22:50.556+0000] {processor.py:914} INFO - Processing file /home/airflow/.local/lib/python3.12/site-packages/airflow/example_dags/example_task_group_decorator.py for tasks to queue
[2025-12-08T08:22:50.560+0000] {logging_mixin.py:190} INFO - [2025-12-08T08:22:50.560+0000] {dagbag.py:587} INFO - Filling up the DagBag from /home/airflow/.local/lib/python3.12/site-packages/airflow/example_dags/example_task_group_decorator.py
[2025-12-08T08:22:50.576+0000] {processor.py:925} INFO - DAG(s) 'example_task_group_decorator' retrieved from /home/airflow/.local/lib/python3.12/site-packages/airflow/example_dags/example_task_group_decorator.py
[2025-12-08T08:22:50.604+0000] {logging_mixin.py:190} INFO - [2025-12-08T08:22:50.604+0000] {dag.py:3211} INFO - Sync 1 DAGs
[2025-12-08T08:22:50.631+0000] {logging_mixin.py:190} INFO - [2025-12-08T08:22:50.631+0000] {dag.py:4138} INFO - Setting next_dagrun for example_task_group_decorator to 2025-12-07 00:00:00+00:00, run_after=2025-12-08 00:00:00+00:00
[2025-12-08T08:22:50.656+0000] {processor.py:208} INFO - Processing /home/airflow/.local/lib/python3.12/site-packages/airflow/example_dags/example_task_group_decorator.py took 0.107 seconds
[2025-12-08T08:23:20.809+0000] {processor.py:186} INFO - Started process (PID=7130) to work on /home/airflow/.local/lib/python3.12/site-packages/airflow/example_dags/example_task_group_decorator.py
[2025-12-08T08:23:20.812+0000] {processor.py:914} INFO - Processing file /home/airflow/.local/lib/python3.12/site-packages/airflow/example_dags/example_task_group_decorator.py for tasks to queue
[2025-12-08T08:23:20.816+0000] {logging_mixin.py:190} INFO - [2025-12-08T08:23:20.815+0000] {dagbag.py:587} INFO - Filling up the DagBag from /home/airflow/.local/lib/python3.12/site-packages/airflow/example_dags/example_task_group_decorator.py
[2025-12-08T08:23:20.934+0000] {processor.py:925} INFO - DAG(s) 'example_task_group_decorator' retrieved from /home/airflow/.local/lib/python3.12/site-packages/airflow/example_dags/example_task_group_decorator.py
[2025-12-08T08:23:20.968+0000] {logging_mixin.py:190} INFO - [2025-12-08T08:23:20.968+0000] {dag.py:3211} INFO - Sync 1 DAGs
[2025-12-08T08:23:20.999+0000] {logging_mixin.py:190} INFO - [2025-12-08T08:23:20.999+0000] {dag.py:4138} INFO - Setting next_dagrun for example_task_group_decorator to 2025-12-07 00:00:00+00:00, run_after=2025-12-08 00:00:00+00:00
[2025-12-08T08:23:21.026+0000] {processor.py:208} INFO - Processing /home/airflow/.local/lib/python3.12/site-packages/airflow/example_dags/example_task_group_decorator.py took 0.129 seconds
[2025-12-08T08:23:51.693+0000] {processor.py:186} INFO - Started process (PID=7193) to work on /home/airflow/.local/lib/python3.12/site-packages/airflow/example_dags/example_task_group_decorator.py
[2025-12-08T08:23:51.695+0000] {processor.py:914} INFO - Processing file /home/airflow/.local/lib/python3.12/site-packages/airflow/example_dags/example_task_group_decorator.py for tasks to queue
[2025-12-08T08:23:51.697+0000] {logging_mixin.py:190} INFO - [2025-12-08T08:23:51.697+0000] {dagbag.py:587} INFO - Filling up the DagBag from /home/airflow/.local/lib/python3.12/site-packages/airflow/example_dags/example_task_group_decorator.py
[2025-12-08T08:23:51.717+0000] {processor.py:925} INFO - DAG(s) 'example_task_group_decorator' retrieved from /home/airflow/.local/lib/python3.12/site-packages/airflow/example_dags/example_task_group_decorator.py
[2025-12-08T08:23:51.746+0000] {logging_mixin.py:190} INFO - [2025-12-08T08:23:51.746+0000] {dag.py:3211} INFO - Sync 1 DAGs
[2025-12-08T08:23:51.769+0000] {logging_mixin.py:190} INFO - [2025-12-08T08:23:51.769+0000] {dag.py:4138} INFO - Setting next_dagrun for example_task_group_decorator to 2025-12-07 00:00:00+00:00, run_after=2025-12-08 00:00:00+00:00
[2025-12-08T08:23:51.793+0000] {processor.py:208} INFO - Processing /home/airflow/.local/lib/python3.12/site-packages/airflow/example_dags/example_task_group_decorator.py took 0.105 seconds
[2025-12-08T08:24:22.378+0000] {processor.py:186} INFO - Started process (PID=7256) to work on /home/airflow/.local/lib/python3.12/site-packages/airflow/example_dags/example_task_group_decorator.py
[2025-12-08T08:24:22.379+0000] {processor.py:914} INFO - Processing file /home/airflow/.local/lib/python3.12/site-packages/airflow/example_dags/example_task_group_decorator.py for tasks to queue
[2025-12-08T08:24:22.383+0000] {logging_mixin.py:190} INFO - [2025-12-08T08:24:22.383+0000] {dagbag.py:587} INFO - Filling up the DagBag from /home/airflow/.local/lib/python3.12/site-packages/airflow/example_dags/example_task_group_decorator.py
[2025-12-08T08:24:22.400+0000] {processor.py:925} INFO - DAG(s) 'example_task_group_decorator' retrieved from /home/airflow/.local/lib/python3.12/site-packages/airflow/example_dags/example_task_group_decorator.py
[2025-12-08T08:24:22.428+0000] {logging_mixin.py:190} INFO - [2025-12-08T08:24:22.427+0000] {dag.py:3211} INFO - Sync 1 DAGs
[2025-12-08T08:24:22.454+0000] {logging_mixin.py:190} INFO - [2025-12-08T08:24:22.454+0000] {dag.py:4138} INFO - Setting next_dagrun for example_task_group_decorator to 2025-12-07 00:00:00+00:00, run_after=2025-12-08 00:00:00+00:00
[2025-12-08T08:24:22.479+0000] {processor.py:208} INFO - Processing /home/airflow/.local/lib/python3.12/site-packages/airflow/example_dags/example_task_group_decorator.py took 0.107 seconds
[2025-12-08T08:24:52.951+0000] {processor.py:186} INFO - Started process (PID=7319) to work on /home/airflow/.local/lib/python3.12/site-packages/airflow/example_dags/example_task_group_decorator.py
[2025-12-08T08:24:52.954+0000] {processor.py:914} INFO - Processing file /home/airflow/.local/lib/python3.12/site-packages/airflow/example_dags/example_task_group_decorator.py for tasks to queue
[2025-12-08T08:24:52.962+0000] {logging_mixin.py:190} INFO - [2025-12-08T08:24:52.961+0000] {dagbag.py:587} INFO - Filling up the DagBag from /home/airflow/.local/lib/python3.12/site-packages/airflow/example_dags/example_task_group_decorator.py
[2025-12-08T08:24:52.997+0000] {processor.py:925} INFO - DAG(s) 'example_task_group_decorator' retrieved from /home/airflow/.local/lib/python3.12/site-packages/airflow/example_dags/example_task_group_decorator.py
[2025-12-08T08:24:53.038+0000] {logging_mixin.py:190} INFO - [2025-12-08T08:24:53.038+0000] {dag.py:3211} INFO - Sync 1 DAGs
[2025-12-08T08:24:53.064+0000] {logging_mixin.py:190} INFO - [2025-12-08T08:24:53.064+0000] {dag.py:4138} INFO - Setting next_dagrun for example_task_group_decorator to 2025-12-07 00:00:00+00:00, run_after=2025-12-08 00:00:00+00:00
[2025-12-08T08:24:53.097+0000] {processor.py:208} INFO - Processing /home/airflow/.local/lib/python3.12/site-packages/airflow/example_dags/example_task_group_decorator.py took 0.161 seconds
[2025-12-08T08:25:23.313+0000] {processor.py:186} INFO - Started process (PID=7382) to work on /home/airflow/.local/lib/python3.12/site-packages/airflow/example_dags/example_task_group_decorator.py
[2025-12-08T08:25:23.316+0000] {processor.py:914} INFO - Processing file /home/airflow/.local/lib/python3.12/site-packages/airflow/example_dags/example_task_group_decorator.py for tasks to queue
[2025-12-08T08:25:23.326+0000] {logging_mixin.py:190} INFO - [2025-12-08T08:25:23.324+0000] {dagbag.py:587} INFO - Filling up the DagBag from /home/airflow/.local/lib/python3.12/site-packages/airflow/example_dags/example_task_group_decorator.py
[2025-12-08T08:25:23.359+0000] {processor.py:925} INFO - DAG(s) 'example_task_group_decorator' retrieved from /home/airflow/.local/lib/python3.12/site-packages/airflow/example_dags/example_task_group_decorator.py
[2025-12-08T08:25:23.413+0000] {logging_mixin.py:190} INFO - [2025-12-08T08:25:23.413+0000] {dag.py:3211} INFO - Sync 1 DAGs
[2025-12-08T08:25:23.458+0000] {logging_mixin.py:190} INFO - [2025-12-08T08:25:23.458+0000] {dag.py:4138} INFO - Setting next_dagrun for example_task_group_decorator to 2025-12-07 00:00:00+00:00, run_after=2025-12-08 00:00:00+00:00
[2025-12-08T08:25:23.502+0000] {processor.py:208} INFO - Processing /home/airflow/.local/lib/python3.12/site-packages/airflow/example_dags/example_task_group_decorator.py took 0.208 seconds
[2025-12-08T08:25:53.922+0000] {processor.py:186} INFO - Started process (PID=7445) to work on /home/airflow/.local/lib/python3.12/site-packages/airflow/example_dags/example_task_group_decorator.py
[2025-12-08T08:25:53.923+0000] {processor.py:914} INFO - Processing file /home/airflow/.local/lib/python3.12/site-packages/airflow/example_dags/example_task_group_decorator.py for tasks to queue
[2025-12-08T08:25:53.927+0000] {logging_mixin.py:190} INFO - [2025-12-08T08:25:53.926+0000] {dagbag.py:587} INFO - Filling up the DagBag from /home/airflow/.local/lib/python3.12/site-packages/airflow/example_dags/example_task_group_decorator.py
[2025-12-08T08:25:53.942+0000] {processor.py:925} INFO - DAG(s) 'example_task_group_decorator' retrieved from /home/airflow/.local/lib/python3.12/site-packages/airflow/example_dags/example_task_group_decorator.py
[2025-12-08T08:25:53.971+0000] {logging_mixin.py:190} INFO - [2025-12-08T08:25:53.971+0000] {dag.py:3211} INFO - Sync 1 DAGs
[2025-12-08T08:25:53.999+0000] {logging_mixin.py:190} INFO - [2025-12-08T08:25:53.999+0000] {dag.py:4138} INFO - Setting next_dagrun for example_task_group_decorator to 2025-12-07 00:00:00+00:00, run_after=2025-12-08 00:00:00+00:00
[2025-12-08T08:25:54.023+0000] {processor.py:208} INFO - Processing /home/airflow/.local/lib/python3.12/site-packages/airflow/example_dags/example_task_group_decorator.py took 0.109 seconds
[2025-12-08T08:26:24.346+0000] {processor.py:186} INFO - Started process (PID=7508) to work on /home/airflow/.local/lib/python3.12/site-packages/airflow/example_dags/example_task_group_decorator.py
[2025-12-08T08:26:24.349+0000] {processor.py:914} INFO - Processing file /home/airflow/.local/lib/python3.12/site-packages/airflow/example_dags/example_task_group_decorator.py for tasks to queue
[2025-12-08T08:26:24.355+0000] {logging_mixin.py:190} INFO - [2025-12-08T08:26:24.354+0000] {dagbag.py:587} INFO - Filling up the DagBag from /home/airflow/.local/lib/python3.12/site-packages/airflow/example_dags/example_task_group_decorator.py
[2025-12-08T08:26:24.376+0000] {processor.py:925} INFO - DAG(s) 'example_task_group_decorator' retrieved from /home/airflow/.local/lib/python3.12/site-packages/airflow/example_dags/example_task_group_decorator.py
[2025-12-08T08:26:24.405+0000] {logging_mixin.py:190} INFO - [2025-12-08T08:26:24.405+0000] {dag.py:3211} INFO - Sync 1 DAGs
[2025-12-08T08:26:24.429+0000] {logging_mixin.py:190} INFO - [2025-12-08T08:26:24.429+0000] {dag.py:4138} INFO - Setting next_dagrun for example_task_group_decorator to 2025-12-07 00:00:00+00:00, run_after=2025-12-08 00:00:00+00:00
[2025-12-08T08:26:24.455+0000] {processor.py:208} INFO - Processing /home/airflow/.local/lib/python3.12/site-packages/airflow/example_dags/example_task_group_decorator.py took 0.119 seconds
[2025-12-08T08:26:54.984+0000] {processor.py:186} INFO - Started process (PID=7572) to work on /home/airflow/.local/lib/python3.12/site-packages/airflow/example_dags/example_task_group_decorator.py
[2025-12-08T08:26:54.988+0000] {processor.py:914} INFO - Processing file /home/airflow/.local/lib/python3.12/site-packages/airflow/example_dags/example_task_group_decorator.py for tasks to queue
[2025-12-08T08:26:54.994+0000] {logging_mixin.py:190} INFO - [2025-12-08T08:26:54.994+0000] {dagbag.py:587} INFO - Filling up the DagBag from /home/airflow/.local/lib/python3.12/site-packages/airflow/example_dags/example_task_group_decorator.py
[2025-12-08T08:26:55.023+0000] {processor.py:925} INFO - DAG(s) 'example_task_group_decorator' retrieved from /home/airflow/.local/lib/python3.12/site-packages/airflow/example_dags/example_task_group_decorator.py
[2025-12-08T08:26:55.072+0000] {logging_mixin.py:190} INFO - [2025-12-08T08:26:55.071+0000] {dag.py:3211} INFO - Sync 1 DAGs
[2025-12-08T08:26:55.114+0000] {logging_mixin.py:190} INFO - [2025-12-08T08:26:55.114+0000] {dag.py:4138} INFO - Setting next_dagrun for example_task_group_decorator to 2025-12-07 00:00:00+00:00, run_after=2025-12-08 00:00:00+00:00
[2025-12-08T08:26:55.153+0000] {processor.py:208} INFO - Processing /home/airflow/.local/lib/python3.12/site-packages/airflow/example_dags/example_task_group_decorator.py took 0.180 seconds
[2025-12-08T08:27:25.323+0000] {processor.py:186} INFO - Started process (PID=7635) to work on /home/airflow/.local/lib/python3.12/site-packages/airflow/example_dags/example_task_group_decorator.py
[2025-12-08T08:27:25.324+0000] {processor.py:914} INFO - Processing file /home/airflow/.local/lib/python3.12/site-packages/airflow/example_dags/example_task_group_decorator.py for tasks to queue
[2025-12-08T08:27:25.327+0000] {logging_mixin.py:190} INFO - [2025-12-08T08:27:25.327+0000] {dagbag.py:587} INFO - Filling up the DagBag from /home/airflow/.local/lib/python3.12/site-packages/airflow/example_dags/example_task_group_decorator.py
[2025-12-08T08:27:25.348+0000] {processor.py:925} INFO - DAG(s) 'example_task_group_decorator' retrieved from /home/airflow/.local/lib/python3.12/site-packages/airflow/example_dags/example_task_group_decorator.py
[2025-12-08T08:27:25.385+0000] {logging_mixin.py:190} INFO - [2025-12-08T08:27:25.385+0000] {dag.py:3211} INFO - Sync 1 DAGs
[2025-12-08T08:27:25.415+0000] {logging_mixin.py:190} INFO - [2025-12-08T08:27:25.415+0000] {dag.py:4138} INFO - Setting next_dagrun for example_task_group_decorator to 2025-12-07 00:00:00+00:00, run_after=2025-12-08 00:00:00+00:00
[2025-12-08T08:27:25.443+0000] {processor.py:208} INFO - Processing /home/airflow/.local/lib/python3.12/site-packages/airflow/example_dags/example_task_group_decorator.py took 0.129 seconds
[2025-12-08T08:27:55.495+0000] {processor.py:186} INFO - Started process (PID=7698) to work on /home/airflow/.local/lib/python3.12/site-packages/airflow/example_dags/example_task_group_decorator.py
[2025-12-08T08:27:55.497+0000] {processor.py:914} INFO - Processing file /home/airflow/.local/lib/python3.12/site-packages/airflow/example_dags/example_task_group_decorator.py for tasks to queue
[2025-12-08T08:27:55.501+0000] {logging_mixin.py:190} INFO - [2025-12-08T08:27:55.500+0000] {dagbag.py:587} INFO - Filling up the DagBag from /home/airflow/.local/lib/python3.12/site-packages/airflow/example_dags/example_task_group_decorator.py
[2025-12-08T08:27:55.517+0000] {processor.py:925} INFO - DAG(s) 'example_task_group_decorator' retrieved from /home/airflow/.local/lib/python3.12/site-packages/airflow/example_dags/example_task_group_decorator.py
[2025-12-08T08:27:55.544+0000] {logging_mixin.py:190} INFO - [2025-12-08T08:27:55.544+0000] {dag.py:3211} INFO - Sync 1 DAGs
[2025-12-08T08:27:55.568+0000] {logging_mixin.py:190} INFO - [2025-12-08T08:27:55.568+0000] {dag.py:4138} INFO - Setting next_dagrun for example_task_group_decorator to 2025-12-07 00:00:00+00:00, run_after=2025-12-08 00:00:00+00:00
[2025-12-08T08:27:55.591+0000] {processor.py:208} INFO - Processing /home/airflow/.local/lib/python3.12/site-packages/airflow/example_dags/example_task_group_decorator.py took 0.105 seconds
[2025-12-08T08:28:25.780+0000] {processor.py:186} INFO - Started process (PID=7761) to work on /home/airflow/.local/lib/python3.12/site-packages/airflow/example_dags/example_task_group_decorator.py
[2025-12-08T08:28:25.782+0000] {processor.py:914} INFO - Processing file /home/airflow/.local/lib/python3.12/site-packages/airflow/example_dags/example_task_group_decorator.py for tasks to queue
[2025-12-08T08:28:25.787+0000] {logging_mixin.py:190} INFO - [2025-12-08T08:28:25.786+0000] {dagbag.py:587} INFO - Filling up the DagBag from /home/airflow/.local/lib/python3.12/site-packages/airflow/example_dags/example_task_group_decorator.py
[2025-12-08T08:28:25.803+0000] {processor.py:925} INFO - DAG(s) 'example_task_group_decorator' retrieved from /home/airflow/.local/lib/python3.12/site-packages/airflow/example_dags/example_task_group_decorator.py
[2025-12-08T08:28:25.831+0000] {logging_mixin.py:190} INFO - [2025-12-08T08:28:25.831+0000] {dag.py:3211} INFO - Sync 1 DAGs
[2025-12-08T08:28:25.859+0000] {logging_mixin.py:190} INFO - [2025-12-08T08:28:25.858+0000] {dag.py:4138} INFO - Setting next_dagrun for example_task_group_decorator to 2025-12-07 00:00:00+00:00, run_after=2025-12-08 00:00:00+00:00
[2025-12-08T08:28:25.883+0000] {processor.py:208} INFO - Processing /home/airflow/.local/lib/python3.12/site-packages/airflow/example_dags/example_task_group_decorator.py took 0.109 seconds
[2025-12-08T08:28:56.292+0000] {processor.py:186} INFO - Started process (PID=7824) to work on /home/airflow/.local/lib/python3.12/site-packages/airflow/example_dags/example_task_group_decorator.py
[2025-12-08T08:28:56.294+0000] {processor.py:914} INFO - Processing file /home/airflow/.local/lib/python3.12/site-packages/airflow/example_dags/example_task_group_decorator.py for tasks to queue
[2025-12-08T08:28:56.298+0000] {logging_mixin.py:190} INFO - [2025-12-08T08:28:56.297+0000] {dagbag.py:587} INFO - Filling up the DagBag from /home/airflow/.local/lib/python3.12/site-packages/airflow/example_dags/example_task_group_decorator.py
[2025-12-08T08:28:56.313+0000] {processor.py:925} INFO - DAG(s) 'example_task_group_decorator' retrieved from /home/airflow/.local/lib/python3.12/site-packages/airflow/example_dags/example_task_group_decorator.py
[2025-12-08T08:28:56.344+0000] {logging_mixin.py:190} INFO - [2025-12-08T08:28:56.344+0000] {dag.py:3211} INFO - Sync 1 DAGs
[2025-12-08T08:28:56.373+0000] {logging_mixin.py:190} INFO - [2025-12-08T08:28:56.373+0000] {dag.py:4138} INFO - Setting next_dagrun for example_task_group_decorator to 2025-12-07 00:00:00+00:00, run_after=2025-12-08 00:00:00+00:00
[2025-12-08T08:28:56.399+0000] {processor.py:208} INFO - Processing /home/airflow/.local/lib/python3.12/site-packages/airflow/example_dags/example_task_group_decorator.py took 0.114 seconds
[2025-12-08T08:29:26.491+0000] {processor.py:186} INFO - Started process (PID=7887) to work on /home/airflow/.local/lib/python3.12/site-packages/airflow/example_dags/example_task_group_decorator.py
[2025-12-08T08:29:26.493+0000] {processor.py:914} INFO - Processing file /home/airflow/.local/lib/python3.12/site-packages/airflow/example_dags/example_task_group_decorator.py for tasks to queue
[2025-12-08T08:29:26.497+0000] {logging_mixin.py:190} INFO - [2025-12-08T08:29:26.497+0000] {dagbag.py:587} INFO - Filling up the DagBag from /home/airflow/.local/lib/python3.12/site-packages/airflow/example_dags/example_task_group_decorator.py
[2025-12-08T08:29:26.513+0000] {processor.py:925} INFO - DAG(s) 'example_task_group_decorator' retrieved from /home/airflow/.local/lib/python3.12/site-packages/airflow/example_dags/example_task_group_decorator.py
[2025-12-08T08:29:26.544+0000] {logging_mixin.py:190} INFO - [2025-12-08T08:29:26.543+0000] {dag.py:3211} INFO - Sync 1 DAGs
[2025-12-08T08:29:26.568+0000] {logging_mixin.py:190} INFO - [2025-12-08T08:29:26.568+0000] {dag.py:4138} INFO - Setting next_dagrun for example_task_group_decorator to 2025-12-07 00:00:00+00:00, run_after=2025-12-08 00:00:00+00:00
[2025-12-08T08:29:26.591+0000] {processor.py:208} INFO - Processing /home/airflow/.local/lib/python3.12/site-packages/airflow/example_dags/example_task_group_decorator.py took 0.108 seconds
[2025-12-08T08:29:57.141+0000] {processor.py:186} INFO - Started process (PID=7950) to work on /home/airflow/.local/lib/python3.12/site-packages/airflow/example_dags/example_task_group_decorator.py
[2025-12-08T08:29:57.143+0000] {processor.py:914} INFO - Processing file /home/airflow/.local/lib/python3.12/site-packages/airflow/example_dags/example_task_group_decorator.py for tasks to queue
[2025-12-08T08:29:57.147+0000] {logging_mixin.py:190} INFO - [2025-12-08T08:29:57.146+0000] {dagbag.py:587} INFO - Filling up the DagBag from /home/airflow/.local/lib/python3.12/site-packages/airflow/example_dags/example_task_group_decorator.py
[2025-12-08T08:29:57.163+0000] {processor.py:925} INFO - DAG(s) 'example_task_group_decorator' retrieved from /home/airflow/.local/lib/python3.12/site-packages/airflow/example_dags/example_task_group_decorator.py
[2025-12-08T08:29:57.192+0000] {logging_mixin.py:190} INFO - [2025-12-08T08:29:57.192+0000] {dag.py:3211} INFO - Sync 1 DAGs
[2025-12-08T08:29:57.215+0000] {logging_mixin.py:190} INFO - [2025-12-08T08:29:57.215+0000] {dag.py:4138} INFO - Setting next_dagrun for example_task_group_decorator to 2025-12-07 00:00:00+00:00, run_after=2025-12-08 00:00:00+00:00
[2025-12-08T08:29:57.240+0000] {processor.py:208} INFO - Processing /home/airflow/.local/lib/python3.12/site-packages/airflow/example_dags/example_task_group_decorator.py took 0.105 seconds
[2025-12-08T08:30:27.694+0000] {processor.py:186} INFO - Started process (PID=8013) to work on /home/airflow/.local/lib/python3.12/site-packages/airflow/example_dags/example_task_group_decorator.py
[2025-12-08T08:30:27.696+0000] {processor.py:914} INFO - Processing file /home/airflow/.local/lib/python3.12/site-packages/airflow/example_dags/example_task_group_decorator.py for tasks to queue
[2025-12-08T08:30:27.699+0000] {logging_mixin.py:190} INFO - [2025-12-08T08:30:27.698+0000] {dagbag.py:587} INFO - Filling up the DagBag from /home/airflow/.local/lib/python3.12/site-packages/airflow/example_dags/example_task_group_decorator.py
[2025-12-08T08:30:27.716+0000] {processor.py:925} INFO - DAG(s) 'example_task_group_decorator' retrieved from /home/airflow/.local/lib/python3.12/site-packages/airflow/example_dags/example_task_group_decorator.py
[2025-12-08T08:30:27.746+0000] {logging_mixin.py:190} INFO - [2025-12-08T08:30:27.746+0000] {dag.py:3211} INFO - Sync 1 DAGs
[2025-12-08T08:30:27.775+0000] {logging_mixin.py:190} INFO - [2025-12-08T08:30:27.774+0000] {dag.py:4138} INFO - Setting next_dagrun for example_task_group_decorator to 2025-12-07 00:00:00+00:00, run_after=2025-12-08 00:00:00+00:00
[2025-12-08T08:30:27.798+0000] {processor.py:208} INFO - Processing /home/airflow/.local/lib/python3.12/site-packages/airflow/example_dags/example_task_group_decorator.py took 0.110 seconds
[2025-12-08T08:30:58.494+0000] {processor.py:186} INFO - Started process (PID=8076) to work on /home/airflow/.local/lib/python3.12/site-packages/airflow/example_dags/example_task_group_decorator.py
[2025-12-08T08:30:58.495+0000] {processor.py:914} INFO - Processing file /home/airflow/.local/lib/python3.12/site-packages/airflow/example_dags/example_task_group_decorator.py for tasks to queue
[2025-12-08T08:30:58.499+0000] {logging_mixin.py:190} INFO - [2025-12-08T08:30:58.498+0000] {dagbag.py:587} INFO - Filling up the DagBag from /home/airflow/.local/lib/python3.12/site-packages/airflow/example_dags/example_task_group_decorator.py
[2025-12-08T08:30:58.518+0000] {processor.py:925} INFO - DAG(s) 'example_task_group_decorator' retrieved from /home/airflow/.local/lib/python3.12/site-packages/airflow/example_dags/example_task_group_decorator.py
[2025-12-08T08:30:58.548+0000] {logging_mixin.py:190} INFO - [2025-12-08T08:30:58.547+0000] {dag.py:3211} INFO - Sync 1 DAGs
[2025-12-08T08:30:58.575+0000] {logging_mixin.py:190} INFO - [2025-12-08T08:30:58.575+0000] {dag.py:4138} INFO - Setting next_dagrun for example_task_group_decorator to 2025-12-07 00:00:00+00:00, run_after=2025-12-08 00:00:00+00:00
[2025-12-08T08:30:58.598+0000] {processor.py:208} INFO - Processing /home/airflow/.local/lib/python3.12/site-packages/airflow/example_dags/example_task_group_decorator.py took 0.111 seconds
[2025-12-08T08:31:28.974+0000] {processor.py:186} INFO - Started process (PID=8139) to work on /home/airflow/.local/lib/python3.12/site-packages/airflow/example_dags/example_task_group_decorator.py
[2025-12-08T08:31:28.978+0000] {processor.py:914} INFO - Processing file /home/airflow/.local/lib/python3.12/site-packages/airflow/example_dags/example_task_group_decorator.py for tasks to queue
[2025-12-08T08:31:28.983+0000] {logging_mixin.py:190} INFO - [2025-12-08T08:31:28.982+0000] {dagbag.py:587} INFO - Filling up the DagBag from /home/airflow/.local/lib/python3.12/site-packages/airflow/example_dags/example_task_group_decorator.py
[2025-12-08T08:31:29.008+0000] {processor.py:925} INFO - DAG(s) 'example_task_group_decorator' retrieved from /home/airflow/.local/lib/python3.12/site-packages/airflow/example_dags/example_task_group_decorator.py
[2025-12-08T08:31:29.044+0000] {logging_mixin.py:190} INFO - [2025-12-08T08:31:29.043+0000] {dag.py:3211} INFO - Sync 1 DAGs
[2025-12-08T08:31:29.079+0000] {logging_mixin.py:190} INFO - [2025-12-08T08:31:29.079+0000] {dag.py:4138} INFO - Setting next_dagrun for example_task_group_decorator to 2025-12-07 00:00:00+00:00, run_after=2025-12-08 00:00:00+00:00
[2025-12-08T08:31:29.117+0000] {processor.py:208} INFO - Processing /home/airflow/.local/lib/python3.12/site-packages/airflow/example_dags/example_task_group_decorator.py took 0.153 seconds
[2025-12-08T08:31:59.335+0000] {processor.py:186} INFO - Started process (PID=8202) to work on /home/airflow/.local/lib/python3.12/site-packages/airflow/example_dags/example_task_group_decorator.py
[2025-12-08T08:31:59.338+0000] {processor.py:914} INFO - Processing file /home/airflow/.local/lib/python3.12/site-packages/airflow/example_dags/example_task_group_decorator.py for tasks to queue
[2025-12-08T08:31:59.345+0000] {logging_mixin.py:190} INFO - [2025-12-08T08:31:59.344+0000] {dagbag.py:587} INFO - Filling up the DagBag from /home/airflow/.local/lib/python3.12/site-packages/airflow/example_dags/example_task_group_decorator.py
[2025-12-08T08:31:59.377+0000] {processor.py:925} INFO - DAG(s) 'example_task_group_decorator' retrieved from /home/airflow/.local/lib/python3.12/site-packages/airflow/example_dags/example_task_group_decorator.py
[2025-12-08T08:31:59.424+0000] {logging_mixin.py:190} INFO - [2025-12-08T08:31:59.424+0000] {dag.py:3211} INFO - Sync 1 DAGs
[2025-12-08T08:31:59.470+0000] {logging_mixin.py:190} INFO - [2025-12-08T08:31:59.470+0000] {dag.py:4138} INFO - Setting next_dagrun for example_task_group_decorator to 2025-12-07 00:00:00+00:00, run_after=2025-12-08 00:00:00+00:00
[2025-12-08T08:31:59.510+0000] {processor.py:208} INFO - Processing /home/airflow/.local/lib/python3.12/site-packages/airflow/example_dags/example_task_group_decorator.py took 0.193 seconds
[2025-12-08T08:32:29.791+0000] {processor.py:186} INFO - Started process (PID=8265) to work on /home/airflow/.local/lib/python3.12/site-packages/airflow/example_dags/example_task_group_decorator.py
[2025-12-08T08:32:29.794+0000] {processor.py:914} INFO - Processing file /home/airflow/.local/lib/python3.12/site-packages/airflow/example_dags/example_task_group_decorator.py for tasks to queue
[2025-12-08T08:32:29.799+0000] {logging_mixin.py:190} INFO - [2025-12-08T08:32:29.798+0000] {dagbag.py:587} INFO - Filling up the DagBag from /home/airflow/.local/lib/python3.12/site-packages/airflow/example_dags/example_task_group_decorator.py
[2025-12-08T08:32:29.815+0000] {processor.py:925} INFO - DAG(s) 'example_task_group_decorator' retrieved from /home/airflow/.local/lib/python3.12/site-packages/airflow/example_dags/example_task_group_decorator.py
[2025-12-08T08:32:29.845+0000] {logging_mixin.py:190} INFO - [2025-12-08T08:32:29.844+0000] {dag.py:3211} INFO - Sync 1 DAGs
[2025-12-08T08:32:29.869+0000] {logging_mixin.py:190} INFO - [2025-12-08T08:32:29.869+0000] {dag.py:4138} INFO - Setting next_dagrun for example_task_group_decorator to 2025-12-07 00:00:00+00:00, run_after=2025-12-08 00:00:00+00:00
[2025-12-08T08:32:29.892+0000] {processor.py:208} INFO - Processing /home/airflow/.local/lib/python3.12/site-packages/airflow/example_dags/example_task_group_decorator.py took 0.110 seconds
[2025-12-08T08:33:00.006+0000] {processor.py:186} INFO - Started process (PID=8329) to work on /home/airflow/.local/lib/python3.12/site-packages/airflow/example_dags/example_task_group_decorator.py
[2025-12-08T08:33:00.009+0000] {processor.py:914} INFO - Processing file /home/airflow/.local/lib/python3.12/site-packages/airflow/example_dags/example_task_group_decorator.py for tasks to queue
[2025-12-08T08:33:00.013+0000] {logging_mixin.py:190} INFO - [2025-12-08T08:33:00.013+0000] {dagbag.py:587} INFO - Filling up the DagBag from /home/airflow/.local/lib/python3.12/site-packages/airflow/example_dags/example_task_group_decorator.py
[2025-12-08T08:33:00.032+0000] {processor.py:925} INFO - DAG(s) 'example_task_group_decorator' retrieved from /home/airflow/.local/lib/python3.12/site-packages/airflow/example_dags/example_task_group_decorator.py
[2025-12-08T08:33:00.060+0000] {logging_mixin.py:190} INFO - [2025-12-08T08:33:00.060+0000] {dag.py:3211} INFO - Sync 1 DAGs
[2025-12-08T08:33:00.097+0000] {logging_mixin.py:190} INFO - [2025-12-08T08:33:00.096+0000] {dag.py:4138} INFO - Setting next_dagrun for example_task_group_decorator to 2025-12-07 00:00:00+00:00, run_after=2025-12-08 00:00:00+00:00
[2025-12-08T08:33:00.117+0000] {processor.py:208} INFO - Processing /home/airflow/.local/lib/python3.12/site-packages/airflow/example_dags/example_task_group_decorator.py took 0.121 seconds
[2025-12-08T08:33:31.472+0000] {processor.py:186} INFO - Started process (PID=8392) to work on /home/airflow/.local/lib/python3.12/site-packages/airflow/example_dags/example_task_group_decorator.py
[2025-12-08T08:33:31.474+0000] {processor.py:914} INFO - Processing file /home/airflow/.local/lib/python3.12/site-packages/airflow/example_dags/example_task_group_decorator.py for tasks to queue
[2025-12-08T08:33:31.482+0000] {logging_mixin.py:190} INFO - [2025-12-08T08:33:31.481+0000] {dagbag.py:587} INFO - Filling up the DagBag from /home/airflow/.local/lib/python3.12/site-packages/airflow/example_dags/example_task_group_decorator.py
[2025-12-08T08:33:31.518+0000] {processor.py:925} INFO - DAG(s) 'example_task_group_decorator' retrieved from /home/airflow/.local/lib/python3.12/site-packages/airflow/example_dags/example_task_group_decorator.py
[2025-12-08T08:33:31.572+0000] {logging_mixin.py:190} INFO - [2025-12-08T08:33:31.571+0000] {dag.py:3211} INFO - Sync 1 DAGs
[2025-12-08T08:33:31.613+0000] {logging_mixin.py:190} INFO - [2025-12-08T08:33:31.613+0000] {dag.py:4138} INFO - Setting next_dagrun for example_task_group_decorator to 2025-12-07 00:00:00+00:00, run_after=2025-12-08 00:00:00+00:00
[2025-12-08T08:33:31.656+0000] {processor.py:208} INFO - Processing /home/airflow/.local/lib/python3.12/site-packages/airflow/example_dags/example_task_group_decorator.py took 0.200 seconds
[2025-12-08T08:34:02.476+0000] {processor.py:186} INFO - Started process (PID=8455) to work on /home/airflow/.local/lib/python3.12/site-packages/airflow/example_dags/example_task_group_decorator.py
[2025-12-08T08:34:02.478+0000] {processor.py:914} INFO - Processing file /home/airflow/.local/lib/python3.12/site-packages/airflow/example_dags/example_task_group_decorator.py for tasks to queue
[2025-12-08T08:34:02.482+0000] {logging_mixin.py:190} INFO - [2025-12-08T08:34:02.482+0000] {dagbag.py:587} INFO - Filling up the DagBag from /home/airflow/.local/lib/python3.12/site-packages/airflow/example_dags/example_task_group_decorator.py
[2025-12-08T08:34:02.499+0000] {processor.py:925} INFO - DAG(s) 'example_task_group_decorator' retrieved from /home/airflow/.local/lib/python3.12/site-packages/airflow/example_dags/example_task_group_decorator.py
[2025-12-08T08:34:02.536+0000] {logging_mixin.py:190} INFO - [2025-12-08T08:34:02.535+0000] {dag.py:3211} INFO - Sync 1 DAGs
[2025-12-08T08:34:02.573+0000] {logging_mixin.py:190} INFO - [2025-12-08T08:34:02.573+0000] {dag.py:4138} INFO - Setting next_dagrun for example_task_group_decorator to 2025-12-07 00:00:00+00:00, run_after=2025-12-08 00:00:00+00:00
[2025-12-08T08:34:02.607+0000] {processor.py:208} INFO - Processing /home/airflow/.local/lib/python3.12/site-packages/airflow/example_dags/example_task_group_decorator.py took 0.137 seconds
[2025-12-08T08:34:33.551+0000] {processor.py:186} INFO - Started process (PID=8518) to work on /home/airflow/.local/lib/python3.12/site-packages/airflow/example_dags/example_task_group_decorator.py
[2025-12-08T08:34:33.554+0000] {processor.py:914} INFO - Processing file /home/airflow/.local/lib/python3.12/site-packages/airflow/example_dags/example_task_group_decorator.py for tasks to queue
[2025-12-08T08:34:33.560+0000] {logging_mixin.py:190} INFO - [2025-12-08T08:34:33.559+0000] {dagbag.py:587} INFO - Filling up the DagBag from /home/airflow/.local/lib/python3.12/site-packages/airflow/example_dags/example_task_group_decorator.py
[2025-12-08T08:34:33.593+0000] {processor.py:925} INFO - DAG(s) 'example_task_group_decorator' retrieved from /home/airflow/.local/lib/python3.12/site-packages/airflow/example_dags/example_task_group_decorator.py
[2025-12-08T08:34:33.660+0000] {logging_mixin.py:190} INFO - [2025-12-08T08:34:33.660+0000] {dag.py:3211} INFO - Sync 1 DAGs
[2025-12-08T08:34:33.712+0000] {logging_mixin.py:190} INFO - [2025-12-08T08:34:33.711+0000] {dag.py:4138} INFO - Setting next_dagrun for example_task_group_decorator to 2025-12-07 00:00:00+00:00, run_after=2025-12-08 00:00:00+00:00
[2025-12-08T08:34:33.754+0000] {processor.py:208} INFO - Processing /home/airflow/.local/lib/python3.12/site-packages/airflow/example_dags/example_task_group_decorator.py took 0.212 seconds
[2025-12-08T08:35:03.906+0000] {processor.py:186} INFO - Started process (PID=8581) to work on /home/airflow/.local/lib/python3.12/site-packages/airflow/example_dags/example_task_group_decorator.py
[2025-12-08T08:35:03.909+0000] {processor.py:914} INFO - Processing file /home/airflow/.local/lib/python3.12/site-packages/airflow/example_dags/example_task_group_decorator.py for tasks to queue
[2025-12-08T08:35:03.914+0000] {logging_mixin.py:190} INFO - [2025-12-08T08:35:03.913+0000] {dagbag.py:587} INFO - Filling up the DagBag from /home/airflow/.local/lib/python3.12/site-packages/airflow/example_dags/example_task_group_decorator.py
[2025-12-08T08:35:03.935+0000] {processor.py:925} INFO - DAG(s) 'example_task_group_decorator' retrieved from /home/airflow/.local/lib/python3.12/site-packages/airflow/example_dags/example_task_group_decorator.py
[2025-12-08T08:35:03.968+0000] {logging_mixin.py:190} INFO - [2025-12-08T08:35:03.968+0000] {dag.py:3211} INFO - Sync 1 DAGs
[2025-12-08T08:35:03.992+0000] {logging_mixin.py:190} INFO - [2025-12-08T08:35:03.991+0000] {dag.py:4138} INFO - Setting next_dagrun for example_task_group_decorator to 2025-12-07 00:00:00+00:00, run_after=2025-12-08 00:00:00+00:00
[2025-12-08T08:35:04.016+0000] {processor.py:208} INFO - Processing /home/airflow/.local/lib/python3.12/site-packages/airflow/example_dags/example_task_group_decorator.py took 0.123 seconds
[2025-12-08T08:35:35.008+0000] {processor.py:186} INFO - Started process (PID=8644) to work on /home/airflow/.local/lib/python3.12/site-packages/airflow/example_dags/example_task_group_decorator.py
[2025-12-08T08:35:35.009+0000] {processor.py:914} INFO - Processing file /home/airflow/.local/lib/python3.12/site-packages/airflow/example_dags/example_task_group_decorator.py for tasks to queue
[2025-12-08T08:35:35.013+0000] {logging_mixin.py:190} INFO - [2025-12-08T08:35:35.012+0000] {dagbag.py:587} INFO - Filling up the DagBag from /home/airflow/.local/lib/python3.12/site-packages/airflow/example_dags/example_task_group_decorator.py
[2025-12-08T08:35:35.027+0000] {processor.py:925} INFO - DAG(s) 'example_task_group_decorator' retrieved from /home/airflow/.local/lib/python3.12/site-packages/airflow/example_dags/example_task_group_decorator.py
[2025-12-08T08:35:35.050+0000] {logging_mixin.py:190} INFO - [2025-12-08T08:35:35.049+0000] {dag.py:3211} INFO - Sync 1 DAGs
[2025-12-08T08:35:35.072+0000] {logging_mixin.py:190} INFO - [2025-12-08T08:35:35.071+0000] {dag.py:4138} INFO - Setting next_dagrun for example_task_group_decorator to 2025-12-07 00:00:00+00:00, run_after=2025-12-08 00:00:00+00:00
[2025-12-08T08:35:35.092+0000] {processor.py:208} INFO - Processing /home/airflow/.local/lib/python3.12/site-packages/airflow/example_dags/example_task_group_decorator.py took 0.091 seconds
[2025-12-08T08:36:05.683+0000] {processor.py:186} INFO - Started process (PID=8707) to work on /home/airflow/.local/lib/python3.12/site-packages/airflow/example_dags/example_task_group_decorator.py
[2025-12-08T08:36:05.685+0000] {processor.py:914} INFO - Processing file /home/airflow/.local/lib/python3.12/site-packages/airflow/example_dags/example_task_group_decorator.py for tasks to queue
[2025-12-08T08:36:05.688+0000] {logging_mixin.py:190} INFO - [2025-12-08T08:36:05.688+0000] {dagbag.py:587} INFO - Filling up the DagBag from /home/airflow/.local/lib/python3.12/site-packages/airflow/example_dags/example_task_group_decorator.py
[2025-12-08T08:36:05.705+0000] {processor.py:925} INFO - DAG(s) 'example_task_group_decorator' retrieved from /home/airflow/.local/lib/python3.12/site-packages/airflow/example_dags/example_task_group_decorator.py
[2025-12-08T08:36:05.731+0000] {logging_mixin.py:190} INFO - [2025-12-08T08:36:05.730+0000] {dag.py:3211} INFO - Sync 1 DAGs
[2025-12-08T08:36:05.757+0000] {logging_mixin.py:190} INFO - [2025-12-08T08:36:05.756+0000] {dag.py:4138} INFO - Setting next_dagrun for example_task_group_decorator to 2025-12-07 00:00:00+00:00, run_after=2025-12-08 00:00:00+00:00
[2025-12-08T08:36:05.780+0000] {processor.py:208} INFO - Processing /home/airflow/.local/lib/python3.12/site-packages/airflow/example_dags/example_task_group_decorator.py took 0.106 seconds
[2025-12-08T08:36:36.291+0000] {processor.py:186} INFO - Started process (PID=8770) to work on /home/airflow/.local/lib/python3.12/site-packages/airflow/example_dags/example_task_group_decorator.py
[2025-12-08T08:36:36.293+0000] {processor.py:914} INFO - Processing file /home/airflow/.local/lib/python3.12/site-packages/airflow/example_dags/example_task_group_decorator.py for tasks to queue
[2025-12-08T08:36:36.296+0000] {logging_mixin.py:190} INFO - [2025-12-08T08:36:36.296+0000] {dagbag.py:587} INFO - Filling up the DagBag from /home/airflow/.local/lib/python3.12/site-packages/airflow/example_dags/example_task_group_decorator.py
[2025-12-08T08:36:36.309+0000] {processor.py:925} INFO - DAG(s) 'example_task_group_decorator' retrieved from /home/airflow/.local/lib/python3.12/site-packages/airflow/example_dags/example_task_group_decorator.py
[2025-12-08T08:36:36.334+0000] {logging_mixin.py:190} INFO - [2025-12-08T08:36:36.334+0000] {dag.py:3211} INFO - Sync 1 DAGs
[2025-12-08T08:36:36.358+0000] {logging_mixin.py:190} INFO - [2025-12-08T08:36:36.358+0000] {dag.py:4138} INFO - Setting next_dagrun for example_task_group_decorator to 2025-12-07 00:00:00+00:00, run_after=2025-12-08 00:00:00+00:00
[2025-12-08T08:36:36.381+0000] {processor.py:208} INFO - Processing /home/airflow/.local/lib/python3.12/site-packages/airflow/example_dags/example_task_group_decorator.py took 0.095 seconds
[2025-12-08T08:37:06.652+0000] {processor.py:186} INFO - Started process (PID=8833) to work on /home/airflow/.local/lib/python3.12/site-packages/airflow/example_dags/example_task_group_decorator.py
[2025-12-08T08:37:06.654+0000] {processor.py:914} INFO - Processing file /home/airflow/.local/lib/python3.12/site-packages/airflow/example_dags/example_task_group_decorator.py for tasks to queue
[2025-12-08T08:37:06.657+0000] {logging_mixin.py:190} INFO - [2025-12-08T08:37:06.657+0000] {dagbag.py:587} INFO - Filling up the DagBag from /home/airflow/.local/lib/python3.12/site-packages/airflow/example_dags/example_task_group_decorator.py
[2025-12-08T08:37:06.671+0000] {processor.py:925} INFO - DAG(s) 'example_task_group_decorator' retrieved from /home/airflow/.local/lib/python3.12/site-packages/airflow/example_dags/example_task_group_decorator.py
[2025-12-08T08:37:06.693+0000] {logging_mixin.py:190} INFO - [2025-12-08T08:37:06.693+0000] {dag.py:3211} INFO - Sync 1 DAGs
[2025-12-08T08:37:06.713+0000] {logging_mixin.py:190} INFO - [2025-12-08T08:37:06.713+0000] {dag.py:4138} INFO - Setting next_dagrun for example_task_group_decorator to 2025-12-07 00:00:00+00:00, run_after=2025-12-08 00:00:00+00:00
[2025-12-08T08:37:06.736+0000] {processor.py:208} INFO - Processing /home/airflow/.local/lib/python3.12/site-packages/airflow/example_dags/example_task_group_decorator.py took 0.090 seconds
[2025-12-08T08:37:37.390+0000] {processor.py:186} INFO - Started process (PID=8896) to work on /home/airflow/.local/lib/python3.12/site-packages/airflow/example_dags/example_task_group_decorator.py
[2025-12-08T08:37:37.392+0000] {processor.py:914} INFO - Processing file /home/airflow/.local/lib/python3.12/site-packages/airflow/example_dags/example_task_group_decorator.py for tasks to queue
[2025-12-08T08:37:37.397+0000] {logging_mixin.py:190} INFO - [2025-12-08T08:37:37.396+0000] {dagbag.py:587} INFO - Filling up the DagBag from /home/airflow/.local/lib/python3.12/site-packages/airflow/example_dags/example_task_group_decorator.py
[2025-12-08T08:37:37.418+0000] {processor.py:925} INFO - DAG(s) 'example_task_group_decorator' retrieved from /home/airflow/.local/lib/python3.12/site-packages/airflow/example_dags/example_task_group_decorator.py
[2025-12-08T08:37:37.449+0000] {logging_mixin.py:190} INFO - [2025-12-08T08:37:37.449+0000] {dag.py:3211} INFO - Sync 1 DAGs
[2025-12-08T08:37:37.474+0000] {logging_mixin.py:190} INFO - [2025-12-08T08:37:37.473+0000] {dag.py:4138} INFO - Setting next_dagrun for example_task_group_decorator to 2025-12-07 00:00:00+00:00, run_after=2025-12-08 00:00:00+00:00
[2025-12-08T08:37:37.685+0000] {processor.py:208} INFO - Processing /home/airflow/.local/lib/python3.12/site-packages/airflow/example_dags/example_task_group_decorator.py took 0.304 seconds
[2025-12-08T08:38:08.078+0000] {processor.py:186} INFO - Started process (PID=8959) to work on /home/airflow/.local/lib/python3.12/site-packages/airflow/example_dags/example_task_group_decorator.py
[2025-12-08T08:38:08.080+0000] {processor.py:914} INFO - Processing file /home/airflow/.local/lib/python3.12/site-packages/airflow/example_dags/example_task_group_decorator.py for tasks to queue
[2025-12-08T08:38:08.083+0000] {logging_mixin.py:190} INFO - [2025-12-08T08:38:08.083+0000] {dagbag.py:587} INFO - Filling up the DagBag from /home/airflow/.local/lib/python3.12/site-packages/airflow/example_dags/example_task_group_decorator.py
[2025-12-08T08:38:08.098+0000] {processor.py:925} INFO - DAG(s) 'example_task_group_decorator' retrieved from /home/airflow/.local/lib/python3.12/site-packages/airflow/example_dags/example_task_group_decorator.py
[2025-12-08T08:38:08.125+0000] {logging_mixin.py:190} INFO - [2025-12-08T08:38:08.125+0000] {dag.py:3211} INFO - Sync 1 DAGs
[2025-12-08T08:38:08.149+0000] {logging_mixin.py:190} INFO - [2025-12-08T08:38:08.149+0000] {dag.py:4138} INFO - Setting next_dagrun for example_task_group_decorator to 2025-12-07 00:00:00+00:00, run_after=2025-12-08 00:00:00+00:00
[2025-12-08T08:38:08.173+0000] {processor.py:208} INFO - Processing /home/airflow/.local/lib/python3.12/site-packages/airflow/example_dags/example_task_group_decorator.py took 0.106 seconds
[2025-12-08T08:38:38.840+0000] {processor.py:186} INFO - Started process (PID=9022) to work on /home/airflow/.local/lib/python3.12/site-packages/airflow/example_dags/example_task_group_decorator.py
[2025-12-08T08:38:38.842+0000] {processor.py:914} INFO - Processing file /home/airflow/.local/lib/python3.12/site-packages/airflow/example_dags/example_task_group_decorator.py for tasks to queue
[2025-12-08T08:38:38.845+0000] {logging_mixin.py:190} INFO - [2025-12-08T08:38:38.845+0000] {dagbag.py:587} INFO - Filling up the DagBag from /home/airflow/.local/lib/python3.12/site-packages/airflow/example_dags/example_task_group_decorator.py
[2025-12-08T08:38:38.860+0000] {processor.py:925} INFO - DAG(s) 'example_task_group_decorator' retrieved from /home/airflow/.local/lib/python3.12/site-packages/airflow/example_dags/example_task_group_decorator.py
[2025-12-08T08:38:38.886+0000] {logging_mixin.py:190} INFO - [2025-12-08T08:38:38.886+0000] {dag.py:3211} INFO - Sync 1 DAGs
[2025-12-08T08:38:38.908+0000] {logging_mixin.py:190} INFO - [2025-12-08T08:38:38.908+0000] {dag.py:4138} INFO - Setting next_dagrun for example_task_group_decorator to 2025-12-07 00:00:00+00:00, run_after=2025-12-08 00:00:00+00:00
[2025-12-08T08:38:38.926+0000] {processor.py:208} INFO - Processing /home/airflow/.local/lib/python3.12/site-packages/airflow/example_dags/example_task_group_decorator.py took 0.094 seconds
[2025-12-08T08:39:09.116+0000] {processor.py:186} INFO - Started process (PID=9085) to work on /home/airflow/.local/lib/python3.12/site-packages/airflow/example_dags/example_task_group_decorator.py
[2025-12-08T08:39:09.118+0000] {processor.py:914} INFO - Processing file /home/airflow/.local/lib/python3.12/site-packages/airflow/example_dags/example_task_group_decorator.py for tasks to queue
[2025-12-08T08:39:09.122+0000] {logging_mixin.py:190} INFO - [2025-12-08T08:39:09.121+0000] {dagbag.py:587} INFO - Filling up the DagBag from /home/airflow/.local/lib/python3.12/site-packages/airflow/example_dags/example_task_group_decorator.py
[2025-12-08T08:39:09.144+0000] {processor.py:925} INFO - DAG(s) 'example_task_group_decorator' retrieved from /home/airflow/.local/lib/python3.12/site-packages/airflow/example_dags/example_task_group_decorator.py
[2025-12-08T08:39:09.180+0000] {logging_mixin.py:190} INFO - [2025-12-08T08:39:09.180+0000] {dag.py:3211} INFO - Sync 1 DAGs
[2025-12-08T08:39:09.211+0000] {logging_mixin.py:190} INFO - [2025-12-08T08:39:09.211+0000] {dag.py:4138} INFO - Setting next_dagrun for example_task_group_decorator to 2025-12-07 00:00:00+00:00, run_after=2025-12-08 00:00:00+00:00
[2025-12-08T08:39:09.240+0000] {processor.py:208} INFO - Processing /home/airflow/.local/lib/python3.12/site-packages/airflow/example_dags/example_task_group_decorator.py took 0.134 seconds
[2025-12-08T08:39:40.551+0000] {processor.py:186} INFO - Started process (PID=9145) to work on /home/airflow/.local/lib/python3.12/site-packages/airflow/example_dags/example_task_group_decorator.py
[2025-12-08T08:39:40.552+0000] {processor.py:914} INFO - Processing file /home/airflow/.local/lib/python3.12/site-packages/airflow/example_dags/example_task_group_decorator.py for tasks to queue
[2025-12-08T08:39:40.556+0000] {logging_mixin.py:190} INFO - [2025-12-08T08:39:40.556+0000] {dagbag.py:587} INFO - Filling up the DagBag from /home/airflow/.local/lib/python3.12/site-packages/airflow/example_dags/example_task_group_decorator.py
[2025-12-08T08:39:40.572+0000] {processor.py:925} INFO - DAG(s) 'example_task_group_decorator' retrieved from /home/airflow/.local/lib/python3.12/site-packages/airflow/example_dags/example_task_group_decorator.py
[2025-12-08T08:39:40.600+0000] {logging_mixin.py:190} INFO - [2025-12-08T08:39:40.600+0000] {dag.py:3211} INFO - Sync 1 DAGs
[2025-12-08T08:39:40.781+0000] {logging_mixin.py:190} INFO - [2025-12-08T08:39:40.781+0000] {dag.py:4138} INFO - Setting next_dagrun for example_task_group_decorator to 2025-12-07 00:00:00+00:00, run_after=2025-12-08 00:00:00+00:00
[2025-12-08T08:39:40.805+0000] {processor.py:208} INFO - Processing /home/airflow/.local/lib/python3.12/site-packages/airflow/example_dags/example_task_group_decorator.py took 0.262 seconds
[2025-12-08T08:40:10.911+0000] {processor.py:186} INFO - Started process (PID=9204) to work on /home/airflow/.local/lib/python3.12/site-packages/airflow/example_dags/example_task_group_decorator.py
[2025-12-08T08:40:10.913+0000] {processor.py:914} INFO - Processing file /home/airflow/.local/lib/python3.12/site-packages/airflow/example_dags/example_task_group_decorator.py for tasks to queue
[2025-12-08T08:40:10.917+0000] {logging_mixin.py:190} INFO - [2025-12-08T08:40:10.917+0000] {dagbag.py:587} INFO - Filling up the DagBag from /home/airflow/.local/lib/python3.12/site-packages/airflow/example_dags/example_task_group_decorator.py
[2025-12-08T08:40:10.934+0000] {processor.py:925} INFO - DAG(s) 'example_task_group_decorator' retrieved from /home/airflow/.local/lib/python3.12/site-packages/airflow/example_dags/example_task_group_decorator.py
[2025-12-08T08:40:10.962+0000] {logging_mixin.py:190} INFO - [2025-12-08T08:40:10.962+0000] {dag.py:3211} INFO - Sync 1 DAGs
[2025-12-08T08:40:10.988+0000] {logging_mixin.py:190} INFO - [2025-12-08T08:40:10.988+0000] {dag.py:4138} INFO - Setting next_dagrun for example_task_group_decorator to 2025-12-07 00:00:00+00:00, run_after=2025-12-08 00:00:00+00:00
[2025-12-08T08:40:11.183+0000] {processor.py:208} INFO - Processing /home/airflow/.local/lib/python3.12/site-packages/airflow/example_dags/example_task_group_decorator.py took 0.278 seconds
[2025-12-08T08:40:41.392+0000] {processor.py:186} INFO - Started process (PID=9267) to work on /home/airflow/.local/lib/python3.12/site-packages/airflow/example_dags/example_task_group_decorator.py
[2025-12-08T08:40:41.393+0000] {processor.py:914} INFO - Processing file /home/airflow/.local/lib/python3.12/site-packages/airflow/example_dags/example_task_group_decorator.py for tasks to queue
[2025-12-08T08:40:41.397+0000] {logging_mixin.py:190} INFO - [2025-12-08T08:40:41.396+0000] {dagbag.py:587} INFO - Filling up the DagBag from /home/airflow/.local/lib/python3.12/site-packages/airflow/example_dags/example_task_group_decorator.py
[2025-12-08T08:40:41.418+0000] {processor.py:925} INFO - DAG(s) 'example_task_group_decorator' retrieved from /home/airflow/.local/lib/python3.12/site-packages/airflow/example_dags/example_task_group_decorator.py
[2025-12-08T08:40:41.449+0000] {logging_mixin.py:190} INFO - [2025-12-08T08:40:41.449+0000] {dag.py:3211} INFO - Sync 1 DAGs
[2025-12-08T08:40:41.471+0000] {logging_mixin.py:190} INFO - [2025-12-08T08:40:41.471+0000] {dag.py:4138} INFO - Setting next_dagrun for example_task_group_decorator to 2025-12-07 00:00:00+00:00, run_after=2025-12-08 00:00:00+00:00
[2025-12-08T08:40:41.497+0000] {processor.py:208} INFO - Processing /home/airflow/.local/lib/python3.12/site-packages/airflow/example_dags/example_task_group_decorator.py took 0.113 seconds
[2025-12-08T08:41:11.642+0000] {processor.py:186} INFO - Started process (PID=9330) to work on /home/airflow/.local/lib/python3.12/site-packages/airflow/example_dags/example_task_group_decorator.py
[2025-12-08T08:41:11.644+0000] {processor.py:914} INFO - Processing file /home/airflow/.local/lib/python3.12/site-packages/airflow/example_dags/example_task_group_decorator.py for tasks to queue
[2025-12-08T08:41:11.648+0000] {logging_mixin.py:190} INFO - [2025-12-08T08:41:11.647+0000] {dagbag.py:587} INFO - Filling up the DagBag from /home/airflow/.local/lib/python3.12/site-packages/airflow/example_dags/example_task_group_decorator.py
[2025-12-08T08:41:11.666+0000] {processor.py:925} INFO - DAG(s) 'example_task_group_decorator' retrieved from /home/airflow/.local/lib/python3.12/site-packages/airflow/example_dags/example_task_group_decorator.py
[2025-12-08T08:41:11.695+0000] {logging_mixin.py:190} INFO - [2025-12-08T08:41:11.695+0000] {dag.py:3211} INFO - Sync 1 DAGs
[2025-12-08T08:41:11.722+0000] {logging_mixin.py:190} INFO - [2025-12-08T08:41:11.721+0000] {dag.py:4138} INFO - Setting next_dagrun for example_task_group_decorator to 2025-12-07 00:00:00+00:00, run_after=2025-12-08 00:00:00+00:00
[2025-12-08T08:41:11.754+0000] {processor.py:208} INFO - Processing /home/airflow/.local/lib/python3.12/site-packages/airflow/example_dags/example_task_group_decorator.py took 0.121 seconds
[2025-12-08T08:41:42.039+0000] {processor.py:186} INFO - Started process (PID=9391) to work on /home/airflow/.local/lib/python3.12/site-packages/airflow/example_dags/example_task_group_decorator.py
[2025-12-08T08:41:42.041+0000] {processor.py:914} INFO - Processing file /home/airflow/.local/lib/python3.12/site-packages/airflow/example_dags/example_task_group_decorator.py for tasks to queue
[2025-12-08T08:41:42.046+0000] {logging_mixin.py:190} INFO - [2025-12-08T08:41:42.045+0000] {dagbag.py:587} INFO - Filling up the DagBag from /home/airflow/.local/lib/python3.12/site-packages/airflow/example_dags/example_task_group_decorator.py
[2025-12-08T08:41:42.285+0000] {processor.py:925} INFO - DAG(s) 'example_task_group_decorator' retrieved from /home/airflow/.local/lib/python3.12/site-packages/airflow/example_dags/example_task_group_decorator.py
[2025-12-08T08:41:42.323+0000] {logging_mixin.py:190} INFO - [2025-12-08T08:41:42.322+0000] {dag.py:3211} INFO - Sync 1 DAGs
[2025-12-08T08:41:42.351+0000] {logging_mixin.py:190} INFO - [2025-12-08T08:41:42.351+0000] {dag.py:4138} INFO - Setting next_dagrun for example_task_group_decorator to 2025-12-07 00:00:00+00:00, run_after=2025-12-08 00:00:00+00:00
[2025-12-08T08:41:42.378+0000] {processor.py:208} INFO - Processing /home/airflow/.local/lib/python3.12/site-packages/airflow/example_dags/example_task_group_decorator.py took 0.350 seconds
[2025-12-08T08:42:12.729+0000] {processor.py:186} INFO - Started process (PID=9454) to work on /home/airflow/.local/lib/python3.12/site-packages/airflow/example_dags/example_task_group_decorator.py
[2025-12-08T08:42:12.731+0000] {processor.py:914} INFO - Processing file /home/airflow/.local/lib/python3.12/site-packages/airflow/example_dags/example_task_group_decorator.py for tasks to queue
[2025-12-08T08:42:12.734+0000] {logging_mixin.py:190} INFO - [2025-12-08T08:42:12.734+0000] {dagbag.py:587} INFO - Filling up the DagBag from /home/airflow/.local/lib/python3.12/site-packages/airflow/example_dags/example_task_group_decorator.py
[2025-12-08T08:42:12.751+0000] {processor.py:925} INFO - DAG(s) 'example_task_group_decorator' retrieved from /home/airflow/.local/lib/python3.12/site-packages/airflow/example_dags/example_task_group_decorator.py
[2025-12-08T08:42:12.778+0000] {logging_mixin.py:190} INFO - [2025-12-08T08:42:12.778+0000] {dag.py:3211} INFO - Sync 1 DAGs
[2025-12-08T08:42:12.804+0000] {logging_mixin.py:190} INFO - [2025-12-08T08:42:12.804+0000] {dag.py:4138} INFO - Setting next_dagrun for example_task_group_decorator to 2025-12-07 00:00:00+00:00, run_after=2025-12-08 00:00:00+00:00
[2025-12-08T08:42:12.823+0000] {processor.py:208} INFO - Processing /home/airflow/.local/lib/python3.12/site-packages/airflow/example_dags/example_task_group_decorator.py took 0.101 seconds
[2025-12-08T08:42:43.287+0000] {processor.py:186} INFO - Started process (PID=9517) to work on /home/airflow/.local/lib/python3.12/site-packages/airflow/example_dags/example_task_group_decorator.py
[2025-12-08T08:42:43.289+0000] {processor.py:914} INFO - Processing file /home/airflow/.local/lib/python3.12/site-packages/airflow/example_dags/example_task_group_decorator.py for tasks to queue
[2025-12-08T08:42:43.293+0000] {logging_mixin.py:190} INFO - [2025-12-08T08:42:43.292+0000] {dagbag.py:587} INFO - Filling up the DagBag from /home/airflow/.local/lib/python3.12/site-packages/airflow/example_dags/example_task_group_decorator.py
[2025-12-08T08:42:43.308+0000] {processor.py:925} INFO - DAG(s) 'example_task_group_decorator' retrieved from /home/airflow/.local/lib/python3.12/site-packages/airflow/example_dags/example_task_group_decorator.py
[2025-12-08T08:42:43.335+0000] {logging_mixin.py:190} INFO - [2025-12-08T08:42:43.335+0000] {dag.py:3211} INFO - Sync 1 DAGs
[2025-12-08T08:42:43.358+0000] {logging_mixin.py:190} INFO - [2025-12-08T08:42:43.358+0000] {dag.py:4138} INFO - Setting next_dagrun for example_task_group_decorator to 2025-12-07 00:00:00+00:00, run_after=2025-12-08 00:00:00+00:00
[2025-12-08T08:42:43.387+0000] {processor.py:208} INFO - Processing /home/airflow/.local/lib/python3.12/site-packages/airflow/example_dags/example_task_group_decorator.py took 0.107 seconds
