[2025-12-08T07:00:42.954+0000] {processor.py:186} INFO - Started process (PID=118) to work on /home/airflow/.local/lib/python3.12/site-packages/airflow/example_dags/example_local_kubernetes_executor.py
[2025-12-08T07:00:42.958+0000] {processor.py:914} INFO - Processing file /home/airflow/.local/lib/python3.12/site-packages/airflow/example_dags/example_local_kubernetes_executor.py for tasks to queue
[2025-12-08T07:00:42.965+0000] {logging_mixin.py:190} INFO - [2025-12-08T07:00:42.964+0000] {dagbag.py:587} INFO - Filling up the DagBag from /home/airflow/.local/lib/python3.12/site-packages/airflow/example_dags/example_local_kubernetes_executor.py
[2025-12-08T07:00:42.989+0000] {processor.py:925} INFO - DAG(s) 'example_local_kubernetes_executor' retrieved from /home/airflow/.local/lib/python3.12/site-packages/airflow/example_dags/example_local_kubernetes_executor.py
[2025-12-08T07:00:43.098+0000] {logging_mixin.py:190} INFO - [2025-12-08T07:00:43.097+0000] {dag.py:3211} INFO - Sync 1 DAGs
[2025-12-08T07:00:43.149+0000] {logging_mixin.py:190} INFO - [2025-12-08T07:00:43.148+0000] {dag.py:4138} INFO - Setting next_dagrun for example_local_kubernetes_executor to None, run_after=None
[2025-12-08T07:00:43.205+0000] {processor.py:208} INFO - Processing /home/airflow/.local/lib/python3.12/site-packages/airflow/example_dags/example_local_kubernetes_executor.py took 0.274 seconds
[2025-12-08T07:01:13.688+0000] {processor.py:186} INFO - Started process (PID=179) to work on /home/airflow/.local/lib/python3.12/site-packages/airflow/example_dags/example_local_kubernetes_executor.py
[2025-12-08T07:01:13.692+0000] {processor.py:914} INFO - Processing file /home/airflow/.local/lib/python3.12/site-packages/airflow/example_dags/example_local_kubernetes_executor.py for tasks to queue
[2025-12-08T07:01:13.696+0000] {logging_mixin.py:190} INFO - [2025-12-08T07:01:13.696+0000] {dagbag.py:587} INFO - Filling up the DagBag from /home/airflow/.local/lib/python3.12/site-packages/airflow/example_dags/example_local_kubernetes_executor.py
[2025-12-08T07:01:13.716+0000] {processor.py:925} INFO - DAG(s) 'example_local_kubernetes_executor' retrieved from /home/airflow/.local/lib/python3.12/site-packages/airflow/example_dags/example_local_kubernetes_executor.py
[2025-12-08T07:01:13.771+0000] {logging_mixin.py:190} INFO - [2025-12-08T07:01:13.771+0000] {dag.py:3211} INFO - Sync 1 DAGs
[2025-12-08T07:01:13.795+0000] {logging_mixin.py:190} INFO - [2025-12-08T07:01:13.794+0000] {dag.py:4138} INFO - Setting next_dagrun for example_local_kubernetes_executor to None, run_after=None
[2025-12-08T07:01:13.830+0000] {processor.py:208} INFO - Processing /home/airflow/.local/lib/python3.12/site-packages/airflow/example_dags/example_local_kubernetes_executor.py took 0.154 seconds
[2025-12-08T07:01:44.898+0000] {processor.py:186} INFO - Started process (PID=242) to work on /home/airflow/.local/lib/python3.12/site-packages/airflow/example_dags/example_local_kubernetes_executor.py
[2025-12-08T07:01:44.904+0000] {processor.py:914} INFO - Processing file /home/airflow/.local/lib/python3.12/site-packages/airflow/example_dags/example_local_kubernetes_executor.py for tasks to queue
[2025-12-08T07:01:44.913+0000] {logging_mixin.py:190} INFO - [2025-12-08T07:01:44.912+0000] {dagbag.py:587} INFO - Filling up the DagBag from /home/airflow/.local/lib/python3.12/site-packages/airflow/example_dags/example_local_kubernetes_executor.py
[2025-12-08T07:01:44.940+0000] {processor.py:925} INFO - DAG(s) 'example_local_kubernetes_executor' retrieved from /home/airflow/.local/lib/python3.12/site-packages/airflow/example_dags/example_local_kubernetes_executor.py
[2025-12-08T07:01:45.004+0000] {logging_mixin.py:190} INFO - [2025-12-08T07:01:45.003+0000] {dag.py:3211} INFO - Sync 1 DAGs
[2025-12-08T07:01:45.041+0000] {logging_mixin.py:190} INFO - [2025-12-08T07:01:45.040+0000] {dag.py:4138} INFO - Setting next_dagrun for example_local_kubernetes_executor to None, run_after=None
[2025-12-08T07:01:45.089+0000] {processor.py:208} INFO - Processing /home/airflow/.local/lib/python3.12/site-packages/airflow/example_dags/example_local_kubernetes_executor.py took 0.210 seconds
[2025-12-08T07:02:16.948+0000] {processor.py:186} INFO - Started process (PID=304) to work on /home/airflow/.local/lib/python3.12/site-packages/airflow/example_dags/example_local_kubernetes_executor.py
[2025-12-08T07:02:16.950+0000] {processor.py:914} INFO - Processing file /home/airflow/.local/lib/python3.12/site-packages/airflow/example_dags/example_local_kubernetes_executor.py for tasks to queue
[2025-12-08T07:02:16.962+0000] {logging_mixin.py:190} INFO - [2025-12-08T07:02:16.960+0000] {dagbag.py:587} INFO - Filling up the DagBag from /home/airflow/.local/lib/python3.12/site-packages/airflow/example_dags/example_local_kubernetes_executor.py
[2025-12-08T07:02:16.979+0000] {processor.py:925} INFO - DAG(s) 'example_local_kubernetes_executor' retrieved from /home/airflow/.local/lib/python3.12/site-packages/airflow/example_dags/example_local_kubernetes_executor.py
[2025-12-08T07:02:17.060+0000] {logging_mixin.py:190} INFO - [2025-12-08T07:02:17.059+0000] {dag.py:3211} INFO - Sync 1 DAGs
[2025-12-08T07:02:17.103+0000] {logging_mixin.py:190} INFO - [2025-12-08T07:02:17.103+0000] {dag.py:4138} INFO - Setting next_dagrun for example_local_kubernetes_executor to None, run_after=None
[2025-12-08T07:02:17.154+0000] {processor.py:208} INFO - Processing /home/airflow/.local/lib/python3.12/site-packages/airflow/example_dags/example_local_kubernetes_executor.py took 0.217 seconds
[2025-12-08T07:02:47.323+0000] {processor.py:186} INFO - Started process (PID=366) to work on /home/airflow/.local/lib/python3.12/site-packages/airflow/example_dags/example_local_kubernetes_executor.py
[2025-12-08T07:02:47.325+0000] {processor.py:914} INFO - Processing file /home/airflow/.local/lib/python3.12/site-packages/airflow/example_dags/example_local_kubernetes_executor.py for tasks to queue
[2025-12-08T07:02:47.329+0000] {logging_mixin.py:190} INFO - [2025-12-08T07:02:47.329+0000] {dagbag.py:587} INFO - Filling up the DagBag from /home/airflow/.local/lib/python3.12/site-packages/airflow/example_dags/example_local_kubernetes_executor.py
[2025-12-08T07:02:47.347+0000] {processor.py:925} INFO - DAG(s) 'example_local_kubernetes_executor' retrieved from /home/airflow/.local/lib/python3.12/site-packages/airflow/example_dags/example_local_kubernetes_executor.py
[2025-12-08T07:02:47.402+0000] {logging_mixin.py:190} INFO - [2025-12-08T07:02:47.402+0000] {dag.py:3211} INFO - Sync 1 DAGs
[2025-12-08T07:02:47.428+0000] {logging_mixin.py:190} INFO - [2025-12-08T07:02:47.427+0000] {dag.py:4138} INFO - Setting next_dagrun for example_local_kubernetes_executor to None, run_after=None
[2025-12-08T07:02:47.461+0000] {processor.py:208} INFO - Processing /home/airflow/.local/lib/python3.12/site-packages/airflow/example_dags/example_local_kubernetes_executor.py took 0.150 seconds
[2025-12-08T07:03:17.515+0000] {processor.py:186} INFO - Started process (PID=426) to work on /home/airflow/.local/lib/python3.12/site-packages/airflow/example_dags/example_local_kubernetes_executor.py
[2025-12-08T07:03:17.519+0000] {processor.py:914} INFO - Processing file /home/airflow/.local/lib/python3.12/site-packages/airflow/example_dags/example_local_kubernetes_executor.py for tasks to queue
[2025-12-08T07:03:17.523+0000] {logging_mixin.py:190} INFO - [2025-12-08T07:03:17.522+0000] {dagbag.py:587} INFO - Filling up the DagBag from /home/airflow/.local/lib/python3.12/site-packages/airflow/example_dags/example_local_kubernetes_executor.py
[2025-12-08T07:03:17.537+0000] {processor.py:925} INFO - DAG(s) 'example_local_kubernetes_executor' retrieved from /home/airflow/.local/lib/python3.12/site-packages/airflow/example_dags/example_local_kubernetes_executor.py
[2025-12-08T07:03:17.609+0000] {logging_mixin.py:190} INFO - [2025-12-08T07:03:17.608+0000] {dag.py:3211} INFO - Sync 1 DAGs
[2025-12-08T07:03:17.632+0000] {logging_mixin.py:190} INFO - [2025-12-08T07:03:17.631+0000] {dag.py:4138} INFO - Setting next_dagrun for example_local_kubernetes_executor to None, run_after=None
[2025-12-08T07:03:17.678+0000] {processor.py:208} INFO - Processing /home/airflow/.local/lib/python3.12/site-packages/airflow/example_dags/example_local_kubernetes_executor.py took 0.171 seconds
[2025-12-08T07:03:48.240+0000] {processor.py:186} INFO - Started process (PID=489) to work on /home/airflow/.local/lib/python3.12/site-packages/airflow/example_dags/example_local_kubernetes_executor.py
[2025-12-08T07:03:48.253+0000] {processor.py:914} INFO - Processing file /home/airflow/.local/lib/python3.12/site-packages/airflow/example_dags/example_local_kubernetes_executor.py for tasks to queue
[2025-12-08T07:03:48.268+0000] {logging_mixin.py:190} INFO - [2025-12-08T07:03:48.266+0000] {dagbag.py:587} INFO - Filling up the DagBag from /home/airflow/.local/lib/python3.12/site-packages/airflow/example_dags/example_local_kubernetes_executor.py
[2025-12-08T07:03:48.293+0000] {processor.py:925} INFO - DAG(s) 'example_local_kubernetes_executor' retrieved from /home/airflow/.local/lib/python3.12/site-packages/airflow/example_dags/example_local_kubernetes_executor.py
[2025-12-08T07:03:48.382+0000] {logging_mixin.py:190} INFO - [2025-12-08T07:03:48.382+0000] {dag.py:3211} INFO - Sync 1 DAGs
[2025-12-08T07:03:48.422+0000] {logging_mixin.py:190} INFO - [2025-12-08T07:03:48.421+0000] {dag.py:4138} INFO - Setting next_dagrun for example_local_kubernetes_executor to None, run_after=None
[2025-12-08T07:03:48.467+0000] {processor.py:208} INFO - Processing /home/airflow/.local/lib/python3.12/site-packages/airflow/example_dags/example_local_kubernetes_executor.py took 0.238 seconds
[2025-12-08T07:04:19.571+0000] {processor.py:186} INFO - Started process (PID=551) to work on /home/airflow/.local/lib/python3.12/site-packages/airflow/example_dags/example_local_kubernetes_executor.py
[2025-12-08T07:04:19.574+0000] {processor.py:914} INFO - Processing file /home/airflow/.local/lib/python3.12/site-packages/airflow/example_dags/example_local_kubernetes_executor.py for tasks to queue
[2025-12-08T07:04:19.579+0000] {logging_mixin.py:190} INFO - [2025-12-08T07:04:19.579+0000] {dagbag.py:587} INFO - Filling up the DagBag from /home/airflow/.local/lib/python3.12/site-packages/airflow/example_dags/example_local_kubernetes_executor.py
[2025-12-08T07:04:19.594+0000] {processor.py:925} INFO - DAG(s) 'example_local_kubernetes_executor' retrieved from /home/airflow/.local/lib/python3.12/site-packages/airflow/example_dags/example_local_kubernetes_executor.py
[2025-12-08T07:04:19.648+0000] {logging_mixin.py:190} INFO - [2025-12-08T07:04:19.647+0000] {dag.py:3211} INFO - Sync 1 DAGs
[2025-12-08T07:04:19.670+0000] {logging_mixin.py:190} INFO - [2025-12-08T07:04:19.670+0000] {dag.py:4138} INFO - Setting next_dagrun for example_local_kubernetes_executor to None, run_after=None
[2025-12-08T07:04:19.715+0000] {processor.py:208} INFO - Processing /home/airflow/.local/lib/python3.12/site-packages/airflow/example_dags/example_local_kubernetes_executor.py took 0.154 seconds
[2025-12-08T07:04:50.389+0000] {processor.py:186} INFO - Started process (PID=613) to work on /home/airflow/.local/lib/python3.12/site-packages/airflow/example_dags/example_local_kubernetes_executor.py
[2025-12-08T07:04:50.391+0000] {processor.py:914} INFO - Processing file /home/airflow/.local/lib/python3.12/site-packages/airflow/example_dags/example_local_kubernetes_executor.py for tasks to queue
[2025-12-08T07:04:50.396+0000] {logging_mixin.py:190} INFO - [2025-12-08T07:04:50.395+0000] {dagbag.py:587} INFO - Filling up the DagBag from /home/airflow/.local/lib/python3.12/site-packages/airflow/example_dags/example_local_kubernetes_executor.py
[2025-12-08T07:04:50.410+0000] {processor.py:925} INFO - DAG(s) 'example_local_kubernetes_executor' retrieved from /home/airflow/.local/lib/python3.12/site-packages/airflow/example_dags/example_local_kubernetes_executor.py
[2025-12-08T07:04:50.466+0000] {logging_mixin.py:190} INFO - [2025-12-08T07:04:50.465+0000] {dag.py:3211} INFO - Sync 1 DAGs
[2025-12-08T07:04:50.496+0000] {logging_mixin.py:190} INFO - [2025-12-08T07:04:50.496+0000] {dag.py:4138} INFO - Setting next_dagrun for example_local_kubernetes_executor to None, run_after=None
[2025-12-08T07:04:50.535+0000] {processor.py:208} INFO - Processing /home/airflow/.local/lib/python3.12/site-packages/airflow/example_dags/example_local_kubernetes_executor.py took 0.156 seconds
[2025-12-08T07:05:21.376+0000] {processor.py:186} INFO - Started process (PID=675) to work on /home/airflow/.local/lib/python3.12/site-packages/airflow/example_dags/example_local_kubernetes_executor.py
[2025-12-08T07:05:21.379+0000] {processor.py:914} INFO - Processing file /home/airflow/.local/lib/python3.12/site-packages/airflow/example_dags/example_local_kubernetes_executor.py for tasks to queue
[2025-12-08T07:05:21.384+0000] {logging_mixin.py:190} INFO - [2025-12-08T07:05:21.384+0000] {dagbag.py:587} INFO - Filling up the DagBag from /home/airflow/.local/lib/python3.12/site-packages/airflow/example_dags/example_local_kubernetes_executor.py
[2025-12-08T07:05:21.403+0000] {processor.py:925} INFO - DAG(s) 'example_local_kubernetes_executor' retrieved from /home/airflow/.local/lib/python3.12/site-packages/airflow/example_dags/example_local_kubernetes_executor.py
[2025-12-08T07:05:21.453+0000] {logging_mixin.py:190} INFO - [2025-12-08T07:05:21.452+0000] {dag.py:3211} INFO - Sync 1 DAGs
[2025-12-08T07:05:21.473+0000] {logging_mixin.py:190} INFO - [2025-12-08T07:05:21.473+0000] {dag.py:4138} INFO - Setting next_dagrun for example_local_kubernetes_executor to None, run_after=None
[2025-12-08T07:05:21.505+0000] {processor.py:208} INFO - Processing /home/airflow/.local/lib/python3.12/site-packages/airflow/example_dags/example_local_kubernetes_executor.py took 0.140 seconds
[2025-12-08T07:07:43.409+0000] {processor.py:186} INFO - Started process (PID=112) to work on /home/airflow/.local/lib/python3.12/site-packages/airflow/example_dags/example_local_kubernetes_executor.py
[2025-12-08T07:07:43.420+0000] {processor.py:914} INFO - Processing file /home/airflow/.local/lib/python3.12/site-packages/airflow/example_dags/example_local_kubernetes_executor.py for tasks to queue
[2025-12-08T07:07:43.436+0000] {logging_mixin.py:190} INFO - [2025-12-08T07:07:43.434+0000] {dagbag.py:587} INFO - Filling up the DagBag from /home/airflow/.local/lib/python3.12/site-packages/airflow/example_dags/example_local_kubernetes_executor.py
[2025-12-08T07:07:43.473+0000] {processor.py:925} INFO - DAG(s) 'example_local_kubernetes_executor' retrieved from /home/airflow/.local/lib/python3.12/site-packages/airflow/example_dags/example_local_kubernetes_executor.py
[2025-12-08T07:07:43.559+0000] {logging_mixin.py:190} INFO - [2025-12-08T07:07:43.559+0000] {dag.py:3211} INFO - Sync 1 DAGs
[2025-12-08T07:07:43.590+0000] {logging_mixin.py:190} INFO - [2025-12-08T07:07:43.590+0000] {dag.py:4138} INFO - Setting next_dagrun for example_local_kubernetes_executor to None, run_after=None
[2025-12-08T07:07:43.655+0000] {processor.py:208} INFO - Processing /home/airflow/.local/lib/python3.12/site-packages/airflow/example_dags/example_local_kubernetes_executor.py took 0.260 seconds
[2025-12-08T07:08:14.203+0000] {processor.py:186} INFO - Started process (PID=173) to work on /home/airflow/.local/lib/python3.12/site-packages/airflow/example_dags/example_local_kubernetes_executor.py
[2025-12-08T07:08:14.205+0000] {processor.py:914} INFO - Processing file /home/airflow/.local/lib/python3.12/site-packages/airflow/example_dags/example_local_kubernetes_executor.py for tasks to queue
[2025-12-08T07:08:14.210+0000] {logging_mixin.py:190} INFO - [2025-12-08T07:08:14.209+0000] {dagbag.py:587} INFO - Filling up the DagBag from /home/airflow/.local/lib/python3.12/site-packages/airflow/example_dags/example_local_kubernetes_executor.py
[2025-12-08T07:08:14.230+0000] {processor.py:925} INFO - DAG(s) 'example_local_kubernetes_executor' retrieved from /home/airflow/.local/lib/python3.12/site-packages/airflow/example_dags/example_local_kubernetes_executor.py
[2025-12-08T07:08:14.313+0000] {logging_mixin.py:190} INFO - [2025-12-08T07:08:14.313+0000] {dag.py:3211} INFO - Sync 1 DAGs
[2025-12-08T07:08:14.339+0000] {logging_mixin.py:190} INFO - [2025-12-08T07:08:14.339+0000] {dag.py:4138} INFO - Setting next_dagrun for example_local_kubernetes_executor to None, run_after=None
[2025-12-08T07:08:14.384+0000] {processor.py:208} INFO - Processing /home/airflow/.local/lib/python3.12/site-packages/airflow/example_dags/example_local_kubernetes_executor.py took 0.197 seconds
[2025-12-08T07:08:44.652+0000] {processor.py:186} INFO - Started process (PID=235) to work on /home/airflow/.local/lib/python3.12/site-packages/airflow/example_dags/example_local_kubernetes_executor.py
[2025-12-08T07:08:44.654+0000] {processor.py:914} INFO - Processing file /home/airflow/.local/lib/python3.12/site-packages/airflow/example_dags/example_local_kubernetes_executor.py for tasks to queue
[2025-12-08T07:08:44.657+0000] {logging_mixin.py:190} INFO - [2025-12-08T07:08:44.657+0000] {dagbag.py:587} INFO - Filling up the DagBag from /home/airflow/.local/lib/python3.12/site-packages/airflow/example_dags/example_local_kubernetes_executor.py
[2025-12-08T07:08:44.668+0000] {processor.py:925} INFO - DAG(s) 'example_local_kubernetes_executor' retrieved from /home/airflow/.local/lib/python3.12/site-packages/airflow/example_dags/example_local_kubernetes_executor.py
[2025-12-08T07:08:44.699+0000] {logging_mixin.py:190} INFO - [2025-12-08T07:08:44.699+0000] {dag.py:3211} INFO - Sync 1 DAGs
[2025-12-08T07:08:44.712+0000] {logging_mixin.py:190} INFO - [2025-12-08T07:08:44.712+0000] {dag.py:4138} INFO - Setting next_dagrun for example_local_kubernetes_executor to None, run_after=None
[2025-12-08T07:08:44.731+0000] {processor.py:208} INFO - Processing /home/airflow/.local/lib/python3.12/site-packages/airflow/example_dags/example_local_kubernetes_executor.py took 0.086 seconds
[2025-12-08T07:09:15.151+0000] {processor.py:186} INFO - Started process (PID=297) to work on /home/airflow/.local/lib/python3.12/site-packages/airflow/example_dags/example_local_kubernetes_executor.py
[2025-12-08T07:09:15.153+0000] {processor.py:914} INFO - Processing file /home/airflow/.local/lib/python3.12/site-packages/airflow/example_dags/example_local_kubernetes_executor.py for tasks to queue
[2025-12-08T07:09:15.156+0000] {logging_mixin.py:190} INFO - [2025-12-08T07:09:15.156+0000] {dagbag.py:587} INFO - Filling up the DagBag from /home/airflow/.local/lib/python3.12/site-packages/airflow/example_dags/example_local_kubernetes_executor.py
[2025-12-08T07:09:15.167+0000] {processor.py:925} INFO - DAG(s) 'example_local_kubernetes_executor' retrieved from /home/airflow/.local/lib/python3.12/site-packages/airflow/example_dags/example_local_kubernetes_executor.py
[2025-12-08T07:09:15.218+0000] {logging_mixin.py:190} INFO - [2025-12-08T07:09:15.218+0000] {dag.py:3211} INFO - Sync 1 DAGs
[2025-12-08T07:09:15.238+0000] {logging_mixin.py:190} INFO - [2025-12-08T07:09:15.237+0000] {dag.py:4138} INFO - Setting next_dagrun for example_local_kubernetes_executor to None, run_after=None
[2025-12-08T07:09:15.267+0000] {processor.py:208} INFO - Processing /home/airflow/.local/lib/python3.12/site-packages/airflow/example_dags/example_local_kubernetes_executor.py took 0.123 seconds
[2025-12-08T07:09:46.108+0000] {processor.py:186} INFO - Started process (PID=359) to work on /home/airflow/.local/lib/python3.12/site-packages/airflow/example_dags/example_local_kubernetes_executor.py
[2025-12-08T07:09:46.110+0000] {processor.py:914} INFO - Processing file /home/airflow/.local/lib/python3.12/site-packages/airflow/example_dags/example_local_kubernetes_executor.py for tasks to queue
[2025-12-08T07:09:46.112+0000] {logging_mixin.py:190} INFO - [2025-12-08T07:09:46.112+0000] {dagbag.py:587} INFO - Filling up the DagBag from /home/airflow/.local/lib/python3.12/site-packages/airflow/example_dags/example_local_kubernetes_executor.py
[2025-12-08T07:09:46.123+0000] {processor.py:925} INFO - DAG(s) 'example_local_kubernetes_executor' retrieved from /home/airflow/.local/lib/python3.12/site-packages/airflow/example_dags/example_local_kubernetes_executor.py
[2025-12-08T07:09:46.159+0000] {logging_mixin.py:190} INFO - [2025-12-08T07:09:46.159+0000] {dag.py:3211} INFO - Sync 1 DAGs
[2025-12-08T07:09:46.177+0000] {logging_mixin.py:190} INFO - [2025-12-08T07:09:46.176+0000] {dag.py:4138} INFO - Setting next_dagrun for example_local_kubernetes_executor to None, run_after=None
[2025-12-08T07:09:46.204+0000] {processor.py:208} INFO - Processing /home/airflow/.local/lib/python3.12/site-packages/airflow/example_dags/example_local_kubernetes_executor.py took 0.102 seconds
[2025-12-08T07:10:16.781+0000] {processor.py:186} INFO - Started process (PID=421) to work on /home/airflow/.local/lib/python3.12/site-packages/airflow/example_dags/example_local_kubernetes_executor.py
[2025-12-08T07:10:16.782+0000] {processor.py:914} INFO - Processing file /home/airflow/.local/lib/python3.12/site-packages/airflow/example_dags/example_local_kubernetes_executor.py for tasks to queue
[2025-12-08T07:10:16.787+0000] {logging_mixin.py:190} INFO - [2025-12-08T07:10:16.786+0000] {dagbag.py:587} INFO - Filling up the DagBag from /home/airflow/.local/lib/python3.12/site-packages/airflow/example_dags/example_local_kubernetes_executor.py
[2025-12-08T07:10:16.798+0000] {processor.py:925} INFO - DAG(s) 'example_local_kubernetes_executor' retrieved from /home/airflow/.local/lib/python3.12/site-packages/airflow/example_dags/example_local_kubernetes_executor.py
[2025-12-08T07:10:16.830+0000] {logging_mixin.py:190} INFO - [2025-12-08T07:10:16.830+0000] {dag.py:3211} INFO - Sync 1 DAGs
[2025-12-08T07:10:16.843+0000] {logging_mixin.py:190} INFO - [2025-12-08T07:10:16.843+0000] {dag.py:4138} INFO - Setting next_dagrun for example_local_kubernetes_executor to None, run_after=None
[2025-12-08T07:10:16.868+0000] {processor.py:208} INFO - Processing /home/airflow/.local/lib/python3.12/site-packages/airflow/example_dags/example_local_kubernetes_executor.py took 0.093 seconds
[2025-12-08T07:10:47.203+0000] {processor.py:186} INFO - Started process (PID=483) to work on /home/airflow/.local/lib/python3.12/site-packages/airflow/example_dags/example_local_kubernetes_executor.py
[2025-12-08T07:10:47.205+0000] {processor.py:914} INFO - Processing file /home/airflow/.local/lib/python3.12/site-packages/airflow/example_dags/example_local_kubernetes_executor.py for tasks to queue
[2025-12-08T07:10:47.208+0000] {logging_mixin.py:190} INFO - [2025-12-08T07:10:47.208+0000] {dagbag.py:587} INFO - Filling up the DagBag from /home/airflow/.local/lib/python3.12/site-packages/airflow/example_dags/example_local_kubernetes_executor.py
[2025-12-08T07:10:47.218+0000] {processor.py:925} INFO - DAG(s) 'example_local_kubernetes_executor' retrieved from /home/airflow/.local/lib/python3.12/site-packages/airflow/example_dags/example_local_kubernetes_executor.py
[2025-12-08T07:10:47.249+0000] {logging_mixin.py:190} INFO - [2025-12-08T07:10:47.248+0000] {dag.py:3211} INFO - Sync 1 DAGs
[2025-12-08T07:10:47.262+0000] {logging_mixin.py:190} INFO - [2025-12-08T07:10:47.262+0000] {dag.py:4138} INFO - Setting next_dagrun for example_local_kubernetes_executor to None, run_after=None
[2025-12-08T07:10:47.282+0000] {processor.py:208} INFO - Processing /home/airflow/.local/lib/python3.12/site-packages/airflow/example_dags/example_local_kubernetes_executor.py took 0.086 seconds
[2025-12-08T07:11:17.495+0000] {processor.py:186} INFO - Started process (PID=545) to work on /home/airflow/.local/lib/python3.12/site-packages/airflow/example_dags/example_local_kubernetes_executor.py
[2025-12-08T07:11:17.499+0000] {processor.py:914} INFO - Processing file /home/airflow/.local/lib/python3.12/site-packages/airflow/example_dags/example_local_kubernetes_executor.py for tasks to queue
[2025-12-08T07:11:17.502+0000] {logging_mixin.py:190} INFO - [2025-12-08T07:11:17.502+0000] {dagbag.py:587} INFO - Filling up the DagBag from /home/airflow/.local/lib/python3.12/site-packages/airflow/example_dags/example_local_kubernetes_executor.py
[2025-12-08T07:11:17.514+0000] {processor.py:925} INFO - DAG(s) 'example_local_kubernetes_executor' retrieved from /home/airflow/.local/lib/python3.12/site-packages/airflow/example_dags/example_local_kubernetes_executor.py
[2025-12-08T07:11:17.546+0000] {logging_mixin.py:190} INFO - [2025-12-08T07:11:17.546+0000] {dag.py:3211} INFO - Sync 1 DAGs
[2025-12-08T07:11:17.559+0000] {logging_mixin.py:190} INFO - [2025-12-08T07:11:17.559+0000] {dag.py:4138} INFO - Setting next_dagrun for example_local_kubernetes_executor to None, run_after=None
[2025-12-08T07:11:17.578+0000] {processor.py:208} INFO - Processing /home/airflow/.local/lib/python3.12/site-packages/airflow/example_dags/example_local_kubernetes_executor.py took 0.090 seconds
[2025-12-08T07:11:47.823+0000] {processor.py:186} INFO - Started process (PID=607) to work on /home/airflow/.local/lib/python3.12/site-packages/airflow/example_dags/example_local_kubernetes_executor.py
[2025-12-08T07:11:47.825+0000] {processor.py:914} INFO - Processing file /home/airflow/.local/lib/python3.12/site-packages/airflow/example_dags/example_local_kubernetes_executor.py for tasks to queue
[2025-12-08T07:11:47.827+0000] {logging_mixin.py:190} INFO - [2025-12-08T07:11:47.827+0000] {dagbag.py:587} INFO - Filling up the DagBag from /home/airflow/.local/lib/python3.12/site-packages/airflow/example_dags/example_local_kubernetes_executor.py
[2025-12-08T07:11:47.837+0000] {processor.py:925} INFO - DAG(s) 'example_local_kubernetes_executor' retrieved from /home/airflow/.local/lib/python3.12/site-packages/airflow/example_dags/example_local_kubernetes_executor.py
[2025-12-08T07:11:47.877+0000] {logging_mixin.py:190} INFO - [2025-12-08T07:11:47.876+0000] {dag.py:3211} INFO - Sync 1 DAGs
[2025-12-08T07:11:47.892+0000] {logging_mixin.py:190} INFO - [2025-12-08T07:11:47.892+0000] {dag.py:4138} INFO - Setting next_dagrun for example_local_kubernetes_executor to None, run_after=None
[2025-12-08T07:11:47.916+0000] {processor.py:208} INFO - Processing /home/airflow/.local/lib/python3.12/site-packages/airflow/example_dags/example_local_kubernetes_executor.py took 0.098 seconds
[2025-12-08T07:12:18.024+0000] {processor.py:186} INFO - Started process (PID=669) to work on /home/airflow/.local/lib/python3.12/site-packages/airflow/example_dags/example_local_kubernetes_executor.py
[2025-12-08T07:12:18.026+0000] {processor.py:914} INFO - Processing file /home/airflow/.local/lib/python3.12/site-packages/airflow/example_dags/example_local_kubernetes_executor.py for tasks to queue
[2025-12-08T07:12:18.029+0000] {logging_mixin.py:190} INFO - [2025-12-08T07:12:18.029+0000] {dagbag.py:587} INFO - Filling up the DagBag from /home/airflow/.local/lib/python3.12/site-packages/airflow/example_dags/example_local_kubernetes_executor.py
[2025-12-08T07:12:18.040+0000] {processor.py:925} INFO - DAG(s) 'example_local_kubernetes_executor' retrieved from /home/airflow/.local/lib/python3.12/site-packages/airflow/example_dags/example_local_kubernetes_executor.py
[2025-12-08T07:12:18.077+0000] {logging_mixin.py:190} INFO - [2025-12-08T07:12:18.076+0000] {dag.py:3211} INFO - Sync 1 DAGs
[2025-12-08T07:12:18.093+0000] {logging_mixin.py:190} INFO - [2025-12-08T07:12:18.093+0000] {dag.py:4138} INFO - Setting next_dagrun for example_local_kubernetes_executor to None, run_after=None
[2025-12-08T07:12:18.116+0000] {processor.py:208} INFO - Processing /home/airflow/.local/lib/python3.12/site-packages/airflow/example_dags/example_local_kubernetes_executor.py took 0.098 seconds
[2025-12-08T07:12:48.764+0000] {processor.py:186} INFO - Started process (PID=732) to work on /home/airflow/.local/lib/python3.12/site-packages/airflow/example_dags/example_local_kubernetes_executor.py
[2025-12-08T07:12:48.767+0000] {processor.py:914} INFO - Processing file /home/airflow/.local/lib/python3.12/site-packages/airflow/example_dags/example_local_kubernetes_executor.py for tasks to queue
[2025-12-08T07:12:48.771+0000] {logging_mixin.py:190} INFO - [2025-12-08T07:12:48.771+0000] {dagbag.py:587} INFO - Filling up the DagBag from /home/airflow/.local/lib/python3.12/site-packages/airflow/example_dags/example_local_kubernetes_executor.py
[2025-12-08T07:12:48.791+0000] {processor.py:925} INFO - DAG(s) 'example_local_kubernetes_executor' retrieved from /home/airflow/.local/lib/python3.12/site-packages/airflow/example_dags/example_local_kubernetes_executor.py
[2025-12-08T07:12:48.864+0000] {logging_mixin.py:190} INFO - [2025-12-08T07:12:48.863+0000] {dag.py:3211} INFO - Sync 1 DAGs
[2025-12-08T07:12:48.904+0000] {logging_mixin.py:190} INFO - [2025-12-08T07:12:48.903+0000] {dag.py:4138} INFO - Setting next_dagrun for example_local_kubernetes_executor to None, run_after=None
[2025-12-08T07:12:48.951+0000] {processor.py:208} INFO - Processing /home/airflow/.local/lib/python3.12/site-packages/airflow/example_dags/example_local_kubernetes_executor.py took 0.202 seconds
[2025-12-08T07:13:19.171+0000] {processor.py:186} INFO - Started process (PID=794) to work on /home/airflow/.local/lib/python3.12/site-packages/airflow/example_dags/example_local_kubernetes_executor.py
[2025-12-08T07:13:19.173+0000] {processor.py:914} INFO - Processing file /home/airflow/.local/lib/python3.12/site-packages/airflow/example_dags/example_local_kubernetes_executor.py for tasks to queue
[2025-12-08T07:13:19.176+0000] {logging_mixin.py:190} INFO - [2025-12-08T07:13:19.176+0000] {dagbag.py:587} INFO - Filling up the DagBag from /home/airflow/.local/lib/python3.12/site-packages/airflow/example_dags/example_local_kubernetes_executor.py
[2025-12-08T07:13:19.187+0000] {processor.py:925} INFO - DAG(s) 'example_local_kubernetes_executor' retrieved from /home/airflow/.local/lib/python3.12/site-packages/airflow/example_dags/example_local_kubernetes_executor.py
[2025-12-08T07:13:19.222+0000] {logging_mixin.py:190} INFO - [2025-12-08T07:13:19.222+0000] {dag.py:3211} INFO - Sync 1 DAGs
[2025-12-08T07:13:19.235+0000] {logging_mixin.py:190} INFO - [2025-12-08T07:13:19.235+0000] {dag.py:4138} INFO - Setting next_dagrun for example_local_kubernetes_executor to None, run_after=None
[2025-12-08T07:13:19.254+0000] {processor.py:208} INFO - Processing /home/airflow/.local/lib/python3.12/site-packages/airflow/example_dags/example_local_kubernetes_executor.py took 0.089 seconds
[2025-12-08T07:13:49.691+0000] {processor.py:186} INFO - Started process (PID=856) to work on /home/airflow/.local/lib/python3.12/site-packages/airflow/example_dags/example_local_kubernetes_executor.py
[2025-12-08T07:13:49.693+0000] {processor.py:914} INFO - Processing file /home/airflow/.local/lib/python3.12/site-packages/airflow/example_dags/example_local_kubernetes_executor.py for tasks to queue
[2025-12-08T07:13:49.698+0000] {logging_mixin.py:190} INFO - [2025-12-08T07:13:49.697+0000] {dagbag.py:587} INFO - Filling up the DagBag from /home/airflow/.local/lib/python3.12/site-packages/airflow/example_dags/example_local_kubernetes_executor.py
[2025-12-08T07:13:49.714+0000] {processor.py:925} INFO - DAG(s) 'example_local_kubernetes_executor' retrieved from /home/airflow/.local/lib/python3.12/site-packages/airflow/example_dags/example_local_kubernetes_executor.py
[2025-12-08T07:13:49.779+0000] {logging_mixin.py:190} INFO - [2025-12-08T07:13:49.778+0000] {dag.py:3211} INFO - Sync 1 DAGs
[2025-12-08T07:13:49.805+0000] {logging_mixin.py:190} INFO - [2025-12-08T07:13:49.805+0000] {dag.py:4138} INFO - Setting next_dagrun for example_local_kubernetes_executor to None, run_after=None
[2025-12-08T07:13:49.846+0000] {processor.py:208} INFO - Processing /home/airflow/.local/lib/python3.12/site-packages/airflow/example_dags/example_local_kubernetes_executor.py took 0.167 seconds
[2025-12-08T07:14:20.345+0000] {processor.py:186} INFO - Started process (PID=918) to work on /home/airflow/.local/lib/python3.12/site-packages/airflow/example_dags/example_local_kubernetes_executor.py
[2025-12-08T07:14:20.347+0000] {processor.py:914} INFO - Processing file /home/airflow/.local/lib/python3.12/site-packages/airflow/example_dags/example_local_kubernetes_executor.py for tasks to queue
[2025-12-08T07:14:20.350+0000] {logging_mixin.py:190} INFO - [2025-12-08T07:14:20.350+0000] {dagbag.py:587} INFO - Filling up the DagBag from /home/airflow/.local/lib/python3.12/site-packages/airflow/example_dags/example_local_kubernetes_executor.py
[2025-12-08T07:14:20.362+0000] {processor.py:925} INFO - DAG(s) 'example_local_kubernetes_executor' retrieved from /home/airflow/.local/lib/python3.12/site-packages/airflow/example_dags/example_local_kubernetes_executor.py
[2025-12-08T07:14:20.398+0000] {logging_mixin.py:190} INFO - [2025-12-08T07:14:20.398+0000] {dag.py:3211} INFO - Sync 1 DAGs
[2025-12-08T07:14:20.417+0000] {logging_mixin.py:190} INFO - [2025-12-08T07:14:20.416+0000] {dag.py:4138} INFO - Setting next_dagrun for example_local_kubernetes_executor to None, run_after=None
[2025-12-08T07:14:20.439+0000] {processor.py:208} INFO - Processing /home/airflow/.local/lib/python3.12/site-packages/airflow/example_dags/example_local_kubernetes_executor.py took 0.099 seconds
[2025-12-08T07:14:50.616+0000] {processor.py:186} INFO - Started process (PID=980) to work on /home/airflow/.local/lib/python3.12/site-packages/airflow/example_dags/example_local_kubernetes_executor.py
[2025-12-08T07:14:50.618+0000] {processor.py:914} INFO - Processing file /home/airflow/.local/lib/python3.12/site-packages/airflow/example_dags/example_local_kubernetes_executor.py for tasks to queue
[2025-12-08T07:14:50.621+0000] {logging_mixin.py:190} INFO - [2025-12-08T07:14:50.621+0000] {dagbag.py:587} INFO - Filling up the DagBag from /home/airflow/.local/lib/python3.12/site-packages/airflow/example_dags/example_local_kubernetes_executor.py
[2025-12-08T07:14:50.631+0000] {processor.py:925} INFO - DAG(s) 'example_local_kubernetes_executor' retrieved from /home/airflow/.local/lib/python3.12/site-packages/airflow/example_dags/example_local_kubernetes_executor.py
[2025-12-08T07:14:50.665+0000] {logging_mixin.py:190} INFO - [2025-12-08T07:14:50.665+0000] {dag.py:3211} INFO - Sync 1 DAGs
[2025-12-08T07:14:50.681+0000] {logging_mixin.py:190} INFO - [2025-12-08T07:14:50.681+0000] {dag.py:4138} INFO - Setting next_dagrun for example_local_kubernetes_executor to None, run_after=None
[2025-12-08T07:14:50.702+0000] {processor.py:208} INFO - Processing /home/airflow/.local/lib/python3.12/site-packages/airflow/example_dags/example_local_kubernetes_executor.py took 0.092 seconds
[2025-12-08T07:15:21.654+0000] {processor.py:186} INFO - Started process (PID=1042) to work on /home/airflow/.local/lib/python3.12/site-packages/airflow/example_dags/example_local_kubernetes_executor.py
[2025-12-08T07:15:21.655+0000] {processor.py:914} INFO - Processing file /home/airflow/.local/lib/python3.12/site-packages/airflow/example_dags/example_local_kubernetes_executor.py for tasks to queue
[2025-12-08T07:15:21.658+0000] {logging_mixin.py:190} INFO - [2025-12-08T07:15:21.658+0000] {dagbag.py:587} INFO - Filling up the DagBag from /home/airflow/.local/lib/python3.12/site-packages/airflow/example_dags/example_local_kubernetes_executor.py
[2025-12-08T07:15:21.668+0000] {processor.py:925} INFO - DAG(s) 'example_local_kubernetes_executor' retrieved from /home/airflow/.local/lib/python3.12/site-packages/airflow/example_dags/example_local_kubernetes_executor.py
[2025-12-08T07:15:21.701+0000] {logging_mixin.py:190} INFO - [2025-12-08T07:15:21.700+0000] {dag.py:3211} INFO - Sync 1 DAGs
[2025-12-08T07:15:21.715+0000] {logging_mixin.py:190} INFO - [2025-12-08T07:15:21.715+0000] {dag.py:4138} INFO - Setting next_dagrun for example_local_kubernetes_executor to None, run_after=None
[2025-12-08T07:15:21.739+0000] {processor.py:208} INFO - Processing /home/airflow/.local/lib/python3.12/site-packages/airflow/example_dags/example_local_kubernetes_executor.py took 0.092 seconds
[2025-12-08T07:15:52.788+0000] {processor.py:186} INFO - Started process (PID=1104) to work on /home/airflow/.local/lib/python3.12/site-packages/airflow/example_dags/example_local_kubernetes_executor.py
[2025-12-08T07:15:52.792+0000] {processor.py:914} INFO - Processing file /home/airflow/.local/lib/python3.12/site-packages/airflow/example_dags/example_local_kubernetes_executor.py for tasks to queue
[2025-12-08T07:15:52.800+0000] {logging_mixin.py:190} INFO - [2025-12-08T07:15:52.799+0000] {dagbag.py:587} INFO - Filling up the DagBag from /home/airflow/.local/lib/python3.12/site-packages/airflow/example_dags/example_local_kubernetes_executor.py
[2025-12-08T07:15:52.834+0000] {processor.py:925} INFO - DAG(s) 'example_local_kubernetes_executor' retrieved from /home/airflow/.local/lib/python3.12/site-packages/airflow/example_dags/example_local_kubernetes_executor.py
[2025-12-08T07:15:52.903+0000] {logging_mixin.py:190} INFO - [2025-12-08T07:15:52.903+0000] {dag.py:3211} INFO - Sync 1 DAGs
[2025-12-08T07:15:52.927+0000] {logging_mixin.py:190} INFO - [2025-12-08T07:15:52.926+0000] {dag.py:4138} INFO - Setting next_dagrun for example_local_kubernetes_executor to None, run_after=None
[2025-12-08T07:15:52.980+0000] {processor.py:208} INFO - Processing /home/airflow/.local/lib/python3.12/site-packages/airflow/example_dags/example_local_kubernetes_executor.py took 0.209 seconds
[2025-12-08T07:16:23.410+0000] {processor.py:186} INFO - Started process (PID=1166) to work on /home/airflow/.local/lib/python3.12/site-packages/airflow/example_dags/example_local_kubernetes_executor.py
[2025-12-08T07:16:23.412+0000] {processor.py:914} INFO - Processing file /home/airflow/.local/lib/python3.12/site-packages/airflow/example_dags/example_local_kubernetes_executor.py for tasks to queue
[2025-12-08T07:16:23.418+0000] {logging_mixin.py:190} INFO - [2025-12-08T07:16:23.417+0000] {dagbag.py:587} INFO - Filling up the DagBag from /home/airflow/.local/lib/python3.12/site-packages/airflow/example_dags/example_local_kubernetes_executor.py
[2025-12-08T07:16:23.437+0000] {processor.py:925} INFO - DAG(s) 'example_local_kubernetes_executor' retrieved from /home/airflow/.local/lib/python3.12/site-packages/airflow/example_dags/example_local_kubernetes_executor.py
[2025-12-08T07:16:23.511+0000] {logging_mixin.py:190} INFO - [2025-12-08T07:16:23.510+0000] {dag.py:3211} INFO - Sync 1 DAGs
[2025-12-08T07:16:23.537+0000] {logging_mixin.py:190} INFO - [2025-12-08T07:16:23.537+0000] {dag.py:4138} INFO - Setting next_dagrun for example_local_kubernetes_executor to None, run_after=None
[2025-12-08T07:16:23.585+0000] {processor.py:208} INFO - Processing /home/airflow/.local/lib/python3.12/site-packages/airflow/example_dags/example_local_kubernetes_executor.py took 0.185 seconds
[2025-12-08T07:16:54.068+0000] {processor.py:186} INFO - Started process (PID=1228) to work on /home/airflow/.local/lib/python3.12/site-packages/airflow/example_dags/example_local_kubernetes_executor.py
[2025-12-08T07:16:54.072+0000] {processor.py:914} INFO - Processing file /home/airflow/.local/lib/python3.12/site-packages/airflow/example_dags/example_local_kubernetes_executor.py for tasks to queue
[2025-12-08T07:16:54.078+0000] {logging_mixin.py:190} INFO - [2025-12-08T07:16:54.078+0000] {dagbag.py:587} INFO - Filling up the DagBag from /home/airflow/.local/lib/python3.12/site-packages/airflow/example_dags/example_local_kubernetes_executor.py
[2025-12-08T07:16:54.108+0000] {processor.py:925} INFO - DAG(s) 'example_local_kubernetes_executor' retrieved from /home/airflow/.local/lib/python3.12/site-packages/airflow/example_dags/example_local_kubernetes_executor.py
[2025-12-08T07:16:54.185+0000] {logging_mixin.py:190} INFO - [2025-12-08T07:16:54.184+0000] {dag.py:3211} INFO - Sync 1 DAGs
[2025-12-08T07:16:54.215+0000] {logging_mixin.py:190} INFO - [2025-12-08T07:16:54.214+0000] {dag.py:4138} INFO - Setting next_dagrun for example_local_kubernetes_executor to None, run_after=None
[2025-12-08T07:16:54.256+0000] {processor.py:208} INFO - Processing /home/airflow/.local/lib/python3.12/site-packages/airflow/example_dags/example_local_kubernetes_executor.py took 0.201 seconds
[2025-12-08T07:17:24.727+0000] {processor.py:186} INFO - Started process (PID=1290) to work on /home/airflow/.local/lib/python3.12/site-packages/airflow/example_dags/example_local_kubernetes_executor.py
[2025-12-08T07:17:24.729+0000] {processor.py:914} INFO - Processing file /home/airflow/.local/lib/python3.12/site-packages/airflow/example_dags/example_local_kubernetes_executor.py for tasks to queue
[2025-12-08T07:17:24.733+0000] {logging_mixin.py:190} INFO - [2025-12-08T07:17:24.733+0000] {dagbag.py:587} INFO - Filling up the DagBag from /home/airflow/.local/lib/python3.12/site-packages/airflow/example_dags/example_local_kubernetes_executor.py
[2025-12-08T07:17:24.747+0000] {processor.py:925} INFO - DAG(s) 'example_local_kubernetes_executor' retrieved from /home/airflow/.local/lib/python3.12/site-packages/airflow/example_dags/example_local_kubernetes_executor.py
[2025-12-08T07:17:24.813+0000] {logging_mixin.py:190} INFO - [2025-12-08T07:17:24.813+0000] {dag.py:3211} INFO - Sync 1 DAGs
[2025-12-08T07:17:24.838+0000] {logging_mixin.py:190} INFO - [2025-12-08T07:17:24.838+0000] {dag.py:4138} INFO - Setting next_dagrun for example_local_kubernetes_executor to None, run_after=None
[2025-12-08T07:17:24.875+0000] {processor.py:208} INFO - Processing /home/airflow/.local/lib/python3.12/site-packages/airflow/example_dags/example_local_kubernetes_executor.py took 0.159 seconds
[2025-12-08T07:17:55.145+0000] {processor.py:186} INFO - Started process (PID=1352) to work on /home/airflow/.local/lib/python3.12/site-packages/airflow/example_dags/example_local_kubernetes_executor.py
[2025-12-08T07:17:55.147+0000] {processor.py:914} INFO - Processing file /home/airflow/.local/lib/python3.12/site-packages/airflow/example_dags/example_local_kubernetes_executor.py for tasks to queue
[2025-12-08T07:17:55.153+0000] {logging_mixin.py:190} INFO - [2025-12-08T07:17:55.152+0000] {dagbag.py:587} INFO - Filling up the DagBag from /home/airflow/.local/lib/python3.12/site-packages/airflow/example_dags/example_local_kubernetes_executor.py
[2025-12-08T07:17:55.172+0000] {processor.py:925} INFO - DAG(s) 'example_local_kubernetes_executor' retrieved from /home/airflow/.local/lib/python3.12/site-packages/airflow/example_dags/example_local_kubernetes_executor.py
[2025-12-08T07:17:55.229+0000] {logging_mixin.py:190} INFO - [2025-12-08T07:17:55.228+0000] {dag.py:3211} INFO - Sync 1 DAGs
[2025-12-08T07:17:55.252+0000] {logging_mixin.py:190} INFO - [2025-12-08T07:17:55.252+0000] {dag.py:4138} INFO - Setting next_dagrun for example_local_kubernetes_executor to None, run_after=None
[2025-12-08T07:17:55.285+0000] {processor.py:208} INFO - Processing /home/airflow/.local/lib/python3.12/site-packages/airflow/example_dags/example_local_kubernetes_executor.py took 0.151 seconds
[2025-12-08T07:18:26.056+0000] {processor.py:186} INFO - Started process (PID=1414) to work on /home/airflow/.local/lib/python3.12/site-packages/airflow/example_dags/example_local_kubernetes_executor.py
[2025-12-08T07:18:26.059+0000] {processor.py:914} INFO - Processing file /home/airflow/.local/lib/python3.12/site-packages/airflow/example_dags/example_local_kubernetes_executor.py for tasks to queue
[2025-12-08T07:18:26.067+0000] {logging_mixin.py:190} INFO - [2025-12-08T07:18:26.066+0000] {dagbag.py:587} INFO - Filling up the DagBag from /home/airflow/.local/lib/python3.12/site-packages/airflow/example_dags/example_local_kubernetes_executor.py
[2025-12-08T07:18:26.091+0000] {processor.py:925} INFO - DAG(s) 'example_local_kubernetes_executor' retrieved from /home/airflow/.local/lib/python3.12/site-packages/airflow/example_dags/example_local_kubernetes_executor.py
[2025-12-08T07:18:26.169+0000] {logging_mixin.py:190} INFO - [2025-12-08T07:18:26.169+0000] {dag.py:3211} INFO - Sync 1 DAGs
[2025-12-08T07:18:26.205+0000] {logging_mixin.py:190} INFO - [2025-12-08T07:18:26.205+0000] {dag.py:4138} INFO - Setting next_dagrun for example_local_kubernetes_executor to None, run_after=None
[2025-12-08T07:18:26.245+0000] {processor.py:208} INFO - Processing /home/airflow/.local/lib/python3.12/site-packages/airflow/example_dags/example_local_kubernetes_executor.py took 0.201 seconds
[2025-12-08T07:18:56.481+0000] {processor.py:186} INFO - Started process (PID=1476) to work on /home/airflow/.local/lib/python3.12/site-packages/airflow/example_dags/example_local_kubernetes_executor.py
[2025-12-08T07:18:56.484+0000] {processor.py:914} INFO - Processing file /home/airflow/.local/lib/python3.12/site-packages/airflow/example_dags/example_local_kubernetes_executor.py for tasks to queue
[2025-12-08T07:18:56.491+0000] {logging_mixin.py:190} INFO - [2025-12-08T07:18:56.490+0000] {dagbag.py:587} INFO - Filling up the DagBag from /home/airflow/.local/lib/python3.12/site-packages/airflow/example_dags/example_local_kubernetes_executor.py
[2025-12-08T07:18:56.508+0000] {processor.py:925} INFO - DAG(s) 'example_local_kubernetes_executor' retrieved from /home/airflow/.local/lib/python3.12/site-packages/airflow/example_dags/example_local_kubernetes_executor.py
[2025-12-08T07:18:56.578+0000] {logging_mixin.py:190} INFO - [2025-12-08T07:18:56.578+0000] {dag.py:3211} INFO - Sync 1 DAGs
[2025-12-08T07:18:56.606+0000] {logging_mixin.py:190} INFO - [2025-12-08T07:18:56.605+0000] {dag.py:4138} INFO - Setting next_dagrun for example_local_kubernetes_executor to None, run_after=None
[2025-12-08T07:18:56.655+0000] {processor.py:208} INFO - Processing /home/airflow/.local/lib/python3.12/site-packages/airflow/example_dags/example_local_kubernetes_executor.py took 0.183 seconds
[2025-12-08T07:19:26.818+0000] {processor.py:186} INFO - Started process (PID=1537) to work on /home/airflow/.local/lib/python3.12/site-packages/airflow/example_dags/example_local_kubernetes_executor.py
[2025-12-08T07:19:26.820+0000] {processor.py:914} INFO - Processing file /home/airflow/.local/lib/python3.12/site-packages/airflow/example_dags/example_local_kubernetes_executor.py for tasks to queue
[2025-12-08T07:19:26.824+0000] {logging_mixin.py:190} INFO - [2025-12-08T07:19:26.823+0000] {dagbag.py:587} INFO - Filling up the DagBag from /home/airflow/.local/lib/python3.12/site-packages/airflow/example_dags/example_local_kubernetes_executor.py
[2025-12-08T07:19:26.842+0000] {processor.py:925} INFO - DAG(s) 'example_local_kubernetes_executor' retrieved from /home/airflow/.local/lib/python3.12/site-packages/airflow/example_dags/example_local_kubernetes_executor.py
[2025-12-08T07:19:26.896+0000] {logging_mixin.py:190} INFO - [2025-12-08T07:19:26.895+0000] {dag.py:3211} INFO - Sync 1 DAGs
[2025-12-08T07:19:26.917+0000] {logging_mixin.py:190} INFO - [2025-12-08T07:19:26.916+0000] {dag.py:4138} INFO - Setting next_dagrun for example_local_kubernetes_executor to None, run_after=None
[2025-12-08T07:19:26.958+0000] {processor.py:208} INFO - Processing /home/airflow/.local/lib/python3.12/site-packages/airflow/example_dags/example_local_kubernetes_executor.py took 0.151 seconds
[2025-12-08T07:19:58.177+0000] {processor.py:186} INFO - Started process (PID=1601) to work on /home/airflow/.local/lib/python3.12/site-packages/airflow/example_dags/example_local_kubernetes_executor.py
[2025-12-08T07:19:58.179+0000] {processor.py:914} INFO - Processing file /home/airflow/.local/lib/python3.12/site-packages/airflow/example_dags/example_local_kubernetes_executor.py for tasks to queue
[2025-12-08T07:19:58.185+0000] {logging_mixin.py:190} INFO - [2025-12-08T07:19:58.184+0000] {dagbag.py:587} INFO - Filling up the DagBag from /home/airflow/.local/lib/python3.12/site-packages/airflow/example_dags/example_local_kubernetes_executor.py
[2025-12-08T07:19:58.206+0000] {processor.py:925} INFO - DAG(s) 'example_local_kubernetes_executor' retrieved from /home/airflow/.local/lib/python3.12/site-packages/airflow/example_dags/example_local_kubernetes_executor.py
[2025-12-08T07:19:58.275+0000] {logging_mixin.py:190} INFO - [2025-12-08T07:19:58.275+0000] {dag.py:3211} INFO - Sync 1 DAGs
[2025-12-08T07:19:58.303+0000] {logging_mixin.py:190} INFO - [2025-12-08T07:19:58.302+0000] {dag.py:4138} INFO - Setting next_dagrun for example_local_kubernetes_executor to None, run_after=None
[2025-12-08T07:19:58.370+0000] {processor.py:208} INFO - Processing /home/airflow/.local/lib/python3.12/site-packages/airflow/example_dags/example_local_kubernetes_executor.py took 0.202 seconds
[2025-12-08T07:20:28.734+0000] {processor.py:186} INFO - Started process (PID=1664) to work on /home/airflow/.local/lib/python3.12/site-packages/airflow/example_dags/example_local_kubernetes_executor.py
[2025-12-08T07:20:28.736+0000] {processor.py:914} INFO - Processing file /home/airflow/.local/lib/python3.12/site-packages/airflow/example_dags/example_local_kubernetes_executor.py for tasks to queue
[2025-12-08T07:20:28.742+0000] {logging_mixin.py:190} INFO - [2025-12-08T07:20:28.741+0000] {dagbag.py:587} INFO - Filling up the DagBag from /home/airflow/.local/lib/python3.12/site-packages/airflow/example_dags/example_local_kubernetes_executor.py
[2025-12-08T07:20:28.764+0000] {processor.py:925} INFO - DAG(s) 'example_local_kubernetes_executor' retrieved from /home/airflow/.local/lib/python3.12/site-packages/airflow/example_dags/example_local_kubernetes_executor.py
[2025-12-08T07:20:28.834+0000] {logging_mixin.py:190} INFO - [2025-12-08T07:20:28.834+0000] {dag.py:3211} INFO - Sync 1 DAGs
[2025-12-08T07:20:28.859+0000] {logging_mixin.py:190} INFO - [2025-12-08T07:20:28.859+0000] {dag.py:4138} INFO - Setting next_dagrun for example_local_kubernetes_executor to None, run_after=None
[2025-12-08T07:20:28.905+0000] {processor.py:208} INFO - Processing /home/airflow/.local/lib/python3.12/site-packages/airflow/example_dags/example_local_kubernetes_executor.py took 0.182 seconds
[2025-12-08T07:20:59.194+0000] {processor.py:186} INFO - Started process (PID=1726) to work on /home/airflow/.local/lib/python3.12/site-packages/airflow/example_dags/example_local_kubernetes_executor.py
[2025-12-08T07:20:59.197+0000] {processor.py:914} INFO - Processing file /home/airflow/.local/lib/python3.12/site-packages/airflow/example_dags/example_local_kubernetes_executor.py for tasks to queue
[2025-12-08T07:20:59.202+0000] {logging_mixin.py:190} INFO - [2025-12-08T07:20:59.201+0000] {dagbag.py:587} INFO - Filling up the DagBag from /home/airflow/.local/lib/python3.12/site-packages/airflow/example_dags/example_local_kubernetes_executor.py
[2025-12-08T07:20:59.221+0000] {processor.py:925} INFO - DAG(s) 'example_local_kubernetes_executor' retrieved from /home/airflow/.local/lib/python3.12/site-packages/airflow/example_dags/example_local_kubernetes_executor.py
[2025-12-08T07:20:59.279+0000] {logging_mixin.py:190} INFO - [2025-12-08T07:20:59.279+0000] {dag.py:3211} INFO - Sync 1 DAGs
[2025-12-08T07:20:59.308+0000] {logging_mixin.py:190} INFO - [2025-12-08T07:20:59.307+0000] {dag.py:4138} INFO - Setting next_dagrun for example_local_kubernetes_executor to None, run_after=None
[2025-12-08T07:20:59.343+0000] {processor.py:208} INFO - Processing /home/airflow/.local/lib/python3.12/site-packages/airflow/example_dags/example_local_kubernetes_executor.py took 0.161 seconds
[2025-12-08T07:21:29.529+0000] {processor.py:186} INFO - Started process (PID=1788) to work on /home/airflow/.local/lib/python3.12/site-packages/airflow/example_dags/example_local_kubernetes_executor.py
[2025-12-08T07:21:29.531+0000] {processor.py:914} INFO - Processing file /home/airflow/.local/lib/python3.12/site-packages/airflow/example_dags/example_local_kubernetes_executor.py for tasks to queue
[2025-12-08T07:21:29.536+0000] {logging_mixin.py:190} INFO - [2025-12-08T07:21:29.535+0000] {dagbag.py:587} INFO - Filling up the DagBag from /home/airflow/.local/lib/python3.12/site-packages/airflow/example_dags/example_local_kubernetes_executor.py
[2025-12-08T07:21:29.555+0000] {processor.py:925} INFO - DAG(s) 'example_local_kubernetes_executor' retrieved from /home/airflow/.local/lib/python3.12/site-packages/airflow/example_dags/example_local_kubernetes_executor.py
[2025-12-08T07:21:29.620+0000] {logging_mixin.py:190} INFO - [2025-12-08T07:21:29.619+0000] {dag.py:3211} INFO - Sync 1 DAGs
[2025-12-08T07:21:29.644+0000] {logging_mixin.py:190} INFO - [2025-12-08T07:21:29.643+0000] {dag.py:4138} INFO - Setting next_dagrun for example_local_kubernetes_executor to None, run_after=None
[2025-12-08T07:21:29.690+0000] {processor.py:208} INFO - Processing /home/airflow/.local/lib/python3.12/site-packages/airflow/example_dags/example_local_kubernetes_executor.py took 0.173 seconds
[2025-12-08T07:22:00.754+0000] {processor.py:186} INFO - Started process (PID=1850) to work on /home/airflow/.local/lib/python3.12/site-packages/airflow/example_dags/example_local_kubernetes_executor.py
[2025-12-08T07:22:00.756+0000] {processor.py:914} INFO - Processing file /home/airflow/.local/lib/python3.12/site-packages/airflow/example_dags/example_local_kubernetes_executor.py for tasks to queue
[2025-12-08T07:22:00.760+0000] {logging_mixin.py:190} INFO - [2025-12-08T07:22:00.760+0000] {dagbag.py:587} INFO - Filling up the DagBag from /home/airflow/.local/lib/python3.12/site-packages/airflow/example_dags/example_local_kubernetes_executor.py
[2025-12-08T07:22:00.777+0000] {processor.py:925} INFO - DAG(s) 'example_local_kubernetes_executor' retrieved from /home/airflow/.local/lib/python3.12/site-packages/airflow/example_dags/example_local_kubernetes_executor.py
[2025-12-08T07:22:00.835+0000] {logging_mixin.py:190} INFO - [2025-12-08T07:22:00.835+0000] {dag.py:3211} INFO - Sync 1 DAGs
[2025-12-08T07:22:00.863+0000] {logging_mixin.py:190} INFO - [2025-12-08T07:22:00.862+0000] {dag.py:4138} INFO - Setting next_dagrun for example_local_kubernetes_executor to None, run_after=None
[2025-12-08T07:22:00.897+0000] {processor.py:208} INFO - Processing /home/airflow/.local/lib/python3.12/site-packages/airflow/example_dags/example_local_kubernetes_executor.py took 0.153 seconds
[2025-12-08T07:22:31.549+0000] {processor.py:186} INFO - Started process (PID=1912) to work on /home/airflow/.local/lib/python3.12/site-packages/airflow/example_dags/example_local_kubernetes_executor.py
[2025-12-08T07:22:31.552+0000] {processor.py:914} INFO - Processing file /home/airflow/.local/lib/python3.12/site-packages/airflow/example_dags/example_local_kubernetes_executor.py for tasks to queue
[2025-12-08T07:22:31.559+0000] {logging_mixin.py:190} INFO - [2025-12-08T07:22:31.558+0000] {dagbag.py:587} INFO - Filling up the DagBag from /home/airflow/.local/lib/python3.12/site-packages/airflow/example_dags/example_local_kubernetes_executor.py
[2025-12-08T07:22:31.581+0000] {processor.py:925} INFO - DAG(s) 'example_local_kubernetes_executor' retrieved from /home/airflow/.local/lib/python3.12/site-packages/airflow/example_dags/example_local_kubernetes_executor.py
[2025-12-08T07:22:31.652+0000] {logging_mixin.py:190} INFO - [2025-12-08T07:22:31.651+0000] {dag.py:3211} INFO - Sync 1 DAGs
[2025-12-08T07:22:31.679+0000] {logging_mixin.py:190} INFO - [2025-12-08T07:22:31.679+0000] {dag.py:4138} INFO - Setting next_dagrun for example_local_kubernetes_executor to None, run_after=None
[2025-12-08T07:22:31.719+0000] {processor.py:208} INFO - Processing /home/airflow/.local/lib/python3.12/site-packages/airflow/example_dags/example_local_kubernetes_executor.py took 0.180 seconds
[2025-12-08T07:23:02.458+0000] {processor.py:186} INFO - Started process (PID=1974) to work on /home/airflow/.local/lib/python3.12/site-packages/airflow/example_dags/example_local_kubernetes_executor.py
[2025-12-08T07:23:02.461+0000] {processor.py:914} INFO - Processing file /home/airflow/.local/lib/python3.12/site-packages/airflow/example_dags/example_local_kubernetes_executor.py for tasks to queue
[2025-12-08T07:23:02.467+0000] {logging_mixin.py:190} INFO - [2025-12-08T07:23:02.466+0000] {dagbag.py:587} INFO - Filling up the DagBag from /home/airflow/.local/lib/python3.12/site-packages/airflow/example_dags/example_local_kubernetes_executor.py
[2025-12-08T07:23:02.487+0000] {processor.py:925} INFO - DAG(s) 'example_local_kubernetes_executor' retrieved from /home/airflow/.local/lib/python3.12/site-packages/airflow/example_dags/example_local_kubernetes_executor.py
[2025-12-08T07:23:02.549+0000] {logging_mixin.py:190} INFO - [2025-12-08T07:23:02.548+0000] {dag.py:3211} INFO - Sync 1 DAGs
[2025-12-08T07:23:02.581+0000] {logging_mixin.py:190} INFO - [2025-12-08T07:23:02.581+0000] {dag.py:4138} INFO - Setting next_dagrun for example_local_kubernetes_executor to None, run_after=None
[2025-12-08T07:23:02.631+0000] {processor.py:208} INFO - Processing /home/airflow/.local/lib/python3.12/site-packages/airflow/example_dags/example_local_kubernetes_executor.py took 0.186 seconds
[2025-12-08T07:23:33.236+0000] {processor.py:186} INFO - Started process (PID=2036) to work on /home/airflow/.local/lib/python3.12/site-packages/airflow/example_dags/example_local_kubernetes_executor.py
[2025-12-08T07:23:33.239+0000] {processor.py:914} INFO - Processing file /home/airflow/.local/lib/python3.12/site-packages/airflow/example_dags/example_local_kubernetes_executor.py for tasks to queue
[2025-12-08T07:23:33.245+0000] {logging_mixin.py:190} INFO - [2025-12-08T07:23:33.245+0000] {dagbag.py:587} INFO - Filling up the DagBag from /home/airflow/.local/lib/python3.12/site-packages/airflow/example_dags/example_local_kubernetes_executor.py
[2025-12-08T07:23:33.273+0000] {processor.py:925} INFO - DAG(s) 'example_local_kubernetes_executor' retrieved from /home/airflow/.local/lib/python3.12/site-packages/airflow/example_dags/example_local_kubernetes_executor.py
[2025-12-08T07:23:33.334+0000] {logging_mixin.py:190} INFO - [2025-12-08T07:23:33.334+0000] {dag.py:3211} INFO - Sync 1 DAGs
[2025-12-08T07:23:33.364+0000] {logging_mixin.py:190} INFO - [2025-12-08T07:23:33.364+0000] {dag.py:4138} INFO - Setting next_dagrun for example_local_kubernetes_executor to None, run_after=None
[2025-12-08T07:23:33.409+0000] {processor.py:208} INFO - Processing /home/airflow/.local/lib/python3.12/site-packages/airflow/example_dags/example_local_kubernetes_executor.py took 0.190 seconds
[2025-12-08T07:24:05.355+0000] {processor.py:186} INFO - Started process (PID=2098) to work on /home/airflow/.local/lib/python3.12/site-packages/airflow/example_dags/example_local_kubernetes_executor.py
[2025-12-08T07:24:05.370+0000] {processor.py:914} INFO - Processing file /home/airflow/.local/lib/python3.12/site-packages/airflow/example_dags/example_local_kubernetes_executor.py for tasks to queue
[2025-12-08T07:24:05.378+0000] {logging_mixin.py:190} INFO - [2025-12-08T07:24:05.377+0000] {dagbag.py:587} INFO - Filling up the DagBag from /home/airflow/.local/lib/python3.12/site-packages/airflow/example_dags/example_local_kubernetes_executor.py
[2025-12-08T07:24:05.412+0000] {processor.py:925} INFO - DAG(s) 'example_local_kubernetes_executor' retrieved from /home/airflow/.local/lib/python3.12/site-packages/airflow/example_dags/example_local_kubernetes_executor.py
[2025-12-08T07:24:05.546+0000] {logging_mixin.py:190} INFO - [2025-12-08T07:24:05.545+0000] {dag.py:3211} INFO - Sync 1 DAGs
[2025-12-08T07:24:05.593+0000] {logging_mixin.py:190} INFO - [2025-12-08T07:24:05.593+0000] {dag.py:4138} INFO - Setting next_dagrun for example_local_kubernetes_executor to None, run_after=None
[2025-12-08T07:24:05.671+0000] {processor.py:208} INFO - Processing /home/airflow/.local/lib/python3.12/site-packages/airflow/example_dags/example_local_kubernetes_executor.py took 0.339 seconds
[2025-12-08T07:24:36.131+0000] {processor.py:186} INFO - Started process (PID=2160) to work on /home/airflow/.local/lib/python3.12/site-packages/airflow/example_dags/example_local_kubernetes_executor.py
[2025-12-08T07:24:36.133+0000] {processor.py:914} INFO - Processing file /home/airflow/.local/lib/python3.12/site-packages/airflow/example_dags/example_local_kubernetes_executor.py for tasks to queue
[2025-12-08T07:24:36.138+0000] {logging_mixin.py:190} INFO - [2025-12-08T07:24:36.137+0000] {dagbag.py:587} INFO - Filling up the DagBag from /home/airflow/.local/lib/python3.12/site-packages/airflow/example_dags/example_local_kubernetes_executor.py
[2025-12-08T07:24:36.159+0000] {processor.py:925} INFO - DAG(s) 'example_local_kubernetes_executor' retrieved from /home/airflow/.local/lib/python3.12/site-packages/airflow/example_dags/example_local_kubernetes_executor.py
[2025-12-08T07:24:36.238+0000] {logging_mixin.py:190} INFO - [2025-12-08T07:24:36.238+0000] {dag.py:3211} INFO - Sync 1 DAGs
[2025-12-08T07:24:36.270+0000] {logging_mixin.py:190} INFO - [2025-12-08T07:24:36.270+0000] {dag.py:4138} INFO - Setting next_dagrun for example_local_kubernetes_executor to None, run_after=None
[2025-12-08T07:24:36.307+0000] {processor.py:208} INFO - Processing /home/airflow/.local/lib/python3.12/site-packages/airflow/example_dags/example_local_kubernetes_executor.py took 0.194 seconds
[2025-12-08T07:26:40.750+0000] {processor.py:186} INFO - Started process (PID=111) to work on /home/airflow/.local/lib/python3.12/site-packages/airflow/example_dags/example_local_kubernetes_executor.py
[2025-12-08T07:26:40.752+0000] {processor.py:914} INFO - Processing file /home/airflow/.local/lib/python3.12/site-packages/airflow/example_dags/example_local_kubernetes_executor.py for tasks to queue
[2025-12-08T07:26:40.757+0000] {logging_mixin.py:190} INFO - [2025-12-08T07:26:40.757+0000] {dagbag.py:587} INFO - Filling up the DagBag from /home/airflow/.local/lib/python3.12/site-packages/airflow/example_dags/example_local_kubernetes_executor.py
[2025-12-08T07:26:40.777+0000] {processor.py:925} INFO - DAG(s) 'example_local_kubernetes_executor' retrieved from /home/airflow/.local/lib/python3.12/site-packages/airflow/example_dags/example_local_kubernetes_executor.py
[2025-12-08T07:26:40.845+0000] {logging_mixin.py:190} INFO - [2025-12-08T07:26:40.844+0000] {dag.py:3211} INFO - Sync 1 DAGs
[2025-12-08T07:26:40.874+0000] {logging_mixin.py:190} INFO - [2025-12-08T07:26:40.873+0000] {dag.py:4138} INFO - Setting next_dagrun for example_local_kubernetes_executor to None, run_after=None
[2025-12-08T07:26:40.908+0000] {processor.py:208} INFO - Processing /home/airflow/.local/lib/python3.12/site-packages/airflow/example_dags/example_local_kubernetes_executor.py took 0.167 seconds
[2025-12-08T07:27:12.560+0000] {processor.py:186} INFO - Started process (PID=174) to work on /home/airflow/.local/lib/python3.12/site-packages/airflow/example_dags/example_local_kubernetes_executor.py
[2025-12-08T07:27:12.563+0000] {processor.py:914} INFO - Processing file /home/airflow/.local/lib/python3.12/site-packages/airflow/example_dags/example_local_kubernetes_executor.py for tasks to queue
[2025-12-08T07:27:12.569+0000] {logging_mixin.py:190} INFO - [2025-12-08T07:27:12.568+0000] {dagbag.py:587} INFO - Filling up the DagBag from /home/airflow/.local/lib/python3.12/site-packages/airflow/example_dags/example_local_kubernetes_executor.py
[2025-12-08T07:27:12.596+0000] {processor.py:925} INFO - DAG(s) 'example_local_kubernetes_executor' retrieved from /home/airflow/.local/lib/python3.12/site-packages/airflow/example_dags/example_local_kubernetes_executor.py
[2025-12-08T07:27:12.695+0000] {logging_mixin.py:190} INFO - [2025-12-08T07:27:12.695+0000] {dag.py:3211} INFO - Sync 1 DAGs
[2025-12-08T07:27:12.748+0000] {logging_mixin.py:190} INFO - [2025-12-08T07:27:12.744+0000] {dag.py:4138} INFO - Setting next_dagrun for example_local_kubernetes_executor to None, run_after=None
[2025-12-08T07:27:12.813+0000] {processor.py:208} INFO - Processing /home/airflow/.local/lib/python3.12/site-packages/airflow/example_dags/example_local_kubernetes_executor.py took 0.274 seconds
[2025-12-08T07:27:43.163+0000] {processor.py:186} INFO - Started process (PID=243) to work on /home/airflow/.local/lib/python3.12/site-packages/airflow/example_dags/example_local_kubernetes_executor.py
[2025-12-08T07:27:43.165+0000] {processor.py:914} INFO - Processing file /home/airflow/.local/lib/python3.12/site-packages/airflow/example_dags/example_local_kubernetes_executor.py for tasks to queue
[2025-12-08T07:27:43.170+0000] {logging_mixin.py:190} INFO - [2025-12-08T07:27:43.170+0000] {dagbag.py:587} INFO - Filling up the DagBag from /home/airflow/.local/lib/python3.12/site-packages/airflow/example_dags/example_local_kubernetes_executor.py
[2025-12-08T07:27:43.190+0000] {processor.py:925} INFO - DAG(s) 'example_local_kubernetes_executor' retrieved from /home/airflow/.local/lib/python3.12/site-packages/airflow/example_dags/example_local_kubernetes_executor.py
[2025-12-08T07:27:43.274+0000] {logging_mixin.py:190} INFO - [2025-12-08T07:27:43.274+0000] {dag.py:3211} INFO - Sync 1 DAGs
[2025-12-08T07:27:43.315+0000] {logging_mixin.py:190} INFO - [2025-12-08T07:27:43.315+0000] {dag.py:4138} INFO - Setting next_dagrun for example_local_kubernetes_executor to None, run_after=None
[2025-12-08T07:27:43.380+0000] {processor.py:208} INFO - Processing /home/airflow/.local/lib/python3.12/site-packages/airflow/example_dags/example_local_kubernetes_executor.py took 0.230 seconds
[2025-12-08T07:28:13.699+0000] {processor.py:186} INFO - Started process (PID=311) to work on /home/airflow/.local/lib/python3.12/site-packages/airflow/example_dags/example_local_kubernetes_executor.py
[2025-12-08T07:28:13.702+0000] {processor.py:914} INFO - Processing file /home/airflow/.local/lib/python3.12/site-packages/airflow/example_dags/example_local_kubernetes_executor.py for tasks to queue
[2025-12-08T07:28:13.710+0000] {logging_mixin.py:190} INFO - [2025-12-08T07:28:13.709+0000] {dagbag.py:587} INFO - Filling up the DagBag from /home/airflow/.local/lib/python3.12/site-packages/airflow/example_dags/example_local_kubernetes_executor.py
[2025-12-08T07:28:13.733+0000] {processor.py:925} INFO - DAG(s) 'example_local_kubernetes_executor' retrieved from /home/airflow/.local/lib/python3.12/site-packages/airflow/example_dags/example_local_kubernetes_executor.py
[2025-12-08T07:28:13.822+0000] {logging_mixin.py:190} INFO - [2025-12-08T07:28:13.821+0000] {dag.py:3211} INFO - Sync 1 DAGs
[2025-12-08T07:28:13.860+0000] {logging_mixin.py:190} INFO - [2025-12-08T07:28:13.860+0000] {dag.py:4138} INFO - Setting next_dagrun for example_local_kubernetes_executor to None, run_after=None
[2025-12-08T07:28:13.908+0000] {processor.py:208} INFO - Processing /home/airflow/.local/lib/python3.12/site-packages/airflow/example_dags/example_local_kubernetes_executor.py took 0.224 seconds
[2025-12-08T07:28:49.941+0000] {processor.py:186} INFO - Started process (PID=381) to work on /home/airflow/.local/lib/python3.12/site-packages/airflow/example_dags/example_local_kubernetes_executor.py
[2025-12-08T07:28:49.945+0000] {processor.py:914} INFO - Processing file /home/airflow/.local/lib/python3.12/site-packages/airflow/example_dags/example_local_kubernetes_executor.py for tasks to queue
[2025-12-08T07:28:49.955+0000] {logging_mixin.py:190} INFO - [2025-12-08T07:28:49.955+0000] {dagbag.py:587} INFO - Filling up the DagBag from /home/airflow/.local/lib/python3.12/site-packages/airflow/example_dags/example_local_kubernetes_executor.py
[2025-12-08T07:28:49.985+0000] {processor.py:925} INFO - DAG(s) 'example_local_kubernetes_executor' retrieved from /home/airflow/.local/lib/python3.12/site-packages/airflow/example_dags/example_local_kubernetes_executor.py
[2025-12-08T07:28:50.097+0000] {logging_mixin.py:190} INFO - [2025-12-08T07:28:50.096+0000] {dag.py:3211} INFO - Sync 1 DAGs
[2025-12-08T07:28:50.140+0000] {logging_mixin.py:190} INFO - [2025-12-08T07:28:50.139+0000] {dag.py:4138} INFO - Setting next_dagrun for example_local_kubernetes_executor to None, run_after=None
[2025-12-08T07:28:50.191+0000] {processor.py:208} INFO - Processing /home/airflow/.local/lib/python3.12/site-packages/airflow/example_dags/example_local_kubernetes_executor.py took 0.273 seconds
[2025-12-08T07:29:20.709+0000] {processor.py:186} INFO - Started process (PID=444) to work on /home/airflow/.local/lib/python3.12/site-packages/airflow/example_dags/example_local_kubernetes_executor.py
[2025-12-08T07:29:20.726+0000] {processor.py:914} INFO - Processing file /home/airflow/.local/lib/python3.12/site-packages/airflow/example_dags/example_local_kubernetes_executor.py for tasks to queue
[2025-12-08T07:29:20.746+0000] {logging_mixin.py:190} INFO - [2025-12-08T07:29:20.743+0000] {dagbag.py:587} INFO - Filling up the DagBag from /home/airflow/.local/lib/python3.12/site-packages/airflow/example_dags/example_local_kubernetes_executor.py
[2025-12-08T07:29:20.799+0000] {processor.py:925} INFO - DAG(s) 'example_local_kubernetes_executor' retrieved from /home/airflow/.local/lib/python3.12/site-packages/airflow/example_dags/example_local_kubernetes_executor.py
[2025-12-08T07:29:21.132+0000] {logging_mixin.py:190} INFO - [2025-12-08T07:29:21.131+0000] {dag.py:3211} INFO - Sync 1 DAGs
[2025-12-08T07:29:21.224+0000] {logging_mixin.py:190} INFO - [2025-12-08T07:29:21.223+0000] {dag.py:4138} INFO - Setting next_dagrun for example_local_kubernetes_executor to None, run_after=None
[2025-12-08T07:29:21.282+0000] {processor.py:208} INFO - Processing /home/airflow/.local/lib/python3.12/site-packages/airflow/example_dags/example_local_kubernetes_executor.py took 0.623 seconds
[2025-12-08T07:29:51.534+0000] {processor.py:186} INFO - Started process (PID=507) to work on /home/airflow/.local/lib/python3.12/site-packages/airflow/example_dags/example_local_kubernetes_executor.py
[2025-12-08T07:29:51.538+0000] {processor.py:914} INFO - Processing file /home/airflow/.local/lib/python3.12/site-packages/airflow/example_dags/example_local_kubernetes_executor.py for tasks to queue
[2025-12-08T07:29:51.544+0000] {logging_mixin.py:190} INFO - [2025-12-08T07:29:51.543+0000] {dagbag.py:587} INFO - Filling up the DagBag from /home/airflow/.local/lib/python3.12/site-packages/airflow/example_dags/example_local_kubernetes_executor.py
[2025-12-08T07:29:51.568+0000] {processor.py:925} INFO - DAG(s) 'example_local_kubernetes_executor' retrieved from /home/airflow/.local/lib/python3.12/site-packages/airflow/example_dags/example_local_kubernetes_executor.py
[2025-12-08T07:29:51.638+0000] {logging_mixin.py:190} INFO - [2025-12-08T07:29:51.638+0000] {dag.py:3211} INFO - Sync 1 DAGs
[2025-12-08T07:29:51.667+0000] {logging_mixin.py:190} INFO - [2025-12-08T07:29:51.667+0000] {dag.py:4138} INFO - Setting next_dagrun for example_local_kubernetes_executor to None, run_after=None
[2025-12-08T07:29:51.710+0000] {processor.py:208} INFO - Processing /home/airflow/.local/lib/python3.12/site-packages/airflow/example_dags/example_local_kubernetes_executor.py took 0.189 seconds
[2025-12-08T07:30:21.868+0000] {processor.py:186} INFO - Started process (PID=569) to work on /home/airflow/.local/lib/python3.12/site-packages/airflow/example_dags/example_local_kubernetes_executor.py
[2025-12-08T07:30:21.871+0000] {processor.py:914} INFO - Processing file /home/airflow/.local/lib/python3.12/site-packages/airflow/example_dags/example_local_kubernetes_executor.py for tasks to queue
[2025-12-08T07:30:21.877+0000] {logging_mixin.py:190} INFO - [2025-12-08T07:30:21.876+0000] {dagbag.py:587} INFO - Filling up the DagBag from /home/airflow/.local/lib/python3.12/site-packages/airflow/example_dags/example_local_kubernetes_executor.py
[2025-12-08T07:30:21.892+0000] {processor.py:925} INFO - DAG(s) 'example_local_kubernetes_executor' retrieved from /home/airflow/.local/lib/python3.12/site-packages/airflow/example_dags/example_local_kubernetes_executor.py
[2025-12-08T07:30:21.949+0000] {logging_mixin.py:190} INFO - [2025-12-08T07:30:21.949+0000] {dag.py:3211} INFO - Sync 1 DAGs
[2025-12-08T07:30:21.972+0000] {logging_mixin.py:190} INFO - [2025-12-08T07:30:21.972+0000] {dag.py:4138} INFO - Setting next_dagrun for example_local_kubernetes_executor to None, run_after=None
[2025-12-08T07:30:22.012+0000] {processor.py:208} INFO - Processing /home/airflow/.local/lib/python3.12/site-packages/airflow/example_dags/example_local_kubernetes_executor.py took 0.153 seconds
[2025-12-08T07:30:52.342+0000] {processor.py:186} INFO - Started process (PID=632) to work on /home/airflow/.local/lib/python3.12/site-packages/airflow/example_dags/example_local_kubernetes_executor.py
[2025-12-08T07:30:52.345+0000] {processor.py:914} INFO - Processing file /home/airflow/.local/lib/python3.12/site-packages/airflow/example_dags/example_local_kubernetes_executor.py for tasks to queue
[2025-12-08T07:30:52.353+0000] {logging_mixin.py:190} INFO - [2025-12-08T07:30:52.352+0000] {dagbag.py:587} INFO - Filling up the DagBag from /home/airflow/.local/lib/python3.12/site-packages/airflow/example_dags/example_local_kubernetes_executor.py
[2025-12-08T07:30:52.385+0000] {processor.py:925} INFO - DAG(s) 'example_local_kubernetes_executor' retrieved from /home/airflow/.local/lib/python3.12/site-packages/airflow/example_dags/example_local_kubernetes_executor.py
[2025-12-08T07:30:52.450+0000] {logging_mixin.py:190} INFO - [2025-12-08T07:30:52.449+0000] {dag.py:3211} INFO - Sync 1 DAGs
[2025-12-08T07:30:52.475+0000] {logging_mixin.py:190} INFO - [2025-12-08T07:30:52.474+0000] {dag.py:4138} INFO - Setting next_dagrun for example_local_kubernetes_executor to None, run_after=None
[2025-12-08T07:30:52.508+0000] {processor.py:208} INFO - Processing /home/airflow/.local/lib/python3.12/site-packages/airflow/example_dags/example_local_kubernetes_executor.py took 0.180 seconds
[2025-12-08T07:31:23.623+0000] {processor.py:186} INFO - Started process (PID=696) to work on /home/airflow/.local/lib/python3.12/site-packages/airflow/example_dags/example_local_kubernetes_executor.py
[2025-12-08T07:31:23.625+0000] {processor.py:914} INFO - Processing file /home/airflow/.local/lib/python3.12/site-packages/airflow/example_dags/example_local_kubernetes_executor.py for tasks to queue
[2025-12-08T07:31:23.631+0000] {logging_mixin.py:190} INFO - [2025-12-08T07:31:23.630+0000] {dagbag.py:587} INFO - Filling up the DagBag from /home/airflow/.local/lib/python3.12/site-packages/airflow/example_dags/example_local_kubernetes_executor.py
[2025-12-08T07:31:23.650+0000] {processor.py:925} INFO - DAG(s) 'example_local_kubernetes_executor' retrieved from /home/airflow/.local/lib/python3.12/site-packages/airflow/example_dags/example_local_kubernetes_executor.py
[2025-12-08T07:31:23.718+0000] {logging_mixin.py:190} INFO - [2025-12-08T07:31:23.718+0000] {dag.py:3211} INFO - Sync 1 DAGs
[2025-12-08T07:31:23.745+0000] {logging_mixin.py:190} INFO - [2025-12-08T07:31:23.745+0000] {dag.py:4138} INFO - Setting next_dagrun for example_local_kubernetes_executor to None, run_after=None
[2025-12-08T07:31:23.791+0000] {processor.py:208} INFO - Processing /home/airflow/.local/lib/python3.12/site-packages/airflow/example_dags/example_local_kubernetes_executor.py took 0.176 seconds
[2025-12-08T07:31:54.871+0000] {processor.py:186} INFO - Started process (PID=759) to work on /home/airflow/.local/lib/python3.12/site-packages/airflow/example_dags/example_local_kubernetes_executor.py
[2025-12-08T07:31:54.874+0000] {processor.py:914} INFO - Processing file /home/airflow/.local/lib/python3.12/site-packages/airflow/example_dags/example_local_kubernetes_executor.py for tasks to queue
[2025-12-08T07:31:54.879+0000] {logging_mixin.py:190} INFO - [2025-12-08T07:31:54.878+0000] {dagbag.py:587} INFO - Filling up the DagBag from /home/airflow/.local/lib/python3.12/site-packages/airflow/example_dags/example_local_kubernetes_executor.py
[2025-12-08T07:31:54.894+0000] {processor.py:925} INFO - DAG(s) 'example_local_kubernetes_executor' retrieved from /home/airflow/.local/lib/python3.12/site-packages/airflow/example_dags/example_local_kubernetes_executor.py
[2025-12-08T07:31:54.962+0000] {logging_mixin.py:190} INFO - [2025-12-08T07:31:54.961+0000] {dag.py:3211} INFO - Sync 1 DAGs
[2025-12-08T07:31:54.992+0000] {logging_mixin.py:190} INFO - [2025-12-08T07:31:54.991+0000] {dag.py:4138} INFO - Setting next_dagrun for example_local_kubernetes_executor to None, run_after=None
[2025-12-08T07:31:55.030+0000] {processor.py:208} INFO - Processing /home/airflow/.local/lib/python3.12/site-packages/airflow/example_dags/example_local_kubernetes_executor.py took 0.171 seconds
[2025-12-08T07:32:25.789+0000] {processor.py:186} INFO - Started process (PID=822) to work on /home/airflow/.local/lib/python3.12/site-packages/airflow/example_dags/example_local_kubernetes_executor.py
[2025-12-08T07:32:25.792+0000] {processor.py:914} INFO - Processing file /home/airflow/.local/lib/python3.12/site-packages/airflow/example_dags/example_local_kubernetes_executor.py for tasks to queue
[2025-12-08T07:32:25.797+0000] {logging_mixin.py:190} INFO - [2025-12-08T07:32:25.797+0000] {dagbag.py:587} INFO - Filling up the DagBag from /home/airflow/.local/lib/python3.12/site-packages/airflow/example_dags/example_local_kubernetes_executor.py
[2025-12-08T07:32:25.822+0000] {processor.py:925} INFO - DAG(s) 'example_local_kubernetes_executor' retrieved from /home/airflow/.local/lib/python3.12/site-packages/airflow/example_dags/example_local_kubernetes_executor.py
[2025-12-08T07:32:25.917+0000] {logging_mixin.py:190} INFO - [2025-12-08T07:32:25.916+0000] {dag.py:3211} INFO - Sync 1 DAGs
[2025-12-08T07:32:25.950+0000] {logging_mixin.py:190} INFO - [2025-12-08T07:32:25.950+0000] {dag.py:4138} INFO - Setting next_dagrun for example_local_kubernetes_executor to None, run_after=None
[2025-12-08T07:32:26.005+0000] {processor.py:208} INFO - Processing /home/airflow/.local/lib/python3.12/site-packages/airflow/example_dags/example_local_kubernetes_executor.py took 0.230 seconds
[2025-12-08T07:32:56.432+0000] {processor.py:186} INFO - Started process (PID=885) to work on /home/airflow/.local/lib/python3.12/site-packages/airflow/example_dags/example_local_kubernetes_executor.py
[2025-12-08T07:32:56.436+0000] {processor.py:914} INFO - Processing file /home/airflow/.local/lib/python3.12/site-packages/airflow/example_dags/example_local_kubernetes_executor.py for tasks to queue
[2025-12-08T07:32:56.443+0000] {logging_mixin.py:190} INFO - [2025-12-08T07:32:56.442+0000] {dagbag.py:587} INFO - Filling up the DagBag from /home/airflow/.local/lib/python3.12/site-packages/airflow/example_dags/example_local_kubernetes_executor.py
[2025-12-08T07:32:56.478+0000] {processor.py:925} INFO - DAG(s) 'example_local_kubernetes_executor' retrieved from /home/airflow/.local/lib/python3.12/site-packages/airflow/example_dags/example_local_kubernetes_executor.py
[2025-12-08T07:32:56.578+0000] {logging_mixin.py:190} INFO - [2025-12-08T07:32:56.578+0000] {dag.py:3211} INFO - Sync 1 DAGs
[2025-12-08T07:32:56.612+0000] {logging_mixin.py:190} INFO - [2025-12-08T07:32:56.611+0000] {dag.py:4138} INFO - Setting next_dagrun for example_local_kubernetes_executor to None, run_after=None
[2025-12-08T07:32:56.670+0000] {processor.py:208} INFO - Processing /home/airflow/.local/lib/python3.12/site-packages/airflow/example_dags/example_local_kubernetes_executor.py took 0.254 seconds
[2025-12-08T07:33:26.879+0000] {processor.py:186} INFO - Started process (PID=947) to work on /home/airflow/.local/lib/python3.12/site-packages/airflow/example_dags/example_local_kubernetes_executor.py
[2025-12-08T07:33:26.883+0000] {processor.py:914} INFO - Processing file /home/airflow/.local/lib/python3.12/site-packages/airflow/example_dags/example_local_kubernetes_executor.py for tasks to queue
[2025-12-08T07:33:26.891+0000] {logging_mixin.py:190} INFO - [2025-12-08T07:33:26.890+0000] {dagbag.py:587} INFO - Filling up the DagBag from /home/airflow/.local/lib/python3.12/site-packages/airflow/example_dags/example_local_kubernetes_executor.py
[2025-12-08T07:33:26.912+0000] {processor.py:925} INFO - DAG(s) 'example_local_kubernetes_executor' retrieved from /home/airflow/.local/lib/python3.12/site-packages/airflow/example_dags/example_local_kubernetes_executor.py
[2025-12-08T07:33:27.024+0000] {logging_mixin.py:190} INFO - [2025-12-08T07:33:27.023+0000] {dag.py:3211} INFO - Sync 1 DAGs
[2025-12-08T07:33:27.074+0000] {logging_mixin.py:190} INFO - [2025-12-08T07:33:27.074+0000] {dag.py:4138} INFO - Setting next_dagrun for example_local_kubernetes_executor to None, run_after=None
[2025-12-08T07:33:27.131+0000] {processor.py:208} INFO - Processing /home/airflow/.local/lib/python3.12/site-packages/airflow/example_dags/example_local_kubernetes_executor.py took 0.264 seconds
[2025-12-08T07:33:57.488+0000] {processor.py:186} INFO - Started process (PID=1010) to work on /home/airflow/.local/lib/python3.12/site-packages/airflow/example_dags/example_local_kubernetes_executor.py
[2025-12-08T07:33:57.491+0000] {processor.py:914} INFO - Processing file /home/airflow/.local/lib/python3.12/site-packages/airflow/example_dags/example_local_kubernetes_executor.py for tasks to queue
[2025-12-08T07:33:57.496+0000] {logging_mixin.py:190} INFO - [2025-12-08T07:33:57.495+0000] {dagbag.py:587} INFO - Filling up the DagBag from /home/airflow/.local/lib/python3.12/site-packages/airflow/example_dags/example_local_kubernetes_executor.py
[2025-12-08T07:33:57.515+0000] {processor.py:925} INFO - DAG(s) 'example_local_kubernetes_executor' retrieved from /home/airflow/.local/lib/python3.12/site-packages/airflow/example_dags/example_local_kubernetes_executor.py
[2025-12-08T07:33:57.592+0000] {logging_mixin.py:190} INFO - [2025-12-08T07:33:57.592+0000] {dag.py:3211} INFO - Sync 1 DAGs
[2025-12-08T07:33:57.619+0000] {logging_mixin.py:190} INFO - [2025-12-08T07:33:57.618+0000] {dag.py:4138} INFO - Setting next_dagrun for example_local_kubernetes_executor to None, run_after=None
[2025-12-08T07:33:57.668+0000] {processor.py:208} INFO - Processing /home/airflow/.local/lib/python3.12/site-packages/airflow/example_dags/example_local_kubernetes_executor.py took 0.193 seconds
[2025-12-08T07:34:27.897+0000] {processor.py:186} INFO - Started process (PID=1073) to work on /home/airflow/.local/lib/python3.12/site-packages/airflow/example_dags/example_local_kubernetes_executor.py
[2025-12-08T07:34:27.900+0000] {processor.py:914} INFO - Processing file /home/airflow/.local/lib/python3.12/site-packages/airflow/example_dags/example_local_kubernetes_executor.py for tasks to queue
[2025-12-08T07:34:27.905+0000] {logging_mixin.py:190} INFO - [2025-12-08T07:34:27.904+0000] {dagbag.py:587} INFO - Filling up the DagBag from /home/airflow/.local/lib/python3.12/site-packages/airflow/example_dags/example_local_kubernetes_executor.py
[2025-12-08T07:34:27.922+0000] {processor.py:925} INFO - DAG(s) 'example_local_kubernetes_executor' retrieved from /home/airflow/.local/lib/python3.12/site-packages/airflow/example_dags/example_local_kubernetes_executor.py
[2025-12-08T07:34:27.984+0000] {logging_mixin.py:190} INFO - [2025-12-08T07:34:27.984+0000] {dag.py:3211} INFO - Sync 1 DAGs
[2025-12-08T07:34:28.009+0000] {logging_mixin.py:190} INFO - [2025-12-08T07:34:28.008+0000] {dag.py:4138} INFO - Setting next_dagrun for example_local_kubernetes_executor to None, run_after=None
[2025-12-08T07:34:28.048+0000] {processor.py:208} INFO - Processing /home/airflow/.local/lib/python3.12/site-packages/airflow/example_dags/example_local_kubernetes_executor.py took 0.160 seconds
[2025-12-08T07:34:58.411+0000] {processor.py:186} INFO - Started process (PID=1137) to work on /home/airflow/.local/lib/python3.12/site-packages/airflow/example_dags/example_local_kubernetes_executor.py
[2025-12-08T07:34:58.422+0000] {processor.py:914} INFO - Processing file /home/airflow/.local/lib/python3.12/site-packages/airflow/example_dags/example_local_kubernetes_executor.py for tasks to queue
[2025-12-08T07:34:58.429+0000] {logging_mixin.py:190} INFO - [2025-12-08T07:34:58.428+0000] {dagbag.py:587} INFO - Filling up the DagBag from /home/airflow/.local/lib/python3.12/site-packages/airflow/example_dags/example_local_kubernetes_executor.py
[2025-12-08T07:34:58.470+0000] {processor.py:925} INFO - DAG(s) 'example_local_kubernetes_executor' retrieved from /home/airflow/.local/lib/python3.12/site-packages/airflow/example_dags/example_local_kubernetes_executor.py
[2025-12-08T07:34:58.561+0000] {logging_mixin.py:190} INFO - [2025-12-08T07:34:58.561+0000] {dag.py:3211} INFO - Sync 1 DAGs
[2025-12-08T07:34:58.599+0000] {logging_mixin.py:190} INFO - [2025-12-08T07:34:58.598+0000] {dag.py:4138} INFO - Setting next_dagrun for example_local_kubernetes_executor to None, run_after=None
[2025-12-08T07:34:58.649+0000] {processor.py:208} INFO - Processing /home/airflow/.local/lib/python3.12/site-packages/airflow/example_dags/example_local_kubernetes_executor.py took 0.259 seconds
[2025-12-08T07:35:28.899+0000] {processor.py:186} INFO - Started process (PID=1200) to work on /home/airflow/.local/lib/python3.12/site-packages/airflow/example_dags/example_local_kubernetes_executor.py
[2025-12-08T07:35:28.901+0000] {processor.py:914} INFO - Processing file /home/airflow/.local/lib/python3.12/site-packages/airflow/example_dags/example_local_kubernetes_executor.py for tasks to queue
[2025-12-08T07:35:28.907+0000] {logging_mixin.py:190} INFO - [2025-12-08T07:35:28.906+0000] {dagbag.py:587} INFO - Filling up the DagBag from /home/airflow/.local/lib/python3.12/site-packages/airflow/example_dags/example_local_kubernetes_executor.py
[2025-12-08T07:35:28.935+0000] {processor.py:925} INFO - DAG(s) 'example_local_kubernetes_executor' retrieved from /home/airflow/.local/lib/python3.12/site-packages/airflow/example_dags/example_local_kubernetes_executor.py
[2025-12-08T07:35:29.028+0000] {logging_mixin.py:190} INFO - [2025-12-08T07:35:29.027+0000] {dag.py:3211} INFO - Sync 1 DAGs
[2025-12-08T07:35:29.057+0000] {logging_mixin.py:190} INFO - [2025-12-08T07:35:29.056+0000] {dag.py:4138} INFO - Setting next_dagrun for example_local_kubernetes_executor to None, run_after=None
[2025-12-08T07:35:29.105+0000] {processor.py:208} INFO - Processing /home/airflow/.local/lib/python3.12/site-packages/airflow/example_dags/example_local_kubernetes_executor.py took 0.223 seconds
[2025-12-08T07:35:59.433+0000] {processor.py:186} INFO - Started process (PID=1264) to work on /home/airflow/.local/lib/python3.12/site-packages/airflow/example_dags/example_local_kubernetes_executor.py
[2025-12-08T07:35:59.435+0000] {processor.py:914} INFO - Processing file /home/airflow/.local/lib/python3.12/site-packages/airflow/example_dags/example_local_kubernetes_executor.py for tasks to queue
[2025-12-08T07:35:59.441+0000] {logging_mixin.py:190} INFO - [2025-12-08T07:35:59.440+0000] {dagbag.py:587} INFO - Filling up the DagBag from /home/airflow/.local/lib/python3.12/site-packages/airflow/example_dags/example_local_kubernetes_executor.py
[2025-12-08T07:35:59.465+0000] {processor.py:925} INFO - DAG(s) 'example_local_kubernetes_executor' retrieved from /home/airflow/.local/lib/python3.12/site-packages/airflow/example_dags/example_local_kubernetes_executor.py
[2025-12-08T07:35:59.542+0000] {logging_mixin.py:190} INFO - [2025-12-08T07:35:59.541+0000] {dag.py:3211} INFO - Sync 1 DAGs
[2025-12-08T07:35:59.580+0000] {logging_mixin.py:190} INFO - [2025-12-08T07:35:59.579+0000] {dag.py:4138} INFO - Setting next_dagrun for example_local_kubernetes_executor to None, run_after=None
[2025-12-08T07:35:59.626+0000] {processor.py:208} INFO - Processing /home/airflow/.local/lib/python3.12/site-packages/airflow/example_dags/example_local_kubernetes_executor.py took 0.205 seconds
[2025-12-08T07:36:30.099+0000] {processor.py:186} INFO - Started process (PID=1327) to work on /home/airflow/.local/lib/python3.12/site-packages/airflow/example_dags/example_local_kubernetes_executor.py
[2025-12-08T07:36:30.102+0000] {processor.py:914} INFO - Processing file /home/airflow/.local/lib/python3.12/site-packages/airflow/example_dags/example_local_kubernetes_executor.py for tasks to queue
[2025-12-08T07:36:30.112+0000] {logging_mixin.py:190} INFO - [2025-12-08T07:36:30.110+0000] {dagbag.py:587} INFO - Filling up the DagBag from /home/airflow/.local/lib/python3.12/site-packages/airflow/example_dags/example_local_kubernetes_executor.py
[2025-12-08T07:36:30.134+0000] {processor.py:925} INFO - DAG(s) 'example_local_kubernetes_executor' retrieved from /home/airflow/.local/lib/python3.12/site-packages/airflow/example_dags/example_local_kubernetes_executor.py
[2025-12-08T07:36:30.198+0000] {logging_mixin.py:190} INFO - [2025-12-08T07:36:30.197+0000] {dag.py:3211} INFO - Sync 1 DAGs
[2025-12-08T07:36:30.227+0000] {logging_mixin.py:190} INFO - [2025-12-08T07:36:30.227+0000] {dag.py:4138} INFO - Setting next_dagrun for example_local_kubernetes_executor to None, run_after=None
[2025-12-08T07:36:30.264+0000] {processor.py:208} INFO - Processing /home/airflow/.local/lib/python3.12/site-packages/airflow/example_dags/example_local_kubernetes_executor.py took 0.177 seconds
[2025-12-08T07:37:00.601+0000] {processor.py:186} INFO - Started process (PID=1390) to work on /home/airflow/.local/lib/python3.12/site-packages/airflow/example_dags/example_local_kubernetes_executor.py
[2025-12-08T07:37:00.603+0000] {processor.py:914} INFO - Processing file /home/airflow/.local/lib/python3.12/site-packages/airflow/example_dags/example_local_kubernetes_executor.py for tasks to queue
[2025-12-08T07:37:00.609+0000] {logging_mixin.py:190} INFO - [2025-12-08T07:37:00.608+0000] {dagbag.py:587} INFO - Filling up the DagBag from /home/airflow/.local/lib/python3.12/site-packages/airflow/example_dags/example_local_kubernetes_executor.py
[2025-12-08T07:37:00.626+0000] {processor.py:925} INFO - DAG(s) 'example_local_kubernetes_executor' retrieved from /home/airflow/.local/lib/python3.12/site-packages/airflow/example_dags/example_local_kubernetes_executor.py
[2025-12-08T07:37:00.709+0000] {logging_mixin.py:190} INFO - [2025-12-08T07:37:00.708+0000] {dag.py:3211} INFO - Sync 1 DAGs
[2025-12-08T07:37:00.733+0000] {logging_mixin.py:190} INFO - [2025-12-08T07:37:00.733+0000] {dag.py:4138} INFO - Setting next_dagrun for example_local_kubernetes_executor to None, run_after=None
[2025-12-08T07:37:00.776+0000] {processor.py:208} INFO - Processing /home/airflow/.local/lib/python3.12/site-packages/airflow/example_dags/example_local_kubernetes_executor.py took 0.189 seconds
[2025-12-08T07:37:30.875+0000] {processor.py:186} INFO - Started process (PID=1452) to work on /home/airflow/.local/lib/python3.12/site-packages/airflow/example_dags/example_local_kubernetes_executor.py
[2025-12-08T07:37:30.878+0000] {processor.py:914} INFO - Processing file /home/airflow/.local/lib/python3.12/site-packages/airflow/example_dags/example_local_kubernetes_executor.py for tasks to queue
[2025-12-08T07:37:30.883+0000] {logging_mixin.py:190} INFO - [2025-12-08T07:37:30.882+0000] {dagbag.py:587} INFO - Filling up the DagBag from /home/airflow/.local/lib/python3.12/site-packages/airflow/example_dags/example_local_kubernetes_executor.py
[2025-12-08T07:37:30.901+0000] {processor.py:925} INFO - DAG(s) 'example_local_kubernetes_executor' retrieved from /home/airflow/.local/lib/python3.12/site-packages/airflow/example_dags/example_local_kubernetes_executor.py
[2025-12-08T07:37:30.978+0000] {logging_mixin.py:190} INFO - [2025-12-08T07:37:30.978+0000] {dag.py:3211} INFO - Sync 1 DAGs
[2025-12-08T07:37:31.004+0000] {logging_mixin.py:190} INFO - [2025-12-08T07:37:31.004+0000] {dag.py:4138} INFO - Setting next_dagrun for example_local_kubernetes_executor to None, run_after=None
[2025-12-08T07:37:31.042+0000] {processor.py:208} INFO - Processing /home/airflow/.local/lib/python3.12/site-packages/airflow/example_dags/example_local_kubernetes_executor.py took 0.179 seconds
[2025-12-08T07:38:02.600+0000] {processor.py:186} INFO - Started process (PID=1517) to work on /home/airflow/.local/lib/python3.12/site-packages/airflow/example_dags/example_local_kubernetes_executor.py
[2025-12-08T07:38:02.604+0000] {processor.py:914} INFO - Processing file /home/airflow/.local/lib/python3.12/site-packages/airflow/example_dags/example_local_kubernetes_executor.py for tasks to queue
[2025-12-08T07:38:02.612+0000] {logging_mixin.py:190} INFO - [2025-12-08T07:38:02.611+0000] {dagbag.py:587} INFO - Filling up the DagBag from /home/airflow/.local/lib/python3.12/site-packages/airflow/example_dags/example_local_kubernetes_executor.py
[2025-12-08T07:38:02.638+0000] {processor.py:925} INFO - DAG(s) 'example_local_kubernetes_executor' retrieved from /home/airflow/.local/lib/python3.12/site-packages/airflow/example_dags/example_local_kubernetes_executor.py
[2025-12-08T07:38:02.716+0000] {logging_mixin.py:190} INFO - [2025-12-08T07:38:02.715+0000] {dag.py:3211} INFO - Sync 1 DAGs
[2025-12-08T07:38:02.750+0000] {logging_mixin.py:190} INFO - [2025-12-08T07:38:02.750+0000] {dag.py:4138} INFO - Setting next_dagrun for example_local_kubernetes_executor to None, run_after=None
[2025-12-08T07:38:02.789+0000] {processor.py:208} INFO - Processing /home/airflow/.local/lib/python3.12/site-packages/airflow/example_dags/example_local_kubernetes_executor.py took 0.200 seconds
[2025-12-08T07:38:33.010+0000] {processor.py:186} INFO - Started process (PID=1580) to work on /home/airflow/.local/lib/python3.12/site-packages/airflow/example_dags/example_local_kubernetes_executor.py
[2025-12-08T07:38:33.013+0000] {processor.py:914} INFO - Processing file /home/airflow/.local/lib/python3.12/site-packages/airflow/example_dags/example_local_kubernetes_executor.py for tasks to queue
[2025-12-08T07:38:33.019+0000] {logging_mixin.py:190} INFO - [2025-12-08T07:38:33.018+0000] {dagbag.py:587} INFO - Filling up the DagBag from /home/airflow/.local/lib/python3.12/site-packages/airflow/example_dags/example_local_kubernetes_executor.py
[2025-12-08T07:38:33.036+0000] {processor.py:925} INFO - DAG(s) 'example_local_kubernetes_executor' retrieved from /home/airflow/.local/lib/python3.12/site-packages/airflow/example_dags/example_local_kubernetes_executor.py
[2025-12-08T07:38:33.098+0000] {logging_mixin.py:190} INFO - [2025-12-08T07:38:33.097+0000] {dag.py:3211} INFO - Sync 1 DAGs
[2025-12-08T07:38:33.120+0000] {logging_mixin.py:190} INFO - [2025-12-08T07:38:33.119+0000] {dag.py:4138} INFO - Setting next_dagrun for example_local_kubernetes_executor to None, run_after=None
[2025-12-08T07:38:33.160+0000] {processor.py:208} INFO - Processing /home/airflow/.local/lib/python3.12/site-packages/airflow/example_dags/example_local_kubernetes_executor.py took 0.159 seconds
[2025-12-08T07:39:03.473+0000] {processor.py:186} INFO - Started process (PID=1644) to work on /home/airflow/.local/lib/python3.12/site-packages/airflow/example_dags/example_local_kubernetes_executor.py
[2025-12-08T07:39:03.476+0000] {processor.py:914} INFO - Processing file /home/airflow/.local/lib/python3.12/site-packages/airflow/example_dags/example_local_kubernetes_executor.py for tasks to queue
[2025-12-08T07:39:03.483+0000] {logging_mixin.py:190} INFO - [2025-12-08T07:39:03.482+0000] {dagbag.py:587} INFO - Filling up the DagBag from /home/airflow/.local/lib/python3.12/site-packages/airflow/example_dags/example_local_kubernetes_executor.py
[2025-12-08T07:39:03.504+0000] {processor.py:925} INFO - DAG(s) 'example_local_kubernetes_executor' retrieved from /home/airflow/.local/lib/python3.12/site-packages/airflow/example_dags/example_local_kubernetes_executor.py
[2025-12-08T07:39:03.583+0000] {logging_mixin.py:190} INFO - [2025-12-08T07:39:03.582+0000] {dag.py:3211} INFO - Sync 1 DAGs
[2025-12-08T07:39:03.610+0000] {logging_mixin.py:190} INFO - [2025-12-08T07:39:03.609+0000] {dag.py:4138} INFO - Setting next_dagrun for example_local_kubernetes_executor to None, run_after=None
[2025-12-08T07:39:03.645+0000] {processor.py:208} INFO - Processing /home/airflow/.local/lib/python3.12/site-packages/airflow/example_dags/example_local_kubernetes_executor.py took 0.184 seconds
[2025-12-08T07:39:34.661+0000] {processor.py:186} INFO - Started process (PID=1707) to work on /home/airflow/.local/lib/python3.12/site-packages/airflow/example_dags/example_local_kubernetes_executor.py
[2025-12-08T07:39:34.665+0000] {processor.py:914} INFO - Processing file /home/airflow/.local/lib/python3.12/site-packages/airflow/example_dags/example_local_kubernetes_executor.py for tasks to queue
[2025-12-08T07:39:34.670+0000] {logging_mixin.py:190} INFO - [2025-12-08T07:39:34.670+0000] {dagbag.py:587} INFO - Filling up the DagBag from /home/airflow/.local/lib/python3.12/site-packages/airflow/example_dags/example_local_kubernetes_executor.py
[2025-12-08T07:39:34.691+0000] {processor.py:925} INFO - DAG(s) 'example_local_kubernetes_executor' retrieved from /home/airflow/.local/lib/python3.12/site-packages/airflow/example_dags/example_local_kubernetes_executor.py
[2025-12-08T07:39:34.753+0000] {logging_mixin.py:190} INFO - [2025-12-08T07:39:34.753+0000] {dag.py:3211} INFO - Sync 1 DAGs
[2025-12-08T07:39:34.779+0000] {logging_mixin.py:190} INFO - [2025-12-08T07:39:34.779+0000] {dag.py:4138} INFO - Setting next_dagrun for example_local_kubernetes_executor to None, run_after=None
[2025-12-08T07:39:34.816+0000] {processor.py:208} INFO - Processing /home/airflow/.local/lib/python3.12/site-packages/airflow/example_dags/example_local_kubernetes_executor.py took 0.166 seconds
[2025-12-08T07:40:05.762+0000] {processor.py:186} INFO - Started process (PID=1770) to work on /home/airflow/.local/lib/python3.12/site-packages/airflow/example_dags/example_local_kubernetes_executor.py
[2025-12-08T07:40:05.765+0000] {processor.py:914} INFO - Processing file /home/airflow/.local/lib/python3.12/site-packages/airflow/example_dags/example_local_kubernetes_executor.py for tasks to queue
[2025-12-08T07:40:05.771+0000] {logging_mixin.py:190} INFO - [2025-12-08T07:40:05.770+0000] {dagbag.py:587} INFO - Filling up the DagBag from /home/airflow/.local/lib/python3.12/site-packages/airflow/example_dags/example_local_kubernetes_executor.py
[2025-12-08T07:40:05.793+0000] {processor.py:925} INFO - DAG(s) 'example_local_kubernetes_executor' retrieved from /home/airflow/.local/lib/python3.12/site-packages/airflow/example_dags/example_local_kubernetes_executor.py
[2025-12-08T07:40:05.865+0000] {logging_mixin.py:190} INFO - [2025-12-08T07:40:05.865+0000] {dag.py:3211} INFO - Sync 1 DAGs
[2025-12-08T07:40:05.890+0000] {logging_mixin.py:190} INFO - [2025-12-08T07:40:05.890+0000] {dag.py:4138} INFO - Setting next_dagrun for example_local_kubernetes_executor to None, run_after=None
[2025-12-08T07:40:05.933+0000] {processor.py:208} INFO - Processing /home/airflow/.local/lib/python3.12/site-packages/airflow/example_dags/example_local_kubernetes_executor.py took 0.184 seconds
[2025-12-08T07:40:36.173+0000] {processor.py:186} INFO - Started process (PID=1833) to work on /home/airflow/.local/lib/python3.12/site-packages/airflow/example_dags/example_local_kubernetes_executor.py
[2025-12-08T07:40:36.177+0000] {processor.py:914} INFO - Processing file /home/airflow/.local/lib/python3.12/site-packages/airflow/example_dags/example_local_kubernetes_executor.py for tasks to queue
[2025-12-08T07:40:36.183+0000] {logging_mixin.py:190} INFO - [2025-12-08T07:40:36.182+0000] {dagbag.py:587} INFO - Filling up the DagBag from /home/airflow/.local/lib/python3.12/site-packages/airflow/example_dags/example_local_kubernetes_executor.py
[2025-12-08T07:40:36.205+0000] {processor.py:925} INFO - DAG(s) 'example_local_kubernetes_executor' retrieved from /home/airflow/.local/lib/python3.12/site-packages/airflow/example_dags/example_local_kubernetes_executor.py
[2025-12-08T07:40:36.280+0000] {logging_mixin.py:190} INFO - [2025-12-08T07:40:36.279+0000] {dag.py:3211} INFO - Sync 1 DAGs
[2025-12-08T07:40:36.307+0000] {logging_mixin.py:190} INFO - [2025-12-08T07:40:36.307+0000] {dag.py:4138} INFO - Setting next_dagrun for example_local_kubernetes_executor to None, run_after=None
[2025-12-08T07:40:36.350+0000] {processor.py:208} INFO - Processing /home/airflow/.local/lib/python3.12/site-packages/airflow/example_dags/example_local_kubernetes_executor.py took 0.191 seconds
[2025-12-08T07:41:07.431+0000] {processor.py:186} INFO - Started process (PID=1896) to work on /home/airflow/.local/lib/python3.12/site-packages/airflow/example_dags/example_local_kubernetes_executor.py
[2025-12-08T07:41:07.436+0000] {processor.py:914} INFO - Processing file /home/airflow/.local/lib/python3.12/site-packages/airflow/example_dags/example_local_kubernetes_executor.py for tasks to queue
[2025-12-08T07:41:07.445+0000] {logging_mixin.py:190} INFO - [2025-12-08T07:41:07.445+0000] {dagbag.py:587} INFO - Filling up the DagBag from /home/airflow/.local/lib/python3.12/site-packages/airflow/example_dags/example_local_kubernetes_executor.py
[2025-12-08T07:41:07.466+0000] {processor.py:925} INFO - DAG(s) 'example_local_kubernetes_executor' retrieved from /home/airflow/.local/lib/python3.12/site-packages/airflow/example_dags/example_local_kubernetes_executor.py
[2025-12-08T07:41:07.553+0000] {logging_mixin.py:190} INFO - [2025-12-08T07:41:07.553+0000] {dag.py:3211} INFO - Sync 1 DAGs
[2025-12-08T07:41:07.583+0000] {logging_mixin.py:190} INFO - [2025-12-08T07:41:07.583+0000] {dag.py:4138} INFO - Setting next_dagrun for example_local_kubernetes_executor to None, run_after=None
[2025-12-08T07:41:07.622+0000] {processor.py:208} INFO - Processing /home/airflow/.local/lib/python3.12/site-packages/airflow/example_dags/example_local_kubernetes_executor.py took 0.201 seconds
[2025-12-08T07:41:37.800+0000] {processor.py:186} INFO - Started process (PID=1959) to work on /home/airflow/.local/lib/python3.12/site-packages/airflow/example_dags/example_local_kubernetes_executor.py
[2025-12-08T07:41:37.802+0000] {processor.py:914} INFO - Processing file /home/airflow/.local/lib/python3.12/site-packages/airflow/example_dags/example_local_kubernetes_executor.py for tasks to queue
[2025-12-08T07:41:37.807+0000] {logging_mixin.py:190} INFO - [2025-12-08T07:41:37.806+0000] {dagbag.py:587} INFO - Filling up the DagBag from /home/airflow/.local/lib/python3.12/site-packages/airflow/example_dags/example_local_kubernetes_executor.py
[2025-12-08T07:41:37.826+0000] {processor.py:925} INFO - DAG(s) 'example_local_kubernetes_executor' retrieved from /home/airflow/.local/lib/python3.12/site-packages/airflow/example_dags/example_local_kubernetes_executor.py
[2025-12-08T07:41:37.905+0000] {logging_mixin.py:190} INFO - [2025-12-08T07:41:37.904+0000] {dag.py:3211} INFO - Sync 1 DAGs
[2025-12-08T07:41:37.936+0000] {logging_mixin.py:190} INFO - [2025-12-08T07:41:37.935+0000] {dag.py:4138} INFO - Setting next_dagrun for example_local_kubernetes_executor to None, run_after=None
[2025-12-08T07:41:37.991+0000] {processor.py:208} INFO - Processing /home/airflow/.local/lib/python3.12/site-packages/airflow/example_dags/example_local_kubernetes_executor.py took 0.202 seconds
[2025-12-08T07:42:09.386+0000] {processor.py:186} INFO - Started process (PID=2022) to work on /home/airflow/.local/lib/python3.12/site-packages/airflow/example_dags/example_local_kubernetes_executor.py
[2025-12-08T07:42:09.391+0000] {processor.py:914} INFO - Processing file /home/airflow/.local/lib/python3.12/site-packages/airflow/example_dags/example_local_kubernetes_executor.py for tasks to queue
[2025-12-08T07:42:09.398+0000] {logging_mixin.py:190} INFO - [2025-12-08T07:42:09.398+0000] {dagbag.py:587} INFO - Filling up the DagBag from /home/airflow/.local/lib/python3.12/site-packages/airflow/example_dags/example_local_kubernetes_executor.py
[2025-12-08T07:42:09.421+0000] {processor.py:925} INFO - DAG(s) 'example_local_kubernetes_executor' retrieved from /home/airflow/.local/lib/python3.12/site-packages/airflow/example_dags/example_local_kubernetes_executor.py
[2025-12-08T07:42:09.517+0000] {logging_mixin.py:190} INFO - [2025-12-08T07:42:09.516+0000] {dag.py:3211} INFO - Sync 1 DAGs
[2025-12-08T07:42:09.564+0000] {logging_mixin.py:190} INFO - [2025-12-08T07:42:09.563+0000] {dag.py:4138} INFO - Setting next_dagrun for example_local_kubernetes_executor to None, run_after=None
[2025-12-08T07:42:09.620+0000] {processor.py:208} INFO - Processing /home/airflow/.local/lib/python3.12/site-packages/airflow/example_dags/example_local_kubernetes_executor.py took 0.249 seconds
[2025-12-08T07:42:40.981+0000] {processor.py:186} INFO - Started process (PID=2086) to work on /home/airflow/.local/lib/python3.12/site-packages/airflow/example_dags/example_local_kubernetes_executor.py
[2025-12-08T07:42:40.986+0000] {processor.py:914} INFO - Processing file /home/airflow/.local/lib/python3.12/site-packages/airflow/example_dags/example_local_kubernetes_executor.py for tasks to queue
[2025-12-08T07:42:40.993+0000] {logging_mixin.py:190} INFO - [2025-12-08T07:42:40.992+0000] {dagbag.py:587} INFO - Filling up the DagBag from /home/airflow/.local/lib/python3.12/site-packages/airflow/example_dags/example_local_kubernetes_executor.py
[2025-12-08T07:42:41.019+0000] {processor.py:925} INFO - DAG(s) 'example_local_kubernetes_executor' retrieved from /home/airflow/.local/lib/python3.12/site-packages/airflow/example_dags/example_local_kubernetes_executor.py
[2025-12-08T07:42:41.148+0000] {logging_mixin.py:190} INFO - [2025-12-08T07:42:41.147+0000] {dag.py:3211} INFO - Sync 1 DAGs
[2025-12-08T07:42:41.182+0000] {logging_mixin.py:190} INFO - [2025-12-08T07:42:41.181+0000] {dag.py:4138} INFO - Setting next_dagrun for example_local_kubernetes_executor to None, run_after=None
[2025-12-08T07:42:41.257+0000] {processor.py:208} INFO - Processing /home/airflow/.local/lib/python3.12/site-packages/airflow/example_dags/example_local_kubernetes_executor.py took 0.296 seconds
[2025-12-08T07:43:11.584+0000] {processor.py:186} INFO - Started process (PID=2149) to work on /home/airflow/.local/lib/python3.12/site-packages/airflow/example_dags/example_local_kubernetes_executor.py
[2025-12-08T07:43:11.586+0000] {processor.py:914} INFO - Processing file /home/airflow/.local/lib/python3.12/site-packages/airflow/example_dags/example_local_kubernetes_executor.py for tasks to queue
[2025-12-08T07:43:11.592+0000] {logging_mixin.py:190} INFO - [2025-12-08T07:43:11.591+0000] {dagbag.py:587} INFO - Filling up the DagBag from /home/airflow/.local/lib/python3.12/site-packages/airflow/example_dags/example_local_kubernetes_executor.py
[2025-12-08T07:43:11.611+0000] {processor.py:925} INFO - DAG(s) 'example_local_kubernetes_executor' retrieved from /home/airflow/.local/lib/python3.12/site-packages/airflow/example_dags/example_local_kubernetes_executor.py
[2025-12-08T07:43:11.692+0000] {logging_mixin.py:190} INFO - [2025-12-08T07:43:11.691+0000] {dag.py:3211} INFO - Sync 1 DAGs
[2025-12-08T07:43:11.717+0000] {logging_mixin.py:190} INFO - [2025-12-08T07:43:11.716+0000] {dag.py:4138} INFO - Setting next_dagrun for example_local_kubernetes_executor to None, run_after=None
[2025-12-08T07:43:11.755+0000] {processor.py:208} INFO - Processing /home/airflow/.local/lib/python3.12/site-packages/airflow/example_dags/example_local_kubernetes_executor.py took 0.182 seconds
[2025-12-08T07:43:42.153+0000] {processor.py:186} INFO - Started process (PID=2212) to work on /home/airflow/.local/lib/python3.12/site-packages/airflow/example_dags/example_local_kubernetes_executor.py
[2025-12-08T07:43:42.157+0000] {processor.py:914} INFO - Processing file /home/airflow/.local/lib/python3.12/site-packages/airflow/example_dags/example_local_kubernetes_executor.py for tasks to queue
[2025-12-08T07:43:42.164+0000] {logging_mixin.py:190} INFO - [2025-12-08T07:43:42.163+0000] {dagbag.py:587} INFO - Filling up the DagBag from /home/airflow/.local/lib/python3.12/site-packages/airflow/example_dags/example_local_kubernetes_executor.py
[2025-12-08T07:43:42.193+0000] {processor.py:925} INFO - DAG(s) 'example_local_kubernetes_executor' retrieved from /home/airflow/.local/lib/python3.12/site-packages/airflow/example_dags/example_local_kubernetes_executor.py
[2025-12-08T07:43:42.280+0000] {logging_mixin.py:190} INFO - [2025-12-08T07:43:42.279+0000] {dag.py:3211} INFO - Sync 1 DAGs
[2025-12-08T07:43:42.310+0000] {logging_mixin.py:190} INFO - [2025-12-08T07:43:42.309+0000] {dag.py:4138} INFO - Setting next_dagrun for example_local_kubernetes_executor to None, run_after=None
[2025-12-08T07:43:42.353+0000] {processor.py:208} INFO - Processing /home/airflow/.local/lib/python3.12/site-packages/airflow/example_dags/example_local_kubernetes_executor.py took 0.213 seconds
[2025-12-08T07:44:13.587+0000] {processor.py:186} INFO - Started process (PID=2275) to work on /home/airflow/.local/lib/python3.12/site-packages/airflow/example_dags/example_local_kubernetes_executor.py
[2025-12-08T07:44:13.590+0000] {processor.py:914} INFO - Processing file /home/airflow/.local/lib/python3.12/site-packages/airflow/example_dags/example_local_kubernetes_executor.py for tasks to queue
[2025-12-08T07:44:13.598+0000] {logging_mixin.py:190} INFO - [2025-12-08T07:44:13.597+0000] {dagbag.py:587} INFO - Filling up the DagBag from /home/airflow/.local/lib/python3.12/site-packages/airflow/example_dags/example_local_kubernetes_executor.py
[2025-12-08T07:44:13.626+0000] {processor.py:925} INFO - DAG(s) 'example_local_kubernetes_executor' retrieved from /home/airflow/.local/lib/python3.12/site-packages/airflow/example_dags/example_local_kubernetes_executor.py
[2025-12-08T07:44:13.801+0000] {logging_mixin.py:190} INFO - [2025-12-08T07:44:13.801+0000] {dag.py:3211} INFO - Sync 1 DAGs
[2025-12-08T07:44:13.838+0000] {logging_mixin.py:190} INFO - [2025-12-08T07:44:13.838+0000] {dag.py:4138} INFO - Setting next_dagrun for example_local_kubernetes_executor to None, run_after=None
[2025-12-08T07:44:13.888+0000] {processor.py:208} INFO - Processing /home/airflow/.local/lib/python3.12/site-packages/airflow/example_dags/example_local_kubernetes_executor.py took 0.238 seconds
[2025-12-08T07:44:44.754+0000] {processor.py:186} INFO - Started process (PID=2338) to work on /home/airflow/.local/lib/python3.12/site-packages/airflow/example_dags/example_local_kubernetes_executor.py
[2025-12-08T07:44:44.756+0000] {processor.py:914} INFO - Processing file /home/airflow/.local/lib/python3.12/site-packages/airflow/example_dags/example_local_kubernetes_executor.py for tasks to queue
[2025-12-08T07:44:44.762+0000] {logging_mixin.py:190} INFO - [2025-12-08T07:44:44.761+0000] {dagbag.py:587} INFO - Filling up the DagBag from /home/airflow/.local/lib/python3.12/site-packages/airflow/example_dags/example_local_kubernetes_executor.py
[2025-12-08T07:44:44.782+0000] {processor.py:925} INFO - DAG(s) 'example_local_kubernetes_executor' retrieved from /home/airflow/.local/lib/python3.12/site-packages/airflow/example_dags/example_local_kubernetes_executor.py
[2025-12-08T07:44:44.857+0000] {logging_mixin.py:190} INFO - [2025-12-08T07:44:44.856+0000] {dag.py:3211} INFO - Sync 1 DAGs
[2025-12-08T07:44:44.887+0000] {logging_mixin.py:190} INFO - [2025-12-08T07:44:44.886+0000] {dag.py:4138} INFO - Setting next_dagrun for example_local_kubernetes_executor to None, run_after=None
[2025-12-08T07:44:44.929+0000] {processor.py:208} INFO - Processing /home/airflow/.local/lib/python3.12/site-packages/airflow/example_dags/example_local_kubernetes_executor.py took 0.187 seconds
[2025-12-08T07:45:15.175+0000] {processor.py:186} INFO - Started process (PID=2400) to work on /home/airflow/.local/lib/python3.12/site-packages/airflow/example_dags/example_local_kubernetes_executor.py
[2025-12-08T07:45:15.177+0000] {processor.py:914} INFO - Processing file /home/airflow/.local/lib/python3.12/site-packages/airflow/example_dags/example_local_kubernetes_executor.py for tasks to queue
[2025-12-08T07:45:15.183+0000] {logging_mixin.py:190} INFO - [2025-12-08T07:45:15.182+0000] {dagbag.py:587} INFO - Filling up the DagBag from /home/airflow/.local/lib/python3.12/site-packages/airflow/example_dags/example_local_kubernetes_executor.py
[2025-12-08T07:45:15.204+0000] {processor.py:925} INFO - DAG(s) 'example_local_kubernetes_executor' retrieved from /home/airflow/.local/lib/python3.12/site-packages/airflow/example_dags/example_local_kubernetes_executor.py
[2025-12-08T07:45:15.277+0000] {logging_mixin.py:190} INFO - [2025-12-08T07:45:15.277+0000] {dag.py:3211} INFO - Sync 1 DAGs
[2025-12-08T07:45:15.302+0000] {logging_mixin.py:190} INFO - [2025-12-08T07:45:15.301+0000] {dag.py:4138} INFO - Setting next_dagrun for example_local_kubernetes_executor to None, run_after=None
[2025-12-08T07:45:15.353+0000] {processor.py:208} INFO - Processing /home/airflow/.local/lib/python3.12/site-packages/airflow/example_dags/example_local_kubernetes_executor.py took 0.192 seconds
[2025-12-08T07:45:45.730+0000] {processor.py:186} INFO - Started process (PID=2469) to work on /home/airflow/.local/lib/python3.12/site-packages/airflow/example_dags/example_local_kubernetes_executor.py
[2025-12-08T07:45:45.733+0000] {processor.py:914} INFO - Processing file /home/airflow/.local/lib/python3.12/site-packages/airflow/example_dags/example_local_kubernetes_executor.py for tasks to queue
[2025-12-08T07:45:45.740+0000] {logging_mixin.py:190} INFO - [2025-12-08T07:45:45.739+0000] {dagbag.py:587} INFO - Filling up the DagBag from /home/airflow/.local/lib/python3.12/site-packages/airflow/example_dags/example_local_kubernetes_executor.py
[2025-12-08T07:45:45.767+0000] {processor.py:925} INFO - DAG(s) 'example_local_kubernetes_executor' retrieved from /home/airflow/.local/lib/python3.12/site-packages/airflow/example_dags/example_local_kubernetes_executor.py
[2025-12-08T07:45:45.891+0000] {logging_mixin.py:190} INFO - [2025-12-08T07:45:45.890+0000] {dag.py:3211} INFO - Sync 1 DAGs
[2025-12-08T07:45:45.938+0000] {logging_mixin.py:190} INFO - [2025-12-08T07:45:45.938+0000] {dag.py:4138} INFO - Setting next_dagrun for example_local_kubernetes_executor to None, run_after=None
[2025-12-08T07:45:45.998+0000] {processor.py:208} INFO - Processing /home/airflow/.local/lib/python3.12/site-packages/airflow/example_dags/example_local_kubernetes_executor.py took 0.281 seconds
[2025-12-08T07:46:16.833+0000] {processor.py:186} INFO - Started process (PID=2532) to work on /home/airflow/.local/lib/python3.12/site-packages/airflow/example_dags/example_local_kubernetes_executor.py
[2025-12-08T07:46:16.835+0000] {processor.py:914} INFO - Processing file /home/airflow/.local/lib/python3.12/site-packages/airflow/example_dags/example_local_kubernetes_executor.py for tasks to queue
[2025-12-08T07:46:16.842+0000] {logging_mixin.py:190} INFO - [2025-12-08T07:46:16.841+0000] {dagbag.py:587} INFO - Filling up the DagBag from /home/airflow/.local/lib/python3.12/site-packages/airflow/example_dags/example_local_kubernetes_executor.py
[2025-12-08T07:46:16.863+0000] {processor.py:925} INFO - DAG(s) 'example_local_kubernetes_executor' retrieved from /home/airflow/.local/lib/python3.12/site-packages/airflow/example_dags/example_local_kubernetes_executor.py
[2025-12-08T07:46:16.962+0000] {logging_mixin.py:190} INFO - [2025-12-08T07:46:16.961+0000] {dag.py:3211} INFO - Sync 1 DAGs
[2025-12-08T07:46:16.993+0000] {logging_mixin.py:190} INFO - [2025-12-08T07:46:16.992+0000] {dag.py:4138} INFO - Setting next_dagrun for example_local_kubernetes_executor to None, run_after=None
[2025-12-08T07:46:17.050+0000] {processor.py:208} INFO - Processing /home/airflow/.local/lib/python3.12/site-packages/airflow/example_dags/example_local_kubernetes_executor.py took 0.230 seconds
[2025-12-08T07:46:47.613+0000] {processor.py:186} INFO - Started process (PID=2595) to work on /home/airflow/.local/lib/python3.12/site-packages/airflow/example_dags/example_local_kubernetes_executor.py
[2025-12-08T07:46:47.616+0000] {processor.py:914} INFO - Processing file /home/airflow/.local/lib/python3.12/site-packages/airflow/example_dags/example_local_kubernetes_executor.py for tasks to queue
[2025-12-08T07:46:47.621+0000] {logging_mixin.py:190} INFO - [2025-12-08T07:46:47.620+0000] {dagbag.py:587} INFO - Filling up the DagBag from /home/airflow/.local/lib/python3.12/site-packages/airflow/example_dags/example_local_kubernetes_executor.py
[2025-12-08T07:46:47.638+0000] {processor.py:925} INFO - DAG(s) 'example_local_kubernetes_executor' retrieved from /home/airflow/.local/lib/python3.12/site-packages/airflow/example_dags/example_local_kubernetes_executor.py
[2025-12-08T07:46:47.714+0000] {logging_mixin.py:190} INFO - [2025-12-08T07:46:47.712+0000] {dag.py:3211} INFO - Sync 1 DAGs
[2025-12-08T07:46:47.745+0000] {logging_mixin.py:190} INFO - [2025-12-08T07:46:47.744+0000] {dag.py:4138} INFO - Setting next_dagrun for example_local_kubernetes_executor to None, run_after=None
[2025-12-08T07:46:47.800+0000] {processor.py:208} INFO - Processing /home/airflow/.local/lib/python3.12/site-packages/airflow/example_dags/example_local_kubernetes_executor.py took 0.196 seconds
[2025-12-08T07:47:18.555+0000] {processor.py:186} INFO - Started process (PID=2657) to work on /home/airflow/.local/lib/python3.12/site-packages/airflow/example_dags/example_local_kubernetes_executor.py
[2025-12-08T07:47:18.558+0000] {processor.py:914} INFO - Processing file /home/airflow/.local/lib/python3.12/site-packages/airflow/example_dags/example_local_kubernetes_executor.py for tasks to queue
[2025-12-08T07:47:18.562+0000] {logging_mixin.py:190} INFO - [2025-12-08T07:47:18.562+0000] {dagbag.py:587} INFO - Filling up the DagBag from /home/airflow/.local/lib/python3.12/site-packages/airflow/example_dags/example_local_kubernetes_executor.py
[2025-12-08T07:47:18.589+0000] {processor.py:925} INFO - DAG(s) 'example_local_kubernetes_executor' retrieved from /home/airflow/.local/lib/python3.12/site-packages/airflow/example_dags/example_local_kubernetes_executor.py
[2025-12-08T07:47:18.691+0000] {logging_mixin.py:190} INFO - [2025-12-08T07:47:18.690+0000] {dag.py:3211} INFO - Sync 1 DAGs
[2025-12-08T07:47:18.721+0000] {logging_mixin.py:190} INFO - [2025-12-08T07:47:18.719+0000] {dag.py:4138} INFO - Setting next_dagrun for example_local_kubernetes_executor to None, run_after=None
[2025-12-08T07:47:18.772+0000] {processor.py:208} INFO - Processing /home/airflow/.local/lib/python3.12/site-packages/airflow/example_dags/example_local_kubernetes_executor.py took 0.229 seconds
[2025-12-08T07:47:50.735+0000] {processor.py:186} INFO - Started process (PID=2721) to work on /home/airflow/.local/lib/python3.12/site-packages/airflow/example_dags/example_local_kubernetes_executor.py
[2025-12-08T07:47:50.739+0000] {processor.py:914} INFO - Processing file /home/airflow/.local/lib/python3.12/site-packages/airflow/example_dags/example_local_kubernetes_executor.py for tasks to queue
[2025-12-08T07:47:50.746+0000] {logging_mixin.py:190} INFO - [2025-12-08T07:47:50.744+0000] {dagbag.py:587} INFO - Filling up the DagBag from /home/airflow/.local/lib/python3.12/site-packages/airflow/example_dags/example_local_kubernetes_executor.py
[2025-12-08T07:47:50.764+0000] {processor.py:925} INFO - DAG(s) 'example_local_kubernetes_executor' retrieved from /home/airflow/.local/lib/python3.12/site-packages/airflow/example_dags/example_local_kubernetes_executor.py
[2025-12-08T07:47:50.845+0000] {logging_mixin.py:190} INFO - [2025-12-08T07:47:50.845+0000] {dag.py:3211} INFO - Sync 1 DAGs
[2025-12-08T07:47:50.884+0000] {logging_mixin.py:190} INFO - [2025-12-08T07:47:50.883+0000] {dag.py:4138} INFO - Setting next_dagrun for example_local_kubernetes_executor to None, run_after=None
[2025-12-08T07:47:50.931+0000] {processor.py:208} INFO - Processing /home/airflow/.local/lib/python3.12/site-packages/airflow/example_dags/example_local_kubernetes_executor.py took 0.217 seconds
[2025-12-08T07:48:22.296+0000] {processor.py:186} INFO - Started process (PID=2784) to work on /home/airflow/.local/lib/python3.12/site-packages/airflow/example_dags/example_local_kubernetes_executor.py
[2025-12-08T07:48:22.299+0000] {processor.py:914} INFO - Processing file /home/airflow/.local/lib/python3.12/site-packages/airflow/example_dags/example_local_kubernetes_executor.py for tasks to queue
[2025-12-08T07:48:22.307+0000] {logging_mixin.py:190} INFO - [2025-12-08T07:48:22.306+0000] {dagbag.py:587} INFO - Filling up the DagBag from /home/airflow/.local/lib/python3.12/site-packages/airflow/example_dags/example_local_kubernetes_executor.py
[2025-12-08T07:48:22.327+0000] {processor.py:925} INFO - DAG(s) 'example_local_kubernetes_executor' retrieved from /home/airflow/.local/lib/python3.12/site-packages/airflow/example_dags/example_local_kubernetes_executor.py
[2025-12-08T07:48:22.413+0000] {logging_mixin.py:190} INFO - [2025-12-08T07:48:22.412+0000] {dag.py:3211} INFO - Sync 1 DAGs
[2025-12-08T07:48:22.445+0000] {logging_mixin.py:190} INFO - [2025-12-08T07:48:22.444+0000] {dag.py:4138} INFO - Setting next_dagrun for example_local_kubernetes_executor to None, run_after=None
[2025-12-08T07:48:22.501+0000] {processor.py:208} INFO - Processing /home/airflow/.local/lib/python3.12/site-packages/airflow/example_dags/example_local_kubernetes_executor.py took 0.225 seconds
[2025-12-08T07:48:53.821+0000] {processor.py:186} INFO - Started process (PID=2847) to work on /home/airflow/.local/lib/python3.12/site-packages/airflow/example_dags/example_local_kubernetes_executor.py
[2025-12-08T07:48:53.823+0000] {processor.py:914} INFO - Processing file /home/airflow/.local/lib/python3.12/site-packages/airflow/example_dags/example_local_kubernetes_executor.py for tasks to queue
[2025-12-08T07:48:53.829+0000] {logging_mixin.py:190} INFO - [2025-12-08T07:48:53.828+0000] {dagbag.py:587} INFO - Filling up the DagBag from /home/airflow/.local/lib/python3.12/site-packages/airflow/example_dags/example_local_kubernetes_executor.py
[2025-12-08T07:48:53.864+0000] {processor.py:925} INFO - DAG(s) 'example_local_kubernetes_executor' retrieved from /home/airflow/.local/lib/python3.12/site-packages/airflow/example_dags/example_local_kubernetes_executor.py
[2025-12-08T07:48:53.953+0000] {logging_mixin.py:190} INFO - [2025-12-08T07:48:53.952+0000] {dag.py:3211} INFO - Sync 1 DAGs
[2025-12-08T07:48:53.989+0000] {logging_mixin.py:190} INFO - [2025-12-08T07:48:53.988+0000] {dag.py:4138} INFO - Setting next_dagrun for example_local_kubernetes_executor to None, run_after=None
[2025-12-08T07:48:54.058+0000] {processor.py:208} INFO - Processing /home/airflow/.local/lib/python3.12/site-packages/airflow/example_dags/example_local_kubernetes_executor.py took 0.248 seconds
[2025-12-08T07:49:24.833+0000] {processor.py:186} INFO - Started process (PID=2909) to work on /home/airflow/.local/lib/python3.12/site-packages/airflow/example_dags/example_local_kubernetes_executor.py
[2025-12-08T07:49:24.837+0000] {processor.py:914} INFO - Processing file /home/airflow/.local/lib/python3.12/site-packages/airflow/example_dags/example_local_kubernetes_executor.py for tasks to queue
[2025-12-08T07:49:24.843+0000] {logging_mixin.py:190} INFO - [2025-12-08T07:49:24.842+0000] {dagbag.py:587} INFO - Filling up the DagBag from /home/airflow/.local/lib/python3.12/site-packages/airflow/example_dags/example_local_kubernetes_executor.py
[2025-12-08T07:49:24.872+0000] {processor.py:925} INFO - DAG(s) 'example_local_kubernetes_executor' retrieved from /home/airflow/.local/lib/python3.12/site-packages/airflow/example_dags/example_local_kubernetes_executor.py
[2025-12-08T07:49:24.972+0000] {logging_mixin.py:190} INFO - [2025-12-08T07:49:24.971+0000] {dag.py:3211} INFO - Sync 1 DAGs
[2025-12-08T07:49:25.021+0000] {logging_mixin.py:190} INFO - [2025-12-08T07:49:25.020+0000] {dag.py:4138} INFO - Setting next_dagrun for example_local_kubernetes_executor to None, run_after=None
[2025-12-08T07:49:25.119+0000] {processor.py:208} INFO - Processing /home/airflow/.local/lib/python3.12/site-packages/airflow/example_dags/example_local_kubernetes_executor.py took 0.292 seconds
[2025-12-08T07:49:55.351+0000] {processor.py:186} INFO - Started process (PID=2972) to work on /home/airflow/.local/lib/python3.12/site-packages/airflow/example_dags/example_local_kubernetes_executor.py
[2025-12-08T07:49:55.354+0000] {processor.py:914} INFO - Processing file /home/airflow/.local/lib/python3.12/site-packages/airflow/example_dags/example_local_kubernetes_executor.py for tasks to queue
[2025-12-08T07:49:55.361+0000] {logging_mixin.py:190} INFO - [2025-12-08T07:49:55.360+0000] {dagbag.py:587} INFO - Filling up the DagBag from /home/airflow/.local/lib/python3.12/site-packages/airflow/example_dags/example_local_kubernetes_executor.py
[2025-12-08T07:49:55.385+0000] {processor.py:925} INFO - DAG(s) 'example_local_kubernetes_executor' retrieved from /home/airflow/.local/lib/python3.12/site-packages/airflow/example_dags/example_local_kubernetes_executor.py
[2025-12-08T07:49:55.755+0000] {logging_mixin.py:190} INFO - [2025-12-08T07:49:55.755+0000] {dag.py:3211} INFO - Sync 1 DAGs
[2025-12-08T07:49:55.774+0000] {logging_mixin.py:190} INFO - [2025-12-08T07:49:55.773+0000] {dag.py:4138} INFO - Setting next_dagrun for example_local_kubernetes_executor to None, run_after=None
[2025-12-08T07:49:55.808+0000] {processor.py:208} INFO - Processing /home/airflow/.local/lib/python3.12/site-packages/airflow/example_dags/example_local_kubernetes_executor.py took 0.467 seconds
[2025-12-08T07:50:26.364+0000] {processor.py:186} INFO - Started process (PID=3035) to work on /home/airflow/.local/lib/python3.12/site-packages/airflow/example_dags/example_local_kubernetes_executor.py
[2025-12-08T07:50:26.368+0000] {processor.py:914} INFO - Processing file /home/airflow/.local/lib/python3.12/site-packages/airflow/example_dags/example_local_kubernetes_executor.py for tasks to queue
[2025-12-08T07:50:26.372+0000] {logging_mixin.py:190} INFO - [2025-12-08T07:50:26.372+0000] {dagbag.py:587} INFO - Filling up the DagBag from /home/airflow/.local/lib/python3.12/site-packages/airflow/example_dags/example_local_kubernetes_executor.py
[2025-12-08T07:50:26.394+0000] {processor.py:925} INFO - DAG(s) 'example_local_kubernetes_executor' retrieved from /home/airflow/.local/lib/python3.12/site-packages/airflow/example_dags/example_local_kubernetes_executor.py
[2025-12-08T07:50:26.466+0000] {logging_mixin.py:190} INFO - [2025-12-08T07:50:26.465+0000] {dag.py:3211} INFO - Sync 1 DAGs
[2025-12-08T07:50:26.800+0000] {logging_mixin.py:190} INFO - [2025-12-08T07:50:26.800+0000] {dag.py:4138} INFO - Setting next_dagrun for example_local_kubernetes_executor to None, run_after=None
[2025-12-08T07:50:26.843+0000] {processor.py:208} INFO - Processing /home/airflow/.local/lib/python3.12/site-packages/airflow/example_dags/example_local_kubernetes_executor.py took 0.493 seconds
[2025-12-08T07:50:57.044+0000] {processor.py:186} INFO - Started process (PID=3098) to work on /home/airflow/.local/lib/python3.12/site-packages/airflow/example_dags/example_local_kubernetes_executor.py
[2025-12-08T07:50:57.047+0000] {processor.py:914} INFO - Processing file /home/airflow/.local/lib/python3.12/site-packages/airflow/example_dags/example_local_kubernetes_executor.py for tasks to queue
[2025-12-08T07:50:57.060+0000] {logging_mixin.py:190} INFO - [2025-12-08T07:50:57.059+0000] {dagbag.py:587} INFO - Filling up the DagBag from /home/airflow/.local/lib/python3.12/site-packages/airflow/example_dags/example_local_kubernetes_executor.py
[2025-12-08T07:50:57.094+0000] {processor.py:925} INFO - DAG(s) 'example_local_kubernetes_executor' retrieved from /home/airflow/.local/lib/python3.12/site-packages/airflow/example_dags/example_local_kubernetes_executor.py
[2025-12-08T07:50:57.188+0000] {logging_mixin.py:190} INFO - [2025-12-08T07:50:57.187+0000] {dag.py:3211} INFO - Sync 1 DAGs
[2025-12-08T07:50:57.215+0000] {logging_mixin.py:190} INFO - [2025-12-08T07:50:57.215+0000] {dag.py:4138} INFO - Setting next_dagrun for example_local_kubernetes_executor to None, run_after=None
[2025-12-08T07:50:57.255+0000] {processor.py:208} INFO - Processing /home/airflow/.local/lib/python3.12/site-packages/airflow/example_dags/example_local_kubernetes_executor.py took 0.228 seconds
[2025-12-08T07:51:27.922+0000] {processor.py:186} INFO - Started process (PID=3167) to work on /home/airflow/.local/lib/python3.12/site-packages/airflow/example_dags/example_local_kubernetes_executor.py
[2025-12-08T07:51:27.923+0000] {processor.py:914} INFO - Processing file /home/airflow/.local/lib/python3.12/site-packages/airflow/example_dags/example_local_kubernetes_executor.py for tasks to queue
[2025-12-08T07:51:27.927+0000] {logging_mixin.py:190} INFO - [2025-12-08T07:51:27.927+0000] {dagbag.py:587} INFO - Filling up the DagBag from /home/airflow/.local/lib/python3.12/site-packages/airflow/example_dags/example_local_kubernetes_executor.py
[2025-12-08T07:51:27.941+0000] {processor.py:925} INFO - DAG(s) 'example_local_kubernetes_executor' retrieved from /home/airflow/.local/lib/python3.12/site-packages/airflow/example_dags/example_local_kubernetes_executor.py
[2025-12-08T07:51:27.999+0000] {logging_mixin.py:190} INFO - [2025-12-08T07:51:27.998+0000] {dag.py:3211} INFO - Sync 1 DAGs
[2025-12-08T07:51:28.023+0000] {logging_mixin.py:190} INFO - [2025-12-08T07:51:28.022+0000] {dag.py:4138} INFO - Setting next_dagrun for example_local_kubernetes_executor to None, run_after=None
[2025-12-08T07:51:28.055+0000] {processor.py:208} INFO - Processing /home/airflow/.local/lib/python3.12/site-packages/airflow/example_dags/example_local_kubernetes_executor.py took 0.141 seconds
[2025-12-08T07:51:58.658+0000] {processor.py:186} INFO - Started process (PID=3230) to work on /home/airflow/.local/lib/python3.12/site-packages/airflow/example_dags/example_local_kubernetes_executor.py
[2025-12-08T07:51:58.660+0000] {processor.py:914} INFO - Processing file /home/airflow/.local/lib/python3.12/site-packages/airflow/example_dags/example_local_kubernetes_executor.py for tasks to queue
[2025-12-08T07:51:58.663+0000] {logging_mixin.py:190} INFO - [2025-12-08T07:51:58.663+0000] {dagbag.py:587} INFO - Filling up the DagBag from /home/airflow/.local/lib/python3.12/site-packages/airflow/example_dags/example_local_kubernetes_executor.py
[2025-12-08T07:51:58.675+0000] {processor.py:925} INFO - DAG(s) 'example_local_kubernetes_executor' retrieved from /home/airflow/.local/lib/python3.12/site-packages/airflow/example_dags/example_local_kubernetes_executor.py
[2025-12-08T07:51:58.723+0000] {logging_mixin.py:190} INFO - [2025-12-08T07:51:58.722+0000] {dag.py:3211} INFO - Sync 1 DAGs
[2025-12-08T07:51:58.739+0000] {logging_mixin.py:190} INFO - [2025-12-08T07:51:58.739+0000] {dag.py:4138} INFO - Setting next_dagrun for example_local_kubernetes_executor to None, run_after=None
[2025-12-08T07:51:58.767+0000] {processor.py:208} INFO - Processing /home/airflow/.local/lib/python3.12/site-packages/airflow/example_dags/example_local_kubernetes_executor.py took 0.116 seconds
[2025-12-08T07:52:29.071+0000] {processor.py:186} INFO - Started process (PID=3293) to work on /home/airflow/.local/lib/python3.12/site-packages/airflow/example_dags/example_local_kubernetes_executor.py
[2025-12-08T07:52:29.072+0000] {processor.py:914} INFO - Processing file /home/airflow/.local/lib/python3.12/site-packages/airflow/example_dags/example_local_kubernetes_executor.py for tasks to queue
[2025-12-08T07:52:29.076+0000] {logging_mixin.py:190} INFO - [2025-12-08T07:52:29.075+0000] {dagbag.py:587} INFO - Filling up the DagBag from /home/airflow/.local/lib/python3.12/site-packages/airflow/example_dags/example_local_kubernetes_executor.py
[2025-12-08T07:52:29.088+0000] {processor.py:925} INFO - DAG(s) 'example_local_kubernetes_executor' retrieved from /home/airflow/.local/lib/python3.12/site-packages/airflow/example_dags/example_local_kubernetes_executor.py
[2025-12-08T07:52:29.134+0000] {logging_mixin.py:190} INFO - [2025-12-08T07:52:29.133+0000] {dag.py:3211} INFO - Sync 1 DAGs
[2025-12-08T07:52:29.148+0000] {logging_mixin.py:190} INFO - [2025-12-08T07:52:29.148+0000] {dag.py:4138} INFO - Setting next_dagrun for example_local_kubernetes_executor to None, run_after=None
[2025-12-08T07:52:29.170+0000] {processor.py:208} INFO - Processing /home/airflow/.local/lib/python3.12/site-packages/airflow/example_dags/example_local_kubernetes_executor.py took 0.106 seconds
[2025-12-08T07:53:00.087+0000] {processor.py:186} INFO - Started process (PID=3356) to work on /home/airflow/.local/lib/python3.12/site-packages/airflow/example_dags/example_local_kubernetes_executor.py
[2025-12-08T07:53:00.089+0000] {processor.py:914} INFO - Processing file /home/airflow/.local/lib/python3.12/site-packages/airflow/example_dags/example_local_kubernetes_executor.py for tasks to queue
[2025-12-08T07:53:00.092+0000] {logging_mixin.py:190} INFO - [2025-12-08T07:53:00.092+0000] {dagbag.py:587} INFO - Filling up the DagBag from /home/airflow/.local/lib/python3.12/site-packages/airflow/example_dags/example_local_kubernetes_executor.py
[2025-12-08T07:53:00.106+0000] {processor.py:925} INFO - DAG(s) 'example_local_kubernetes_executor' retrieved from /home/airflow/.local/lib/python3.12/site-packages/airflow/example_dags/example_local_kubernetes_executor.py
[2025-12-08T07:53:00.155+0000] {logging_mixin.py:190} INFO - [2025-12-08T07:53:00.155+0000] {dag.py:3211} INFO - Sync 1 DAGs
[2025-12-08T07:53:00.175+0000] {logging_mixin.py:190} INFO - [2025-12-08T07:53:00.175+0000] {dag.py:4138} INFO - Setting next_dagrun for example_local_kubernetes_executor to None, run_after=None
[2025-12-08T07:53:00.200+0000] {processor.py:208} INFO - Processing /home/airflow/.local/lib/python3.12/site-packages/airflow/example_dags/example_local_kubernetes_executor.py took 0.120 seconds
[2025-12-08T07:53:30.638+0000] {processor.py:186} INFO - Started process (PID=3419) to work on /home/airflow/.local/lib/python3.12/site-packages/airflow/example_dags/example_local_kubernetes_executor.py
[2025-12-08T07:53:30.640+0000] {processor.py:914} INFO - Processing file /home/airflow/.local/lib/python3.12/site-packages/airflow/example_dags/example_local_kubernetes_executor.py for tasks to queue
[2025-12-08T07:53:30.646+0000] {logging_mixin.py:190} INFO - [2025-12-08T07:53:30.645+0000] {dagbag.py:587} INFO - Filling up the DagBag from /home/airflow/.local/lib/python3.12/site-packages/airflow/example_dags/example_local_kubernetes_executor.py
[2025-12-08T07:53:30.669+0000] {processor.py:925} INFO - DAG(s) 'example_local_kubernetes_executor' retrieved from /home/airflow/.local/lib/python3.12/site-packages/airflow/example_dags/example_local_kubernetes_executor.py
[2025-12-08T07:53:30.764+0000] {logging_mixin.py:190} INFO - [2025-12-08T07:53:30.763+0000] {dag.py:3211} INFO - Sync 1 DAGs
[2025-12-08T07:53:30.798+0000] {logging_mixin.py:190} INFO - [2025-12-08T07:53:30.797+0000] {dag.py:4138} INFO - Setting next_dagrun for example_local_kubernetes_executor to None, run_after=None
[2025-12-08T07:53:30.848+0000] {processor.py:208} INFO - Processing /home/airflow/.local/lib/python3.12/site-packages/airflow/example_dags/example_local_kubernetes_executor.py took 0.222 seconds
[2025-12-08T07:54:01.277+0000] {processor.py:186} INFO - Started process (PID=3482) to work on /home/airflow/.local/lib/python3.12/site-packages/airflow/example_dags/example_local_kubernetes_executor.py
[2025-12-08T07:54:01.279+0000] {processor.py:914} INFO - Processing file /home/airflow/.local/lib/python3.12/site-packages/airflow/example_dags/example_local_kubernetes_executor.py for tasks to queue
[2025-12-08T07:54:01.283+0000] {logging_mixin.py:190} INFO - [2025-12-08T07:54:01.283+0000] {dagbag.py:587} INFO - Filling up the DagBag from /home/airflow/.local/lib/python3.12/site-packages/airflow/example_dags/example_local_kubernetes_executor.py
[2025-12-08T07:54:01.296+0000] {processor.py:925} INFO - DAG(s) 'example_local_kubernetes_executor' retrieved from /home/airflow/.local/lib/python3.12/site-packages/airflow/example_dags/example_local_kubernetes_executor.py
[2025-12-08T07:54:01.355+0000] {logging_mixin.py:190} INFO - [2025-12-08T07:54:01.355+0000] {dag.py:3211} INFO - Sync 1 DAGs
[2025-12-08T07:54:01.380+0000] {logging_mixin.py:190} INFO - [2025-12-08T07:54:01.380+0000] {dag.py:4138} INFO - Setting next_dagrun for example_local_kubernetes_executor to None, run_after=None
[2025-12-08T07:54:01.410+0000] {processor.py:208} INFO - Processing /home/airflow/.local/lib/python3.12/site-packages/airflow/example_dags/example_local_kubernetes_executor.py took 0.144 seconds
[2025-12-08T07:54:32.218+0000] {processor.py:186} INFO - Started process (PID=3545) to work on /home/airflow/.local/lib/python3.12/site-packages/airflow/example_dags/example_local_kubernetes_executor.py
[2025-12-08T07:54:32.222+0000] {processor.py:914} INFO - Processing file /home/airflow/.local/lib/python3.12/site-packages/airflow/example_dags/example_local_kubernetes_executor.py for tasks to queue
[2025-12-08T07:54:32.230+0000] {logging_mixin.py:190} INFO - [2025-12-08T07:54:32.229+0000] {dagbag.py:587} INFO - Filling up the DagBag from /home/airflow/.local/lib/python3.12/site-packages/airflow/example_dags/example_local_kubernetes_executor.py
[2025-12-08T07:54:32.267+0000] {processor.py:925} INFO - DAG(s) 'example_local_kubernetes_executor' retrieved from /home/airflow/.local/lib/python3.12/site-packages/airflow/example_dags/example_local_kubernetes_executor.py
[2025-12-08T07:54:32.389+0000] {logging_mixin.py:190} INFO - [2025-12-08T07:54:32.389+0000] {dag.py:3211} INFO - Sync 1 DAGs
[2025-12-08T07:54:32.435+0000] {logging_mixin.py:190} INFO - [2025-12-08T07:54:32.435+0000] {dag.py:4138} INFO - Setting next_dagrun for example_local_kubernetes_executor to None, run_after=None
[2025-12-08T07:54:32.501+0000] {processor.py:208} INFO - Processing /home/airflow/.local/lib/python3.12/site-packages/airflow/example_dags/example_local_kubernetes_executor.py took 0.300 seconds
[2025-12-08T07:55:03.194+0000] {processor.py:186} INFO - Started process (PID=3608) to work on /home/airflow/.local/lib/python3.12/site-packages/airflow/example_dags/example_local_kubernetes_executor.py
[2025-12-08T07:55:03.196+0000] {processor.py:914} INFO - Processing file /home/airflow/.local/lib/python3.12/site-packages/airflow/example_dags/example_local_kubernetes_executor.py for tasks to queue
[2025-12-08T07:55:03.201+0000] {logging_mixin.py:190} INFO - [2025-12-08T07:55:03.200+0000] {dagbag.py:587} INFO - Filling up the DagBag from /home/airflow/.local/lib/python3.12/site-packages/airflow/example_dags/example_local_kubernetes_executor.py
[2025-12-08T07:55:03.216+0000] {processor.py:925} INFO - DAG(s) 'example_local_kubernetes_executor' retrieved from /home/airflow/.local/lib/python3.12/site-packages/airflow/example_dags/example_local_kubernetes_executor.py
[2025-12-08T07:55:03.264+0000] {logging_mixin.py:190} INFO - [2025-12-08T07:55:03.264+0000] {dag.py:3211} INFO - Sync 1 DAGs
[2025-12-08T07:55:03.283+0000] {logging_mixin.py:190} INFO - [2025-12-08T07:55:03.282+0000] {dag.py:4138} INFO - Setting next_dagrun for example_local_kubernetes_executor to None, run_after=None
[2025-12-08T07:55:03.310+0000] {processor.py:208} INFO - Processing /home/airflow/.local/lib/python3.12/site-packages/airflow/example_dags/example_local_kubernetes_executor.py took 0.123 seconds
[2025-12-08T07:55:33.797+0000] {processor.py:186} INFO - Started process (PID=3672) to work on /home/airflow/.local/lib/python3.12/site-packages/airflow/example_dags/example_local_kubernetes_executor.py
[2025-12-08T07:55:33.800+0000] {processor.py:914} INFO - Processing file /home/airflow/.local/lib/python3.12/site-packages/airflow/example_dags/example_local_kubernetes_executor.py for tasks to queue
[2025-12-08T07:55:33.806+0000] {logging_mixin.py:190} INFO - [2025-12-08T07:55:33.805+0000] {dagbag.py:587} INFO - Filling up the DagBag from /home/airflow/.local/lib/python3.12/site-packages/airflow/example_dags/example_local_kubernetes_executor.py
[2025-12-08T07:55:33.824+0000] {processor.py:925} INFO - DAG(s) 'example_local_kubernetes_executor' retrieved from /home/airflow/.local/lib/python3.12/site-packages/airflow/example_dags/example_local_kubernetes_executor.py
[2025-12-08T07:55:33.891+0000] {logging_mixin.py:190} INFO - [2025-12-08T07:55:33.890+0000] {dag.py:3211} INFO - Sync 1 DAGs
[2025-12-08T07:55:33.919+0000] {logging_mixin.py:190} INFO - [2025-12-08T07:55:33.919+0000] {dag.py:4138} INFO - Setting next_dagrun for example_local_kubernetes_executor to None, run_after=None
[2025-12-08T07:55:33.959+0000] {processor.py:208} INFO - Processing /home/airflow/.local/lib/python3.12/site-packages/airflow/example_dags/example_local_kubernetes_executor.py took 0.172 seconds
[2025-12-08T07:56:04.184+0000] {processor.py:186} INFO - Started process (PID=3736) to work on /home/airflow/.local/lib/python3.12/site-packages/airflow/example_dags/example_local_kubernetes_executor.py
[2025-12-08T07:56:04.186+0000] {processor.py:914} INFO - Processing file /home/airflow/.local/lib/python3.12/site-packages/airflow/example_dags/example_local_kubernetes_executor.py for tasks to queue
[2025-12-08T07:56:04.190+0000] {logging_mixin.py:190} INFO - [2025-12-08T07:56:04.190+0000] {dagbag.py:587} INFO - Filling up the DagBag from /home/airflow/.local/lib/python3.12/site-packages/airflow/example_dags/example_local_kubernetes_executor.py
[2025-12-08T07:56:04.206+0000] {processor.py:925} INFO - DAG(s) 'example_local_kubernetes_executor' retrieved from /home/airflow/.local/lib/python3.12/site-packages/airflow/example_dags/example_local_kubernetes_executor.py
[2025-12-08T07:56:04.252+0000] {logging_mixin.py:190} INFO - [2025-12-08T07:56:04.252+0000] {dag.py:3211} INFO - Sync 1 DAGs
[2025-12-08T07:56:04.270+0000] {logging_mixin.py:190} INFO - [2025-12-08T07:56:04.270+0000] {dag.py:4138} INFO - Setting next_dagrun for example_local_kubernetes_executor to None, run_after=None
[2025-12-08T07:56:04.304+0000] {processor.py:208} INFO - Processing /home/airflow/.local/lib/python3.12/site-packages/airflow/example_dags/example_local_kubernetes_executor.py took 0.128 seconds
[2025-12-08T07:56:34.600+0000] {processor.py:186} INFO - Started process (PID=3799) to work on /home/airflow/.local/lib/python3.12/site-packages/airflow/example_dags/example_local_kubernetes_executor.py
[2025-12-08T07:56:34.602+0000] {processor.py:914} INFO - Processing file /home/airflow/.local/lib/python3.12/site-packages/airflow/example_dags/example_local_kubernetes_executor.py for tasks to queue
[2025-12-08T07:56:34.607+0000] {logging_mixin.py:190} INFO - [2025-12-08T07:56:34.606+0000] {dagbag.py:587} INFO - Filling up the DagBag from /home/airflow/.local/lib/python3.12/site-packages/airflow/example_dags/example_local_kubernetes_executor.py
[2025-12-08T07:56:34.626+0000] {processor.py:925} INFO - DAG(s) 'example_local_kubernetes_executor' retrieved from /home/airflow/.local/lib/python3.12/site-packages/airflow/example_dags/example_local_kubernetes_executor.py
[2025-12-08T07:56:34.687+0000] {logging_mixin.py:190} INFO - [2025-12-08T07:56:34.687+0000] {dag.py:3211} INFO - Sync 1 DAGs
[2025-12-08T07:56:34.708+0000] {logging_mixin.py:190} INFO - [2025-12-08T07:56:34.708+0000] {dag.py:4138} INFO - Setting next_dagrun for example_local_kubernetes_executor to None, run_after=None
[2025-12-08T07:56:34.740+0000] {processor.py:208} INFO - Processing /home/airflow/.local/lib/python3.12/site-packages/airflow/example_dags/example_local_kubernetes_executor.py took 0.149 seconds
[2025-12-08T07:57:05.047+0000] {processor.py:186} INFO - Started process (PID=3861) to work on /home/airflow/.local/lib/python3.12/site-packages/airflow/example_dags/example_local_kubernetes_executor.py
[2025-12-08T07:57:05.049+0000] {processor.py:914} INFO - Processing file /home/airflow/.local/lib/python3.12/site-packages/airflow/example_dags/example_local_kubernetes_executor.py for tasks to queue
[2025-12-08T07:57:05.053+0000] {logging_mixin.py:190} INFO - [2025-12-08T07:57:05.052+0000] {dagbag.py:587} INFO - Filling up the DagBag from /home/airflow/.local/lib/python3.12/site-packages/airflow/example_dags/example_local_kubernetes_executor.py
[2025-12-08T07:57:05.068+0000] {processor.py:925} INFO - DAG(s) 'example_local_kubernetes_executor' retrieved from /home/airflow/.local/lib/python3.12/site-packages/airflow/example_dags/example_local_kubernetes_executor.py
[2025-12-08T07:57:05.132+0000] {logging_mixin.py:190} INFO - [2025-12-08T07:57:05.132+0000] {dag.py:3211} INFO - Sync 1 DAGs
[2025-12-08T07:57:05.159+0000] {logging_mixin.py:190} INFO - [2025-12-08T07:57:05.158+0000] {dag.py:4138} INFO - Setting next_dagrun for example_local_kubernetes_executor to None, run_after=None
[2025-12-08T07:57:05.195+0000] {processor.py:208} INFO - Processing /home/airflow/.local/lib/python3.12/site-packages/airflow/example_dags/example_local_kubernetes_executor.py took 0.156 seconds
[2025-12-08T07:57:35.539+0000] {processor.py:186} INFO - Started process (PID=3925) to work on /home/airflow/.local/lib/python3.12/site-packages/airflow/example_dags/example_local_kubernetes_executor.py
[2025-12-08T07:57:35.541+0000] {processor.py:914} INFO - Processing file /home/airflow/.local/lib/python3.12/site-packages/airflow/example_dags/example_local_kubernetes_executor.py for tasks to queue
[2025-12-08T07:57:35.546+0000] {logging_mixin.py:190} INFO - [2025-12-08T07:57:35.545+0000] {dagbag.py:587} INFO - Filling up the DagBag from /home/airflow/.local/lib/python3.12/site-packages/airflow/example_dags/example_local_kubernetes_executor.py
[2025-12-08T07:57:35.566+0000] {processor.py:925} INFO - DAG(s) 'example_local_kubernetes_executor' retrieved from /home/airflow/.local/lib/python3.12/site-packages/airflow/example_dags/example_local_kubernetes_executor.py
[2025-12-08T07:57:35.618+0000] {logging_mixin.py:190} INFO - [2025-12-08T07:57:35.618+0000] {dag.py:3211} INFO - Sync 1 DAGs
[2025-12-08T07:57:35.637+0000] {logging_mixin.py:190} INFO - [2025-12-08T07:57:35.637+0000] {dag.py:4138} INFO - Setting next_dagrun for example_local_kubernetes_executor to None, run_after=None
[2025-12-08T07:57:35.668+0000] {processor.py:208} INFO - Processing /home/airflow/.local/lib/python3.12/site-packages/airflow/example_dags/example_local_kubernetes_executor.py took 0.141 seconds
[2025-12-08T07:58:05.933+0000] {processor.py:186} INFO - Started process (PID=3988) to work on /home/airflow/.local/lib/python3.12/site-packages/airflow/example_dags/example_local_kubernetes_executor.py
[2025-12-08T07:58:05.936+0000] {processor.py:914} INFO - Processing file /home/airflow/.local/lib/python3.12/site-packages/airflow/example_dags/example_local_kubernetes_executor.py for tasks to queue
[2025-12-08T07:58:05.941+0000] {logging_mixin.py:190} INFO - [2025-12-08T07:58:05.941+0000] {dagbag.py:587} INFO - Filling up the DagBag from /home/airflow/.local/lib/python3.12/site-packages/airflow/example_dags/example_local_kubernetes_executor.py
[2025-12-08T07:58:05.959+0000] {processor.py:925} INFO - DAG(s) 'example_local_kubernetes_executor' retrieved from /home/airflow/.local/lib/python3.12/site-packages/airflow/example_dags/example_local_kubernetes_executor.py
[2025-12-08T07:58:06.052+0000] {logging_mixin.py:190} INFO - [2025-12-08T07:58:06.051+0000] {dag.py:3211} INFO - Sync 1 DAGs
[2025-12-08T07:58:06.079+0000] {logging_mixin.py:190} INFO - [2025-12-08T07:58:06.079+0000] {dag.py:4138} INFO - Setting next_dagrun for example_local_kubernetes_executor to None, run_after=None
[2025-12-08T07:58:06.124+0000] {processor.py:208} INFO - Processing /home/airflow/.local/lib/python3.12/site-packages/airflow/example_dags/example_local_kubernetes_executor.py took 0.203 seconds
[2025-12-08T07:58:36.948+0000] {processor.py:186} INFO - Started process (PID=4052) to work on /home/airflow/.local/lib/python3.12/site-packages/airflow/example_dags/example_local_kubernetes_executor.py
[2025-12-08T07:58:36.949+0000] {processor.py:914} INFO - Processing file /home/airflow/.local/lib/python3.12/site-packages/airflow/example_dags/example_local_kubernetes_executor.py for tasks to queue
[2025-12-08T07:58:36.953+0000] {logging_mixin.py:190} INFO - [2025-12-08T07:58:36.953+0000] {dagbag.py:587} INFO - Filling up the DagBag from /home/airflow/.local/lib/python3.12/site-packages/airflow/example_dags/example_local_kubernetes_executor.py
[2025-12-08T07:58:36.965+0000] {processor.py:925} INFO - DAG(s) 'example_local_kubernetes_executor' retrieved from /home/airflow/.local/lib/python3.12/site-packages/airflow/example_dags/example_local_kubernetes_executor.py
[2025-12-08T07:58:37.006+0000] {logging_mixin.py:190} INFO - [2025-12-08T07:58:37.006+0000] {dag.py:3211} INFO - Sync 1 DAGs
[2025-12-08T07:58:37.023+0000] {logging_mixin.py:190} INFO - [2025-12-08T07:58:37.022+0000] {dag.py:4138} INFO - Setting next_dagrun for example_local_kubernetes_executor to None, run_after=None
[2025-12-08T07:58:37.046+0000] {processor.py:208} INFO - Processing /home/airflow/.local/lib/python3.12/site-packages/airflow/example_dags/example_local_kubernetes_executor.py took 0.105 seconds
[2025-12-08T07:59:07.282+0000] {processor.py:186} INFO - Started process (PID=4115) to work on /home/airflow/.local/lib/python3.12/site-packages/airflow/example_dags/example_local_kubernetes_executor.py
[2025-12-08T07:59:07.284+0000] {processor.py:914} INFO - Processing file /home/airflow/.local/lib/python3.12/site-packages/airflow/example_dags/example_local_kubernetes_executor.py for tasks to queue
[2025-12-08T07:59:07.288+0000] {logging_mixin.py:190} INFO - [2025-12-08T07:59:07.288+0000] {dagbag.py:587} INFO - Filling up the DagBag from /home/airflow/.local/lib/python3.12/site-packages/airflow/example_dags/example_local_kubernetes_executor.py
[2025-12-08T07:59:07.299+0000] {processor.py:925} INFO - DAG(s) 'example_local_kubernetes_executor' retrieved from /home/airflow/.local/lib/python3.12/site-packages/airflow/example_dags/example_local_kubernetes_executor.py
[2025-12-08T07:59:07.352+0000] {logging_mixin.py:190} INFO - [2025-12-08T07:59:07.352+0000] {dag.py:3211} INFO - Sync 1 DAGs
[2025-12-08T07:59:07.367+0000] {logging_mixin.py:190} INFO - [2025-12-08T07:59:07.367+0000] {dag.py:4138} INFO - Setting next_dagrun for example_local_kubernetes_executor to None, run_after=None
[2025-12-08T07:59:07.391+0000] {processor.py:208} INFO - Processing /home/airflow/.local/lib/python3.12/site-packages/airflow/example_dags/example_local_kubernetes_executor.py took 0.114 seconds
[2025-12-08T07:59:37.804+0000] {processor.py:186} INFO - Started process (PID=4178) to work on /home/airflow/.local/lib/python3.12/site-packages/airflow/example_dags/example_local_kubernetes_executor.py
[2025-12-08T07:59:37.806+0000] {processor.py:914} INFO - Processing file /home/airflow/.local/lib/python3.12/site-packages/airflow/example_dags/example_local_kubernetes_executor.py for tasks to queue
[2025-12-08T07:59:37.809+0000] {logging_mixin.py:190} INFO - [2025-12-08T07:59:37.809+0000] {dagbag.py:587} INFO - Filling up the DagBag from /home/airflow/.local/lib/python3.12/site-packages/airflow/example_dags/example_local_kubernetes_executor.py
[2025-12-08T07:59:37.823+0000] {processor.py:925} INFO - DAG(s) 'example_local_kubernetes_executor' retrieved from /home/airflow/.local/lib/python3.12/site-packages/airflow/example_dags/example_local_kubernetes_executor.py
[2025-12-08T07:59:37.870+0000] {logging_mixin.py:190} INFO - [2025-12-08T07:59:37.870+0000] {dag.py:3211} INFO - Sync 1 DAGs
[2025-12-08T07:59:37.886+0000] {logging_mixin.py:190} INFO - [2025-12-08T07:59:37.886+0000] {dag.py:4138} INFO - Setting next_dagrun for example_local_kubernetes_executor to None, run_after=None
[2025-12-08T07:59:37.911+0000] {processor.py:208} INFO - Processing /home/airflow/.local/lib/python3.12/site-packages/airflow/example_dags/example_local_kubernetes_executor.py took 0.114 seconds
[2025-12-08T08:00:08.189+0000] {processor.py:186} INFO - Started process (PID=4241) to work on /home/airflow/.local/lib/python3.12/site-packages/airflow/example_dags/example_local_kubernetes_executor.py
[2025-12-08T08:00:08.190+0000] {processor.py:914} INFO - Processing file /home/airflow/.local/lib/python3.12/site-packages/airflow/example_dags/example_local_kubernetes_executor.py for tasks to queue
[2025-12-08T08:00:08.193+0000] {logging_mixin.py:190} INFO - [2025-12-08T08:00:08.193+0000] {dagbag.py:587} INFO - Filling up the DagBag from /home/airflow/.local/lib/python3.12/site-packages/airflow/example_dags/example_local_kubernetes_executor.py
[2025-12-08T08:00:08.204+0000] {processor.py:925} INFO - DAG(s) 'example_local_kubernetes_executor' retrieved from /home/airflow/.local/lib/python3.12/site-packages/airflow/example_dags/example_local_kubernetes_executor.py
[2025-12-08T08:00:08.248+0000] {logging_mixin.py:190} INFO - [2025-12-08T08:00:08.248+0000] {dag.py:3211} INFO - Sync 1 DAGs
[2025-12-08T08:00:08.264+0000] {logging_mixin.py:190} INFO - [2025-12-08T08:00:08.264+0000] {dag.py:4138} INFO - Setting next_dagrun for example_local_kubernetes_executor to None, run_after=None
[2025-12-08T08:00:08.285+0000] {processor.py:208} INFO - Processing /home/airflow/.local/lib/python3.12/site-packages/airflow/example_dags/example_local_kubernetes_executor.py took 0.102 seconds
[2025-12-08T08:00:38.439+0000] {processor.py:186} INFO - Started process (PID=4304) to work on /home/airflow/.local/lib/python3.12/site-packages/airflow/example_dags/example_local_kubernetes_executor.py
[2025-12-08T08:00:38.441+0000] {processor.py:914} INFO - Processing file /home/airflow/.local/lib/python3.12/site-packages/airflow/example_dags/example_local_kubernetes_executor.py for tasks to queue
[2025-12-08T08:00:38.443+0000] {logging_mixin.py:190} INFO - [2025-12-08T08:00:38.443+0000] {dagbag.py:587} INFO - Filling up the DagBag from /home/airflow/.local/lib/python3.12/site-packages/airflow/example_dags/example_local_kubernetes_executor.py
[2025-12-08T08:00:38.455+0000] {processor.py:925} INFO - DAG(s) 'example_local_kubernetes_executor' retrieved from /home/airflow/.local/lib/python3.12/site-packages/airflow/example_dags/example_local_kubernetes_executor.py
[2025-12-08T08:00:38.498+0000] {logging_mixin.py:190} INFO - [2025-12-08T08:00:38.498+0000] {dag.py:3211} INFO - Sync 1 DAGs
[2025-12-08T08:00:38.515+0000] {logging_mixin.py:190} INFO - [2025-12-08T08:00:38.515+0000] {dag.py:4138} INFO - Setting next_dagrun for example_local_kubernetes_executor to None, run_after=None
[2025-12-08T08:00:38.543+0000] {processor.py:208} INFO - Processing /home/airflow/.local/lib/python3.12/site-packages/airflow/example_dags/example_local_kubernetes_executor.py took 0.110 seconds
[2025-12-08T08:01:08.591+0000] {processor.py:186} INFO - Started process (PID=4366) to work on /home/airflow/.local/lib/python3.12/site-packages/airflow/example_dags/example_local_kubernetes_executor.py
[2025-12-08T08:01:08.593+0000] {processor.py:914} INFO - Processing file /home/airflow/.local/lib/python3.12/site-packages/airflow/example_dags/example_local_kubernetes_executor.py for tasks to queue
[2025-12-08T08:01:08.596+0000] {logging_mixin.py:190} INFO - [2025-12-08T08:01:08.596+0000] {dagbag.py:587} INFO - Filling up the DagBag from /home/airflow/.local/lib/python3.12/site-packages/airflow/example_dags/example_local_kubernetes_executor.py
[2025-12-08T08:01:08.608+0000] {processor.py:925} INFO - DAG(s) 'example_local_kubernetes_executor' retrieved from /home/airflow/.local/lib/python3.12/site-packages/airflow/example_dags/example_local_kubernetes_executor.py
[2025-12-08T08:01:08.651+0000] {logging_mixin.py:190} INFO - [2025-12-08T08:01:08.651+0000] {dag.py:3211} INFO - Sync 1 DAGs
[2025-12-08T08:01:08.669+0000] {logging_mixin.py:190} INFO - [2025-12-08T08:01:08.669+0000] {dag.py:4138} INFO - Setting next_dagrun for example_local_kubernetes_executor to None, run_after=None
[2025-12-08T08:01:08.694+0000] {processor.py:208} INFO - Processing /home/airflow/.local/lib/python3.12/site-packages/airflow/example_dags/example_local_kubernetes_executor.py took 0.109 seconds
[2025-12-08T08:01:39.333+0000] {processor.py:186} INFO - Started process (PID=4430) to work on /home/airflow/.local/lib/python3.12/site-packages/airflow/example_dags/example_local_kubernetes_executor.py
[2025-12-08T08:01:39.335+0000] {processor.py:914} INFO - Processing file /home/airflow/.local/lib/python3.12/site-packages/airflow/example_dags/example_local_kubernetes_executor.py for tasks to queue
[2025-12-08T08:01:39.339+0000] {logging_mixin.py:190} INFO - [2025-12-08T08:01:39.338+0000] {dagbag.py:587} INFO - Filling up the DagBag from /home/airflow/.local/lib/python3.12/site-packages/airflow/example_dags/example_local_kubernetes_executor.py
[2025-12-08T08:01:39.352+0000] {processor.py:925} INFO - DAG(s) 'example_local_kubernetes_executor' retrieved from /home/airflow/.local/lib/python3.12/site-packages/airflow/example_dags/example_local_kubernetes_executor.py
[2025-12-08T08:01:39.398+0000] {logging_mixin.py:190} INFO - [2025-12-08T08:01:39.398+0000] {dag.py:3211} INFO - Sync 1 DAGs
[2025-12-08T08:01:39.413+0000] {logging_mixin.py:190} INFO - [2025-12-08T08:01:39.412+0000] {dag.py:4138} INFO - Setting next_dagrun for example_local_kubernetes_executor to None, run_after=None
[2025-12-08T08:01:39.433+0000] {processor.py:208} INFO - Processing /home/airflow/.local/lib/python3.12/site-packages/airflow/example_dags/example_local_kubernetes_executor.py took 0.106 seconds
[2025-12-08T08:02:09.662+0000] {processor.py:186} INFO - Started process (PID=4493) to work on /home/airflow/.local/lib/python3.12/site-packages/airflow/example_dags/example_local_kubernetes_executor.py
[2025-12-08T08:02:09.664+0000] {processor.py:914} INFO - Processing file /home/airflow/.local/lib/python3.12/site-packages/airflow/example_dags/example_local_kubernetes_executor.py for tasks to queue
[2025-12-08T08:02:09.667+0000] {logging_mixin.py:190} INFO - [2025-12-08T08:02:09.667+0000] {dagbag.py:587} INFO - Filling up the DagBag from /home/airflow/.local/lib/python3.12/site-packages/airflow/example_dags/example_local_kubernetes_executor.py
[2025-12-08T08:02:09.679+0000] {processor.py:925} INFO - DAG(s) 'example_local_kubernetes_executor' retrieved from /home/airflow/.local/lib/python3.12/site-packages/airflow/example_dags/example_local_kubernetes_executor.py
[2025-12-08T08:02:09.723+0000] {logging_mixin.py:190} INFO - [2025-12-08T08:02:09.723+0000] {dag.py:3211} INFO - Sync 1 DAGs
[2025-12-08T08:02:09.738+0000] {logging_mixin.py:190} INFO - [2025-12-08T08:02:09.738+0000] {dag.py:4138} INFO - Setting next_dagrun for example_local_kubernetes_executor to None, run_after=None
[2025-12-08T08:02:09.760+0000] {processor.py:208} INFO - Processing /home/airflow/.local/lib/python3.12/site-packages/airflow/example_dags/example_local_kubernetes_executor.py took 0.105 seconds
[2025-12-08T08:02:40.120+0000] {processor.py:186} INFO - Started process (PID=4556) to work on /home/airflow/.local/lib/python3.12/site-packages/airflow/example_dags/example_local_kubernetes_executor.py
[2025-12-08T08:02:40.122+0000] {processor.py:914} INFO - Processing file /home/airflow/.local/lib/python3.12/site-packages/airflow/example_dags/example_local_kubernetes_executor.py for tasks to queue
[2025-12-08T08:02:40.125+0000] {logging_mixin.py:190} INFO - [2025-12-08T08:02:40.125+0000] {dagbag.py:587} INFO - Filling up the DagBag from /home/airflow/.local/lib/python3.12/site-packages/airflow/example_dags/example_local_kubernetes_executor.py
[2025-12-08T08:02:40.138+0000] {processor.py:925} INFO - DAG(s) 'example_local_kubernetes_executor' retrieved from /home/airflow/.local/lib/python3.12/site-packages/airflow/example_dags/example_local_kubernetes_executor.py
[2025-12-08T08:02:40.188+0000] {logging_mixin.py:190} INFO - [2025-12-08T08:02:40.188+0000] {dag.py:3211} INFO - Sync 1 DAGs
[2025-12-08T08:02:40.203+0000] {logging_mixin.py:190} INFO - [2025-12-08T08:02:40.203+0000] {dag.py:4138} INFO - Setting next_dagrun for example_local_kubernetes_executor to None, run_after=None
[2025-12-08T08:02:40.230+0000] {processor.py:208} INFO - Processing /home/airflow/.local/lib/python3.12/site-packages/airflow/example_dags/example_local_kubernetes_executor.py took 0.116 seconds
[2025-12-08T08:03:11.069+0000] {processor.py:186} INFO - Started process (PID=4619) to work on /home/airflow/.local/lib/python3.12/site-packages/airflow/example_dags/example_local_kubernetes_executor.py
[2025-12-08T08:03:11.071+0000] {processor.py:914} INFO - Processing file /home/airflow/.local/lib/python3.12/site-packages/airflow/example_dags/example_local_kubernetes_executor.py for tasks to queue
[2025-12-08T08:03:11.075+0000] {logging_mixin.py:190} INFO - [2025-12-08T08:03:11.075+0000] {dagbag.py:587} INFO - Filling up the DagBag from /home/airflow/.local/lib/python3.12/site-packages/airflow/example_dags/example_local_kubernetes_executor.py
[2025-12-08T08:03:11.097+0000] {processor.py:925} INFO - DAG(s) 'example_local_kubernetes_executor' retrieved from /home/airflow/.local/lib/python3.12/site-packages/airflow/example_dags/example_local_kubernetes_executor.py
[2025-12-08T08:03:11.200+0000] {logging_mixin.py:190} INFO - [2025-12-08T08:03:11.200+0000] {dag.py:3211} INFO - Sync 1 DAGs
[2025-12-08T08:03:11.232+0000] {logging_mixin.py:190} INFO - [2025-12-08T08:03:11.232+0000] {dag.py:4138} INFO - Setting next_dagrun for example_local_kubernetes_executor to None, run_after=None
[2025-12-08T08:03:11.282+0000] {processor.py:208} INFO - Processing /home/airflow/.local/lib/python3.12/site-packages/airflow/example_dags/example_local_kubernetes_executor.py took 0.220 seconds
[2025-12-08T08:03:42.163+0000] {processor.py:186} INFO - Started process (PID=4682) to work on /home/airflow/.local/lib/python3.12/site-packages/airflow/example_dags/example_local_kubernetes_executor.py
[2025-12-08T08:03:42.164+0000] {processor.py:914} INFO - Processing file /home/airflow/.local/lib/python3.12/site-packages/airflow/example_dags/example_local_kubernetes_executor.py for tasks to queue
[2025-12-08T08:03:42.168+0000] {logging_mixin.py:190} INFO - [2025-12-08T08:03:42.168+0000] {dagbag.py:587} INFO - Filling up the DagBag from /home/airflow/.local/lib/python3.12/site-packages/airflow/example_dags/example_local_kubernetes_executor.py
[2025-12-08T08:03:42.182+0000] {processor.py:925} INFO - DAG(s) 'example_local_kubernetes_executor' retrieved from /home/airflow/.local/lib/python3.12/site-packages/airflow/example_dags/example_local_kubernetes_executor.py
[2025-12-08T08:03:42.226+0000] {logging_mixin.py:190} INFO - [2025-12-08T08:03:42.226+0000] {dag.py:3211} INFO - Sync 1 DAGs
[2025-12-08T08:03:42.243+0000] {logging_mixin.py:190} INFO - [2025-12-08T08:03:42.243+0000] {dag.py:4138} INFO - Setting next_dagrun for example_local_kubernetes_executor to None, run_after=None
[2025-12-08T08:03:42.266+0000] {processor.py:208} INFO - Processing /home/airflow/.local/lib/python3.12/site-packages/airflow/example_dags/example_local_kubernetes_executor.py took 0.112 seconds
[2025-12-08T08:04:13.212+0000] {processor.py:186} INFO - Started process (PID=4745) to work on /home/airflow/.local/lib/python3.12/site-packages/airflow/example_dags/example_local_kubernetes_executor.py
[2025-12-08T08:04:13.215+0000] {processor.py:914} INFO - Processing file /home/airflow/.local/lib/python3.12/site-packages/airflow/example_dags/example_local_kubernetes_executor.py for tasks to queue
[2025-12-08T08:04:13.224+0000] {logging_mixin.py:190} INFO - [2025-12-08T08:04:13.223+0000] {dagbag.py:587} INFO - Filling up the DagBag from /home/airflow/.local/lib/python3.12/site-packages/airflow/example_dags/example_local_kubernetes_executor.py
[2025-12-08T08:04:13.245+0000] {processor.py:925} INFO - DAG(s) 'example_local_kubernetes_executor' retrieved from /home/airflow/.local/lib/python3.12/site-packages/airflow/example_dags/example_local_kubernetes_executor.py
[2025-12-08T08:04:13.354+0000] {logging_mixin.py:190} INFO - [2025-12-08T08:04:13.353+0000] {dag.py:3211} INFO - Sync 1 DAGs
[2025-12-08T08:04:13.392+0000] {logging_mixin.py:190} INFO - [2025-12-08T08:04:13.392+0000] {dag.py:4138} INFO - Setting next_dagrun for example_local_kubernetes_executor to None, run_after=None
[2025-12-08T08:04:13.443+0000] {processor.py:208} INFO - Processing /home/airflow/.local/lib/python3.12/site-packages/airflow/example_dags/example_local_kubernetes_executor.py took 0.245 seconds
[2025-12-08T08:04:44.171+0000] {processor.py:186} INFO - Started process (PID=4808) to work on /home/airflow/.local/lib/python3.12/site-packages/airflow/example_dags/example_local_kubernetes_executor.py
[2025-12-08T08:04:44.172+0000] {processor.py:914} INFO - Processing file /home/airflow/.local/lib/python3.12/site-packages/airflow/example_dags/example_local_kubernetes_executor.py for tasks to queue
[2025-12-08T08:04:44.176+0000] {logging_mixin.py:190} INFO - [2025-12-08T08:04:44.175+0000] {dagbag.py:587} INFO - Filling up the DagBag from /home/airflow/.local/lib/python3.12/site-packages/airflow/example_dags/example_local_kubernetes_executor.py
[2025-12-08T08:04:44.187+0000] {processor.py:925} INFO - DAG(s) 'example_local_kubernetes_executor' retrieved from /home/airflow/.local/lib/python3.12/site-packages/airflow/example_dags/example_local_kubernetes_executor.py
[2025-12-08T08:04:44.240+0000] {logging_mixin.py:190} INFO - [2025-12-08T08:04:44.240+0000] {dag.py:3211} INFO - Sync 1 DAGs
[2025-12-08T08:04:44.260+0000] {logging_mixin.py:190} INFO - [2025-12-08T08:04:44.260+0000] {dag.py:4138} INFO - Setting next_dagrun for example_local_kubernetes_executor to None, run_after=None
[2025-12-08T08:04:44.290+0000] {processor.py:208} INFO - Processing /home/airflow/.local/lib/python3.12/site-packages/airflow/example_dags/example_local_kubernetes_executor.py took 0.130 seconds
[2025-12-08T08:05:14.579+0000] {processor.py:186} INFO - Started process (PID=4871) to work on /home/airflow/.local/lib/python3.12/site-packages/airflow/example_dags/example_local_kubernetes_executor.py
[2025-12-08T08:05:14.580+0000] {processor.py:914} INFO - Processing file /home/airflow/.local/lib/python3.12/site-packages/airflow/example_dags/example_local_kubernetes_executor.py for tasks to queue
[2025-12-08T08:05:14.584+0000] {logging_mixin.py:190} INFO - [2025-12-08T08:05:14.584+0000] {dagbag.py:587} INFO - Filling up the DagBag from /home/airflow/.local/lib/python3.12/site-packages/airflow/example_dags/example_local_kubernetes_executor.py
[2025-12-08T08:05:14.598+0000] {processor.py:925} INFO - DAG(s) 'example_local_kubernetes_executor' retrieved from /home/airflow/.local/lib/python3.12/site-packages/airflow/example_dags/example_local_kubernetes_executor.py
[2025-12-08T08:05:14.650+0000] {logging_mixin.py:190} INFO - [2025-12-08T08:05:14.650+0000] {dag.py:3211} INFO - Sync 1 DAGs
[2025-12-08T08:05:14.671+0000] {logging_mixin.py:190} INFO - [2025-12-08T08:05:14.670+0000] {dag.py:4138} INFO - Setting next_dagrun for example_local_kubernetes_executor to None, run_after=None
[2025-12-08T08:05:14.700+0000] {processor.py:208} INFO - Processing /home/airflow/.local/lib/python3.12/site-packages/airflow/example_dags/example_local_kubernetes_executor.py took 0.128 seconds
[2025-12-08T08:05:45.388+0000] {processor.py:186} INFO - Started process (PID=4934) to work on /home/airflow/.local/lib/python3.12/site-packages/airflow/example_dags/example_local_kubernetes_executor.py
[2025-12-08T08:05:45.389+0000] {processor.py:914} INFO - Processing file /home/airflow/.local/lib/python3.12/site-packages/airflow/example_dags/example_local_kubernetes_executor.py for tasks to queue
[2025-12-08T08:05:45.394+0000] {logging_mixin.py:190} INFO - [2025-12-08T08:05:45.393+0000] {dagbag.py:587} INFO - Filling up the DagBag from /home/airflow/.local/lib/python3.12/site-packages/airflow/example_dags/example_local_kubernetes_executor.py
[2025-12-08T08:05:45.411+0000] {processor.py:925} INFO - DAG(s) 'example_local_kubernetes_executor' retrieved from /home/airflow/.local/lib/python3.12/site-packages/airflow/example_dags/example_local_kubernetes_executor.py
[2025-12-08T08:05:45.479+0000] {logging_mixin.py:190} INFO - [2025-12-08T08:05:45.479+0000] {dag.py:3211} INFO - Sync 1 DAGs
[2025-12-08T08:05:45.506+0000] {logging_mixin.py:190} INFO - [2025-12-08T08:05:45.505+0000] {dag.py:4138} INFO - Setting next_dagrun for example_local_kubernetes_executor to None, run_after=None
[2025-12-08T08:05:45.533+0000] {processor.py:208} INFO - Processing /home/airflow/.local/lib/python3.12/site-packages/airflow/example_dags/example_local_kubernetes_executor.py took 0.152 seconds
[2025-12-08T08:06:16.412+0000] {processor.py:186} INFO - Started process (PID=4997) to work on /home/airflow/.local/lib/python3.12/site-packages/airflow/example_dags/example_local_kubernetes_executor.py
[2025-12-08T08:06:16.415+0000] {processor.py:914} INFO - Processing file /home/airflow/.local/lib/python3.12/site-packages/airflow/example_dags/example_local_kubernetes_executor.py for tasks to queue
[2025-12-08T08:06:16.425+0000] {logging_mixin.py:190} INFO - [2025-12-08T08:06:16.424+0000] {dagbag.py:587} INFO - Filling up the DagBag from /home/airflow/.local/lib/python3.12/site-packages/airflow/example_dags/example_local_kubernetes_executor.py
[2025-12-08T08:06:16.467+0000] {processor.py:925} INFO - DAG(s) 'example_local_kubernetes_executor' retrieved from /home/airflow/.local/lib/python3.12/site-packages/airflow/example_dags/example_local_kubernetes_executor.py
[2025-12-08T08:06:16.585+0000] {logging_mixin.py:190} INFO - [2025-12-08T08:06:16.584+0000] {dag.py:3211} INFO - Sync 1 DAGs
[2025-12-08T08:06:16.628+0000] {logging_mixin.py:190} INFO - [2025-12-08T08:06:16.627+0000] {dag.py:4138} INFO - Setting next_dagrun for example_local_kubernetes_executor to None, run_after=None
[2025-12-08T08:06:16.690+0000] {processor.py:208} INFO - Processing /home/airflow/.local/lib/python3.12/site-packages/airflow/example_dags/example_local_kubernetes_executor.py took 0.304 seconds
[2025-12-08T08:06:47.236+0000] {processor.py:186} INFO - Started process (PID=5066) to work on /home/airflow/.local/lib/python3.12/site-packages/airflow/example_dags/example_local_kubernetes_executor.py
[2025-12-08T08:06:47.238+0000] {processor.py:914} INFO - Processing file /home/airflow/.local/lib/python3.12/site-packages/airflow/example_dags/example_local_kubernetes_executor.py for tasks to queue
[2025-12-08T08:06:47.245+0000] {logging_mixin.py:190} INFO - [2025-12-08T08:06:47.244+0000] {dagbag.py:587} INFO - Filling up the DagBag from /home/airflow/.local/lib/python3.12/site-packages/airflow/example_dags/example_local_kubernetes_executor.py
[2025-12-08T08:06:47.268+0000] {processor.py:925} INFO - DAG(s) 'example_local_kubernetes_executor' retrieved from /home/airflow/.local/lib/python3.12/site-packages/airflow/example_dags/example_local_kubernetes_executor.py
[2025-12-08T08:06:47.344+0000] {logging_mixin.py:190} INFO - [2025-12-08T08:06:47.343+0000] {dag.py:3211} INFO - Sync 1 DAGs
[2025-12-08T08:06:47.373+0000] {logging_mixin.py:190} INFO - [2025-12-08T08:06:47.373+0000] {dag.py:4138} INFO - Setting next_dagrun for example_local_kubernetes_executor to None, run_after=None
[2025-12-08T08:06:47.412+0000] {processor.py:208} INFO - Processing /home/airflow/.local/lib/python3.12/site-packages/airflow/example_dags/example_local_kubernetes_executor.py took 0.186 seconds
[2025-12-08T08:07:18.441+0000] {processor.py:186} INFO - Started process (PID=5129) to work on /home/airflow/.local/lib/python3.12/site-packages/airflow/example_dags/example_local_kubernetes_executor.py
[2025-12-08T08:07:18.443+0000] {processor.py:914} INFO - Processing file /home/airflow/.local/lib/python3.12/site-packages/airflow/example_dags/example_local_kubernetes_executor.py for tasks to queue
[2025-12-08T08:07:18.448+0000] {logging_mixin.py:190} INFO - [2025-12-08T08:07:18.447+0000] {dagbag.py:587} INFO - Filling up the DagBag from /home/airflow/.local/lib/python3.12/site-packages/airflow/example_dags/example_local_kubernetes_executor.py
[2025-12-08T08:07:18.462+0000] {processor.py:925} INFO - DAG(s) 'example_local_kubernetes_executor' retrieved from /home/airflow/.local/lib/python3.12/site-packages/airflow/example_dags/example_local_kubernetes_executor.py
[2025-12-08T08:07:18.518+0000] {logging_mixin.py:190} INFO - [2025-12-08T08:07:18.518+0000] {dag.py:3211} INFO - Sync 1 DAGs
[2025-12-08T08:07:18.536+0000] {logging_mixin.py:190} INFO - [2025-12-08T08:07:18.536+0000] {dag.py:4138} INFO - Setting next_dagrun for example_local_kubernetes_executor to None, run_after=None
[2025-12-08T08:07:18.567+0000] {processor.py:208} INFO - Processing /home/airflow/.local/lib/python3.12/site-packages/airflow/example_dags/example_local_kubernetes_executor.py took 0.137 seconds
[2025-12-08T08:07:48.716+0000] {processor.py:186} INFO - Started process (PID=5193) to work on /home/airflow/.local/lib/python3.12/site-packages/airflow/example_dags/example_local_kubernetes_executor.py
[2025-12-08T08:07:48.718+0000] {processor.py:914} INFO - Processing file /home/airflow/.local/lib/python3.12/site-packages/airflow/example_dags/example_local_kubernetes_executor.py for tasks to queue
[2025-12-08T08:07:48.723+0000] {logging_mixin.py:190} INFO - [2025-12-08T08:07:48.722+0000] {dagbag.py:587} INFO - Filling up the DagBag from /home/airflow/.local/lib/python3.12/site-packages/airflow/example_dags/example_local_kubernetes_executor.py
[2025-12-08T08:07:48.737+0000] {processor.py:925} INFO - DAG(s) 'example_local_kubernetes_executor' retrieved from /home/airflow/.local/lib/python3.12/site-packages/airflow/example_dags/example_local_kubernetes_executor.py
[2025-12-08T08:07:48.801+0000] {logging_mixin.py:190} INFO - [2025-12-08T08:07:48.801+0000] {dag.py:3211} INFO - Sync 1 DAGs
[2025-12-08T08:07:48.831+0000] {logging_mixin.py:190} INFO - [2025-12-08T08:07:48.830+0000] {dag.py:4138} INFO - Setting next_dagrun for example_local_kubernetes_executor to None, run_after=None
[2025-12-08T08:07:48.864+0000] {processor.py:208} INFO - Processing /home/airflow/.local/lib/python3.12/site-packages/airflow/example_dags/example_local_kubernetes_executor.py took 0.157 seconds
[2025-12-08T08:08:19.030+0000] {processor.py:186} INFO - Started process (PID=5255) to work on /home/airflow/.local/lib/python3.12/site-packages/airflow/example_dags/example_local_kubernetes_executor.py
[2025-12-08T08:08:19.031+0000] {processor.py:914} INFO - Processing file /home/airflow/.local/lib/python3.12/site-packages/airflow/example_dags/example_local_kubernetes_executor.py for tasks to queue
[2025-12-08T08:08:19.035+0000] {logging_mixin.py:190} INFO - [2025-12-08T08:08:19.034+0000] {dagbag.py:587} INFO - Filling up the DagBag from /home/airflow/.local/lib/python3.12/site-packages/airflow/example_dags/example_local_kubernetes_executor.py
[2025-12-08T08:08:19.050+0000] {processor.py:925} INFO - DAG(s) 'example_local_kubernetes_executor' retrieved from /home/airflow/.local/lib/python3.12/site-packages/airflow/example_dags/example_local_kubernetes_executor.py
[2025-12-08T08:08:19.097+0000] {logging_mixin.py:190} INFO - [2025-12-08T08:08:19.097+0000] {dag.py:3211} INFO - Sync 1 DAGs
[2025-12-08T08:08:19.112+0000] {logging_mixin.py:190} INFO - [2025-12-08T08:08:19.112+0000] {dag.py:4138} INFO - Setting next_dagrun for example_local_kubernetes_executor to None, run_after=None
[2025-12-08T08:08:19.136+0000] {processor.py:208} INFO - Processing /home/airflow/.local/lib/python3.12/site-packages/airflow/example_dags/example_local_kubernetes_executor.py took 0.119 seconds
[2025-12-08T08:08:50.125+0000] {processor.py:186} INFO - Started process (PID=5319) to work on /home/airflow/.local/lib/python3.12/site-packages/airflow/example_dags/example_local_kubernetes_executor.py
[2025-12-08T08:08:50.127+0000] {processor.py:914} INFO - Processing file /home/airflow/.local/lib/python3.12/site-packages/airflow/example_dags/example_local_kubernetes_executor.py for tasks to queue
[2025-12-08T08:08:50.133+0000] {logging_mixin.py:190} INFO - [2025-12-08T08:08:50.133+0000] {dagbag.py:587} INFO - Filling up the DagBag from /home/airflow/.local/lib/python3.12/site-packages/airflow/example_dags/example_local_kubernetes_executor.py
[2025-12-08T08:08:50.148+0000] {processor.py:925} INFO - DAG(s) 'example_local_kubernetes_executor' retrieved from /home/airflow/.local/lib/python3.12/site-packages/airflow/example_dags/example_local_kubernetes_executor.py
[2025-12-08T08:08:50.207+0000] {logging_mixin.py:190} INFO - [2025-12-08T08:08:50.206+0000] {dag.py:3211} INFO - Sync 1 DAGs
[2025-12-08T08:08:50.227+0000] {logging_mixin.py:190} INFO - [2025-12-08T08:08:50.226+0000] {dag.py:4138} INFO - Setting next_dagrun for example_local_kubernetes_executor to None, run_after=None
[2025-12-08T08:08:50.258+0000] {processor.py:208} INFO - Processing /home/airflow/.local/lib/python3.12/site-packages/airflow/example_dags/example_local_kubernetes_executor.py took 0.142 seconds
[2025-12-08T08:09:21.006+0000] {processor.py:186} INFO - Started process (PID=5382) to work on /home/airflow/.local/lib/python3.12/site-packages/airflow/example_dags/example_local_kubernetes_executor.py
[2025-12-08T08:09:21.008+0000] {processor.py:914} INFO - Processing file /home/airflow/.local/lib/python3.12/site-packages/airflow/example_dags/example_local_kubernetes_executor.py for tasks to queue
[2025-12-08T08:09:21.014+0000] {logging_mixin.py:190} INFO - [2025-12-08T08:09:21.013+0000] {dagbag.py:587} INFO - Filling up the DagBag from /home/airflow/.local/lib/python3.12/site-packages/airflow/example_dags/example_local_kubernetes_executor.py
[2025-12-08T08:09:21.031+0000] {processor.py:925} INFO - DAG(s) 'example_local_kubernetes_executor' retrieved from /home/airflow/.local/lib/python3.12/site-packages/airflow/example_dags/example_local_kubernetes_executor.py
[2025-12-08T08:09:21.088+0000] {logging_mixin.py:190} INFO - [2025-12-08T08:09:21.088+0000] {dag.py:3211} INFO - Sync 1 DAGs
[2025-12-08T08:09:21.114+0000] {logging_mixin.py:190} INFO - [2025-12-08T08:09:21.113+0000] {dag.py:4138} INFO - Setting next_dagrun for example_local_kubernetes_executor to None, run_after=None
[2025-12-08T08:09:21.144+0000] {processor.py:208} INFO - Processing /home/airflow/.local/lib/python3.12/site-packages/airflow/example_dags/example_local_kubernetes_executor.py took 0.145 seconds
[2025-12-08T08:09:51.864+0000] {processor.py:186} INFO - Started process (PID=5445) to work on /home/airflow/.local/lib/python3.12/site-packages/airflow/example_dags/example_local_kubernetes_executor.py
[2025-12-08T08:09:51.866+0000] {processor.py:914} INFO - Processing file /home/airflow/.local/lib/python3.12/site-packages/airflow/example_dags/example_local_kubernetes_executor.py for tasks to queue
[2025-12-08T08:09:51.872+0000] {logging_mixin.py:190} INFO - [2025-12-08T08:09:51.872+0000] {dagbag.py:587} INFO - Filling up the DagBag from /home/airflow/.local/lib/python3.12/site-packages/airflow/example_dags/example_local_kubernetes_executor.py
[2025-12-08T08:09:51.897+0000] {processor.py:925} INFO - DAG(s) 'example_local_kubernetes_executor' retrieved from /home/airflow/.local/lib/python3.12/site-packages/airflow/example_dags/example_local_kubernetes_executor.py
[2025-12-08T08:09:51.969+0000] {logging_mixin.py:190} INFO - [2025-12-08T08:09:51.968+0000] {dag.py:3211} INFO - Sync 1 DAGs
[2025-12-08T08:09:52.000+0000] {logging_mixin.py:190} INFO - [2025-12-08T08:09:51.999+0000] {dag.py:4138} INFO - Setting next_dagrun for example_local_kubernetes_executor to None, run_after=None
[2025-12-08T08:09:52.044+0000] {processor.py:208} INFO - Processing /home/airflow/.local/lib/python3.12/site-packages/airflow/example_dags/example_local_kubernetes_executor.py took 0.189 seconds
[2025-12-08T08:10:22.658+0000] {processor.py:186} INFO - Started process (PID=5508) to work on /home/airflow/.local/lib/python3.12/site-packages/airflow/example_dags/example_local_kubernetes_executor.py
[2025-12-08T08:10:22.659+0000] {processor.py:914} INFO - Processing file /home/airflow/.local/lib/python3.12/site-packages/airflow/example_dags/example_local_kubernetes_executor.py for tasks to queue
[2025-12-08T08:10:22.663+0000] {logging_mixin.py:190} INFO - [2025-12-08T08:10:22.663+0000] {dagbag.py:587} INFO - Filling up the DagBag from /home/airflow/.local/lib/python3.12/site-packages/airflow/example_dags/example_local_kubernetes_executor.py
[2025-12-08T08:10:22.673+0000] {processor.py:925} INFO - DAG(s) 'example_local_kubernetes_executor' retrieved from /home/airflow/.local/lib/python3.12/site-packages/airflow/example_dags/example_local_kubernetes_executor.py
[2025-12-08T08:10:22.716+0000] {logging_mixin.py:190} INFO - [2025-12-08T08:10:22.716+0000] {dag.py:3211} INFO - Sync 1 DAGs
[2025-12-08T08:10:22.730+0000] {logging_mixin.py:190} INFO - [2025-12-08T08:10:22.729+0000] {dag.py:4138} INFO - Setting next_dagrun for example_local_kubernetes_executor to None, run_after=None
[2025-12-08T08:10:22.757+0000] {processor.py:208} INFO - Processing /home/airflow/.local/lib/python3.12/site-packages/airflow/example_dags/example_local_kubernetes_executor.py took 0.105 seconds
[2025-12-08T08:10:53.257+0000] {processor.py:186} INFO - Started process (PID=5571) to work on /home/airflow/.local/lib/python3.12/site-packages/airflow/example_dags/example_local_kubernetes_executor.py
[2025-12-08T08:10:53.260+0000] {processor.py:914} INFO - Processing file /home/airflow/.local/lib/python3.12/site-packages/airflow/example_dags/example_local_kubernetes_executor.py for tasks to queue
[2025-12-08T08:10:53.265+0000] {logging_mixin.py:190} INFO - [2025-12-08T08:10:53.264+0000] {dagbag.py:587} INFO - Filling up the DagBag from /home/airflow/.local/lib/python3.12/site-packages/airflow/example_dags/example_local_kubernetes_executor.py
[2025-12-08T08:10:53.276+0000] {processor.py:925} INFO - DAG(s) 'example_local_kubernetes_executor' retrieved from /home/airflow/.local/lib/python3.12/site-packages/airflow/example_dags/example_local_kubernetes_executor.py
[2025-12-08T08:10:53.327+0000] {logging_mixin.py:190} INFO - [2025-12-08T08:10:53.326+0000] {dag.py:3211} INFO - Sync 1 DAGs
[2025-12-08T08:10:53.346+0000] {logging_mixin.py:190} INFO - [2025-12-08T08:10:53.346+0000] {dag.py:4138} INFO - Setting next_dagrun for example_local_kubernetes_executor to None, run_after=None
[2025-12-08T08:10:53.372+0000] {processor.py:208} INFO - Processing /home/airflow/.local/lib/python3.12/site-packages/airflow/example_dags/example_local_kubernetes_executor.py took 0.122 seconds
[2025-12-08T08:11:23.620+0000] {processor.py:186} INFO - Started process (PID=5634) to work on /home/airflow/.local/lib/python3.12/site-packages/airflow/example_dags/example_local_kubernetes_executor.py
[2025-12-08T08:11:23.622+0000] {processor.py:914} INFO - Processing file /home/airflow/.local/lib/python3.12/site-packages/airflow/example_dags/example_local_kubernetes_executor.py for tasks to queue
[2025-12-08T08:11:23.627+0000] {logging_mixin.py:190} INFO - [2025-12-08T08:11:23.627+0000] {dagbag.py:587} INFO - Filling up the DagBag from /home/airflow/.local/lib/python3.12/site-packages/airflow/example_dags/example_local_kubernetes_executor.py
[2025-12-08T08:11:23.639+0000] {processor.py:925} INFO - DAG(s) 'example_local_kubernetes_executor' retrieved from /home/airflow/.local/lib/python3.12/site-packages/airflow/example_dags/example_local_kubernetes_executor.py
[2025-12-08T08:11:23.688+0000] {logging_mixin.py:190} INFO - [2025-12-08T08:11:23.687+0000] {dag.py:3211} INFO - Sync 1 DAGs
[2025-12-08T08:11:23.705+0000] {logging_mixin.py:190} INFO - [2025-12-08T08:11:23.705+0000] {dag.py:4138} INFO - Setting next_dagrun for example_local_kubernetes_executor to None, run_after=None
[2025-12-08T08:11:23.728+0000] {processor.py:208} INFO - Processing /home/airflow/.local/lib/python3.12/site-packages/airflow/example_dags/example_local_kubernetes_executor.py took 0.117 seconds
[2025-12-08T08:11:54.026+0000] {processor.py:186} INFO - Started process (PID=5697) to work on /home/airflow/.local/lib/python3.12/site-packages/airflow/example_dags/example_local_kubernetes_executor.py
[2025-12-08T08:11:54.028+0000] {processor.py:914} INFO - Processing file /home/airflow/.local/lib/python3.12/site-packages/airflow/example_dags/example_local_kubernetes_executor.py for tasks to queue
[2025-12-08T08:11:54.035+0000] {logging_mixin.py:190} INFO - [2025-12-08T08:11:54.035+0000] {dagbag.py:587} INFO - Filling up the DagBag from /home/airflow/.local/lib/python3.12/site-packages/airflow/example_dags/example_local_kubernetes_executor.py
[2025-12-08T08:11:54.050+0000] {processor.py:925} INFO - DAG(s) 'example_local_kubernetes_executor' retrieved from /home/airflow/.local/lib/python3.12/site-packages/airflow/example_dags/example_local_kubernetes_executor.py
[2025-12-08T08:11:54.102+0000] {logging_mixin.py:190} INFO - [2025-12-08T08:11:54.101+0000] {dag.py:3211} INFO - Sync 1 DAGs
[2025-12-08T08:11:54.121+0000] {logging_mixin.py:190} INFO - [2025-12-08T08:11:54.120+0000] {dag.py:4138} INFO - Setting next_dagrun for example_local_kubernetes_executor to None, run_after=None
[2025-12-08T08:11:54.152+0000] {processor.py:208} INFO - Processing /home/airflow/.local/lib/python3.12/site-packages/airflow/example_dags/example_local_kubernetes_executor.py took 0.136 seconds
[2025-12-08T08:12:24.892+0000] {processor.py:186} INFO - Started process (PID=5760) to work on /home/airflow/.local/lib/python3.12/site-packages/airflow/example_dags/example_local_kubernetes_executor.py
[2025-12-08T08:12:24.894+0000] {processor.py:914} INFO - Processing file /home/airflow/.local/lib/python3.12/site-packages/airflow/example_dags/example_local_kubernetes_executor.py for tasks to queue
[2025-12-08T08:12:24.899+0000] {logging_mixin.py:190} INFO - [2025-12-08T08:12:24.899+0000] {dagbag.py:587} INFO - Filling up the DagBag from /home/airflow/.local/lib/python3.12/site-packages/airflow/example_dags/example_local_kubernetes_executor.py
[2025-12-08T08:12:24.915+0000] {processor.py:925} INFO - DAG(s) 'example_local_kubernetes_executor' retrieved from /home/airflow/.local/lib/python3.12/site-packages/airflow/example_dags/example_local_kubernetes_executor.py
[2025-12-08T08:12:24.971+0000] {logging_mixin.py:190} INFO - [2025-12-08T08:12:24.970+0000] {dag.py:3211} INFO - Sync 1 DAGs
[2025-12-08T08:12:24.995+0000] {logging_mixin.py:190} INFO - [2025-12-08T08:12:24.995+0000] {dag.py:4138} INFO - Setting next_dagrun for example_local_kubernetes_executor to None, run_after=None
[2025-12-08T08:12:25.031+0000] {processor.py:208} INFO - Processing /home/airflow/.local/lib/python3.12/site-packages/airflow/example_dags/example_local_kubernetes_executor.py took 0.151 seconds
[2025-12-08T08:12:55.766+0000] {processor.py:186} INFO - Started process (PID=5824) to work on /home/airflow/.local/lib/python3.12/site-packages/airflow/example_dags/example_local_kubernetes_executor.py
[2025-12-08T08:12:55.770+0000] {processor.py:914} INFO - Processing file /home/airflow/.local/lib/python3.12/site-packages/airflow/example_dags/example_local_kubernetes_executor.py for tasks to queue
[2025-12-08T08:12:55.784+0000] {logging_mixin.py:190} INFO - [2025-12-08T08:12:55.783+0000] {dagbag.py:587} INFO - Filling up the DagBag from /home/airflow/.local/lib/python3.12/site-packages/airflow/example_dags/example_local_kubernetes_executor.py
[2025-12-08T08:12:55.823+0000] {processor.py:925} INFO - DAG(s) 'example_local_kubernetes_executor' retrieved from /home/airflow/.local/lib/python3.12/site-packages/airflow/example_dags/example_local_kubernetes_executor.py
[2025-12-08T08:12:55.990+0000] {logging_mixin.py:190} INFO - [2025-12-08T08:12:55.989+0000] {dag.py:3211} INFO - Sync 1 DAGs
[2025-12-08T08:12:56.079+0000] {logging_mixin.py:190} INFO - [2025-12-08T08:12:56.078+0000] {dag.py:4138} INFO - Setting next_dagrun for example_local_kubernetes_executor to None, run_after=None
[2025-12-08T08:12:56.170+0000] {processor.py:208} INFO - Processing /home/airflow/.local/lib/python3.12/site-packages/airflow/example_dags/example_local_kubernetes_executor.py took 0.426 seconds
[2025-12-08T08:13:26.618+0000] {processor.py:186} INFO - Started process (PID=5887) to work on /home/airflow/.local/lib/python3.12/site-packages/airflow/example_dags/example_local_kubernetes_executor.py
[2025-12-08T08:13:26.621+0000] {processor.py:914} INFO - Processing file /home/airflow/.local/lib/python3.12/site-packages/airflow/example_dags/example_local_kubernetes_executor.py for tasks to queue
[2025-12-08T08:13:26.629+0000] {logging_mixin.py:190} INFO - [2025-12-08T08:13:26.628+0000] {dagbag.py:587} INFO - Filling up the DagBag from /home/airflow/.local/lib/python3.12/site-packages/airflow/example_dags/example_local_kubernetes_executor.py
[2025-12-08T08:13:26.654+0000] {processor.py:925} INFO - DAG(s) 'example_local_kubernetes_executor' retrieved from /home/airflow/.local/lib/python3.12/site-packages/airflow/example_dags/example_local_kubernetes_executor.py
[2025-12-08T08:13:26.757+0000] {logging_mixin.py:190} INFO - [2025-12-08T08:13:26.757+0000] {dag.py:3211} INFO - Sync 1 DAGs
[2025-12-08T08:13:26.809+0000] {logging_mixin.py:190} INFO - [2025-12-08T08:13:26.808+0000] {dag.py:4138} INFO - Setting next_dagrun for example_local_kubernetes_executor to None, run_after=None
[2025-12-08T08:13:26.870+0000] {processor.py:208} INFO - Processing /home/airflow/.local/lib/python3.12/site-packages/airflow/example_dags/example_local_kubernetes_executor.py took 0.268 seconds
[2025-12-08T08:13:57.603+0000] {processor.py:186} INFO - Started process (PID=5950) to work on /home/airflow/.local/lib/python3.12/site-packages/airflow/example_dags/example_local_kubernetes_executor.py
[2025-12-08T08:13:57.605+0000] {processor.py:914} INFO - Processing file /home/airflow/.local/lib/python3.12/site-packages/airflow/example_dags/example_local_kubernetes_executor.py for tasks to queue
[2025-12-08T08:13:57.609+0000] {logging_mixin.py:190} INFO - [2025-12-08T08:13:57.608+0000] {dagbag.py:587} INFO - Filling up the DagBag from /home/airflow/.local/lib/python3.12/site-packages/airflow/example_dags/example_local_kubernetes_executor.py
[2025-12-08T08:13:57.619+0000] {processor.py:925} INFO - DAG(s) 'example_local_kubernetes_executor' retrieved from /home/airflow/.local/lib/python3.12/site-packages/airflow/example_dags/example_local_kubernetes_executor.py
[2025-12-08T08:13:57.668+0000] {logging_mixin.py:190} INFO - [2025-12-08T08:13:57.668+0000] {dag.py:3211} INFO - Sync 1 DAGs
[2025-12-08T08:13:57.685+0000] {logging_mixin.py:190} INFO - [2025-12-08T08:13:57.685+0000] {dag.py:4138} INFO - Setting next_dagrun for example_local_kubernetes_executor to None, run_after=None
[2025-12-08T08:13:57.712+0000] {processor.py:208} INFO - Processing /home/airflow/.local/lib/python3.12/site-packages/airflow/example_dags/example_local_kubernetes_executor.py took 0.116 seconds
[2025-12-08T08:14:28.224+0000] {processor.py:186} INFO - Started process (PID=6013) to work on /home/airflow/.local/lib/python3.12/site-packages/airflow/example_dags/example_local_kubernetes_executor.py
[2025-12-08T08:14:28.226+0000] {processor.py:914} INFO - Processing file /home/airflow/.local/lib/python3.12/site-packages/airflow/example_dags/example_local_kubernetes_executor.py for tasks to queue
[2025-12-08T08:14:28.231+0000] {logging_mixin.py:190} INFO - [2025-12-08T08:14:28.230+0000] {dagbag.py:587} INFO - Filling up the DagBag from /home/airflow/.local/lib/python3.12/site-packages/airflow/example_dags/example_local_kubernetes_executor.py
[2025-12-08T08:14:28.243+0000] {processor.py:925} INFO - DAG(s) 'example_local_kubernetes_executor' retrieved from /home/airflow/.local/lib/python3.12/site-packages/airflow/example_dags/example_local_kubernetes_executor.py
[2025-12-08T08:14:28.287+0000] {logging_mixin.py:190} INFO - [2025-12-08T08:14:28.287+0000] {dag.py:3211} INFO - Sync 1 DAGs
[2025-12-08T08:14:28.302+0000] {logging_mixin.py:190} INFO - [2025-12-08T08:14:28.302+0000] {dag.py:4138} INFO - Setting next_dagrun for example_local_kubernetes_executor to None, run_after=None
[2025-12-08T08:14:28.326+0000] {processor.py:208} INFO - Processing /home/airflow/.local/lib/python3.12/site-packages/airflow/example_dags/example_local_kubernetes_executor.py took 0.109 seconds
[2025-12-08T08:14:58.859+0000] {processor.py:186} INFO - Started process (PID=6077) to work on /home/airflow/.local/lib/python3.12/site-packages/airflow/example_dags/example_local_kubernetes_executor.py
[2025-12-08T08:14:58.861+0000] {processor.py:914} INFO - Processing file /home/airflow/.local/lib/python3.12/site-packages/airflow/example_dags/example_local_kubernetes_executor.py for tasks to queue
[2025-12-08T08:14:58.866+0000] {logging_mixin.py:190} INFO - [2025-12-08T08:14:58.865+0000] {dagbag.py:587} INFO - Filling up the DagBag from /home/airflow/.local/lib/python3.12/site-packages/airflow/example_dags/example_local_kubernetes_executor.py
[2025-12-08T08:14:58.882+0000] {processor.py:925} INFO - DAG(s) 'example_local_kubernetes_executor' retrieved from /home/airflow/.local/lib/python3.12/site-packages/airflow/example_dags/example_local_kubernetes_executor.py
[2025-12-08T08:14:58.945+0000] {logging_mixin.py:190} INFO - [2025-12-08T08:14:58.944+0000] {dag.py:3211} INFO - Sync 1 DAGs
[2025-12-08T08:14:58.967+0000] {logging_mixin.py:190} INFO - [2025-12-08T08:14:58.967+0000] {dag.py:4138} INFO - Setting next_dagrun for example_local_kubernetes_executor to None, run_after=None
[2025-12-08T08:14:59.000+0000] {processor.py:208} INFO - Processing /home/airflow/.local/lib/python3.12/site-packages/airflow/example_dags/example_local_kubernetes_executor.py took 0.152 seconds
[2025-12-08T08:15:29.825+0000] {processor.py:186} INFO - Started process (PID=6140) to work on /home/airflow/.local/lib/python3.12/site-packages/airflow/example_dags/example_local_kubernetes_executor.py
[2025-12-08T08:15:29.828+0000] {processor.py:914} INFO - Processing file /home/airflow/.local/lib/python3.12/site-packages/airflow/example_dags/example_local_kubernetes_executor.py for tasks to queue
[2025-12-08T08:15:29.833+0000] {logging_mixin.py:190} INFO - [2025-12-08T08:15:29.833+0000] {dagbag.py:587} INFO - Filling up the DagBag from /home/airflow/.local/lib/python3.12/site-packages/airflow/example_dags/example_local_kubernetes_executor.py
[2025-12-08T08:15:29.850+0000] {processor.py:925} INFO - DAG(s) 'example_local_kubernetes_executor' retrieved from /home/airflow/.local/lib/python3.12/site-packages/airflow/example_dags/example_local_kubernetes_executor.py
[2025-12-08T08:15:29.915+0000] {logging_mixin.py:190} INFO - [2025-12-08T08:15:29.914+0000] {dag.py:3211} INFO - Sync 1 DAGs
[2025-12-08T08:15:29.936+0000] {logging_mixin.py:190} INFO - [2025-12-08T08:15:29.935+0000] {dag.py:4138} INFO - Setting next_dagrun for example_local_kubernetes_executor to None, run_after=None
[2025-12-08T08:15:29.965+0000] {processor.py:208} INFO - Processing /home/airflow/.local/lib/python3.12/site-packages/airflow/example_dags/example_local_kubernetes_executor.py took 0.151 seconds
[2025-12-08T08:16:00.353+0000] {processor.py:186} INFO - Started process (PID=6203) to work on /home/airflow/.local/lib/python3.12/site-packages/airflow/example_dags/example_local_kubernetes_executor.py
[2025-12-08T08:16:00.355+0000] {processor.py:914} INFO - Processing file /home/airflow/.local/lib/python3.12/site-packages/airflow/example_dags/example_local_kubernetes_executor.py for tasks to queue
[2025-12-08T08:16:00.360+0000] {logging_mixin.py:190} INFO - [2025-12-08T08:16:00.359+0000] {dagbag.py:587} INFO - Filling up the DagBag from /home/airflow/.local/lib/python3.12/site-packages/airflow/example_dags/example_local_kubernetes_executor.py
[2025-12-08T08:16:00.370+0000] {processor.py:925} INFO - DAG(s) 'example_local_kubernetes_executor' retrieved from /home/airflow/.local/lib/python3.12/site-packages/airflow/example_dags/example_local_kubernetes_executor.py
[2025-12-08T08:16:00.409+0000] {logging_mixin.py:190} INFO - [2025-12-08T08:16:00.409+0000] {dag.py:3211} INFO - Sync 1 DAGs
[2025-12-08T08:16:00.423+0000] {logging_mixin.py:190} INFO - [2025-12-08T08:16:00.423+0000] {dag.py:4138} INFO - Setting next_dagrun for example_local_kubernetes_executor to None, run_after=None
[2025-12-08T08:16:00.447+0000] {processor.py:208} INFO - Processing /home/airflow/.local/lib/python3.12/site-packages/airflow/example_dags/example_local_kubernetes_executor.py took 0.100 seconds
[2025-12-08T08:16:30.732+0000] {processor.py:186} INFO - Started process (PID=6266) to work on /home/airflow/.local/lib/python3.12/site-packages/airflow/example_dags/example_local_kubernetes_executor.py
[2025-12-08T08:16:30.734+0000] {processor.py:914} INFO - Processing file /home/airflow/.local/lib/python3.12/site-packages/airflow/example_dags/example_local_kubernetes_executor.py for tasks to queue
[2025-12-08T08:16:30.738+0000] {logging_mixin.py:190} INFO - [2025-12-08T08:16:30.737+0000] {dagbag.py:587} INFO - Filling up the DagBag from /home/airflow/.local/lib/python3.12/site-packages/airflow/example_dags/example_local_kubernetes_executor.py
[2025-12-08T08:16:30.748+0000] {processor.py:925} INFO - DAG(s) 'example_local_kubernetes_executor' retrieved from /home/airflow/.local/lib/python3.12/site-packages/airflow/example_dags/example_local_kubernetes_executor.py
[2025-12-08T08:16:30.796+0000] {logging_mixin.py:190} INFO - [2025-12-08T08:16:30.796+0000] {dag.py:3211} INFO - Sync 1 DAGs
[2025-12-08T08:16:30.812+0000] {logging_mixin.py:190} INFO - [2025-12-08T08:16:30.812+0000] {dag.py:4138} INFO - Setting next_dagrun for example_local_kubernetes_executor to None, run_after=None
[2025-12-08T08:16:30.836+0000] {processor.py:208} INFO - Processing /home/airflow/.local/lib/python3.12/site-packages/airflow/example_dags/example_local_kubernetes_executor.py took 0.110 seconds
[2025-12-08T08:17:01.216+0000] {processor.py:186} INFO - Started process (PID=6329) to work on /home/airflow/.local/lib/python3.12/site-packages/airflow/example_dags/example_local_kubernetes_executor.py
[2025-12-08T08:17:01.217+0000] {processor.py:914} INFO - Processing file /home/airflow/.local/lib/python3.12/site-packages/airflow/example_dags/example_local_kubernetes_executor.py for tasks to queue
[2025-12-08T08:17:01.221+0000] {logging_mixin.py:190} INFO - [2025-12-08T08:17:01.221+0000] {dagbag.py:587} INFO - Filling up the DagBag from /home/airflow/.local/lib/python3.12/site-packages/airflow/example_dags/example_local_kubernetes_executor.py
[2025-12-08T08:17:01.232+0000] {processor.py:925} INFO - DAG(s) 'example_local_kubernetes_executor' retrieved from /home/airflow/.local/lib/python3.12/site-packages/airflow/example_dags/example_local_kubernetes_executor.py
[2025-12-08T08:17:01.275+0000] {logging_mixin.py:190} INFO - [2025-12-08T08:17:01.275+0000] {dag.py:3211} INFO - Sync 1 DAGs
[2025-12-08T08:17:01.293+0000] {logging_mixin.py:190} INFO - [2025-12-08T08:17:01.292+0000] {dag.py:4138} INFO - Setting next_dagrun for example_local_kubernetes_executor to None, run_after=None
[2025-12-08T08:17:01.319+0000] {processor.py:208} INFO - Processing /home/airflow/.local/lib/python3.12/site-packages/airflow/example_dags/example_local_kubernetes_executor.py took 0.110 seconds
[2025-12-08T08:17:31.786+0000] {processor.py:186} INFO - Started process (PID=6392) to work on /home/airflow/.local/lib/python3.12/site-packages/airflow/example_dags/example_local_kubernetes_executor.py
[2025-12-08T08:17:31.787+0000] {processor.py:914} INFO - Processing file /home/airflow/.local/lib/python3.12/site-packages/airflow/example_dags/example_local_kubernetes_executor.py for tasks to queue
[2025-12-08T08:17:31.793+0000] {logging_mixin.py:190} INFO - [2025-12-08T08:17:31.792+0000] {dagbag.py:587} INFO - Filling up the DagBag from /home/airflow/.local/lib/python3.12/site-packages/airflow/example_dags/example_local_kubernetes_executor.py
[2025-12-08T08:17:31.804+0000] {processor.py:925} INFO - DAG(s) 'example_local_kubernetes_executor' retrieved from /home/airflow/.local/lib/python3.12/site-packages/airflow/example_dags/example_local_kubernetes_executor.py
[2025-12-08T08:17:31.848+0000] {logging_mixin.py:190} INFO - [2025-12-08T08:17:31.847+0000] {dag.py:3211} INFO - Sync 1 DAGs
[2025-12-08T08:17:31.863+0000] {logging_mixin.py:190} INFO - [2025-12-08T08:17:31.863+0000] {dag.py:4138} INFO - Setting next_dagrun for example_local_kubernetes_executor to None, run_after=None
[2025-12-08T08:17:31.887+0000] {processor.py:208} INFO - Processing /home/airflow/.local/lib/python3.12/site-packages/airflow/example_dags/example_local_kubernetes_executor.py took 0.107 seconds
[2025-12-08T08:18:02.116+0000] {processor.py:186} INFO - Started process (PID=6455) to work on /home/airflow/.local/lib/python3.12/site-packages/airflow/example_dags/example_local_kubernetes_executor.py
[2025-12-08T08:18:02.118+0000] {processor.py:914} INFO - Processing file /home/airflow/.local/lib/python3.12/site-packages/airflow/example_dags/example_local_kubernetes_executor.py for tasks to queue
[2025-12-08T08:18:02.124+0000] {logging_mixin.py:190} INFO - [2025-12-08T08:18:02.123+0000] {dagbag.py:587} INFO - Filling up the DagBag from /home/airflow/.local/lib/python3.12/site-packages/airflow/example_dags/example_local_kubernetes_executor.py
[2025-12-08T08:18:02.138+0000] {processor.py:925} INFO - DAG(s) 'example_local_kubernetes_executor' retrieved from /home/airflow/.local/lib/python3.12/site-packages/airflow/example_dags/example_local_kubernetes_executor.py
[2025-12-08T08:18:02.183+0000] {logging_mixin.py:190} INFO - [2025-12-08T08:18:02.182+0000] {dag.py:3211} INFO - Sync 1 DAGs
[2025-12-08T08:18:02.198+0000] {logging_mixin.py:190} INFO - [2025-12-08T08:18:02.198+0000] {dag.py:4138} INFO - Setting next_dagrun for example_local_kubernetes_executor to None, run_after=None
[2025-12-08T08:18:02.223+0000] {processor.py:208} INFO - Processing /home/airflow/.local/lib/python3.12/site-packages/airflow/example_dags/example_local_kubernetes_executor.py took 0.116 seconds
[2025-12-08T08:18:32.888+0000] {processor.py:186} INFO - Started process (PID=6518) to work on /home/airflow/.local/lib/python3.12/site-packages/airflow/example_dags/example_local_kubernetes_executor.py
[2025-12-08T08:18:32.890+0000] {processor.py:914} INFO - Processing file /home/airflow/.local/lib/python3.12/site-packages/airflow/example_dags/example_local_kubernetes_executor.py for tasks to queue
[2025-12-08T08:18:32.893+0000] {logging_mixin.py:190} INFO - [2025-12-08T08:18:32.893+0000] {dagbag.py:587} INFO - Filling up the DagBag from /home/airflow/.local/lib/python3.12/site-packages/airflow/example_dags/example_local_kubernetes_executor.py
[2025-12-08T08:18:32.904+0000] {processor.py:925} INFO - DAG(s) 'example_local_kubernetes_executor' retrieved from /home/airflow/.local/lib/python3.12/site-packages/airflow/example_dags/example_local_kubernetes_executor.py
[2025-12-08T08:18:32.947+0000] {logging_mixin.py:190} INFO - [2025-12-08T08:18:32.946+0000] {dag.py:3211} INFO - Sync 1 DAGs
[2025-12-08T08:18:32.963+0000] {logging_mixin.py:190} INFO - [2025-12-08T08:18:32.963+0000] {dag.py:4138} INFO - Setting next_dagrun for example_local_kubernetes_executor to None, run_after=None
[2025-12-08T08:18:32.987+0000] {processor.py:208} INFO - Processing /home/airflow/.local/lib/python3.12/site-packages/airflow/example_dags/example_local_kubernetes_executor.py took 0.105 seconds
[2025-12-08T08:19:03.872+0000] {processor.py:186} INFO - Started process (PID=6581) to work on /home/airflow/.local/lib/python3.12/site-packages/airflow/example_dags/example_local_kubernetes_executor.py
[2025-12-08T08:19:03.875+0000] {processor.py:914} INFO - Processing file /home/airflow/.local/lib/python3.12/site-packages/airflow/example_dags/example_local_kubernetes_executor.py for tasks to queue
[2025-12-08T08:19:03.881+0000] {logging_mixin.py:190} INFO - [2025-12-08T08:19:03.880+0000] {dagbag.py:587} INFO - Filling up the DagBag from /home/airflow/.local/lib/python3.12/site-packages/airflow/example_dags/example_local_kubernetes_executor.py
[2025-12-08T08:19:03.906+0000] {processor.py:925} INFO - DAG(s) 'example_local_kubernetes_executor' retrieved from /home/airflow/.local/lib/python3.12/site-packages/airflow/example_dags/example_local_kubernetes_executor.py
[2025-12-08T08:19:03.997+0000] {logging_mixin.py:190} INFO - [2025-12-08T08:19:03.997+0000] {dag.py:3211} INFO - Sync 1 DAGs
[2025-12-08T08:19:04.025+0000] {logging_mixin.py:190} INFO - [2025-12-08T08:19:04.025+0000] {dag.py:4138} INFO - Setting next_dagrun for example_local_kubernetes_executor to None, run_after=None
[2025-12-08T08:19:04.064+0000] {processor.py:208} INFO - Processing /home/airflow/.local/lib/python3.12/site-packages/airflow/example_dags/example_local_kubernetes_executor.py took 0.206 seconds
[2025-12-08T08:19:34.241+0000] {processor.py:186} INFO - Started process (PID=6644) to work on /home/airflow/.local/lib/python3.12/site-packages/airflow/example_dags/example_local_kubernetes_executor.py
[2025-12-08T08:19:34.243+0000] {processor.py:914} INFO - Processing file /home/airflow/.local/lib/python3.12/site-packages/airflow/example_dags/example_local_kubernetes_executor.py for tasks to queue
[2025-12-08T08:19:34.248+0000] {logging_mixin.py:190} INFO - [2025-12-08T08:19:34.247+0000] {dagbag.py:587} INFO - Filling up the DagBag from /home/airflow/.local/lib/python3.12/site-packages/airflow/example_dags/example_local_kubernetes_executor.py
[2025-12-08T08:19:34.265+0000] {processor.py:925} INFO - DAG(s) 'example_local_kubernetes_executor' retrieved from /home/airflow/.local/lib/python3.12/site-packages/airflow/example_dags/example_local_kubernetes_executor.py
[2025-12-08T08:19:34.319+0000] {logging_mixin.py:190} INFO - [2025-12-08T08:19:34.319+0000] {dag.py:3211} INFO - Sync 1 DAGs
[2025-12-08T08:19:34.344+0000] {logging_mixin.py:190} INFO - [2025-12-08T08:19:34.344+0000] {dag.py:4138} INFO - Setting next_dagrun for example_local_kubernetes_executor to None, run_after=None
[2025-12-08T08:19:34.375+0000] {processor.py:208} INFO - Processing /home/airflow/.local/lib/python3.12/site-packages/airflow/example_dags/example_local_kubernetes_executor.py took 0.140 seconds
[2025-12-08T08:20:04.537+0000] {processor.py:186} INFO - Started process (PID=6706) to work on /home/airflow/.local/lib/python3.12/site-packages/airflow/example_dags/example_local_kubernetes_executor.py
[2025-12-08T08:20:04.541+0000] {processor.py:914} INFO - Processing file /home/airflow/.local/lib/python3.12/site-packages/airflow/example_dags/example_local_kubernetes_executor.py for tasks to queue
[2025-12-08T08:20:04.557+0000] {logging_mixin.py:190} INFO - [2025-12-08T08:20:04.555+0000] {dagbag.py:587} INFO - Filling up the DagBag from /home/airflow/.local/lib/python3.12/site-packages/airflow/example_dags/example_local_kubernetes_executor.py
[2025-12-08T08:20:04.578+0000] {processor.py:925} INFO - DAG(s) 'example_local_kubernetes_executor' retrieved from /home/airflow/.local/lib/python3.12/site-packages/airflow/example_dags/example_local_kubernetes_executor.py
[2025-12-08T08:20:04.673+0000] {logging_mixin.py:190} INFO - [2025-12-08T08:20:04.671+0000] {dag.py:3211} INFO - Sync 1 DAGs
[2025-12-08T08:20:04.718+0000] {logging_mixin.py:190} INFO - [2025-12-08T08:20:04.718+0000] {dag.py:4138} INFO - Setting next_dagrun for example_local_kubernetes_executor to None, run_after=None
[2025-12-08T08:20:04.800+0000] {processor.py:208} INFO - Processing /home/airflow/.local/lib/python3.12/site-packages/airflow/example_dags/example_local_kubernetes_executor.py took 0.282 seconds
[2025-12-08T08:20:36.132+0000] {processor.py:186} INFO - Started process (PID=6770) to work on /home/airflow/.local/lib/python3.12/site-packages/airflow/example_dags/example_local_kubernetes_executor.py
[2025-12-08T08:20:36.134+0000] {processor.py:914} INFO - Processing file /home/airflow/.local/lib/python3.12/site-packages/airflow/example_dags/example_local_kubernetes_executor.py for tasks to queue
[2025-12-08T08:20:36.137+0000] {logging_mixin.py:190} INFO - [2025-12-08T08:20:36.137+0000] {dagbag.py:587} INFO - Filling up the DagBag from /home/airflow/.local/lib/python3.12/site-packages/airflow/example_dags/example_local_kubernetes_executor.py
[2025-12-08T08:20:36.166+0000] {processor.py:925} INFO - DAG(s) 'example_local_kubernetes_executor' retrieved from /home/airflow/.local/lib/python3.12/site-packages/airflow/example_dags/example_local_kubernetes_executor.py
[2025-12-08T08:20:36.216+0000] {logging_mixin.py:190} INFO - [2025-12-08T08:20:36.215+0000] {dag.py:3211} INFO - Sync 1 DAGs
[2025-12-08T08:20:36.247+0000] {logging_mixin.py:190} INFO - [2025-12-08T08:20:36.247+0000] {dag.py:4138} INFO - Setting next_dagrun for example_local_kubernetes_executor to None, run_after=None
[2025-12-08T08:20:36.296+0000] {processor.py:208} INFO - Processing /home/airflow/.local/lib/python3.12/site-packages/airflow/example_dags/example_local_kubernetes_executor.py took 0.171 seconds
[2025-12-08T08:21:06.842+0000] {processor.py:186} INFO - Started process (PID=6834) to work on /home/airflow/.local/lib/python3.12/site-packages/airflow/example_dags/example_local_kubernetes_executor.py
[2025-12-08T08:21:06.844+0000] {processor.py:914} INFO - Processing file /home/airflow/.local/lib/python3.12/site-packages/airflow/example_dags/example_local_kubernetes_executor.py for tasks to queue
[2025-12-08T08:21:06.850+0000] {logging_mixin.py:190} INFO - [2025-12-08T08:21:06.850+0000] {dagbag.py:587} INFO - Filling up the DagBag from /home/airflow/.local/lib/python3.12/site-packages/airflow/example_dags/example_local_kubernetes_executor.py
[2025-12-08T08:21:06.867+0000] {processor.py:925} INFO - DAG(s) 'example_local_kubernetes_executor' retrieved from /home/airflow/.local/lib/python3.12/site-packages/airflow/example_dags/example_local_kubernetes_executor.py
[2025-12-08T08:21:06.936+0000] {logging_mixin.py:190} INFO - [2025-12-08T08:21:06.935+0000] {dag.py:3211} INFO - Sync 1 DAGs
[2025-12-08T08:21:06.966+0000] {logging_mixin.py:190} INFO - [2025-12-08T08:21:06.965+0000] {dag.py:4138} INFO - Setting next_dagrun for example_local_kubernetes_executor to None, run_after=None
[2025-12-08T08:21:07.003+0000] {processor.py:208} INFO - Processing /home/airflow/.local/lib/python3.12/site-packages/airflow/example_dags/example_local_kubernetes_executor.py took 0.171 seconds
[2025-12-08T08:21:38.152+0000] {processor.py:186} INFO - Started process (PID=6898) to work on /home/airflow/.local/lib/python3.12/site-packages/airflow/example_dags/example_local_kubernetes_executor.py
[2025-12-08T08:21:38.154+0000] {processor.py:914} INFO - Processing file /home/airflow/.local/lib/python3.12/site-packages/airflow/example_dags/example_local_kubernetes_executor.py for tasks to queue
[2025-12-08T08:21:38.159+0000] {logging_mixin.py:190} INFO - [2025-12-08T08:21:38.159+0000] {dagbag.py:587} INFO - Filling up the DagBag from /home/airflow/.local/lib/python3.12/site-packages/airflow/example_dags/example_local_kubernetes_executor.py
[2025-12-08T08:21:38.180+0000] {processor.py:925} INFO - DAG(s) 'example_local_kubernetes_executor' retrieved from /home/airflow/.local/lib/python3.12/site-packages/airflow/example_dags/example_local_kubernetes_executor.py
[2025-12-08T08:21:38.248+0000] {logging_mixin.py:190} INFO - [2025-12-08T08:21:38.247+0000] {dag.py:3211} INFO - Sync 1 DAGs
[2025-12-08T08:21:38.272+0000] {logging_mixin.py:190} INFO - [2025-12-08T08:21:38.272+0000] {dag.py:4138} INFO - Setting next_dagrun for example_local_kubernetes_executor to None, run_after=None
[2025-12-08T08:21:38.310+0000] {processor.py:208} INFO - Processing /home/airflow/.local/lib/python3.12/site-packages/airflow/example_dags/example_local_kubernetes_executor.py took 0.168 seconds
[2025-12-08T08:22:08.509+0000] {processor.py:186} INFO - Started process (PID=6962) to work on /home/airflow/.local/lib/python3.12/site-packages/airflow/example_dags/example_local_kubernetes_executor.py
[2025-12-08T08:22:08.511+0000] {processor.py:914} INFO - Processing file /home/airflow/.local/lib/python3.12/site-packages/airflow/example_dags/example_local_kubernetes_executor.py for tasks to queue
[2025-12-08T08:22:08.514+0000] {logging_mixin.py:190} INFO - [2025-12-08T08:22:08.514+0000] {dagbag.py:587} INFO - Filling up the DagBag from /home/airflow/.local/lib/python3.12/site-packages/airflow/example_dags/example_local_kubernetes_executor.py
[2025-12-08T08:22:08.525+0000] {processor.py:925} INFO - DAG(s) 'example_local_kubernetes_executor' retrieved from /home/airflow/.local/lib/python3.12/site-packages/airflow/example_dags/example_local_kubernetes_executor.py
[2025-12-08T08:22:08.563+0000] {logging_mixin.py:190} INFO - [2025-12-08T08:22:08.563+0000] {dag.py:3211} INFO - Sync 1 DAGs
[2025-12-08T08:22:08.578+0000] {logging_mixin.py:190} INFO - [2025-12-08T08:22:08.578+0000] {dag.py:4138} INFO - Setting next_dagrun for example_local_kubernetes_executor to None, run_after=None
[2025-12-08T08:22:08.599+0000] {processor.py:208} INFO - Processing /home/airflow/.local/lib/python3.12/site-packages/airflow/example_dags/example_local_kubernetes_executor.py took 0.097 seconds
[2025-12-08T08:22:39.242+0000] {processor.py:186} INFO - Started process (PID=7025) to work on /home/airflow/.local/lib/python3.12/site-packages/airflow/example_dags/example_local_kubernetes_executor.py
[2025-12-08T08:22:39.243+0000] {processor.py:914} INFO - Processing file /home/airflow/.local/lib/python3.12/site-packages/airflow/example_dags/example_local_kubernetes_executor.py for tasks to queue
[2025-12-08T08:22:39.246+0000] {logging_mixin.py:190} INFO - [2025-12-08T08:22:39.246+0000] {dagbag.py:587} INFO - Filling up the DagBag from /home/airflow/.local/lib/python3.12/site-packages/airflow/example_dags/example_local_kubernetes_executor.py
[2025-12-08T08:22:39.257+0000] {processor.py:925} INFO - DAG(s) 'example_local_kubernetes_executor' retrieved from /home/airflow/.local/lib/python3.12/site-packages/airflow/example_dags/example_local_kubernetes_executor.py
[2025-12-08T08:22:39.292+0000] {logging_mixin.py:190} INFO - [2025-12-08T08:22:39.292+0000] {dag.py:3211} INFO - Sync 1 DAGs
[2025-12-08T08:22:39.305+0000] {logging_mixin.py:190} INFO - [2025-12-08T08:22:39.305+0000] {dag.py:4138} INFO - Setting next_dagrun for example_local_kubernetes_executor to None, run_after=None
[2025-12-08T08:22:39.323+0000] {processor.py:208} INFO - Processing /home/airflow/.local/lib/python3.12/site-packages/airflow/example_dags/example_local_kubernetes_executor.py took 0.088 seconds
[2025-12-08T08:23:09.560+0000] {processor.py:186} INFO - Started process (PID=7088) to work on /home/airflow/.local/lib/python3.12/site-packages/airflow/example_dags/example_local_kubernetes_executor.py
[2025-12-08T08:23:09.561+0000] {processor.py:914} INFO - Processing file /home/airflow/.local/lib/python3.12/site-packages/airflow/example_dags/example_local_kubernetes_executor.py for tasks to queue
[2025-12-08T08:23:09.564+0000] {logging_mixin.py:190} INFO - [2025-12-08T08:23:09.564+0000] {dagbag.py:587} INFO - Filling up the DagBag from /home/airflow/.local/lib/python3.12/site-packages/airflow/example_dags/example_local_kubernetes_executor.py
[2025-12-08T08:23:09.574+0000] {processor.py:925} INFO - DAG(s) 'example_local_kubernetes_executor' retrieved from /home/airflow/.local/lib/python3.12/site-packages/airflow/example_dags/example_local_kubernetes_executor.py
[2025-12-08T08:23:09.614+0000] {logging_mixin.py:190} INFO - [2025-12-08T08:23:09.613+0000] {dag.py:3211} INFO - Sync 1 DAGs
[2025-12-08T08:23:09.628+0000] {logging_mixin.py:190} INFO - [2025-12-08T08:23:09.628+0000] {dag.py:4138} INFO - Setting next_dagrun for example_local_kubernetes_executor to None, run_after=None
[2025-12-08T08:23:09.652+0000] {processor.py:208} INFO - Processing /home/airflow/.local/lib/python3.12/site-packages/airflow/example_dags/example_local_kubernetes_executor.py took 0.098 seconds
[2025-12-08T08:23:40.001+0000] {processor.py:186} INFO - Started process (PID=7151) to work on /home/airflow/.local/lib/python3.12/site-packages/airflow/example_dags/example_local_kubernetes_executor.py
[2025-12-08T08:23:40.003+0000] {processor.py:914} INFO - Processing file /home/airflow/.local/lib/python3.12/site-packages/airflow/example_dags/example_local_kubernetes_executor.py for tasks to queue
[2025-12-08T08:23:40.005+0000] {logging_mixin.py:190} INFO - [2025-12-08T08:23:40.005+0000] {dagbag.py:587} INFO - Filling up the DagBag from /home/airflow/.local/lib/python3.12/site-packages/airflow/example_dags/example_local_kubernetes_executor.py
[2025-12-08T08:23:40.016+0000] {processor.py:925} INFO - DAG(s) 'example_local_kubernetes_executor' retrieved from /home/airflow/.local/lib/python3.12/site-packages/airflow/example_dags/example_local_kubernetes_executor.py
[2025-12-08T08:23:40.055+0000] {logging_mixin.py:190} INFO - [2025-12-08T08:23:40.055+0000] {dag.py:3211} INFO - Sync 1 DAGs
[2025-12-08T08:23:40.071+0000] {logging_mixin.py:190} INFO - [2025-12-08T08:23:40.071+0000] {dag.py:4138} INFO - Setting next_dagrun for example_local_kubernetes_executor to None, run_after=None
[2025-12-08T08:23:40.093+0000] {processor.py:208} INFO - Processing /home/airflow/.local/lib/python3.12/site-packages/airflow/example_dags/example_local_kubernetes_executor.py took 0.100 seconds
[2025-12-08T08:24:10.522+0000] {processor.py:186} INFO - Started process (PID=7214) to work on /home/airflow/.local/lib/python3.12/site-packages/airflow/example_dags/example_local_kubernetes_executor.py
[2025-12-08T08:24:10.525+0000] {processor.py:914} INFO - Processing file /home/airflow/.local/lib/python3.12/site-packages/airflow/example_dags/example_local_kubernetes_executor.py for tasks to queue
[2025-12-08T08:24:10.530+0000] {logging_mixin.py:190} INFO - [2025-12-08T08:24:10.529+0000] {dagbag.py:587} INFO - Filling up the DagBag from /home/airflow/.local/lib/python3.12/site-packages/airflow/example_dags/example_local_kubernetes_executor.py
[2025-12-08T08:24:10.547+0000] {processor.py:925} INFO - DAG(s) 'example_local_kubernetes_executor' retrieved from /home/airflow/.local/lib/python3.12/site-packages/airflow/example_dags/example_local_kubernetes_executor.py
[2025-12-08T08:24:10.598+0000] {logging_mixin.py:190} INFO - [2025-12-08T08:24:10.597+0000] {dag.py:3211} INFO - Sync 1 DAGs
[2025-12-08T08:24:10.613+0000] {logging_mixin.py:190} INFO - [2025-12-08T08:24:10.613+0000] {dag.py:4138} INFO - Setting next_dagrun for example_local_kubernetes_executor to None, run_after=None
[2025-12-08T08:24:10.645+0000] {processor.py:208} INFO - Processing /home/airflow/.local/lib/python3.12/site-packages/airflow/example_dags/example_local_kubernetes_executor.py took 0.133 seconds
[2025-12-08T08:24:41.984+0000] {processor.py:186} INFO - Started process (PID=7283) to work on /home/airflow/.local/lib/python3.12/site-packages/airflow/example_dags/example_local_kubernetes_executor.py
[2025-12-08T08:24:41.987+0000] {processor.py:914} INFO - Processing file /home/airflow/.local/lib/python3.12/site-packages/airflow/example_dags/example_local_kubernetes_executor.py for tasks to queue
[2025-12-08T08:24:41.992+0000] {logging_mixin.py:190} INFO - [2025-12-08T08:24:41.991+0000] {dagbag.py:587} INFO - Filling up the DagBag from /home/airflow/.local/lib/python3.12/site-packages/airflow/example_dags/example_local_kubernetes_executor.py
[2025-12-08T08:24:42.010+0000] {processor.py:925} INFO - DAG(s) 'example_local_kubernetes_executor' retrieved from /home/airflow/.local/lib/python3.12/site-packages/airflow/example_dags/example_local_kubernetes_executor.py
[2025-12-08T08:24:42.073+0000] {logging_mixin.py:190} INFO - [2025-12-08T08:24:42.073+0000] {dag.py:3211} INFO - Sync 1 DAGs
[2025-12-08T08:24:42.098+0000] {logging_mixin.py:190} INFO - [2025-12-08T08:24:42.097+0000] {dag.py:4138} INFO - Setting next_dagrun for example_local_kubernetes_executor to None, run_after=None
[2025-12-08T08:24:42.131+0000] {processor.py:208} INFO - Processing /home/airflow/.local/lib/python3.12/site-packages/airflow/example_dags/example_local_kubernetes_executor.py took 0.157 seconds
[2025-12-08T08:25:12.559+0000] {processor.py:186} INFO - Started process (PID=7346) to work on /home/airflow/.local/lib/python3.12/site-packages/airflow/example_dags/example_local_kubernetes_executor.py
[2025-12-08T08:25:12.561+0000] {processor.py:914} INFO - Processing file /home/airflow/.local/lib/python3.12/site-packages/airflow/example_dags/example_local_kubernetes_executor.py for tasks to queue
[2025-12-08T08:25:12.565+0000] {logging_mixin.py:190} INFO - [2025-12-08T08:25:12.564+0000] {dagbag.py:587} INFO - Filling up the DagBag from /home/airflow/.local/lib/python3.12/site-packages/airflow/example_dags/example_local_kubernetes_executor.py
[2025-12-08T08:25:12.577+0000] {processor.py:925} INFO - DAG(s) 'example_local_kubernetes_executor' retrieved from /home/airflow/.local/lib/python3.12/site-packages/airflow/example_dags/example_local_kubernetes_executor.py
[2025-12-08T08:25:12.645+0000] {logging_mixin.py:190} INFO - [2025-12-08T08:25:12.645+0000] {dag.py:3211} INFO - Sync 1 DAGs
[2025-12-08T08:25:12.671+0000] {logging_mixin.py:190} INFO - [2025-12-08T08:25:12.671+0000] {dag.py:4138} INFO - Setting next_dagrun for example_local_kubernetes_executor to None, run_after=None
[2025-12-08T08:25:12.714+0000] {processor.py:208} INFO - Processing /home/airflow/.local/lib/python3.12/site-packages/airflow/example_dags/example_local_kubernetes_executor.py took 0.164 seconds
[2025-12-08T08:25:43.462+0000] {processor.py:186} INFO - Started process (PID=7409) to work on /home/airflow/.local/lib/python3.12/site-packages/airflow/example_dags/example_local_kubernetes_executor.py
[2025-12-08T08:25:43.464+0000] {processor.py:914} INFO - Processing file /home/airflow/.local/lib/python3.12/site-packages/airflow/example_dags/example_local_kubernetes_executor.py for tasks to queue
[2025-12-08T08:25:43.469+0000] {logging_mixin.py:190} INFO - [2025-12-08T08:25:43.469+0000] {dagbag.py:587} INFO - Filling up the DagBag from /home/airflow/.local/lib/python3.12/site-packages/airflow/example_dags/example_local_kubernetes_executor.py
[2025-12-08T08:25:43.487+0000] {processor.py:925} INFO - DAG(s) 'example_local_kubernetes_executor' retrieved from /home/airflow/.local/lib/python3.12/site-packages/airflow/example_dags/example_local_kubernetes_executor.py
[2025-12-08T08:25:43.558+0000] {logging_mixin.py:190} INFO - [2025-12-08T08:25:43.557+0000] {dag.py:3211} INFO - Sync 1 DAGs
[2025-12-08T08:25:43.589+0000] {logging_mixin.py:190} INFO - [2025-12-08T08:25:43.589+0000] {dag.py:4138} INFO - Setting next_dagrun for example_local_kubernetes_executor to None, run_after=None
[2025-12-08T08:25:43.644+0000] {processor.py:208} INFO - Processing /home/airflow/.local/lib/python3.12/site-packages/airflow/example_dags/example_local_kubernetes_executor.py took 0.199 seconds
[2025-12-08T08:26:13.909+0000] {processor.py:186} INFO - Started process (PID=7472) to work on /home/airflow/.local/lib/python3.12/site-packages/airflow/example_dags/example_local_kubernetes_executor.py
[2025-12-08T08:26:13.910+0000] {processor.py:914} INFO - Processing file /home/airflow/.local/lib/python3.12/site-packages/airflow/example_dags/example_local_kubernetes_executor.py for tasks to queue
[2025-12-08T08:26:13.914+0000] {logging_mixin.py:190} INFO - [2025-12-08T08:26:13.914+0000] {dagbag.py:587} INFO - Filling up the DagBag from /home/airflow/.local/lib/python3.12/site-packages/airflow/example_dags/example_local_kubernetes_executor.py
[2025-12-08T08:26:13.929+0000] {processor.py:925} INFO - DAG(s) 'example_local_kubernetes_executor' retrieved from /home/airflow/.local/lib/python3.12/site-packages/airflow/example_dags/example_local_kubernetes_executor.py
[2025-12-08T08:26:13.965+0000] {logging_mixin.py:190} INFO - [2025-12-08T08:26:13.964+0000] {dag.py:3211} INFO - Sync 1 DAGs
[2025-12-08T08:26:13.978+0000] {logging_mixin.py:190} INFO - [2025-12-08T08:26:13.978+0000] {dag.py:4138} INFO - Setting next_dagrun for example_local_kubernetes_executor to None, run_after=None
[2025-12-08T08:26:14.001+0000] {processor.py:208} INFO - Processing /home/airflow/.local/lib/python3.12/site-packages/airflow/example_dags/example_local_kubernetes_executor.py took 0.099 seconds
[2025-12-08T08:26:44.416+0000] {processor.py:186} INFO - Started process (PID=7536) to work on /home/airflow/.local/lib/python3.12/site-packages/airflow/example_dags/example_local_kubernetes_executor.py
[2025-12-08T08:26:44.418+0000] {processor.py:914} INFO - Processing file /home/airflow/.local/lib/python3.12/site-packages/airflow/example_dags/example_local_kubernetes_executor.py for tasks to queue
[2025-12-08T08:26:44.421+0000] {logging_mixin.py:190} INFO - [2025-12-08T08:26:44.421+0000] {dagbag.py:587} INFO - Filling up the DagBag from /home/airflow/.local/lib/python3.12/site-packages/airflow/example_dags/example_local_kubernetes_executor.py
[2025-12-08T08:26:44.432+0000] {processor.py:925} INFO - DAG(s) 'example_local_kubernetes_executor' retrieved from /home/airflow/.local/lib/python3.12/site-packages/airflow/example_dags/example_local_kubernetes_executor.py
[2025-12-08T08:26:44.480+0000] {logging_mixin.py:190} INFO - [2025-12-08T08:26:44.480+0000] {dag.py:3211} INFO - Sync 1 DAGs
[2025-12-08T08:26:44.500+0000] {logging_mixin.py:190} INFO - [2025-12-08T08:26:44.500+0000] {dag.py:4138} INFO - Setting next_dagrun for example_local_kubernetes_executor to None, run_after=None
[2025-12-08T08:26:44.527+0000] {processor.py:208} INFO - Processing /home/airflow/.local/lib/python3.12/site-packages/airflow/example_dags/example_local_kubernetes_executor.py took 0.118 seconds
[2025-12-08T08:27:14.623+0000] {processor.py:186} INFO - Started process (PID=7599) to work on /home/airflow/.local/lib/python3.12/site-packages/airflow/example_dags/example_local_kubernetes_executor.py
[2025-12-08T08:27:14.624+0000] {processor.py:914} INFO - Processing file /home/airflow/.local/lib/python3.12/site-packages/airflow/example_dags/example_local_kubernetes_executor.py for tasks to queue
[2025-12-08T08:27:14.628+0000] {logging_mixin.py:190} INFO - [2025-12-08T08:27:14.627+0000] {dagbag.py:587} INFO - Filling up the DagBag from /home/airflow/.local/lib/python3.12/site-packages/airflow/example_dags/example_local_kubernetes_executor.py
[2025-12-08T08:27:14.639+0000] {processor.py:925} INFO - DAG(s) 'example_local_kubernetes_executor' retrieved from /home/airflow/.local/lib/python3.12/site-packages/airflow/example_dags/example_local_kubernetes_executor.py
[2025-12-08T08:27:14.681+0000] {logging_mixin.py:190} INFO - [2025-12-08T08:27:14.681+0000] {dag.py:3211} INFO - Sync 1 DAGs
[2025-12-08T08:27:14.695+0000] {logging_mixin.py:190} INFO - [2025-12-08T08:27:14.695+0000] {dag.py:4138} INFO - Setting next_dagrun for example_local_kubernetes_executor to None, run_after=None
[2025-12-08T08:27:14.719+0000] {processor.py:208} INFO - Processing /home/airflow/.local/lib/python3.12/site-packages/airflow/example_dags/example_local_kubernetes_executor.py took 0.103 seconds
[2025-12-08T08:27:44.836+0000] {processor.py:186} INFO - Started process (PID=7661) to work on /home/airflow/.local/lib/python3.12/site-packages/airflow/example_dags/example_local_kubernetes_executor.py
[2025-12-08T08:27:44.838+0000] {processor.py:914} INFO - Processing file /home/airflow/.local/lib/python3.12/site-packages/airflow/example_dags/example_local_kubernetes_executor.py for tasks to queue
[2025-12-08T08:27:44.842+0000] {logging_mixin.py:190} INFO - [2025-12-08T08:27:44.841+0000] {dagbag.py:587} INFO - Filling up the DagBag from /home/airflow/.local/lib/python3.12/site-packages/airflow/example_dags/example_local_kubernetes_executor.py
[2025-12-08T08:27:44.853+0000] {processor.py:925} INFO - DAG(s) 'example_local_kubernetes_executor' retrieved from /home/airflow/.local/lib/python3.12/site-packages/airflow/example_dags/example_local_kubernetes_executor.py
[2025-12-08T08:27:44.890+0000] {logging_mixin.py:190} INFO - [2025-12-08T08:27:44.890+0000] {dag.py:3211} INFO - Sync 1 DAGs
[2025-12-08T08:27:44.904+0000] {logging_mixin.py:190} INFO - [2025-12-08T08:27:44.903+0000] {dag.py:4138} INFO - Setting next_dagrun for example_local_kubernetes_executor to None, run_after=None
[2025-12-08T08:27:44.922+0000] {processor.py:208} INFO - Processing /home/airflow/.local/lib/python3.12/site-packages/airflow/example_dags/example_local_kubernetes_executor.py took 0.093 seconds
[2025-12-08T08:28:15.120+0000] {processor.py:186} INFO - Started process (PID=7724) to work on /home/airflow/.local/lib/python3.12/site-packages/airflow/example_dags/example_local_kubernetes_executor.py
[2025-12-08T08:28:15.121+0000] {processor.py:914} INFO - Processing file /home/airflow/.local/lib/python3.12/site-packages/airflow/example_dags/example_local_kubernetes_executor.py for tasks to queue
[2025-12-08T08:28:15.125+0000] {logging_mixin.py:190} INFO - [2025-12-08T08:28:15.124+0000] {dagbag.py:587} INFO - Filling up the DagBag from /home/airflow/.local/lib/python3.12/site-packages/airflow/example_dags/example_local_kubernetes_executor.py
[2025-12-08T08:28:15.135+0000] {processor.py:925} INFO - DAG(s) 'example_local_kubernetes_executor' retrieved from /home/airflow/.local/lib/python3.12/site-packages/airflow/example_dags/example_local_kubernetes_executor.py
[2025-12-08T08:28:15.174+0000] {logging_mixin.py:190} INFO - [2025-12-08T08:28:15.174+0000] {dag.py:3211} INFO - Sync 1 DAGs
[2025-12-08T08:28:15.188+0000] {logging_mixin.py:190} INFO - [2025-12-08T08:28:15.188+0000] {dag.py:4138} INFO - Setting next_dagrun for example_local_kubernetes_executor to None, run_after=None
[2025-12-08T08:28:15.209+0000] {processor.py:208} INFO - Processing /home/airflow/.local/lib/python3.12/site-packages/airflow/example_dags/example_local_kubernetes_executor.py took 0.095 seconds
[2025-12-08T08:28:45.475+0000] {processor.py:186} INFO - Started process (PID=7787) to work on /home/airflow/.local/lib/python3.12/site-packages/airflow/example_dags/example_local_kubernetes_executor.py
[2025-12-08T08:28:45.476+0000] {processor.py:914} INFO - Processing file /home/airflow/.local/lib/python3.12/site-packages/airflow/example_dags/example_local_kubernetes_executor.py for tasks to queue
[2025-12-08T08:28:45.480+0000] {logging_mixin.py:190} INFO - [2025-12-08T08:28:45.480+0000] {dagbag.py:587} INFO - Filling up the DagBag from /home/airflow/.local/lib/python3.12/site-packages/airflow/example_dags/example_local_kubernetes_executor.py
[2025-12-08T08:28:45.491+0000] {processor.py:925} INFO - DAG(s) 'example_local_kubernetes_executor' retrieved from /home/airflow/.local/lib/python3.12/site-packages/airflow/example_dags/example_local_kubernetes_executor.py
[2025-12-08T08:28:45.533+0000] {logging_mixin.py:190} INFO - [2025-12-08T08:28:45.533+0000] {dag.py:3211} INFO - Sync 1 DAGs
[2025-12-08T08:28:45.547+0000] {logging_mixin.py:190} INFO - [2025-12-08T08:28:45.547+0000] {dag.py:4138} INFO - Setting next_dagrun for example_local_kubernetes_executor to None, run_after=None
[2025-12-08T08:28:45.571+0000] {processor.py:208} INFO - Processing /home/airflow/.local/lib/python3.12/site-packages/airflow/example_dags/example_local_kubernetes_executor.py took 0.102 seconds
[2025-12-08T08:29:15.953+0000] {processor.py:186} INFO - Started process (PID=7850) to work on /home/airflow/.local/lib/python3.12/site-packages/airflow/example_dags/example_local_kubernetes_executor.py
[2025-12-08T08:29:15.955+0000] {processor.py:914} INFO - Processing file /home/airflow/.local/lib/python3.12/site-packages/airflow/example_dags/example_local_kubernetes_executor.py for tasks to queue
[2025-12-08T08:29:15.959+0000] {logging_mixin.py:190} INFO - [2025-12-08T08:29:15.958+0000] {dagbag.py:587} INFO - Filling up the DagBag from /home/airflow/.local/lib/python3.12/site-packages/airflow/example_dags/example_local_kubernetes_executor.py
[2025-12-08T08:29:15.969+0000] {processor.py:925} INFO - DAG(s) 'example_local_kubernetes_executor' retrieved from /home/airflow/.local/lib/python3.12/site-packages/airflow/example_dags/example_local_kubernetes_executor.py
[2025-12-08T08:29:16.009+0000] {logging_mixin.py:190} INFO - [2025-12-08T08:29:16.009+0000] {dag.py:3211} INFO - Sync 1 DAGs
[2025-12-08T08:29:16.023+0000] {logging_mixin.py:190} INFO - [2025-12-08T08:29:16.022+0000] {dag.py:4138} INFO - Setting next_dagrun for example_local_kubernetes_executor to None, run_after=None
[2025-12-08T08:29:16.044+0000] {processor.py:208} INFO - Processing /home/airflow/.local/lib/python3.12/site-packages/airflow/example_dags/example_local_kubernetes_executor.py took 0.097 seconds
[2025-12-08T08:29:46.513+0000] {processor.py:186} INFO - Started process (PID=7913) to work on /home/airflow/.local/lib/python3.12/site-packages/airflow/example_dags/example_local_kubernetes_executor.py
[2025-12-08T08:29:46.515+0000] {processor.py:914} INFO - Processing file /home/airflow/.local/lib/python3.12/site-packages/airflow/example_dags/example_local_kubernetes_executor.py for tasks to queue
[2025-12-08T08:29:46.518+0000] {logging_mixin.py:190} INFO - [2025-12-08T08:29:46.518+0000] {dagbag.py:587} INFO - Filling up the DagBag from /home/airflow/.local/lib/python3.12/site-packages/airflow/example_dags/example_local_kubernetes_executor.py
[2025-12-08T08:29:46.530+0000] {processor.py:925} INFO - DAG(s) 'example_local_kubernetes_executor' retrieved from /home/airflow/.local/lib/python3.12/site-packages/airflow/example_dags/example_local_kubernetes_executor.py
[2025-12-08T08:29:46.570+0000] {logging_mixin.py:190} INFO - [2025-12-08T08:29:46.570+0000] {dag.py:3211} INFO - Sync 1 DAGs
[2025-12-08T08:29:46.585+0000] {logging_mixin.py:190} INFO - [2025-12-08T08:29:46.585+0000] {dag.py:4138} INFO - Setting next_dagrun for example_local_kubernetes_executor to None, run_after=None
[2025-12-08T08:29:46.611+0000] {processor.py:208} INFO - Processing /home/airflow/.local/lib/python3.12/site-packages/airflow/example_dags/example_local_kubernetes_executor.py took 0.105 seconds
[2025-12-08T08:30:17.364+0000] {processor.py:186} INFO - Started process (PID=7976) to work on /home/airflow/.local/lib/python3.12/site-packages/airflow/example_dags/example_local_kubernetes_executor.py
[2025-12-08T08:30:17.366+0000] {processor.py:914} INFO - Processing file /home/airflow/.local/lib/python3.12/site-packages/airflow/example_dags/example_local_kubernetes_executor.py for tasks to queue
[2025-12-08T08:30:17.369+0000] {logging_mixin.py:190} INFO - [2025-12-08T08:30:17.369+0000] {dagbag.py:587} INFO - Filling up the DagBag from /home/airflow/.local/lib/python3.12/site-packages/airflow/example_dags/example_local_kubernetes_executor.py
[2025-12-08T08:30:17.381+0000] {processor.py:925} INFO - DAG(s) 'example_local_kubernetes_executor' retrieved from /home/airflow/.local/lib/python3.12/site-packages/airflow/example_dags/example_local_kubernetes_executor.py
[2025-12-08T08:30:17.423+0000] {logging_mixin.py:190} INFO - [2025-12-08T08:30:17.423+0000] {dag.py:3211} INFO - Sync 1 DAGs
[2025-12-08T08:30:17.440+0000] {logging_mixin.py:190} INFO - [2025-12-08T08:30:17.439+0000] {dag.py:4138} INFO - Setting next_dagrun for example_local_kubernetes_executor to None, run_after=None
[2025-12-08T08:30:17.466+0000] {processor.py:208} INFO - Processing /home/airflow/.local/lib/python3.12/site-packages/airflow/example_dags/example_local_kubernetes_executor.py took 0.110 seconds
[2025-12-08T08:30:50.553+0000] {processor.py:186} INFO - Started process (PID=8039) to work on /home/airflow/.local/lib/python3.12/site-packages/airflow/example_dags/example_local_kubernetes_executor.py
[2025-12-08T08:30:50.557+0000] {processor.py:914} INFO - Processing file /home/airflow/.local/lib/python3.12/site-packages/airflow/example_dags/example_local_kubernetes_executor.py for tasks to queue
[2025-12-08T08:30:50.568+0000] {logging_mixin.py:190} INFO - [2025-12-08T08:30:50.567+0000] {dagbag.py:587} INFO - Filling up the DagBag from /home/airflow/.local/lib/python3.12/site-packages/airflow/example_dags/example_local_kubernetes_executor.py
[2025-12-08T08:30:50.586+0000] {processor.py:925} INFO - DAG(s) 'example_local_kubernetes_executor' retrieved from /home/airflow/.local/lib/python3.12/site-packages/airflow/example_dags/example_local_kubernetes_executor.py
[2025-12-08T08:30:50.658+0000] {logging_mixin.py:190} INFO - [2025-12-08T08:30:50.658+0000] {dag.py:3211} INFO - Sync 1 DAGs
[2025-12-08T08:30:50.677+0000] {logging_mixin.py:190} INFO - [2025-12-08T08:30:50.676+0000] {dag.py:4138} INFO - Setting next_dagrun for example_local_kubernetes_executor to None, run_after=None
[2025-12-08T08:30:50.706+0000] {processor.py:208} INFO - Processing /home/airflow/.local/lib/python3.12/site-packages/airflow/example_dags/example_local_kubernetes_executor.py took 0.167 seconds
[2025-12-08T08:31:21.145+0000] {processor.py:186} INFO - Started process (PID=8102) to work on /home/airflow/.local/lib/python3.12/site-packages/airflow/example_dags/example_local_kubernetes_executor.py
[2025-12-08T08:31:21.146+0000] {processor.py:914} INFO - Processing file /home/airflow/.local/lib/python3.12/site-packages/airflow/example_dags/example_local_kubernetes_executor.py for tasks to queue
[2025-12-08T08:31:21.149+0000] {logging_mixin.py:190} INFO - [2025-12-08T08:31:21.149+0000] {dagbag.py:587} INFO - Filling up the DagBag from /home/airflow/.local/lib/python3.12/site-packages/airflow/example_dags/example_local_kubernetes_executor.py
[2025-12-08T08:31:21.161+0000] {processor.py:925} INFO - DAG(s) 'example_local_kubernetes_executor' retrieved from /home/airflow/.local/lib/python3.12/site-packages/airflow/example_dags/example_local_kubernetes_executor.py
[2025-12-08T08:31:21.205+0000] {logging_mixin.py:190} INFO - [2025-12-08T08:31:21.204+0000] {dag.py:3211} INFO - Sync 1 DAGs
[2025-12-08T08:31:21.219+0000] {logging_mixin.py:190} INFO - [2025-12-08T08:31:21.219+0000] {dag.py:4138} INFO - Setting next_dagrun for example_local_kubernetes_executor to None, run_after=None
[2025-12-08T08:31:21.240+0000] {processor.py:208} INFO - Processing /home/airflow/.local/lib/python3.12/site-packages/airflow/example_dags/example_local_kubernetes_executor.py took 0.102 seconds
[2025-12-08T08:31:51.764+0000] {processor.py:186} INFO - Started process (PID=8165) to work on /home/airflow/.local/lib/python3.12/site-packages/airflow/example_dags/example_local_kubernetes_executor.py
[2025-12-08T08:31:51.765+0000] {processor.py:914} INFO - Processing file /home/airflow/.local/lib/python3.12/site-packages/airflow/example_dags/example_local_kubernetes_executor.py for tasks to queue
[2025-12-08T08:31:51.770+0000] {logging_mixin.py:190} INFO - [2025-12-08T08:31:51.769+0000] {dagbag.py:587} INFO - Filling up the DagBag from /home/airflow/.local/lib/python3.12/site-packages/airflow/example_dags/example_local_kubernetes_executor.py
[2025-12-08T08:31:51.781+0000] {processor.py:925} INFO - DAG(s) 'example_local_kubernetes_executor' retrieved from /home/airflow/.local/lib/python3.12/site-packages/airflow/example_dags/example_local_kubernetes_executor.py
[2025-12-08T08:31:51.823+0000] {logging_mixin.py:190} INFO - [2025-12-08T08:31:51.822+0000] {dag.py:3211} INFO - Sync 1 DAGs
[2025-12-08T08:31:51.839+0000] {logging_mixin.py:190} INFO - [2025-12-08T08:31:51.838+0000] {dag.py:4138} INFO - Setting next_dagrun for example_local_kubernetes_executor to None, run_after=None
[2025-12-08T08:31:51.861+0000] {processor.py:208} INFO - Processing /home/airflow/.local/lib/python3.12/site-packages/airflow/example_dags/example_local_kubernetes_executor.py took 0.103 seconds
[2025-12-08T08:32:22.004+0000] {processor.py:186} INFO - Started process (PID=8228) to work on /home/airflow/.local/lib/python3.12/site-packages/airflow/example_dags/example_local_kubernetes_executor.py
[2025-12-08T08:32:22.006+0000] {processor.py:914} INFO - Processing file /home/airflow/.local/lib/python3.12/site-packages/airflow/example_dags/example_local_kubernetes_executor.py for tasks to queue
[2025-12-08T08:32:22.010+0000] {logging_mixin.py:190} INFO - [2025-12-08T08:32:22.010+0000] {dagbag.py:587} INFO - Filling up the DagBag from /home/airflow/.local/lib/python3.12/site-packages/airflow/example_dags/example_local_kubernetes_executor.py
[2025-12-08T08:32:22.026+0000] {processor.py:925} INFO - DAG(s) 'example_local_kubernetes_executor' retrieved from /home/airflow/.local/lib/python3.12/site-packages/airflow/example_dags/example_local_kubernetes_executor.py
[2025-12-08T08:32:22.084+0000] {logging_mixin.py:190} INFO - [2025-12-08T08:32:22.083+0000] {dag.py:3211} INFO - Sync 1 DAGs
[2025-12-08T08:32:22.107+0000] {logging_mixin.py:190} INFO - [2025-12-08T08:32:22.106+0000] {dag.py:4138} INFO - Setting next_dagrun for example_local_kubernetes_executor to None, run_after=None
[2025-12-08T08:32:22.131+0000] {processor.py:208} INFO - Processing /home/airflow/.local/lib/python3.12/site-packages/airflow/example_dags/example_local_kubernetes_executor.py took 0.136 seconds
[2025-12-08T08:32:52.319+0000] {processor.py:186} INFO - Started process (PID=8292) to work on /home/airflow/.local/lib/python3.12/site-packages/airflow/example_dags/example_local_kubernetes_executor.py
[2025-12-08T08:32:52.321+0000] {processor.py:914} INFO - Processing file /home/airflow/.local/lib/python3.12/site-packages/airflow/example_dags/example_local_kubernetes_executor.py for tasks to queue
[2025-12-08T08:32:52.325+0000] {logging_mixin.py:190} INFO - [2025-12-08T08:32:52.324+0000] {dagbag.py:587} INFO - Filling up the DagBag from /home/airflow/.local/lib/python3.12/site-packages/airflow/example_dags/example_local_kubernetes_executor.py
[2025-12-08T08:32:52.336+0000] {processor.py:925} INFO - DAG(s) 'example_local_kubernetes_executor' retrieved from /home/airflow/.local/lib/python3.12/site-packages/airflow/example_dags/example_local_kubernetes_executor.py
[2025-12-08T08:32:52.397+0000] {logging_mixin.py:190} INFO - [2025-12-08T08:32:52.397+0000] {dag.py:3211} INFO - Sync 1 DAGs
[2025-12-08T08:32:52.419+0000] {logging_mixin.py:190} INFO - [2025-12-08T08:32:52.419+0000] {dag.py:4138} INFO - Setting next_dagrun for example_local_kubernetes_executor to None, run_after=None
[2025-12-08T08:32:52.448+0000] {processor.py:208} INFO - Processing /home/airflow/.local/lib/python3.12/site-packages/airflow/example_dags/example_local_kubernetes_executor.py took 0.135 seconds
[2025-12-08T08:33:23.015+0000] {processor.py:186} INFO - Started process (PID=8355) to work on /home/airflow/.local/lib/python3.12/site-packages/airflow/example_dags/example_local_kubernetes_executor.py
[2025-12-08T08:33:23.018+0000] {processor.py:914} INFO - Processing file /home/airflow/.local/lib/python3.12/site-packages/airflow/example_dags/example_local_kubernetes_executor.py for tasks to queue
[2025-12-08T08:33:23.026+0000] {logging_mixin.py:190} INFO - [2025-12-08T08:33:23.025+0000] {dagbag.py:587} INFO - Filling up the DagBag from /home/airflow/.local/lib/python3.12/site-packages/airflow/example_dags/example_local_kubernetes_executor.py
[2025-12-08T08:33:23.047+0000] {processor.py:925} INFO - DAG(s) 'example_local_kubernetes_executor' retrieved from /home/airflow/.local/lib/python3.12/site-packages/airflow/example_dags/example_local_kubernetes_executor.py
[2025-12-08T08:33:23.130+0000] {logging_mixin.py:190} INFO - [2025-12-08T08:33:23.129+0000] {dag.py:3211} INFO - Sync 1 DAGs
[2025-12-08T08:33:23.167+0000] {logging_mixin.py:190} INFO - [2025-12-08T08:33:23.166+0000] {dag.py:4138} INFO - Setting next_dagrun for example_local_kubernetes_executor to None, run_after=None
[2025-12-08T08:33:23.234+0000] {processor.py:208} INFO - Processing /home/airflow/.local/lib/python3.12/site-packages/airflow/example_dags/example_local_kubernetes_executor.py took 0.232 seconds
[2025-12-08T08:33:53.337+0000] {processor.py:186} INFO - Started process (PID=8417) to work on /home/airflow/.local/lib/python3.12/site-packages/airflow/example_dags/example_local_kubernetes_executor.py
[2025-12-08T08:33:53.341+0000] {processor.py:914} INFO - Processing file /home/airflow/.local/lib/python3.12/site-packages/airflow/example_dags/example_local_kubernetes_executor.py for tasks to queue
[2025-12-08T08:33:53.352+0000] {logging_mixin.py:190} INFO - [2025-12-08T08:33:53.350+0000] {dagbag.py:587} INFO - Filling up the DagBag from /home/airflow/.local/lib/python3.12/site-packages/airflow/example_dags/example_local_kubernetes_executor.py
[2025-12-08T08:33:53.368+0000] {processor.py:925} INFO - DAG(s) 'example_local_kubernetes_executor' retrieved from /home/airflow/.local/lib/python3.12/site-packages/airflow/example_dags/example_local_kubernetes_executor.py
[2025-12-08T08:33:53.412+0000] {logging_mixin.py:190} INFO - [2025-12-08T08:33:53.412+0000] {dag.py:3211} INFO - Sync 1 DAGs
[2025-12-08T08:33:53.425+0000] {logging_mixin.py:190} INFO - [2025-12-08T08:33:53.425+0000] {dag.py:4138} INFO - Setting next_dagrun for example_local_kubernetes_executor to None, run_after=None
[2025-12-08T08:33:53.446+0000] {processor.py:208} INFO - Processing /home/airflow/.local/lib/python3.12/site-packages/airflow/example_dags/example_local_kubernetes_executor.py took 0.124 seconds
[2025-12-08T08:34:23.740+0000] {processor.py:186} INFO - Started process (PID=8480) to work on /home/airflow/.local/lib/python3.12/site-packages/airflow/example_dags/example_local_kubernetes_executor.py
[2025-12-08T08:34:23.742+0000] {processor.py:914} INFO - Processing file /home/airflow/.local/lib/python3.12/site-packages/airflow/example_dags/example_local_kubernetes_executor.py for tasks to queue
[2025-12-08T08:34:23.745+0000] {logging_mixin.py:190} INFO - [2025-12-08T08:34:23.745+0000] {dagbag.py:587} INFO - Filling up the DagBag from /home/airflow/.local/lib/python3.12/site-packages/airflow/example_dags/example_local_kubernetes_executor.py
[2025-12-08T08:34:23.757+0000] {processor.py:925} INFO - DAG(s) 'example_local_kubernetes_executor' retrieved from /home/airflow/.local/lib/python3.12/site-packages/airflow/example_dags/example_local_kubernetes_executor.py
[2025-12-08T08:34:23.797+0000] {logging_mixin.py:190} INFO - [2025-12-08T08:34:23.797+0000] {dag.py:3211} INFO - Sync 1 DAGs
[2025-12-08T08:34:23.812+0000] {logging_mixin.py:190} INFO - [2025-12-08T08:34:23.811+0000] {dag.py:4138} INFO - Setting next_dagrun for example_local_kubernetes_executor to None, run_after=None
[2025-12-08T08:34:23.836+0000] {processor.py:208} INFO - Processing /home/airflow/.local/lib/python3.12/site-packages/airflow/example_dags/example_local_kubernetes_executor.py took 0.104 seconds
[2025-12-08T08:34:54.606+0000] {processor.py:186} INFO - Started process (PID=8544) to work on /home/airflow/.local/lib/python3.12/site-packages/airflow/example_dags/example_local_kubernetes_executor.py
[2025-12-08T08:34:54.608+0000] {processor.py:914} INFO - Processing file /home/airflow/.local/lib/python3.12/site-packages/airflow/example_dags/example_local_kubernetes_executor.py for tasks to queue
[2025-12-08T08:34:54.612+0000] {logging_mixin.py:190} INFO - [2025-12-08T08:34:54.611+0000] {dagbag.py:587} INFO - Filling up the DagBag from /home/airflow/.local/lib/python3.12/site-packages/airflow/example_dags/example_local_kubernetes_executor.py
[2025-12-08T08:34:54.623+0000] {processor.py:925} INFO - DAG(s) 'example_local_kubernetes_executor' retrieved from /home/airflow/.local/lib/python3.12/site-packages/airflow/example_dags/example_local_kubernetes_executor.py
[2025-12-08T08:34:54.669+0000] {logging_mixin.py:190} INFO - [2025-12-08T08:34:54.668+0000] {dag.py:3211} INFO - Sync 1 DAGs
[2025-12-08T08:34:54.684+0000] {logging_mixin.py:190} INFO - [2025-12-08T08:34:54.684+0000] {dag.py:4138} INFO - Setting next_dagrun for example_local_kubernetes_executor to None, run_after=None
[2025-12-08T08:34:54.705+0000] {processor.py:208} INFO - Processing /home/airflow/.local/lib/python3.12/site-packages/airflow/example_dags/example_local_kubernetes_executor.py took 0.105 seconds
[2025-12-08T08:35:25.091+0000] {processor.py:186} INFO - Started process (PID=8607) to work on /home/airflow/.local/lib/python3.12/site-packages/airflow/example_dags/example_local_kubernetes_executor.py
[2025-12-08T08:35:25.092+0000] {processor.py:914} INFO - Processing file /home/airflow/.local/lib/python3.12/site-packages/airflow/example_dags/example_local_kubernetes_executor.py for tasks to queue
[2025-12-08T08:35:25.097+0000] {logging_mixin.py:190} INFO - [2025-12-08T08:35:25.096+0000] {dagbag.py:587} INFO - Filling up the DagBag from /home/airflow/.local/lib/python3.12/site-packages/airflow/example_dags/example_local_kubernetes_executor.py
[2025-12-08T08:35:25.112+0000] {processor.py:925} INFO - DAG(s) 'example_local_kubernetes_executor' retrieved from /home/airflow/.local/lib/python3.12/site-packages/airflow/example_dags/example_local_kubernetes_executor.py
[2025-12-08T08:35:25.158+0000] {logging_mixin.py:190} INFO - [2025-12-08T08:35:25.158+0000] {dag.py:3211} INFO - Sync 1 DAGs
[2025-12-08T08:35:25.175+0000] {logging_mixin.py:190} INFO - [2025-12-08T08:35:25.175+0000] {dag.py:4138} INFO - Setting next_dagrun for example_local_kubernetes_executor to None, run_after=None
[2025-12-08T08:35:25.195+0000] {processor.py:208} INFO - Processing /home/airflow/.local/lib/python3.12/site-packages/airflow/example_dags/example_local_kubernetes_executor.py took 0.110 seconds
[2025-12-08T08:35:55.676+0000] {processor.py:186} INFO - Started process (PID=8670) to work on /home/airflow/.local/lib/python3.12/site-packages/airflow/example_dags/example_local_kubernetes_executor.py
[2025-12-08T08:35:55.678+0000] {processor.py:914} INFO - Processing file /home/airflow/.local/lib/python3.12/site-packages/airflow/example_dags/example_local_kubernetes_executor.py for tasks to queue
[2025-12-08T08:35:55.682+0000] {logging_mixin.py:190} INFO - [2025-12-08T08:35:55.681+0000] {dagbag.py:587} INFO - Filling up the DagBag from /home/airflow/.local/lib/python3.12/site-packages/airflow/example_dags/example_local_kubernetes_executor.py
[2025-12-08T08:35:55.693+0000] {processor.py:925} INFO - DAG(s) 'example_local_kubernetes_executor' retrieved from /home/airflow/.local/lib/python3.12/site-packages/airflow/example_dags/example_local_kubernetes_executor.py
[2025-12-08T08:35:55.733+0000] {logging_mixin.py:190} INFO - [2025-12-08T08:35:55.732+0000] {dag.py:3211} INFO - Sync 1 DAGs
[2025-12-08T08:35:55.744+0000] {logging_mixin.py:190} INFO - [2025-12-08T08:35:55.744+0000] {dag.py:4138} INFO - Setting next_dagrun for example_local_kubernetes_executor to None, run_after=None
[2025-12-08T08:35:55.766+0000] {processor.py:208} INFO - Processing /home/airflow/.local/lib/python3.12/site-packages/airflow/example_dags/example_local_kubernetes_executor.py took 0.096 seconds
[2025-12-08T08:36:25.953+0000] {processor.py:186} INFO - Started process (PID=8733) to work on /home/airflow/.local/lib/python3.12/site-packages/airflow/example_dags/example_local_kubernetes_executor.py
[2025-12-08T08:36:25.955+0000] {processor.py:914} INFO - Processing file /home/airflow/.local/lib/python3.12/site-packages/airflow/example_dags/example_local_kubernetes_executor.py for tasks to queue
[2025-12-08T08:36:25.958+0000] {logging_mixin.py:190} INFO - [2025-12-08T08:36:25.957+0000] {dagbag.py:587} INFO - Filling up the DagBag from /home/airflow/.local/lib/python3.12/site-packages/airflow/example_dags/example_local_kubernetes_executor.py
[2025-12-08T08:36:25.967+0000] {processor.py:925} INFO - DAG(s) 'example_local_kubernetes_executor' retrieved from /home/airflow/.local/lib/python3.12/site-packages/airflow/example_dags/example_local_kubernetes_executor.py
[2025-12-08T08:36:26.004+0000] {logging_mixin.py:190} INFO - [2025-12-08T08:36:26.004+0000] {dag.py:3211} INFO - Sync 1 DAGs
[2025-12-08T08:36:26.017+0000] {logging_mixin.py:190} INFO - [2025-12-08T08:36:26.017+0000] {dag.py:4138} INFO - Setting next_dagrun for example_local_kubernetes_executor to None, run_after=None
[2025-12-08T08:36:26.036+0000] {processor.py:208} INFO - Processing /home/airflow/.local/lib/python3.12/site-packages/airflow/example_dags/example_local_kubernetes_executor.py took 0.088 seconds
[2025-12-08T08:36:56.194+0000] {processor.py:186} INFO - Started process (PID=8796) to work on /home/airflow/.local/lib/python3.12/site-packages/airflow/example_dags/example_local_kubernetes_executor.py
[2025-12-08T08:36:56.196+0000] {processor.py:914} INFO - Processing file /home/airflow/.local/lib/python3.12/site-packages/airflow/example_dags/example_local_kubernetes_executor.py for tasks to queue
[2025-12-08T08:36:56.201+0000] {logging_mixin.py:190} INFO - [2025-12-08T08:36:56.200+0000] {dagbag.py:587} INFO - Filling up the DagBag from /home/airflow/.local/lib/python3.12/site-packages/airflow/example_dags/example_local_kubernetes_executor.py
[2025-12-08T08:36:56.212+0000] {processor.py:925} INFO - DAG(s) 'example_local_kubernetes_executor' retrieved from /home/airflow/.local/lib/python3.12/site-packages/airflow/example_dags/example_local_kubernetes_executor.py
[2025-12-08T08:36:56.255+0000] {logging_mixin.py:190} INFO - [2025-12-08T08:36:56.254+0000] {dag.py:3211} INFO - Sync 1 DAGs
[2025-12-08T08:36:56.268+0000] {logging_mixin.py:190} INFO - [2025-12-08T08:36:56.268+0000] {dag.py:4138} INFO - Setting next_dagrun for example_local_kubernetes_executor to None, run_after=None
[2025-12-08T08:36:56.288+0000] {processor.py:208} INFO - Processing /home/airflow/.local/lib/python3.12/site-packages/airflow/example_dags/example_local_kubernetes_executor.py took 0.103 seconds
[2025-12-08T08:37:27.287+0000] {processor.py:186} INFO - Started process (PID=8859) to work on /home/airflow/.local/lib/python3.12/site-packages/airflow/example_dags/example_local_kubernetes_executor.py
[2025-12-08T08:37:27.288+0000] {processor.py:914} INFO - Processing file /home/airflow/.local/lib/python3.12/site-packages/airflow/example_dags/example_local_kubernetes_executor.py for tasks to queue
[2025-12-08T08:37:27.291+0000] {logging_mixin.py:190} INFO - [2025-12-08T08:37:27.291+0000] {dagbag.py:587} INFO - Filling up the DagBag from /home/airflow/.local/lib/python3.12/site-packages/airflow/example_dags/example_local_kubernetes_executor.py
[2025-12-08T08:37:27.302+0000] {processor.py:925} INFO - DAG(s) 'example_local_kubernetes_executor' retrieved from /home/airflow/.local/lib/python3.12/site-packages/airflow/example_dags/example_local_kubernetes_executor.py
[2025-12-08T08:37:27.340+0000] {logging_mixin.py:190} INFO - [2025-12-08T08:37:27.339+0000] {dag.py:3211} INFO - Sync 1 DAGs
[2025-12-08T08:37:27.352+0000] {logging_mixin.py:190} INFO - [2025-12-08T08:37:27.352+0000] {dag.py:4138} INFO - Setting next_dagrun for example_local_kubernetes_executor to None, run_after=None
[2025-12-08T08:37:27.373+0000] {processor.py:208} INFO - Processing /home/airflow/.local/lib/python3.12/site-packages/airflow/example_dags/example_local_kubernetes_executor.py took 0.093 seconds
[2025-12-08T08:37:57.578+0000] {processor.py:186} INFO - Started process (PID=8922) to work on /home/airflow/.local/lib/python3.12/site-packages/airflow/example_dags/example_local_kubernetes_executor.py
[2025-12-08T08:37:57.580+0000] {processor.py:914} INFO - Processing file /home/airflow/.local/lib/python3.12/site-packages/airflow/example_dags/example_local_kubernetes_executor.py for tasks to queue
[2025-12-08T08:37:57.584+0000] {logging_mixin.py:190} INFO - [2025-12-08T08:37:57.584+0000] {dagbag.py:587} INFO - Filling up the DagBag from /home/airflow/.local/lib/python3.12/site-packages/airflow/example_dags/example_local_kubernetes_executor.py
[2025-12-08T08:37:57.598+0000] {processor.py:925} INFO - DAG(s) 'example_local_kubernetes_executor' retrieved from /home/airflow/.local/lib/python3.12/site-packages/airflow/example_dags/example_local_kubernetes_executor.py
[2025-12-08T08:37:57.648+0000] {logging_mixin.py:190} INFO - [2025-12-08T08:37:57.648+0000] {dag.py:3211} INFO - Sync 1 DAGs
[2025-12-08T08:37:57.664+0000] {logging_mixin.py:190} INFO - [2025-12-08T08:37:57.663+0000] {dag.py:4138} INFO - Setting next_dagrun for example_local_kubernetes_executor to None, run_after=None
[2025-12-08T08:37:57.686+0000] {processor.py:208} INFO - Processing /home/airflow/.local/lib/python3.12/site-packages/airflow/example_dags/example_local_kubernetes_executor.py took 0.117 seconds
[2025-12-08T08:38:28.306+0000] {processor.py:186} INFO - Started process (PID=8985) to work on /home/airflow/.local/lib/python3.12/site-packages/airflow/example_dags/example_local_kubernetes_executor.py
[2025-12-08T08:38:28.308+0000] {processor.py:914} INFO - Processing file /home/airflow/.local/lib/python3.12/site-packages/airflow/example_dags/example_local_kubernetes_executor.py for tasks to queue
[2025-12-08T08:38:28.313+0000] {logging_mixin.py:190} INFO - [2025-12-08T08:38:28.312+0000] {dagbag.py:587} INFO - Filling up the DagBag from /home/airflow/.local/lib/python3.12/site-packages/airflow/example_dags/example_local_kubernetes_executor.py
[2025-12-08T08:38:28.326+0000] {processor.py:925} INFO - DAG(s) 'example_local_kubernetes_executor' retrieved from /home/airflow/.local/lib/python3.12/site-packages/airflow/example_dags/example_local_kubernetes_executor.py
[2025-12-08T08:38:28.373+0000] {logging_mixin.py:190} INFO - [2025-12-08T08:38:28.372+0000] {dag.py:3211} INFO - Sync 1 DAGs
[2025-12-08T08:38:28.388+0000] {logging_mixin.py:190} INFO - [2025-12-08T08:38:28.388+0000] {dag.py:4138} INFO - Setting next_dagrun for example_local_kubernetes_executor to None, run_after=None
[2025-12-08T08:38:28.411+0000] {processor.py:208} INFO - Processing /home/airflow/.local/lib/python3.12/site-packages/airflow/example_dags/example_local_kubernetes_executor.py took 0.112 seconds
[2025-12-08T08:38:59.400+0000] {processor.py:186} INFO - Started process (PID=9048) to work on /home/airflow/.local/lib/python3.12/site-packages/airflow/example_dags/example_local_kubernetes_executor.py
[2025-12-08T08:38:59.402+0000] {processor.py:914} INFO - Processing file /home/airflow/.local/lib/python3.12/site-packages/airflow/example_dags/example_local_kubernetes_executor.py for tasks to queue
[2025-12-08T08:38:59.407+0000] {logging_mixin.py:190} INFO - [2025-12-08T08:38:59.406+0000] {dagbag.py:587} INFO - Filling up the DagBag from /home/airflow/.local/lib/python3.12/site-packages/airflow/example_dags/example_local_kubernetes_executor.py
[2025-12-08T08:38:59.420+0000] {processor.py:925} INFO - DAG(s) 'example_local_kubernetes_executor' retrieved from /home/airflow/.local/lib/python3.12/site-packages/airflow/example_dags/example_local_kubernetes_executor.py
[2025-12-08T08:38:59.470+0000] {logging_mixin.py:190} INFO - [2025-12-08T08:38:59.470+0000] {dag.py:3211} INFO - Sync 1 DAGs
[2025-12-08T08:38:59.698+0000] {logging_mixin.py:190} INFO - [2025-12-08T08:38:59.698+0000] {dag.py:4138} INFO - Setting next_dagrun for example_local_kubernetes_executor to None, run_after=None
[2025-12-08T08:38:59.729+0000] {processor.py:208} INFO - Processing /home/airflow/.local/lib/python3.12/site-packages/airflow/example_dags/example_local_kubernetes_executor.py took 0.339 seconds
[2025-12-08T08:39:30.172+0000] {processor.py:186} INFO - Started process (PID=9111) to work on /home/airflow/.local/lib/python3.12/site-packages/airflow/example_dags/example_local_kubernetes_executor.py
[2025-12-08T08:39:30.173+0000] {processor.py:914} INFO - Processing file /home/airflow/.local/lib/python3.12/site-packages/airflow/example_dags/example_local_kubernetes_executor.py for tasks to queue
[2025-12-08T08:39:30.177+0000] {logging_mixin.py:190} INFO - [2025-12-08T08:39:30.177+0000] {dagbag.py:587} INFO - Filling up the DagBag from /home/airflow/.local/lib/python3.12/site-packages/airflow/example_dags/example_local_kubernetes_executor.py
[2025-12-08T08:39:30.186+0000] {processor.py:925} INFO - DAG(s) 'example_local_kubernetes_executor' retrieved from /home/airflow/.local/lib/python3.12/site-packages/airflow/example_dags/example_local_kubernetes_executor.py
[2025-12-08T08:39:30.223+0000] {logging_mixin.py:190} INFO - [2025-12-08T08:39:30.222+0000] {dag.py:3211} INFO - Sync 1 DAGs
[2025-12-08T08:39:30.236+0000] {logging_mixin.py:190} INFO - [2025-12-08T08:39:30.236+0000] {dag.py:4138} INFO - Setting next_dagrun for example_local_kubernetes_executor to None, run_after=None
[2025-12-08T08:39:30.258+0000] {processor.py:208} INFO - Processing /home/airflow/.local/lib/python3.12/site-packages/airflow/example_dags/example_local_kubernetes_executor.py took 0.092 seconds
[2025-12-08T08:40:00.627+0000] {processor.py:186} INFO - Started process (PID=9174) to work on /home/airflow/.local/lib/python3.12/site-packages/airflow/example_dags/example_local_kubernetes_executor.py
[2025-12-08T08:40:00.629+0000] {processor.py:914} INFO - Processing file /home/airflow/.local/lib/python3.12/site-packages/airflow/example_dags/example_local_kubernetes_executor.py for tasks to queue
[2025-12-08T08:40:00.634+0000] {logging_mixin.py:190} INFO - [2025-12-08T08:40:00.633+0000] {dagbag.py:587} INFO - Filling up the DagBag from /home/airflow/.local/lib/python3.12/site-packages/airflow/example_dags/example_local_kubernetes_executor.py
[2025-12-08T08:40:00.645+0000] {processor.py:925} INFO - DAG(s) 'example_local_kubernetes_executor' retrieved from /home/airflow/.local/lib/python3.12/site-packages/airflow/example_dags/example_local_kubernetes_executor.py
[2025-12-08T08:40:00.689+0000] {logging_mixin.py:190} INFO - [2025-12-08T08:40:00.688+0000] {dag.py:3211} INFO - Sync 1 DAGs
[2025-12-08T08:40:00.703+0000] {logging_mixin.py:190} INFO - [2025-12-08T08:40:00.703+0000] {dag.py:4138} INFO - Setting next_dagrun for example_local_kubernetes_executor to None, run_after=None
[2025-12-08T08:40:00.727+0000] {processor.py:208} INFO - Processing /home/airflow/.local/lib/python3.12/site-packages/airflow/example_dags/example_local_kubernetes_executor.py took 0.106 seconds
[2025-12-08T08:40:31.162+0000] {processor.py:186} INFO - Started process (PID=9237) to work on /home/airflow/.local/lib/python3.12/site-packages/airflow/example_dags/example_local_kubernetes_executor.py
[2025-12-08T08:40:31.164+0000] {processor.py:914} INFO - Processing file /home/airflow/.local/lib/python3.12/site-packages/airflow/example_dags/example_local_kubernetes_executor.py for tasks to queue
[2025-12-08T08:40:31.169+0000] {logging_mixin.py:190} INFO - [2025-12-08T08:40:31.168+0000] {dagbag.py:587} INFO - Filling up the DagBag from /home/airflow/.local/lib/python3.12/site-packages/airflow/example_dags/example_local_kubernetes_executor.py
[2025-12-08T08:40:31.182+0000] {processor.py:925} INFO - DAG(s) 'example_local_kubernetes_executor' retrieved from /home/airflow/.local/lib/python3.12/site-packages/airflow/example_dags/example_local_kubernetes_executor.py
[2025-12-08T08:40:31.242+0000] {logging_mixin.py:190} INFO - [2025-12-08T08:40:31.242+0000] {dag.py:3211} INFO - Sync 1 DAGs
[2025-12-08T08:40:31.260+0000] {logging_mixin.py:190} INFO - [2025-12-08T08:40:31.260+0000] {dag.py:4138} INFO - Setting next_dagrun for example_local_kubernetes_executor to None, run_after=None
[2025-12-08T08:40:31.287+0000] {processor.py:208} INFO - Processing /home/airflow/.local/lib/python3.12/site-packages/airflow/example_dags/example_local_kubernetes_executor.py took 0.133 seconds
[2025-12-08T08:41:01.868+0000] {processor.py:186} INFO - Started process (PID=9300) to work on /home/airflow/.local/lib/python3.12/site-packages/airflow/example_dags/example_local_kubernetes_executor.py
[2025-12-08T08:41:01.870+0000] {processor.py:914} INFO - Processing file /home/airflow/.local/lib/python3.12/site-packages/airflow/example_dags/example_local_kubernetes_executor.py for tasks to queue
[2025-12-08T08:41:01.873+0000] {logging_mixin.py:190} INFO - [2025-12-08T08:41:01.872+0000] {dagbag.py:587} INFO - Filling up the DagBag from /home/airflow/.local/lib/python3.12/site-packages/airflow/example_dags/example_local_kubernetes_executor.py
[2025-12-08T08:41:01.883+0000] {processor.py:925} INFO - DAG(s) 'example_local_kubernetes_executor' retrieved from /home/airflow/.local/lib/python3.12/site-packages/airflow/example_dags/example_local_kubernetes_executor.py
[2025-12-08T08:41:02.101+0000] {logging_mixin.py:190} INFO - [2025-12-08T08:41:02.100+0000] {dag.py:3211} INFO - Sync 1 DAGs
[2025-12-08T08:41:02.115+0000] {logging_mixin.py:190} INFO - [2025-12-08T08:41:02.115+0000] {dag.py:4138} INFO - Setting next_dagrun for example_local_kubernetes_executor to None, run_after=None
[2025-12-08T08:41:02.137+0000] {processor.py:208} INFO - Processing /home/airflow/.local/lib/python3.12/site-packages/airflow/example_dags/example_local_kubernetes_executor.py took 0.275 seconds
[2025-12-08T08:41:32.757+0000] {processor.py:186} INFO - Started process (PID=9364) to work on /home/airflow/.local/lib/python3.12/site-packages/airflow/example_dags/example_local_kubernetes_executor.py
[2025-12-08T08:41:32.759+0000] {processor.py:914} INFO - Processing file /home/airflow/.local/lib/python3.12/site-packages/airflow/example_dags/example_local_kubernetes_executor.py for tasks to queue
[2025-12-08T08:41:32.762+0000] {logging_mixin.py:190} INFO - [2025-12-08T08:41:32.762+0000] {dagbag.py:587} INFO - Filling up the DagBag from /home/airflow/.local/lib/python3.12/site-packages/airflow/example_dags/example_local_kubernetes_executor.py
[2025-12-08T08:41:32.773+0000] {processor.py:925} INFO - DAG(s) 'example_local_kubernetes_executor' retrieved from /home/airflow/.local/lib/python3.12/site-packages/airflow/example_dags/example_local_kubernetes_executor.py
[2025-12-08T08:41:32.977+0000] {logging_mixin.py:190} INFO - [2025-12-08T08:41:32.977+0000] {dag.py:3211} INFO - Sync 1 DAGs
[2025-12-08T08:41:32.990+0000] {logging_mixin.py:190} INFO - [2025-12-08T08:41:32.990+0000] {dag.py:4138} INFO - Setting next_dagrun for example_local_kubernetes_executor to None, run_after=None
[2025-12-08T08:41:33.016+0000] {processor.py:208} INFO - Processing /home/airflow/.local/lib/python3.12/site-packages/airflow/example_dags/example_local_kubernetes_executor.py took 0.265 seconds
[2025-12-08T08:42:03.558+0000] {processor.py:186} INFO - Started process (PID=9427) to work on /home/airflow/.local/lib/python3.12/site-packages/airflow/example_dags/example_local_kubernetes_executor.py
[2025-12-08T08:42:03.560+0000] {processor.py:914} INFO - Processing file /home/airflow/.local/lib/python3.12/site-packages/airflow/example_dags/example_local_kubernetes_executor.py for tasks to queue
[2025-12-08T08:42:03.564+0000] {logging_mixin.py:190} INFO - [2025-12-08T08:42:03.564+0000] {dagbag.py:587} INFO - Filling up the DagBag from /home/airflow/.local/lib/python3.12/site-packages/airflow/example_dags/example_local_kubernetes_executor.py
[2025-12-08T08:42:03.578+0000] {processor.py:925} INFO - DAG(s) 'example_local_kubernetes_executor' retrieved from /home/airflow/.local/lib/python3.12/site-packages/airflow/example_dags/example_local_kubernetes_executor.py
[2025-12-08T08:42:03.629+0000] {logging_mixin.py:190} INFO - [2025-12-08T08:42:03.628+0000] {dag.py:3211} INFO - Sync 1 DAGs
[2025-12-08T08:42:03.645+0000] {logging_mixin.py:190} INFO - [2025-12-08T08:42:03.644+0000] {dag.py:4138} INFO - Setting next_dagrun for example_local_kubernetes_executor to None, run_after=None
[2025-12-08T08:42:03.672+0000] {processor.py:208} INFO - Processing /home/airflow/.local/lib/python3.12/site-packages/airflow/example_dags/example_local_kubernetes_executor.py took 0.122 seconds
[2025-12-08T08:42:34.242+0000] {processor.py:186} INFO - Started process (PID=9490) to work on /home/airflow/.local/lib/python3.12/site-packages/airflow/example_dags/example_local_kubernetes_executor.py
[2025-12-08T08:42:34.244+0000] {processor.py:914} INFO - Processing file /home/airflow/.local/lib/python3.12/site-packages/airflow/example_dags/example_local_kubernetes_executor.py for tasks to queue
[2025-12-08T08:42:34.247+0000] {logging_mixin.py:190} INFO - [2025-12-08T08:42:34.246+0000] {dagbag.py:587} INFO - Filling up the DagBag from /home/airflow/.local/lib/python3.12/site-packages/airflow/example_dags/example_local_kubernetes_executor.py
[2025-12-08T08:42:34.258+0000] {processor.py:925} INFO - DAG(s) 'example_local_kubernetes_executor' retrieved from /home/airflow/.local/lib/python3.12/site-packages/airflow/example_dags/example_local_kubernetes_executor.py
[2025-12-08T08:42:34.301+0000] {logging_mixin.py:190} INFO - [2025-12-08T08:42:34.301+0000] {dag.py:3211} INFO - Sync 1 DAGs
[2025-12-08T08:42:34.314+0000] {logging_mixin.py:190} INFO - [2025-12-08T08:42:34.314+0000] {dag.py:4138} INFO - Setting next_dagrun for example_local_kubernetes_executor to None, run_after=None
[2025-12-08T08:42:34.335+0000] {processor.py:208} INFO - Processing /home/airflow/.local/lib/python3.12/site-packages/airflow/example_dags/example_local_kubernetes_executor.py took 0.100 seconds
[2025-12-08T08:43:04.888+0000] {processor.py:186} INFO - Started process (PID=9553) to work on /home/airflow/.local/lib/python3.12/site-packages/airflow/example_dags/example_local_kubernetes_executor.py
[2025-12-08T08:43:04.890+0000] {processor.py:914} INFO - Processing file /home/airflow/.local/lib/python3.12/site-packages/airflow/example_dags/example_local_kubernetes_executor.py for tasks to queue
[2025-12-08T08:43:04.893+0000] {logging_mixin.py:190} INFO - [2025-12-08T08:43:04.893+0000] {dagbag.py:587} INFO - Filling up the DagBag from /home/airflow/.local/lib/python3.12/site-packages/airflow/example_dags/example_local_kubernetes_executor.py
[2025-12-08T08:43:04.904+0000] {processor.py:925} INFO - DAG(s) 'example_local_kubernetes_executor' retrieved from /home/airflow/.local/lib/python3.12/site-packages/airflow/example_dags/example_local_kubernetes_executor.py
[2025-12-08T08:43:04.944+0000] {logging_mixin.py:190} INFO - [2025-12-08T08:43:04.943+0000] {dag.py:3211} INFO - Sync 1 DAGs
[2025-12-08T08:43:04.957+0000] {logging_mixin.py:190} INFO - [2025-12-08T08:43:04.957+0000] {dag.py:4138} INFO - Setting next_dagrun for example_local_kubernetes_executor to None, run_after=None
[2025-12-08T08:43:04.980+0000] {processor.py:208} INFO - Processing /home/airflow/.local/lib/python3.12/site-packages/airflow/example_dags/example_local_kubernetes_executor.py took 0.099 seconds
