[2025-12-08T07:00:36.964+0000] {processor.py:186} INFO - Started process (PID=90) to work on /home/airflow/.local/lib/python3.12/site-packages/airflow/example_dags/example_xcomargs.py
[2025-12-08T07:00:36.967+0000] {processor.py:914} INFO - Processing file /home/airflow/.local/lib/python3.12/site-packages/airflow/example_dags/example_xcomargs.py for tasks to queue
[2025-12-08T07:00:36.978+0000] {logging_mixin.py:190} INFO - [2025-12-08T07:00:36.977+0000] {dagbag.py:587} INFO - Filling up the DagBag from /home/airflow/.local/lib/python3.12/site-packages/airflow/example_dags/example_xcomargs.py
[2025-12-08T07:00:37.022+0000] {processor.py:925} INFO - DAG(s) 'example_xcom_args', 'example_xcom_args_with_operators' retrieved from /home/airflow/.local/lib/python3.12/site-packages/airflow/example_dags/example_xcomargs.py
[2025-12-08T07:00:37.137+0000] {logging_mixin.py:190} INFO - [2025-12-08T07:00:37.137+0000] {dag.py:3211} INFO - Sync 2 DAGs
[2025-12-08T07:00:37.182+0000] {logging_mixin.py:190} INFO - [2025-12-08T07:00:37.181+0000] {dag.py:4138} INFO - Setting next_dagrun for example_xcom_args to None, run_after=None
[2025-12-08T07:00:37.196+0000] {logging_mixin.py:190} INFO - [2025-12-08T07:00:37.196+0000] {dag.py:4138} INFO - Setting next_dagrun for example_xcom_args_with_operators to None, run_after=None
[2025-12-08T07:00:37.252+0000] {processor.py:208} INFO - Processing /home/airflow/.local/lib/python3.12/site-packages/airflow/example_dags/example_xcomargs.py took 0.305 seconds
[2025-12-08T07:01:07.657+0000] {processor.py:186} INFO - Started process (PID=152) to work on /home/airflow/.local/lib/python3.12/site-packages/airflow/example_dags/example_xcomargs.py
[2025-12-08T07:01:07.661+0000] {processor.py:914} INFO - Processing file /home/airflow/.local/lib/python3.12/site-packages/airflow/example_dags/example_xcomargs.py for tasks to queue
[2025-12-08T07:01:07.671+0000] {logging_mixin.py:190} INFO - [2025-12-08T07:01:07.670+0000] {dagbag.py:587} INFO - Filling up the DagBag from /home/airflow/.local/lib/python3.12/site-packages/airflow/example_dags/example_xcomargs.py
[2025-12-08T07:01:07.696+0000] {processor.py:925} INFO - DAG(s) 'example_xcom_args_with_operators', 'example_xcom_args' retrieved from /home/airflow/.local/lib/python3.12/site-packages/airflow/example_dags/example_xcomargs.py
[2025-12-08T07:01:07.739+0000] {logging_mixin.py:190} INFO - [2025-12-08T07:01:07.738+0000] {dag.py:3211} INFO - Sync 2 DAGs
[2025-12-08T07:01:07.764+0000] {logging_mixin.py:190} INFO - [2025-12-08T07:01:07.764+0000] {dag.py:4138} INFO - Setting next_dagrun for example_xcom_args to None, run_after=None
[2025-12-08T07:01:07.773+0000] {logging_mixin.py:190} INFO - [2025-12-08T07:01:07.772+0000] {dag.py:4138} INFO - Setting next_dagrun for example_xcom_args_with_operators to None, run_after=None
[2025-12-08T07:01:07.806+0000] {processor.py:208} INFO - Processing /home/airflow/.local/lib/python3.12/site-packages/airflow/example_dags/example_xcomargs.py took 0.169 seconds
[2025-12-08T07:01:39.926+0000] {processor.py:186} INFO - Started process (PID=214) to work on /home/airflow/.local/lib/python3.12/site-packages/airflow/example_dags/example_xcomargs.py
[2025-12-08T07:01:39.931+0000] {processor.py:914} INFO - Processing file /home/airflow/.local/lib/python3.12/site-packages/airflow/example_dags/example_xcomargs.py for tasks to queue
[2025-12-08T07:01:39.937+0000] {logging_mixin.py:190} INFO - [2025-12-08T07:01:39.937+0000] {dagbag.py:587} INFO - Filling up the DagBag from /home/airflow/.local/lib/python3.12/site-packages/airflow/example_dags/example_xcomargs.py
[2025-12-08T07:01:39.965+0000] {processor.py:925} INFO - DAG(s) 'example_xcom_args', 'example_xcom_args_with_operators' retrieved from /home/airflow/.local/lib/python3.12/site-packages/airflow/example_dags/example_xcomargs.py
[2025-12-08T07:01:40.023+0000] {logging_mixin.py:190} INFO - [2025-12-08T07:01:40.022+0000] {dag.py:3211} INFO - Sync 2 DAGs
[2025-12-08T07:01:40.058+0000] {logging_mixin.py:190} INFO - [2025-12-08T07:01:40.058+0000] {dag.py:4138} INFO - Setting next_dagrun for example_xcom_args to None, run_after=None
[2025-12-08T07:01:40.078+0000] {logging_mixin.py:190} INFO - [2025-12-08T07:01:40.077+0000] {dag.py:4138} INFO - Setting next_dagrun for example_xcom_args_with_operators to None, run_after=None
[2025-12-08T07:01:40.129+0000] {processor.py:208} INFO - Processing /home/airflow/.local/lib/python3.12/site-packages/airflow/example_dags/example_xcomargs.py took 0.215 seconds
[2025-12-08T07:02:10.376+0000] {processor.py:186} INFO - Started process (PID=276) to work on /home/airflow/.local/lib/python3.12/site-packages/airflow/example_dags/example_xcomargs.py
[2025-12-08T07:02:10.379+0000] {processor.py:914} INFO - Processing file /home/airflow/.local/lib/python3.12/site-packages/airflow/example_dags/example_xcomargs.py for tasks to queue
[2025-12-08T07:02:10.384+0000] {logging_mixin.py:190} INFO - [2025-12-08T07:02:10.383+0000] {dagbag.py:587} INFO - Filling up the DagBag from /home/airflow/.local/lib/python3.12/site-packages/airflow/example_dags/example_xcomargs.py
[2025-12-08T07:02:10.402+0000] {processor.py:925} INFO - DAG(s) 'example_xcom_args_with_operators', 'example_xcom_args' retrieved from /home/airflow/.local/lib/python3.12/site-packages/airflow/example_dags/example_xcomargs.py
[2025-12-08T07:02:10.449+0000] {logging_mixin.py:190} INFO - [2025-12-08T07:02:10.449+0000] {dag.py:3211} INFO - Sync 2 DAGs
[2025-12-08T07:02:10.475+0000] {logging_mixin.py:190} INFO - [2025-12-08T07:02:10.475+0000] {dag.py:4138} INFO - Setting next_dagrun for example_xcom_args to None, run_after=None
[2025-12-08T07:02:10.485+0000] {logging_mixin.py:190} INFO - [2025-12-08T07:02:10.484+0000] {dag.py:4138} INFO - Setting next_dagrun for example_xcom_args_with_operators to None, run_after=None
[2025-12-08T07:02:10.527+0000] {processor.py:208} INFO - Processing /home/airflow/.local/lib/python3.12/site-packages/airflow/example_dags/example_xcomargs.py took 0.160 seconds
[2025-12-08T07:02:40.857+0000] {processor.py:186} INFO - Started process (PID=338) to work on /home/airflow/.local/lib/python3.12/site-packages/airflow/example_dags/example_xcomargs.py
[2025-12-08T07:02:40.859+0000] {processor.py:914} INFO - Processing file /home/airflow/.local/lib/python3.12/site-packages/airflow/example_dags/example_xcomargs.py for tasks to queue
[2025-12-08T07:02:40.862+0000] {logging_mixin.py:190} INFO - [2025-12-08T07:02:40.862+0000] {dagbag.py:587} INFO - Filling up the DagBag from /home/airflow/.local/lib/python3.12/site-packages/airflow/example_dags/example_xcomargs.py
[2025-12-08T07:02:40.877+0000] {processor.py:925} INFO - DAG(s) 'example_xcom_args_with_operators', 'example_xcom_args' retrieved from /home/airflow/.local/lib/python3.12/site-packages/airflow/example_dags/example_xcomargs.py
[2025-12-08T07:02:40.915+0000] {logging_mixin.py:190} INFO - [2025-12-08T07:02:40.912+0000] {dag.py:3211} INFO - Sync 2 DAGs
[2025-12-08T07:02:40.939+0000] {logging_mixin.py:190} INFO - [2025-12-08T07:02:40.939+0000] {dag.py:4138} INFO - Setting next_dagrun for example_xcom_args to None, run_after=None
[2025-12-08T07:02:40.948+0000] {logging_mixin.py:190} INFO - [2025-12-08T07:02:40.947+0000] {dag.py:4138} INFO - Setting next_dagrun for example_xcom_args_with_operators to None, run_after=None
[2025-12-08T07:02:40.984+0000] {processor.py:208} INFO - Processing /home/airflow/.local/lib/python3.12/site-packages/airflow/example_dags/example_xcomargs.py took 0.140 seconds
[2025-12-08T07:03:11.892+0000] {processor.py:186} INFO - Started process (PID=399) to work on /home/airflow/.local/lib/python3.12/site-packages/airflow/example_dags/example_xcomargs.py
[2025-12-08T07:03:11.896+0000] {processor.py:914} INFO - Processing file /home/airflow/.local/lib/python3.12/site-packages/airflow/example_dags/example_xcomargs.py for tasks to queue
[2025-12-08T07:03:11.913+0000] {logging_mixin.py:190} INFO - [2025-12-08T07:03:11.912+0000] {dagbag.py:587} INFO - Filling up the DagBag from /home/airflow/.local/lib/python3.12/site-packages/airflow/example_dags/example_xcomargs.py
[2025-12-08T07:03:11.935+0000] {processor.py:925} INFO - DAG(s) 'example_xcom_args', 'example_xcom_args_with_operators' retrieved from /home/airflow/.local/lib/python3.12/site-packages/airflow/example_dags/example_xcomargs.py
[2025-12-08T07:03:11.980+0000] {logging_mixin.py:190} INFO - [2025-12-08T07:03:11.979+0000] {dag.py:3211} INFO - Sync 2 DAGs
[2025-12-08T07:03:12.000+0000] {logging_mixin.py:190} INFO - [2025-12-08T07:03:11.999+0000] {dag.py:4138} INFO - Setting next_dagrun for example_xcom_args to None, run_after=None
[2025-12-08T07:03:12.006+0000] {logging_mixin.py:190} INFO - [2025-12-08T07:03:12.006+0000] {dag.py:4138} INFO - Setting next_dagrun for example_xcom_args_with_operators to None, run_after=None
[2025-12-08T07:03:12.032+0000] {processor.py:208} INFO - Processing /home/airflow/.local/lib/python3.12/site-packages/airflow/example_dags/example_xcomargs.py took 0.162 seconds
[2025-12-08T07:03:43.145+0000] {processor.py:186} INFO - Started process (PID=462) to work on /home/airflow/.local/lib/python3.12/site-packages/airflow/example_dags/example_xcomargs.py
[2025-12-08T07:03:43.148+0000] {processor.py:914} INFO - Processing file /home/airflow/.local/lib/python3.12/site-packages/airflow/example_dags/example_xcomargs.py for tasks to queue
[2025-12-08T07:03:43.153+0000] {logging_mixin.py:190} INFO - [2025-12-08T07:03:43.153+0000] {dagbag.py:587} INFO - Filling up the DagBag from /home/airflow/.local/lib/python3.12/site-packages/airflow/example_dags/example_xcomargs.py
[2025-12-08T07:03:43.184+0000] {processor.py:925} INFO - DAG(s) 'example_xcom_args', 'example_xcom_args_with_operators' retrieved from /home/airflow/.local/lib/python3.12/site-packages/airflow/example_dags/example_xcomargs.py
[2025-12-08T07:03:43.233+0000] {logging_mixin.py:190} INFO - [2025-12-08T07:03:43.232+0000] {dag.py:3211} INFO - Sync 2 DAGs
[2025-12-08T07:03:43.261+0000] {logging_mixin.py:190} INFO - [2025-12-08T07:03:43.261+0000] {dag.py:4138} INFO - Setting next_dagrun for example_xcom_args to None, run_after=None
[2025-12-08T07:03:43.271+0000] {logging_mixin.py:190} INFO - [2025-12-08T07:03:43.271+0000] {dag.py:4138} INFO - Setting next_dagrun for example_xcom_args_with_operators to None, run_after=None
[2025-12-08T07:03:43.303+0000] {processor.py:208} INFO - Processing /home/airflow/.local/lib/python3.12/site-packages/airflow/example_dags/example_xcomargs.py took 0.172 seconds
[2025-12-08T07:04:14.689+0000] {processor.py:186} INFO - Started process (PID=524) to work on /home/airflow/.local/lib/python3.12/site-packages/airflow/example_dags/example_xcomargs.py
[2025-12-08T07:04:14.694+0000] {processor.py:914} INFO - Processing file /home/airflow/.local/lib/python3.12/site-packages/airflow/example_dags/example_xcomargs.py for tasks to queue
[2025-12-08T07:04:14.701+0000] {logging_mixin.py:190} INFO - [2025-12-08T07:04:14.700+0000] {dagbag.py:587} INFO - Filling up the DagBag from /home/airflow/.local/lib/python3.12/site-packages/airflow/example_dags/example_xcomargs.py
[2025-12-08T07:04:14.732+0000] {processor.py:925} INFO - DAG(s) 'example_xcom_args', 'example_xcom_args_with_operators' retrieved from /home/airflow/.local/lib/python3.12/site-packages/airflow/example_dags/example_xcomargs.py
[2025-12-08T07:04:14.799+0000] {logging_mixin.py:190} INFO - [2025-12-08T07:04:14.798+0000] {dag.py:3211} INFO - Sync 2 DAGs
[2025-12-08T07:04:14.841+0000] {logging_mixin.py:190} INFO - [2025-12-08T07:04:14.840+0000] {dag.py:4138} INFO - Setting next_dagrun for example_xcom_args to None, run_after=None
[2025-12-08T07:04:14.847+0000] {logging_mixin.py:190} INFO - [2025-12-08T07:04:14.847+0000] {dag.py:4138} INFO - Setting next_dagrun for example_xcom_args_with_operators to None, run_after=None
[2025-12-08T07:04:14.898+0000] {processor.py:208} INFO - Processing /home/airflow/.local/lib/python3.12/site-packages/airflow/example_dags/example_xcomargs.py took 0.235 seconds
[2025-12-08T07:04:45.019+0000] {processor.py:186} INFO - Started process (PID=586) to work on /home/airflow/.local/lib/python3.12/site-packages/airflow/example_dags/example_xcomargs.py
[2025-12-08T07:04:45.021+0000] {processor.py:914} INFO - Processing file /home/airflow/.local/lib/python3.12/site-packages/airflow/example_dags/example_xcomargs.py for tasks to queue
[2025-12-08T07:04:45.028+0000] {logging_mixin.py:190} INFO - [2025-12-08T07:04:45.027+0000] {dagbag.py:587} INFO - Filling up the DagBag from /home/airflow/.local/lib/python3.12/site-packages/airflow/example_dags/example_xcomargs.py
[2025-12-08T07:04:45.047+0000] {processor.py:925} INFO - DAG(s) 'example_xcom_args', 'example_xcom_args_with_operators' retrieved from /home/airflow/.local/lib/python3.12/site-packages/airflow/example_dags/example_xcomargs.py
[2025-12-08T07:04:45.097+0000] {logging_mixin.py:190} INFO - [2025-12-08T07:04:45.096+0000] {dag.py:3211} INFO - Sync 2 DAGs
[2025-12-08T07:04:45.119+0000] {logging_mixin.py:190} INFO - [2025-12-08T07:04:45.119+0000] {dag.py:4138} INFO - Setting next_dagrun for example_xcom_args to None, run_after=None
[2025-12-08T07:04:45.127+0000] {logging_mixin.py:190} INFO - [2025-12-08T07:04:45.127+0000] {dag.py:4138} INFO - Setting next_dagrun for example_xcom_args_with_operators to None, run_after=None
[2025-12-08T07:04:45.161+0000] {processor.py:208} INFO - Processing /home/airflow/.local/lib/python3.12/site-packages/airflow/example_dags/example_xcomargs.py took 0.150 seconds
[2025-12-08T07:05:15.931+0000] {processor.py:186} INFO - Started process (PID=648) to work on /home/airflow/.local/lib/python3.12/site-packages/airflow/example_dags/example_xcomargs.py
[2025-12-08T07:05:15.933+0000] {processor.py:914} INFO - Processing file /home/airflow/.local/lib/python3.12/site-packages/airflow/example_dags/example_xcomargs.py for tasks to queue
[2025-12-08T07:05:15.939+0000] {logging_mixin.py:190} INFO - [2025-12-08T07:05:15.938+0000] {dagbag.py:587} INFO - Filling up the DagBag from /home/airflow/.local/lib/python3.12/site-packages/airflow/example_dags/example_xcomargs.py
[2025-12-08T07:05:15.960+0000] {processor.py:925} INFO - DAG(s) 'example_xcom_args', 'example_xcom_args_with_operators' retrieved from /home/airflow/.local/lib/python3.12/site-packages/airflow/example_dags/example_xcomargs.py
[2025-12-08T07:05:16.010+0000] {logging_mixin.py:190} INFO - [2025-12-08T07:05:16.009+0000] {dag.py:3211} INFO - Sync 2 DAGs
[2025-12-08T07:05:16.033+0000] {logging_mixin.py:190} INFO - [2025-12-08T07:05:16.032+0000] {dag.py:4138} INFO - Setting next_dagrun for example_xcom_args to None, run_after=None
[2025-12-08T07:05:16.039+0000] {logging_mixin.py:190} INFO - [2025-12-08T07:05:16.039+0000] {dag.py:4138} INFO - Setting next_dagrun for example_xcom_args_with_operators to None, run_after=None
[2025-12-08T07:05:16.072+0000] {processor.py:208} INFO - Processing /home/airflow/.local/lib/python3.12/site-packages/airflow/example_dags/example_xcomargs.py took 0.153 seconds
[2025-12-08T07:07:32.115+0000] {processor.py:186} INFO - Started process (PID=77) to work on /home/airflow/.local/lib/python3.12/site-packages/airflow/example_dags/example_xcomargs.py
[2025-12-08T07:07:32.123+0000] {processor.py:914} INFO - Processing file /home/airflow/.local/lib/python3.12/site-packages/airflow/example_dags/example_xcomargs.py for tasks to queue
[2025-12-08T07:07:32.144+0000] {logging_mixin.py:190} INFO - [2025-12-08T07:07:32.143+0000] {dagbag.py:587} INFO - Filling up the DagBag from /home/airflow/.local/lib/python3.12/site-packages/airflow/example_dags/example_xcomargs.py
[2025-12-08T07:07:32.181+0000] {processor.py:925} INFO - DAG(s) 'example_xcom_args', 'example_xcom_args_with_operators' retrieved from /home/airflow/.local/lib/python3.12/site-packages/airflow/example_dags/example_xcomargs.py
[2025-12-08T07:07:32.377+0000] {logging_mixin.py:190} INFO - [2025-12-08T07:07:32.376+0000] {dag.py:3211} INFO - Sync 2 DAGs
[2025-12-08T07:07:32.419+0000] {logging_mixin.py:190} INFO - [2025-12-08T07:07:32.419+0000] {dag.py:4138} INFO - Setting next_dagrun for example_xcom_args to None, run_after=None
[2025-12-08T07:07:32.436+0000] {logging_mixin.py:190} INFO - [2025-12-08T07:07:32.436+0000] {dag.py:4138} INFO - Setting next_dagrun for example_xcom_args_with_operators to None, run_after=None
[2025-12-08T07:07:32.489+0000] {processor.py:208} INFO - Processing /home/airflow/.local/lib/python3.12/site-packages/airflow/example_dags/example_xcomargs.py took 0.397 seconds
[2025-12-08T07:08:03.359+0000] {processor.py:186} INFO - Started process (PID=140) to work on /home/airflow/.local/lib/python3.12/site-packages/airflow/example_dags/example_xcomargs.py
[2025-12-08T07:08:03.361+0000] {processor.py:914} INFO - Processing file /home/airflow/.local/lib/python3.12/site-packages/airflow/example_dags/example_xcomargs.py for tasks to queue
[2025-12-08T07:08:03.365+0000] {logging_mixin.py:190} INFO - [2025-12-08T07:08:03.364+0000] {dagbag.py:587} INFO - Filling up the DagBag from /home/airflow/.local/lib/python3.12/site-packages/airflow/example_dags/example_xcomargs.py
[2025-12-08T07:08:03.379+0000] {processor.py:925} INFO - DAG(s) 'example_xcom_args_with_operators', 'example_xcom_args' retrieved from /home/airflow/.local/lib/python3.12/site-packages/airflow/example_dags/example_xcomargs.py
[2025-12-08T07:08:03.402+0000] {logging_mixin.py:190} INFO - [2025-12-08T07:08:03.401+0000] {dag.py:3211} INFO - Sync 2 DAGs
[2025-12-08T07:08:03.417+0000] {logging_mixin.py:190} INFO - [2025-12-08T07:08:03.417+0000] {dag.py:4138} INFO - Setting next_dagrun for example_xcom_args to None, run_after=None
[2025-12-08T07:08:03.421+0000] {logging_mixin.py:190} INFO - [2025-12-08T07:08:03.421+0000] {dag.py:4138} INFO - Setting next_dagrun for example_xcom_args_with_operators to None, run_after=None
[2025-12-08T07:08:03.442+0000] {processor.py:208} INFO - Processing /home/airflow/.local/lib/python3.12/site-packages/airflow/example_dags/example_xcomargs.py took 0.089 seconds
[2025-12-08T07:08:33.837+0000] {processor.py:186} INFO - Started process (PID=202) to work on /home/airflow/.local/lib/python3.12/site-packages/airflow/example_dags/example_xcomargs.py
[2025-12-08T07:08:33.840+0000] {processor.py:914} INFO - Processing file /home/airflow/.local/lib/python3.12/site-packages/airflow/example_dags/example_xcomargs.py for tasks to queue
[2025-12-08T07:08:33.846+0000] {logging_mixin.py:190} INFO - [2025-12-08T07:08:33.845+0000] {dagbag.py:587} INFO - Filling up the DagBag from /home/airflow/.local/lib/python3.12/site-packages/airflow/example_dags/example_xcomargs.py
[2025-12-08T07:08:33.865+0000] {processor.py:925} INFO - DAG(s) 'example_xcom_args_with_operators', 'example_xcom_args' retrieved from /home/airflow/.local/lib/python3.12/site-packages/airflow/example_dags/example_xcomargs.py
[2025-12-08T07:08:33.906+0000] {logging_mixin.py:190} INFO - [2025-12-08T07:08:33.906+0000] {dag.py:3211} INFO - Sync 2 DAGs
[2025-12-08T07:08:33.931+0000] {logging_mixin.py:190} INFO - [2025-12-08T07:08:33.931+0000] {dag.py:4138} INFO - Setting next_dagrun for example_xcom_args to None, run_after=None
[2025-12-08T07:08:33.937+0000] {logging_mixin.py:190} INFO - [2025-12-08T07:08:33.936+0000] {dag.py:4138} INFO - Setting next_dagrun for example_xcom_args_with_operators to None, run_after=None
[2025-12-08T07:08:33.961+0000] {processor.py:208} INFO - Processing /home/airflow/.local/lib/python3.12/site-packages/airflow/example_dags/example_xcomargs.py took 0.134 seconds
[2025-12-08T07:09:04.124+0000] {processor.py:186} INFO - Started process (PID=264) to work on /home/airflow/.local/lib/python3.12/site-packages/airflow/example_dags/example_xcomargs.py
[2025-12-08T07:09:04.126+0000] {processor.py:914} INFO - Processing file /home/airflow/.local/lib/python3.12/site-packages/airflow/example_dags/example_xcomargs.py for tasks to queue
[2025-12-08T07:09:04.130+0000] {logging_mixin.py:190} INFO - [2025-12-08T07:09:04.130+0000] {dagbag.py:587} INFO - Filling up the DagBag from /home/airflow/.local/lib/python3.12/site-packages/airflow/example_dags/example_xcomargs.py
[2025-12-08T07:09:04.145+0000] {processor.py:925} INFO - DAG(s) 'example_xcom_args', 'example_xcom_args_with_operators' retrieved from /home/airflow/.local/lib/python3.12/site-packages/airflow/example_dags/example_xcomargs.py
[2025-12-08T07:09:04.178+0000] {logging_mixin.py:190} INFO - [2025-12-08T07:09:04.178+0000] {dag.py:3211} INFO - Sync 2 DAGs
[2025-12-08T07:09:04.195+0000] {logging_mixin.py:190} INFO - [2025-12-08T07:09:04.195+0000] {dag.py:4138} INFO - Setting next_dagrun for example_xcom_args to None, run_after=None
[2025-12-08T07:09:04.201+0000] {logging_mixin.py:190} INFO - [2025-12-08T07:09:04.201+0000] {dag.py:4138} INFO - Setting next_dagrun for example_xcom_args_with_operators to None, run_after=None
[2025-12-08T07:09:04.227+0000] {processor.py:208} INFO - Processing /home/airflow/.local/lib/python3.12/site-packages/airflow/example_dags/example_xcomargs.py took 0.109 seconds
[2025-12-08T07:09:35.017+0000] {processor.py:186} INFO - Started process (PID=326) to work on /home/airflow/.local/lib/python3.12/site-packages/airflow/example_dags/example_xcomargs.py
[2025-12-08T07:09:35.020+0000] {processor.py:914} INFO - Processing file /home/airflow/.local/lib/python3.12/site-packages/airflow/example_dags/example_xcomargs.py for tasks to queue
[2025-12-08T07:09:35.027+0000] {logging_mixin.py:190} INFO - [2025-12-08T07:09:35.026+0000] {dagbag.py:587} INFO - Filling up the DagBag from /home/airflow/.local/lib/python3.12/site-packages/airflow/example_dags/example_xcomargs.py
[2025-12-08T07:09:35.042+0000] {processor.py:925} INFO - DAG(s) 'example_xcom_args_with_operators', 'example_xcom_args' retrieved from /home/airflow/.local/lib/python3.12/site-packages/airflow/example_dags/example_xcomargs.py
[2025-12-08T07:09:35.069+0000] {logging_mixin.py:190} INFO - [2025-12-08T07:09:35.069+0000] {dag.py:3211} INFO - Sync 2 DAGs
[2025-12-08T07:09:35.085+0000] {logging_mixin.py:190} INFO - [2025-12-08T07:09:35.085+0000] {dag.py:4138} INFO - Setting next_dagrun for example_xcom_args to None, run_after=None
[2025-12-08T07:09:35.092+0000] {logging_mixin.py:190} INFO - [2025-12-08T07:09:35.091+0000] {dag.py:4138} INFO - Setting next_dagrun for example_xcom_args_with_operators to None, run_after=None
[2025-12-08T07:09:35.119+0000] {processor.py:208} INFO - Processing /home/airflow/.local/lib/python3.12/site-packages/airflow/example_dags/example_xcomargs.py took 0.110 seconds
[2025-12-08T07:10:05.860+0000] {processor.py:186} INFO - Started process (PID=388) to work on /home/airflow/.local/lib/python3.12/site-packages/airflow/example_dags/example_xcomargs.py
[2025-12-08T07:10:05.861+0000] {processor.py:914} INFO - Processing file /home/airflow/.local/lib/python3.12/site-packages/airflow/example_dags/example_xcomargs.py for tasks to queue
[2025-12-08T07:10:05.864+0000] {logging_mixin.py:190} INFO - [2025-12-08T07:10:05.864+0000] {dagbag.py:587} INFO - Filling up the DagBag from /home/airflow/.local/lib/python3.12/site-packages/airflow/example_dags/example_xcomargs.py
[2025-12-08T07:10:05.880+0000] {processor.py:925} INFO - DAG(s) 'example_xcom_args', 'example_xcom_args_with_operators' retrieved from /home/airflow/.local/lib/python3.12/site-packages/airflow/example_dags/example_xcomargs.py
[2025-12-08T07:10:05.917+0000] {logging_mixin.py:190} INFO - [2025-12-08T07:10:05.917+0000] {dag.py:3211} INFO - Sync 2 DAGs
[2025-12-08T07:10:05.936+0000] {logging_mixin.py:190} INFO - [2025-12-08T07:10:05.936+0000] {dag.py:4138} INFO - Setting next_dagrun for example_xcom_args to None, run_after=None
[2025-12-08T07:10:05.942+0000] {logging_mixin.py:190} INFO - [2025-12-08T07:10:05.941+0000] {dag.py:4138} INFO - Setting next_dagrun for example_xcom_args_with_operators to None, run_after=None
[2025-12-08T07:10:05.966+0000] {processor.py:208} INFO - Processing /home/airflow/.local/lib/python3.12/site-packages/airflow/example_dags/example_xcomargs.py took 0.117 seconds
[2025-12-08T07:10:36.104+0000] {processor.py:186} INFO - Started process (PID=450) to work on /home/airflow/.local/lib/python3.12/site-packages/airflow/example_dags/example_xcomargs.py
[2025-12-08T07:10:36.106+0000] {processor.py:914} INFO - Processing file /home/airflow/.local/lib/python3.12/site-packages/airflow/example_dags/example_xcomargs.py for tasks to queue
[2025-12-08T07:10:36.110+0000] {logging_mixin.py:190} INFO - [2025-12-08T07:10:36.109+0000] {dagbag.py:587} INFO - Filling up the DagBag from /home/airflow/.local/lib/python3.12/site-packages/airflow/example_dags/example_xcomargs.py
[2025-12-08T07:10:36.124+0000] {processor.py:925} INFO - DAG(s) 'example_xcom_args', 'example_xcom_args_with_operators' retrieved from /home/airflow/.local/lib/python3.12/site-packages/airflow/example_dags/example_xcomargs.py
[2025-12-08T07:10:36.151+0000] {logging_mixin.py:190} INFO - [2025-12-08T07:10:36.151+0000] {dag.py:3211} INFO - Sync 2 DAGs
[2025-12-08T07:10:36.167+0000] {logging_mixin.py:190} INFO - [2025-12-08T07:10:36.167+0000] {dag.py:4138} INFO - Setting next_dagrun for example_xcom_args to None, run_after=None
[2025-12-08T07:10:36.172+0000] {logging_mixin.py:190} INFO - [2025-12-08T07:10:36.172+0000] {dag.py:4138} INFO - Setting next_dagrun for example_xcom_args_with_operators to None, run_after=None
[2025-12-08T07:10:36.196+0000] {processor.py:208} INFO - Processing /home/airflow/.local/lib/python3.12/site-packages/airflow/example_dags/example_xcomargs.py took 0.099 seconds
[2025-12-08T07:11:06.430+0000] {processor.py:186} INFO - Started process (PID=512) to work on /home/airflow/.local/lib/python3.12/site-packages/airflow/example_dags/example_xcomargs.py
[2025-12-08T07:11:06.432+0000] {processor.py:914} INFO - Processing file /home/airflow/.local/lib/python3.12/site-packages/airflow/example_dags/example_xcomargs.py for tasks to queue
[2025-12-08T07:11:06.436+0000] {logging_mixin.py:190} INFO - [2025-12-08T07:11:06.435+0000] {dagbag.py:587} INFO - Filling up the DagBag from /home/airflow/.local/lib/python3.12/site-packages/airflow/example_dags/example_xcomargs.py
[2025-12-08T07:11:06.446+0000] {processor.py:925} INFO - DAG(s) 'example_xcom_args', 'example_xcom_args_with_operators' retrieved from /home/airflow/.local/lib/python3.12/site-packages/airflow/example_dags/example_xcomargs.py
[2025-12-08T07:11:06.475+0000] {logging_mixin.py:190} INFO - [2025-12-08T07:11:06.475+0000] {dag.py:3211} INFO - Sync 2 DAGs
[2025-12-08T07:11:06.490+0000] {logging_mixin.py:190} INFO - [2025-12-08T07:11:06.489+0000] {dag.py:4138} INFO - Setting next_dagrun for example_xcom_args to None, run_after=None
[2025-12-08T07:11:06.495+0000] {logging_mixin.py:190} INFO - [2025-12-08T07:11:06.495+0000] {dag.py:4138} INFO - Setting next_dagrun for example_xcom_args_with_operators to None, run_after=None
[2025-12-08T07:11:06.519+0000] {processor.py:208} INFO - Processing /home/airflow/.local/lib/python3.12/site-packages/airflow/example_dags/example_xcomargs.py took 0.094 seconds
[2025-12-08T07:11:36.685+0000] {processor.py:186} INFO - Started process (PID=574) to work on /home/airflow/.local/lib/python3.12/site-packages/airflow/example_dags/example_xcomargs.py
[2025-12-08T07:11:36.687+0000] {processor.py:914} INFO - Processing file /home/airflow/.local/lib/python3.12/site-packages/airflow/example_dags/example_xcomargs.py for tasks to queue
[2025-12-08T07:11:36.689+0000] {logging_mixin.py:190} INFO - [2025-12-08T07:11:36.689+0000] {dagbag.py:587} INFO - Filling up the DagBag from /home/airflow/.local/lib/python3.12/site-packages/airflow/example_dags/example_xcomargs.py
[2025-12-08T07:11:36.701+0000] {processor.py:925} INFO - DAG(s) 'example_xcom_args', 'example_xcom_args_with_operators' retrieved from /home/airflow/.local/lib/python3.12/site-packages/airflow/example_dags/example_xcomargs.py
[2025-12-08T07:11:36.726+0000] {logging_mixin.py:190} INFO - [2025-12-08T07:11:36.726+0000] {dag.py:3211} INFO - Sync 2 DAGs
[2025-12-08T07:11:36.739+0000] {logging_mixin.py:190} INFO - [2025-12-08T07:11:36.739+0000] {dag.py:4138} INFO - Setting next_dagrun for example_xcom_args to None, run_after=None
[2025-12-08T07:11:36.743+0000] {logging_mixin.py:190} INFO - [2025-12-08T07:11:36.743+0000] {dag.py:4138} INFO - Setting next_dagrun for example_xcom_args_with_operators to None, run_after=None
[2025-12-08T07:11:36.768+0000] {processor.py:208} INFO - Processing /home/airflow/.local/lib/python3.12/site-packages/airflow/example_dags/example_xcomargs.py took 0.089 seconds
[2025-12-08T07:12:06.990+0000] {processor.py:186} INFO - Started process (PID=642) to work on /home/airflow/.local/lib/python3.12/site-packages/airflow/example_dags/example_xcomargs.py
[2025-12-08T07:12:06.991+0000] {processor.py:914} INFO - Processing file /home/airflow/.local/lib/python3.12/site-packages/airflow/example_dags/example_xcomargs.py for tasks to queue
[2025-12-08T07:12:06.995+0000] {logging_mixin.py:190} INFO - [2025-12-08T07:12:06.995+0000] {dagbag.py:587} INFO - Filling up the DagBag from /home/airflow/.local/lib/python3.12/site-packages/airflow/example_dags/example_xcomargs.py
[2025-12-08T07:12:07.006+0000] {processor.py:925} INFO - DAG(s) 'example_xcom_args_with_operators', 'example_xcom_args' retrieved from /home/airflow/.local/lib/python3.12/site-packages/airflow/example_dags/example_xcomargs.py
[2025-12-08T07:12:07.032+0000] {logging_mixin.py:190} INFO - [2025-12-08T07:12:07.031+0000] {dag.py:3211} INFO - Sync 2 DAGs
[2025-12-08T07:12:07.045+0000] {logging_mixin.py:190} INFO - [2025-12-08T07:12:07.045+0000] {dag.py:4138} INFO - Setting next_dagrun for example_xcom_args to None, run_after=None
[2025-12-08T07:12:07.049+0000] {logging_mixin.py:190} INFO - [2025-12-08T07:12:07.049+0000] {dag.py:4138} INFO - Setting next_dagrun for example_xcom_args_with_operators to None, run_after=None
[2025-12-08T07:12:07.068+0000] {processor.py:208} INFO - Processing /home/airflow/.local/lib/python3.12/site-packages/airflow/example_dags/example_xcomargs.py took 0.085 seconds
[2025-12-08T07:12:37.356+0000] {processor.py:186} INFO - Started process (PID=705) to work on /home/airflow/.local/lib/python3.12/site-packages/airflow/example_dags/example_xcomargs.py
[2025-12-08T07:12:37.357+0000] {processor.py:914} INFO - Processing file /home/airflow/.local/lib/python3.12/site-packages/airflow/example_dags/example_xcomargs.py for tasks to queue
[2025-12-08T07:12:37.361+0000] {logging_mixin.py:190} INFO - [2025-12-08T07:12:37.360+0000] {dagbag.py:587} INFO - Filling up the DagBag from /home/airflow/.local/lib/python3.12/site-packages/airflow/example_dags/example_xcomargs.py
[2025-12-08T07:12:37.371+0000] {processor.py:925} INFO - DAG(s) 'example_xcom_args', 'example_xcom_args_with_operators' retrieved from /home/airflow/.local/lib/python3.12/site-packages/airflow/example_dags/example_xcomargs.py
[2025-12-08T07:12:37.396+0000] {logging_mixin.py:190} INFO - [2025-12-08T07:12:37.396+0000] {dag.py:3211} INFO - Sync 2 DAGs
[2025-12-08T07:12:37.409+0000] {logging_mixin.py:190} INFO - [2025-12-08T07:12:37.409+0000] {dag.py:4138} INFO - Setting next_dagrun for example_xcom_args to None, run_after=None
[2025-12-08T07:12:37.414+0000] {logging_mixin.py:190} INFO - [2025-12-08T07:12:37.414+0000] {dag.py:4138} INFO - Setting next_dagrun for example_xcom_args_with_operators to None, run_after=None
[2025-12-08T07:12:37.433+0000] {processor.py:208} INFO - Processing /home/airflow/.local/lib/python3.12/site-packages/airflow/example_dags/example_xcomargs.py took 0.084 seconds
[2025-12-08T07:13:08.170+0000] {processor.py:186} INFO - Started process (PID=767) to work on /home/airflow/.local/lib/python3.12/site-packages/airflow/example_dags/example_xcomargs.py
[2025-12-08T07:13:08.172+0000] {processor.py:914} INFO - Processing file /home/airflow/.local/lib/python3.12/site-packages/airflow/example_dags/example_xcomargs.py for tasks to queue
[2025-12-08T07:13:08.175+0000] {logging_mixin.py:190} INFO - [2025-12-08T07:13:08.174+0000] {dagbag.py:587} INFO - Filling up the DagBag from /home/airflow/.local/lib/python3.12/site-packages/airflow/example_dags/example_xcomargs.py
[2025-12-08T07:13:08.185+0000] {processor.py:925} INFO - DAG(s) 'example_xcom_args', 'example_xcom_args_with_operators' retrieved from /home/airflow/.local/lib/python3.12/site-packages/airflow/example_dags/example_xcomargs.py
[2025-12-08T07:13:08.218+0000] {logging_mixin.py:190} INFO - [2025-12-08T07:13:08.218+0000] {dag.py:3211} INFO - Sync 2 DAGs
[2025-12-08T07:13:08.235+0000] {logging_mixin.py:190} INFO - [2025-12-08T07:13:08.235+0000] {dag.py:4138} INFO - Setting next_dagrun for example_xcom_args to None, run_after=None
[2025-12-08T07:13:08.240+0000] {logging_mixin.py:190} INFO - [2025-12-08T07:13:08.240+0000] {dag.py:4138} INFO - Setting next_dagrun for example_xcom_args_with_operators to None, run_after=None
[2025-12-08T07:13:08.257+0000] {processor.py:208} INFO - Processing /home/airflow/.local/lib/python3.12/site-packages/airflow/example_dags/example_xcomargs.py took 0.094 seconds
[2025-12-08T07:13:38.697+0000] {processor.py:186} INFO - Started process (PID=829) to work on /home/airflow/.local/lib/python3.12/site-packages/airflow/example_dags/example_xcomargs.py
[2025-12-08T07:13:38.698+0000] {processor.py:914} INFO - Processing file /home/airflow/.local/lib/python3.12/site-packages/airflow/example_dags/example_xcomargs.py for tasks to queue
[2025-12-08T07:13:38.701+0000] {logging_mixin.py:190} INFO - [2025-12-08T07:13:38.701+0000] {dagbag.py:587} INFO - Filling up the DagBag from /home/airflow/.local/lib/python3.12/site-packages/airflow/example_dags/example_xcomargs.py
[2025-12-08T07:13:38.711+0000] {processor.py:925} INFO - DAG(s) 'example_xcom_args_with_operators', 'example_xcom_args' retrieved from /home/airflow/.local/lib/python3.12/site-packages/airflow/example_dags/example_xcomargs.py
[2025-12-08T07:13:38.733+0000] {logging_mixin.py:190} INFO - [2025-12-08T07:13:38.732+0000] {dag.py:3211} INFO - Sync 2 DAGs
[2025-12-08T07:13:38.746+0000] {logging_mixin.py:190} INFO - [2025-12-08T07:13:38.746+0000] {dag.py:4138} INFO - Setting next_dagrun for example_xcom_args to None, run_after=None
[2025-12-08T07:13:38.750+0000] {logging_mixin.py:190} INFO - [2025-12-08T07:13:38.750+0000] {dag.py:4138} INFO - Setting next_dagrun for example_xcom_args_with_operators to None, run_after=None
[2025-12-08T07:13:38.768+0000] {processor.py:208} INFO - Processing /home/airflow/.local/lib/python3.12/site-packages/airflow/example_dags/example_xcomargs.py took 0.077 seconds
[2025-12-08T07:14:09.171+0000] {processor.py:186} INFO - Started process (PID=891) to work on /home/airflow/.local/lib/python3.12/site-packages/airflow/example_dags/example_xcomargs.py
[2025-12-08T07:14:09.173+0000] {processor.py:914} INFO - Processing file /home/airflow/.local/lib/python3.12/site-packages/airflow/example_dags/example_xcomargs.py for tasks to queue
[2025-12-08T07:14:09.177+0000] {logging_mixin.py:190} INFO - [2025-12-08T07:14:09.176+0000] {dagbag.py:587} INFO - Filling up the DagBag from /home/airflow/.local/lib/python3.12/site-packages/airflow/example_dags/example_xcomargs.py
[2025-12-08T07:14:09.190+0000] {processor.py:925} INFO - DAG(s) 'example_xcom_args_with_operators', 'example_xcom_args' retrieved from /home/airflow/.local/lib/python3.12/site-packages/airflow/example_dags/example_xcomargs.py
[2025-12-08T07:14:09.219+0000] {logging_mixin.py:190} INFO - [2025-12-08T07:14:09.219+0000] {dag.py:3211} INFO - Sync 2 DAGs
[2025-12-08T07:14:09.287+0000] {logging_mixin.py:190} INFO - [2025-12-08T07:14:09.286+0000] {dag.py:4138} INFO - Setting next_dagrun for example_xcom_args to None, run_after=None
[2025-12-08T07:14:09.293+0000] {logging_mixin.py:190} INFO - [2025-12-08T07:14:09.293+0000] {dag.py:4138} INFO - Setting next_dagrun for example_xcom_args_with_operators to None, run_after=None
[2025-12-08T07:14:09.312+0000] {processor.py:208} INFO - Processing /home/airflow/.local/lib/python3.12/site-packages/airflow/example_dags/example_xcomargs.py took 0.097 seconds
[2025-12-08T07:14:39.645+0000] {processor.py:186} INFO - Started process (PID=953) to work on /home/airflow/.local/lib/python3.12/site-packages/airflow/example_dags/example_xcomargs.py
[2025-12-08T07:14:39.646+0000] {processor.py:914} INFO - Processing file /home/airflow/.local/lib/python3.12/site-packages/airflow/example_dags/example_xcomargs.py for tasks to queue
[2025-12-08T07:14:39.648+0000] {logging_mixin.py:190} INFO - [2025-12-08T07:14:39.648+0000] {dagbag.py:587} INFO - Filling up the DagBag from /home/airflow/.local/lib/python3.12/site-packages/airflow/example_dags/example_xcomargs.py
[2025-12-08T07:14:39.659+0000] {processor.py:925} INFO - DAG(s) 'example_xcom_args', 'example_xcom_args_with_operators' retrieved from /home/airflow/.local/lib/python3.12/site-packages/airflow/example_dags/example_xcomargs.py
[2025-12-08T07:14:39.685+0000] {logging_mixin.py:190} INFO - [2025-12-08T07:14:39.684+0000] {dag.py:3211} INFO - Sync 2 DAGs
[2025-12-08T07:14:39.700+0000] {logging_mixin.py:190} INFO - [2025-12-08T07:14:39.699+0000] {dag.py:4138} INFO - Setting next_dagrun for example_xcom_args to None, run_after=None
[2025-12-08T07:14:39.705+0000] {logging_mixin.py:190} INFO - [2025-12-08T07:14:39.704+0000] {dag.py:4138} INFO - Setting next_dagrun for example_xcom_args_with_operators to None, run_after=None
[2025-12-08T07:14:39.726+0000] {processor.py:208} INFO - Processing /home/airflow/.local/lib/python3.12/site-packages/airflow/example_dags/example_xcomargs.py took 0.088 seconds
[2025-12-08T07:15:09.783+0000] {processor.py:186} INFO - Started process (PID=1015) to work on /home/airflow/.local/lib/python3.12/site-packages/airflow/example_dags/example_xcomargs.py
[2025-12-08T07:15:09.785+0000] {processor.py:914} INFO - Processing file /home/airflow/.local/lib/python3.12/site-packages/airflow/example_dags/example_xcomargs.py for tasks to queue
[2025-12-08T07:15:09.788+0000] {logging_mixin.py:190} INFO - [2025-12-08T07:15:09.788+0000] {dagbag.py:587} INFO - Filling up the DagBag from /home/airflow/.local/lib/python3.12/site-packages/airflow/example_dags/example_xcomargs.py
[2025-12-08T07:15:09.800+0000] {processor.py:925} INFO - DAG(s) 'example_xcom_args_with_operators', 'example_xcom_args' retrieved from /home/airflow/.local/lib/python3.12/site-packages/airflow/example_dags/example_xcomargs.py
[2025-12-08T07:15:09.828+0000] {logging_mixin.py:190} INFO - [2025-12-08T07:15:09.828+0000] {dag.py:3211} INFO - Sync 2 DAGs
[2025-12-08T07:15:09.844+0000] {logging_mixin.py:190} INFO - [2025-12-08T07:15:09.843+0000] {dag.py:4138} INFO - Setting next_dagrun for example_xcom_args to None, run_after=None
[2025-12-08T07:15:09.848+0000] {logging_mixin.py:190} INFO - [2025-12-08T07:15:09.848+0000] {dag.py:4138} INFO - Setting next_dagrun for example_xcom_args_with_operators to None, run_after=None
[2025-12-08T07:15:09.872+0000] {processor.py:208} INFO - Processing /home/airflow/.local/lib/python3.12/site-packages/airflow/example_dags/example_xcomargs.py took 0.094 seconds
[2025-12-08T07:15:40.732+0000] {processor.py:186} INFO - Started process (PID=1077) to work on /home/airflow/.local/lib/python3.12/site-packages/airflow/example_dags/example_xcomargs.py
[2025-12-08T07:15:40.735+0000] {processor.py:914} INFO - Processing file /home/airflow/.local/lib/python3.12/site-packages/airflow/example_dags/example_xcomargs.py for tasks to queue
[2025-12-08T07:15:40.742+0000] {logging_mixin.py:190} INFO - [2025-12-08T07:15:40.742+0000] {dagbag.py:587} INFO - Filling up the DagBag from /home/airflow/.local/lib/python3.12/site-packages/airflow/example_dags/example_xcomargs.py
[2025-12-08T07:15:40.770+0000] {processor.py:925} INFO - DAG(s) 'example_xcom_args_with_operators', 'example_xcom_args' retrieved from /home/airflow/.local/lib/python3.12/site-packages/airflow/example_dags/example_xcomargs.py
[2025-12-08T07:15:40.817+0000] {logging_mixin.py:190} INFO - [2025-12-08T07:15:40.816+0000] {dag.py:3211} INFO - Sync 2 DAGs
[2025-12-08T07:15:40.839+0000] {logging_mixin.py:190} INFO - [2025-12-08T07:15:40.839+0000] {dag.py:4138} INFO - Setting next_dagrun for example_xcom_args to None, run_after=None
[2025-12-08T07:15:40.847+0000] {logging_mixin.py:190} INFO - [2025-12-08T07:15:40.847+0000] {dag.py:4138} INFO - Setting next_dagrun for example_xcom_args_with_operators to None, run_after=None
[2025-12-08T07:15:40.879+0000] {processor.py:208} INFO - Processing /home/airflow/.local/lib/python3.12/site-packages/airflow/example_dags/example_xcomargs.py took 0.158 seconds
[2025-12-08T07:16:11.682+0000] {processor.py:186} INFO - Started process (PID=1139) to work on /home/airflow/.local/lib/python3.12/site-packages/airflow/example_dags/example_xcomargs.py
[2025-12-08T07:16:11.686+0000] {processor.py:914} INFO - Processing file /home/airflow/.local/lib/python3.12/site-packages/airflow/example_dags/example_xcomargs.py for tasks to queue
[2025-12-08T07:16:11.694+0000] {logging_mixin.py:190} INFO - [2025-12-08T07:16:11.693+0000] {dagbag.py:587} INFO - Filling up the DagBag from /home/airflow/.local/lib/python3.12/site-packages/airflow/example_dags/example_xcomargs.py
[2025-12-08T07:16:11.716+0000] {processor.py:925} INFO - DAG(s) 'example_xcom_args', 'example_xcom_args_with_operators' retrieved from /home/airflow/.local/lib/python3.12/site-packages/airflow/example_dags/example_xcomargs.py
[2025-12-08T07:16:11.767+0000] {logging_mixin.py:190} INFO - [2025-12-08T07:16:11.767+0000] {dag.py:3211} INFO - Sync 2 DAGs
[2025-12-08T07:16:11.793+0000] {logging_mixin.py:190} INFO - [2025-12-08T07:16:11.793+0000] {dag.py:4138} INFO - Setting next_dagrun for example_xcom_args to None, run_after=None
[2025-12-08T07:16:11.800+0000] {logging_mixin.py:190} INFO - [2025-12-08T07:16:11.800+0000] {dag.py:4138} INFO - Setting next_dagrun for example_xcom_args_with_operators to None, run_after=None
[2025-12-08T07:16:11.838+0000] {processor.py:208} INFO - Processing /home/airflow/.local/lib/python3.12/site-packages/airflow/example_dags/example_xcomargs.py took 0.166 seconds
[2025-12-08T07:16:42.410+0000] {processor.py:186} INFO - Started process (PID=1201) to work on /home/airflow/.local/lib/python3.12/site-packages/airflow/example_dags/example_xcomargs.py
[2025-12-08T07:16:42.412+0000] {processor.py:914} INFO - Processing file /home/airflow/.local/lib/python3.12/site-packages/airflow/example_dags/example_xcomargs.py for tasks to queue
[2025-12-08T07:16:42.419+0000] {logging_mixin.py:190} INFO - [2025-12-08T07:16:42.418+0000] {dagbag.py:587} INFO - Filling up the DagBag from /home/airflow/.local/lib/python3.12/site-packages/airflow/example_dags/example_xcomargs.py
[2025-12-08T07:16:42.455+0000] {processor.py:925} INFO - DAG(s) 'example_xcom_args', 'example_xcom_args_with_operators' retrieved from /home/airflow/.local/lib/python3.12/site-packages/airflow/example_dags/example_xcomargs.py
[2025-12-08T07:16:42.517+0000] {logging_mixin.py:190} INFO - [2025-12-08T07:16:42.516+0000] {dag.py:3211} INFO - Sync 2 DAGs
[2025-12-08T07:16:42.548+0000] {logging_mixin.py:190} INFO - [2025-12-08T07:16:42.548+0000] {dag.py:4138} INFO - Setting next_dagrun for example_xcom_args to None, run_after=None
[2025-12-08T07:16:42.559+0000] {logging_mixin.py:190} INFO - [2025-12-08T07:16:42.558+0000] {dag.py:4138} INFO - Setting next_dagrun for example_xcom_args_with_operators to None, run_after=None
[2025-12-08T07:16:42.596+0000] {processor.py:208} INFO - Processing /home/airflow/.local/lib/python3.12/site-packages/airflow/example_dags/example_xcomargs.py took 0.204 seconds
[2025-12-08T07:17:13.052+0000] {processor.py:186} INFO - Started process (PID=1263) to work on /home/airflow/.local/lib/python3.12/site-packages/airflow/example_dags/example_xcomargs.py
[2025-12-08T07:17:13.055+0000] {processor.py:914} INFO - Processing file /home/airflow/.local/lib/python3.12/site-packages/airflow/example_dags/example_xcomargs.py for tasks to queue
[2025-12-08T07:17:13.059+0000] {logging_mixin.py:190} INFO - [2025-12-08T07:17:13.059+0000] {dagbag.py:587} INFO - Filling up the DagBag from /home/airflow/.local/lib/python3.12/site-packages/airflow/example_dags/example_xcomargs.py
[2025-12-08T07:17:13.081+0000] {processor.py:925} INFO - DAG(s) 'example_xcom_args_with_operators', 'example_xcom_args' retrieved from /home/airflow/.local/lib/python3.12/site-packages/airflow/example_dags/example_xcomargs.py
[2025-12-08T07:17:13.130+0000] {logging_mixin.py:190} INFO - [2025-12-08T07:17:13.130+0000] {dag.py:3211} INFO - Sync 2 DAGs
[2025-12-08T07:17:13.161+0000] {logging_mixin.py:190} INFO - [2025-12-08T07:17:13.160+0000] {dag.py:4138} INFO - Setting next_dagrun for example_xcom_args to None, run_after=None
[2025-12-08T07:17:13.176+0000] {logging_mixin.py:190} INFO - [2025-12-08T07:17:13.175+0000] {dag.py:4138} INFO - Setting next_dagrun for example_xcom_args_with_operators to None, run_after=None
[2025-12-08T07:17:13.224+0000] {processor.py:208} INFO - Processing /home/airflow/.local/lib/python3.12/site-packages/airflow/example_dags/example_xcomargs.py took 0.181 seconds
[2025-12-08T07:17:43.328+0000] {processor.py:186} INFO - Started process (PID=1324) to work on /home/airflow/.local/lib/python3.12/site-packages/airflow/example_dags/example_xcomargs.py
[2025-12-08T07:17:43.331+0000] {processor.py:914} INFO - Processing file /home/airflow/.local/lib/python3.12/site-packages/airflow/example_dags/example_xcomargs.py for tasks to queue
[2025-12-08T07:17:43.341+0000] {logging_mixin.py:190} INFO - [2025-12-08T07:17:43.340+0000] {dagbag.py:587} INFO - Filling up the DagBag from /home/airflow/.local/lib/python3.12/site-packages/airflow/example_dags/example_xcomargs.py
[2025-12-08T07:17:43.372+0000] {processor.py:925} INFO - DAG(s) 'example_xcom_args', 'example_xcom_args_with_operators' retrieved from /home/airflow/.local/lib/python3.12/site-packages/airflow/example_dags/example_xcomargs.py
[2025-12-08T07:17:43.428+0000] {logging_mixin.py:190} INFO - [2025-12-08T07:17:43.428+0000] {dag.py:3211} INFO - Sync 2 DAGs
[2025-12-08T07:17:43.458+0000] {logging_mixin.py:190} INFO - [2025-12-08T07:17:43.458+0000] {dag.py:4138} INFO - Setting next_dagrun for example_xcom_args to None, run_after=None
[2025-12-08T07:17:43.469+0000] {logging_mixin.py:190} INFO - [2025-12-08T07:17:43.468+0000] {dag.py:4138} INFO - Setting next_dagrun for example_xcom_args_with_operators to None, run_after=None
[2025-12-08T07:17:43.530+0000] {processor.py:208} INFO - Processing /home/airflow/.local/lib/python3.12/site-packages/airflow/example_dags/example_xcomargs.py took 0.214 seconds
[2025-12-08T07:18:13.900+0000] {processor.py:186} INFO - Started process (PID=1386) to work on /home/airflow/.local/lib/python3.12/site-packages/airflow/example_dags/example_xcomargs.py
[2025-12-08T07:18:13.902+0000] {processor.py:914} INFO - Processing file /home/airflow/.local/lib/python3.12/site-packages/airflow/example_dags/example_xcomargs.py for tasks to queue
[2025-12-08T07:18:13.908+0000] {logging_mixin.py:190} INFO - [2025-12-08T07:18:13.907+0000] {dagbag.py:587} INFO - Filling up the DagBag from /home/airflow/.local/lib/python3.12/site-packages/airflow/example_dags/example_xcomargs.py
[2025-12-08T07:18:13.927+0000] {processor.py:925} INFO - DAG(s) 'example_xcom_args_with_operators', 'example_xcom_args' retrieved from /home/airflow/.local/lib/python3.12/site-packages/airflow/example_dags/example_xcomargs.py
[2025-12-08T07:18:13.981+0000] {logging_mixin.py:190} INFO - [2025-12-08T07:18:13.980+0000] {dag.py:3211} INFO - Sync 2 DAGs
[2025-12-08T07:18:14.005+0000] {logging_mixin.py:190} INFO - [2025-12-08T07:18:14.005+0000] {dag.py:4138} INFO - Setting next_dagrun for example_xcom_args to None, run_after=None
[2025-12-08T07:18:14.013+0000] {logging_mixin.py:190} INFO - [2025-12-08T07:18:14.013+0000] {dag.py:4138} INFO - Setting next_dagrun for example_xcom_args_with_operators to None, run_after=None
[2025-12-08T07:18:14.056+0000] {processor.py:208} INFO - Processing /home/airflow/.local/lib/python3.12/site-packages/airflow/example_dags/example_xcomargs.py took 0.165 seconds
[2025-12-08T07:18:44.301+0000] {processor.py:186} INFO - Started process (PID=1448) to work on /home/airflow/.local/lib/python3.12/site-packages/airflow/example_dags/example_xcomargs.py
[2025-12-08T07:18:44.304+0000] {processor.py:914} INFO - Processing file /home/airflow/.local/lib/python3.12/site-packages/airflow/example_dags/example_xcomargs.py for tasks to queue
[2025-12-08T07:18:44.312+0000] {logging_mixin.py:190} INFO - [2025-12-08T07:18:44.312+0000] {dagbag.py:587} INFO - Filling up the DagBag from /home/airflow/.local/lib/python3.12/site-packages/airflow/example_dags/example_xcomargs.py
[2025-12-08T07:18:44.350+0000] {processor.py:925} INFO - DAG(s) 'example_xcom_args', 'example_xcom_args_with_operators' retrieved from /home/airflow/.local/lib/python3.12/site-packages/airflow/example_dags/example_xcomargs.py
[2025-12-08T07:18:44.402+0000] {logging_mixin.py:190} INFO - [2025-12-08T07:18:44.401+0000] {dag.py:3211} INFO - Sync 2 DAGs
[2025-12-08T07:18:44.428+0000] {logging_mixin.py:190} INFO - [2025-12-08T07:18:44.427+0000] {dag.py:4138} INFO - Setting next_dagrun for example_xcom_args to None, run_after=None
[2025-12-08T07:18:44.436+0000] {logging_mixin.py:190} INFO - [2025-12-08T07:18:44.436+0000] {dag.py:4138} INFO - Setting next_dagrun for example_xcom_args_with_operators to None, run_after=None
[2025-12-08T07:18:44.476+0000] {processor.py:208} INFO - Processing /home/airflow/.local/lib/python3.12/site-packages/airflow/example_dags/example_xcomargs.py took 0.192 seconds
[2025-12-08T07:19:15.404+0000] {processor.py:186} INFO - Started process (PID=1510) to work on /home/airflow/.local/lib/python3.12/site-packages/airflow/example_dags/example_xcomargs.py
[2025-12-08T07:19:15.407+0000] {processor.py:914} INFO - Processing file /home/airflow/.local/lib/python3.12/site-packages/airflow/example_dags/example_xcomargs.py for tasks to queue
[2025-12-08T07:19:15.414+0000] {logging_mixin.py:190} INFO - [2025-12-08T07:19:15.413+0000] {dagbag.py:587} INFO - Filling up the DagBag from /home/airflow/.local/lib/python3.12/site-packages/airflow/example_dags/example_xcomargs.py
[2025-12-08T07:19:15.434+0000] {processor.py:925} INFO - DAG(s) 'example_xcom_args', 'example_xcom_args_with_operators' retrieved from /home/airflow/.local/lib/python3.12/site-packages/airflow/example_dags/example_xcomargs.py
[2025-12-08T07:19:15.488+0000] {logging_mixin.py:190} INFO - [2025-12-08T07:19:15.487+0000] {dag.py:3211} INFO - Sync 2 DAGs
[2025-12-08T07:19:15.518+0000] {logging_mixin.py:190} INFO - [2025-12-08T07:19:15.517+0000] {dag.py:4138} INFO - Setting next_dagrun for example_xcom_args to None, run_after=None
[2025-12-08T07:19:15.526+0000] {logging_mixin.py:190} INFO - [2025-12-08T07:19:15.525+0000] {dag.py:4138} INFO - Setting next_dagrun for example_xcom_args_with_operators to None, run_after=None
[2025-12-08T07:19:15.566+0000] {processor.py:208} INFO - Processing /home/airflow/.local/lib/python3.12/site-packages/airflow/example_dags/example_xcomargs.py took 0.172 seconds
[2025-12-08T07:19:45.960+0000] {processor.py:186} INFO - Started process (PID=1573) to work on /home/airflow/.local/lib/python3.12/site-packages/airflow/example_dags/example_xcomargs.py
[2025-12-08T07:19:45.963+0000] {processor.py:914} INFO - Processing file /home/airflow/.local/lib/python3.12/site-packages/airflow/example_dags/example_xcomargs.py for tasks to queue
[2025-12-08T07:19:45.969+0000] {logging_mixin.py:190} INFO - [2025-12-08T07:19:45.969+0000] {dagbag.py:587} INFO - Filling up the DagBag from /home/airflow/.local/lib/python3.12/site-packages/airflow/example_dags/example_xcomargs.py
[2025-12-08T07:19:45.987+0000] {processor.py:925} INFO - DAG(s) 'example_xcom_args', 'example_xcom_args_with_operators' retrieved from /home/airflow/.local/lib/python3.12/site-packages/airflow/example_dags/example_xcomargs.py
[2025-12-08T07:19:46.029+0000] {logging_mixin.py:190} INFO - [2025-12-08T07:19:46.028+0000] {dag.py:3211} INFO - Sync 2 DAGs
[2025-12-08T07:19:46.052+0000] {logging_mixin.py:190} INFO - [2025-12-08T07:19:46.052+0000] {dag.py:4138} INFO - Setting next_dagrun for example_xcom_args to None, run_after=None
[2025-12-08T07:19:46.060+0000] {logging_mixin.py:190} INFO - [2025-12-08T07:19:46.060+0000] {dag.py:4138} INFO - Setting next_dagrun for example_xcom_args_with_operators to None, run_after=None
[2025-12-08T07:19:46.100+0000] {processor.py:208} INFO - Processing /home/airflow/.local/lib/python3.12/site-packages/airflow/example_dags/example_xcomargs.py took 0.153 seconds
[2025-12-08T07:20:16.335+0000] {processor.py:186} INFO - Started process (PID=1636) to work on /home/airflow/.local/lib/python3.12/site-packages/airflow/example_dags/example_xcomargs.py
[2025-12-08T07:20:16.337+0000] {processor.py:914} INFO - Processing file /home/airflow/.local/lib/python3.12/site-packages/airflow/example_dags/example_xcomargs.py for tasks to queue
[2025-12-08T07:20:16.346+0000] {logging_mixin.py:190} INFO - [2025-12-08T07:20:16.343+0000] {dagbag.py:587} INFO - Filling up the DagBag from /home/airflow/.local/lib/python3.12/site-packages/airflow/example_dags/example_xcomargs.py
[2025-12-08T07:20:16.364+0000] {processor.py:925} INFO - DAG(s) 'example_xcom_args', 'example_xcom_args_with_operators' retrieved from /home/airflow/.local/lib/python3.12/site-packages/airflow/example_dags/example_xcomargs.py
[2025-12-08T07:20:16.415+0000] {logging_mixin.py:190} INFO - [2025-12-08T07:20:16.415+0000] {dag.py:3211} INFO - Sync 2 DAGs
[2025-12-08T07:20:16.451+0000] {logging_mixin.py:190} INFO - [2025-12-08T07:20:16.450+0000] {dag.py:4138} INFO - Setting next_dagrun for example_xcom_args to None, run_after=None
[2025-12-08T07:20:16.460+0000] {logging_mixin.py:190} INFO - [2025-12-08T07:20:16.460+0000] {dag.py:4138} INFO - Setting next_dagrun for example_xcom_args_with_operators to None, run_after=None
[2025-12-08T07:20:16.500+0000] {processor.py:208} INFO - Processing /home/airflow/.local/lib/python3.12/site-packages/airflow/example_dags/example_xcomargs.py took 0.185 seconds
[2025-12-08T07:20:46.824+0000] {processor.py:186} INFO - Started process (PID=1698) to work on /home/airflow/.local/lib/python3.12/site-packages/airflow/example_dags/example_xcomargs.py
[2025-12-08T07:20:46.827+0000] {processor.py:914} INFO - Processing file /home/airflow/.local/lib/python3.12/site-packages/airflow/example_dags/example_xcomargs.py for tasks to queue
[2025-12-08T07:20:46.832+0000] {logging_mixin.py:190} INFO - [2025-12-08T07:20:46.832+0000] {dagbag.py:587} INFO - Filling up the DagBag from /home/airflow/.local/lib/python3.12/site-packages/airflow/example_dags/example_xcomargs.py
[2025-12-08T07:20:46.857+0000] {processor.py:925} INFO - DAG(s) 'example_xcom_args_with_operators', 'example_xcom_args' retrieved from /home/airflow/.local/lib/python3.12/site-packages/airflow/example_dags/example_xcomargs.py
[2025-12-08T07:20:46.905+0000] {logging_mixin.py:190} INFO - [2025-12-08T07:20:46.904+0000] {dag.py:3211} INFO - Sync 2 DAGs
[2025-12-08T07:20:46.933+0000] {logging_mixin.py:190} INFO - [2025-12-08T07:20:46.932+0000] {dag.py:4138} INFO - Setting next_dagrun for example_xcom_args to None, run_after=None
[2025-12-08T07:20:46.942+0000] {logging_mixin.py:190} INFO - [2025-12-08T07:20:46.942+0000] {dag.py:4138} INFO - Setting next_dagrun for example_xcom_args_with_operators to None, run_after=None
[2025-12-08T07:20:46.983+0000] {processor.py:208} INFO - Processing /home/airflow/.local/lib/python3.12/site-packages/airflow/example_dags/example_xcomargs.py took 0.172 seconds
[2025-12-08T07:21:17.816+0000] {processor.py:186} INFO - Started process (PID=1760) to work on /home/airflow/.local/lib/python3.12/site-packages/airflow/example_dags/example_xcomargs.py
[2025-12-08T07:21:17.820+0000] {processor.py:914} INFO - Processing file /home/airflow/.local/lib/python3.12/site-packages/airflow/example_dags/example_xcomargs.py for tasks to queue
[2025-12-08T07:21:17.829+0000] {logging_mixin.py:190} INFO - [2025-12-08T07:21:17.828+0000] {dagbag.py:587} INFO - Filling up the DagBag from /home/airflow/.local/lib/python3.12/site-packages/airflow/example_dags/example_xcomargs.py
[2025-12-08T07:21:17.852+0000] {processor.py:925} INFO - DAG(s) 'example_xcom_args', 'example_xcom_args_with_operators' retrieved from /home/airflow/.local/lib/python3.12/site-packages/airflow/example_dags/example_xcomargs.py
[2025-12-08T07:21:17.926+0000] {logging_mixin.py:190} INFO - [2025-12-08T07:21:17.925+0000] {dag.py:3211} INFO - Sync 2 DAGs
[2025-12-08T07:21:17.966+0000] {logging_mixin.py:190} INFO - [2025-12-08T07:21:17.966+0000] {dag.py:4138} INFO - Setting next_dagrun for example_xcom_args to None, run_after=None
[2025-12-08T07:21:17.976+0000] {logging_mixin.py:190} INFO - [2025-12-08T07:21:17.976+0000] {dag.py:4138} INFO - Setting next_dagrun for example_xcom_args_with_operators to None, run_after=None
[2025-12-08T07:21:18.026+0000] {processor.py:208} INFO - Processing /home/airflow/.local/lib/python3.12/site-packages/airflow/example_dags/example_xcomargs.py took 0.232 seconds
[2025-12-08T07:21:48.248+0000] {processor.py:186} INFO - Started process (PID=1821) to work on /home/airflow/.local/lib/python3.12/site-packages/airflow/example_dags/example_xcomargs.py
[2025-12-08T07:21:48.250+0000] {processor.py:914} INFO - Processing file /home/airflow/.local/lib/python3.12/site-packages/airflow/example_dags/example_xcomargs.py for tasks to queue
[2025-12-08T07:21:48.256+0000] {logging_mixin.py:190} INFO - [2025-12-08T07:21:48.256+0000] {dagbag.py:587} INFO - Filling up the DagBag from /home/airflow/.local/lib/python3.12/site-packages/airflow/example_dags/example_xcomargs.py
[2025-12-08T07:21:48.283+0000] {processor.py:925} INFO - DAG(s) 'example_xcom_args', 'example_xcom_args_with_operators' retrieved from /home/airflow/.local/lib/python3.12/site-packages/airflow/example_dags/example_xcomargs.py
[2025-12-08T07:21:48.341+0000] {logging_mixin.py:190} INFO - [2025-12-08T07:21:48.340+0000] {dag.py:3211} INFO - Sync 2 DAGs
[2025-12-08T07:21:48.378+0000] {logging_mixin.py:190} INFO - [2025-12-08T07:21:48.375+0000] {dag.py:4138} INFO - Setting next_dagrun for example_xcom_args to None, run_after=None
[2025-12-08T07:21:48.387+0000] {logging_mixin.py:190} INFO - [2025-12-08T07:21:48.387+0000] {dag.py:4138} INFO - Setting next_dagrun for example_xcom_args_with_operators to None, run_after=None
[2025-12-08T07:21:48.434+0000] {processor.py:208} INFO - Processing /home/airflow/.local/lib/python3.12/site-packages/airflow/example_dags/example_xcomargs.py took 0.200 seconds
[2025-12-08T07:22:18.542+0000] {processor.py:186} INFO - Started process (PID=1883) to work on /home/airflow/.local/lib/python3.12/site-packages/airflow/example_dags/example_xcomargs.py
[2025-12-08T07:22:18.546+0000] {processor.py:914} INFO - Processing file /home/airflow/.local/lib/python3.12/site-packages/airflow/example_dags/example_xcomargs.py for tasks to queue
[2025-12-08T07:22:18.557+0000] {logging_mixin.py:190} INFO - [2025-12-08T07:22:18.556+0000] {dagbag.py:587} INFO - Filling up the DagBag from /home/airflow/.local/lib/python3.12/site-packages/airflow/example_dags/example_xcomargs.py
[2025-12-08T07:22:18.583+0000] {processor.py:925} INFO - DAG(s) 'example_xcom_args_with_operators', 'example_xcom_args' retrieved from /home/airflow/.local/lib/python3.12/site-packages/airflow/example_dags/example_xcomargs.py
[2025-12-08T07:22:18.636+0000] {logging_mixin.py:190} INFO - [2025-12-08T07:22:18.635+0000] {dag.py:3211} INFO - Sync 2 DAGs
[2025-12-08T07:22:18.666+0000] {logging_mixin.py:190} INFO - [2025-12-08T07:22:18.666+0000] {dag.py:4138} INFO - Setting next_dagrun for example_xcom_args to None, run_after=None
[2025-12-08T07:22:18.677+0000] {logging_mixin.py:190} INFO - [2025-12-08T07:22:18.677+0000] {dag.py:4138} INFO - Setting next_dagrun for example_xcom_args_with_operators to None, run_after=None
[2025-12-08T07:22:18.725+0000] {processor.py:208} INFO - Processing /home/airflow/.local/lib/python3.12/site-packages/airflow/example_dags/example_xcomargs.py took 0.208 seconds
[2025-12-08T07:22:49.143+0000] {processor.py:186} INFO - Started process (PID=1945) to work on /home/airflow/.local/lib/python3.12/site-packages/airflow/example_dags/example_xcomargs.py
[2025-12-08T07:22:49.146+0000] {processor.py:914} INFO - Processing file /home/airflow/.local/lib/python3.12/site-packages/airflow/example_dags/example_xcomargs.py for tasks to queue
[2025-12-08T07:22:49.157+0000] {logging_mixin.py:190} INFO - [2025-12-08T07:22:49.156+0000] {dagbag.py:587} INFO - Filling up the DagBag from /home/airflow/.local/lib/python3.12/site-packages/airflow/example_dags/example_xcomargs.py
[2025-12-08T07:22:49.185+0000] {processor.py:925} INFO - DAG(s) 'example_xcom_args', 'example_xcom_args_with_operators' retrieved from /home/airflow/.local/lib/python3.12/site-packages/airflow/example_dags/example_xcomargs.py
[2025-12-08T07:22:49.228+0000] {logging_mixin.py:190} INFO - [2025-12-08T07:22:49.227+0000] {dag.py:3211} INFO - Sync 2 DAGs
[2025-12-08T07:22:49.252+0000] {logging_mixin.py:190} INFO - [2025-12-08T07:22:49.251+0000] {dag.py:4138} INFO - Setting next_dagrun for example_xcom_args to None, run_after=None
[2025-12-08T07:22:49.262+0000] {logging_mixin.py:190} INFO - [2025-12-08T07:22:49.261+0000] {dag.py:4138} INFO - Setting next_dagrun for example_xcom_args_with_operators to None, run_after=None
[2025-12-08T07:22:49.289+0000] {processor.py:208} INFO - Processing /home/airflow/.local/lib/python3.12/site-packages/airflow/example_dags/example_xcomargs.py took 0.160 seconds
[2025-12-08T07:23:19.828+0000] {processor.py:186} INFO - Started process (PID=2007) to work on /home/airflow/.local/lib/python3.12/site-packages/airflow/example_dags/example_xcomargs.py
[2025-12-08T07:23:19.830+0000] {processor.py:914} INFO - Processing file /home/airflow/.local/lib/python3.12/site-packages/airflow/example_dags/example_xcomargs.py for tasks to queue
[2025-12-08T07:23:19.835+0000] {logging_mixin.py:190} INFO - [2025-12-08T07:23:19.835+0000] {dagbag.py:587} INFO - Filling up the DagBag from /home/airflow/.local/lib/python3.12/site-packages/airflow/example_dags/example_xcomargs.py
[2025-12-08T07:23:19.856+0000] {processor.py:925} INFO - DAG(s) 'example_xcom_args', 'example_xcom_args_with_operators' retrieved from /home/airflow/.local/lib/python3.12/site-packages/airflow/example_dags/example_xcomargs.py
[2025-12-08T07:23:19.912+0000] {logging_mixin.py:190} INFO - [2025-12-08T07:23:19.911+0000] {dag.py:3211} INFO - Sync 2 DAGs
[2025-12-08T07:23:19.942+0000] {logging_mixin.py:190} INFO - [2025-12-08T07:23:19.942+0000] {dag.py:4138} INFO - Setting next_dagrun for example_xcom_args to None, run_after=None
[2025-12-08T07:23:19.949+0000] {logging_mixin.py:190} INFO - [2025-12-08T07:23:19.949+0000] {dag.py:4138} INFO - Setting next_dagrun for example_xcom_args_with_operators to None, run_after=None
[2025-12-08T07:23:19.986+0000] {processor.py:208} INFO - Processing /home/airflow/.local/lib/python3.12/site-packages/airflow/example_dags/example_xcomargs.py took 0.171 seconds
[2025-12-08T07:23:50.615+0000] {processor.py:186} INFO - Started process (PID=2069) to work on /home/airflow/.local/lib/python3.12/site-packages/airflow/example_dags/example_xcomargs.py
[2025-12-08T07:23:50.618+0000] {processor.py:914} INFO - Processing file /home/airflow/.local/lib/python3.12/site-packages/airflow/example_dags/example_xcomargs.py for tasks to queue
[2025-12-08T07:23:50.626+0000] {logging_mixin.py:190} INFO - [2025-12-08T07:23:50.625+0000] {dagbag.py:587} INFO - Filling up the DagBag from /home/airflow/.local/lib/python3.12/site-packages/airflow/example_dags/example_xcomargs.py
[2025-12-08T07:23:50.656+0000] {processor.py:925} INFO - DAG(s) 'example_xcom_args', 'example_xcom_args_with_operators' retrieved from /home/airflow/.local/lib/python3.12/site-packages/airflow/example_dags/example_xcomargs.py
[2025-12-08T07:23:50.714+0000] {logging_mixin.py:190} INFO - [2025-12-08T07:23:50.714+0000] {dag.py:3211} INFO - Sync 2 DAGs
[2025-12-08T07:23:50.747+0000] {logging_mixin.py:190} INFO - [2025-12-08T07:23:50.747+0000] {dag.py:4138} INFO - Setting next_dagrun for example_xcom_args to None, run_after=None
[2025-12-08T07:23:50.757+0000] {logging_mixin.py:190} INFO - [2025-12-08T07:23:50.757+0000] {dag.py:4138} INFO - Setting next_dagrun for example_xcom_args_with_operators to None, run_after=None
[2025-12-08T07:23:50.800+0000] {processor.py:208} INFO - Processing /home/airflow/.local/lib/python3.12/site-packages/airflow/example_dags/example_xcomargs.py took 0.200 seconds
[2025-12-08T07:24:21.288+0000] {processor.py:186} INFO - Started process (PID=2130) to work on /home/airflow/.local/lib/python3.12/site-packages/airflow/example_dags/example_xcomargs.py
[2025-12-08T07:24:21.290+0000] {processor.py:914} INFO - Processing file /home/airflow/.local/lib/python3.12/site-packages/airflow/example_dags/example_xcomargs.py for tasks to queue
[2025-12-08T07:24:21.300+0000] {logging_mixin.py:190} INFO - [2025-12-08T07:24:21.298+0000] {dagbag.py:587} INFO - Filling up the DagBag from /home/airflow/.local/lib/python3.12/site-packages/airflow/example_dags/example_xcomargs.py
[2025-12-08T07:24:21.321+0000] {processor.py:925} INFO - DAG(s) 'example_xcom_args_with_operators', 'example_xcom_args' retrieved from /home/airflow/.local/lib/python3.12/site-packages/airflow/example_dags/example_xcomargs.py
[2025-12-08T07:24:21.377+0000] {logging_mixin.py:190} INFO - [2025-12-08T07:24:21.376+0000] {dag.py:3211} INFO - Sync 2 DAGs
[2025-12-08T07:24:21.402+0000] {logging_mixin.py:190} INFO - [2025-12-08T07:24:21.402+0000] {dag.py:4138} INFO - Setting next_dagrun for example_xcom_args to None, run_after=None
[2025-12-08T07:24:21.408+0000] {logging_mixin.py:190} INFO - [2025-12-08T07:24:21.408+0000] {dag.py:4138} INFO - Setting next_dagrun for example_xcom_args_with_operators to None, run_after=None
[2025-12-08T07:24:21.441+0000] {processor.py:208} INFO - Processing /home/airflow/.local/lib/python3.12/site-packages/airflow/example_dags/example_xcomargs.py took 0.165 seconds
[2025-12-08T07:26:36.410+0000] {processor.py:186} INFO - Started process (PID=83) to work on /home/airflow/.local/lib/python3.12/site-packages/airflow/example_dags/example_xcomargs.py
[2025-12-08T07:26:36.413+0000] {processor.py:914} INFO - Processing file /home/airflow/.local/lib/python3.12/site-packages/airflow/example_dags/example_xcomargs.py for tasks to queue
[2025-12-08T07:26:36.419+0000] {logging_mixin.py:190} INFO - [2025-12-08T07:26:36.417+0000] {dagbag.py:587} INFO - Filling up the DagBag from /home/airflow/.local/lib/python3.12/site-packages/airflow/example_dags/example_xcomargs.py
[2025-12-08T07:26:36.441+0000] {processor.py:925} INFO - DAG(s) 'example_xcom_args_with_operators', 'example_xcom_args' retrieved from /home/airflow/.local/lib/python3.12/site-packages/airflow/example_dags/example_xcomargs.py
[2025-12-08T07:26:36.514+0000] {logging_mixin.py:190} INFO - [2025-12-08T07:26:36.513+0000] {dag.py:3211} INFO - Sync 2 DAGs
[2025-12-08T07:26:36.554+0000] {logging_mixin.py:190} INFO - [2025-12-08T07:26:36.554+0000] {dag.py:4138} INFO - Setting next_dagrun for example_xcom_args to None, run_after=None
[2025-12-08T07:26:36.565+0000] {logging_mixin.py:190} INFO - [2025-12-08T07:26:36.565+0000] {dag.py:4138} INFO - Setting next_dagrun for example_xcom_args_with_operators to None, run_after=None
[2025-12-08T07:26:36.614+0000] {processor.py:208} INFO - Processing /home/airflow/.local/lib/python3.12/site-packages/airflow/example_dags/example_xcomargs.py took 0.219 seconds
[2025-12-08T07:27:07.157+0000] {processor.py:186} INFO - Started process (PID=146) to work on /home/airflow/.local/lib/python3.12/site-packages/airflow/example_dags/example_xcomargs.py
[2025-12-08T07:27:07.160+0000] {processor.py:914} INFO - Processing file /home/airflow/.local/lib/python3.12/site-packages/airflow/example_dags/example_xcomargs.py for tasks to queue
[2025-12-08T07:27:07.168+0000] {logging_mixin.py:190} INFO - [2025-12-08T07:27:07.167+0000] {dagbag.py:587} INFO - Filling up the DagBag from /home/airflow/.local/lib/python3.12/site-packages/airflow/example_dags/example_xcomargs.py
[2025-12-08T07:27:07.187+0000] {processor.py:925} INFO - DAG(s) 'example_xcom_args', 'example_xcom_args_with_operators' retrieved from /home/airflow/.local/lib/python3.12/site-packages/airflow/example_dags/example_xcomargs.py
[2025-12-08T07:27:07.244+0000] {logging_mixin.py:190} INFO - [2025-12-08T07:27:07.243+0000] {dag.py:3211} INFO - Sync 2 DAGs
[2025-12-08T07:27:07.269+0000] {logging_mixin.py:190} INFO - [2025-12-08T07:27:07.269+0000] {dag.py:4138} INFO - Setting next_dagrun for example_xcom_args to None, run_after=None
[2025-12-08T07:27:07.277+0000] {logging_mixin.py:190} INFO - [2025-12-08T07:27:07.276+0000] {dag.py:4138} INFO - Setting next_dagrun for example_xcom_args_with_operators to None, run_after=None
[2025-12-08T07:27:07.314+0000] {processor.py:208} INFO - Processing /home/airflow/.local/lib/python3.12/site-packages/airflow/example_dags/example_xcomargs.py took 0.167 seconds
[2025-12-08T07:27:37.766+0000] {processor.py:186} INFO - Started process (PID=209) to work on /home/airflow/.local/lib/python3.12/site-packages/airflow/example_dags/example_xcomargs.py
[2025-12-08T07:27:37.769+0000] {processor.py:914} INFO - Processing file /home/airflow/.local/lib/python3.12/site-packages/airflow/example_dags/example_xcomargs.py for tasks to queue
[2025-12-08T07:27:37.774+0000] {logging_mixin.py:190} INFO - [2025-12-08T07:27:37.773+0000] {dagbag.py:587} INFO - Filling up the DagBag from /home/airflow/.local/lib/python3.12/site-packages/airflow/example_dags/example_xcomargs.py
[2025-12-08T07:27:37.798+0000] {processor.py:925} INFO - DAG(s) 'example_xcom_args', 'example_xcom_args_with_operators' retrieved from /home/airflow/.local/lib/python3.12/site-packages/airflow/example_dags/example_xcomargs.py
[2025-12-08T07:27:37.845+0000] {logging_mixin.py:190} INFO - [2025-12-08T07:27:37.845+0000] {dag.py:3211} INFO - Sync 2 DAGs
[2025-12-08T07:27:37.869+0000] {logging_mixin.py:190} INFO - [2025-12-08T07:27:37.868+0000] {dag.py:4138} INFO - Setting next_dagrun for example_xcom_args to None, run_after=None
[2025-12-08T07:27:37.875+0000] {logging_mixin.py:190} INFO - [2025-12-08T07:27:37.875+0000] {dag.py:4138} INFO - Setting next_dagrun for example_xcom_args_with_operators to None, run_after=None
[2025-12-08T07:27:37.918+0000] {processor.py:208} INFO - Processing /home/airflow/.local/lib/python3.12/site-packages/airflow/example_dags/example_xcomargs.py took 0.160 seconds
[2025-12-08T07:28:08.467+0000] {processor.py:186} INFO - Started process (PID=284) to work on /home/airflow/.local/lib/python3.12/site-packages/airflow/example_dags/example_xcomargs.py
[2025-12-08T07:28:08.469+0000] {processor.py:914} INFO - Processing file /home/airflow/.local/lib/python3.12/site-packages/airflow/example_dags/example_xcomargs.py for tasks to queue
[2025-12-08T07:28:08.475+0000] {logging_mixin.py:190} INFO - [2025-12-08T07:28:08.474+0000] {dagbag.py:587} INFO - Filling up the DagBag from /home/airflow/.local/lib/python3.12/site-packages/airflow/example_dags/example_xcomargs.py
[2025-12-08T07:28:08.500+0000] {processor.py:925} INFO - DAG(s) 'example_xcom_args_with_operators', 'example_xcom_args' retrieved from /home/airflow/.local/lib/python3.12/site-packages/airflow/example_dags/example_xcomargs.py
[2025-12-08T07:28:08.553+0000] {logging_mixin.py:190} INFO - [2025-12-08T07:28:08.553+0000] {dag.py:3211} INFO - Sync 2 DAGs
[2025-12-08T07:28:08.583+0000] {logging_mixin.py:190} INFO - [2025-12-08T07:28:08.582+0000] {dag.py:4138} INFO - Setting next_dagrun for example_xcom_args to None, run_after=None
[2025-12-08T07:28:08.593+0000] {logging_mixin.py:190} INFO - [2025-12-08T07:28:08.592+0000] {dag.py:4138} INFO - Setting next_dagrun for example_xcom_args_with_operators to None, run_after=None
[2025-12-08T07:28:08.634+0000] {processor.py:208} INFO - Processing /home/airflow/.local/lib/python3.12/site-packages/airflow/example_dags/example_xcomargs.py took 0.177 seconds
[2025-12-08T07:28:39.485+0000] {processor.py:186} INFO - Started process (PID=347) to work on /home/airflow/.local/lib/python3.12/site-packages/airflow/example_dags/example_xcomargs.py
[2025-12-08T07:28:39.489+0000] {processor.py:914} INFO - Processing file /home/airflow/.local/lib/python3.12/site-packages/airflow/example_dags/example_xcomargs.py for tasks to queue
[2025-12-08T07:28:39.499+0000] {logging_mixin.py:190} INFO - [2025-12-08T07:28:39.498+0000] {dagbag.py:587} INFO - Filling up the DagBag from /home/airflow/.local/lib/python3.12/site-packages/airflow/example_dags/example_xcomargs.py
[2025-12-08T07:28:39.534+0000] {processor.py:925} INFO - DAG(s) 'example_xcom_args_with_operators', 'example_xcom_args' retrieved from /home/airflow/.local/lib/python3.12/site-packages/airflow/example_dags/example_xcomargs.py
[2025-12-08T07:28:39.650+0000] {logging_mixin.py:190} INFO - [2025-12-08T07:28:39.650+0000] {dag.py:3211} INFO - Sync 2 DAGs
[2025-12-08T07:28:39.721+0000] {logging_mixin.py:190} INFO - [2025-12-08T07:28:39.719+0000] {dag.py:4138} INFO - Setting next_dagrun for example_xcom_args to None, run_after=None
[2025-12-08T07:28:39.733+0000] {logging_mixin.py:190} INFO - [2025-12-08T07:28:39.732+0000] {dag.py:4138} INFO - Setting next_dagrun for example_xcom_args_with_operators to None, run_after=None
[2025-12-08T07:28:39.785+0000] {processor.py:208} INFO - Processing /home/airflow/.local/lib/python3.12/site-packages/airflow/example_dags/example_xcomargs.py took 0.317 seconds
[2025-12-08T07:29:10.325+0000] {processor.py:186} INFO - Started process (PID=410) to work on /home/airflow/.local/lib/python3.12/site-packages/airflow/example_dags/example_xcomargs.py
[2025-12-08T07:29:10.328+0000] {processor.py:914} INFO - Processing file /home/airflow/.local/lib/python3.12/site-packages/airflow/example_dags/example_xcomargs.py for tasks to queue
[2025-12-08T07:29:10.333+0000] {logging_mixin.py:190} INFO - [2025-12-08T07:29:10.333+0000] {dagbag.py:587} INFO - Filling up the DagBag from /home/airflow/.local/lib/python3.12/site-packages/airflow/example_dags/example_xcomargs.py
[2025-12-08T07:29:10.352+0000] {processor.py:925} INFO - DAG(s) 'example_xcom_args_with_operators', 'example_xcom_args' retrieved from /home/airflow/.local/lib/python3.12/site-packages/airflow/example_dags/example_xcomargs.py
[2025-12-08T07:29:10.403+0000] {logging_mixin.py:190} INFO - [2025-12-08T07:29:10.403+0000] {dag.py:3211} INFO - Sync 2 DAGs
[2025-12-08T07:29:10.429+0000] {logging_mixin.py:190} INFO - [2025-12-08T07:29:10.429+0000] {dag.py:4138} INFO - Setting next_dagrun for example_xcom_args to None, run_after=None
[2025-12-08T07:29:10.438+0000] {logging_mixin.py:190} INFO - [2025-12-08T07:29:10.438+0000] {dag.py:4138} INFO - Setting next_dagrun for example_xcom_args_with_operators to None, run_after=None
[2025-12-08T07:29:10.471+0000] {processor.py:208} INFO - Processing /home/airflow/.local/lib/python3.12/site-packages/airflow/example_dags/example_xcomargs.py took 0.161 seconds
[2025-12-08T07:29:41.748+0000] {processor.py:186} INFO - Started process (PID=473) to work on /home/airflow/.local/lib/python3.12/site-packages/airflow/example_dags/example_xcomargs.py
[2025-12-08T07:29:41.750+0000] {processor.py:914} INFO - Processing file /home/airflow/.local/lib/python3.12/site-packages/airflow/example_dags/example_xcomargs.py for tasks to queue
[2025-12-08T07:29:41.756+0000] {logging_mixin.py:190} INFO - [2025-12-08T07:29:41.755+0000] {dagbag.py:587} INFO - Filling up the DagBag from /home/airflow/.local/lib/python3.12/site-packages/airflow/example_dags/example_xcomargs.py
[2025-12-08T07:29:41.774+0000] {processor.py:925} INFO - DAG(s) 'example_xcom_args_with_operators', 'example_xcom_args' retrieved from /home/airflow/.local/lib/python3.12/site-packages/airflow/example_dags/example_xcomargs.py
[2025-12-08T07:29:41.821+0000] {logging_mixin.py:190} INFO - [2025-12-08T07:29:41.820+0000] {dag.py:3211} INFO - Sync 2 DAGs
[2025-12-08T07:29:41.848+0000] {logging_mixin.py:190} INFO - [2025-12-08T07:29:41.848+0000] {dag.py:4138} INFO - Setting next_dagrun for example_xcom_args to None, run_after=None
[2025-12-08T07:29:41.858+0000] {logging_mixin.py:190} INFO - [2025-12-08T07:29:41.857+0000] {dag.py:4138} INFO - Setting next_dagrun for example_xcom_args_with_operators to None, run_after=None
[2025-12-08T07:29:41.896+0000] {processor.py:208} INFO - Processing /home/airflow/.local/lib/python3.12/site-packages/airflow/example_dags/example_xcomargs.py took 0.162 seconds
[2025-12-08T07:30:12.720+0000] {processor.py:186} INFO - Started process (PID=536) to work on /home/airflow/.local/lib/python3.12/site-packages/airflow/example_dags/example_xcomargs.py
[2025-12-08T07:30:12.722+0000] {processor.py:914} INFO - Processing file /home/airflow/.local/lib/python3.12/site-packages/airflow/example_dags/example_xcomargs.py for tasks to queue
[2025-12-08T07:30:12.730+0000] {logging_mixin.py:190} INFO - [2025-12-08T07:30:12.728+0000] {dagbag.py:587} INFO - Filling up the DagBag from /home/airflow/.local/lib/python3.12/site-packages/airflow/example_dags/example_xcomargs.py
[2025-12-08T07:30:12.755+0000] {processor.py:925} INFO - DAG(s) 'example_xcom_args_with_operators', 'example_xcom_args' retrieved from /home/airflow/.local/lib/python3.12/site-packages/airflow/example_dags/example_xcomargs.py
[2025-12-08T07:30:12.816+0000] {logging_mixin.py:190} INFO - [2025-12-08T07:30:12.815+0000] {dag.py:3211} INFO - Sync 2 DAGs
[2025-12-08T07:30:12.849+0000] {logging_mixin.py:190} INFO - [2025-12-08T07:30:12.848+0000] {dag.py:4138} INFO - Setting next_dagrun for example_xcom_args to None, run_after=None
[2025-12-08T07:30:12.859+0000] {logging_mixin.py:190} INFO - [2025-12-08T07:30:12.859+0000] {dag.py:4138} INFO - Setting next_dagrun for example_xcom_args_with_operators to None, run_after=None
[2025-12-08T07:30:12.897+0000] {processor.py:208} INFO - Processing /home/airflow/.local/lib/python3.12/site-packages/airflow/example_dags/example_xcomargs.py took 0.192 seconds
[2025-12-08T07:30:43.211+0000] {processor.py:186} INFO - Started process (PID=599) to work on /home/airflow/.local/lib/python3.12/site-packages/airflow/example_dags/example_xcomargs.py
[2025-12-08T07:30:43.214+0000] {processor.py:914} INFO - Processing file /home/airflow/.local/lib/python3.12/site-packages/airflow/example_dags/example_xcomargs.py for tasks to queue
[2025-12-08T07:30:43.225+0000] {logging_mixin.py:190} INFO - [2025-12-08T07:30:43.223+0000] {dagbag.py:587} INFO - Filling up the DagBag from /home/airflow/.local/lib/python3.12/site-packages/airflow/example_dags/example_xcomargs.py
[2025-12-08T07:30:43.243+0000] {processor.py:925} INFO - DAG(s) 'example_xcom_args_with_operators', 'example_xcom_args' retrieved from /home/airflow/.local/lib/python3.12/site-packages/airflow/example_dags/example_xcomargs.py
[2025-12-08T07:30:43.297+0000] {logging_mixin.py:190} INFO - [2025-12-08T07:30:43.296+0000] {dag.py:3211} INFO - Sync 2 DAGs
[2025-12-08T07:30:43.326+0000] {logging_mixin.py:190} INFO - [2025-12-08T07:30:43.325+0000] {dag.py:4138} INFO - Setting next_dagrun for example_xcom_args to None, run_after=None
[2025-12-08T07:30:43.333+0000] {logging_mixin.py:190} INFO - [2025-12-08T07:30:43.333+0000] {dag.py:4138} INFO - Setting next_dagrun for example_xcom_args_with_operators to None, run_after=None
[2025-12-08T07:30:43.376+0000] {processor.py:208} INFO - Processing /home/airflow/.local/lib/python3.12/site-packages/airflow/example_dags/example_xcomargs.py took 0.180 seconds
[2025-12-08T07:31:14.242+0000] {processor.py:186} INFO - Started process (PID=662) to work on /home/airflow/.local/lib/python3.12/site-packages/airflow/example_dags/example_xcomargs.py
[2025-12-08T07:31:14.244+0000] {processor.py:914} INFO - Processing file /home/airflow/.local/lib/python3.12/site-packages/airflow/example_dags/example_xcomargs.py for tasks to queue
[2025-12-08T07:31:14.252+0000] {logging_mixin.py:190} INFO - [2025-12-08T07:31:14.251+0000] {dagbag.py:587} INFO - Filling up the DagBag from /home/airflow/.local/lib/python3.12/site-packages/airflow/example_dags/example_xcomargs.py
[2025-12-08T07:31:14.275+0000] {processor.py:925} INFO - DAG(s) 'example_xcom_args_with_operators', 'example_xcom_args' retrieved from /home/airflow/.local/lib/python3.12/site-packages/airflow/example_dags/example_xcomargs.py
[2025-12-08T07:31:14.334+0000] {logging_mixin.py:190} INFO - [2025-12-08T07:31:14.333+0000] {dag.py:3211} INFO - Sync 2 DAGs
[2025-12-08T07:31:14.374+0000] {logging_mixin.py:190} INFO - [2025-12-08T07:31:14.373+0000] {dag.py:4138} INFO - Setting next_dagrun for example_xcom_args to None, run_after=None
[2025-12-08T07:31:14.385+0000] {logging_mixin.py:190} INFO - [2025-12-08T07:31:14.384+0000] {dag.py:4138} INFO - Setting next_dagrun for example_xcom_args_with_operators to None, run_after=None
[2025-12-08T07:31:14.429+0000] {processor.py:208} INFO - Processing /home/airflow/.local/lib/python3.12/site-packages/airflow/example_dags/example_xcomargs.py took 0.200 seconds
[2025-12-08T07:31:45.114+0000] {processor.py:186} INFO - Started process (PID=725) to work on /home/airflow/.local/lib/python3.12/site-packages/airflow/example_dags/example_xcomargs.py
[2025-12-08T07:31:45.117+0000] {processor.py:914} INFO - Processing file /home/airflow/.local/lib/python3.12/site-packages/airflow/example_dags/example_xcomargs.py for tasks to queue
[2025-12-08T07:31:45.126+0000] {logging_mixin.py:190} INFO - [2025-12-08T07:31:45.125+0000] {dagbag.py:587} INFO - Filling up the DagBag from /home/airflow/.local/lib/python3.12/site-packages/airflow/example_dags/example_xcomargs.py
[2025-12-08T07:31:45.145+0000] {processor.py:925} INFO - DAG(s) 'example_xcom_args_with_operators', 'example_xcom_args' retrieved from /home/airflow/.local/lib/python3.12/site-packages/airflow/example_dags/example_xcomargs.py
[2025-12-08T07:31:45.195+0000] {logging_mixin.py:190} INFO - [2025-12-08T07:31:45.195+0000] {dag.py:3211} INFO - Sync 2 DAGs
[2025-12-08T07:31:45.229+0000] {logging_mixin.py:190} INFO - [2025-12-08T07:31:45.227+0000] {dag.py:4138} INFO - Setting next_dagrun for example_xcom_args to None, run_after=None
[2025-12-08T07:31:45.245+0000] {logging_mixin.py:190} INFO - [2025-12-08T07:31:45.244+0000] {dag.py:4138} INFO - Setting next_dagrun for example_xcom_args_with_operators to None, run_after=None
[2025-12-08T07:31:45.288+0000] {processor.py:208} INFO - Processing /home/airflow/.local/lib/python3.12/site-packages/airflow/example_dags/example_xcomargs.py took 0.190 seconds
[2025-12-08T07:32:15.612+0000] {processor.py:186} INFO - Started process (PID=787) to work on /home/airflow/.local/lib/python3.12/site-packages/airflow/example_dags/example_xcomargs.py
[2025-12-08T07:32:15.614+0000] {processor.py:914} INFO - Processing file /home/airflow/.local/lib/python3.12/site-packages/airflow/example_dags/example_xcomargs.py for tasks to queue
[2025-12-08T07:32:15.620+0000] {logging_mixin.py:190} INFO - [2025-12-08T07:32:15.618+0000] {dagbag.py:587} INFO - Filling up the DagBag from /home/airflow/.local/lib/python3.12/site-packages/airflow/example_dags/example_xcomargs.py
[2025-12-08T07:32:15.644+0000] {processor.py:925} INFO - DAG(s) 'example_xcom_args', 'example_xcom_args_with_operators' retrieved from /home/airflow/.local/lib/python3.12/site-packages/airflow/example_dags/example_xcomargs.py
[2025-12-08T07:32:15.686+0000] {logging_mixin.py:190} INFO - [2025-12-08T07:32:15.686+0000] {dag.py:3211} INFO - Sync 2 DAGs
[2025-12-08T07:32:15.709+0000] {logging_mixin.py:190} INFO - [2025-12-08T07:32:15.708+0000] {dag.py:4138} INFO - Setting next_dagrun for example_xcom_args to None, run_after=None
[2025-12-08T07:32:15.715+0000] {logging_mixin.py:190} INFO - [2025-12-08T07:32:15.715+0000] {dag.py:4138} INFO - Setting next_dagrun for example_xcom_args_with_operators to None, run_after=None
[2025-12-08T07:32:15.759+0000] {processor.py:208} INFO - Processing /home/airflow/.local/lib/python3.12/site-packages/airflow/example_dags/example_xcomargs.py took 0.160 seconds
[2025-12-08T07:32:46.226+0000] {processor.py:186} INFO - Started process (PID=850) to work on /home/airflow/.local/lib/python3.12/site-packages/airflow/example_dags/example_xcomargs.py
[2025-12-08T07:32:46.232+0000] {processor.py:914} INFO - Processing file /home/airflow/.local/lib/python3.12/site-packages/airflow/example_dags/example_xcomargs.py for tasks to queue
[2025-12-08T07:32:46.264+0000] {logging_mixin.py:190} INFO - [2025-12-08T07:32:46.261+0000] {dagbag.py:587} INFO - Filling up the DagBag from /home/airflow/.local/lib/python3.12/site-packages/airflow/example_dags/example_xcomargs.py
[2025-12-08T07:32:46.301+0000] {processor.py:925} INFO - DAG(s) 'example_xcom_args_with_operators', 'example_xcom_args' retrieved from /home/airflow/.local/lib/python3.12/site-packages/airflow/example_dags/example_xcomargs.py
[2025-12-08T07:32:46.397+0000] {logging_mixin.py:190} INFO - [2025-12-08T07:32:46.396+0000] {dag.py:3211} INFO - Sync 2 DAGs
[2025-12-08T07:32:46.441+0000] {logging_mixin.py:190} INFO - [2025-12-08T07:32:46.440+0000] {dag.py:4138} INFO - Setting next_dagrun for example_xcom_args to None, run_after=None
[2025-12-08T07:32:46.465+0000] {logging_mixin.py:190} INFO - [2025-12-08T07:32:46.464+0000] {dag.py:4138} INFO - Setting next_dagrun for example_xcom_args_with_operators to None, run_after=None
[2025-12-08T07:32:46.535+0000] {processor.py:208} INFO - Processing /home/airflow/.local/lib/python3.12/site-packages/airflow/example_dags/example_xcomargs.py took 0.330 seconds
[2025-12-08T07:33:16.792+0000] {processor.py:186} INFO - Started process (PID=912) to work on /home/airflow/.local/lib/python3.12/site-packages/airflow/example_dags/example_xcomargs.py
[2025-12-08T07:33:16.796+0000] {processor.py:914} INFO - Processing file /home/airflow/.local/lib/python3.12/site-packages/airflow/example_dags/example_xcomargs.py for tasks to queue
[2025-12-08T07:33:16.808+0000] {logging_mixin.py:190} INFO - [2025-12-08T07:33:16.807+0000] {dagbag.py:587} INFO - Filling up the DagBag from /home/airflow/.local/lib/python3.12/site-packages/airflow/example_dags/example_xcomargs.py
[2025-12-08T07:33:16.830+0000] {processor.py:925} INFO - DAG(s) 'example_xcom_args', 'example_xcom_args_with_operators' retrieved from /home/airflow/.local/lib/python3.12/site-packages/airflow/example_dags/example_xcomargs.py
[2025-12-08T07:33:16.896+0000] {logging_mixin.py:190} INFO - [2025-12-08T07:33:16.895+0000] {dag.py:3211} INFO - Sync 2 DAGs
[2025-12-08T07:33:16.921+0000] {logging_mixin.py:190} INFO - [2025-12-08T07:33:16.921+0000] {dag.py:4138} INFO - Setting next_dagrun for example_xcom_args to None, run_after=None
[2025-12-08T07:33:16.931+0000] {logging_mixin.py:190} INFO - [2025-12-08T07:33:16.930+0000] {dag.py:4138} INFO - Setting next_dagrun for example_xcom_args_with_operators to None, run_after=None
[2025-12-08T07:33:16.976+0000] {processor.py:208} INFO - Processing /home/airflow/.local/lib/python3.12/site-packages/airflow/example_dags/example_xcomargs.py took 0.197 seconds
[2025-12-08T07:33:47.261+0000] {processor.py:186} INFO - Started process (PID=975) to work on /home/airflow/.local/lib/python3.12/site-packages/airflow/example_dags/example_xcomargs.py
[2025-12-08T07:33:47.264+0000] {processor.py:914} INFO - Processing file /home/airflow/.local/lib/python3.12/site-packages/airflow/example_dags/example_xcomargs.py for tasks to queue
[2025-12-08T07:33:47.271+0000] {logging_mixin.py:190} INFO - [2025-12-08T07:33:47.270+0000] {dagbag.py:587} INFO - Filling up the DagBag from /home/airflow/.local/lib/python3.12/site-packages/airflow/example_dags/example_xcomargs.py
[2025-12-08T07:33:47.296+0000] {processor.py:925} INFO - DAG(s) 'example_xcom_args', 'example_xcom_args_with_operators' retrieved from /home/airflow/.local/lib/python3.12/site-packages/airflow/example_dags/example_xcomargs.py
[2025-12-08T07:33:47.361+0000] {logging_mixin.py:190} INFO - [2025-12-08T07:33:47.361+0000] {dag.py:3211} INFO - Sync 2 DAGs
[2025-12-08T07:33:47.387+0000] {logging_mixin.py:190} INFO - [2025-12-08T07:33:47.387+0000] {dag.py:4138} INFO - Setting next_dagrun for example_xcom_args to None, run_after=None
[2025-12-08T07:33:47.395+0000] {logging_mixin.py:190} INFO - [2025-12-08T07:33:47.394+0000] {dag.py:4138} INFO - Setting next_dagrun for example_xcom_args_with_operators to None, run_after=None
[2025-12-08T07:33:47.435+0000] {processor.py:208} INFO - Processing /home/airflow/.local/lib/python3.12/site-packages/airflow/example_dags/example_xcomargs.py took 0.186 seconds
[2025-12-08T07:34:18.132+0000] {processor.py:186} INFO - Started process (PID=1038) to work on /home/airflow/.local/lib/python3.12/site-packages/airflow/example_dags/example_xcomargs.py
[2025-12-08T07:34:18.135+0000] {processor.py:914} INFO - Processing file /home/airflow/.local/lib/python3.12/site-packages/airflow/example_dags/example_xcomargs.py for tasks to queue
[2025-12-08T07:34:18.140+0000] {logging_mixin.py:190} INFO - [2025-12-08T07:34:18.140+0000] {dagbag.py:587} INFO - Filling up the DagBag from /home/airflow/.local/lib/python3.12/site-packages/airflow/example_dags/example_xcomargs.py
[2025-12-08T07:34:18.159+0000] {processor.py:925} INFO - DAG(s) 'example_xcom_args_with_operators', 'example_xcom_args' retrieved from /home/airflow/.local/lib/python3.12/site-packages/airflow/example_dags/example_xcomargs.py
[2025-12-08T07:34:18.208+0000] {logging_mixin.py:190} INFO - [2025-12-08T07:34:18.208+0000] {dag.py:3211} INFO - Sync 2 DAGs
[2025-12-08T07:34:18.234+0000] {logging_mixin.py:190} INFO - [2025-12-08T07:34:18.233+0000] {dag.py:4138} INFO - Setting next_dagrun for example_xcom_args to None, run_after=None
[2025-12-08T07:34:18.242+0000] {logging_mixin.py:190} INFO - [2025-12-08T07:34:18.241+0000] {dag.py:4138} INFO - Setting next_dagrun for example_xcom_args_with_operators to None, run_after=None
[2025-12-08T07:34:18.276+0000] {processor.py:208} INFO - Processing /home/airflow/.local/lib/python3.12/site-packages/airflow/example_dags/example_xcomargs.py took 0.154 seconds
[2025-12-08T07:34:48.506+0000] {processor.py:186} INFO - Started process (PID=1101) to work on /home/airflow/.local/lib/python3.12/site-packages/airflow/example_dags/example_xcomargs.py
[2025-12-08T07:34:48.512+0000] {processor.py:914} INFO - Processing file /home/airflow/.local/lib/python3.12/site-packages/airflow/example_dags/example_xcomargs.py for tasks to queue
[2025-12-08T07:34:48.521+0000] {logging_mixin.py:190} INFO - [2025-12-08T07:34:48.520+0000] {dagbag.py:587} INFO - Filling up the DagBag from /home/airflow/.local/lib/python3.12/site-packages/airflow/example_dags/example_xcomargs.py
[2025-12-08T07:34:48.557+0000] {processor.py:925} INFO - DAG(s) 'example_xcom_args', 'example_xcom_args_with_operators' retrieved from /home/airflow/.local/lib/python3.12/site-packages/airflow/example_dags/example_xcomargs.py
[2025-12-08T07:34:48.620+0000] {logging_mixin.py:190} INFO - [2025-12-08T07:34:48.619+0000] {dag.py:3211} INFO - Sync 2 DAGs
[2025-12-08T07:34:48.663+0000] {logging_mixin.py:190} INFO - [2025-12-08T07:34:48.662+0000] {dag.py:4138} INFO - Setting next_dagrun for example_xcom_args to None, run_after=None
[2025-12-08T07:34:48.675+0000] {logging_mixin.py:190} INFO - [2025-12-08T07:34:48.674+0000] {dag.py:4138} INFO - Setting next_dagrun for example_xcom_args_with_operators to None, run_after=None
[2025-12-08T07:34:48.734+0000] {processor.py:208} INFO - Processing /home/airflow/.local/lib/python3.12/site-packages/airflow/example_dags/example_xcomargs.py took 0.247 seconds
[2025-12-08T07:35:19.131+0000] {processor.py:186} INFO - Started process (PID=1165) to work on /home/airflow/.local/lib/python3.12/site-packages/airflow/example_dags/example_xcomargs.py
[2025-12-08T07:35:19.134+0000] {processor.py:914} INFO - Processing file /home/airflow/.local/lib/python3.12/site-packages/airflow/example_dags/example_xcomargs.py for tasks to queue
[2025-12-08T07:35:19.139+0000] {logging_mixin.py:190} INFO - [2025-12-08T07:35:19.138+0000] {dagbag.py:587} INFO - Filling up the DagBag from /home/airflow/.local/lib/python3.12/site-packages/airflow/example_dags/example_xcomargs.py
[2025-12-08T07:35:19.156+0000] {processor.py:925} INFO - DAG(s) 'example_xcom_args_with_operators', 'example_xcom_args' retrieved from /home/airflow/.local/lib/python3.12/site-packages/airflow/example_dags/example_xcomargs.py
[2025-12-08T07:35:19.201+0000] {logging_mixin.py:190} INFO - [2025-12-08T07:35:19.201+0000] {dag.py:3211} INFO - Sync 2 DAGs
[2025-12-08T07:35:19.227+0000] {logging_mixin.py:190} INFO - [2025-12-08T07:35:19.226+0000] {dag.py:4138} INFO - Setting next_dagrun for example_xcom_args to None, run_after=None
[2025-12-08T07:35:19.235+0000] {logging_mixin.py:190} INFO - [2025-12-08T07:35:19.234+0000] {dag.py:4138} INFO - Setting next_dagrun for example_xcom_args_with_operators to None, run_after=None
[2025-12-08T07:35:19.271+0000] {processor.py:208} INFO - Processing /home/airflow/.local/lib/python3.12/site-packages/airflow/example_dags/example_xcomargs.py took 0.151 seconds
[2025-12-08T07:35:49.944+0000] {processor.py:186} INFO - Started process (PID=1235) to work on /home/airflow/.local/lib/python3.12/site-packages/airflow/example_dags/example_xcomargs.py
[2025-12-08T07:35:49.948+0000] {processor.py:914} INFO - Processing file /home/airflow/.local/lib/python3.12/site-packages/airflow/example_dags/example_xcomargs.py for tasks to queue
[2025-12-08T07:35:49.956+0000] {logging_mixin.py:190} INFO - [2025-12-08T07:35:49.955+0000] {dagbag.py:587} INFO - Filling up the DagBag from /home/airflow/.local/lib/python3.12/site-packages/airflow/example_dags/example_xcomargs.py
[2025-12-08T07:35:49.984+0000] {processor.py:925} INFO - DAG(s) 'example_xcom_args_with_operators', 'example_xcom_args' retrieved from /home/airflow/.local/lib/python3.12/site-packages/airflow/example_dags/example_xcomargs.py
[2025-12-08T07:35:50.033+0000] {logging_mixin.py:190} INFO - [2025-12-08T07:35:50.033+0000] {dag.py:3211} INFO - Sync 2 DAGs
[2025-12-08T07:35:50.064+0000] {logging_mixin.py:190} INFO - [2025-12-08T07:35:50.063+0000] {dag.py:4138} INFO - Setting next_dagrun for example_xcom_args to None, run_after=None
[2025-12-08T07:35:50.071+0000] {logging_mixin.py:190} INFO - [2025-12-08T07:35:50.070+0000] {dag.py:4138} INFO - Setting next_dagrun for example_xcom_args_with_operators to None, run_after=None
[2025-12-08T07:35:50.109+0000] {processor.py:208} INFO - Processing /home/airflow/.local/lib/python3.12/site-packages/airflow/example_dags/example_xcomargs.py took 0.176 seconds
[2025-12-08T07:36:20.696+0000] {processor.py:186} INFO - Started process (PID=1298) to work on /home/airflow/.local/lib/python3.12/site-packages/airflow/example_dags/example_xcomargs.py
[2025-12-08T07:36:20.698+0000] {processor.py:914} INFO - Processing file /home/airflow/.local/lib/python3.12/site-packages/airflow/example_dags/example_xcomargs.py for tasks to queue
[2025-12-08T07:36:20.704+0000] {logging_mixin.py:190} INFO - [2025-12-08T07:36:20.703+0000] {dagbag.py:587} INFO - Filling up the DagBag from /home/airflow/.local/lib/python3.12/site-packages/airflow/example_dags/example_xcomargs.py
[2025-12-08T07:36:20.724+0000] {processor.py:925} INFO - DAG(s) 'example_xcom_args', 'example_xcom_args_with_operators' retrieved from /home/airflow/.local/lib/python3.12/site-packages/airflow/example_dags/example_xcomargs.py
[2025-12-08T07:36:20.770+0000] {logging_mixin.py:190} INFO - [2025-12-08T07:36:20.770+0000] {dag.py:3211} INFO - Sync 2 DAGs
[2025-12-08T07:36:20.798+0000] {logging_mixin.py:190} INFO - [2025-12-08T07:36:20.798+0000] {dag.py:4138} INFO - Setting next_dagrun for example_xcom_args to None, run_after=None
[2025-12-08T07:36:20.809+0000] {logging_mixin.py:190} INFO - [2025-12-08T07:36:20.808+0000] {dag.py:4138} INFO - Setting next_dagrun for example_xcom_args_with_operators to None, run_after=None
[2025-12-08T07:36:20.848+0000] {processor.py:208} INFO - Processing /home/airflow/.local/lib/python3.12/site-packages/airflow/example_dags/example_xcomargs.py took 0.162 seconds
[2025-12-08T07:36:51.200+0000] {processor.py:186} INFO - Started process (PID=1361) to work on /home/airflow/.local/lib/python3.12/site-packages/airflow/example_dags/example_xcomargs.py
[2025-12-08T07:36:51.202+0000] {processor.py:914} INFO - Processing file /home/airflow/.local/lib/python3.12/site-packages/airflow/example_dags/example_xcomargs.py for tasks to queue
[2025-12-08T07:36:51.209+0000] {logging_mixin.py:190} INFO - [2025-12-08T07:36:51.208+0000] {dagbag.py:587} INFO - Filling up the DagBag from /home/airflow/.local/lib/python3.12/site-packages/airflow/example_dags/example_xcomargs.py
[2025-12-08T07:36:51.232+0000] {processor.py:925} INFO - DAG(s) 'example_xcom_args', 'example_xcom_args_with_operators' retrieved from /home/airflow/.local/lib/python3.12/site-packages/airflow/example_dags/example_xcomargs.py
[2025-12-08T07:36:51.286+0000] {logging_mixin.py:190} INFO - [2025-12-08T07:36:51.286+0000] {dag.py:3211} INFO - Sync 2 DAGs
[2025-12-08T07:36:51.312+0000] {logging_mixin.py:190} INFO - [2025-12-08T07:36:51.312+0000] {dag.py:4138} INFO - Setting next_dagrun for example_xcom_args to None, run_after=None
[2025-12-08T07:36:51.322+0000] {logging_mixin.py:190} INFO - [2025-12-08T07:36:51.321+0000] {dag.py:4138} INFO - Setting next_dagrun for example_xcom_args_with_operators to None, run_after=None
[2025-12-08T07:36:51.361+0000] {processor.py:208} INFO - Processing /home/airflow/.local/lib/python3.12/site-packages/airflow/example_dags/example_xcomargs.py took 0.170 seconds
[2025-12-08T07:37:21.885+0000] {processor.py:186} INFO - Started process (PID=1424) to work on /home/airflow/.local/lib/python3.12/site-packages/airflow/example_dags/example_xcomargs.py
[2025-12-08T07:37:21.888+0000] {processor.py:914} INFO - Processing file /home/airflow/.local/lib/python3.12/site-packages/airflow/example_dags/example_xcomargs.py for tasks to queue
[2025-12-08T07:37:21.895+0000] {logging_mixin.py:190} INFO - [2025-12-08T07:37:21.894+0000] {dagbag.py:587} INFO - Filling up the DagBag from /home/airflow/.local/lib/python3.12/site-packages/airflow/example_dags/example_xcomargs.py
[2025-12-08T07:37:21.919+0000] {processor.py:925} INFO - DAG(s) 'example_xcom_args', 'example_xcom_args_with_operators' retrieved from /home/airflow/.local/lib/python3.12/site-packages/airflow/example_dags/example_xcomargs.py
[2025-12-08T07:37:21.994+0000] {logging_mixin.py:190} INFO - [2025-12-08T07:37:21.993+0000] {dag.py:3211} INFO - Sync 2 DAGs
[2025-12-08T07:37:22.027+0000] {logging_mixin.py:190} INFO - [2025-12-08T07:37:22.027+0000] {dag.py:4138} INFO - Setting next_dagrun for example_xcom_args to None, run_after=None
[2025-12-08T07:37:22.037+0000] {logging_mixin.py:190} INFO - [2025-12-08T07:37:22.036+0000] {dag.py:4138} INFO - Setting next_dagrun for example_xcom_args_with_operators to None, run_after=None
[2025-12-08T07:37:22.084+0000] {processor.py:208} INFO - Processing /home/airflow/.local/lib/python3.12/site-packages/airflow/example_dags/example_xcomargs.py took 0.209 seconds
[2025-12-08T07:37:52.342+0000] {processor.py:186} INFO - Started process (PID=1488) to work on /home/airflow/.local/lib/python3.12/site-packages/airflow/example_dags/example_xcomargs.py
[2025-12-08T07:37:52.344+0000] {processor.py:914} INFO - Processing file /home/airflow/.local/lib/python3.12/site-packages/airflow/example_dags/example_xcomargs.py for tasks to queue
[2025-12-08T07:37:52.350+0000] {logging_mixin.py:190} INFO - [2025-12-08T07:37:52.350+0000] {dagbag.py:587} INFO - Filling up the DagBag from /home/airflow/.local/lib/python3.12/site-packages/airflow/example_dags/example_xcomargs.py
[2025-12-08T07:37:52.375+0000] {processor.py:925} INFO - DAG(s) 'example_xcom_args_with_operators', 'example_xcom_args' retrieved from /home/airflow/.local/lib/python3.12/site-packages/airflow/example_dags/example_xcomargs.py
[2025-12-08T07:37:52.433+0000] {logging_mixin.py:190} INFO - [2025-12-08T07:37:52.432+0000] {dag.py:3211} INFO - Sync 2 DAGs
[2025-12-08T07:37:52.482+0000] {logging_mixin.py:190} INFO - [2025-12-08T07:37:52.481+0000] {dag.py:4138} INFO - Setting next_dagrun for example_xcom_args to None, run_after=None
[2025-12-08T07:37:52.492+0000] {logging_mixin.py:190} INFO - [2025-12-08T07:37:52.491+0000] {dag.py:4138} INFO - Setting next_dagrun for example_xcom_args_with_operators to None, run_after=None
[2025-12-08T07:37:52.534+0000] {processor.py:208} INFO - Processing /home/airflow/.local/lib/python3.12/site-packages/airflow/example_dags/example_xcomargs.py took 0.203 seconds
[2025-12-08T07:38:23.456+0000] {processor.py:186} INFO - Started process (PID=1551) to work on /home/airflow/.local/lib/python3.12/site-packages/airflow/example_dags/example_xcomargs.py
[2025-12-08T07:38:23.458+0000] {processor.py:914} INFO - Processing file /home/airflow/.local/lib/python3.12/site-packages/airflow/example_dags/example_xcomargs.py for tasks to queue
[2025-12-08T07:38:23.467+0000] {logging_mixin.py:190} INFO - [2025-12-08T07:38:23.467+0000] {dagbag.py:587} INFO - Filling up the DagBag from /home/airflow/.local/lib/python3.12/site-packages/airflow/example_dags/example_xcomargs.py
[2025-12-08T07:38:23.493+0000] {processor.py:925} INFO - DAG(s) 'example_xcom_args_with_operators', 'example_xcom_args' retrieved from /home/airflow/.local/lib/python3.12/site-packages/airflow/example_dags/example_xcomargs.py
[2025-12-08T07:38:23.542+0000] {logging_mixin.py:190} INFO - [2025-12-08T07:38:23.541+0000] {dag.py:3211} INFO - Sync 2 DAGs
[2025-12-08T07:38:23.563+0000] {logging_mixin.py:190} INFO - [2025-12-08T07:38:23.563+0000] {dag.py:4138} INFO - Setting next_dagrun for example_xcom_args to None, run_after=None
[2025-12-08T07:38:23.571+0000] {logging_mixin.py:190} INFO - [2025-12-08T07:38:23.570+0000] {dag.py:4138} INFO - Setting next_dagrun for example_xcom_args_with_operators to None, run_after=None
[2025-12-08T07:38:23.605+0000] {processor.py:208} INFO - Processing /home/airflow/.local/lib/python3.12/site-packages/airflow/example_dags/example_xcomargs.py took 0.162 seconds
[2025-12-08T07:38:53.704+0000] {processor.py:186} INFO - Started process (PID=1615) to work on /home/airflow/.local/lib/python3.12/site-packages/airflow/example_dags/example_xcomargs.py
[2025-12-08T07:38:53.707+0000] {processor.py:914} INFO - Processing file /home/airflow/.local/lib/python3.12/site-packages/airflow/example_dags/example_xcomargs.py for tasks to queue
[2025-12-08T07:38:53.716+0000] {logging_mixin.py:190} INFO - [2025-12-08T07:38:53.714+0000] {dagbag.py:587} INFO - Filling up the DagBag from /home/airflow/.local/lib/python3.12/site-packages/airflow/example_dags/example_xcomargs.py
[2025-12-08T07:38:53.741+0000] {processor.py:925} INFO - DAG(s) 'example_xcom_args_with_operators', 'example_xcom_args' retrieved from /home/airflow/.local/lib/python3.12/site-packages/airflow/example_dags/example_xcomargs.py
[2025-12-08T07:38:53.790+0000] {logging_mixin.py:190} INFO - [2025-12-08T07:38:53.789+0000] {dag.py:3211} INFO - Sync 2 DAGs
[2025-12-08T07:38:53.817+0000] {logging_mixin.py:190} INFO - [2025-12-08T07:38:53.816+0000] {dag.py:4138} INFO - Setting next_dagrun for example_xcom_args to None, run_after=None
[2025-12-08T07:38:53.824+0000] {logging_mixin.py:190} INFO - [2025-12-08T07:38:53.823+0000] {dag.py:4138} INFO - Setting next_dagrun for example_xcom_args_with_operators to None, run_after=None
[2025-12-08T07:38:53.865+0000] {processor.py:208} INFO - Processing /home/airflow/.local/lib/python3.12/site-packages/airflow/example_dags/example_xcomargs.py took 0.176 seconds
[2025-12-08T07:39:24.591+0000] {processor.py:186} INFO - Started process (PID=1678) to work on /home/airflow/.local/lib/python3.12/site-packages/airflow/example_dags/example_xcomargs.py
[2025-12-08T07:39:24.593+0000] {processor.py:914} INFO - Processing file /home/airflow/.local/lib/python3.12/site-packages/airflow/example_dags/example_xcomargs.py for tasks to queue
[2025-12-08T07:39:24.600+0000] {logging_mixin.py:190} INFO - [2025-12-08T07:39:24.599+0000] {dagbag.py:587} INFO - Filling up the DagBag from /home/airflow/.local/lib/python3.12/site-packages/airflow/example_dags/example_xcomargs.py
[2025-12-08T07:39:24.620+0000] {processor.py:925} INFO - DAG(s) 'example_xcom_args', 'example_xcom_args_with_operators' retrieved from /home/airflow/.local/lib/python3.12/site-packages/airflow/example_dags/example_xcomargs.py
[2025-12-08T07:39:24.661+0000] {logging_mixin.py:190} INFO - [2025-12-08T07:39:24.661+0000] {dag.py:3211} INFO - Sync 2 DAGs
[2025-12-08T07:39:24.685+0000] {logging_mixin.py:190} INFO - [2025-12-08T07:39:24.685+0000] {dag.py:4138} INFO - Setting next_dagrun for example_xcom_args to None, run_after=None
[2025-12-08T07:39:24.692+0000] {logging_mixin.py:190} INFO - [2025-12-08T07:39:24.691+0000] {dag.py:4138} INFO - Setting next_dagrun for example_xcom_args_with_operators to None, run_after=None
[2025-12-08T07:39:24.723+0000] {processor.py:208} INFO - Processing /home/airflow/.local/lib/python3.12/site-packages/airflow/example_dags/example_xcomargs.py took 0.144 seconds
[2025-12-08T07:39:55.069+0000] {processor.py:186} INFO - Started process (PID=1741) to work on /home/airflow/.local/lib/python3.12/site-packages/airflow/example_dags/example_xcomargs.py
[2025-12-08T07:39:55.071+0000] {processor.py:914} INFO - Processing file /home/airflow/.local/lib/python3.12/site-packages/airflow/example_dags/example_xcomargs.py for tasks to queue
[2025-12-08T07:39:55.076+0000] {logging_mixin.py:190} INFO - [2025-12-08T07:39:55.076+0000] {dagbag.py:587} INFO - Filling up the DagBag from /home/airflow/.local/lib/python3.12/site-packages/airflow/example_dags/example_xcomargs.py
[2025-12-08T07:39:55.099+0000] {processor.py:925} INFO - DAG(s) 'example_xcom_args_with_operators', 'example_xcom_args' retrieved from /home/airflow/.local/lib/python3.12/site-packages/airflow/example_dags/example_xcomargs.py
[2025-12-08T07:39:55.144+0000] {logging_mixin.py:190} INFO - [2025-12-08T07:39:55.144+0000] {dag.py:3211} INFO - Sync 2 DAGs
[2025-12-08T07:39:55.168+0000] {logging_mixin.py:190} INFO - [2025-12-08T07:39:55.167+0000] {dag.py:4138} INFO - Setting next_dagrun for example_xcom_args to None, run_after=None
[2025-12-08T07:39:55.175+0000] {logging_mixin.py:190} INFO - [2025-12-08T07:39:55.175+0000] {dag.py:4138} INFO - Setting next_dagrun for example_xcom_args_with_operators to None, run_after=None
[2025-12-08T07:39:55.207+0000] {processor.py:208} INFO - Processing /home/airflow/.local/lib/python3.12/site-packages/airflow/example_dags/example_xcomargs.py took 0.154 seconds
[2025-12-08T07:40:25.722+0000] {processor.py:186} INFO - Started process (PID=1804) to work on /home/airflow/.local/lib/python3.12/site-packages/airflow/example_dags/example_xcomargs.py
[2025-12-08T07:40:25.724+0000] {processor.py:914} INFO - Processing file /home/airflow/.local/lib/python3.12/site-packages/airflow/example_dags/example_xcomargs.py for tasks to queue
[2025-12-08T07:40:25.730+0000] {logging_mixin.py:190} INFO - [2025-12-08T07:40:25.730+0000] {dagbag.py:587} INFO - Filling up the DagBag from /home/airflow/.local/lib/python3.12/site-packages/airflow/example_dags/example_xcomargs.py
[2025-12-08T07:40:25.752+0000] {processor.py:925} INFO - DAG(s) 'example_xcom_args', 'example_xcom_args_with_operators' retrieved from /home/airflow/.local/lib/python3.12/site-packages/airflow/example_dags/example_xcomargs.py
[2025-12-08T07:40:25.800+0000] {logging_mixin.py:190} INFO - [2025-12-08T07:40:25.799+0000] {dag.py:3211} INFO - Sync 2 DAGs
[2025-12-08T07:40:25.831+0000] {logging_mixin.py:190} INFO - [2025-12-08T07:40:25.831+0000] {dag.py:4138} INFO - Setting next_dagrun for example_xcom_args to None, run_after=None
[2025-12-08T07:40:25.842+0000] {logging_mixin.py:190} INFO - [2025-12-08T07:40:25.841+0000] {dag.py:4138} INFO - Setting next_dagrun for example_xcom_args_with_operators to None, run_after=None
[2025-12-08T07:40:25.883+0000] {processor.py:208} INFO - Processing /home/airflow/.local/lib/python3.12/site-packages/airflow/example_dags/example_xcomargs.py took 0.172 seconds
[2025-12-08T07:40:56.105+0000] {processor.py:186} INFO - Started process (PID=1867) to work on /home/airflow/.local/lib/python3.12/site-packages/airflow/example_dags/example_xcomargs.py
[2025-12-08T07:40:56.109+0000] {processor.py:914} INFO - Processing file /home/airflow/.local/lib/python3.12/site-packages/airflow/example_dags/example_xcomargs.py for tasks to queue
[2025-12-08T07:40:56.115+0000] {logging_mixin.py:190} INFO - [2025-12-08T07:40:56.114+0000] {dagbag.py:587} INFO - Filling up the DagBag from /home/airflow/.local/lib/python3.12/site-packages/airflow/example_dags/example_xcomargs.py
[2025-12-08T07:40:56.142+0000] {processor.py:925} INFO - DAG(s) 'example_xcom_args', 'example_xcom_args_with_operators' retrieved from /home/airflow/.local/lib/python3.12/site-packages/airflow/example_dags/example_xcomargs.py
[2025-12-08T07:40:56.204+0000] {logging_mixin.py:190} INFO - [2025-12-08T07:40:56.202+0000] {dag.py:3211} INFO - Sync 2 DAGs
[2025-12-08T07:40:56.247+0000] {logging_mixin.py:190} INFO - [2025-12-08T07:40:56.244+0000] {dag.py:4138} INFO - Setting next_dagrun for example_xcom_args to None, run_after=None
[2025-12-08T07:40:56.254+0000] {logging_mixin.py:190} INFO - [2025-12-08T07:40:56.254+0000] {dag.py:4138} INFO - Setting next_dagrun for example_xcom_args_with_operators to None, run_after=None
[2025-12-08T07:40:56.299+0000] {processor.py:208} INFO - Processing /home/airflow/.local/lib/python3.12/site-packages/airflow/example_dags/example_xcomargs.py took 0.205 seconds
[2025-12-08T07:41:26.857+0000] {processor.py:186} INFO - Started process (PID=1930) to work on /home/airflow/.local/lib/python3.12/site-packages/airflow/example_dags/example_xcomargs.py
[2025-12-08T07:41:26.860+0000] {processor.py:914} INFO - Processing file /home/airflow/.local/lib/python3.12/site-packages/airflow/example_dags/example_xcomargs.py for tasks to queue
[2025-12-08T07:41:26.865+0000] {logging_mixin.py:190} INFO - [2025-12-08T07:41:26.864+0000] {dagbag.py:587} INFO - Filling up the DagBag from /home/airflow/.local/lib/python3.12/site-packages/airflow/example_dags/example_xcomargs.py
[2025-12-08T07:41:26.891+0000] {processor.py:925} INFO - DAG(s) 'example_xcom_args_with_operators', 'example_xcom_args' retrieved from /home/airflow/.local/lib/python3.12/site-packages/airflow/example_dags/example_xcomargs.py
[2025-12-08T07:41:26.972+0000] {logging_mixin.py:190} INFO - [2025-12-08T07:41:26.971+0000] {dag.py:3211} INFO - Sync 2 DAGs
[2025-12-08T07:41:27.014+0000] {logging_mixin.py:190} INFO - [2025-12-08T07:41:27.014+0000] {dag.py:4138} INFO - Setting next_dagrun for example_xcom_args to None, run_after=None
[2025-12-08T07:41:27.026+0000] {logging_mixin.py:190} INFO - [2025-12-08T07:41:27.026+0000] {dag.py:4138} INFO - Setting next_dagrun for example_xcom_args_with_operators to None, run_after=None
[2025-12-08T07:41:27.077+0000] {processor.py:208} INFO - Processing /home/airflow/.local/lib/python3.12/site-packages/airflow/example_dags/example_xcomargs.py took 0.235 seconds
[2025-12-08T07:41:57.344+0000] {processor.py:186} INFO - Started process (PID=1993) to work on /home/airflow/.local/lib/python3.12/site-packages/airflow/example_dags/example_xcomargs.py
[2025-12-08T07:41:57.347+0000] {processor.py:914} INFO - Processing file /home/airflow/.local/lib/python3.12/site-packages/airflow/example_dags/example_xcomargs.py for tasks to queue
[2025-12-08T07:41:57.351+0000] {logging_mixin.py:190} INFO - [2025-12-08T07:41:57.351+0000] {dagbag.py:587} INFO - Filling up the DagBag from /home/airflow/.local/lib/python3.12/site-packages/airflow/example_dags/example_xcomargs.py
[2025-12-08T07:41:57.372+0000] {processor.py:925} INFO - DAG(s) 'example_xcom_args_with_operators', 'example_xcom_args' retrieved from /home/airflow/.local/lib/python3.12/site-packages/airflow/example_dags/example_xcomargs.py
[2025-12-08T07:41:57.416+0000] {logging_mixin.py:190} INFO - [2025-12-08T07:41:57.416+0000] {dag.py:3211} INFO - Sync 2 DAGs
[2025-12-08T07:41:57.447+0000] {logging_mixin.py:190} INFO - [2025-12-08T07:41:57.446+0000] {dag.py:4138} INFO - Setting next_dagrun for example_xcom_args to None, run_after=None
[2025-12-08T07:41:57.455+0000] {logging_mixin.py:190} INFO - [2025-12-08T07:41:57.454+0000] {dag.py:4138} INFO - Setting next_dagrun for example_xcom_args_with_operators to None, run_after=None
[2025-12-08T07:41:57.492+0000] {processor.py:208} INFO - Processing /home/airflow/.local/lib/python3.12/site-packages/airflow/example_dags/example_xcomargs.py took 0.156 seconds
[2025-12-08T07:42:28.140+0000] {processor.py:186} INFO - Started process (PID=2057) to work on /home/airflow/.local/lib/python3.12/site-packages/airflow/example_dags/example_xcomargs.py
[2025-12-08T07:42:28.146+0000] {processor.py:914} INFO - Processing file /home/airflow/.local/lib/python3.12/site-packages/airflow/example_dags/example_xcomargs.py for tasks to queue
[2025-12-08T07:42:28.162+0000] {logging_mixin.py:190} INFO - [2025-12-08T07:42:28.161+0000] {dagbag.py:587} INFO - Filling up the DagBag from /home/airflow/.local/lib/python3.12/site-packages/airflow/example_dags/example_xcomargs.py
[2025-12-08T07:42:28.274+0000] {processor.py:925} INFO - DAG(s) 'example_xcom_args_with_operators', 'example_xcom_args' retrieved from /home/airflow/.local/lib/python3.12/site-packages/airflow/example_dags/example_xcomargs.py
[2025-12-08T07:42:28.411+0000] {logging_mixin.py:190} INFO - [2025-12-08T07:42:28.410+0000] {dag.py:3211} INFO - Sync 2 DAGs
[2025-12-08T07:42:28.538+0000] {logging_mixin.py:190} INFO - [2025-12-08T07:42:28.537+0000] {dag.py:4138} INFO - Setting next_dagrun for example_xcom_args to None, run_after=None
[2025-12-08T07:42:28.563+0000] {logging_mixin.py:190} INFO - [2025-12-08T07:42:28.562+0000] {dag.py:4138} INFO - Setting next_dagrun for example_xcom_args_with_operators to None, run_after=None
[2025-12-08T07:42:28.670+0000] {processor.py:208} INFO - Processing /home/airflow/.local/lib/python3.12/site-packages/airflow/example_dags/example_xcomargs.py took 0.563 seconds
[2025-12-08T07:42:58.808+0000] {processor.py:186} INFO - Started process (PID=2119) to work on /home/airflow/.local/lib/python3.12/site-packages/airflow/example_dags/example_xcomargs.py
[2025-12-08T07:42:58.811+0000] {processor.py:914} INFO - Processing file /home/airflow/.local/lib/python3.12/site-packages/airflow/example_dags/example_xcomargs.py for tasks to queue
[2025-12-08T07:42:58.817+0000] {logging_mixin.py:190} INFO - [2025-12-08T07:42:58.816+0000] {dagbag.py:587} INFO - Filling up the DagBag from /home/airflow/.local/lib/python3.12/site-packages/airflow/example_dags/example_xcomargs.py
[2025-12-08T07:42:58.837+0000] {processor.py:925} INFO - DAG(s) 'example_xcom_args_with_operators', 'example_xcom_args' retrieved from /home/airflow/.local/lib/python3.12/site-packages/airflow/example_dags/example_xcomargs.py
[2025-12-08T07:42:58.883+0000] {logging_mixin.py:190} INFO - [2025-12-08T07:42:58.882+0000] {dag.py:3211} INFO - Sync 2 DAGs
[2025-12-08T07:42:58.914+0000] {logging_mixin.py:190} INFO - [2025-12-08T07:42:58.914+0000] {dag.py:4138} INFO - Setting next_dagrun for example_xcom_args to None, run_after=None
[2025-12-08T07:42:58.920+0000] {logging_mixin.py:190} INFO - [2025-12-08T07:42:58.920+0000] {dag.py:4138} INFO - Setting next_dagrun for example_xcom_args_with_operators to None, run_after=None
[2025-12-08T07:42:58.956+0000] {processor.py:208} INFO - Processing /home/airflow/.local/lib/python3.12/site-packages/airflow/example_dags/example_xcomargs.py took 0.159 seconds
[2025-12-08T07:43:29.273+0000] {processor.py:186} INFO - Started process (PID=2182) to work on /home/airflow/.local/lib/python3.12/site-packages/airflow/example_dags/example_xcomargs.py
[2025-12-08T07:43:29.275+0000] {processor.py:914} INFO - Processing file /home/airflow/.local/lib/python3.12/site-packages/airflow/example_dags/example_xcomargs.py for tasks to queue
[2025-12-08T07:43:29.282+0000] {logging_mixin.py:190} INFO - [2025-12-08T07:43:29.281+0000] {dagbag.py:587} INFO - Filling up the DagBag from /home/airflow/.local/lib/python3.12/site-packages/airflow/example_dags/example_xcomargs.py
[2025-12-08T07:43:29.307+0000] {processor.py:925} INFO - DAG(s) 'example_xcom_args', 'example_xcom_args_with_operators' retrieved from /home/airflow/.local/lib/python3.12/site-packages/airflow/example_dags/example_xcomargs.py
[2025-12-08T07:43:29.363+0000] {logging_mixin.py:190} INFO - [2025-12-08T07:43:29.362+0000] {dag.py:3211} INFO - Sync 2 DAGs
[2025-12-08T07:43:29.392+0000] {logging_mixin.py:190} INFO - [2025-12-08T07:43:29.391+0000] {dag.py:4138} INFO - Setting next_dagrun for example_xcom_args to None, run_after=None
[2025-12-08T07:43:29.400+0000] {logging_mixin.py:190} INFO - [2025-12-08T07:43:29.400+0000] {dag.py:4138} INFO - Setting next_dagrun for example_xcom_args_with_operators to None, run_after=None
[2025-12-08T07:43:29.439+0000] {processor.py:208} INFO - Processing /home/airflow/.local/lib/python3.12/site-packages/airflow/example_dags/example_xcomargs.py took 0.176 seconds
[2025-12-08T07:43:59.833+0000] {processor.py:186} INFO - Started process (PID=2245) to work on /home/airflow/.local/lib/python3.12/site-packages/airflow/example_dags/example_xcomargs.py
[2025-12-08T07:43:59.836+0000] {processor.py:914} INFO - Processing file /home/airflow/.local/lib/python3.12/site-packages/airflow/example_dags/example_xcomargs.py for tasks to queue
[2025-12-08T07:43:59.844+0000] {logging_mixin.py:190} INFO - [2025-12-08T07:43:59.843+0000] {dagbag.py:587} INFO - Filling up the DagBag from /home/airflow/.local/lib/python3.12/site-packages/airflow/example_dags/example_xcomargs.py
[2025-12-08T07:43:59.877+0000] {processor.py:925} INFO - DAG(s) 'example_xcom_args', 'example_xcom_args_with_operators' retrieved from /home/airflow/.local/lib/python3.12/site-packages/airflow/example_dags/example_xcomargs.py
[2025-12-08T07:43:59.951+0000] {logging_mixin.py:190} INFO - [2025-12-08T07:43:59.951+0000] {dag.py:3211} INFO - Sync 2 DAGs
[2025-12-08T07:43:59.984+0000] {logging_mixin.py:190} INFO - [2025-12-08T07:43:59.983+0000] {dag.py:4138} INFO - Setting next_dagrun for example_xcom_args to None, run_after=None
[2025-12-08T07:43:59.999+0000] {logging_mixin.py:190} INFO - [2025-12-08T07:43:59.998+0000] {dag.py:4138} INFO - Setting next_dagrun for example_xcom_args_with_operators to None, run_after=None
[2025-12-08T07:44:00.072+0000] {processor.py:208} INFO - Processing /home/airflow/.local/lib/python3.12/site-packages/airflow/example_dags/example_xcomargs.py took 0.259 seconds
[2025-12-08T07:44:30.373+0000] {processor.py:186} INFO - Started process (PID=2308) to work on /home/airflow/.local/lib/python3.12/site-packages/airflow/example_dags/example_xcomargs.py
[2025-12-08T07:44:30.377+0000] {processor.py:914} INFO - Processing file /home/airflow/.local/lib/python3.12/site-packages/airflow/example_dags/example_xcomargs.py for tasks to queue
[2025-12-08T07:44:30.383+0000] {logging_mixin.py:190} INFO - [2025-12-08T07:44:30.382+0000] {dagbag.py:587} INFO - Filling up the DagBag from /home/airflow/.local/lib/python3.12/site-packages/airflow/example_dags/example_xcomargs.py
[2025-12-08T07:44:30.415+0000] {processor.py:925} INFO - DAG(s) 'example_xcom_args', 'example_xcom_args_with_operators' retrieved from /home/airflow/.local/lib/python3.12/site-packages/airflow/example_dags/example_xcomargs.py
[2025-12-08T07:44:30.469+0000] {logging_mixin.py:190} INFO - [2025-12-08T07:44:30.468+0000] {dag.py:3211} INFO - Sync 2 DAGs
[2025-12-08T07:44:30.496+0000] {logging_mixin.py:190} INFO - [2025-12-08T07:44:30.496+0000] {dag.py:4138} INFO - Setting next_dagrun for example_xcom_args to None, run_after=None
[2025-12-08T07:44:30.506+0000] {logging_mixin.py:190} INFO - [2025-12-08T07:44:30.506+0000] {dag.py:4138} INFO - Setting next_dagrun for example_xcom_args_with_operators to None, run_after=None
[2025-12-08T07:44:30.546+0000] {processor.py:208} INFO - Processing /home/airflow/.local/lib/python3.12/site-packages/airflow/example_dags/example_xcomargs.py took 0.187 seconds
[2025-12-08T07:45:00.748+0000] {processor.py:186} INFO - Started process (PID=2371) to work on /home/airflow/.local/lib/python3.12/site-packages/airflow/example_dags/example_xcomargs.py
[2025-12-08T07:45:00.751+0000] {processor.py:914} INFO - Processing file /home/airflow/.local/lib/python3.12/site-packages/airflow/example_dags/example_xcomargs.py for tasks to queue
[2025-12-08T07:45:00.758+0000] {logging_mixin.py:190} INFO - [2025-12-08T07:45:00.757+0000] {dagbag.py:587} INFO - Filling up the DagBag from /home/airflow/.local/lib/python3.12/site-packages/airflow/example_dags/example_xcomargs.py
[2025-12-08T07:45:00.790+0000] {processor.py:925} INFO - DAG(s) 'example_xcom_args_with_operators', 'example_xcom_args' retrieved from /home/airflow/.local/lib/python3.12/site-packages/airflow/example_dags/example_xcomargs.py
[2025-12-08T07:45:00.865+0000] {logging_mixin.py:190} INFO - [2025-12-08T07:45:00.864+0000] {dag.py:3211} INFO - Sync 2 DAGs
[2025-12-08T07:45:00.904+0000] {logging_mixin.py:190} INFO - [2025-12-08T07:45:00.903+0000] {dag.py:4138} INFO - Setting next_dagrun for example_xcom_args to None, run_after=None
[2025-12-08T07:45:00.911+0000] {logging_mixin.py:190} INFO - [2025-12-08T07:45:00.911+0000] {dag.py:4138} INFO - Setting next_dagrun for example_xcom_args_with_operators to None, run_after=None
[2025-12-08T07:45:00.971+0000] {processor.py:208} INFO - Processing /home/airflow/.local/lib/python3.12/site-packages/airflow/example_dags/example_xcomargs.py took 0.233 seconds
[2025-12-08T07:45:31.416+0000] {processor.py:186} INFO - Started process (PID=2440) to work on /home/airflow/.local/lib/python3.12/site-packages/airflow/example_dags/example_xcomargs.py
[2025-12-08T07:45:31.419+0000] {processor.py:914} INFO - Processing file /home/airflow/.local/lib/python3.12/site-packages/airflow/example_dags/example_xcomargs.py for tasks to queue
[2025-12-08T07:45:31.431+0000] {logging_mixin.py:190} INFO - [2025-12-08T07:45:31.430+0000] {dagbag.py:587} INFO - Filling up the DagBag from /home/airflow/.local/lib/python3.12/site-packages/airflow/example_dags/example_xcomargs.py
[2025-12-08T07:45:31.510+0000] {processor.py:925} INFO - DAG(s) 'example_xcom_args', 'example_xcom_args_with_operators' retrieved from /home/airflow/.local/lib/python3.12/site-packages/airflow/example_dags/example_xcomargs.py
[2025-12-08T07:45:31.602+0000] {logging_mixin.py:190} INFO - [2025-12-08T07:45:31.602+0000] {dag.py:3211} INFO - Sync 2 DAGs
[2025-12-08T07:45:31.669+0000] {logging_mixin.py:190} INFO - [2025-12-08T07:45:31.669+0000] {dag.py:4138} INFO - Setting next_dagrun for example_xcom_args to None, run_after=None
[2025-12-08T07:45:31.681+0000] {logging_mixin.py:190} INFO - [2025-12-08T07:45:31.680+0000] {dag.py:4138} INFO - Setting next_dagrun for example_xcom_args_with_operators to None, run_after=None
[2025-12-08T07:45:31.733+0000] {processor.py:208} INFO - Processing /home/airflow/.local/lib/python3.12/site-packages/airflow/example_dags/example_xcomargs.py took 0.338 seconds
[2025-12-08T07:46:01.990+0000] {processor.py:186} INFO - Started process (PID=2503) to work on /home/airflow/.local/lib/python3.12/site-packages/airflow/example_dags/example_xcomargs.py
[2025-12-08T07:46:01.992+0000] {processor.py:914} INFO - Processing file /home/airflow/.local/lib/python3.12/site-packages/airflow/example_dags/example_xcomargs.py for tasks to queue
[2025-12-08T07:46:01.998+0000] {logging_mixin.py:190} INFO - [2025-12-08T07:46:01.997+0000] {dagbag.py:587} INFO - Filling up the DagBag from /home/airflow/.local/lib/python3.12/site-packages/airflow/example_dags/example_xcomargs.py
[2025-12-08T07:46:02.024+0000] {processor.py:925} INFO - DAG(s) 'example_xcom_args_with_operators', 'example_xcom_args' retrieved from /home/airflow/.local/lib/python3.12/site-packages/airflow/example_dags/example_xcomargs.py
[2025-12-08T07:46:02.081+0000] {logging_mixin.py:190} INFO - [2025-12-08T07:46:02.080+0000] {dag.py:3211} INFO - Sync 2 DAGs
[2025-12-08T07:46:02.110+0000] {logging_mixin.py:190} INFO - [2025-12-08T07:46:02.110+0000] {dag.py:4138} INFO - Setting next_dagrun for example_xcom_args to None, run_after=None
[2025-12-08T07:46:02.124+0000] {logging_mixin.py:190} INFO - [2025-12-08T07:46:02.123+0000] {dag.py:4138} INFO - Setting next_dagrun for example_xcom_args_with_operators to None, run_after=None
[2025-12-08T07:46:02.164+0000] {processor.py:208} INFO - Processing /home/airflow/.local/lib/python3.12/site-packages/airflow/example_dags/example_xcomargs.py took 0.186 seconds
[2025-12-08T07:46:32.653+0000] {processor.py:186} INFO - Started process (PID=2566) to work on /home/airflow/.local/lib/python3.12/site-packages/airflow/example_dags/example_xcomargs.py
[2025-12-08T07:46:32.656+0000] {processor.py:914} INFO - Processing file /home/airflow/.local/lib/python3.12/site-packages/airflow/example_dags/example_xcomargs.py for tasks to queue
[2025-12-08T07:46:32.663+0000] {logging_mixin.py:190} INFO - [2025-12-08T07:46:32.662+0000] {dagbag.py:587} INFO - Filling up the DagBag from /home/airflow/.local/lib/python3.12/site-packages/airflow/example_dags/example_xcomargs.py
[2025-12-08T07:46:32.681+0000] {processor.py:925} INFO - DAG(s) 'example_xcom_args', 'example_xcom_args_with_operators' retrieved from /home/airflow/.local/lib/python3.12/site-packages/airflow/example_dags/example_xcomargs.py
[2025-12-08T07:46:32.732+0000] {logging_mixin.py:190} INFO - [2025-12-08T07:46:32.731+0000] {dag.py:3211} INFO - Sync 2 DAGs
[2025-12-08T07:46:32.764+0000] {logging_mixin.py:190} INFO - [2025-12-08T07:46:32.764+0000] {dag.py:4138} INFO - Setting next_dagrun for example_xcom_args to None, run_after=None
[2025-12-08T07:46:32.774+0000] {logging_mixin.py:190} INFO - [2025-12-08T07:46:32.773+0000] {dag.py:4138} INFO - Setting next_dagrun for example_xcom_args_with_operators to None, run_after=None
[2025-12-08T07:46:32.814+0000] {processor.py:208} INFO - Processing /home/airflow/.local/lib/python3.12/site-packages/airflow/example_dags/example_xcomargs.py took 0.176 seconds
[2025-12-08T07:47:03.489+0000] {processor.py:186} INFO - Started process (PID=2629) to work on /home/airflow/.local/lib/python3.12/site-packages/airflow/example_dags/example_xcomargs.py
[2025-12-08T07:47:03.492+0000] {processor.py:914} INFO - Processing file /home/airflow/.local/lib/python3.12/site-packages/airflow/example_dags/example_xcomargs.py for tasks to queue
[2025-12-08T07:47:03.501+0000] {logging_mixin.py:190} INFO - [2025-12-08T07:47:03.499+0000] {dagbag.py:587} INFO - Filling up the DagBag from /home/airflow/.local/lib/python3.12/site-packages/airflow/example_dags/example_xcomargs.py
[2025-12-08T07:47:03.528+0000] {processor.py:925} INFO - DAG(s) 'example_xcom_args_with_operators', 'example_xcom_args' retrieved from /home/airflow/.local/lib/python3.12/site-packages/airflow/example_dags/example_xcomargs.py
[2025-12-08T07:47:03.586+0000] {logging_mixin.py:190} INFO - [2025-12-08T07:47:03.585+0000] {dag.py:3211} INFO - Sync 2 DAGs
[2025-12-08T07:47:03.619+0000] {logging_mixin.py:190} INFO - [2025-12-08T07:47:03.618+0000] {dag.py:4138} INFO - Setting next_dagrun for example_xcom_args to None, run_after=None
[2025-12-08T07:47:03.629+0000] {logging_mixin.py:190} INFO - [2025-12-08T07:47:03.629+0000] {dag.py:4138} INFO - Setting next_dagrun for example_xcom_args_with_operators to None, run_after=None
[2025-12-08T07:47:03.679+0000] {processor.py:208} INFO - Processing /home/airflow/.local/lib/python3.12/site-packages/airflow/example_dags/example_xcomargs.py took 0.201 seconds
[2025-12-08T07:47:34.209+0000] {processor.py:186} INFO - Started process (PID=2692) to work on /home/airflow/.local/lib/python3.12/site-packages/airflow/example_dags/example_xcomargs.py
[2025-12-08T07:47:34.213+0000] {processor.py:914} INFO - Processing file /home/airflow/.local/lib/python3.12/site-packages/airflow/example_dags/example_xcomargs.py for tasks to queue
[2025-12-08T07:47:34.219+0000] {logging_mixin.py:190} INFO - [2025-12-08T07:47:34.218+0000] {dagbag.py:587} INFO - Filling up the DagBag from /home/airflow/.local/lib/python3.12/site-packages/airflow/example_dags/example_xcomargs.py
[2025-12-08T07:47:34.239+0000] {processor.py:925} INFO - DAG(s) 'example_xcom_args', 'example_xcom_args_with_operators' retrieved from /home/airflow/.local/lib/python3.12/site-packages/airflow/example_dags/example_xcomargs.py
[2025-12-08T07:47:34.291+0000] {logging_mixin.py:190} INFO - [2025-12-08T07:47:34.290+0000] {dag.py:3211} INFO - Sync 2 DAGs
[2025-12-08T07:47:34.323+0000] {logging_mixin.py:190} INFO - [2025-12-08T07:47:34.323+0000] {dag.py:4138} INFO - Setting next_dagrun for example_xcom_args to None, run_after=None
[2025-12-08T07:47:34.331+0000] {logging_mixin.py:190} INFO - [2025-12-08T07:47:34.331+0000] {dag.py:4138} INFO - Setting next_dagrun for example_xcom_args_with_operators to None, run_after=None
[2025-12-08T07:47:34.373+0000] {processor.py:208} INFO - Processing /home/airflow/.local/lib/python3.12/site-packages/airflow/example_dags/example_xcomargs.py took 0.177 seconds
[2025-12-08T07:48:04.750+0000] {processor.py:186} INFO - Started process (PID=2755) to work on /home/airflow/.local/lib/python3.12/site-packages/airflow/example_dags/example_xcomargs.py
[2025-12-08T07:48:04.753+0000] {processor.py:914} INFO - Processing file /home/airflow/.local/lib/python3.12/site-packages/airflow/example_dags/example_xcomargs.py for tasks to queue
[2025-12-08T07:48:04.757+0000] {logging_mixin.py:190} INFO - [2025-12-08T07:48:04.757+0000] {dagbag.py:587} INFO - Filling up the DagBag from /home/airflow/.local/lib/python3.12/site-packages/airflow/example_dags/example_xcomargs.py
[2025-12-08T07:48:04.777+0000] {processor.py:925} INFO - DAG(s) 'example_xcom_args_with_operators', 'example_xcom_args' retrieved from /home/airflow/.local/lib/python3.12/site-packages/airflow/example_dags/example_xcomargs.py
[2025-12-08T07:48:04.828+0000] {logging_mixin.py:190} INFO - [2025-12-08T07:48:04.828+0000] {dag.py:3211} INFO - Sync 2 DAGs
[2025-12-08T07:48:04.866+0000] {logging_mixin.py:190} INFO - [2025-12-08T07:48:04.866+0000] {dag.py:4138} INFO - Setting next_dagrun for example_xcom_args to None, run_after=None
[2025-12-08T07:48:04.882+0000] {logging_mixin.py:190} INFO - [2025-12-08T07:48:04.881+0000] {dag.py:4138} INFO - Setting next_dagrun for example_xcom_args_with_operators to None, run_after=None
[2025-12-08T07:48:04.934+0000] {processor.py:208} INFO - Processing /home/airflow/.local/lib/python3.12/site-packages/airflow/example_dags/example_xcomargs.py took 0.196 seconds
[2025-12-08T07:48:35.477+0000] {processor.py:186} INFO - Started process (PID=2818) to work on /home/airflow/.local/lib/python3.12/site-packages/airflow/example_dags/example_xcomargs.py
[2025-12-08T07:48:35.480+0000] {processor.py:914} INFO - Processing file /home/airflow/.local/lib/python3.12/site-packages/airflow/example_dags/example_xcomargs.py for tasks to queue
[2025-12-08T07:48:35.489+0000] {logging_mixin.py:190} INFO - [2025-12-08T07:48:35.488+0000] {dagbag.py:587} INFO - Filling up the DagBag from /home/airflow/.local/lib/python3.12/site-packages/airflow/example_dags/example_xcomargs.py
[2025-12-08T07:48:35.518+0000] {processor.py:925} INFO - DAG(s) 'example_xcom_args_with_operators', 'example_xcom_args' retrieved from /home/airflow/.local/lib/python3.12/site-packages/airflow/example_dags/example_xcomargs.py
[2025-12-08T07:48:35.570+0000] {logging_mixin.py:190} INFO - [2025-12-08T07:48:35.569+0000] {dag.py:3211} INFO - Sync 2 DAGs
[2025-12-08T07:48:35.597+0000] {logging_mixin.py:190} INFO - [2025-12-08T07:48:35.597+0000] {dag.py:4138} INFO - Setting next_dagrun for example_xcom_args to None, run_after=None
[2025-12-08T07:48:35.608+0000] {logging_mixin.py:190} INFO - [2025-12-08T07:48:35.608+0000] {dag.py:4138} INFO - Setting next_dagrun for example_xcom_args_with_operators to None, run_after=None
[2025-12-08T07:48:35.654+0000] {processor.py:208} INFO - Processing /home/airflow/.local/lib/python3.12/site-packages/airflow/example_dags/example_xcomargs.py took 0.191 seconds
[2025-12-08T07:49:06.319+0000] {processor.py:186} INFO - Started process (PID=2881) to work on /home/airflow/.local/lib/python3.12/site-packages/airflow/example_dags/example_xcomargs.py
[2025-12-08T07:49:06.321+0000] {processor.py:914} INFO - Processing file /home/airflow/.local/lib/python3.12/site-packages/airflow/example_dags/example_xcomargs.py for tasks to queue
[2025-12-08T07:49:06.329+0000] {logging_mixin.py:190} INFO - [2025-12-08T07:49:06.327+0000] {dagbag.py:587} INFO - Filling up the DagBag from /home/airflow/.local/lib/python3.12/site-packages/airflow/example_dags/example_xcomargs.py
[2025-12-08T07:49:06.351+0000] {processor.py:925} INFO - DAG(s) 'example_xcom_args', 'example_xcom_args_with_operators' retrieved from /home/airflow/.local/lib/python3.12/site-packages/airflow/example_dags/example_xcomargs.py
[2025-12-08T07:49:06.403+0000] {logging_mixin.py:190} INFO - [2025-12-08T07:49:06.403+0000] {dag.py:3211} INFO - Sync 2 DAGs
[2025-12-08T07:49:06.437+0000] {logging_mixin.py:190} INFO - [2025-12-08T07:49:06.437+0000] {dag.py:4138} INFO - Setting next_dagrun for example_xcom_args to None, run_after=None
[2025-12-08T07:49:06.446+0000] {logging_mixin.py:190} INFO - [2025-12-08T07:49:06.446+0000] {dag.py:4138} INFO - Setting next_dagrun for example_xcom_args_with_operators to None, run_after=None
[2025-12-08T07:49:06.488+0000] {processor.py:208} INFO - Processing /home/airflow/.local/lib/python3.12/site-packages/airflow/example_dags/example_xcomargs.py took 0.182 seconds
[2025-12-08T07:49:37.178+0000] {processor.py:186} INFO - Started process (PID=2943) to work on /home/airflow/.local/lib/python3.12/site-packages/airflow/example_dags/example_xcomargs.py
[2025-12-08T07:49:37.182+0000] {processor.py:914} INFO - Processing file /home/airflow/.local/lib/python3.12/site-packages/airflow/example_dags/example_xcomargs.py for tasks to queue
[2025-12-08T07:49:37.191+0000] {logging_mixin.py:190} INFO - [2025-12-08T07:49:37.190+0000] {dagbag.py:587} INFO - Filling up the DagBag from /home/airflow/.local/lib/python3.12/site-packages/airflow/example_dags/example_xcomargs.py
[2025-12-08T07:49:37.219+0000] {processor.py:925} INFO - DAG(s) 'example_xcom_args', 'example_xcom_args_with_operators' retrieved from /home/airflow/.local/lib/python3.12/site-packages/airflow/example_dags/example_xcomargs.py
[2025-12-08T07:49:37.269+0000] {logging_mixin.py:190} INFO - [2025-12-08T07:49:37.269+0000] {dag.py:3211} INFO - Sync 2 DAGs
[2025-12-08T07:49:37.297+0000] {logging_mixin.py:190} INFO - [2025-12-08T07:49:37.297+0000] {dag.py:4138} INFO - Setting next_dagrun for example_xcom_args to None, run_after=None
[2025-12-08T07:49:37.305+0000] {logging_mixin.py:190} INFO - [2025-12-08T07:49:37.305+0000] {dag.py:4138} INFO - Setting next_dagrun for example_xcom_args_with_operators to None, run_after=None
[2025-12-08T07:49:37.350+0000] {processor.py:208} INFO - Processing /home/airflow/.local/lib/python3.12/site-packages/airflow/example_dags/example_xcomargs.py took 0.191 seconds
[2025-12-08T07:50:07.709+0000] {processor.py:186} INFO - Started process (PID=3006) to work on /home/airflow/.local/lib/python3.12/site-packages/airflow/example_dags/example_xcomargs.py
[2025-12-08T07:50:07.712+0000] {processor.py:914} INFO - Processing file /home/airflow/.local/lib/python3.12/site-packages/airflow/example_dags/example_xcomargs.py for tasks to queue
[2025-12-08T07:50:07.722+0000] {logging_mixin.py:190} INFO - [2025-12-08T07:50:07.720+0000] {dagbag.py:587} INFO - Filling up the DagBag from /home/airflow/.local/lib/python3.12/site-packages/airflow/example_dags/example_xcomargs.py
[2025-12-08T07:50:07.755+0000] {processor.py:925} INFO - DAG(s) 'example_xcom_args_with_operators', 'example_xcom_args' retrieved from /home/airflow/.local/lib/python3.12/site-packages/airflow/example_dags/example_xcomargs.py
[2025-12-08T07:50:07.805+0000] {logging_mixin.py:190} INFO - [2025-12-08T07:50:07.804+0000] {dag.py:3211} INFO - Sync 2 DAGs
[2025-12-08T07:50:07.833+0000] {logging_mixin.py:190} INFO - [2025-12-08T07:50:07.832+0000] {dag.py:4138} INFO - Setting next_dagrun for example_xcom_args to None, run_after=None
[2025-12-08T07:50:07.842+0000] {logging_mixin.py:190} INFO - [2025-12-08T07:50:07.841+0000] {dag.py:4138} INFO - Setting next_dagrun for example_xcom_args_with_operators to None, run_after=None
[2025-12-08T07:50:07.883+0000] {processor.py:208} INFO - Processing /home/airflow/.local/lib/python3.12/site-packages/airflow/example_dags/example_xcomargs.py took 0.188 seconds
[2025-12-08T07:50:38.473+0000] {processor.py:186} INFO - Started process (PID=3069) to work on /home/airflow/.local/lib/python3.12/site-packages/airflow/example_dags/example_xcomargs.py
[2025-12-08T07:50:38.476+0000] {processor.py:914} INFO - Processing file /home/airflow/.local/lib/python3.12/site-packages/airflow/example_dags/example_xcomargs.py for tasks to queue
[2025-12-08T07:50:38.483+0000] {logging_mixin.py:190} INFO - [2025-12-08T07:50:38.482+0000] {dagbag.py:587} INFO - Filling up the DagBag from /home/airflow/.local/lib/python3.12/site-packages/airflow/example_dags/example_xcomargs.py
[2025-12-08T07:50:38.499+0000] {processor.py:925} INFO - DAG(s) 'example_xcom_args_with_operators', 'example_xcom_args' retrieved from /home/airflow/.local/lib/python3.12/site-packages/airflow/example_dags/example_xcomargs.py
[2025-12-08T07:50:38.548+0000] {logging_mixin.py:190} INFO - [2025-12-08T07:50:38.548+0000] {dag.py:3211} INFO - Sync 2 DAGs
[2025-12-08T07:50:38.570+0000] {logging_mixin.py:190} INFO - [2025-12-08T07:50:38.570+0000] {dag.py:4138} INFO - Setting next_dagrun for example_xcom_args to None, run_after=None
[2025-12-08T07:50:38.578+0000] {logging_mixin.py:190} INFO - [2025-12-08T07:50:38.578+0000] {dag.py:4138} INFO - Setting next_dagrun for example_xcom_args_with_operators to None, run_after=None
[2025-12-08T07:50:38.612+0000] {processor.py:208} INFO - Processing /home/airflow/.local/lib/python3.12/site-packages/airflow/example_dags/example_xcomargs.py took 0.150 seconds
[2025-12-08T07:51:09.138+0000] {processor.py:186} INFO - Started process (PID=3132) to work on /home/airflow/.local/lib/python3.12/site-packages/airflow/example_dags/example_xcomargs.py
[2025-12-08T07:51:09.140+0000] {processor.py:914} INFO - Processing file /home/airflow/.local/lib/python3.12/site-packages/airflow/example_dags/example_xcomargs.py for tasks to queue
[2025-12-08T07:51:09.147+0000] {logging_mixin.py:190} INFO - [2025-12-08T07:51:09.146+0000] {dagbag.py:587} INFO - Filling up the DagBag from /home/airflow/.local/lib/python3.12/site-packages/airflow/example_dags/example_xcomargs.py
[2025-12-08T07:51:09.169+0000] {processor.py:925} INFO - DAG(s) 'example_xcom_args_with_operators', 'example_xcom_args' retrieved from /home/airflow/.local/lib/python3.12/site-packages/airflow/example_dags/example_xcomargs.py
[2025-12-08T07:51:09.216+0000] {logging_mixin.py:190} INFO - [2025-12-08T07:51:09.216+0000] {dag.py:3211} INFO - Sync 2 DAGs
[2025-12-08T07:51:09.243+0000] {logging_mixin.py:190} INFO - [2025-12-08T07:51:09.242+0000] {dag.py:4138} INFO - Setting next_dagrun for example_xcom_args to None, run_after=None
[2025-12-08T07:51:09.252+0000] {logging_mixin.py:190} INFO - [2025-12-08T07:51:09.251+0000] {dag.py:4138} INFO - Setting next_dagrun for example_xcom_args_with_operators to None, run_after=None
[2025-12-08T07:51:09.291+0000] {processor.py:208} INFO - Processing /home/airflow/.local/lib/python3.12/site-packages/airflow/example_dags/example_xcomargs.py took 0.171 seconds
[2025-12-08T07:51:40.309+0000] {processor.py:186} INFO - Started process (PID=3195) to work on /home/airflow/.local/lib/python3.12/site-packages/airflow/example_dags/example_xcomargs.py
[2025-12-08T07:51:40.310+0000] {processor.py:914} INFO - Processing file /home/airflow/.local/lib/python3.12/site-packages/airflow/example_dags/example_xcomargs.py for tasks to queue
[2025-12-08T07:51:40.315+0000] {logging_mixin.py:190} INFO - [2025-12-08T07:51:40.314+0000] {dagbag.py:587} INFO - Filling up the DagBag from /home/airflow/.local/lib/python3.12/site-packages/airflow/example_dags/example_xcomargs.py
[2025-12-08T07:51:40.328+0000] {processor.py:925} INFO - DAG(s) 'example_xcom_args', 'example_xcom_args_with_operators' retrieved from /home/airflow/.local/lib/python3.12/site-packages/airflow/example_dags/example_xcomargs.py
[2025-12-08T07:51:40.359+0000] {logging_mixin.py:190} INFO - [2025-12-08T07:51:40.359+0000] {dag.py:3211} INFO - Sync 2 DAGs
[2025-12-08T07:51:40.376+0000] {logging_mixin.py:190} INFO - [2025-12-08T07:51:40.376+0000] {dag.py:4138} INFO - Setting next_dagrun for example_xcom_args to None, run_after=None
[2025-12-08T07:51:40.381+0000] {logging_mixin.py:190} INFO - [2025-12-08T07:51:40.380+0000] {dag.py:4138} INFO - Setting next_dagrun for example_xcom_args_with_operators to None, run_after=None
[2025-12-08T07:51:40.409+0000] {processor.py:208} INFO - Processing /home/airflow/.local/lib/python3.12/site-packages/airflow/example_dags/example_xcomargs.py took 0.108 seconds
[2025-12-08T07:52:10.805+0000] {processor.py:186} INFO - Started process (PID=3258) to work on /home/airflow/.local/lib/python3.12/site-packages/airflow/example_dags/example_xcomargs.py
[2025-12-08T07:52:10.806+0000] {processor.py:914} INFO - Processing file /home/airflow/.local/lib/python3.12/site-packages/airflow/example_dags/example_xcomargs.py for tasks to queue
[2025-12-08T07:52:10.810+0000] {logging_mixin.py:190} INFO - [2025-12-08T07:52:10.809+0000] {dagbag.py:587} INFO - Filling up the DagBag from /home/airflow/.local/lib/python3.12/site-packages/airflow/example_dags/example_xcomargs.py
[2025-12-08T07:52:10.820+0000] {processor.py:925} INFO - DAG(s) 'example_xcom_args_with_operators', 'example_xcom_args' retrieved from /home/airflow/.local/lib/python3.12/site-packages/airflow/example_dags/example_xcomargs.py
[2025-12-08T07:52:10.844+0000] {logging_mixin.py:190} INFO - [2025-12-08T07:52:10.844+0000] {dag.py:3211} INFO - Sync 2 DAGs
[2025-12-08T07:52:10.859+0000] {logging_mixin.py:190} INFO - [2025-12-08T07:52:10.859+0000] {dag.py:4138} INFO - Setting next_dagrun for example_xcom_args to None, run_after=None
[2025-12-08T07:52:10.863+0000] {logging_mixin.py:190} INFO - [2025-12-08T07:52:10.863+0000] {dag.py:4138} INFO - Setting next_dagrun for example_xcom_args_with_operators to None, run_after=None
[2025-12-08T07:52:10.891+0000] {processor.py:208} INFO - Processing /home/airflow/.local/lib/python3.12/site-packages/airflow/example_dags/example_xcomargs.py took 0.092 seconds
[2025-12-08T07:52:41.238+0000] {processor.py:186} INFO - Started process (PID=3321) to work on /home/airflow/.local/lib/python3.12/site-packages/airflow/example_dags/example_xcomargs.py
[2025-12-08T07:52:41.240+0000] {processor.py:914} INFO - Processing file /home/airflow/.local/lib/python3.12/site-packages/airflow/example_dags/example_xcomargs.py for tasks to queue
[2025-12-08T07:52:41.246+0000] {logging_mixin.py:190} INFO - [2025-12-08T07:52:41.246+0000] {dagbag.py:587} INFO - Filling up the DagBag from /home/airflow/.local/lib/python3.12/site-packages/airflow/example_dags/example_xcomargs.py
[2025-12-08T07:52:41.262+0000] {processor.py:925} INFO - DAG(s) 'example_xcom_args', 'example_xcom_args_with_operators' retrieved from /home/airflow/.local/lib/python3.12/site-packages/airflow/example_dags/example_xcomargs.py
[2025-12-08T07:52:41.298+0000] {logging_mixin.py:190} INFO - [2025-12-08T07:52:41.298+0000] {dag.py:3211} INFO - Sync 2 DAGs
[2025-12-08T07:52:41.318+0000] {logging_mixin.py:190} INFO - [2025-12-08T07:52:41.318+0000] {dag.py:4138} INFO - Setting next_dagrun for example_xcom_args to None, run_after=None
[2025-12-08T07:52:41.325+0000] {logging_mixin.py:190} INFO - [2025-12-08T07:52:41.324+0000] {dag.py:4138} INFO - Setting next_dagrun for example_xcom_args_with_operators to None, run_after=None
[2025-12-08T07:52:41.354+0000] {processor.py:208} INFO - Processing /home/airflow/.local/lib/python3.12/site-packages/airflow/example_dags/example_xcomargs.py took 0.124 seconds
[2025-12-08T07:53:11.581+0000] {processor.py:186} INFO - Started process (PID=3384) to work on /home/airflow/.local/lib/python3.12/site-packages/airflow/example_dags/example_xcomargs.py
[2025-12-08T07:53:11.583+0000] {processor.py:914} INFO - Processing file /home/airflow/.local/lib/python3.12/site-packages/airflow/example_dags/example_xcomargs.py for tasks to queue
[2025-12-08T07:53:11.588+0000] {logging_mixin.py:190} INFO - [2025-12-08T07:53:11.588+0000] {dagbag.py:587} INFO - Filling up the DagBag from /home/airflow/.local/lib/python3.12/site-packages/airflow/example_dags/example_xcomargs.py
[2025-12-08T07:53:11.604+0000] {processor.py:925} INFO - DAG(s) 'example_xcom_args', 'example_xcom_args_with_operators' retrieved from /home/airflow/.local/lib/python3.12/site-packages/airflow/example_dags/example_xcomargs.py
[2025-12-08T07:53:11.637+0000] {logging_mixin.py:190} INFO - [2025-12-08T07:53:11.636+0000] {dag.py:3211} INFO - Sync 2 DAGs
[2025-12-08T07:53:11.655+0000] {logging_mixin.py:190} INFO - [2025-12-08T07:53:11.654+0000] {dag.py:4138} INFO - Setting next_dagrun for example_xcom_args to None, run_after=None
[2025-12-08T07:53:11.662+0000] {logging_mixin.py:190} INFO - [2025-12-08T07:53:11.662+0000] {dag.py:4138} INFO - Setting next_dagrun for example_xcom_args_with_operators to None, run_after=None
[2025-12-08T07:53:11.686+0000] {processor.py:208} INFO - Processing /home/airflow/.local/lib/python3.12/site-packages/airflow/example_dags/example_xcomargs.py took 0.112 seconds
[2025-12-08T07:53:42.214+0000] {processor.py:186} INFO - Started process (PID=3447) to work on /home/airflow/.local/lib/python3.12/site-packages/airflow/example_dags/example_xcomargs.py
[2025-12-08T07:53:42.217+0000] {processor.py:914} INFO - Processing file /home/airflow/.local/lib/python3.12/site-packages/airflow/example_dags/example_xcomargs.py for tasks to queue
[2025-12-08T07:53:42.223+0000] {logging_mixin.py:190} INFO - [2025-12-08T07:53:42.222+0000] {dagbag.py:587} INFO - Filling up the DagBag from /home/airflow/.local/lib/python3.12/site-packages/airflow/example_dags/example_xcomargs.py
[2025-12-08T07:53:42.240+0000] {processor.py:925} INFO - DAG(s) 'example_xcom_args_with_operators', 'example_xcom_args' retrieved from /home/airflow/.local/lib/python3.12/site-packages/airflow/example_dags/example_xcomargs.py
[2025-12-08T07:53:42.281+0000] {logging_mixin.py:190} INFO - [2025-12-08T07:53:42.280+0000] {dag.py:3211} INFO - Sync 2 DAGs
[2025-12-08T07:53:42.301+0000] {logging_mixin.py:190} INFO - [2025-12-08T07:53:42.300+0000] {dag.py:4138} INFO - Setting next_dagrun for example_xcom_args to None, run_after=None
[2025-12-08T07:53:42.308+0000] {logging_mixin.py:190} INFO - [2025-12-08T07:53:42.307+0000] {dag.py:4138} INFO - Setting next_dagrun for example_xcom_args_with_operators to None, run_after=None
[2025-12-08T07:53:42.336+0000] {processor.py:208} INFO - Processing /home/airflow/.local/lib/python3.12/site-packages/airflow/example_dags/example_xcomargs.py took 0.130 seconds
[2025-12-08T07:54:12.888+0000] {processor.py:186} INFO - Started process (PID=3510) to work on /home/airflow/.local/lib/python3.12/site-packages/airflow/example_dags/example_xcomargs.py
[2025-12-08T07:54:12.890+0000] {processor.py:914} INFO - Processing file /home/airflow/.local/lib/python3.12/site-packages/airflow/example_dags/example_xcomargs.py for tasks to queue
[2025-12-08T07:54:12.895+0000] {logging_mixin.py:190} INFO - [2025-12-08T07:54:12.895+0000] {dagbag.py:587} INFO - Filling up the DagBag from /home/airflow/.local/lib/python3.12/site-packages/airflow/example_dags/example_xcomargs.py
[2025-12-08T07:54:12.913+0000] {processor.py:925} INFO - DAG(s) 'example_xcom_args_with_operators', 'example_xcom_args' retrieved from /home/airflow/.local/lib/python3.12/site-packages/airflow/example_dags/example_xcomargs.py
[2025-12-08T07:54:12.952+0000] {logging_mixin.py:190} INFO - [2025-12-08T07:54:12.952+0000] {dag.py:3211} INFO - Sync 2 DAGs
[2025-12-08T07:54:12.970+0000] {logging_mixin.py:190} INFO - [2025-12-08T07:54:12.969+0000] {dag.py:4138} INFO - Setting next_dagrun for example_xcom_args to None, run_after=None
[2025-12-08T07:54:12.976+0000] {logging_mixin.py:190} INFO - [2025-12-08T07:54:12.975+0000] {dag.py:4138} INFO - Setting next_dagrun for example_xcom_args_with_operators to None, run_after=None
[2025-12-08T07:54:13.001+0000] {processor.py:208} INFO - Processing /home/airflow/.local/lib/python3.12/site-packages/airflow/example_dags/example_xcomargs.py took 0.122 seconds
[2025-12-08T07:54:43.860+0000] {processor.py:186} INFO - Started process (PID=3573) to work on /home/airflow/.local/lib/python3.12/site-packages/airflow/example_dags/example_xcomargs.py
[2025-12-08T07:54:43.862+0000] {processor.py:914} INFO - Processing file /home/airflow/.local/lib/python3.12/site-packages/airflow/example_dags/example_xcomargs.py for tasks to queue
[2025-12-08T07:54:43.868+0000] {logging_mixin.py:190} INFO - [2025-12-08T07:54:43.868+0000] {dagbag.py:587} INFO - Filling up the DagBag from /home/airflow/.local/lib/python3.12/site-packages/airflow/example_dags/example_xcomargs.py
[2025-12-08T07:54:43.890+0000] {processor.py:925} INFO - DAG(s) 'example_xcom_args', 'example_xcom_args_with_operators' retrieved from /home/airflow/.local/lib/python3.12/site-packages/airflow/example_dags/example_xcomargs.py
[2025-12-08T07:54:43.942+0000] {logging_mixin.py:190} INFO - [2025-12-08T07:54:43.942+0000] {dag.py:3211} INFO - Sync 2 DAGs
[2025-12-08T07:54:43.963+0000] {logging_mixin.py:190} INFO - [2025-12-08T07:54:43.962+0000] {dag.py:4138} INFO - Setting next_dagrun for example_xcom_args to None, run_after=None
[2025-12-08T07:54:43.969+0000] {logging_mixin.py:190} INFO - [2025-12-08T07:54:43.968+0000] {dag.py:4138} INFO - Setting next_dagrun for example_xcom_args_with_operators to None, run_after=None
[2025-12-08T07:54:44.008+0000] {processor.py:208} INFO - Processing /home/airflow/.local/lib/python3.12/site-packages/airflow/example_dags/example_xcomargs.py took 0.159 seconds
[2025-12-08T07:55:14.549+0000] {processor.py:186} INFO - Started process (PID=3636) to work on /home/airflow/.local/lib/python3.12/site-packages/airflow/example_dags/example_xcomargs.py
[2025-12-08T07:55:14.551+0000] {processor.py:914} INFO - Processing file /home/airflow/.local/lib/python3.12/site-packages/airflow/example_dags/example_xcomargs.py for tasks to queue
[2025-12-08T07:55:14.556+0000] {logging_mixin.py:190} INFO - [2025-12-08T07:55:14.555+0000] {dagbag.py:587} INFO - Filling up the DagBag from /home/airflow/.local/lib/python3.12/site-packages/airflow/example_dags/example_xcomargs.py
[2025-12-08T07:55:14.571+0000] {processor.py:925} INFO - DAG(s) 'example_xcom_args', 'example_xcom_args_with_operators' retrieved from /home/airflow/.local/lib/python3.12/site-packages/airflow/example_dags/example_xcomargs.py
[2025-12-08T07:55:14.606+0000] {logging_mixin.py:190} INFO - [2025-12-08T07:55:14.606+0000] {dag.py:3211} INFO - Sync 2 DAGs
[2025-12-08T07:55:14.624+0000] {logging_mixin.py:190} INFO - [2025-12-08T07:55:14.624+0000] {dag.py:4138} INFO - Setting next_dagrun for example_xcom_args to None, run_after=None
[2025-12-08T07:55:14.629+0000] {logging_mixin.py:190} INFO - [2025-12-08T07:55:14.629+0000] {dag.py:4138} INFO - Setting next_dagrun for example_xcom_args_with_operators to None, run_after=None
[2025-12-08T07:55:14.654+0000] {processor.py:208} INFO - Processing /home/airflow/.local/lib/python3.12/site-packages/airflow/example_dags/example_xcomargs.py took 0.115 seconds
[2025-12-08T07:55:44.921+0000] {processor.py:186} INFO - Started process (PID=3700) to work on /home/airflow/.local/lib/python3.12/site-packages/airflow/example_dags/example_xcomargs.py
[2025-12-08T07:55:44.924+0000] {processor.py:914} INFO - Processing file /home/airflow/.local/lib/python3.12/site-packages/airflow/example_dags/example_xcomargs.py for tasks to queue
[2025-12-08T07:55:44.932+0000] {logging_mixin.py:190} INFO - [2025-12-08T07:55:44.931+0000] {dagbag.py:587} INFO - Filling up the DagBag from /home/airflow/.local/lib/python3.12/site-packages/airflow/example_dags/example_xcomargs.py
[2025-12-08T07:55:44.949+0000] {processor.py:925} INFO - DAG(s) 'example_xcom_args_with_operators', 'example_xcom_args' retrieved from /home/airflow/.local/lib/python3.12/site-packages/airflow/example_dags/example_xcomargs.py
[2025-12-08T07:55:44.994+0000] {logging_mixin.py:190} INFO - [2025-12-08T07:55:44.994+0000] {dag.py:3211} INFO - Sync 2 DAGs
[2025-12-08T07:55:45.020+0000] {logging_mixin.py:190} INFO - [2025-12-08T07:55:45.019+0000] {dag.py:4138} INFO - Setting next_dagrun for example_xcom_args to None, run_after=None
[2025-12-08T07:55:45.027+0000] {logging_mixin.py:190} INFO - [2025-12-08T07:55:45.027+0000] {dag.py:4138} INFO - Setting next_dagrun for example_xcom_args_with_operators to None, run_after=None
[2025-12-08T07:55:45.057+0000] {processor.py:208} INFO - Processing /home/airflow/.local/lib/python3.12/site-packages/airflow/example_dags/example_xcomargs.py took 0.146 seconds
[2025-12-08T07:56:15.251+0000] {processor.py:186} INFO - Started process (PID=3764) to work on /home/airflow/.local/lib/python3.12/site-packages/airflow/example_dags/example_xcomargs.py
[2025-12-08T07:56:15.254+0000] {processor.py:914} INFO - Processing file /home/airflow/.local/lib/python3.12/site-packages/airflow/example_dags/example_xcomargs.py for tasks to queue
[2025-12-08T07:56:15.259+0000] {logging_mixin.py:190} INFO - [2025-12-08T07:56:15.259+0000] {dagbag.py:587} INFO - Filling up the DagBag from /home/airflow/.local/lib/python3.12/site-packages/airflow/example_dags/example_xcomargs.py
[2025-12-08T07:56:15.274+0000] {processor.py:925} INFO - DAG(s) 'example_xcom_args_with_operators', 'example_xcom_args' retrieved from /home/airflow/.local/lib/python3.12/site-packages/airflow/example_dags/example_xcomargs.py
[2025-12-08T07:56:15.313+0000] {logging_mixin.py:190} INFO - [2025-12-08T07:56:15.313+0000] {dag.py:3211} INFO - Sync 2 DAGs
[2025-12-08T07:56:15.336+0000] {logging_mixin.py:190} INFO - [2025-12-08T07:56:15.335+0000] {dag.py:4138} INFO - Setting next_dagrun for example_xcom_args to None, run_after=None
[2025-12-08T07:56:15.342+0000] {logging_mixin.py:190} INFO - [2025-12-08T07:56:15.341+0000] {dag.py:4138} INFO - Setting next_dagrun for example_xcom_args_with_operators to None, run_after=None
[2025-12-08T07:56:15.367+0000] {processor.py:208} INFO - Processing /home/airflow/.local/lib/python3.12/site-packages/airflow/example_dags/example_xcomargs.py took 0.124 seconds
[2025-12-08T07:56:46.342+0000] {processor.py:186} INFO - Started process (PID=3827) to work on /home/airflow/.local/lib/python3.12/site-packages/airflow/example_dags/example_xcomargs.py
[2025-12-08T07:56:46.344+0000] {processor.py:914} INFO - Processing file /home/airflow/.local/lib/python3.12/site-packages/airflow/example_dags/example_xcomargs.py for tasks to queue
[2025-12-08T07:56:46.349+0000] {logging_mixin.py:190} INFO - [2025-12-08T07:56:46.348+0000] {dagbag.py:587} INFO - Filling up the DagBag from /home/airflow/.local/lib/python3.12/site-packages/airflow/example_dags/example_xcomargs.py
[2025-12-08T07:56:46.363+0000] {processor.py:925} INFO - DAG(s) 'example_xcom_args', 'example_xcom_args_with_operators' retrieved from /home/airflow/.local/lib/python3.12/site-packages/airflow/example_dags/example_xcomargs.py
[2025-12-08T07:56:46.393+0000] {logging_mixin.py:190} INFO - [2025-12-08T07:56:46.393+0000] {dag.py:3211} INFO - Sync 2 DAGs
[2025-12-08T07:56:46.410+0000] {logging_mixin.py:190} INFO - [2025-12-08T07:56:46.410+0000] {dag.py:4138} INFO - Setting next_dagrun for example_xcom_args to None, run_after=None
[2025-12-08T07:56:46.416+0000] {logging_mixin.py:190} INFO - [2025-12-08T07:56:46.416+0000] {dag.py:4138} INFO - Setting next_dagrun for example_xcom_args_with_operators to None, run_after=None
[2025-12-08T07:56:46.443+0000] {processor.py:208} INFO - Processing /home/airflow/.local/lib/python3.12/site-packages/airflow/example_dags/example_xcomargs.py took 0.108 seconds
[2025-12-08T07:57:17.041+0000] {processor.py:186} INFO - Started process (PID=3890) to work on /home/airflow/.local/lib/python3.12/site-packages/airflow/example_dags/example_xcomargs.py
[2025-12-08T07:57:17.043+0000] {processor.py:914} INFO - Processing file /home/airflow/.local/lib/python3.12/site-packages/airflow/example_dags/example_xcomargs.py for tasks to queue
[2025-12-08T07:57:17.048+0000] {logging_mixin.py:190} INFO - [2025-12-08T07:57:17.047+0000] {dagbag.py:587} INFO - Filling up the DagBag from /home/airflow/.local/lib/python3.12/site-packages/airflow/example_dags/example_xcomargs.py
[2025-12-08T07:57:17.062+0000] {processor.py:925} INFO - DAG(s) 'example_xcom_args', 'example_xcom_args_with_operators' retrieved from /home/airflow/.local/lib/python3.12/site-packages/airflow/example_dags/example_xcomargs.py
[2025-12-08T07:57:17.095+0000] {logging_mixin.py:190} INFO - [2025-12-08T07:57:17.095+0000] {dag.py:3211} INFO - Sync 2 DAGs
[2025-12-08T07:57:17.112+0000] {logging_mixin.py:190} INFO - [2025-12-08T07:57:17.112+0000] {dag.py:4138} INFO - Setting next_dagrun for example_xcom_args to None, run_after=None
[2025-12-08T07:57:17.120+0000] {logging_mixin.py:190} INFO - [2025-12-08T07:57:17.119+0000] {dag.py:4138} INFO - Setting next_dagrun for example_xcom_args_with_operators to None, run_after=None
[2025-12-08T07:57:17.143+0000] {processor.py:208} INFO - Processing /home/airflow/.local/lib/python3.12/site-packages/airflow/example_dags/example_xcomargs.py took 0.108 seconds
[2025-12-08T07:57:47.245+0000] {processor.py:186} INFO - Started process (PID=3954) to work on /home/airflow/.local/lib/python3.12/site-packages/airflow/example_dags/example_xcomargs.py
[2025-12-08T07:57:47.248+0000] {processor.py:914} INFO - Processing file /home/airflow/.local/lib/python3.12/site-packages/airflow/example_dags/example_xcomargs.py for tasks to queue
[2025-12-08T07:57:47.253+0000] {logging_mixin.py:190} INFO - [2025-12-08T07:57:47.252+0000] {dagbag.py:587} INFO - Filling up the DagBag from /home/airflow/.local/lib/python3.12/site-packages/airflow/example_dags/example_xcomargs.py
[2025-12-08T07:57:47.275+0000] {processor.py:925} INFO - DAG(s) 'example_xcom_args_with_operators', 'example_xcom_args' retrieved from /home/airflow/.local/lib/python3.12/site-packages/airflow/example_dags/example_xcomargs.py
[2025-12-08T07:57:47.316+0000] {logging_mixin.py:190} INFO - [2025-12-08T07:57:47.315+0000] {dag.py:3211} INFO - Sync 2 DAGs
[2025-12-08T07:57:47.344+0000] {logging_mixin.py:190} INFO - [2025-12-08T07:57:47.344+0000] {dag.py:4138} INFO - Setting next_dagrun for example_xcom_args to None, run_after=None
[2025-12-08T07:57:47.350+0000] {logging_mixin.py:190} INFO - [2025-12-08T07:57:47.349+0000] {dag.py:4138} INFO - Setting next_dagrun for example_xcom_args_with_operators to None, run_after=None
[2025-12-08T07:57:47.379+0000] {processor.py:208} INFO - Processing /home/airflow/.local/lib/python3.12/site-packages/airflow/example_dags/example_xcomargs.py took 0.146 seconds
[2025-12-08T07:58:17.773+0000] {processor.py:186} INFO - Started process (PID=4017) to work on /home/airflow/.local/lib/python3.12/site-packages/airflow/example_dags/example_xcomargs.py
[2025-12-08T07:58:17.775+0000] {processor.py:914} INFO - Processing file /home/airflow/.local/lib/python3.12/site-packages/airflow/example_dags/example_xcomargs.py for tasks to queue
[2025-12-08T07:58:17.779+0000] {logging_mixin.py:190} INFO - [2025-12-08T07:58:17.778+0000] {dagbag.py:587} INFO - Filling up the DagBag from /home/airflow/.local/lib/python3.12/site-packages/airflow/example_dags/example_xcomargs.py
[2025-12-08T07:58:17.791+0000] {processor.py:925} INFO - DAG(s) 'example_xcom_args_with_operators', 'example_xcom_args' retrieved from /home/airflow/.local/lib/python3.12/site-packages/airflow/example_dags/example_xcomargs.py
[2025-12-08T07:58:17.827+0000] {logging_mixin.py:190} INFO - [2025-12-08T07:58:17.827+0000] {dag.py:3211} INFO - Sync 2 DAGs
[2025-12-08T07:58:17.844+0000] {logging_mixin.py:190} INFO - [2025-12-08T07:58:17.844+0000] {dag.py:4138} INFO - Setting next_dagrun for example_xcom_args to None, run_after=None
[2025-12-08T07:58:17.849+0000] {logging_mixin.py:190} INFO - [2025-12-08T07:58:17.849+0000] {dag.py:4138} INFO - Setting next_dagrun for example_xcom_args_with_operators to None, run_after=None
[2025-12-08T07:58:17.868+0000] {processor.py:208} INFO - Processing /home/airflow/.local/lib/python3.12/site-packages/airflow/example_dags/example_xcomargs.py took 0.106 seconds
[2025-12-08T07:58:48.140+0000] {processor.py:186} INFO - Started process (PID=4081) to work on /home/airflow/.local/lib/python3.12/site-packages/airflow/example_dags/example_xcomargs.py
[2025-12-08T07:58:48.142+0000] {processor.py:914} INFO - Processing file /home/airflow/.local/lib/python3.12/site-packages/airflow/example_dags/example_xcomargs.py for tasks to queue
[2025-12-08T07:58:48.145+0000] {logging_mixin.py:190} INFO - [2025-12-08T07:58:48.145+0000] {dagbag.py:587} INFO - Filling up the DagBag from /home/airflow/.local/lib/python3.12/site-packages/airflow/example_dags/example_xcomargs.py
[2025-12-08T07:58:48.157+0000] {processor.py:925} INFO - DAG(s) 'example_xcom_args_with_operators', 'example_xcom_args' retrieved from /home/airflow/.local/lib/python3.12/site-packages/airflow/example_dags/example_xcomargs.py
[2025-12-08T07:58:48.186+0000] {logging_mixin.py:190} INFO - [2025-12-08T07:58:48.186+0000] {dag.py:3211} INFO - Sync 2 DAGs
[2025-12-08T07:58:48.204+0000] {logging_mixin.py:190} INFO - [2025-12-08T07:58:48.204+0000] {dag.py:4138} INFO - Setting next_dagrun for example_xcom_args to None, run_after=None
[2025-12-08T07:58:48.210+0000] {logging_mixin.py:190} INFO - [2025-12-08T07:58:48.210+0000] {dag.py:4138} INFO - Setting next_dagrun for example_xcom_args_with_operators to None, run_after=None
[2025-12-08T07:58:48.234+0000] {processor.py:208} INFO - Processing /home/airflow/.local/lib/python3.12/site-packages/airflow/example_dags/example_xcomargs.py took 0.101 seconds
[2025-12-08T07:59:18.552+0000] {processor.py:186} INFO - Started process (PID=4144) to work on /home/airflow/.local/lib/python3.12/site-packages/airflow/example_dags/example_xcomargs.py
[2025-12-08T07:59:18.554+0000] {processor.py:914} INFO - Processing file /home/airflow/.local/lib/python3.12/site-packages/airflow/example_dags/example_xcomargs.py for tasks to queue
[2025-12-08T07:59:18.557+0000] {logging_mixin.py:190} INFO - [2025-12-08T07:59:18.557+0000] {dagbag.py:587} INFO - Filling up the DagBag from /home/airflow/.local/lib/python3.12/site-packages/airflow/example_dags/example_xcomargs.py
[2025-12-08T07:59:18.571+0000] {processor.py:925} INFO - DAG(s) 'example_xcom_args', 'example_xcom_args_with_operators' retrieved from /home/airflow/.local/lib/python3.12/site-packages/airflow/example_dags/example_xcomargs.py
[2025-12-08T07:59:18.600+0000] {logging_mixin.py:190} INFO - [2025-12-08T07:59:18.600+0000] {dag.py:3211} INFO - Sync 2 DAGs
[2025-12-08T07:59:18.616+0000] {logging_mixin.py:190} INFO - [2025-12-08T07:59:18.615+0000] {dag.py:4138} INFO - Setting next_dagrun for example_xcom_args to None, run_after=None
[2025-12-08T07:59:18.620+0000] {logging_mixin.py:190} INFO - [2025-12-08T07:59:18.620+0000] {dag.py:4138} INFO - Setting next_dagrun for example_xcom_args_with_operators to None, run_after=None
[2025-12-08T07:59:18.648+0000] {processor.py:208} INFO - Processing /home/airflow/.local/lib/python3.12/site-packages/airflow/example_dags/example_xcomargs.py took 0.102 seconds
[2025-12-08T07:59:48.782+0000] {processor.py:186} INFO - Started process (PID=4207) to work on /home/airflow/.local/lib/python3.12/site-packages/airflow/example_dags/example_xcomargs.py
[2025-12-08T07:59:48.786+0000] {processor.py:914} INFO - Processing file /home/airflow/.local/lib/python3.12/site-packages/airflow/example_dags/example_xcomargs.py for tasks to queue
[2025-12-08T07:59:48.794+0000] {logging_mixin.py:190} INFO - [2025-12-08T07:59:48.793+0000] {dagbag.py:587} INFO - Filling up the DagBag from /home/airflow/.local/lib/python3.12/site-packages/airflow/example_dags/example_xcomargs.py
[2025-12-08T07:59:48.824+0000] {processor.py:925} INFO - DAG(s) 'example_xcom_args_with_operators', 'example_xcom_args' retrieved from /home/airflow/.local/lib/python3.12/site-packages/airflow/example_dags/example_xcomargs.py
[2025-12-08T07:59:48.867+0000] {logging_mixin.py:190} INFO - [2025-12-08T07:59:48.867+0000] {dag.py:3211} INFO - Sync 2 DAGs
[2025-12-08T07:59:48.886+0000] {logging_mixin.py:190} INFO - [2025-12-08T07:59:48.886+0000] {dag.py:4138} INFO - Setting next_dagrun for example_xcom_args to None, run_after=None
[2025-12-08T07:59:48.891+0000] {logging_mixin.py:190} INFO - [2025-12-08T07:59:48.891+0000] {dag.py:4138} INFO - Setting next_dagrun for example_xcom_args_with_operators to None, run_after=None
[2025-12-08T07:59:48.924+0000] {processor.py:208} INFO - Processing /home/airflow/.local/lib/python3.12/site-packages/airflow/example_dags/example_xcomargs.py took 0.159 seconds
[2025-12-08T08:00:19.172+0000] {processor.py:186} INFO - Started process (PID=4270) to work on /home/airflow/.local/lib/python3.12/site-packages/airflow/example_dags/example_xcomargs.py
[2025-12-08T08:00:19.174+0000] {processor.py:914} INFO - Processing file /home/airflow/.local/lib/python3.12/site-packages/airflow/example_dags/example_xcomargs.py for tasks to queue
[2025-12-08T08:00:19.178+0000] {logging_mixin.py:190} INFO - [2025-12-08T08:00:19.177+0000] {dagbag.py:587} INFO - Filling up the DagBag from /home/airflow/.local/lib/python3.12/site-packages/airflow/example_dags/example_xcomargs.py
[2025-12-08T08:00:19.194+0000] {processor.py:925} INFO - DAG(s) 'example_xcom_args_with_operators', 'example_xcom_args' retrieved from /home/airflow/.local/lib/python3.12/site-packages/airflow/example_dags/example_xcomargs.py
[2025-12-08T08:00:19.241+0000] {logging_mixin.py:190} INFO - [2025-12-08T08:00:19.240+0000] {dag.py:3211} INFO - Sync 2 DAGs
[2025-12-08T08:00:19.257+0000] {logging_mixin.py:190} INFO - [2025-12-08T08:00:19.257+0000] {dag.py:4138} INFO - Setting next_dagrun for example_xcom_args to None, run_after=None
[2025-12-08T08:00:19.263+0000] {logging_mixin.py:190} INFO - [2025-12-08T08:00:19.262+0000] {dag.py:4138} INFO - Setting next_dagrun for example_xcom_args_with_operators to None, run_after=None
[2025-12-08T08:00:19.287+0000] {processor.py:208} INFO - Processing /home/airflow/.local/lib/python3.12/site-packages/airflow/example_dags/example_xcomargs.py took 0.123 seconds
[2025-12-08T08:00:49.574+0000] {processor.py:186} INFO - Started process (PID=4333) to work on /home/airflow/.local/lib/python3.12/site-packages/airflow/example_dags/example_xcomargs.py
[2025-12-08T08:00:49.576+0000] {processor.py:914} INFO - Processing file /home/airflow/.local/lib/python3.12/site-packages/airflow/example_dags/example_xcomargs.py for tasks to queue
[2025-12-08T08:00:49.580+0000] {logging_mixin.py:190} INFO - [2025-12-08T08:00:49.580+0000] {dagbag.py:587} INFO - Filling up the DagBag from /home/airflow/.local/lib/python3.12/site-packages/airflow/example_dags/example_xcomargs.py
[2025-12-08T08:00:49.593+0000] {processor.py:925} INFO - DAG(s) 'example_xcom_args_with_operators', 'example_xcom_args' retrieved from /home/airflow/.local/lib/python3.12/site-packages/airflow/example_dags/example_xcomargs.py
[2025-12-08T08:00:49.621+0000] {logging_mixin.py:190} INFO - [2025-12-08T08:00:49.621+0000] {dag.py:3211} INFO - Sync 2 DAGs
[2025-12-08T08:00:49.637+0000] {logging_mixin.py:190} INFO - [2025-12-08T08:00:49.637+0000] {dag.py:4138} INFO - Setting next_dagrun for example_xcom_args to None, run_after=None
[2025-12-08T08:00:49.643+0000] {logging_mixin.py:190} INFO - [2025-12-08T08:00:49.642+0000] {dag.py:4138} INFO - Setting next_dagrun for example_xcom_args_with_operators to None, run_after=None
[2025-12-08T08:00:49.661+0000] {processor.py:208} INFO - Processing /home/airflow/.local/lib/python3.12/site-packages/airflow/example_dags/example_xcomargs.py took 0.096 seconds
[2025-12-08T08:01:20.034+0000] {processor.py:186} INFO - Started process (PID=4396) to work on /home/airflow/.local/lib/python3.12/site-packages/airflow/example_dags/example_xcomargs.py
[2025-12-08T08:01:20.036+0000] {processor.py:914} INFO - Processing file /home/airflow/.local/lib/python3.12/site-packages/airflow/example_dags/example_xcomargs.py for tasks to queue
[2025-12-08T08:01:20.041+0000] {logging_mixin.py:190} INFO - [2025-12-08T08:01:20.040+0000] {dagbag.py:587} INFO - Filling up the DagBag from /home/airflow/.local/lib/python3.12/site-packages/airflow/example_dags/example_xcomargs.py
[2025-12-08T08:01:20.058+0000] {processor.py:925} INFO - DAG(s) 'example_xcom_args_with_operators', 'example_xcom_args' retrieved from /home/airflow/.local/lib/python3.12/site-packages/airflow/example_dags/example_xcomargs.py
[2025-12-08T08:01:20.091+0000] {logging_mixin.py:190} INFO - [2025-12-08T08:01:20.091+0000] {dag.py:3211} INFO - Sync 2 DAGs
[2025-12-08T08:01:20.118+0000] {logging_mixin.py:190} INFO - [2025-12-08T08:01:20.118+0000] {dag.py:4138} INFO - Setting next_dagrun for example_xcom_args to None, run_after=None
[2025-12-08T08:01:20.132+0000] {logging_mixin.py:190} INFO - [2025-12-08T08:01:20.132+0000] {dag.py:4138} INFO - Setting next_dagrun for example_xcom_args_with_operators to None, run_after=None
[2025-12-08T08:01:20.175+0000] {processor.py:208} INFO - Processing /home/airflow/.local/lib/python3.12/site-packages/airflow/example_dags/example_xcomargs.py took 0.150 seconds
[2025-12-08T08:01:50.303+0000] {processor.py:186} INFO - Started process (PID=4459) to work on /home/airflow/.local/lib/python3.12/site-packages/airflow/example_dags/example_xcomargs.py
[2025-12-08T08:01:50.304+0000] {processor.py:914} INFO - Processing file /home/airflow/.local/lib/python3.12/site-packages/airflow/example_dags/example_xcomargs.py for tasks to queue
[2025-12-08T08:01:50.309+0000] {logging_mixin.py:190} INFO - [2025-12-08T08:01:50.308+0000] {dagbag.py:587} INFO - Filling up the DagBag from /home/airflow/.local/lib/python3.12/site-packages/airflow/example_dags/example_xcomargs.py
[2025-12-08T08:01:50.326+0000] {processor.py:925} INFO - DAG(s) 'example_xcom_args', 'example_xcom_args_with_operators' retrieved from /home/airflow/.local/lib/python3.12/site-packages/airflow/example_dags/example_xcomargs.py
[2025-12-08T08:01:50.356+0000] {logging_mixin.py:190} INFO - [2025-12-08T08:01:50.356+0000] {dag.py:3211} INFO - Sync 2 DAGs
[2025-12-08T08:01:50.373+0000] {logging_mixin.py:190} INFO - [2025-12-08T08:01:50.372+0000] {dag.py:4138} INFO - Setting next_dagrun for example_xcom_args to None, run_after=None
[2025-12-08T08:01:50.378+0000] {logging_mixin.py:190} INFO - [2025-12-08T08:01:50.378+0000] {dag.py:4138} INFO - Setting next_dagrun for example_xcom_args_with_operators to None, run_after=None
[2025-12-08T08:01:50.399+0000] {processor.py:208} INFO - Processing /home/airflow/.local/lib/python3.12/site-packages/airflow/example_dags/example_xcomargs.py took 0.104 seconds
[2025-12-08T08:02:20.603+0000] {processor.py:186} INFO - Started process (PID=4521) to work on /home/airflow/.local/lib/python3.12/site-packages/airflow/example_dags/example_xcomargs.py
[2025-12-08T08:02:20.607+0000] {processor.py:914} INFO - Processing file /home/airflow/.local/lib/python3.12/site-packages/airflow/example_dags/example_xcomargs.py for tasks to queue
[2025-12-08T08:02:20.612+0000] {logging_mixin.py:190} INFO - [2025-12-08T08:02:20.611+0000] {dagbag.py:587} INFO - Filling up the DagBag from /home/airflow/.local/lib/python3.12/site-packages/airflow/example_dags/example_xcomargs.py
[2025-12-08T08:02:20.629+0000] {processor.py:925} INFO - DAG(s) 'example_xcom_args', 'example_xcom_args_with_operators' retrieved from /home/airflow/.local/lib/python3.12/site-packages/airflow/example_dags/example_xcomargs.py
[2025-12-08T08:02:20.667+0000] {logging_mixin.py:190} INFO - [2025-12-08T08:02:20.667+0000] {dag.py:3211} INFO - Sync 2 DAGs
[2025-12-08T08:02:20.690+0000] {logging_mixin.py:190} INFO - [2025-12-08T08:02:20.689+0000] {dag.py:4138} INFO - Setting next_dagrun for example_xcom_args to None, run_after=None
[2025-12-08T08:02:20.697+0000] {logging_mixin.py:190} INFO - [2025-12-08T08:02:20.697+0000] {dag.py:4138} INFO - Setting next_dagrun for example_xcom_args_with_operators to None, run_after=None
[2025-12-08T08:02:20.725+0000] {processor.py:208} INFO - Processing /home/airflow/.local/lib/python3.12/site-packages/airflow/example_dags/example_xcomargs.py took 0.133 seconds
[2025-12-08T08:02:51.151+0000] {processor.py:186} INFO - Started process (PID=4584) to work on /home/airflow/.local/lib/python3.12/site-packages/airflow/example_dags/example_xcomargs.py
[2025-12-08T08:02:51.153+0000] {processor.py:914} INFO - Processing file /home/airflow/.local/lib/python3.12/site-packages/airflow/example_dags/example_xcomargs.py for tasks to queue
[2025-12-08T08:02:51.157+0000] {logging_mixin.py:190} INFO - [2025-12-08T08:02:51.156+0000] {dagbag.py:587} INFO - Filling up the DagBag from /home/airflow/.local/lib/python3.12/site-packages/airflow/example_dags/example_xcomargs.py
[2025-12-08T08:02:51.170+0000] {processor.py:925} INFO - DAG(s) 'example_xcom_args', 'example_xcom_args_with_operators' retrieved from /home/airflow/.local/lib/python3.12/site-packages/airflow/example_dags/example_xcomargs.py
[2025-12-08T08:02:51.207+0000] {logging_mixin.py:190} INFO - [2025-12-08T08:02:51.206+0000] {dag.py:3211} INFO - Sync 2 DAGs
[2025-12-08T08:02:51.225+0000] {logging_mixin.py:190} INFO - [2025-12-08T08:02:51.224+0000] {dag.py:4138} INFO - Setting next_dagrun for example_xcom_args to None, run_after=None
[2025-12-08T08:02:51.231+0000] {logging_mixin.py:190} INFO - [2025-12-08T08:02:51.230+0000] {dag.py:4138} INFO - Setting next_dagrun for example_xcom_args_with_operators to None, run_after=None
[2025-12-08T08:02:51.257+0000] {processor.py:208} INFO - Processing /home/airflow/.local/lib/python3.12/site-packages/airflow/example_dags/example_xcomargs.py took 0.112 seconds
[2025-12-08T08:03:21.705+0000] {processor.py:186} INFO - Started process (PID=4647) to work on /home/airflow/.local/lib/python3.12/site-packages/airflow/example_dags/example_xcomargs.py
[2025-12-08T08:03:21.714+0000] {processor.py:914} INFO - Processing file /home/airflow/.local/lib/python3.12/site-packages/airflow/example_dags/example_xcomargs.py for tasks to queue
[2025-12-08T08:03:21.724+0000] {logging_mixin.py:190} INFO - [2025-12-08T08:03:21.723+0000] {dagbag.py:587} INFO - Filling up the DagBag from /home/airflow/.local/lib/python3.12/site-packages/airflow/example_dags/example_xcomargs.py
[2025-12-08T08:03:21.747+0000] {processor.py:925} INFO - DAG(s) 'example_xcom_args_with_operators', 'example_xcom_args' retrieved from /home/airflow/.local/lib/python3.12/site-packages/airflow/example_dags/example_xcomargs.py
[2025-12-08T08:03:21.787+0000] {logging_mixin.py:190} INFO - [2025-12-08T08:03:21.787+0000] {dag.py:3211} INFO - Sync 2 DAGs
[2025-12-08T08:03:21.805+0000] {logging_mixin.py:190} INFO - [2025-12-08T08:03:21.805+0000] {dag.py:4138} INFO - Setting next_dagrun for example_xcom_args to None, run_after=None
[2025-12-08T08:03:21.811+0000] {logging_mixin.py:190} INFO - [2025-12-08T08:03:21.811+0000] {dag.py:4138} INFO - Setting next_dagrun for example_xcom_args_with_operators to None, run_after=None
[2025-12-08T08:03:21.836+0000] {processor.py:208} INFO - Processing /home/airflow/.local/lib/python3.12/site-packages/airflow/example_dags/example_xcomargs.py took 0.140 seconds
[2025-12-08T08:03:52.482+0000] {processor.py:186} INFO - Started process (PID=4710) to work on /home/airflow/.local/lib/python3.12/site-packages/airflow/example_dags/example_xcomargs.py
[2025-12-08T08:03:52.483+0000] {processor.py:914} INFO - Processing file /home/airflow/.local/lib/python3.12/site-packages/airflow/example_dags/example_xcomargs.py for tasks to queue
[2025-12-08T08:03:52.488+0000] {logging_mixin.py:190} INFO - [2025-12-08T08:03:52.487+0000] {dagbag.py:587} INFO - Filling up the DagBag from /home/airflow/.local/lib/python3.12/site-packages/airflow/example_dags/example_xcomargs.py
[2025-12-08T08:03:52.506+0000] {processor.py:925} INFO - DAG(s) 'example_xcom_args', 'example_xcom_args_with_operators' retrieved from /home/airflow/.local/lib/python3.12/site-packages/airflow/example_dags/example_xcomargs.py
[2025-12-08T08:03:52.551+0000] {logging_mixin.py:190} INFO - [2025-12-08T08:03:52.550+0000] {dag.py:3211} INFO - Sync 2 DAGs
[2025-12-08T08:03:52.593+0000] {logging_mixin.py:190} INFO - [2025-12-08T08:03:52.592+0000] {dag.py:4138} INFO - Setting next_dagrun for example_xcom_args to None, run_after=None
[2025-12-08T08:03:52.604+0000] {logging_mixin.py:190} INFO - [2025-12-08T08:03:52.602+0000] {dag.py:4138} INFO - Setting next_dagrun for example_xcom_args_with_operators to None, run_after=None
[2025-12-08T08:03:52.670+0000] {processor.py:208} INFO - Processing /home/airflow/.local/lib/python3.12/site-packages/airflow/example_dags/example_xcomargs.py took 0.198 seconds
[2025-12-08T08:04:22.911+0000] {processor.py:186} INFO - Started process (PID=4773) to work on /home/airflow/.local/lib/python3.12/site-packages/airflow/example_dags/example_xcomargs.py
[2025-12-08T08:04:22.913+0000] {processor.py:914} INFO - Processing file /home/airflow/.local/lib/python3.12/site-packages/airflow/example_dags/example_xcomargs.py for tasks to queue
[2025-12-08T08:04:22.920+0000] {logging_mixin.py:190} INFO - [2025-12-08T08:04:22.919+0000] {dagbag.py:587} INFO - Filling up the DagBag from /home/airflow/.local/lib/python3.12/site-packages/airflow/example_dags/example_xcomargs.py
[2025-12-08T08:04:22.943+0000] {processor.py:925} INFO - DAG(s) 'example_xcom_args_with_operators', 'example_xcom_args' retrieved from /home/airflow/.local/lib/python3.12/site-packages/airflow/example_dags/example_xcomargs.py
[2025-12-08T08:04:23.009+0000] {logging_mixin.py:190} INFO - [2025-12-08T08:04:23.009+0000] {dag.py:3211} INFO - Sync 2 DAGs
[2025-12-08T08:04:23.041+0000] {logging_mixin.py:190} INFO - [2025-12-08T08:04:23.040+0000] {dag.py:4138} INFO - Setting next_dagrun for example_xcom_args to None, run_after=None
[2025-12-08T08:04:23.053+0000] {logging_mixin.py:190} INFO - [2025-12-08T08:04:23.052+0000] {dag.py:4138} INFO - Setting next_dagrun for example_xcom_args_with_operators to None, run_after=None
[2025-12-08T08:04:23.098+0000] {processor.py:208} INFO - Processing /home/airflow/.local/lib/python3.12/site-packages/airflow/example_dags/example_xcomargs.py took 0.201 seconds
[2025-12-08T08:04:53.333+0000] {processor.py:186} INFO - Started process (PID=4836) to work on /home/airflow/.local/lib/python3.12/site-packages/airflow/example_dags/example_xcomargs.py
[2025-12-08T08:04:53.335+0000] {processor.py:914} INFO - Processing file /home/airflow/.local/lib/python3.12/site-packages/airflow/example_dags/example_xcomargs.py for tasks to queue
[2025-12-08T08:04:53.342+0000] {logging_mixin.py:190} INFO - [2025-12-08T08:04:53.341+0000] {dagbag.py:587} INFO - Filling up the DagBag from /home/airflow/.local/lib/python3.12/site-packages/airflow/example_dags/example_xcomargs.py
[2025-12-08T08:04:53.360+0000] {processor.py:925} INFO - DAG(s) 'example_xcom_args', 'example_xcom_args_with_operators' retrieved from /home/airflow/.local/lib/python3.12/site-packages/airflow/example_dags/example_xcomargs.py
[2025-12-08T08:04:53.402+0000] {logging_mixin.py:190} INFO - [2025-12-08T08:04:53.402+0000] {dag.py:3211} INFO - Sync 2 DAGs
[2025-12-08T08:04:53.431+0000] {logging_mixin.py:190} INFO - [2025-12-08T08:04:53.431+0000] {dag.py:4138} INFO - Setting next_dagrun for example_xcom_args to None, run_after=None
[2025-12-08T08:04:53.437+0000] {logging_mixin.py:190} INFO - [2025-12-08T08:04:53.437+0000] {dag.py:4138} INFO - Setting next_dagrun for example_xcom_args_with_operators to None, run_after=None
[2025-12-08T08:04:53.469+0000] {processor.py:208} INFO - Processing /home/airflow/.local/lib/python3.12/site-packages/airflow/example_dags/example_xcomargs.py took 0.145 seconds
[2025-12-08T08:05:23.759+0000] {processor.py:186} INFO - Started process (PID=4899) to work on /home/airflow/.local/lib/python3.12/site-packages/airflow/example_dags/example_xcomargs.py
[2025-12-08T08:05:23.762+0000] {processor.py:914} INFO - Processing file /home/airflow/.local/lib/python3.12/site-packages/airflow/example_dags/example_xcomargs.py for tasks to queue
[2025-12-08T08:05:23.769+0000] {logging_mixin.py:190} INFO - [2025-12-08T08:05:23.769+0000] {dagbag.py:587} INFO - Filling up the DagBag from /home/airflow/.local/lib/python3.12/site-packages/airflow/example_dags/example_xcomargs.py
[2025-12-08T08:05:23.788+0000] {processor.py:925} INFO - DAG(s) 'example_xcom_args', 'example_xcom_args_with_operators' retrieved from /home/airflow/.local/lib/python3.12/site-packages/airflow/example_dags/example_xcomargs.py
[2025-12-08T08:05:23.830+0000] {logging_mixin.py:190} INFO - [2025-12-08T08:05:23.829+0000] {dag.py:3211} INFO - Sync 2 DAGs
[2025-12-08T08:05:23.847+0000] {logging_mixin.py:190} INFO - [2025-12-08T08:05:23.847+0000] {dag.py:4138} INFO - Setting next_dagrun for example_xcom_args to None, run_after=None
[2025-12-08T08:05:23.852+0000] {logging_mixin.py:190} INFO - [2025-12-08T08:05:23.852+0000] {dag.py:4138} INFO - Setting next_dagrun for example_xcom_args_with_operators to None, run_after=None
[2025-12-08T08:05:23.878+0000] {processor.py:208} INFO - Processing /home/airflow/.local/lib/python3.12/site-packages/airflow/example_dags/example_xcomargs.py took 0.137 seconds
[2025-12-08T08:05:54.433+0000] {processor.py:186} INFO - Started process (PID=4962) to work on /home/airflow/.local/lib/python3.12/site-packages/airflow/example_dags/example_xcomargs.py
[2025-12-08T08:05:54.435+0000] {processor.py:914} INFO - Processing file /home/airflow/.local/lib/python3.12/site-packages/airflow/example_dags/example_xcomargs.py for tasks to queue
[2025-12-08T08:05:54.441+0000] {logging_mixin.py:190} INFO - [2025-12-08T08:05:54.440+0000] {dagbag.py:587} INFO - Filling up the DagBag from /home/airflow/.local/lib/python3.12/site-packages/airflow/example_dags/example_xcomargs.py
[2025-12-08T08:05:54.460+0000] {processor.py:925} INFO - DAG(s) 'example_xcom_args_with_operators', 'example_xcom_args' retrieved from /home/airflow/.local/lib/python3.12/site-packages/airflow/example_dags/example_xcomargs.py
[2025-12-08T08:05:54.512+0000] {logging_mixin.py:190} INFO - [2025-12-08T08:05:54.512+0000] {dag.py:3211} INFO - Sync 2 DAGs
[2025-12-08T08:05:54.539+0000] {logging_mixin.py:190} INFO - [2025-12-08T08:05:54.539+0000] {dag.py:4138} INFO - Setting next_dagrun for example_xcom_args to None, run_after=None
[2025-12-08T08:05:54.547+0000] {logging_mixin.py:190} INFO - [2025-12-08T08:05:54.546+0000] {dag.py:4138} INFO - Setting next_dagrun for example_xcom_args_with_operators to None, run_after=None
[2025-12-08T08:05:54.577+0000] {processor.py:208} INFO - Processing /home/airflow/.local/lib/python3.12/site-packages/airflow/example_dags/example_xcomargs.py took 0.155 seconds
[2025-12-08T08:06:24.791+0000] {processor.py:186} INFO - Started process (PID=5025) to work on /home/airflow/.local/lib/python3.12/site-packages/airflow/example_dags/example_xcomargs.py
[2025-12-08T08:06:24.795+0000] {processor.py:914} INFO - Processing file /home/airflow/.local/lib/python3.12/site-packages/airflow/example_dags/example_xcomargs.py for tasks to queue
[2025-12-08T08:06:24.803+0000] {logging_mixin.py:190} INFO - [2025-12-08T08:06:24.801+0000] {dagbag.py:587} INFO - Filling up the DagBag from /home/airflow/.local/lib/python3.12/site-packages/airflow/example_dags/example_xcomargs.py
[2025-12-08T08:06:24.836+0000] {processor.py:925} INFO - DAG(s) 'example_xcom_args', 'example_xcom_args_with_operators' retrieved from /home/airflow/.local/lib/python3.12/site-packages/airflow/example_dags/example_xcomargs.py
[2025-12-08T08:06:24.926+0000] {logging_mixin.py:190} INFO - [2025-12-08T08:06:24.925+0000] {dag.py:3211} INFO - Sync 2 DAGs
[2025-12-08T08:06:24.984+0000] {logging_mixin.py:190} INFO - [2025-12-08T08:06:24.983+0000] {dag.py:4138} INFO - Setting next_dagrun for example_xcom_args to None, run_after=None
[2025-12-08T08:06:24.997+0000] {logging_mixin.py:190} INFO - [2025-12-08T08:06:24.996+0000] {dag.py:4138} INFO - Setting next_dagrun for example_xcom_args_with_operators to None, run_after=None
[2025-12-08T08:06:25.051+0000] {processor.py:208} INFO - Processing /home/airflow/.local/lib/python3.12/site-packages/airflow/example_dags/example_xcomargs.py took 0.291 seconds
[2025-12-08T08:06:55.195+0000] {processor.py:186} INFO - Started process (PID=5094) to work on /home/airflow/.local/lib/python3.12/site-packages/airflow/example_dags/example_xcomargs.py
[2025-12-08T08:06:55.198+0000] {processor.py:914} INFO - Processing file /home/airflow/.local/lib/python3.12/site-packages/airflow/example_dags/example_xcomargs.py for tasks to queue
[2025-12-08T08:06:55.204+0000] {logging_mixin.py:190} INFO - [2025-12-08T08:06:55.203+0000] {dagbag.py:587} INFO - Filling up the DagBag from /home/airflow/.local/lib/python3.12/site-packages/airflow/example_dags/example_xcomargs.py
[2025-12-08T08:06:55.221+0000] {processor.py:925} INFO - DAG(s) 'example_xcom_args_with_operators', 'example_xcom_args' retrieved from /home/airflow/.local/lib/python3.12/site-packages/airflow/example_dags/example_xcomargs.py
[2025-12-08T08:06:55.269+0000] {logging_mixin.py:190} INFO - [2025-12-08T08:06:55.268+0000] {dag.py:3211} INFO - Sync 2 DAGs
[2025-12-08T08:06:55.293+0000] {logging_mixin.py:190} INFO - [2025-12-08T08:06:55.292+0000] {dag.py:4138} INFO - Setting next_dagrun for example_xcom_args to None, run_after=None
[2025-12-08T08:06:55.300+0000] {logging_mixin.py:190} INFO - [2025-12-08T08:06:55.299+0000] {dag.py:4138} INFO - Setting next_dagrun for example_xcom_args_with_operators to None, run_after=None
[2025-12-08T08:06:55.334+0000] {processor.py:208} INFO - Processing /home/airflow/.local/lib/python3.12/site-packages/airflow/example_dags/example_xcomargs.py took 0.150 seconds
[2025-12-08T08:07:25.701+0000] {processor.py:186} INFO - Started process (PID=5156) to work on /home/airflow/.local/lib/python3.12/site-packages/airflow/example_dags/example_xcomargs.py
[2025-12-08T08:07:25.702+0000] {processor.py:914} INFO - Processing file /home/airflow/.local/lib/python3.12/site-packages/airflow/example_dags/example_xcomargs.py for tasks to queue
[2025-12-08T08:07:25.707+0000] {logging_mixin.py:190} INFO - [2025-12-08T08:07:25.707+0000] {dagbag.py:587} INFO - Filling up the DagBag from /home/airflow/.local/lib/python3.12/site-packages/airflow/example_dags/example_xcomargs.py
[2025-12-08T08:07:25.727+0000] {processor.py:925} INFO - DAG(s) 'example_xcom_args_with_operators', 'example_xcom_args' retrieved from /home/airflow/.local/lib/python3.12/site-packages/airflow/example_dags/example_xcomargs.py
[2025-12-08T08:07:25.771+0000] {logging_mixin.py:190} INFO - [2025-12-08T08:07:25.771+0000] {dag.py:3211} INFO - Sync 2 DAGs
[2025-12-08T08:07:25.797+0000] {logging_mixin.py:190} INFO - [2025-12-08T08:07:25.797+0000] {dag.py:4138} INFO - Setting next_dagrun for example_xcom_args to None, run_after=None
[2025-12-08T08:07:25.805+0000] {logging_mixin.py:190} INFO - [2025-12-08T08:07:25.804+0000] {dag.py:4138} INFO - Setting next_dagrun for example_xcom_args_with_operators to None, run_after=None
[2025-12-08T08:07:25.842+0000] {processor.py:208} INFO - Processing /home/airflow/.local/lib/python3.12/site-packages/airflow/example_dags/example_xcomargs.py took 0.156 seconds
[2025-12-08T08:07:56.190+0000] {processor.py:186} INFO - Started process (PID=5220) to work on /home/airflow/.local/lib/python3.12/site-packages/airflow/example_dags/example_xcomargs.py
[2025-12-08T08:07:56.193+0000] {processor.py:914} INFO - Processing file /home/airflow/.local/lib/python3.12/site-packages/airflow/example_dags/example_xcomargs.py for tasks to queue
[2025-12-08T08:07:56.201+0000] {logging_mixin.py:190} INFO - [2025-12-08T08:07:56.201+0000] {dagbag.py:587} INFO - Filling up the DagBag from /home/airflow/.local/lib/python3.12/site-packages/airflow/example_dags/example_xcomargs.py
[2025-12-08T08:07:56.218+0000] {processor.py:925} INFO - DAG(s) 'example_xcom_args', 'example_xcom_args_with_operators' retrieved from /home/airflow/.local/lib/python3.12/site-packages/airflow/example_dags/example_xcomargs.py
[2025-12-08T08:07:56.251+0000] {logging_mixin.py:190} INFO - [2025-12-08T08:07:56.250+0000] {dag.py:3211} INFO - Sync 2 DAGs
[2025-12-08T08:07:56.272+0000] {logging_mixin.py:190} INFO - [2025-12-08T08:07:56.271+0000] {dag.py:4138} INFO - Setting next_dagrun for example_xcom_args to None, run_after=None
[2025-12-08T08:07:56.277+0000] {logging_mixin.py:190} INFO - [2025-12-08T08:07:56.277+0000] {dag.py:4138} INFO - Setting next_dagrun for example_xcom_args_with_operators to None, run_after=None
[2025-12-08T08:07:56.302+0000] {processor.py:208} INFO - Processing /home/airflow/.local/lib/python3.12/site-packages/airflow/example_dags/example_xcomargs.py took 0.130 seconds
[2025-12-08T08:08:26.444+0000] {processor.py:186} INFO - Started process (PID=5283) to work on /home/airflow/.local/lib/python3.12/site-packages/airflow/example_dags/example_xcomargs.py
[2025-12-08T08:08:26.446+0000] {processor.py:914} INFO - Processing file /home/airflow/.local/lib/python3.12/site-packages/airflow/example_dags/example_xcomargs.py for tasks to queue
[2025-12-08T08:08:26.453+0000] {logging_mixin.py:190} INFO - [2025-12-08T08:08:26.452+0000] {dagbag.py:587} INFO - Filling up the DagBag from /home/airflow/.local/lib/python3.12/site-packages/airflow/example_dags/example_xcomargs.py
[2025-12-08T08:08:26.473+0000] {processor.py:925} INFO - DAG(s) 'example_xcom_args_with_operators', 'example_xcom_args' retrieved from /home/airflow/.local/lib/python3.12/site-packages/airflow/example_dags/example_xcomargs.py
[2025-12-08T08:08:26.519+0000] {logging_mixin.py:190} INFO - [2025-12-08T08:08:26.518+0000] {dag.py:3211} INFO - Sync 2 DAGs
[2025-12-08T08:08:26.542+0000] {logging_mixin.py:190} INFO - [2025-12-08T08:08:26.542+0000] {dag.py:4138} INFO - Setting next_dagrun for example_xcom_args to None, run_after=None
[2025-12-08T08:08:26.550+0000] {logging_mixin.py:190} INFO - [2025-12-08T08:08:26.550+0000] {dag.py:4138} INFO - Setting next_dagrun for example_xcom_args_with_operators to None, run_after=None
[2025-12-08T08:08:26.583+0000] {processor.py:208} INFO - Processing /home/airflow/.local/lib/python3.12/site-packages/airflow/example_dags/example_xcomargs.py took 0.147 seconds
[2025-12-08T08:08:57.415+0000] {processor.py:186} INFO - Started process (PID=5346) to work on /home/airflow/.local/lib/python3.12/site-packages/airflow/example_dags/example_xcomargs.py
[2025-12-08T08:08:57.417+0000] {processor.py:914} INFO - Processing file /home/airflow/.local/lib/python3.12/site-packages/airflow/example_dags/example_xcomargs.py for tasks to queue
[2025-12-08T08:08:57.421+0000] {logging_mixin.py:190} INFO - [2025-12-08T08:08:57.421+0000] {dagbag.py:587} INFO - Filling up the DagBag from /home/airflow/.local/lib/python3.12/site-packages/airflow/example_dags/example_xcomargs.py
[2025-12-08T08:08:57.436+0000] {processor.py:925} INFO - DAG(s) 'example_xcom_args_with_operators', 'example_xcom_args' retrieved from /home/airflow/.local/lib/python3.12/site-packages/airflow/example_dags/example_xcomargs.py
[2025-12-08T08:08:57.476+0000] {logging_mixin.py:190} INFO - [2025-12-08T08:08:57.476+0000] {dag.py:3211} INFO - Sync 2 DAGs
[2025-12-08T08:08:57.494+0000] {logging_mixin.py:190} INFO - [2025-12-08T08:08:57.494+0000] {dag.py:4138} INFO - Setting next_dagrun for example_xcom_args to None, run_after=None
[2025-12-08T08:08:57.501+0000] {logging_mixin.py:190} INFO - [2025-12-08T08:08:57.501+0000] {dag.py:4138} INFO - Setting next_dagrun for example_xcom_args_with_operators to None, run_after=None
[2025-12-08T08:08:57.525+0000] {processor.py:208} INFO - Processing /home/airflow/.local/lib/python3.12/site-packages/airflow/example_dags/example_xcomargs.py took 0.116 seconds
[2025-12-08T08:09:28.171+0000] {processor.py:186} INFO - Started process (PID=5409) to work on /home/airflow/.local/lib/python3.12/site-packages/airflow/example_dags/example_xcomargs.py
[2025-12-08T08:09:28.173+0000] {processor.py:914} INFO - Processing file /home/airflow/.local/lib/python3.12/site-packages/airflow/example_dags/example_xcomargs.py for tasks to queue
[2025-12-08T08:09:28.177+0000] {logging_mixin.py:190} INFO - [2025-12-08T08:09:28.177+0000] {dagbag.py:587} INFO - Filling up the DagBag from /home/airflow/.local/lib/python3.12/site-packages/airflow/example_dags/example_xcomargs.py
[2025-12-08T08:09:28.203+0000] {processor.py:925} INFO - DAG(s) 'example_xcom_args', 'example_xcom_args_with_operators' retrieved from /home/airflow/.local/lib/python3.12/site-packages/airflow/example_dags/example_xcomargs.py
[2025-12-08T08:09:28.249+0000] {logging_mixin.py:190} INFO - [2025-12-08T08:09:28.249+0000] {dag.py:3211} INFO - Sync 2 DAGs
[2025-12-08T08:09:28.272+0000] {logging_mixin.py:190} INFO - [2025-12-08T08:09:28.272+0000] {dag.py:4138} INFO - Setting next_dagrun for example_xcom_args to None, run_after=None
[2025-12-08T08:09:28.278+0000] {logging_mixin.py:190} INFO - [2025-12-08T08:09:28.278+0000] {dag.py:4138} INFO - Setting next_dagrun for example_xcom_args_with_operators to None, run_after=None
[2025-12-08T08:09:28.313+0000] {processor.py:208} INFO - Processing /home/airflow/.local/lib/python3.12/site-packages/airflow/example_dags/example_xcomargs.py took 0.154 seconds
[2025-12-08T08:09:58.420+0000] {processor.py:186} INFO - Started process (PID=5472) to work on /home/airflow/.local/lib/python3.12/site-packages/airflow/example_dags/example_xcomargs.py
[2025-12-08T08:09:58.422+0000] {processor.py:914} INFO - Processing file /home/airflow/.local/lib/python3.12/site-packages/airflow/example_dags/example_xcomargs.py for tasks to queue
[2025-12-08T08:09:58.428+0000] {logging_mixin.py:190} INFO - [2025-12-08T08:09:58.428+0000] {dagbag.py:587} INFO - Filling up the DagBag from /home/airflow/.local/lib/python3.12/site-packages/airflow/example_dags/example_xcomargs.py
[2025-12-08T08:09:58.443+0000] {processor.py:925} INFO - DAG(s) 'example_xcom_args', 'example_xcom_args_with_operators' retrieved from /home/airflow/.local/lib/python3.12/site-packages/airflow/example_dags/example_xcomargs.py
[2025-12-08T08:09:58.483+0000] {logging_mixin.py:190} INFO - [2025-12-08T08:09:58.483+0000] {dag.py:3211} INFO - Sync 2 DAGs
[2025-12-08T08:09:58.504+0000] {logging_mixin.py:190} INFO - [2025-12-08T08:09:58.503+0000] {dag.py:4138} INFO - Setting next_dagrun for example_xcom_args to None, run_after=None
[2025-12-08T08:09:58.515+0000] {logging_mixin.py:190} INFO - [2025-12-08T08:09:58.515+0000] {dag.py:4138} INFO - Setting next_dagrun for example_xcom_args_with_operators to None, run_after=None
[2025-12-08T08:09:58.551+0000] {processor.py:208} INFO - Processing /home/airflow/.local/lib/python3.12/site-packages/airflow/example_dags/example_xcomargs.py took 0.139 seconds
[2025-12-08T08:10:28.769+0000] {processor.py:186} INFO - Started process (PID=5535) to work on /home/airflow/.local/lib/python3.12/site-packages/airflow/example_dags/example_xcomargs.py
[2025-12-08T08:10:28.770+0000] {processor.py:914} INFO - Processing file /home/airflow/.local/lib/python3.12/site-packages/airflow/example_dags/example_xcomargs.py for tasks to queue
[2025-12-08T08:10:28.774+0000] {logging_mixin.py:190} INFO - [2025-12-08T08:10:28.774+0000] {dagbag.py:587} INFO - Filling up the DagBag from /home/airflow/.local/lib/python3.12/site-packages/airflow/example_dags/example_xcomargs.py
[2025-12-08T08:10:28.794+0000] {processor.py:925} INFO - DAG(s) 'example_xcom_args_with_operators', 'example_xcom_args' retrieved from /home/airflow/.local/lib/python3.12/site-packages/airflow/example_dags/example_xcomargs.py
[2025-12-08T08:10:28.833+0000] {logging_mixin.py:190} INFO - [2025-12-08T08:10:28.833+0000] {dag.py:3211} INFO - Sync 2 DAGs
[2025-12-08T08:10:28.854+0000] {logging_mixin.py:190} INFO - [2025-12-08T08:10:28.854+0000] {dag.py:4138} INFO - Setting next_dagrun for example_xcom_args to None, run_after=None
[2025-12-08T08:10:28.860+0000] {logging_mixin.py:190} INFO - [2025-12-08T08:10:28.860+0000] {dag.py:4138} INFO - Setting next_dagrun for example_xcom_args_with_operators to None, run_after=None
[2025-12-08T08:10:28.885+0000] {processor.py:208} INFO - Processing /home/airflow/.local/lib/python3.12/site-packages/airflow/example_dags/example_xcomargs.py took 0.124 seconds
[2025-12-08T08:10:59.795+0000] {processor.py:186} INFO - Started process (PID=5598) to work on /home/airflow/.local/lib/python3.12/site-packages/airflow/example_dags/example_xcomargs.py
[2025-12-08T08:10:59.797+0000] {processor.py:914} INFO - Processing file /home/airflow/.local/lib/python3.12/site-packages/airflow/example_dags/example_xcomargs.py for tasks to queue
[2025-12-08T08:10:59.802+0000] {logging_mixin.py:190} INFO - [2025-12-08T08:10:59.801+0000] {dagbag.py:587} INFO - Filling up the DagBag from /home/airflow/.local/lib/python3.12/site-packages/airflow/example_dags/example_xcomargs.py
[2025-12-08T08:10:59.817+0000] {processor.py:925} INFO - DAG(s) 'example_xcom_args', 'example_xcom_args_with_operators' retrieved from /home/airflow/.local/lib/python3.12/site-packages/airflow/example_dags/example_xcomargs.py
[2025-12-08T08:10:59.847+0000] {logging_mixin.py:190} INFO - [2025-12-08T08:10:59.847+0000] {dag.py:3211} INFO - Sync 2 DAGs
[2025-12-08T08:10:59.866+0000] {logging_mixin.py:190} INFO - [2025-12-08T08:10:59.866+0000] {dag.py:4138} INFO - Setting next_dagrun for example_xcom_args to None, run_after=None
[2025-12-08T08:10:59.872+0000] {logging_mixin.py:190} INFO - [2025-12-08T08:10:59.871+0000] {dag.py:4138} INFO - Setting next_dagrun for example_xcom_args_with_operators to None, run_after=None
[2025-12-08T08:10:59.900+0000] {processor.py:208} INFO - Processing /home/airflow/.local/lib/python3.12/site-packages/airflow/example_dags/example_xcomargs.py took 0.112 seconds
[2025-12-08T08:11:30.100+0000] {processor.py:186} INFO - Started process (PID=5661) to work on /home/airflow/.local/lib/python3.12/site-packages/airflow/example_dags/example_xcomargs.py
[2025-12-08T08:11:30.102+0000] {processor.py:914} INFO - Processing file /home/airflow/.local/lib/python3.12/site-packages/airflow/example_dags/example_xcomargs.py for tasks to queue
[2025-12-08T08:11:30.107+0000] {logging_mixin.py:190} INFO - [2025-12-08T08:11:30.106+0000] {dagbag.py:587} INFO - Filling up the DagBag from /home/airflow/.local/lib/python3.12/site-packages/airflow/example_dags/example_xcomargs.py
[2025-12-08T08:11:30.121+0000] {processor.py:925} INFO - DAG(s) 'example_xcom_args_with_operators', 'example_xcom_args' retrieved from /home/airflow/.local/lib/python3.12/site-packages/airflow/example_dags/example_xcomargs.py
[2025-12-08T08:11:30.151+0000] {logging_mixin.py:190} INFO - [2025-12-08T08:11:30.151+0000] {dag.py:3211} INFO - Sync 2 DAGs
[2025-12-08T08:11:30.169+0000] {logging_mixin.py:190} INFO - [2025-12-08T08:11:30.169+0000] {dag.py:4138} INFO - Setting next_dagrun for example_xcom_args to None, run_after=None
[2025-12-08T08:11:30.177+0000] {logging_mixin.py:190} INFO - [2025-12-08T08:11:30.177+0000] {dag.py:4138} INFO - Setting next_dagrun for example_xcom_args_with_operators to None, run_after=None
[2025-12-08T08:11:30.199+0000] {processor.py:208} INFO - Processing /home/airflow/.local/lib/python3.12/site-packages/airflow/example_dags/example_xcomargs.py took 0.106 seconds
[2025-12-08T08:12:00.942+0000] {processor.py:186} INFO - Started process (PID=5724) to work on /home/airflow/.local/lib/python3.12/site-packages/airflow/example_dags/example_xcomargs.py
[2025-12-08T08:12:00.944+0000] {processor.py:914} INFO - Processing file /home/airflow/.local/lib/python3.12/site-packages/airflow/example_dags/example_xcomargs.py for tasks to queue
[2025-12-08T08:12:00.948+0000] {logging_mixin.py:190} INFO - [2025-12-08T08:12:00.947+0000] {dagbag.py:587} INFO - Filling up the DagBag from /home/airflow/.local/lib/python3.12/site-packages/airflow/example_dags/example_xcomargs.py
[2025-12-08T08:12:00.968+0000] {processor.py:925} INFO - DAG(s) 'example_xcom_args', 'example_xcom_args_with_operators' retrieved from /home/airflow/.local/lib/python3.12/site-packages/airflow/example_dags/example_xcomargs.py
[2025-12-08T08:12:01.005+0000] {logging_mixin.py:190} INFO - [2025-12-08T08:12:01.004+0000] {dag.py:3211} INFO - Sync 2 DAGs
[2025-12-08T08:12:01.028+0000] {logging_mixin.py:190} INFO - [2025-12-08T08:12:01.027+0000] {dag.py:4138} INFO - Setting next_dagrun for example_xcom_args to None, run_after=None
[2025-12-08T08:12:01.034+0000] {logging_mixin.py:190} INFO - [2025-12-08T08:12:01.034+0000] {dag.py:4138} INFO - Setting next_dagrun for example_xcom_args_with_operators to None, run_after=None
[2025-12-08T08:12:01.061+0000] {processor.py:208} INFO - Processing /home/airflow/.local/lib/python3.12/site-packages/airflow/example_dags/example_xcomargs.py took 0.128 seconds
[2025-12-08T08:12:33.165+0000] {processor.py:186} INFO - Started process (PID=5787) to work on /home/airflow/.local/lib/python3.12/site-packages/airflow/example_dags/example_xcomargs.py
[2025-12-08T08:12:33.172+0000] {processor.py:914} INFO - Processing file /home/airflow/.local/lib/python3.12/site-packages/airflow/example_dags/example_xcomargs.py for tasks to queue
[2025-12-08T08:12:33.181+0000] {logging_mixin.py:190} INFO - [2025-12-08T08:12:33.180+0000] {dagbag.py:587} INFO - Filling up the DagBag from /home/airflow/.local/lib/python3.12/site-packages/airflow/example_dags/example_xcomargs.py
[2025-12-08T08:12:33.249+0000] {processor.py:925} INFO - DAG(s) 'example_xcom_args_with_operators', 'example_xcom_args' retrieved from /home/airflow/.local/lib/python3.12/site-packages/airflow/example_dags/example_xcomargs.py
[2025-12-08T08:12:33.355+0000] {logging_mixin.py:190} INFO - [2025-12-08T08:12:33.353+0000] {dag.py:3211} INFO - Sync 2 DAGs
[2025-12-08T08:12:33.408+0000] {logging_mixin.py:190} INFO - [2025-12-08T08:12:33.408+0000] {dag.py:4138} INFO - Setting next_dagrun for example_xcom_args to None, run_after=None
[2025-12-08T08:12:33.428+0000] {logging_mixin.py:190} INFO - [2025-12-08T08:12:33.427+0000] {dag.py:4138} INFO - Setting next_dagrun for example_xcom_args_with_operators to None, run_after=None
[2025-12-08T08:12:33.492+0000] {processor.py:208} INFO - Processing /home/airflow/.local/lib/python3.12/site-packages/airflow/example_dags/example_xcomargs.py took 0.358 seconds
[2025-12-08T08:13:04.046+0000] {processor.py:186} INFO - Started process (PID=5851) to work on /home/airflow/.local/lib/python3.12/site-packages/airflow/example_dags/example_xcomargs.py
[2025-12-08T08:13:04.049+0000] {processor.py:914} INFO - Processing file /home/airflow/.local/lib/python3.12/site-packages/airflow/example_dags/example_xcomargs.py for tasks to queue
[2025-12-08T08:13:04.060+0000] {logging_mixin.py:190} INFO - [2025-12-08T08:13:04.059+0000] {dagbag.py:587} INFO - Filling up the DagBag from /home/airflow/.local/lib/python3.12/site-packages/airflow/example_dags/example_xcomargs.py
[2025-12-08T08:13:04.096+0000] {processor.py:925} INFO - DAG(s) 'example_xcom_args_with_operators', 'example_xcom_args' retrieved from /home/airflow/.local/lib/python3.12/site-packages/airflow/example_dags/example_xcomargs.py
[2025-12-08T08:13:04.169+0000] {logging_mixin.py:190} INFO - [2025-12-08T08:13:04.167+0000] {dag.py:3211} INFO - Sync 2 DAGs
[2025-12-08T08:13:04.204+0000] {logging_mixin.py:190} INFO - [2025-12-08T08:13:04.203+0000] {dag.py:4138} INFO - Setting next_dagrun for example_xcom_args to None, run_after=None
[2025-12-08T08:13:04.214+0000] {logging_mixin.py:190} INFO - [2025-12-08T08:13:04.213+0000] {dag.py:4138} INFO - Setting next_dagrun for example_xcom_args_with_operators to None, run_after=None
[2025-12-08T08:13:04.264+0000] {processor.py:208} INFO - Processing /home/airflow/.local/lib/python3.12/site-packages/airflow/example_dags/example_xcomargs.py took 0.235 seconds
[2025-12-08T08:13:34.974+0000] {processor.py:186} INFO - Started process (PID=5914) to work on /home/airflow/.local/lib/python3.12/site-packages/airflow/example_dags/example_xcomargs.py
[2025-12-08T08:13:34.975+0000] {processor.py:914} INFO - Processing file /home/airflow/.local/lib/python3.12/site-packages/airflow/example_dags/example_xcomargs.py for tasks to queue
[2025-12-08T08:13:34.979+0000] {logging_mixin.py:190} INFO - [2025-12-08T08:13:34.979+0000] {dagbag.py:587} INFO - Filling up the DagBag from /home/airflow/.local/lib/python3.12/site-packages/airflow/example_dags/example_xcomargs.py
[2025-12-08T08:13:34.994+0000] {processor.py:925} INFO - DAG(s) 'example_xcom_args_with_operators', 'example_xcom_args' retrieved from /home/airflow/.local/lib/python3.12/site-packages/airflow/example_dags/example_xcomargs.py
[2025-12-08T08:13:35.025+0000] {logging_mixin.py:190} INFO - [2025-12-08T08:13:35.025+0000] {dag.py:3211} INFO - Sync 2 DAGs
[2025-12-08T08:13:35.043+0000] {logging_mixin.py:190} INFO - [2025-12-08T08:13:35.042+0000] {dag.py:4138} INFO - Setting next_dagrun for example_xcom_args to None, run_after=None
[2025-12-08T08:13:35.049+0000] {logging_mixin.py:190} INFO - [2025-12-08T08:13:35.048+0000] {dag.py:4138} INFO - Setting next_dagrun for example_xcom_args_with_operators to None, run_after=None
[2025-12-08T08:13:35.077+0000] {processor.py:208} INFO - Processing /home/airflow/.local/lib/python3.12/site-packages/airflow/example_dags/example_xcomargs.py took 0.112 seconds
[2025-12-08T08:14:05.848+0000] {processor.py:186} INFO - Started process (PID=5977) to work on /home/airflow/.local/lib/python3.12/site-packages/airflow/example_dags/example_xcomargs.py
[2025-12-08T08:14:05.850+0000] {processor.py:914} INFO - Processing file /home/airflow/.local/lib/python3.12/site-packages/airflow/example_dags/example_xcomargs.py for tasks to queue
[2025-12-08T08:14:05.855+0000] {logging_mixin.py:190} INFO - [2025-12-08T08:14:05.854+0000] {dagbag.py:587} INFO - Filling up the DagBag from /home/airflow/.local/lib/python3.12/site-packages/airflow/example_dags/example_xcomargs.py
[2025-12-08T08:14:05.867+0000] {processor.py:925} INFO - DAG(s) 'example_xcom_args_with_operators', 'example_xcom_args' retrieved from /home/airflow/.local/lib/python3.12/site-packages/airflow/example_dags/example_xcomargs.py
[2025-12-08T08:14:05.895+0000] {logging_mixin.py:190} INFO - [2025-12-08T08:14:05.895+0000] {dag.py:3211} INFO - Sync 2 DAGs
[2025-12-08T08:14:05.910+0000] {logging_mixin.py:190} INFO - [2025-12-08T08:14:05.910+0000] {dag.py:4138} INFO - Setting next_dagrun for example_xcom_args to None, run_after=None
[2025-12-08T08:14:05.915+0000] {logging_mixin.py:190} INFO - [2025-12-08T08:14:05.915+0000] {dag.py:4138} INFO - Setting next_dagrun for example_xcom_args_with_operators to None, run_after=None
[2025-12-08T08:14:05.931+0000] {processor.py:208} INFO - Processing /home/airflow/.local/lib/python3.12/site-packages/airflow/example_dags/example_xcomargs.py took 0.093 seconds
[2025-12-08T08:14:36.344+0000] {processor.py:186} INFO - Started process (PID=6040) to work on /home/airflow/.local/lib/python3.12/site-packages/airflow/example_dags/example_xcomargs.py
[2025-12-08T08:14:36.346+0000] {processor.py:914} INFO - Processing file /home/airflow/.local/lib/python3.12/site-packages/airflow/example_dags/example_xcomargs.py for tasks to queue
[2025-12-08T08:14:36.350+0000] {logging_mixin.py:190} INFO - [2025-12-08T08:14:36.349+0000] {dagbag.py:587} INFO - Filling up the DagBag from /home/airflow/.local/lib/python3.12/site-packages/airflow/example_dags/example_xcomargs.py
[2025-12-08T08:14:36.360+0000] {processor.py:925} INFO - DAG(s) 'example_xcom_args_with_operators', 'example_xcom_args' retrieved from /home/airflow/.local/lib/python3.12/site-packages/airflow/example_dags/example_xcomargs.py
[2025-12-08T08:14:36.390+0000] {logging_mixin.py:190} INFO - [2025-12-08T08:14:36.390+0000] {dag.py:3211} INFO - Sync 2 DAGs
[2025-12-08T08:14:36.407+0000] {logging_mixin.py:190} INFO - [2025-12-08T08:14:36.406+0000] {dag.py:4138} INFO - Setting next_dagrun for example_xcom_args to None, run_after=None
[2025-12-08T08:14:36.412+0000] {logging_mixin.py:190} INFO - [2025-12-08T08:14:36.412+0000] {dag.py:4138} INFO - Setting next_dagrun for example_xcom_args_with_operators to None, run_after=None
[2025-12-08T08:14:36.432+0000] {processor.py:208} INFO - Processing /home/airflow/.local/lib/python3.12/site-packages/airflow/example_dags/example_xcomargs.py took 0.094 seconds
[2025-12-08T08:15:07.184+0000] {processor.py:186} INFO - Started process (PID=6104) to work on /home/airflow/.local/lib/python3.12/site-packages/airflow/example_dags/example_xcomargs.py
[2025-12-08T08:15:07.186+0000] {processor.py:914} INFO - Processing file /home/airflow/.local/lib/python3.12/site-packages/airflow/example_dags/example_xcomargs.py for tasks to queue
[2025-12-08T08:15:07.189+0000] {logging_mixin.py:190} INFO - [2025-12-08T08:15:07.189+0000] {dagbag.py:587} INFO - Filling up the DagBag from /home/airflow/.local/lib/python3.12/site-packages/airflow/example_dags/example_xcomargs.py
[2025-12-08T08:15:07.200+0000] {processor.py:925} INFO - DAG(s) 'example_xcom_args_with_operators', 'example_xcom_args' retrieved from /home/airflow/.local/lib/python3.12/site-packages/airflow/example_dags/example_xcomargs.py
[2025-12-08T08:15:07.227+0000] {logging_mixin.py:190} INFO - [2025-12-08T08:15:07.227+0000] {dag.py:3211} INFO - Sync 2 DAGs
[2025-12-08T08:15:07.243+0000] {logging_mixin.py:190} INFO - [2025-12-08T08:15:07.243+0000] {dag.py:4138} INFO - Setting next_dagrun for example_xcom_args to None, run_after=None
[2025-12-08T08:15:07.248+0000] {logging_mixin.py:190} INFO - [2025-12-08T08:15:07.247+0000] {dag.py:4138} INFO - Setting next_dagrun for example_xcom_args_with_operators to None, run_after=None
[2025-12-08T08:15:07.269+0000] {processor.py:208} INFO - Processing /home/airflow/.local/lib/python3.12/site-packages/airflow/example_dags/example_xcomargs.py took 0.091 seconds
[2025-12-08T08:15:37.999+0000] {processor.py:186} INFO - Started process (PID=6173) to work on /home/airflow/.local/lib/python3.12/site-packages/airflow/example_dags/example_xcomargs.py
[2025-12-08T08:15:38.001+0000] {processor.py:914} INFO - Processing file /home/airflow/.local/lib/python3.12/site-packages/airflow/example_dags/example_xcomargs.py for tasks to queue
[2025-12-08T08:15:38.006+0000] {logging_mixin.py:190} INFO - [2025-12-08T08:15:38.005+0000] {dagbag.py:587} INFO - Filling up the DagBag from /home/airflow/.local/lib/python3.12/site-packages/airflow/example_dags/example_xcomargs.py
[2025-12-08T08:15:38.018+0000] {processor.py:925} INFO - DAG(s) 'example_xcom_args', 'example_xcom_args_with_operators' retrieved from /home/airflow/.local/lib/python3.12/site-packages/airflow/example_dags/example_xcomargs.py
[2025-12-08T08:15:38.047+0000] {logging_mixin.py:190} INFO - [2025-12-08T08:15:38.046+0000] {dag.py:3211} INFO - Sync 2 DAGs
[2025-12-08T08:15:38.061+0000] {logging_mixin.py:190} INFO - [2025-12-08T08:15:38.061+0000] {dag.py:4138} INFO - Setting next_dagrun for example_xcom_args to None, run_after=None
[2025-12-08T08:15:38.066+0000] {logging_mixin.py:190} INFO - [2025-12-08T08:15:38.066+0000] {dag.py:4138} INFO - Setting next_dagrun for example_xcom_args_with_operators to None, run_after=None
[2025-12-08T08:15:38.084+0000] {processor.py:208} INFO - Processing /home/airflow/.local/lib/python3.12/site-packages/airflow/example_dags/example_xcomargs.py took 0.095 seconds
[2025-12-08T08:16:08.425+0000] {processor.py:186} INFO - Started process (PID=6236) to work on /home/airflow/.local/lib/python3.12/site-packages/airflow/example_dags/example_xcomargs.py
[2025-12-08T08:16:08.427+0000] {processor.py:914} INFO - Processing file /home/airflow/.local/lib/python3.12/site-packages/airflow/example_dags/example_xcomargs.py for tasks to queue
[2025-12-08T08:16:08.430+0000] {logging_mixin.py:190} INFO - [2025-12-08T08:16:08.430+0000] {dagbag.py:587} INFO - Filling up the DagBag from /home/airflow/.local/lib/python3.12/site-packages/airflow/example_dags/example_xcomargs.py
[2025-12-08T08:16:08.441+0000] {processor.py:925} INFO - DAG(s) 'example_xcom_args', 'example_xcom_args_with_operators' retrieved from /home/airflow/.local/lib/python3.12/site-packages/airflow/example_dags/example_xcomargs.py
[2025-12-08T08:16:08.473+0000] {logging_mixin.py:190} INFO - [2025-12-08T08:16:08.473+0000] {dag.py:3211} INFO - Sync 2 DAGs
[2025-12-08T08:16:08.488+0000] {logging_mixin.py:190} INFO - [2025-12-08T08:16:08.487+0000] {dag.py:4138} INFO - Setting next_dagrun for example_xcom_args to None, run_after=None
[2025-12-08T08:16:08.492+0000] {logging_mixin.py:190} INFO - [2025-12-08T08:16:08.492+0000] {dag.py:4138} INFO - Setting next_dagrun for example_xcom_args_with_operators to None, run_after=None
[2025-12-08T08:16:08.514+0000] {processor.py:208} INFO - Processing /home/airflow/.local/lib/python3.12/site-packages/airflow/example_dags/example_xcomargs.py took 0.095 seconds
[2025-12-08T08:16:38.826+0000] {processor.py:186} INFO - Started process (PID=6299) to work on /home/airflow/.local/lib/python3.12/site-packages/airflow/example_dags/example_xcomargs.py
[2025-12-08T08:16:38.828+0000] {processor.py:914} INFO - Processing file /home/airflow/.local/lib/python3.12/site-packages/airflow/example_dags/example_xcomargs.py for tasks to queue
[2025-12-08T08:16:38.832+0000] {logging_mixin.py:190} INFO - [2025-12-08T08:16:38.831+0000] {dagbag.py:587} INFO - Filling up the DagBag from /home/airflow/.local/lib/python3.12/site-packages/airflow/example_dags/example_xcomargs.py
[2025-12-08T08:16:38.844+0000] {processor.py:925} INFO - DAG(s) 'example_xcom_args', 'example_xcom_args_with_operators' retrieved from /home/airflow/.local/lib/python3.12/site-packages/airflow/example_dags/example_xcomargs.py
[2025-12-08T08:16:38.872+0000] {logging_mixin.py:190} INFO - [2025-12-08T08:16:38.872+0000] {dag.py:3211} INFO - Sync 2 DAGs
[2025-12-08T08:16:38.887+0000] {logging_mixin.py:190} INFO - [2025-12-08T08:16:38.887+0000] {dag.py:4138} INFO - Setting next_dagrun for example_xcom_args to None, run_after=None
[2025-12-08T08:16:38.893+0000] {logging_mixin.py:190} INFO - [2025-12-08T08:16:38.893+0000] {dag.py:4138} INFO - Setting next_dagrun for example_xcom_args_with_operators to None, run_after=None
[2025-12-08T08:16:38.915+0000] {processor.py:208} INFO - Processing /home/airflow/.local/lib/python3.12/site-packages/airflow/example_dags/example_xcomargs.py took 0.099 seconds
[2025-12-08T08:17:09.192+0000] {processor.py:186} INFO - Started process (PID=6362) to work on /home/airflow/.local/lib/python3.12/site-packages/airflow/example_dags/example_xcomargs.py
[2025-12-08T08:17:09.194+0000] {processor.py:914} INFO - Processing file /home/airflow/.local/lib/python3.12/site-packages/airflow/example_dags/example_xcomargs.py for tasks to queue
[2025-12-08T08:17:09.198+0000] {logging_mixin.py:190} INFO - [2025-12-08T08:17:09.198+0000] {dagbag.py:587} INFO - Filling up the DagBag from /home/airflow/.local/lib/python3.12/site-packages/airflow/example_dags/example_xcomargs.py
[2025-12-08T08:17:09.210+0000] {processor.py:925} INFO - DAG(s) 'example_xcom_args', 'example_xcom_args_with_operators' retrieved from /home/airflow/.local/lib/python3.12/site-packages/airflow/example_dags/example_xcomargs.py
[2025-12-08T08:17:09.238+0000] {logging_mixin.py:190} INFO - [2025-12-08T08:17:09.237+0000] {dag.py:3211} INFO - Sync 2 DAGs
[2025-12-08T08:17:09.252+0000] {logging_mixin.py:190} INFO - [2025-12-08T08:17:09.252+0000] {dag.py:4138} INFO - Setting next_dagrun for example_xcom_args to None, run_after=None
[2025-12-08T08:17:09.257+0000] {logging_mixin.py:190} INFO - [2025-12-08T08:17:09.256+0000] {dag.py:4138} INFO - Setting next_dagrun for example_xcom_args_with_operators to None, run_after=None
[2025-12-08T08:17:09.274+0000] {processor.py:208} INFO - Processing /home/airflow/.local/lib/python3.12/site-packages/airflow/example_dags/example_xcomargs.py took 0.091 seconds
[2025-12-08T08:17:39.889+0000] {processor.py:186} INFO - Started process (PID=6425) to work on /home/airflow/.local/lib/python3.12/site-packages/airflow/example_dags/example_xcomargs.py
[2025-12-08T08:17:39.892+0000] {processor.py:914} INFO - Processing file /home/airflow/.local/lib/python3.12/site-packages/airflow/example_dags/example_xcomargs.py for tasks to queue
[2025-12-08T08:17:39.896+0000] {logging_mixin.py:190} INFO - [2025-12-08T08:17:39.895+0000] {dagbag.py:587} INFO - Filling up the DagBag from /home/airflow/.local/lib/python3.12/site-packages/airflow/example_dags/example_xcomargs.py
[2025-12-08T08:17:39.914+0000] {processor.py:925} INFO - DAG(s) 'example_xcom_args', 'example_xcom_args_with_operators' retrieved from /home/airflow/.local/lib/python3.12/site-packages/airflow/example_dags/example_xcomargs.py
[2025-12-08T08:17:39.940+0000] {logging_mixin.py:190} INFO - [2025-12-08T08:17:39.940+0000] {dag.py:3211} INFO - Sync 2 DAGs
[2025-12-08T08:17:39.955+0000] {logging_mixin.py:190} INFO - [2025-12-08T08:17:39.954+0000] {dag.py:4138} INFO - Setting next_dagrun for example_xcom_args to None, run_after=None
[2025-12-08T08:17:39.959+0000] {logging_mixin.py:190} INFO - [2025-12-08T08:17:39.959+0000] {dag.py:4138} INFO - Setting next_dagrun for example_xcom_args_with_operators to None, run_after=None
[2025-12-08T08:17:39.979+0000] {processor.py:208} INFO - Processing /home/airflow/.local/lib/python3.12/site-packages/airflow/example_dags/example_xcomargs.py took 0.099 seconds
[2025-12-08T08:18:10.376+0000] {processor.py:186} INFO - Started process (PID=6488) to work on /home/airflow/.local/lib/python3.12/site-packages/airflow/example_dags/example_xcomargs.py
[2025-12-08T08:18:10.378+0000] {processor.py:914} INFO - Processing file /home/airflow/.local/lib/python3.12/site-packages/airflow/example_dags/example_xcomargs.py for tasks to queue
[2025-12-08T08:18:10.381+0000] {logging_mixin.py:190} INFO - [2025-12-08T08:18:10.381+0000] {dagbag.py:587} INFO - Filling up the DagBag from /home/airflow/.local/lib/python3.12/site-packages/airflow/example_dags/example_xcomargs.py
[2025-12-08T08:18:10.392+0000] {processor.py:925} INFO - DAG(s) 'example_xcom_args_with_operators', 'example_xcom_args' retrieved from /home/airflow/.local/lib/python3.12/site-packages/airflow/example_dags/example_xcomargs.py
[2025-12-08T08:18:10.420+0000] {logging_mixin.py:190} INFO - [2025-12-08T08:18:10.419+0000] {dag.py:3211} INFO - Sync 2 DAGs
[2025-12-08T08:18:10.436+0000] {logging_mixin.py:190} INFO - [2025-12-08T08:18:10.436+0000] {dag.py:4138} INFO - Setting next_dagrun for example_xcom_args to None, run_after=None
[2025-12-08T08:18:10.442+0000] {logging_mixin.py:190} INFO - [2025-12-08T08:18:10.441+0000] {dag.py:4138} INFO - Setting next_dagrun for example_xcom_args_with_operators to None, run_after=None
[2025-12-08T08:18:10.460+0000] {processor.py:208} INFO - Processing /home/airflow/.local/lib/python3.12/site-packages/airflow/example_dags/example_xcomargs.py took 0.090 seconds
[2025-12-08T08:18:41.038+0000] {processor.py:186} INFO - Started process (PID=6551) to work on /home/airflow/.local/lib/python3.12/site-packages/airflow/example_dags/example_xcomargs.py
[2025-12-08T08:18:41.040+0000] {processor.py:914} INFO - Processing file /home/airflow/.local/lib/python3.12/site-packages/airflow/example_dags/example_xcomargs.py for tasks to queue
[2025-12-08T08:18:41.043+0000] {logging_mixin.py:190} INFO - [2025-12-08T08:18:41.042+0000] {dagbag.py:587} INFO - Filling up the DagBag from /home/airflow/.local/lib/python3.12/site-packages/airflow/example_dags/example_xcomargs.py
[2025-12-08T08:18:41.054+0000] {processor.py:925} INFO - DAG(s) 'example_xcom_args', 'example_xcom_args_with_operators' retrieved from /home/airflow/.local/lib/python3.12/site-packages/airflow/example_dags/example_xcomargs.py
[2025-12-08T08:18:41.080+0000] {logging_mixin.py:190} INFO - [2025-12-08T08:18:41.080+0000] {dag.py:3211} INFO - Sync 2 DAGs
[2025-12-08T08:18:41.095+0000] {logging_mixin.py:190} INFO - [2025-12-08T08:18:41.095+0000] {dag.py:4138} INFO - Setting next_dagrun for example_xcom_args to None, run_after=None
[2025-12-08T08:18:41.100+0000] {logging_mixin.py:190} INFO - [2025-12-08T08:18:41.100+0000] {dag.py:4138} INFO - Setting next_dagrun for example_xcom_args_with_operators to None, run_after=None
[2025-12-08T08:18:41.118+0000] {processor.py:208} INFO - Processing /home/airflow/.local/lib/python3.12/site-packages/airflow/example_dags/example_xcomargs.py took 0.087 seconds
[2025-12-08T08:19:12.017+0000] {processor.py:186} INFO - Started process (PID=6614) to work on /home/airflow/.local/lib/python3.12/site-packages/airflow/example_dags/example_xcomargs.py
[2025-12-08T08:19:12.019+0000] {processor.py:914} INFO - Processing file /home/airflow/.local/lib/python3.12/site-packages/airflow/example_dags/example_xcomargs.py for tasks to queue
[2025-12-08T08:19:12.023+0000] {logging_mixin.py:190} INFO - [2025-12-08T08:19:12.022+0000] {dagbag.py:587} INFO - Filling up the DagBag from /home/airflow/.local/lib/python3.12/site-packages/airflow/example_dags/example_xcomargs.py
[2025-12-08T08:19:12.036+0000] {processor.py:925} INFO - DAG(s) 'example_xcom_args_with_operators', 'example_xcom_args' retrieved from /home/airflow/.local/lib/python3.12/site-packages/airflow/example_dags/example_xcomargs.py
[2025-12-08T08:19:12.064+0000] {logging_mixin.py:190} INFO - [2025-12-08T08:19:12.064+0000] {dag.py:3211} INFO - Sync 2 DAGs
[2025-12-08T08:19:12.082+0000] {logging_mixin.py:190} INFO - [2025-12-08T08:19:12.081+0000] {dag.py:4138} INFO - Setting next_dagrun for example_xcom_args to None, run_after=None
[2025-12-08T08:19:12.088+0000] {logging_mixin.py:190} INFO - [2025-12-08T08:19:12.087+0000] {dag.py:4138} INFO - Setting next_dagrun for example_xcom_args_with_operators to None, run_after=None
[2025-12-08T08:19:12.115+0000] {processor.py:208} INFO - Processing /home/airflow/.local/lib/python3.12/site-packages/airflow/example_dags/example_xcomargs.py took 0.105 seconds
[2025-12-08T08:19:42.194+0000] {processor.py:186} INFO - Started process (PID=6677) to work on /home/airflow/.local/lib/python3.12/site-packages/airflow/example_dags/example_xcomargs.py
[2025-12-08T08:19:42.196+0000] {processor.py:914} INFO - Processing file /home/airflow/.local/lib/python3.12/site-packages/airflow/example_dags/example_xcomargs.py for tasks to queue
[2025-12-08T08:19:42.200+0000] {logging_mixin.py:190} INFO - [2025-12-08T08:19:42.199+0000] {dagbag.py:587} INFO - Filling up the DagBag from /home/airflow/.local/lib/python3.12/site-packages/airflow/example_dags/example_xcomargs.py
[2025-12-08T08:19:42.217+0000] {processor.py:925} INFO - DAG(s) 'example_xcom_args', 'example_xcom_args_with_operators' retrieved from /home/airflow/.local/lib/python3.12/site-packages/airflow/example_dags/example_xcomargs.py
[2025-12-08T08:19:42.251+0000] {logging_mixin.py:190} INFO - [2025-12-08T08:19:42.251+0000] {dag.py:3211} INFO - Sync 2 DAGs
[2025-12-08T08:19:42.269+0000] {logging_mixin.py:190} INFO - [2025-12-08T08:19:42.269+0000] {dag.py:4138} INFO - Setting next_dagrun for example_xcom_args to None, run_after=None
[2025-12-08T08:19:42.275+0000] {logging_mixin.py:190} INFO - [2025-12-08T08:19:42.275+0000] {dag.py:4138} INFO - Setting next_dagrun for example_xcom_args_with_operators to None, run_after=None
[2025-12-08T08:19:42.299+0000] {processor.py:208} INFO - Processing /home/airflow/.local/lib/python3.12/site-packages/airflow/example_dags/example_xcomargs.py took 0.113 seconds
[2025-12-08T08:20:12.669+0000] {processor.py:186} INFO - Started process (PID=6740) to work on /home/airflow/.local/lib/python3.12/site-packages/airflow/example_dags/example_xcomargs.py
[2025-12-08T08:20:12.671+0000] {processor.py:914} INFO - Processing file /home/airflow/.local/lib/python3.12/site-packages/airflow/example_dags/example_xcomargs.py for tasks to queue
[2025-12-08T08:20:12.676+0000] {logging_mixin.py:190} INFO - [2025-12-08T08:20:12.676+0000] {dagbag.py:587} INFO - Filling up the DagBag from /home/airflow/.local/lib/python3.12/site-packages/airflow/example_dags/example_xcomargs.py
[2025-12-08T08:20:12.701+0000] {processor.py:925} INFO - DAG(s) 'example_xcom_args_with_operators', 'example_xcom_args' retrieved from /home/airflow/.local/lib/python3.12/site-packages/airflow/example_dags/example_xcomargs.py
[2025-12-08T08:20:12.754+0000] {logging_mixin.py:190} INFO - [2025-12-08T08:20:12.754+0000] {dag.py:3211} INFO - Sync 2 DAGs
[2025-12-08T08:20:12.789+0000] {logging_mixin.py:190} INFO - [2025-12-08T08:20:12.788+0000] {dag.py:4138} INFO - Setting next_dagrun for example_xcom_args to None, run_after=None
[2025-12-08T08:20:12.796+0000] {logging_mixin.py:190} INFO - [2025-12-08T08:20:12.796+0000] {dag.py:4138} INFO - Setting next_dagrun for example_xcom_args_with_operators to None, run_after=None
[2025-12-08T08:20:12.842+0000] {processor.py:208} INFO - Processing /home/airflow/.local/lib/python3.12/site-packages/airflow/example_dags/example_xcomargs.py took 0.186 seconds
[2025-12-08T08:20:43.380+0000] {processor.py:186} INFO - Started process (PID=6803) to work on /home/airflow/.local/lib/python3.12/site-packages/airflow/example_dags/example_xcomargs.py
[2025-12-08T08:20:43.383+0000] {processor.py:914} INFO - Processing file /home/airflow/.local/lib/python3.12/site-packages/airflow/example_dags/example_xcomargs.py for tasks to queue
[2025-12-08T08:20:43.393+0000] {logging_mixin.py:190} INFO - [2025-12-08T08:20:43.392+0000] {dagbag.py:587} INFO - Filling up the DagBag from /home/airflow/.local/lib/python3.12/site-packages/airflow/example_dags/example_xcomargs.py
[2025-12-08T08:20:43.422+0000] {processor.py:925} INFO - DAG(s) 'example_xcom_args_with_operators', 'example_xcom_args' retrieved from /home/airflow/.local/lib/python3.12/site-packages/airflow/example_dags/example_xcomargs.py
[2025-12-08T08:20:43.496+0000] {logging_mixin.py:190} INFO - [2025-12-08T08:20:43.495+0000] {dag.py:3211} INFO - Sync 2 DAGs
[2025-12-08T08:20:43.522+0000] {logging_mixin.py:190} INFO - [2025-12-08T08:20:43.521+0000] {dag.py:4138} INFO - Setting next_dagrun for example_xcom_args to None, run_after=None
[2025-12-08T08:20:43.531+0000] {logging_mixin.py:190} INFO - [2025-12-08T08:20:43.531+0000] {dag.py:4138} INFO - Setting next_dagrun for example_xcom_args_with_operators to None, run_after=None
[2025-12-08T08:20:43.565+0000] {processor.py:208} INFO - Processing /home/airflow/.local/lib/python3.12/site-packages/airflow/example_dags/example_xcomargs.py took 0.200 seconds
[2025-12-08T08:21:13.772+0000] {processor.py:186} INFO - Started process (PID=6866) to work on /home/airflow/.local/lib/python3.12/site-packages/airflow/example_dags/example_xcomargs.py
[2025-12-08T08:21:13.775+0000] {processor.py:914} INFO - Processing file /home/airflow/.local/lib/python3.12/site-packages/airflow/example_dags/example_xcomargs.py for tasks to queue
[2025-12-08T08:21:13.784+0000] {logging_mixin.py:190} INFO - [2025-12-08T08:21:13.782+0000] {dagbag.py:587} INFO - Filling up the DagBag from /home/airflow/.local/lib/python3.12/site-packages/airflow/example_dags/example_xcomargs.py
[2025-12-08T08:21:13.828+0000] {processor.py:925} INFO - DAG(s) 'example_xcom_args', 'example_xcom_args_with_operators' retrieved from /home/airflow/.local/lib/python3.12/site-packages/airflow/example_dags/example_xcomargs.py
[2025-12-08T08:21:13.915+0000] {logging_mixin.py:190} INFO - [2025-12-08T08:21:13.914+0000] {dag.py:3211} INFO - Sync 2 DAGs
[2025-12-08T08:21:13.977+0000] {logging_mixin.py:190} INFO - [2025-12-08T08:21:13.976+0000] {dag.py:4138} INFO - Setting next_dagrun for example_xcom_args to None, run_after=None
[2025-12-08T08:21:13.989+0000] {logging_mixin.py:190} INFO - [2025-12-08T08:21:13.989+0000] {dag.py:4138} INFO - Setting next_dagrun for example_xcom_args_with_operators to None, run_after=None
[2025-12-08T08:21:14.034+0000] {processor.py:208} INFO - Processing /home/airflow/.local/lib/python3.12/site-packages/airflow/example_dags/example_xcomargs.py took 0.281 seconds
[2025-12-08T08:21:44.457+0000] {processor.py:186} INFO - Started process (PID=6928) to work on /home/airflow/.local/lib/python3.12/site-packages/airflow/example_dags/example_xcomargs.py
[2025-12-08T08:21:44.460+0000] {processor.py:914} INFO - Processing file /home/airflow/.local/lib/python3.12/site-packages/airflow/example_dags/example_xcomargs.py for tasks to queue
[2025-12-08T08:21:44.466+0000] {logging_mixin.py:190} INFO - [2025-12-08T08:21:44.466+0000] {dagbag.py:587} INFO - Filling up the DagBag from /home/airflow/.local/lib/python3.12/site-packages/airflow/example_dags/example_xcomargs.py
[2025-12-08T08:21:44.501+0000] {processor.py:925} INFO - DAG(s) 'example_xcom_args', 'example_xcom_args_with_operators' retrieved from /home/airflow/.local/lib/python3.12/site-packages/airflow/example_dags/example_xcomargs.py
[2025-12-08T08:21:44.564+0000] {logging_mixin.py:190} INFO - [2025-12-08T08:21:44.563+0000] {dag.py:3211} INFO - Sync 2 DAGs
[2025-12-08T08:21:44.604+0000] {logging_mixin.py:190} INFO - [2025-12-08T08:21:44.603+0000] {dag.py:4138} INFO - Setting next_dagrun for example_xcom_args to None, run_after=None
[2025-12-08T08:21:44.613+0000] {logging_mixin.py:190} INFO - [2025-12-08T08:21:44.612+0000] {dag.py:4138} INFO - Setting next_dagrun for example_xcom_args_with_operators to None, run_after=None
[2025-12-08T08:21:44.660+0000] {processor.py:208} INFO - Processing /home/airflow/.local/lib/python3.12/site-packages/airflow/example_dags/example_xcomargs.py took 0.218 seconds
[2025-12-08T08:22:15.208+0000] {processor.py:186} INFO - Started process (PID=6991) to work on /home/airflow/.local/lib/python3.12/site-packages/airflow/example_dags/example_xcomargs.py
[2025-12-08T08:22:15.210+0000] {processor.py:914} INFO - Processing file /home/airflow/.local/lib/python3.12/site-packages/airflow/example_dags/example_xcomargs.py for tasks to queue
[2025-12-08T08:22:15.213+0000] {logging_mixin.py:190} INFO - [2025-12-08T08:22:15.213+0000] {dagbag.py:587} INFO - Filling up the DagBag from /home/airflow/.local/lib/python3.12/site-packages/airflow/example_dags/example_xcomargs.py
[2025-12-08T08:22:15.234+0000] {processor.py:925} INFO - DAG(s) 'example_xcom_args_with_operators', 'example_xcom_args' retrieved from /home/airflow/.local/lib/python3.12/site-packages/airflow/example_dags/example_xcomargs.py
[2025-12-08T08:22:15.267+0000] {logging_mixin.py:190} INFO - [2025-12-08T08:22:15.267+0000] {dag.py:3211} INFO - Sync 2 DAGs
[2025-12-08T08:22:15.287+0000] {logging_mixin.py:190} INFO - [2025-12-08T08:22:15.287+0000] {dag.py:4138} INFO - Setting next_dagrun for example_xcom_args to None, run_after=None
[2025-12-08T08:22:15.292+0000] {logging_mixin.py:190} INFO - [2025-12-08T08:22:15.291+0000] {dag.py:4138} INFO - Setting next_dagrun for example_xcom_args_with_operators to None, run_after=None
[2025-12-08T08:22:15.314+0000] {processor.py:208} INFO - Processing /home/airflow/.local/lib/python3.12/site-packages/airflow/example_dags/example_xcomargs.py took 0.115 seconds
[2025-12-08T08:22:45.560+0000] {processor.py:186} INFO - Started process (PID=7054) to work on /home/airflow/.local/lib/python3.12/site-packages/airflow/example_dags/example_xcomargs.py
[2025-12-08T08:22:45.562+0000] {processor.py:914} INFO - Processing file /home/airflow/.local/lib/python3.12/site-packages/airflow/example_dags/example_xcomargs.py for tasks to queue
[2025-12-08T08:22:45.565+0000] {logging_mixin.py:190} INFO - [2025-12-08T08:22:45.564+0000] {dagbag.py:587} INFO - Filling up the DagBag from /home/airflow/.local/lib/python3.12/site-packages/airflow/example_dags/example_xcomargs.py
[2025-12-08T08:22:45.575+0000] {processor.py:925} INFO - DAG(s) 'example_xcom_args', 'example_xcom_args_with_operators' retrieved from /home/airflow/.local/lib/python3.12/site-packages/airflow/example_dags/example_xcomargs.py
[2025-12-08T08:22:45.600+0000] {logging_mixin.py:190} INFO - [2025-12-08T08:22:45.600+0000] {dag.py:3211} INFO - Sync 2 DAGs
[2025-12-08T08:22:45.615+0000] {logging_mixin.py:190} INFO - [2025-12-08T08:22:45.615+0000] {dag.py:4138} INFO - Setting next_dagrun for example_xcom_args to None, run_after=None
[2025-12-08T08:22:45.620+0000] {logging_mixin.py:190} INFO - [2025-12-08T08:22:45.619+0000] {dag.py:4138} INFO - Setting next_dagrun for example_xcom_args_with_operators to None, run_after=None
[2025-12-08T08:22:45.640+0000] {processor.py:208} INFO - Processing /home/airflow/.local/lib/python3.12/site-packages/airflow/example_dags/example_xcomargs.py took 0.086 seconds
[2025-12-08T08:23:15.741+0000] {processor.py:186} INFO - Started process (PID=7117) to work on /home/airflow/.local/lib/python3.12/site-packages/airflow/example_dags/example_xcomargs.py
[2025-12-08T08:23:15.742+0000] {processor.py:914} INFO - Processing file /home/airflow/.local/lib/python3.12/site-packages/airflow/example_dags/example_xcomargs.py for tasks to queue
[2025-12-08T08:23:15.744+0000] {logging_mixin.py:190} INFO - [2025-12-08T08:23:15.744+0000] {dagbag.py:587} INFO - Filling up the DagBag from /home/airflow/.local/lib/python3.12/site-packages/airflow/example_dags/example_xcomargs.py
[2025-12-08T08:23:15.755+0000] {processor.py:925} INFO - DAG(s) 'example_xcom_args_with_operators', 'example_xcom_args' retrieved from /home/airflow/.local/lib/python3.12/site-packages/airflow/example_dags/example_xcomargs.py
[2025-12-08T08:23:15.781+0000] {logging_mixin.py:190} INFO - [2025-12-08T08:23:15.781+0000] {dag.py:3211} INFO - Sync 2 DAGs
[2025-12-08T08:23:15.796+0000] {logging_mixin.py:190} INFO - [2025-12-08T08:23:15.796+0000] {dag.py:4138} INFO - Setting next_dagrun for example_xcom_args to None, run_after=None
[2025-12-08T08:23:15.801+0000] {logging_mixin.py:190} INFO - [2025-12-08T08:23:15.800+0000] {dag.py:4138} INFO - Setting next_dagrun for example_xcom_args_with_operators to None, run_after=None
[2025-12-08T08:23:15.822+0000] {processor.py:208} INFO - Processing /home/airflow/.local/lib/python3.12/site-packages/airflow/example_dags/example_xcomargs.py took 0.088 seconds
[2025-12-08T08:23:46.655+0000] {processor.py:186} INFO - Started process (PID=7180) to work on /home/airflow/.local/lib/python3.12/site-packages/airflow/example_dags/example_xcomargs.py
[2025-12-08T08:23:46.656+0000] {processor.py:914} INFO - Processing file /home/airflow/.local/lib/python3.12/site-packages/airflow/example_dags/example_xcomargs.py for tasks to queue
[2025-12-08T08:23:46.659+0000] {logging_mixin.py:190} INFO - [2025-12-08T08:23:46.658+0000] {dagbag.py:587} INFO - Filling up the DagBag from /home/airflow/.local/lib/python3.12/site-packages/airflow/example_dags/example_xcomargs.py
[2025-12-08T08:23:46.669+0000] {processor.py:925} INFO - DAG(s) 'example_xcom_args_with_operators', 'example_xcom_args' retrieved from /home/airflow/.local/lib/python3.12/site-packages/airflow/example_dags/example_xcomargs.py
[2025-12-08T08:23:46.696+0000] {logging_mixin.py:190} INFO - [2025-12-08T08:23:46.696+0000] {dag.py:3211} INFO - Sync 2 DAGs
[2025-12-08T08:23:46.713+0000] {logging_mixin.py:190} INFO - [2025-12-08T08:23:46.713+0000] {dag.py:4138} INFO - Setting next_dagrun for example_xcom_args to None, run_after=None
[2025-12-08T08:23:46.717+0000] {logging_mixin.py:190} INFO - [2025-12-08T08:23:46.717+0000] {dag.py:4138} INFO - Setting next_dagrun for example_xcom_args_with_operators to None, run_after=None
[2025-12-08T08:23:46.766+0000] {processor.py:208} INFO - Processing /home/airflow/.local/lib/python3.12/site-packages/airflow/example_dags/example_xcomargs.py took 0.118 seconds
[2025-12-08T08:24:17.430+0000] {processor.py:186} INFO - Started process (PID=7243) to work on /home/airflow/.local/lib/python3.12/site-packages/airflow/example_dags/example_xcomargs.py
[2025-12-08T08:24:17.432+0000] {processor.py:914} INFO - Processing file /home/airflow/.local/lib/python3.12/site-packages/airflow/example_dags/example_xcomargs.py for tasks to queue
[2025-12-08T08:24:17.435+0000] {logging_mixin.py:190} INFO - [2025-12-08T08:24:17.434+0000] {dagbag.py:587} INFO - Filling up the DagBag from /home/airflow/.local/lib/python3.12/site-packages/airflow/example_dags/example_xcomargs.py
[2025-12-08T08:24:17.445+0000] {processor.py:925} INFO - DAG(s) 'example_xcom_args_with_operators', 'example_xcom_args' retrieved from /home/airflow/.local/lib/python3.12/site-packages/airflow/example_dags/example_xcomargs.py
[2025-12-08T08:24:17.473+0000] {logging_mixin.py:190} INFO - [2025-12-08T08:24:17.473+0000] {dag.py:3211} INFO - Sync 2 DAGs
[2025-12-08T08:24:17.487+0000] {logging_mixin.py:190} INFO - [2025-12-08T08:24:17.487+0000] {dag.py:4138} INFO - Setting next_dagrun for example_xcom_args to None, run_after=None
[2025-12-08T08:24:17.492+0000] {logging_mixin.py:190} INFO - [2025-12-08T08:24:17.492+0000] {dag.py:4138} INFO - Setting next_dagrun for example_xcom_args_with_operators to None, run_after=None
[2025-12-08T08:24:17.512+0000] {processor.py:208} INFO - Processing /home/airflow/.local/lib/python3.12/site-packages/airflow/example_dags/example_xcomargs.py took 0.087 seconds
[2025-12-08T08:24:48.142+0000] {processor.py:186} INFO - Started process (PID=7306) to work on /home/airflow/.local/lib/python3.12/site-packages/airflow/example_dags/example_xcomargs.py
[2025-12-08T08:24:48.143+0000] {processor.py:914} INFO - Processing file /home/airflow/.local/lib/python3.12/site-packages/airflow/example_dags/example_xcomargs.py for tasks to queue
[2025-12-08T08:24:48.147+0000] {logging_mixin.py:190} INFO - [2025-12-08T08:24:48.146+0000] {dagbag.py:587} INFO - Filling up the DagBag from /home/airflow/.local/lib/python3.12/site-packages/airflow/example_dags/example_xcomargs.py
[2025-12-08T08:24:48.158+0000] {processor.py:925} INFO - DAG(s) 'example_xcom_args', 'example_xcom_args_with_operators' retrieved from /home/airflow/.local/lib/python3.12/site-packages/airflow/example_dags/example_xcomargs.py
[2025-12-08T08:24:48.187+0000] {logging_mixin.py:190} INFO - [2025-12-08T08:24:48.186+0000] {dag.py:3211} INFO - Sync 2 DAGs
[2025-12-08T08:24:48.202+0000] {logging_mixin.py:190} INFO - [2025-12-08T08:24:48.202+0000] {dag.py:4138} INFO - Setting next_dagrun for example_xcom_args to None, run_after=None
[2025-12-08T08:24:48.206+0000] {logging_mixin.py:190} INFO - [2025-12-08T08:24:48.206+0000] {dag.py:4138} INFO - Setting next_dagrun for example_xcom_args_with_operators to None, run_after=None
[2025-12-08T08:24:48.227+0000] {processor.py:208} INFO - Processing /home/airflow/.local/lib/python3.12/site-packages/airflow/example_dags/example_xcomargs.py took 0.092 seconds
[2025-12-08T08:25:18.931+0000] {processor.py:186} INFO - Started process (PID=7369) to work on /home/airflow/.local/lib/python3.12/site-packages/airflow/example_dags/example_xcomargs.py
[2025-12-08T08:25:18.933+0000] {processor.py:914} INFO - Processing file /home/airflow/.local/lib/python3.12/site-packages/airflow/example_dags/example_xcomargs.py for tasks to queue
[2025-12-08T08:25:18.937+0000] {logging_mixin.py:190} INFO - [2025-12-08T08:25:18.936+0000] {dagbag.py:587} INFO - Filling up the DagBag from /home/airflow/.local/lib/python3.12/site-packages/airflow/example_dags/example_xcomargs.py
[2025-12-08T08:25:18.948+0000] {processor.py:925} INFO - DAG(s) 'example_xcom_args', 'example_xcom_args_with_operators' retrieved from /home/airflow/.local/lib/python3.12/site-packages/airflow/example_dags/example_xcomargs.py
[2025-12-08T08:25:18.975+0000] {logging_mixin.py:190} INFO - [2025-12-08T08:25:18.975+0000] {dag.py:3211} INFO - Sync 2 DAGs
[2025-12-08T08:25:18.990+0000] {logging_mixin.py:190} INFO - [2025-12-08T08:25:18.989+0000] {dag.py:4138} INFO - Setting next_dagrun for example_xcom_args to None, run_after=None
[2025-12-08T08:25:18.995+0000] {logging_mixin.py:190} INFO - [2025-12-08T08:25:18.994+0000] {dag.py:4138} INFO - Setting next_dagrun for example_xcom_args_with_operators to None, run_after=None
[2025-12-08T08:25:19.018+0000] {processor.py:208} INFO - Processing /home/airflow/.local/lib/python3.12/site-packages/airflow/example_dags/example_xcomargs.py took 0.093 seconds
[2025-12-08T08:25:49.832+0000] {processor.py:186} INFO - Started process (PID=7432) to work on /home/airflow/.local/lib/python3.12/site-packages/airflow/example_dags/example_xcomargs.py
[2025-12-08T08:25:49.834+0000] {processor.py:914} INFO - Processing file /home/airflow/.local/lib/python3.12/site-packages/airflow/example_dags/example_xcomargs.py for tasks to queue
[2025-12-08T08:25:49.837+0000] {logging_mixin.py:190} INFO - [2025-12-08T08:25:49.836+0000] {dagbag.py:587} INFO - Filling up the DagBag from /home/airflow/.local/lib/python3.12/site-packages/airflow/example_dags/example_xcomargs.py
[2025-12-08T08:25:49.848+0000] {processor.py:925} INFO - DAG(s) 'example_xcom_args', 'example_xcom_args_with_operators' retrieved from /home/airflow/.local/lib/python3.12/site-packages/airflow/example_dags/example_xcomargs.py
[2025-12-08T08:25:49.875+0000] {logging_mixin.py:190} INFO - [2025-12-08T08:25:49.874+0000] {dag.py:3211} INFO - Sync 2 DAGs
[2025-12-08T08:25:49.889+0000] {logging_mixin.py:190} INFO - [2025-12-08T08:25:49.889+0000] {dag.py:4138} INFO - Setting next_dagrun for example_xcom_args to None, run_after=None
[2025-12-08T08:25:49.894+0000] {logging_mixin.py:190} INFO - [2025-12-08T08:25:49.894+0000] {dag.py:4138} INFO - Setting next_dagrun for example_xcom_args_with_operators to None, run_after=None
[2025-12-08T08:25:49.960+0000] {processor.py:208} INFO - Processing /home/airflow/.local/lib/python3.12/site-packages/airflow/example_dags/example_xcomargs.py took 0.135 seconds
[2025-12-08T08:26:20.133+0000] {processor.py:186} INFO - Started process (PID=7495) to work on /home/airflow/.local/lib/python3.12/site-packages/airflow/example_dags/example_xcomargs.py
[2025-12-08T08:26:20.136+0000] {processor.py:914} INFO - Processing file /home/airflow/.local/lib/python3.12/site-packages/airflow/example_dags/example_xcomargs.py for tasks to queue
[2025-12-08T08:26:20.141+0000] {logging_mixin.py:190} INFO - [2025-12-08T08:26:20.140+0000] {dagbag.py:587} INFO - Filling up the DagBag from /home/airflow/.local/lib/python3.12/site-packages/airflow/example_dags/example_xcomargs.py
[2025-12-08T08:26:20.164+0000] {processor.py:925} INFO - DAG(s) 'example_xcom_args_with_operators', 'example_xcom_args' retrieved from /home/airflow/.local/lib/python3.12/site-packages/airflow/example_dags/example_xcomargs.py
[2025-12-08T08:26:20.217+0000] {logging_mixin.py:190} INFO - [2025-12-08T08:26:20.216+0000] {dag.py:3211} INFO - Sync 2 DAGs
[2025-12-08T08:26:20.238+0000] {logging_mixin.py:190} INFO - [2025-12-08T08:26:20.238+0000] {dag.py:4138} INFO - Setting next_dagrun for example_xcom_args to None, run_after=None
[2025-12-08T08:26:20.244+0000] {logging_mixin.py:190} INFO - [2025-12-08T08:26:20.243+0000] {dag.py:4138} INFO - Setting next_dagrun for example_xcom_args_with_operators to None, run_after=None
[2025-12-08T08:26:20.268+0000] {processor.py:208} INFO - Processing /home/airflow/.local/lib/python3.12/site-packages/airflow/example_dags/example_xcomargs.py took 0.144 seconds
[2025-12-08T08:26:50.506+0000] {processor.py:186} INFO - Started process (PID=7559) to work on /home/airflow/.local/lib/python3.12/site-packages/airflow/example_dags/example_xcomargs.py
[2025-12-08T08:26:50.508+0000] {processor.py:914} INFO - Processing file /home/airflow/.local/lib/python3.12/site-packages/airflow/example_dags/example_xcomargs.py for tasks to queue
[2025-12-08T08:26:50.512+0000] {logging_mixin.py:190} INFO - [2025-12-08T08:26:50.511+0000] {dagbag.py:587} INFO - Filling up the DagBag from /home/airflow/.local/lib/python3.12/site-packages/airflow/example_dags/example_xcomargs.py
[2025-12-08T08:26:50.524+0000] {processor.py:925} INFO - DAG(s) 'example_xcom_args_with_operators', 'example_xcom_args' retrieved from /home/airflow/.local/lib/python3.12/site-packages/airflow/example_dags/example_xcomargs.py
[2025-12-08T08:26:50.561+0000] {logging_mixin.py:190} INFO - [2025-12-08T08:26:50.560+0000] {dag.py:3211} INFO - Sync 2 DAGs
[2025-12-08T08:26:50.577+0000] {logging_mixin.py:190} INFO - [2025-12-08T08:26:50.577+0000] {dag.py:4138} INFO - Setting next_dagrun for example_xcom_args to None, run_after=None
[2025-12-08T08:26:50.582+0000] {logging_mixin.py:190} INFO - [2025-12-08T08:26:50.582+0000] {dag.py:4138} INFO - Setting next_dagrun for example_xcom_args_with_operators to None, run_after=None
[2025-12-08T08:26:50.604+0000] {processor.py:208} INFO - Processing /home/airflow/.local/lib/python3.12/site-packages/airflow/example_dags/example_xcomargs.py took 0.105 seconds
[2025-12-08T08:27:20.751+0000] {processor.py:186} INFO - Started process (PID=7622) to work on /home/airflow/.local/lib/python3.12/site-packages/airflow/example_dags/example_xcomargs.py
[2025-12-08T08:27:20.753+0000] {processor.py:914} INFO - Processing file /home/airflow/.local/lib/python3.12/site-packages/airflow/example_dags/example_xcomargs.py for tasks to queue
[2025-12-08T08:27:20.759+0000] {logging_mixin.py:190} INFO - [2025-12-08T08:27:20.758+0000] {dagbag.py:587} INFO - Filling up the DagBag from /home/airflow/.local/lib/python3.12/site-packages/airflow/example_dags/example_xcomargs.py
[2025-12-08T08:27:20.769+0000] {processor.py:925} INFO - DAG(s) 'example_xcom_args', 'example_xcom_args_with_operators' retrieved from /home/airflow/.local/lib/python3.12/site-packages/airflow/example_dags/example_xcomargs.py
[2025-12-08T08:27:20.796+0000] {logging_mixin.py:190} INFO - [2025-12-08T08:27:20.796+0000] {dag.py:3211} INFO - Sync 2 DAGs
[2025-12-08T08:27:20.810+0000] {logging_mixin.py:190} INFO - [2025-12-08T08:27:20.810+0000] {dag.py:4138} INFO - Setting next_dagrun for example_xcom_args to None, run_after=None
[2025-12-08T08:27:20.815+0000] {logging_mixin.py:190} INFO - [2025-12-08T08:27:20.815+0000] {dag.py:4138} INFO - Setting next_dagrun for example_xcom_args_with_operators to None, run_after=None
[2025-12-08T08:27:20.835+0000] {processor.py:208} INFO - Processing /home/airflow/.local/lib/python3.12/site-packages/airflow/example_dags/example_xcomargs.py took 0.095 seconds
[2025-12-08T08:27:51.049+0000] {processor.py:186} INFO - Started process (PID=7685) to work on /home/airflow/.local/lib/python3.12/site-packages/airflow/example_dags/example_xcomargs.py
[2025-12-08T08:27:51.050+0000] {processor.py:914} INFO - Processing file /home/airflow/.local/lib/python3.12/site-packages/airflow/example_dags/example_xcomargs.py for tasks to queue
[2025-12-08T08:27:51.053+0000] {logging_mixin.py:190} INFO - [2025-12-08T08:27:51.053+0000] {dagbag.py:587} INFO - Filling up the DagBag from /home/airflow/.local/lib/python3.12/site-packages/airflow/example_dags/example_xcomargs.py
[2025-12-08T08:27:51.069+0000] {processor.py:925} INFO - DAG(s) 'example_xcom_args', 'example_xcom_args_with_operators' retrieved from /home/airflow/.local/lib/python3.12/site-packages/airflow/example_dags/example_xcomargs.py
[2025-12-08T08:27:51.107+0000] {logging_mixin.py:190} INFO - [2025-12-08T08:27:51.106+0000] {dag.py:3211} INFO - Sync 2 DAGs
[2025-12-08T08:27:51.126+0000] {logging_mixin.py:190} INFO - [2025-12-08T08:27:51.126+0000] {dag.py:4138} INFO - Setting next_dagrun for example_xcom_args to None, run_after=None
[2025-12-08T08:27:51.132+0000] {logging_mixin.py:190} INFO - [2025-12-08T08:27:51.132+0000] {dag.py:4138} INFO - Setting next_dagrun for example_xcom_args_with_operators to None, run_after=None
[2025-12-08T08:27:51.155+0000] {processor.py:208} INFO - Processing /home/airflow/.local/lib/python3.12/site-packages/airflow/example_dags/example_xcomargs.py took 0.116 seconds
[2025-12-08T08:28:21.349+0000] {processor.py:186} INFO - Started process (PID=7748) to work on /home/airflow/.local/lib/python3.12/site-packages/airflow/example_dags/example_xcomargs.py
[2025-12-08T08:28:21.351+0000] {processor.py:914} INFO - Processing file /home/airflow/.local/lib/python3.12/site-packages/airflow/example_dags/example_xcomargs.py for tasks to queue
[2025-12-08T08:28:21.355+0000] {logging_mixin.py:190} INFO - [2025-12-08T08:28:21.354+0000] {dagbag.py:587} INFO - Filling up the DagBag from /home/airflow/.local/lib/python3.12/site-packages/airflow/example_dags/example_xcomargs.py
[2025-12-08T08:28:21.366+0000] {processor.py:925} INFO - DAG(s) 'example_xcom_args_with_operators', 'example_xcom_args' retrieved from /home/airflow/.local/lib/python3.12/site-packages/airflow/example_dags/example_xcomargs.py
[2025-12-08T08:28:21.393+0000] {logging_mixin.py:190} INFO - [2025-12-08T08:28:21.393+0000] {dag.py:3211} INFO - Sync 2 DAGs
[2025-12-08T08:28:21.407+0000] {logging_mixin.py:190} INFO - [2025-12-08T08:28:21.407+0000] {dag.py:4138} INFO - Setting next_dagrun for example_xcom_args to None, run_after=None
[2025-12-08T08:28:21.411+0000] {logging_mixin.py:190} INFO - [2025-12-08T08:28:21.411+0000] {dag.py:4138} INFO - Setting next_dagrun for example_xcom_args_with_operators to None, run_after=None
[2025-12-08T08:28:21.431+0000] {processor.py:208} INFO - Processing /home/airflow/.local/lib/python3.12/site-packages/airflow/example_dags/example_xcomargs.py took 0.091 seconds
[2025-12-08T08:28:52.062+0000] {processor.py:186} INFO - Started process (PID=7811) to work on /home/airflow/.local/lib/python3.12/site-packages/airflow/example_dags/example_xcomargs.py
[2025-12-08T08:28:52.064+0000] {processor.py:914} INFO - Processing file /home/airflow/.local/lib/python3.12/site-packages/airflow/example_dags/example_xcomargs.py for tasks to queue
[2025-12-08T08:28:52.069+0000] {logging_mixin.py:190} INFO - [2025-12-08T08:28:52.068+0000] {dagbag.py:587} INFO - Filling up the DagBag from /home/airflow/.local/lib/python3.12/site-packages/airflow/example_dags/example_xcomargs.py
[2025-12-08T08:28:52.081+0000] {processor.py:925} INFO - DAG(s) 'example_xcom_args_with_operators', 'example_xcom_args' retrieved from /home/airflow/.local/lib/python3.12/site-packages/airflow/example_dags/example_xcomargs.py
[2025-12-08T08:28:52.111+0000] {logging_mixin.py:190} INFO - [2025-12-08T08:28:52.110+0000] {dag.py:3211} INFO - Sync 2 DAGs
[2025-12-08T08:28:52.128+0000] {logging_mixin.py:190} INFO - [2025-12-08T08:28:52.127+0000] {dag.py:4138} INFO - Setting next_dagrun for example_xcom_args to None, run_after=None
[2025-12-08T08:28:52.132+0000] {logging_mixin.py:190} INFO - [2025-12-08T08:28:52.132+0000] {dag.py:4138} INFO - Setting next_dagrun for example_xcom_args_with_operators to None, run_after=None
[2025-12-08T08:28:52.154+0000] {processor.py:208} INFO - Processing /home/airflow/.local/lib/python3.12/site-packages/airflow/example_dags/example_xcomargs.py took 0.101 seconds
[2025-12-08T08:29:22.269+0000] {processor.py:186} INFO - Started process (PID=7874) to work on /home/airflow/.local/lib/python3.12/site-packages/airflow/example_dags/example_xcomargs.py
[2025-12-08T08:29:22.270+0000] {processor.py:914} INFO - Processing file /home/airflow/.local/lib/python3.12/site-packages/airflow/example_dags/example_xcomargs.py for tasks to queue
[2025-12-08T08:29:22.274+0000] {logging_mixin.py:190} INFO - [2025-12-08T08:29:22.273+0000] {dagbag.py:587} INFO - Filling up the DagBag from /home/airflow/.local/lib/python3.12/site-packages/airflow/example_dags/example_xcomargs.py
[2025-12-08T08:29:22.285+0000] {processor.py:925} INFO - DAG(s) 'example_xcom_args', 'example_xcom_args_with_operators' retrieved from /home/airflow/.local/lib/python3.12/site-packages/airflow/example_dags/example_xcomargs.py
[2025-12-08T08:29:22.312+0000] {logging_mixin.py:190} INFO - [2025-12-08T08:29:22.311+0000] {dag.py:3211} INFO - Sync 2 DAGs
[2025-12-08T08:29:22.330+0000] {logging_mixin.py:190} INFO - [2025-12-08T08:29:22.330+0000] {dag.py:4138} INFO - Setting next_dagrun for example_xcom_args to None, run_after=None
[2025-12-08T08:29:22.335+0000] {logging_mixin.py:190} INFO - [2025-12-08T08:29:22.334+0000] {dag.py:4138} INFO - Setting next_dagrun for example_xcom_args_with_operators to None, run_after=None
[2025-12-08T08:29:22.355+0000] {processor.py:208} INFO - Processing /home/airflow/.local/lib/python3.12/site-packages/airflow/example_dags/example_xcomargs.py took 0.097 seconds
[2025-12-08T08:29:52.863+0000] {processor.py:186} INFO - Started process (PID=7937) to work on /home/airflow/.local/lib/python3.12/site-packages/airflow/example_dags/example_xcomargs.py
[2025-12-08T08:29:52.866+0000] {processor.py:914} INFO - Processing file /home/airflow/.local/lib/python3.12/site-packages/airflow/example_dags/example_xcomargs.py for tasks to queue
[2025-12-08T08:29:52.871+0000] {logging_mixin.py:190} INFO - [2025-12-08T08:29:52.870+0000] {dagbag.py:587} INFO - Filling up the DagBag from /home/airflow/.local/lib/python3.12/site-packages/airflow/example_dags/example_xcomargs.py
[2025-12-08T08:29:52.886+0000] {processor.py:925} INFO - DAG(s) 'example_xcom_args', 'example_xcom_args_with_operators' retrieved from /home/airflow/.local/lib/python3.12/site-packages/airflow/example_dags/example_xcomargs.py
[2025-12-08T08:29:52.915+0000] {logging_mixin.py:190} INFO - [2025-12-08T08:29:52.915+0000] {dag.py:3211} INFO - Sync 2 DAGs
[2025-12-08T08:29:52.931+0000] {logging_mixin.py:190} INFO - [2025-12-08T08:29:52.931+0000] {dag.py:4138} INFO - Setting next_dagrun for example_xcom_args to None, run_after=None
[2025-12-08T08:29:52.936+0000] {logging_mixin.py:190} INFO - [2025-12-08T08:29:52.936+0000] {dag.py:4138} INFO - Setting next_dagrun for example_xcom_args_with_operators to None, run_after=None
[2025-12-08T08:29:52.957+0000] {processor.py:208} INFO - Processing /home/airflow/.local/lib/python3.12/site-packages/airflow/example_dags/example_xcomargs.py took 0.105 seconds
[2025-12-08T08:30:23.744+0000] {processor.py:186} INFO - Started process (PID=8000) to work on /home/airflow/.local/lib/python3.12/site-packages/airflow/example_dags/example_xcomargs.py
[2025-12-08T08:30:23.746+0000] {processor.py:914} INFO - Processing file /home/airflow/.local/lib/python3.12/site-packages/airflow/example_dags/example_xcomargs.py for tasks to queue
[2025-12-08T08:30:23.750+0000] {logging_mixin.py:190} INFO - [2025-12-08T08:30:23.750+0000] {dagbag.py:587} INFO - Filling up the DagBag from /home/airflow/.local/lib/python3.12/site-packages/airflow/example_dags/example_xcomargs.py
[2025-12-08T08:30:23.763+0000] {processor.py:925} INFO - DAG(s) 'example_xcom_args', 'example_xcom_args_with_operators' retrieved from /home/airflow/.local/lib/python3.12/site-packages/airflow/example_dags/example_xcomargs.py
[2025-12-08T08:30:23.795+0000] {logging_mixin.py:190} INFO - [2025-12-08T08:30:23.794+0000] {dag.py:3211} INFO - Sync 2 DAGs
[2025-12-08T08:30:23.812+0000] {logging_mixin.py:190} INFO - [2025-12-08T08:30:23.812+0000] {dag.py:4138} INFO - Setting next_dagrun for example_xcom_args to None, run_after=None
[2025-12-08T08:30:23.819+0000] {logging_mixin.py:190} INFO - [2025-12-08T08:30:23.818+0000] {dag.py:4138} INFO - Setting next_dagrun for example_xcom_args_with_operators to None, run_after=None
[2025-12-08T08:30:23.841+0000] {processor.py:208} INFO - Processing /home/airflow/.local/lib/python3.12/site-packages/airflow/example_dags/example_xcomargs.py took 0.104 seconds
[2025-12-08T08:30:54.614+0000] {processor.py:186} INFO - Started process (PID=8063) to work on /home/airflow/.local/lib/python3.12/site-packages/airflow/example_dags/example_xcomargs.py
[2025-12-08T08:30:54.616+0000] {processor.py:914} INFO - Processing file /home/airflow/.local/lib/python3.12/site-packages/airflow/example_dags/example_xcomargs.py for tasks to queue
[2025-12-08T08:30:54.620+0000] {logging_mixin.py:190} INFO - [2025-12-08T08:30:54.620+0000] {dagbag.py:587} INFO - Filling up the DagBag from /home/airflow/.local/lib/python3.12/site-packages/airflow/example_dags/example_xcomargs.py
[2025-12-08T08:30:54.636+0000] {processor.py:925} INFO - DAG(s) 'example_xcom_args', 'example_xcom_args_with_operators' retrieved from /home/airflow/.local/lib/python3.12/site-packages/airflow/example_dags/example_xcomargs.py
[2025-12-08T08:30:54.671+0000] {logging_mixin.py:190} INFO - [2025-12-08T08:30:54.671+0000] {dag.py:3211} INFO - Sync 2 DAGs
[2025-12-08T08:30:54.695+0000] {logging_mixin.py:190} INFO - [2025-12-08T08:30:54.695+0000] {dag.py:4138} INFO - Setting next_dagrun for example_xcom_args to None, run_after=None
[2025-12-08T08:30:54.701+0000] {logging_mixin.py:190} INFO - [2025-12-08T08:30:54.701+0000] {dag.py:4138} INFO - Setting next_dagrun for example_xcom_args_with_operators to None, run_after=None
[2025-12-08T08:30:54.729+0000] {processor.py:208} INFO - Processing /home/airflow/.local/lib/python3.12/site-packages/airflow/example_dags/example_xcomargs.py took 0.124 seconds
[2025-12-08T08:31:26.107+0000] {processor.py:186} INFO - Started process (PID=8126) to work on /home/airflow/.local/lib/python3.12/site-packages/airflow/example_dags/example_xcomargs.py
[2025-12-08T08:31:26.109+0000] {processor.py:914} INFO - Processing file /home/airflow/.local/lib/python3.12/site-packages/airflow/example_dags/example_xcomargs.py for tasks to queue
[2025-12-08T08:31:26.119+0000] {logging_mixin.py:190} INFO - [2025-12-08T08:31:26.117+0000] {dagbag.py:587} INFO - Filling up the DagBag from /home/airflow/.local/lib/python3.12/site-packages/airflow/example_dags/example_xcomargs.py
[2025-12-08T08:31:26.147+0000] {processor.py:925} INFO - DAG(s) 'example_xcom_args_with_operators', 'example_xcom_args' retrieved from /home/airflow/.local/lib/python3.12/site-packages/airflow/example_dags/example_xcomargs.py
[2025-12-08T08:31:26.211+0000] {logging_mixin.py:190} INFO - [2025-12-08T08:31:26.210+0000] {dag.py:3211} INFO - Sync 2 DAGs
[2025-12-08T08:31:26.247+0000] {logging_mixin.py:190} INFO - [2025-12-08T08:31:26.247+0000] {dag.py:4138} INFO - Setting next_dagrun for example_xcom_args to None, run_after=None
[2025-12-08T08:31:26.258+0000] {logging_mixin.py:190} INFO - [2025-12-08T08:31:26.258+0000] {dag.py:4138} INFO - Setting next_dagrun for example_xcom_args_with_operators to None, run_after=None
[2025-12-08T08:31:26.309+0000] {processor.py:208} INFO - Processing /home/airflow/.local/lib/python3.12/site-packages/airflow/example_dags/example_xcomargs.py took 0.219 seconds
[2025-12-08T08:31:56.989+0000] {processor.py:186} INFO - Started process (PID=8189) to work on /home/airflow/.local/lib/python3.12/site-packages/airflow/example_dags/example_xcomargs.py
[2025-12-08T08:31:56.991+0000] {processor.py:914} INFO - Processing file /home/airflow/.local/lib/python3.12/site-packages/airflow/example_dags/example_xcomargs.py for tasks to queue
[2025-12-08T08:31:56.995+0000] {logging_mixin.py:190} INFO - [2025-12-08T08:31:56.994+0000] {dagbag.py:587} INFO - Filling up the DagBag from /home/airflow/.local/lib/python3.12/site-packages/airflow/example_dags/example_xcomargs.py
[2025-12-08T08:31:57.008+0000] {processor.py:925} INFO - DAG(s) 'example_xcom_args', 'example_xcom_args_with_operators' retrieved from /home/airflow/.local/lib/python3.12/site-packages/airflow/example_dags/example_xcomargs.py
[2025-12-08T08:31:57.041+0000] {logging_mixin.py:190} INFO - [2025-12-08T08:31:57.041+0000] {dag.py:3211} INFO - Sync 2 DAGs
[2025-12-08T08:31:57.062+0000] {logging_mixin.py:190} INFO - [2025-12-08T08:31:57.061+0000] {dag.py:4138} INFO - Setting next_dagrun for example_xcom_args to None, run_after=None
[2025-12-08T08:31:57.068+0000] {logging_mixin.py:190} INFO - [2025-12-08T08:31:57.067+0000] {dag.py:4138} INFO - Setting next_dagrun for example_xcom_args_with_operators to None, run_after=None
[2025-12-08T08:31:57.093+0000] {processor.py:208} INFO - Processing /home/airflow/.local/lib/python3.12/site-packages/airflow/example_dags/example_xcomargs.py took 0.111 seconds
[2025-12-08T08:32:27.498+0000] {processor.py:186} INFO - Started process (PID=8252) to work on /home/airflow/.local/lib/python3.12/site-packages/airflow/example_dags/example_xcomargs.py
[2025-12-08T08:32:27.501+0000] {processor.py:914} INFO - Processing file /home/airflow/.local/lib/python3.12/site-packages/airflow/example_dags/example_xcomargs.py for tasks to queue
[2025-12-08T08:32:27.506+0000] {logging_mixin.py:190} INFO - [2025-12-08T08:32:27.506+0000] {dagbag.py:587} INFO - Filling up the DagBag from /home/airflow/.local/lib/python3.12/site-packages/airflow/example_dags/example_xcomargs.py
[2025-12-08T08:32:27.521+0000] {processor.py:925} INFO - DAG(s) 'example_xcom_args_with_operators', 'example_xcom_args' retrieved from /home/airflow/.local/lib/python3.12/site-packages/airflow/example_dags/example_xcomargs.py
[2025-12-08T08:32:27.548+0000] {logging_mixin.py:190} INFO - [2025-12-08T08:32:27.547+0000] {dag.py:3211} INFO - Sync 2 DAGs
[2025-12-08T08:32:27.563+0000] {logging_mixin.py:190} INFO - [2025-12-08T08:32:27.563+0000] {dag.py:4138} INFO - Setting next_dagrun for example_xcom_args to None, run_after=None
[2025-12-08T08:32:27.569+0000] {logging_mixin.py:190} INFO - [2025-12-08T08:32:27.568+0000] {dag.py:4138} INFO - Setting next_dagrun for example_xcom_args_with_operators to None, run_after=None
[2025-12-08T08:32:27.589+0000] {processor.py:208} INFO - Processing /home/airflow/.local/lib/python3.12/site-packages/airflow/example_dags/example_xcomargs.py took 0.106 seconds
[2025-12-08T08:32:58.075+0000] {processor.py:186} INFO - Started process (PID=8316) to work on /home/airflow/.local/lib/python3.12/site-packages/airflow/example_dags/example_xcomargs.py
[2025-12-08T08:32:58.078+0000] {processor.py:914} INFO - Processing file /home/airflow/.local/lib/python3.12/site-packages/airflow/example_dags/example_xcomargs.py for tasks to queue
[2025-12-08T08:32:58.082+0000] {logging_mixin.py:190} INFO - [2025-12-08T08:32:58.081+0000] {dagbag.py:587} INFO - Filling up the DagBag from /home/airflow/.local/lib/python3.12/site-packages/airflow/example_dags/example_xcomargs.py
[2025-12-08T08:32:58.096+0000] {processor.py:925} INFO - DAG(s) 'example_xcom_args', 'example_xcom_args_with_operators' retrieved from /home/airflow/.local/lib/python3.12/site-packages/airflow/example_dags/example_xcomargs.py
[2025-12-08T08:32:58.120+0000] {logging_mixin.py:190} INFO - [2025-12-08T08:32:58.120+0000] {dag.py:3211} INFO - Sync 2 DAGs
[2025-12-08T08:32:58.134+0000] {logging_mixin.py:190} INFO - [2025-12-08T08:32:58.134+0000] {dag.py:4138} INFO - Setting next_dagrun for example_xcom_args to None, run_after=None
[2025-12-08T08:32:58.138+0000] {logging_mixin.py:190} INFO - [2025-12-08T08:32:58.138+0000] {dag.py:4138} INFO - Setting next_dagrun for example_xcom_args_with_operators to None, run_after=None
[2025-12-08T08:32:58.158+0000] {processor.py:208} INFO - Processing /home/airflow/.local/lib/python3.12/site-packages/airflow/example_dags/example_xcomargs.py took 0.094 seconds
[2025-12-08T08:33:29.714+0000] {processor.py:186} INFO - Started process (PID=8379) to work on /home/airflow/.local/lib/python3.12/site-packages/airflow/example_dags/example_xcomargs.py
[2025-12-08T08:33:29.717+0000] {processor.py:914} INFO - Processing file /home/airflow/.local/lib/python3.12/site-packages/airflow/example_dags/example_xcomargs.py for tasks to queue
[2025-12-08T08:33:29.725+0000] {logging_mixin.py:190} INFO - [2025-12-08T08:33:29.724+0000] {dagbag.py:587} INFO - Filling up the DagBag from /home/airflow/.local/lib/python3.12/site-packages/airflow/example_dags/example_xcomargs.py
[2025-12-08T08:33:29.743+0000] {processor.py:925} INFO - DAG(s) 'example_xcom_args_with_operators', 'example_xcom_args' retrieved from /home/airflow/.local/lib/python3.12/site-packages/airflow/example_dags/example_xcomargs.py
[2025-12-08T08:33:29.794+0000] {logging_mixin.py:190} INFO - [2025-12-08T08:33:29.794+0000] {dag.py:3211} INFO - Sync 2 DAGs
[2025-12-08T08:33:29.824+0000] {logging_mixin.py:190} INFO - [2025-12-08T08:33:29.824+0000] {dag.py:4138} INFO - Setting next_dagrun for example_xcom_args to None, run_after=None
[2025-12-08T08:33:29.832+0000] {logging_mixin.py:190} INFO - [2025-12-08T08:33:29.832+0000] {dag.py:4138} INFO - Setting next_dagrun for example_xcom_args_with_operators to None, run_after=None
[2025-12-08T08:33:29.874+0000] {processor.py:208} INFO - Processing /home/airflow/.local/lib/python3.12/site-packages/airflow/example_dags/example_xcomargs.py took 0.181 seconds
[2025-12-08T08:34:00.270+0000] {processor.py:186} INFO - Started process (PID=8439) to work on /home/airflow/.local/lib/python3.12/site-packages/airflow/example_dags/example_xcomargs.py
[2025-12-08T08:34:00.272+0000] {processor.py:914} INFO - Processing file /home/airflow/.local/lib/python3.12/site-packages/airflow/example_dags/example_xcomargs.py for tasks to queue
[2025-12-08T08:34:00.276+0000] {logging_mixin.py:190} INFO - [2025-12-08T08:34:00.275+0000] {dagbag.py:587} INFO - Filling up the DagBag from /home/airflow/.local/lib/python3.12/site-packages/airflow/example_dags/example_xcomargs.py
[2025-12-08T08:34:00.290+0000] {processor.py:925} INFO - DAG(s) 'example_xcom_args_with_operators', 'example_xcom_args' retrieved from /home/airflow/.local/lib/python3.12/site-packages/airflow/example_dags/example_xcomargs.py
[2025-12-08T08:34:00.324+0000] {logging_mixin.py:190} INFO - [2025-12-08T08:34:00.324+0000] {dag.py:3211} INFO - Sync 2 DAGs
[2025-12-08T08:34:00.343+0000] {logging_mixin.py:190} INFO - [2025-12-08T08:34:00.343+0000] {dag.py:4138} INFO - Setting next_dagrun for example_xcom_args to None, run_after=None
[2025-12-08T08:34:00.349+0000] {logging_mixin.py:190} INFO - [2025-12-08T08:34:00.348+0000] {dag.py:4138} INFO - Setting next_dagrun for example_xcom_args_with_operators to None, run_after=None
[2025-12-08T08:34:00.373+0000] {processor.py:208} INFO - Processing /home/airflow/.local/lib/python3.12/site-packages/airflow/example_dags/example_xcomargs.py took 0.112 seconds
[2025-12-08T08:34:31.157+0000] {processor.py:186} INFO - Started process (PID=8502) to work on /home/airflow/.local/lib/python3.12/site-packages/airflow/example_dags/example_xcomargs.py
[2025-12-08T08:34:31.159+0000] {processor.py:914} INFO - Processing file /home/airflow/.local/lib/python3.12/site-packages/airflow/example_dags/example_xcomargs.py for tasks to queue
[2025-12-08T08:34:31.162+0000] {logging_mixin.py:190} INFO - [2025-12-08T08:34:31.162+0000] {dagbag.py:587} INFO - Filling up the DagBag from /home/airflow/.local/lib/python3.12/site-packages/airflow/example_dags/example_xcomargs.py
[2025-12-08T08:34:31.175+0000] {processor.py:925} INFO - DAG(s) 'example_xcom_args_with_operators', 'example_xcom_args' retrieved from /home/airflow/.local/lib/python3.12/site-packages/airflow/example_dags/example_xcomargs.py
[2025-12-08T08:34:31.208+0000] {logging_mixin.py:190} INFO - [2025-12-08T08:34:31.208+0000] {dag.py:3211} INFO - Sync 2 DAGs
[2025-12-08T08:34:31.229+0000] {logging_mixin.py:190} INFO - [2025-12-08T08:34:31.228+0000] {dag.py:4138} INFO - Setting next_dagrun for example_xcom_args to None, run_after=None
[2025-12-08T08:34:31.235+0000] {logging_mixin.py:190} INFO - [2025-12-08T08:34:31.235+0000] {dag.py:4138} INFO - Setting next_dagrun for example_xcom_args_with_operators to None, run_after=None
[2025-12-08T08:34:31.263+0000] {processor.py:208} INFO - Processing /home/airflow/.local/lib/python3.12/site-packages/airflow/example_dags/example_xcomargs.py took 0.113 seconds
[2025-12-08T08:35:01.604+0000] {processor.py:186} INFO - Started process (PID=8563) to work on /home/airflow/.local/lib/python3.12/site-packages/airflow/example_dags/example_xcomargs.py
[2025-12-08T08:35:01.606+0000] {processor.py:914} INFO - Processing file /home/airflow/.local/lib/python3.12/site-packages/airflow/example_dags/example_xcomargs.py for tasks to queue
[2025-12-08T08:35:01.609+0000] {logging_mixin.py:190} INFO - [2025-12-08T08:35:01.609+0000] {dagbag.py:587} INFO - Filling up the DagBag from /home/airflow/.local/lib/python3.12/site-packages/airflow/example_dags/example_xcomargs.py
[2025-12-08T08:35:01.620+0000] {processor.py:925} INFO - DAG(s) 'example_xcom_args', 'example_xcom_args_with_operators' retrieved from /home/airflow/.local/lib/python3.12/site-packages/airflow/example_dags/example_xcomargs.py
[2025-12-08T08:35:01.650+0000] {logging_mixin.py:190} INFO - [2025-12-08T08:35:01.650+0000] {dag.py:3211} INFO - Sync 2 DAGs
[2025-12-08T08:35:01.666+0000] {logging_mixin.py:190} INFO - [2025-12-08T08:35:01.666+0000] {dag.py:4138} INFO - Setting next_dagrun for example_xcom_args to None, run_after=None
[2025-12-08T08:35:01.671+0000] {logging_mixin.py:190} INFO - [2025-12-08T08:35:01.671+0000] {dag.py:4138} INFO - Setting next_dagrun for example_xcom_args_with_operators to None, run_after=None
[2025-12-08T08:35:01.692+0000] {processor.py:208} INFO - Processing /home/airflow/.local/lib/python3.12/site-packages/airflow/example_dags/example_xcomargs.py took 0.094 seconds
[2025-12-08T08:35:31.849+0000] {processor.py:186} INFO - Started process (PID=8626) to work on /home/airflow/.local/lib/python3.12/site-packages/airflow/example_dags/example_xcomargs.py
[2025-12-08T08:35:31.850+0000] {processor.py:914} INFO - Processing file /home/airflow/.local/lib/python3.12/site-packages/airflow/example_dags/example_xcomargs.py for tasks to queue
[2025-12-08T08:35:31.853+0000] {logging_mixin.py:190} INFO - [2025-12-08T08:35:31.852+0000] {dagbag.py:587} INFO - Filling up the DagBag from /home/airflow/.local/lib/python3.12/site-packages/airflow/example_dags/example_xcomargs.py
[2025-12-08T08:35:31.862+0000] {processor.py:925} INFO - DAG(s) 'example_xcom_args', 'example_xcom_args_with_operators' retrieved from /home/airflow/.local/lib/python3.12/site-packages/airflow/example_dags/example_xcomargs.py
[2025-12-08T08:35:31.883+0000] {logging_mixin.py:190} INFO - [2025-12-08T08:35:31.883+0000] {dag.py:3211} INFO - Sync 2 DAGs
[2025-12-08T08:35:31.896+0000] {logging_mixin.py:190} INFO - [2025-12-08T08:35:31.895+0000] {dag.py:4138} INFO - Setting next_dagrun for example_xcom_args to None, run_after=None
[2025-12-08T08:35:31.900+0000] {logging_mixin.py:190} INFO - [2025-12-08T08:35:31.899+0000] {dag.py:4138} INFO - Setting next_dagrun for example_xcom_args_with_operators to None, run_after=None
[2025-12-08T08:35:31.913+0000] {processor.py:208} INFO - Processing /home/airflow/.local/lib/python3.12/site-packages/airflow/example_dags/example_xcomargs.py took 0.070 seconds
[2025-12-08T08:36:02.404+0000] {processor.py:186} INFO - Started process (PID=8689) to work on /home/airflow/.local/lib/python3.12/site-packages/airflow/example_dags/example_xcomargs.py
[2025-12-08T08:36:02.405+0000] {processor.py:914} INFO - Processing file /home/airflow/.local/lib/python3.12/site-packages/airflow/example_dags/example_xcomargs.py for tasks to queue
[2025-12-08T08:36:02.408+0000] {logging_mixin.py:190} INFO - [2025-12-08T08:36:02.408+0000] {dagbag.py:587} INFO - Filling up the DagBag from /home/airflow/.local/lib/python3.12/site-packages/airflow/example_dags/example_xcomargs.py
[2025-12-08T08:36:02.419+0000] {processor.py:925} INFO - DAG(s) 'example_xcom_args', 'example_xcom_args_with_operators' retrieved from /home/airflow/.local/lib/python3.12/site-packages/airflow/example_dags/example_xcomargs.py
[2025-12-08T08:36:02.445+0000] {logging_mixin.py:190} INFO - [2025-12-08T08:36:02.445+0000] {dag.py:3211} INFO - Sync 2 DAGs
[2025-12-08T08:36:02.461+0000] {logging_mixin.py:190} INFO - [2025-12-08T08:36:02.460+0000] {dag.py:4138} INFO - Setting next_dagrun for example_xcom_args to None, run_after=None
[2025-12-08T08:36:02.465+0000] {logging_mixin.py:190} INFO - [2025-12-08T08:36:02.465+0000] {dag.py:4138} INFO - Setting next_dagrun for example_xcom_args_with_operators to None, run_after=None
[2025-12-08T08:36:02.483+0000] {processor.py:208} INFO - Processing /home/airflow/.local/lib/python3.12/site-packages/airflow/example_dags/example_xcomargs.py took 0.085 seconds
[2025-12-08T08:36:32.951+0000] {processor.py:186} INFO - Started process (PID=8752) to work on /home/airflow/.local/lib/python3.12/site-packages/airflow/example_dags/example_xcomargs.py
[2025-12-08T08:36:32.953+0000] {processor.py:914} INFO - Processing file /home/airflow/.local/lib/python3.12/site-packages/airflow/example_dags/example_xcomargs.py for tasks to queue
[2025-12-08T08:36:32.956+0000] {logging_mixin.py:190} INFO - [2025-12-08T08:36:32.955+0000] {dagbag.py:587} INFO - Filling up the DagBag from /home/airflow/.local/lib/python3.12/site-packages/airflow/example_dags/example_xcomargs.py
[2025-12-08T08:36:32.965+0000] {processor.py:925} INFO - DAG(s) 'example_xcom_args_with_operators', 'example_xcom_args' retrieved from /home/airflow/.local/lib/python3.12/site-packages/airflow/example_dags/example_xcomargs.py
[2025-12-08T08:36:32.990+0000] {logging_mixin.py:190} INFO - [2025-12-08T08:36:32.989+0000] {dag.py:3211} INFO - Sync 2 DAGs
[2025-12-08T08:36:33.002+0000] {logging_mixin.py:190} INFO - [2025-12-08T08:36:33.002+0000] {dag.py:4138} INFO - Setting next_dagrun for example_xcom_args to None, run_after=None
[2025-12-08T08:36:33.008+0000] {logging_mixin.py:190} INFO - [2025-12-08T08:36:33.007+0000] {dag.py:4138} INFO - Setting next_dagrun for example_xcom_args_with_operators to None, run_after=None
[2025-12-08T08:36:33.025+0000] {processor.py:208} INFO - Processing /home/airflow/.local/lib/python3.12/site-packages/airflow/example_dags/example_xcomargs.py took 0.080 seconds
[2025-12-08T08:37:03.685+0000] {processor.py:186} INFO - Started process (PID=8815) to work on /home/airflow/.local/lib/python3.12/site-packages/airflow/example_dags/example_xcomargs.py
[2025-12-08T08:37:03.687+0000] {processor.py:914} INFO - Processing file /home/airflow/.local/lib/python3.12/site-packages/airflow/example_dags/example_xcomargs.py for tasks to queue
[2025-12-08T08:37:03.690+0000] {logging_mixin.py:190} INFO - [2025-12-08T08:37:03.690+0000] {dagbag.py:587} INFO - Filling up the DagBag from /home/airflow/.local/lib/python3.12/site-packages/airflow/example_dags/example_xcomargs.py
[2025-12-08T08:37:03.699+0000] {processor.py:925} INFO - DAG(s) 'example_xcom_args_with_operators', 'example_xcom_args' retrieved from /home/airflow/.local/lib/python3.12/site-packages/airflow/example_dags/example_xcomargs.py
[2025-12-08T08:37:03.722+0000] {logging_mixin.py:190} INFO - [2025-12-08T08:37:03.722+0000] {dag.py:3211} INFO - Sync 2 DAGs
[2025-12-08T08:37:03.735+0000] {logging_mixin.py:190} INFO - [2025-12-08T08:37:03.735+0000] {dag.py:4138} INFO - Setting next_dagrun for example_xcom_args to None, run_after=None
[2025-12-08T08:37:03.739+0000] {logging_mixin.py:190} INFO - [2025-12-08T08:37:03.739+0000] {dag.py:4138} INFO - Setting next_dagrun for example_xcom_args_with_operators to None, run_after=None
[2025-12-08T08:37:03.757+0000] {processor.py:208} INFO - Processing /home/airflow/.local/lib/python3.12/site-packages/airflow/example_dags/example_xcomargs.py took 0.077 seconds
[2025-12-08T08:37:34.205+0000] {processor.py:186} INFO - Started process (PID=8878) to work on /home/airflow/.local/lib/python3.12/site-packages/airflow/example_dags/example_xcomargs.py
[2025-12-08T08:37:34.207+0000] {processor.py:914} INFO - Processing file /home/airflow/.local/lib/python3.12/site-packages/airflow/example_dags/example_xcomargs.py for tasks to queue
[2025-12-08T08:37:34.210+0000] {logging_mixin.py:190} INFO - [2025-12-08T08:37:34.210+0000] {dagbag.py:587} INFO - Filling up the DagBag from /home/airflow/.local/lib/python3.12/site-packages/airflow/example_dags/example_xcomargs.py
[2025-12-08T08:37:34.223+0000] {processor.py:925} INFO - DAG(s) 'example_xcom_args_with_operators', 'example_xcom_args' retrieved from /home/airflow/.local/lib/python3.12/site-packages/airflow/example_dags/example_xcomargs.py
[2025-12-08T08:37:34.248+0000] {logging_mixin.py:190} INFO - [2025-12-08T08:37:34.248+0000] {dag.py:3211} INFO - Sync 2 DAGs
[2025-12-08T08:37:34.263+0000] {logging_mixin.py:190} INFO - [2025-12-08T08:37:34.263+0000] {dag.py:4138} INFO - Setting next_dagrun for example_xcom_args to None, run_after=None
[2025-12-08T08:37:34.268+0000] {logging_mixin.py:190} INFO - [2025-12-08T08:37:34.268+0000] {dag.py:4138} INFO - Setting next_dagrun for example_xcom_args_with_operators to None, run_after=None
[2025-12-08T08:37:34.290+0000] {processor.py:208} INFO - Processing /home/airflow/.local/lib/python3.12/site-packages/airflow/example_dags/example_xcomargs.py took 0.093 seconds
[2025-12-08T08:38:04.917+0000] {processor.py:186} INFO - Started process (PID=8941) to work on /home/airflow/.local/lib/python3.12/site-packages/airflow/example_dags/example_xcomargs.py
[2025-12-08T08:38:04.919+0000] {processor.py:914} INFO - Processing file /home/airflow/.local/lib/python3.12/site-packages/airflow/example_dags/example_xcomargs.py for tasks to queue
[2025-12-08T08:38:04.923+0000] {logging_mixin.py:190} INFO - [2025-12-08T08:38:04.922+0000] {dagbag.py:587} INFO - Filling up the DagBag from /home/airflow/.local/lib/python3.12/site-packages/airflow/example_dags/example_xcomargs.py
[2025-12-08T08:38:04.934+0000] {processor.py:925} INFO - DAG(s) 'example_xcom_args_with_operators', 'example_xcom_args' retrieved from /home/airflow/.local/lib/python3.12/site-packages/airflow/example_dags/example_xcomargs.py
[2025-12-08T08:38:04.964+0000] {logging_mixin.py:190} INFO - [2025-12-08T08:38:04.964+0000] {dag.py:3211} INFO - Sync 2 DAGs
[2025-12-08T08:38:04.980+0000] {logging_mixin.py:190} INFO - [2025-12-08T08:38:04.979+0000] {dag.py:4138} INFO - Setting next_dagrun for example_xcom_args to None, run_after=None
[2025-12-08T08:38:04.984+0000] {logging_mixin.py:190} INFO - [2025-12-08T08:38:04.984+0000] {dag.py:4138} INFO - Setting next_dagrun for example_xcom_args_with_operators to None, run_after=None
[2025-12-08T08:38:05.005+0000] {processor.py:208} INFO - Processing /home/airflow/.local/lib/python3.12/site-packages/airflow/example_dags/example_xcomargs.py took 0.095 seconds
[2025-12-08T08:38:35.385+0000] {processor.py:186} INFO - Started process (PID=9002) to work on /home/airflow/.local/lib/python3.12/site-packages/airflow/example_dags/example_xcomargs.py
[2025-12-08T08:38:35.387+0000] {processor.py:914} INFO - Processing file /home/airflow/.local/lib/python3.12/site-packages/airflow/example_dags/example_xcomargs.py for tasks to queue
[2025-12-08T08:38:35.393+0000] {logging_mixin.py:190} INFO - [2025-12-08T08:38:35.392+0000] {dagbag.py:587} INFO - Filling up the DagBag from /home/airflow/.local/lib/python3.12/site-packages/airflow/example_dags/example_xcomargs.py
[2025-12-08T08:38:35.407+0000] {processor.py:925} INFO - DAG(s) 'example_xcom_args_with_operators', 'example_xcom_args' retrieved from /home/airflow/.local/lib/python3.12/site-packages/airflow/example_dags/example_xcomargs.py
[2025-12-08T08:38:35.443+0000] {logging_mixin.py:190} INFO - [2025-12-08T08:38:35.443+0000] {dag.py:3211} INFO - Sync 2 DAGs
[2025-12-08T08:38:35.469+0000] {logging_mixin.py:190} INFO - [2025-12-08T08:38:35.469+0000] {dag.py:4138} INFO - Setting next_dagrun for example_xcom_args to None, run_after=None
[2025-12-08T08:38:35.480+0000] {logging_mixin.py:190} INFO - [2025-12-08T08:38:35.479+0000] {dag.py:4138} INFO - Setting next_dagrun for example_xcom_args_with_operators to None, run_after=None
[2025-12-08T08:38:35.508+0000] {processor.py:208} INFO - Processing /home/airflow/.local/lib/python3.12/site-packages/airflow/example_dags/example_xcomargs.py took 0.132 seconds
[2025-12-08T08:39:06.690+0000] {processor.py:186} INFO - Started process (PID=9065) to work on /home/airflow/.local/lib/python3.12/site-packages/airflow/example_dags/example_xcomargs.py
[2025-12-08T08:39:06.692+0000] {processor.py:914} INFO - Processing file /home/airflow/.local/lib/python3.12/site-packages/airflow/example_dags/example_xcomargs.py for tasks to queue
[2025-12-08T08:39:06.695+0000] {logging_mixin.py:190} INFO - [2025-12-08T08:39:06.695+0000] {dagbag.py:587} INFO - Filling up the DagBag from /home/airflow/.local/lib/python3.12/site-packages/airflow/example_dags/example_xcomargs.py
[2025-12-08T08:39:06.705+0000] {processor.py:925} INFO - DAG(s) 'example_xcom_args', 'example_xcom_args_with_operators' retrieved from /home/airflow/.local/lib/python3.12/site-packages/airflow/example_dags/example_xcomargs.py
[2025-12-08T08:39:06.730+0000] {logging_mixin.py:190} INFO - [2025-12-08T08:39:06.729+0000] {dag.py:3211} INFO - Sync 2 DAGs
[2025-12-08T08:39:06.743+0000] {logging_mixin.py:190} INFO - [2025-12-08T08:39:06.742+0000] {dag.py:4138} INFO - Setting next_dagrun for example_xcom_args to None, run_after=None
[2025-12-08T08:39:06.747+0000] {logging_mixin.py:190} INFO - [2025-12-08T08:39:06.746+0000] {dag.py:4138} INFO - Setting next_dagrun for example_xcom_args_with_operators to None, run_after=None
[2025-12-08T08:39:06.910+0000] {processor.py:208} INFO - Processing /home/airflow/.local/lib/python3.12/site-packages/airflow/example_dags/example_xcomargs.py took 0.227 seconds
[2025-12-08T08:39:37.126+0000] {processor.py:186} INFO - Started process (PID=9128) to work on /home/airflow/.local/lib/python3.12/site-packages/airflow/example_dags/example_xcomargs.py
[2025-12-08T08:39:37.128+0000] {processor.py:914} INFO - Processing file /home/airflow/.local/lib/python3.12/site-packages/airflow/example_dags/example_xcomargs.py for tasks to queue
[2025-12-08T08:39:37.132+0000] {logging_mixin.py:190} INFO - [2025-12-08T08:39:37.132+0000] {dagbag.py:587} INFO - Filling up the DagBag from /home/airflow/.local/lib/python3.12/site-packages/airflow/example_dags/example_xcomargs.py
[2025-12-08T08:39:37.144+0000] {processor.py:925} INFO - DAG(s) 'example_xcom_args', 'example_xcom_args_with_operators' retrieved from /home/airflow/.local/lib/python3.12/site-packages/airflow/example_dags/example_xcomargs.py
[2025-12-08T08:39:37.173+0000] {logging_mixin.py:190} INFO - [2025-12-08T08:39:37.173+0000] {dag.py:3211} INFO - Sync 2 DAGs
[2025-12-08T08:39:37.189+0000] {logging_mixin.py:190} INFO - [2025-12-08T08:39:37.188+0000] {dag.py:4138} INFO - Setting next_dagrun for example_xcom_args to None, run_after=None
[2025-12-08T08:39:37.194+0000] {logging_mixin.py:190} INFO - [2025-12-08T08:39:37.194+0000] {dag.py:4138} INFO - Setting next_dagrun for example_xcom_args_with_operators to None, run_after=None
[2025-12-08T08:39:37.217+0000] {processor.py:208} INFO - Processing /home/airflow/.local/lib/python3.12/site-packages/airflow/example_dags/example_xcomargs.py took 0.097 seconds
[2025-12-08T08:40:08.243+0000] {processor.py:186} INFO - Started process (PID=9191) to work on /home/airflow/.local/lib/python3.12/site-packages/airflow/example_dags/example_xcomargs.py
[2025-12-08T08:40:08.245+0000] {processor.py:914} INFO - Processing file /home/airflow/.local/lib/python3.12/site-packages/airflow/example_dags/example_xcomargs.py for tasks to queue
[2025-12-08T08:40:08.248+0000] {logging_mixin.py:190} INFO - [2025-12-08T08:40:08.247+0000] {dagbag.py:587} INFO - Filling up the DagBag from /home/airflow/.local/lib/python3.12/site-packages/airflow/example_dags/example_xcomargs.py
[2025-12-08T08:40:08.258+0000] {processor.py:925} INFO - DAG(s) 'example_xcom_args', 'example_xcom_args_with_operators' retrieved from /home/airflow/.local/lib/python3.12/site-packages/airflow/example_dags/example_xcomargs.py
[2025-12-08T08:40:08.288+0000] {logging_mixin.py:190} INFO - [2025-12-08T08:40:08.287+0000] {dag.py:3211} INFO - Sync 2 DAGs
[2025-12-08T08:40:08.301+0000] {logging_mixin.py:190} INFO - [2025-12-08T08:40:08.301+0000] {dag.py:4138} INFO - Setting next_dagrun for example_xcom_args to None, run_after=None
[2025-12-08T08:40:08.306+0000] {logging_mixin.py:190} INFO - [2025-12-08T08:40:08.306+0000] {dag.py:4138} INFO - Setting next_dagrun for example_xcom_args_with_operators to None, run_after=None
[2025-12-08T08:40:08.327+0000] {processor.py:208} INFO - Processing /home/airflow/.local/lib/python3.12/site-packages/airflow/example_dags/example_xcomargs.py took 0.091 seconds
[2025-12-08T08:40:38.853+0000] {processor.py:186} INFO - Started process (PID=9254) to work on /home/airflow/.local/lib/python3.12/site-packages/airflow/example_dags/example_xcomargs.py
[2025-12-08T08:40:38.854+0000] {processor.py:914} INFO - Processing file /home/airflow/.local/lib/python3.12/site-packages/airflow/example_dags/example_xcomargs.py for tasks to queue
[2025-12-08T08:40:38.858+0000] {logging_mixin.py:190} INFO - [2025-12-08T08:40:38.858+0000] {dagbag.py:587} INFO - Filling up the DagBag from /home/airflow/.local/lib/python3.12/site-packages/airflow/example_dags/example_xcomargs.py
[2025-12-08T08:40:38.869+0000] {processor.py:925} INFO - DAG(s) 'example_xcom_args_with_operators', 'example_xcom_args' retrieved from /home/airflow/.local/lib/python3.12/site-packages/airflow/example_dags/example_xcomargs.py
[2025-12-08T08:40:38.894+0000] {logging_mixin.py:190} INFO - [2025-12-08T08:40:38.894+0000] {dag.py:3211} INFO - Sync 2 DAGs
[2025-12-08T08:40:38.906+0000] {logging_mixin.py:190} INFO - [2025-12-08T08:40:38.906+0000] {dag.py:4138} INFO - Setting next_dagrun for example_xcom_args to None, run_after=None
[2025-12-08T08:40:38.910+0000] {logging_mixin.py:190} INFO - [2025-12-08T08:40:38.910+0000] {dag.py:4138} INFO - Setting next_dagrun for example_xcom_args_with_operators to None, run_after=None
[2025-12-08T08:40:38.928+0000] {processor.py:208} INFO - Processing /home/airflow/.local/lib/python3.12/site-packages/airflow/example_dags/example_xcomargs.py took 0.080 seconds
[2025-12-08T08:41:09.047+0000] {processor.py:186} INFO - Started process (PID=9317) to work on /home/airflow/.local/lib/python3.12/site-packages/airflow/example_dags/example_xcomargs.py
[2025-12-08T08:41:09.049+0000] {processor.py:914} INFO - Processing file /home/airflow/.local/lib/python3.12/site-packages/airflow/example_dags/example_xcomargs.py for tasks to queue
[2025-12-08T08:41:09.054+0000] {logging_mixin.py:190} INFO - [2025-12-08T08:41:09.053+0000] {dagbag.py:587} INFO - Filling up the DagBag from /home/airflow/.local/lib/python3.12/site-packages/airflow/example_dags/example_xcomargs.py
[2025-12-08T08:41:09.068+0000] {processor.py:925} INFO - DAG(s) 'example_xcom_args', 'example_xcom_args_with_operators' retrieved from /home/airflow/.local/lib/python3.12/site-packages/airflow/example_dags/example_xcomargs.py
[2025-12-08T08:41:09.100+0000] {logging_mixin.py:190} INFO - [2025-12-08T08:41:09.100+0000] {dag.py:3211} INFO - Sync 2 DAGs
[2025-12-08T08:41:09.117+0000] {logging_mixin.py:190} INFO - [2025-12-08T08:41:09.117+0000] {dag.py:4138} INFO - Setting next_dagrun for example_xcom_args to None, run_after=None
[2025-12-08T08:41:09.123+0000] {logging_mixin.py:190} INFO - [2025-12-08T08:41:09.123+0000] {dag.py:4138} INFO - Setting next_dagrun for example_xcom_args_with_operators to None, run_after=None
[2025-12-08T08:41:09.147+0000] {processor.py:208} INFO - Processing /home/airflow/.local/lib/python3.12/site-packages/airflow/example_dags/example_xcomargs.py took 0.108 seconds
[2025-12-08T08:41:40.236+0000] {processor.py:186} INFO - Started process (PID=9381) to work on /home/airflow/.local/lib/python3.12/site-packages/airflow/example_dags/example_xcomargs.py
[2025-12-08T08:41:40.238+0000] {processor.py:914} INFO - Processing file /home/airflow/.local/lib/python3.12/site-packages/airflow/example_dags/example_xcomargs.py for tasks to queue
[2025-12-08T08:41:40.242+0000] {logging_mixin.py:190} INFO - [2025-12-08T08:41:40.241+0000] {dagbag.py:587} INFO - Filling up the DagBag from /home/airflow/.local/lib/python3.12/site-packages/airflow/example_dags/example_xcomargs.py
[2025-12-08T08:41:40.253+0000] {processor.py:925} INFO - DAG(s) 'example_xcom_args', 'example_xcom_args_with_operators' retrieved from /home/airflow/.local/lib/python3.12/site-packages/airflow/example_dags/example_xcomargs.py
[2025-12-08T08:41:40.465+0000] {logging_mixin.py:190} INFO - [2025-12-08T08:41:40.465+0000] {dag.py:3211} INFO - Sync 2 DAGs
[2025-12-08T08:41:40.482+0000] {logging_mixin.py:190} INFO - [2025-12-08T08:41:40.482+0000] {dag.py:4138} INFO - Setting next_dagrun for example_xcom_args to None, run_after=None
[2025-12-08T08:41:40.488+0000] {logging_mixin.py:190} INFO - [2025-12-08T08:41:40.488+0000] {dag.py:4138} INFO - Setting next_dagrun for example_xcom_args_with_operators to None, run_after=None
[2025-12-08T08:41:40.511+0000] {processor.py:208} INFO - Processing /home/airflow/.local/lib/python3.12/site-packages/airflow/example_dags/example_xcomargs.py took 0.282 seconds
[2025-12-08T08:42:10.776+0000] {processor.py:186} INFO - Started process (PID=9443) to work on /home/airflow/.local/lib/python3.12/site-packages/airflow/example_dags/example_xcomargs.py
[2025-12-08T08:42:10.778+0000] {processor.py:914} INFO - Processing file /home/airflow/.local/lib/python3.12/site-packages/airflow/example_dags/example_xcomargs.py for tasks to queue
[2025-12-08T08:42:10.782+0000] {logging_mixin.py:190} INFO - [2025-12-08T08:42:10.782+0000] {dagbag.py:587} INFO - Filling up the DagBag from /home/airflow/.local/lib/python3.12/site-packages/airflow/example_dags/example_xcomargs.py
[2025-12-08T08:42:10.792+0000] {processor.py:925} INFO - DAG(s) 'example_xcom_args_with_operators', 'example_xcom_args' retrieved from /home/airflow/.local/lib/python3.12/site-packages/airflow/example_dags/example_xcomargs.py
[2025-12-08T08:42:10.817+0000] {logging_mixin.py:190} INFO - [2025-12-08T08:42:10.817+0000] {dag.py:3211} INFO - Sync 2 DAGs
[2025-12-08T08:42:10.829+0000] {logging_mixin.py:190} INFO - [2025-12-08T08:42:10.829+0000] {dag.py:4138} INFO - Setting next_dagrun for example_xcom_args to None, run_after=None
[2025-12-08T08:42:10.833+0000] {logging_mixin.py:190} INFO - [2025-12-08T08:42:10.833+0000] {dag.py:4138} INFO - Setting next_dagrun for example_xcom_args_with_operators to None, run_after=None
[2025-12-08T08:42:10.850+0000] {processor.py:208} INFO - Processing /home/airflow/.local/lib/python3.12/site-packages/airflow/example_dags/example_xcomargs.py took 0.080 seconds
[2025-12-08T08:42:41.372+0000] {processor.py:186} INFO - Started process (PID=9505) to work on /home/airflow/.local/lib/python3.12/site-packages/airflow/example_dags/example_xcomargs.py
[2025-12-08T08:42:41.373+0000] {processor.py:914} INFO - Processing file /home/airflow/.local/lib/python3.12/site-packages/airflow/example_dags/example_xcomargs.py for tasks to queue
[2025-12-08T08:42:41.377+0000] {logging_mixin.py:190} INFO - [2025-12-08T08:42:41.376+0000] {dagbag.py:587} INFO - Filling up the DagBag from /home/airflow/.local/lib/python3.12/site-packages/airflow/example_dags/example_xcomargs.py
[2025-12-08T08:42:41.386+0000] {processor.py:925} INFO - DAG(s) 'example_xcom_args_with_operators', 'example_xcom_args' retrieved from /home/airflow/.local/lib/python3.12/site-packages/airflow/example_dags/example_xcomargs.py
[2025-12-08T08:42:41.413+0000] {logging_mixin.py:190} INFO - [2025-12-08T08:42:41.413+0000] {dag.py:3211} INFO - Sync 2 DAGs
[2025-12-08T08:42:41.429+0000] {logging_mixin.py:190} INFO - [2025-12-08T08:42:41.429+0000] {dag.py:4138} INFO - Setting next_dagrun for example_xcom_args to None, run_after=None
[2025-12-08T08:42:41.434+0000] {logging_mixin.py:190} INFO - [2025-12-08T08:42:41.434+0000] {dag.py:4138} INFO - Setting next_dagrun for example_xcom_args_with_operators to None, run_after=None
[2025-12-08T08:42:41.457+0000] {processor.py:208} INFO - Processing /home/airflow/.local/lib/python3.12/site-packages/airflow/example_dags/example_xcomargs.py took 0.091 seconds
