[2025-12-08T07:00:43.856+0000] {processor.py:186} INFO - Started process (PID=122) to work on /home/airflow/.local/lib/python3.12/site-packages/airflow/example_dags/example_setup_teardown_taskflow.py
[2025-12-08T07:00:43.862+0000] {processor.py:914} INFO - Processing file /home/airflow/.local/lib/python3.12/site-packages/airflow/example_dags/example_setup_teardown_taskflow.py for tasks to queue
[2025-12-08T07:00:43.878+0000] {logging_mixin.py:190} INFO - [2025-12-08T07:00:43.877+0000] {dagbag.py:587} INFO - Filling up the DagBag from /home/airflow/.local/lib/python3.12/site-packages/airflow/example_dags/example_setup_teardown_taskflow.py
[2025-12-08T07:00:43.909+0000] {processor.py:925} INFO - DAG(s) 'example_setup_teardown_taskflow' retrieved from /home/airflow/.local/lib/python3.12/site-packages/airflow/example_dags/example_setup_teardown_taskflow.py
[2025-12-08T07:00:43.971+0000] {logging_mixin.py:190} INFO - [2025-12-08T07:00:43.970+0000] {dag.py:3211} INFO - Sync 1 DAGs
[2025-12-08T07:00:44.042+0000] {logging_mixin.py:190} INFO - [2025-12-08T07:00:44.041+0000] {dag.py:4138} INFO - Setting next_dagrun for example_setup_teardown_taskflow to 2025-12-07 00:00:00+00:00, run_after=2025-12-08 00:00:00+00:00
[2025-12-08T07:00:44.091+0000] {processor.py:208} INFO - Processing /home/airflow/.local/lib/python3.12/site-packages/airflow/example_dags/example_setup_teardown_taskflow.py took 0.246 seconds
[2025-12-08T07:01:14.301+0000] {processor.py:186} INFO - Started process (PID=184) to work on /home/airflow/.local/lib/python3.12/site-packages/airflow/example_dags/example_setup_teardown_taskflow.py
[2025-12-08T07:01:14.303+0000] {processor.py:914} INFO - Processing file /home/airflow/.local/lib/python3.12/site-packages/airflow/example_dags/example_setup_teardown_taskflow.py for tasks to queue
[2025-12-08T07:01:14.308+0000] {logging_mixin.py:190} INFO - [2025-12-08T07:01:14.307+0000] {dagbag.py:587} INFO - Filling up the DagBag from /home/airflow/.local/lib/python3.12/site-packages/airflow/example_dags/example_setup_teardown_taskflow.py
[2025-12-08T07:01:14.328+0000] {processor.py:925} INFO - DAG(s) 'example_setup_teardown_taskflow' retrieved from /home/airflow/.local/lib/python3.12/site-packages/airflow/example_dags/example_setup_teardown_taskflow.py
[2025-12-08T07:01:14.402+0000] {logging_mixin.py:190} INFO - [2025-12-08T07:01:14.401+0000] {dag.py:3211} INFO - Sync 1 DAGs
[2025-12-08T07:01:14.449+0000] {logging_mixin.py:190} INFO - [2025-12-08T07:01:14.449+0000] {dag.py:4138} INFO - Setting next_dagrun for example_setup_teardown_taskflow to 2025-12-07 00:00:00+00:00, run_after=2025-12-08 00:00:00+00:00
[2025-12-08T07:01:14.493+0000] {processor.py:208} INFO - Processing /home/airflow/.local/lib/python3.12/site-packages/airflow/example_dags/example_setup_teardown_taskflow.py took 0.203 seconds
[2025-12-08T07:01:45.771+0000] {processor.py:186} INFO - Started process (PID=246) to work on /home/airflow/.local/lib/python3.12/site-packages/airflow/example_dags/example_setup_teardown_taskflow.py
[2025-12-08T07:01:45.776+0000] {processor.py:914} INFO - Processing file /home/airflow/.local/lib/python3.12/site-packages/airflow/example_dags/example_setup_teardown_taskflow.py for tasks to queue
[2025-12-08T07:01:45.782+0000] {logging_mixin.py:190} INFO - [2025-12-08T07:01:45.782+0000] {dagbag.py:587} INFO - Filling up the DagBag from /home/airflow/.local/lib/python3.12/site-packages/airflow/example_dags/example_setup_teardown_taskflow.py
[2025-12-08T07:01:45.810+0000] {processor.py:925} INFO - DAG(s) 'example_setup_teardown_taskflow' retrieved from /home/airflow/.local/lib/python3.12/site-packages/airflow/example_dags/example_setup_teardown_taskflow.py
[2025-12-08T07:01:45.867+0000] {logging_mixin.py:190} INFO - [2025-12-08T07:01:45.867+0000] {dag.py:3211} INFO - Sync 1 DAGs
[2025-12-08T07:01:45.914+0000] {logging_mixin.py:190} INFO - [2025-12-08T07:01:45.913+0000] {dag.py:4138} INFO - Setting next_dagrun for example_setup_teardown_taskflow to 2025-12-07 00:00:00+00:00, run_after=2025-12-08 00:00:00+00:00
[2025-12-08T07:01:45.956+0000] {processor.py:208} INFO - Processing /home/airflow/.local/lib/python3.12/site-packages/airflow/example_dags/example_setup_teardown_taskflow.py took 0.197 seconds
[2025-12-08T07:02:17.543+0000] {processor.py:186} INFO - Started process (PID=308) to work on /home/airflow/.local/lib/python3.12/site-packages/airflow/example_dags/example_setup_teardown_taskflow.py
[2025-12-08T07:02:17.547+0000] {processor.py:914} INFO - Processing file /home/airflow/.local/lib/python3.12/site-packages/airflow/example_dags/example_setup_teardown_taskflow.py for tasks to queue
[2025-12-08T07:02:17.552+0000] {logging_mixin.py:190} INFO - [2025-12-08T07:02:17.551+0000] {dagbag.py:587} INFO - Filling up the DagBag from /home/airflow/.local/lib/python3.12/site-packages/airflow/example_dags/example_setup_teardown_taskflow.py
[2025-12-08T07:02:17.583+0000] {processor.py:925} INFO - DAG(s) 'example_setup_teardown_taskflow' retrieved from /home/airflow/.local/lib/python3.12/site-packages/airflow/example_dags/example_setup_teardown_taskflow.py
[2025-12-08T07:02:17.646+0000] {logging_mixin.py:190} INFO - [2025-12-08T07:02:17.645+0000] {dag.py:3211} INFO - Sync 1 DAGs
[2025-12-08T07:02:17.695+0000] {logging_mixin.py:190} INFO - [2025-12-08T07:02:17.695+0000] {dag.py:4138} INFO - Setting next_dagrun for example_setup_teardown_taskflow to 2025-12-07 00:00:00+00:00, run_after=2025-12-08 00:00:00+00:00
[2025-12-08T07:02:17.738+0000] {processor.py:208} INFO - Processing /home/airflow/.local/lib/python3.12/site-packages/airflow/example_dags/example_setup_teardown_taskflow.py took 0.218 seconds
[2025-12-08T07:02:47.966+0000] {processor.py:186} INFO - Started process (PID=370) to work on /home/airflow/.local/lib/python3.12/site-packages/airflow/example_dags/example_setup_teardown_taskflow.py
[2025-12-08T07:02:47.968+0000] {processor.py:914} INFO - Processing file /home/airflow/.local/lib/python3.12/site-packages/airflow/example_dags/example_setup_teardown_taskflow.py for tasks to queue
[2025-12-08T07:02:47.976+0000] {logging_mixin.py:190} INFO - [2025-12-08T07:02:47.975+0000] {dagbag.py:587} INFO - Filling up the DagBag from /home/airflow/.local/lib/python3.12/site-packages/airflow/example_dags/example_setup_teardown_taskflow.py
[2025-12-08T07:02:47.996+0000] {processor.py:925} INFO - DAG(s) 'example_setup_teardown_taskflow' retrieved from /home/airflow/.local/lib/python3.12/site-packages/airflow/example_dags/example_setup_teardown_taskflow.py
[2025-12-08T07:02:48.049+0000] {logging_mixin.py:190} INFO - [2025-12-08T07:02:48.048+0000] {dag.py:3211} INFO - Sync 1 DAGs
[2025-12-08T07:02:48.099+0000] {logging_mixin.py:190} INFO - [2025-12-08T07:02:48.099+0000] {dag.py:4138} INFO - Setting next_dagrun for example_setup_teardown_taskflow to 2025-12-07 00:00:00+00:00, run_after=2025-12-08 00:00:00+00:00
[2025-12-08T07:02:48.145+0000] {processor.py:208} INFO - Processing /home/airflow/.local/lib/python3.12/site-packages/airflow/example_dags/example_setup_teardown_taskflow.py took 0.189 seconds
[2025-12-08T07:03:18.414+0000] {processor.py:186} INFO - Started process (PID=431) to work on /home/airflow/.local/lib/python3.12/site-packages/airflow/example_dags/example_setup_teardown_taskflow.py
[2025-12-08T07:03:18.416+0000] {processor.py:914} INFO - Processing file /home/airflow/.local/lib/python3.12/site-packages/airflow/example_dags/example_setup_teardown_taskflow.py for tasks to queue
[2025-12-08T07:03:18.421+0000] {logging_mixin.py:190} INFO - [2025-12-08T07:03:18.420+0000] {dagbag.py:587} INFO - Filling up the DagBag from /home/airflow/.local/lib/python3.12/site-packages/airflow/example_dags/example_setup_teardown_taskflow.py
[2025-12-08T07:03:18.437+0000] {processor.py:925} INFO - DAG(s) 'example_setup_teardown_taskflow' retrieved from /home/airflow/.local/lib/python3.12/site-packages/airflow/example_dags/example_setup_teardown_taskflow.py
[2025-12-08T07:03:18.479+0000] {logging_mixin.py:190} INFO - [2025-12-08T07:03:18.478+0000] {dag.py:3211} INFO - Sync 1 DAGs
[2025-12-08T07:03:18.521+0000] {logging_mixin.py:190} INFO - [2025-12-08T07:03:18.521+0000] {dag.py:4138} INFO - Setting next_dagrun for example_setup_teardown_taskflow to 2025-12-07 00:00:00+00:00, run_after=2025-12-08 00:00:00+00:00
[2025-12-08T07:03:18.556+0000] {processor.py:208} INFO - Processing /home/airflow/.local/lib/python3.12/site-packages/airflow/example_dags/example_setup_teardown_taskflow.py took 0.151 seconds
[2025-12-08T07:03:48.871+0000] {processor.py:186} INFO - Started process (PID=494) to work on /home/airflow/.local/lib/python3.12/site-packages/airflow/example_dags/example_setup_teardown_taskflow.py
[2025-12-08T07:03:48.874+0000] {processor.py:914} INFO - Processing file /home/airflow/.local/lib/python3.12/site-packages/airflow/example_dags/example_setup_teardown_taskflow.py for tasks to queue
[2025-12-08T07:03:48.879+0000] {logging_mixin.py:190} INFO - [2025-12-08T07:03:48.879+0000] {dagbag.py:587} INFO - Filling up the DagBag from /home/airflow/.local/lib/python3.12/site-packages/airflow/example_dags/example_setup_teardown_taskflow.py
[2025-12-08T07:03:48.907+0000] {processor.py:925} INFO - DAG(s) 'example_setup_teardown_taskflow' retrieved from /home/airflow/.local/lib/python3.12/site-packages/airflow/example_dags/example_setup_teardown_taskflow.py
[2025-12-08T07:03:48.948+0000] {logging_mixin.py:190} INFO - [2025-12-08T07:03:48.947+0000] {dag.py:3211} INFO - Sync 1 DAGs
[2025-12-08T07:03:48.994+0000] {logging_mixin.py:190} INFO - [2025-12-08T07:03:48.994+0000] {dag.py:4138} INFO - Setting next_dagrun for example_setup_teardown_taskflow to 2025-12-07 00:00:00+00:00, run_after=2025-12-08 00:00:00+00:00
[2025-12-08T07:03:49.032+0000] {processor.py:208} INFO - Processing /home/airflow/.local/lib/python3.12/site-packages/airflow/example_dags/example_setup_teardown_taskflow.py took 0.169 seconds
[2025-12-08T07:04:20.211+0000] {processor.py:186} INFO - Started process (PID=556) to work on /home/airflow/.local/lib/python3.12/site-packages/airflow/example_dags/example_setup_teardown_taskflow.py
[2025-12-08T07:04:20.213+0000] {processor.py:914} INFO - Processing file /home/airflow/.local/lib/python3.12/site-packages/airflow/example_dags/example_setup_teardown_taskflow.py for tasks to queue
[2025-12-08T07:04:20.217+0000] {logging_mixin.py:190} INFO - [2025-12-08T07:04:20.216+0000] {dagbag.py:587} INFO - Filling up the DagBag from /home/airflow/.local/lib/python3.12/site-packages/airflow/example_dags/example_setup_teardown_taskflow.py
[2025-12-08T07:04:20.234+0000] {processor.py:925} INFO - DAG(s) 'example_setup_teardown_taskflow' retrieved from /home/airflow/.local/lib/python3.12/site-packages/airflow/example_dags/example_setup_teardown_taskflow.py
[2025-12-08T07:04:20.274+0000] {logging_mixin.py:190} INFO - [2025-12-08T07:04:20.274+0000] {dag.py:3211} INFO - Sync 1 DAGs
[2025-12-08T07:04:20.310+0000] {logging_mixin.py:190} INFO - [2025-12-08T07:04:20.310+0000] {dag.py:4138} INFO - Setting next_dagrun for example_setup_teardown_taskflow to 2025-12-07 00:00:00+00:00, run_after=2025-12-08 00:00:00+00:00
[2025-12-08T07:04:20.342+0000] {processor.py:208} INFO - Processing /home/airflow/.local/lib/python3.12/site-packages/airflow/example_dags/example_setup_teardown_taskflow.py took 0.141 seconds
[2025-12-08T07:04:50.937+0000] {processor.py:186} INFO - Started process (PID=618) to work on /home/airflow/.local/lib/python3.12/site-packages/airflow/example_dags/example_setup_teardown_taskflow.py
[2025-12-08T07:04:50.940+0000] {processor.py:914} INFO - Processing file /home/airflow/.local/lib/python3.12/site-packages/airflow/example_dags/example_setup_teardown_taskflow.py for tasks to queue
[2025-12-08T07:04:50.944+0000] {logging_mixin.py:190} INFO - [2025-12-08T07:04:50.943+0000] {dagbag.py:587} INFO - Filling up the DagBag from /home/airflow/.local/lib/python3.12/site-packages/airflow/example_dags/example_setup_teardown_taskflow.py
[2025-12-08T07:04:50.969+0000] {processor.py:925} INFO - DAG(s) 'example_setup_teardown_taskflow' retrieved from /home/airflow/.local/lib/python3.12/site-packages/airflow/example_dags/example_setup_teardown_taskflow.py
[2025-12-08T07:04:51.010+0000] {logging_mixin.py:190} INFO - [2025-12-08T07:04:51.010+0000] {dag.py:3211} INFO - Sync 1 DAGs
[2025-12-08T07:04:51.063+0000] {logging_mixin.py:190} INFO - [2025-12-08T07:04:51.063+0000] {dag.py:4138} INFO - Setting next_dagrun for example_setup_teardown_taskflow to 2025-12-07 00:00:00+00:00, run_after=2025-12-08 00:00:00+00:00
[2025-12-08T07:04:51.108+0000] {processor.py:208} INFO - Processing /home/airflow/.local/lib/python3.12/site-packages/airflow/example_dags/example_setup_teardown_taskflow.py took 0.182 seconds
[2025-12-08T07:05:22.279+0000] {processor.py:186} INFO - Started process (PID=680) to work on /home/airflow/.local/lib/python3.12/site-packages/airflow/example_dags/example_setup_teardown_taskflow.py
[2025-12-08T07:05:22.282+0000] {processor.py:914} INFO - Processing file /home/airflow/.local/lib/python3.12/site-packages/airflow/example_dags/example_setup_teardown_taskflow.py for tasks to queue
[2025-12-08T07:05:22.287+0000] {logging_mixin.py:190} INFO - [2025-12-08T07:05:22.286+0000] {dagbag.py:587} INFO - Filling up the DagBag from /home/airflow/.local/lib/python3.12/site-packages/airflow/example_dags/example_setup_teardown_taskflow.py
[2025-12-08T07:05:22.320+0000] {processor.py:925} INFO - DAG(s) 'example_setup_teardown_taskflow' retrieved from /home/airflow/.local/lib/python3.12/site-packages/airflow/example_dags/example_setup_teardown_taskflow.py
[2025-12-08T07:05:22.379+0000] {logging_mixin.py:190} INFO - [2025-12-08T07:05:22.378+0000] {dag.py:3211} INFO - Sync 1 DAGs
[2025-12-08T07:05:22.423+0000] {logging_mixin.py:190} INFO - [2025-12-08T07:05:22.423+0000] {dag.py:4138} INFO - Setting next_dagrun for example_setup_teardown_taskflow to 2025-12-07 00:00:00+00:00, run_after=2025-12-08 00:00:00+00:00
[2025-12-08T07:05:22.475+0000] {processor.py:208} INFO - Processing /home/airflow/.local/lib/python3.12/site-packages/airflow/example_dags/example_setup_teardown_taskflow.py took 0.207 seconds
[2025-12-08T07:07:44.574+0000] {processor.py:186} INFO - Started process (PID=116) to work on /home/airflow/.local/lib/python3.12/site-packages/airflow/example_dags/example_setup_teardown_taskflow.py
[2025-12-08T07:07:44.581+0000] {processor.py:914} INFO - Processing file /home/airflow/.local/lib/python3.12/site-packages/airflow/example_dags/example_setup_teardown_taskflow.py for tasks to queue
[2025-12-08T07:07:44.591+0000] {logging_mixin.py:190} INFO - [2025-12-08T07:07:44.590+0000] {dagbag.py:587} INFO - Filling up the DagBag from /home/airflow/.local/lib/python3.12/site-packages/airflow/example_dags/example_setup_teardown_taskflow.py
[2025-12-08T07:07:44.617+0000] {processor.py:925} INFO - DAG(s) 'example_setup_teardown_taskflow' retrieved from /home/airflow/.local/lib/python3.12/site-packages/airflow/example_dags/example_setup_teardown_taskflow.py
[2025-12-08T07:07:44.726+0000] {logging_mixin.py:190} INFO - [2025-12-08T07:07:44.726+0000] {dag.py:3211} INFO - Sync 1 DAGs
[2025-12-08T07:07:44.832+0000] {logging_mixin.py:190} INFO - [2025-12-08T07:07:44.831+0000] {dag.py:4138} INFO - Setting next_dagrun for example_setup_teardown_taskflow to 2025-12-07 00:00:00+00:00, run_after=2025-12-08 00:00:00+00:00
[2025-12-08T07:07:44.898+0000] {processor.py:208} INFO - Processing /home/airflow/.local/lib/python3.12/site-packages/airflow/example_dags/example_setup_teardown_taskflow.py took 0.338 seconds
[2025-12-08T07:08:15.150+0000] {processor.py:186} INFO - Started process (PID=178) to work on /home/airflow/.local/lib/python3.12/site-packages/airflow/example_dags/example_setup_teardown_taskflow.py
[2025-12-08T07:08:15.155+0000] {processor.py:914} INFO - Processing file /home/airflow/.local/lib/python3.12/site-packages/airflow/example_dags/example_setup_teardown_taskflow.py for tasks to queue
[2025-12-08T07:08:15.162+0000] {logging_mixin.py:190} INFO - [2025-12-08T07:08:15.161+0000] {dagbag.py:587} INFO - Filling up the DagBag from /home/airflow/.local/lib/python3.12/site-packages/airflow/example_dags/example_setup_teardown_taskflow.py
[2025-12-08T07:08:15.194+0000] {processor.py:925} INFO - DAG(s) 'example_setup_teardown_taskflow' retrieved from /home/airflow/.local/lib/python3.12/site-packages/airflow/example_dags/example_setup_teardown_taskflow.py
[2025-12-08T07:08:15.262+0000] {logging_mixin.py:190} INFO - [2025-12-08T07:08:15.261+0000] {dag.py:3211} INFO - Sync 1 DAGs
[2025-12-08T07:08:15.315+0000] {logging_mixin.py:190} INFO - [2025-12-08T07:08:15.315+0000] {dag.py:4138} INFO - Setting next_dagrun for example_setup_teardown_taskflow to 2025-12-07 00:00:00+00:00, run_after=2025-12-08 00:00:00+00:00
[2025-12-08T07:08:15.381+0000] {processor.py:208} INFO - Processing /home/airflow/.local/lib/python3.12/site-packages/airflow/example_dags/example_setup_teardown_taskflow.py took 0.245 seconds
[2025-12-08T07:08:46.045+0000] {processor.py:186} INFO - Started process (PID=240) to work on /home/airflow/.local/lib/python3.12/site-packages/airflow/example_dags/example_setup_teardown_taskflow.py
[2025-12-08T07:08:46.046+0000] {processor.py:914} INFO - Processing file /home/airflow/.local/lib/python3.12/site-packages/airflow/example_dags/example_setup_teardown_taskflow.py for tasks to queue
[2025-12-08T07:08:46.049+0000] {logging_mixin.py:190} INFO - [2025-12-08T07:08:46.049+0000] {dagbag.py:587} INFO - Filling up the DagBag from /home/airflow/.local/lib/python3.12/site-packages/airflow/example_dags/example_setup_teardown_taskflow.py
[2025-12-08T07:08:46.063+0000] {processor.py:925} INFO - DAG(s) 'example_setup_teardown_taskflow' retrieved from /home/airflow/.local/lib/python3.12/site-packages/airflow/example_dags/example_setup_teardown_taskflow.py
[2025-12-08T07:08:46.085+0000] {logging_mixin.py:190} INFO - [2025-12-08T07:08:46.084+0000] {dag.py:3211} INFO - Sync 1 DAGs
[2025-12-08T07:08:46.107+0000] {logging_mixin.py:190} INFO - [2025-12-08T07:08:46.107+0000] {dag.py:4138} INFO - Setting next_dagrun for example_setup_teardown_taskflow to 2025-12-07 00:00:00+00:00, run_after=2025-12-08 00:00:00+00:00
[2025-12-08T07:08:46.130+0000] {processor.py:208} INFO - Processing /home/airflow/.local/lib/python3.12/site-packages/airflow/example_dags/example_setup_teardown_taskflow.py took 0.090 seconds
[2025-12-08T07:09:16.599+0000] {processor.py:186} INFO - Started process (PID=302) to work on /home/airflow/.local/lib/python3.12/site-packages/airflow/example_dags/example_setup_teardown_taskflow.py
[2025-12-08T07:09:16.600+0000] {processor.py:914} INFO - Processing file /home/airflow/.local/lib/python3.12/site-packages/airflow/example_dags/example_setup_teardown_taskflow.py for tasks to queue
[2025-12-08T07:09:16.604+0000] {logging_mixin.py:190} INFO - [2025-12-08T07:09:16.604+0000] {dagbag.py:587} INFO - Filling up the DagBag from /home/airflow/.local/lib/python3.12/site-packages/airflow/example_dags/example_setup_teardown_taskflow.py
[2025-12-08T07:09:16.616+0000] {processor.py:925} INFO - DAG(s) 'example_setup_teardown_taskflow' retrieved from /home/airflow/.local/lib/python3.12/site-packages/airflow/example_dags/example_setup_teardown_taskflow.py
[2025-12-08T07:09:16.643+0000] {logging_mixin.py:190} INFO - [2025-12-08T07:09:16.643+0000] {dag.py:3211} INFO - Sync 1 DAGs
[2025-12-08T07:09:16.670+0000] {logging_mixin.py:190} INFO - [2025-12-08T07:09:16.670+0000] {dag.py:4138} INFO - Setting next_dagrun for example_setup_teardown_taskflow to 2025-12-07 00:00:00+00:00, run_after=2025-12-08 00:00:00+00:00
[2025-12-08T07:09:16.695+0000] {processor.py:208} INFO - Processing /home/airflow/.local/lib/python3.12/site-packages/airflow/example_dags/example_setup_teardown_taskflow.py took 0.104 seconds
[2025-12-08T07:09:47.539+0000] {processor.py:186} INFO - Started process (PID=364) to work on /home/airflow/.local/lib/python3.12/site-packages/airflow/example_dags/example_setup_teardown_taskflow.py
[2025-12-08T07:09:47.541+0000] {processor.py:914} INFO - Processing file /home/airflow/.local/lib/python3.12/site-packages/airflow/example_dags/example_setup_teardown_taskflow.py for tasks to queue
[2025-12-08T07:09:47.545+0000] {logging_mixin.py:190} INFO - [2025-12-08T07:09:47.544+0000] {dagbag.py:587} INFO - Filling up the DagBag from /home/airflow/.local/lib/python3.12/site-packages/airflow/example_dags/example_setup_teardown_taskflow.py
[2025-12-08T07:09:47.555+0000] {processor.py:925} INFO - DAG(s) 'example_setup_teardown_taskflow' retrieved from /home/airflow/.local/lib/python3.12/site-packages/airflow/example_dags/example_setup_teardown_taskflow.py
[2025-12-08T07:09:47.578+0000] {logging_mixin.py:190} INFO - [2025-12-08T07:09:47.578+0000] {dag.py:3211} INFO - Sync 1 DAGs
[2025-12-08T07:09:47.602+0000] {logging_mixin.py:190} INFO - [2025-12-08T07:09:47.602+0000] {dag.py:4138} INFO - Setting next_dagrun for example_setup_teardown_taskflow to 2025-12-07 00:00:00+00:00, run_after=2025-12-08 00:00:00+00:00
[2025-12-08T07:09:47.626+0000] {processor.py:208} INFO - Processing /home/airflow/.local/lib/python3.12/site-packages/airflow/example_dags/example_setup_teardown_taskflow.py took 0.093 seconds
[2025-12-08T07:10:18.180+0000] {processor.py:186} INFO - Started process (PID=426) to work on /home/airflow/.local/lib/python3.12/site-packages/airflow/example_dags/example_setup_teardown_taskflow.py
[2025-12-08T07:10:18.182+0000] {processor.py:914} INFO - Processing file /home/airflow/.local/lib/python3.12/site-packages/airflow/example_dags/example_setup_teardown_taskflow.py for tasks to queue
[2025-12-08T07:10:18.186+0000] {logging_mixin.py:190} INFO - [2025-12-08T07:10:18.185+0000] {dagbag.py:587} INFO - Filling up the DagBag from /home/airflow/.local/lib/python3.12/site-packages/airflow/example_dags/example_setup_teardown_taskflow.py
[2025-12-08T07:10:18.196+0000] {processor.py:925} INFO - DAG(s) 'example_setup_teardown_taskflow' retrieved from /home/airflow/.local/lib/python3.12/site-packages/airflow/example_dags/example_setup_teardown_taskflow.py
[2025-12-08T07:10:18.220+0000] {logging_mixin.py:190} INFO - [2025-12-08T07:10:18.219+0000] {dag.py:3211} INFO - Sync 1 DAGs
[2025-12-08T07:10:18.244+0000] {logging_mixin.py:190} INFO - [2025-12-08T07:10:18.244+0000] {dag.py:4138} INFO - Setting next_dagrun for example_setup_teardown_taskflow to 2025-12-07 00:00:00+00:00, run_after=2025-12-08 00:00:00+00:00
[2025-12-08T07:10:18.272+0000] {processor.py:208} INFO - Processing /home/airflow/.local/lib/python3.12/site-packages/airflow/example_dags/example_setup_teardown_taskflow.py took 0.097 seconds
[2025-12-08T07:10:48.609+0000] {processor.py:186} INFO - Started process (PID=488) to work on /home/airflow/.local/lib/python3.12/site-packages/airflow/example_dags/example_setup_teardown_taskflow.py
[2025-12-08T07:10:48.611+0000] {processor.py:914} INFO - Processing file /home/airflow/.local/lib/python3.12/site-packages/airflow/example_dags/example_setup_teardown_taskflow.py for tasks to queue
[2025-12-08T07:10:48.614+0000] {logging_mixin.py:190} INFO - [2025-12-08T07:10:48.614+0000] {dagbag.py:587} INFO - Filling up the DagBag from /home/airflow/.local/lib/python3.12/site-packages/airflow/example_dags/example_setup_teardown_taskflow.py
[2025-12-08T07:10:48.625+0000] {processor.py:925} INFO - DAG(s) 'example_setup_teardown_taskflow' retrieved from /home/airflow/.local/lib/python3.12/site-packages/airflow/example_dags/example_setup_teardown_taskflow.py
[2025-12-08T07:10:48.648+0000] {logging_mixin.py:190} INFO - [2025-12-08T07:10:48.647+0000] {dag.py:3211} INFO - Sync 1 DAGs
[2025-12-08T07:10:48.671+0000] {logging_mixin.py:190} INFO - [2025-12-08T07:10:48.671+0000] {dag.py:4138} INFO - Setting next_dagrun for example_setup_teardown_taskflow to 2025-12-07 00:00:00+00:00, run_after=2025-12-08 00:00:00+00:00
[2025-12-08T07:10:48.694+0000] {processor.py:208} INFO - Processing /home/airflow/.local/lib/python3.12/site-packages/airflow/example_dags/example_setup_teardown_taskflow.py took 0.090 seconds
[2025-12-08T07:11:18.902+0000] {processor.py:186} INFO - Started process (PID=550) to work on /home/airflow/.local/lib/python3.12/site-packages/airflow/example_dags/example_setup_teardown_taskflow.py
[2025-12-08T07:11:18.905+0000] {processor.py:914} INFO - Processing file /home/airflow/.local/lib/python3.12/site-packages/airflow/example_dags/example_setup_teardown_taskflow.py for tasks to queue
[2025-12-08T07:11:18.909+0000] {logging_mixin.py:190} INFO - [2025-12-08T07:11:18.908+0000] {dagbag.py:587} INFO - Filling up the DagBag from /home/airflow/.local/lib/python3.12/site-packages/airflow/example_dags/example_setup_teardown_taskflow.py
[2025-12-08T07:11:18.919+0000] {processor.py:925} INFO - DAG(s) 'example_setup_teardown_taskflow' retrieved from /home/airflow/.local/lib/python3.12/site-packages/airflow/example_dags/example_setup_teardown_taskflow.py
[2025-12-08T07:11:18.943+0000] {logging_mixin.py:190} INFO - [2025-12-08T07:11:18.942+0000] {dag.py:3211} INFO - Sync 1 DAGs
[2025-12-08T07:11:18.967+0000] {logging_mixin.py:190} INFO - [2025-12-08T07:11:18.967+0000] {dag.py:4138} INFO - Setting next_dagrun for example_setup_teardown_taskflow to 2025-12-07 00:00:00+00:00, run_after=2025-12-08 00:00:00+00:00
[2025-12-08T07:11:18.987+0000] {processor.py:208} INFO - Processing /home/airflow/.local/lib/python3.12/site-packages/airflow/example_dags/example_setup_teardown_taskflow.py took 0.091 seconds
[2025-12-08T07:11:49.248+0000] {processor.py:186} INFO - Started process (PID=612) to work on /home/airflow/.local/lib/python3.12/site-packages/airflow/example_dags/example_setup_teardown_taskflow.py
[2025-12-08T07:11:49.250+0000] {processor.py:914} INFO - Processing file /home/airflow/.local/lib/python3.12/site-packages/airflow/example_dags/example_setup_teardown_taskflow.py for tasks to queue
[2025-12-08T07:11:49.253+0000] {logging_mixin.py:190} INFO - [2025-12-08T07:11:49.253+0000] {dagbag.py:587} INFO - Filling up the DagBag from /home/airflow/.local/lib/python3.12/site-packages/airflow/example_dags/example_setup_teardown_taskflow.py
[2025-12-08T07:11:49.263+0000] {processor.py:925} INFO - DAG(s) 'example_setup_teardown_taskflow' retrieved from /home/airflow/.local/lib/python3.12/site-packages/airflow/example_dags/example_setup_teardown_taskflow.py
[2025-12-08T07:11:49.285+0000] {logging_mixin.py:190} INFO - [2025-12-08T07:11:49.285+0000] {dag.py:3211} INFO - Sync 1 DAGs
[2025-12-08T07:11:49.308+0000] {logging_mixin.py:190} INFO - [2025-12-08T07:11:49.308+0000] {dag.py:4138} INFO - Setting next_dagrun for example_setup_teardown_taskflow to 2025-12-07 00:00:00+00:00, run_after=2025-12-08 00:00:00+00:00
[2025-12-08T07:11:49.334+0000] {processor.py:208} INFO - Processing /home/airflow/.local/lib/python3.12/site-packages/airflow/example_dags/example_setup_teardown_taskflow.py took 0.091 seconds
[2025-12-08T07:12:19.515+0000] {processor.py:186} INFO - Started process (PID=674) to work on /home/airflow/.local/lib/python3.12/site-packages/airflow/example_dags/example_setup_teardown_taskflow.py
[2025-12-08T07:12:19.517+0000] {processor.py:914} INFO - Processing file /home/airflow/.local/lib/python3.12/site-packages/airflow/example_dags/example_setup_teardown_taskflow.py for tasks to queue
[2025-12-08T07:12:19.520+0000] {logging_mixin.py:190} INFO - [2025-12-08T07:12:19.520+0000] {dagbag.py:587} INFO - Filling up the DagBag from /home/airflow/.local/lib/python3.12/site-packages/airflow/example_dags/example_setup_teardown_taskflow.py
[2025-12-08T07:12:19.532+0000] {processor.py:925} INFO - DAG(s) 'example_setup_teardown_taskflow' retrieved from /home/airflow/.local/lib/python3.12/site-packages/airflow/example_dags/example_setup_teardown_taskflow.py
[2025-12-08T07:12:19.556+0000] {logging_mixin.py:190} INFO - [2025-12-08T07:12:19.556+0000] {dag.py:3211} INFO - Sync 1 DAGs
[2025-12-08T07:12:19.579+0000] {logging_mixin.py:190} INFO - [2025-12-08T07:12:19.579+0000] {dag.py:4138} INFO - Setting next_dagrun for example_setup_teardown_taskflow to 2025-12-07 00:00:00+00:00, run_after=2025-12-08 00:00:00+00:00
[2025-12-08T07:12:19.612+0000] {processor.py:208} INFO - Processing /home/airflow/.local/lib/python3.12/site-packages/airflow/example_dags/example_setup_teardown_taskflow.py took 0.104 seconds
[2025-12-08T07:12:50.281+0000] {processor.py:186} INFO - Started process (PID=737) to work on /home/airflow/.local/lib/python3.12/site-packages/airflow/example_dags/example_setup_teardown_taskflow.py
[2025-12-08T07:12:50.283+0000] {processor.py:914} INFO - Processing file /home/airflow/.local/lib/python3.12/site-packages/airflow/example_dags/example_setup_teardown_taskflow.py for tasks to queue
[2025-12-08T07:12:50.287+0000] {logging_mixin.py:190} INFO - [2025-12-08T07:12:50.286+0000] {dagbag.py:587} INFO - Filling up the DagBag from /home/airflow/.local/lib/python3.12/site-packages/airflow/example_dags/example_setup_teardown_taskflow.py
[2025-12-08T07:12:50.299+0000] {processor.py:925} INFO - DAG(s) 'example_setup_teardown_taskflow' retrieved from /home/airflow/.local/lib/python3.12/site-packages/airflow/example_dags/example_setup_teardown_taskflow.py
[2025-12-08T07:12:50.326+0000] {logging_mixin.py:190} INFO - [2025-12-08T07:12:50.325+0000] {dag.py:3211} INFO - Sync 1 DAGs
[2025-12-08T07:12:50.350+0000] {logging_mixin.py:190} INFO - [2025-12-08T07:12:50.350+0000] {dag.py:4138} INFO - Setting next_dagrun for example_setup_teardown_taskflow to 2025-12-07 00:00:00+00:00, run_after=2025-12-08 00:00:00+00:00
[2025-12-08T07:12:50.376+0000] {processor.py:208} INFO - Processing /home/airflow/.local/lib/python3.12/site-packages/airflow/example_dags/example_setup_teardown_taskflow.py took 0.102 seconds
[2025-12-08T07:13:20.592+0000] {processor.py:186} INFO - Started process (PID=799) to work on /home/airflow/.local/lib/python3.12/site-packages/airflow/example_dags/example_setup_teardown_taskflow.py
[2025-12-08T07:13:20.594+0000] {processor.py:914} INFO - Processing file /home/airflow/.local/lib/python3.12/site-packages/airflow/example_dags/example_setup_teardown_taskflow.py for tasks to queue
[2025-12-08T07:13:20.599+0000] {logging_mixin.py:190} INFO - [2025-12-08T07:13:20.598+0000] {dagbag.py:587} INFO - Filling up the DagBag from /home/airflow/.local/lib/python3.12/site-packages/airflow/example_dags/example_setup_teardown_taskflow.py
[2025-12-08T07:13:20.612+0000] {processor.py:925} INFO - DAG(s) 'example_setup_teardown_taskflow' retrieved from /home/airflow/.local/lib/python3.12/site-packages/airflow/example_dags/example_setup_teardown_taskflow.py
[2025-12-08T07:13:20.639+0000] {logging_mixin.py:190} INFO - [2025-12-08T07:13:20.638+0000] {dag.py:3211} INFO - Sync 1 DAGs
[2025-12-08T07:13:20.669+0000] {logging_mixin.py:190} INFO - [2025-12-08T07:13:20.669+0000] {dag.py:4138} INFO - Setting next_dagrun for example_setup_teardown_taskflow to 2025-12-07 00:00:00+00:00, run_after=2025-12-08 00:00:00+00:00
[2025-12-08T07:13:20.702+0000] {processor.py:208} INFO - Processing /home/airflow/.local/lib/python3.12/site-packages/airflow/example_dags/example_setup_teardown_taskflow.py took 0.118 seconds
[2025-12-08T07:13:51.432+0000] {processor.py:186} INFO - Started process (PID=861) to work on /home/airflow/.local/lib/python3.12/site-packages/airflow/example_dags/example_setup_teardown_taskflow.py
[2025-12-08T07:13:51.435+0000] {processor.py:914} INFO - Processing file /home/airflow/.local/lib/python3.12/site-packages/airflow/example_dags/example_setup_teardown_taskflow.py for tasks to queue
[2025-12-08T07:13:51.442+0000] {logging_mixin.py:190} INFO - [2025-12-08T07:13:51.441+0000] {dagbag.py:587} INFO - Filling up the DagBag from /home/airflow/.local/lib/python3.12/site-packages/airflow/example_dags/example_setup_teardown_taskflow.py
[2025-12-08T07:13:51.465+0000] {processor.py:925} INFO - DAG(s) 'example_setup_teardown_taskflow' retrieved from /home/airflow/.local/lib/python3.12/site-packages/airflow/example_dags/example_setup_teardown_taskflow.py
[2025-12-08T07:13:51.526+0000] {logging_mixin.py:190} INFO - [2025-12-08T07:13:51.525+0000] {dag.py:3211} INFO - Sync 1 DAGs
[2025-12-08T07:13:51.595+0000] {logging_mixin.py:190} INFO - [2025-12-08T07:13:51.594+0000] {dag.py:4138} INFO - Setting next_dagrun for example_setup_teardown_taskflow to 2025-12-07 00:00:00+00:00, run_after=2025-12-08 00:00:00+00:00
[2025-12-08T07:13:51.664+0000] {processor.py:208} INFO - Processing /home/airflow/.local/lib/python3.12/site-packages/airflow/example_dags/example_setup_teardown_taskflow.py took 0.245 seconds
[2025-12-08T07:14:21.921+0000] {processor.py:186} INFO - Started process (PID=923) to work on /home/airflow/.local/lib/python3.12/site-packages/airflow/example_dags/example_setup_teardown_taskflow.py
[2025-12-08T07:14:21.923+0000] {processor.py:914} INFO - Processing file /home/airflow/.local/lib/python3.12/site-packages/airflow/example_dags/example_setup_teardown_taskflow.py for tasks to queue
[2025-12-08T07:14:21.926+0000] {logging_mixin.py:190} INFO - [2025-12-08T07:14:21.926+0000] {dagbag.py:587} INFO - Filling up the DagBag from /home/airflow/.local/lib/python3.12/site-packages/airflow/example_dags/example_setup_teardown_taskflow.py
[2025-12-08T07:14:21.935+0000] {processor.py:925} INFO - DAG(s) 'example_setup_teardown_taskflow' retrieved from /home/airflow/.local/lib/python3.12/site-packages/airflow/example_dags/example_setup_teardown_taskflow.py
[2025-12-08T07:14:21.960+0000] {logging_mixin.py:190} INFO - [2025-12-08T07:14:21.960+0000] {dag.py:3211} INFO - Sync 1 DAGs
[2025-12-08T07:14:21.988+0000] {logging_mixin.py:190} INFO - [2025-12-08T07:14:21.988+0000] {dag.py:4138} INFO - Setting next_dagrun for example_setup_teardown_taskflow to 2025-12-07 00:00:00+00:00, run_after=2025-12-08 00:00:00+00:00
[2025-12-08T07:14:22.016+0000] {processor.py:208} INFO - Processing /home/airflow/.local/lib/python3.12/site-packages/airflow/example_dags/example_setup_teardown_taskflow.py took 0.100 seconds
[2025-12-08T07:14:52.813+0000] {processor.py:186} INFO - Started process (PID=985) to work on /home/airflow/.local/lib/python3.12/site-packages/airflow/example_dags/example_setup_teardown_taskflow.py
[2025-12-08T07:14:52.815+0000] {processor.py:914} INFO - Processing file /home/airflow/.local/lib/python3.12/site-packages/airflow/example_dags/example_setup_teardown_taskflow.py for tasks to queue
[2025-12-08T07:14:52.821+0000] {logging_mixin.py:190} INFO - [2025-12-08T07:14:52.820+0000] {dagbag.py:587} INFO - Filling up the DagBag from /home/airflow/.local/lib/python3.12/site-packages/airflow/example_dags/example_setup_teardown_taskflow.py
[2025-12-08T07:14:52.832+0000] {processor.py:925} INFO - DAG(s) 'example_setup_teardown_taskflow' retrieved from /home/airflow/.local/lib/python3.12/site-packages/airflow/example_dags/example_setup_teardown_taskflow.py
[2025-12-08T07:14:52.857+0000] {logging_mixin.py:190} INFO - [2025-12-08T07:14:52.857+0000] {dag.py:3211} INFO - Sync 1 DAGs
[2025-12-08T07:14:52.881+0000] {logging_mixin.py:190} INFO - [2025-12-08T07:14:52.881+0000] {dag.py:4138} INFO - Setting next_dagrun for example_setup_teardown_taskflow to 2025-12-07 00:00:00+00:00, run_after=2025-12-08 00:00:00+00:00
[2025-12-08T07:14:52.902+0000] {processor.py:208} INFO - Processing /home/airflow/.local/lib/python3.12/site-packages/airflow/example_dags/example_setup_teardown_taskflow.py took 0.098 seconds
[2025-12-08T07:15:23.940+0000] {processor.py:186} INFO - Started process (PID=1047) to work on /home/airflow/.local/lib/python3.12/site-packages/airflow/example_dags/example_setup_teardown_taskflow.py
[2025-12-08T07:15:23.941+0000] {processor.py:914} INFO - Processing file /home/airflow/.local/lib/python3.12/site-packages/airflow/example_dags/example_setup_teardown_taskflow.py for tasks to queue
[2025-12-08T07:15:23.946+0000] {logging_mixin.py:190} INFO - [2025-12-08T07:15:23.945+0000] {dagbag.py:587} INFO - Filling up the DagBag from /home/airflow/.local/lib/python3.12/site-packages/airflow/example_dags/example_setup_teardown_taskflow.py
[2025-12-08T07:15:23.955+0000] {processor.py:925} INFO - DAG(s) 'example_setup_teardown_taskflow' retrieved from /home/airflow/.local/lib/python3.12/site-packages/airflow/example_dags/example_setup_teardown_taskflow.py
[2025-12-08T07:15:23.980+0000] {logging_mixin.py:190} INFO - [2025-12-08T07:15:23.980+0000] {dag.py:3211} INFO - Sync 1 DAGs
[2025-12-08T07:15:24.003+0000] {logging_mixin.py:190} INFO - [2025-12-08T07:15:24.002+0000] {dag.py:4138} INFO - Setting next_dagrun for example_setup_teardown_taskflow to 2025-12-07 00:00:00+00:00, run_after=2025-12-08 00:00:00+00:00
[2025-12-08T07:15:24.029+0000] {processor.py:208} INFO - Processing /home/airflow/.local/lib/python3.12/site-packages/airflow/example_dags/example_setup_teardown_taskflow.py took 0.095 seconds
[2025-12-08T07:15:54.349+0000] {processor.py:186} INFO - Started process (PID=1109) to work on /home/airflow/.local/lib/python3.12/site-packages/airflow/example_dags/example_setup_teardown_taskflow.py
[2025-12-08T07:15:54.354+0000] {processor.py:914} INFO - Processing file /home/airflow/.local/lib/python3.12/site-packages/airflow/example_dags/example_setup_teardown_taskflow.py for tasks to queue
[2025-12-08T07:15:54.361+0000] {logging_mixin.py:190} INFO - [2025-12-08T07:15:54.360+0000] {dagbag.py:587} INFO - Filling up the DagBag from /home/airflow/.local/lib/python3.12/site-packages/airflow/example_dags/example_setup_teardown_taskflow.py
[2025-12-08T07:15:54.383+0000] {processor.py:925} INFO - DAG(s) 'example_setup_teardown_taskflow' retrieved from /home/airflow/.local/lib/python3.12/site-packages/airflow/example_dags/example_setup_teardown_taskflow.py
[2025-12-08T07:15:54.436+0000] {logging_mixin.py:190} INFO - [2025-12-08T07:15:54.432+0000] {dag.py:3211} INFO - Sync 1 DAGs
[2025-12-08T07:15:54.478+0000] {logging_mixin.py:190} INFO - [2025-12-08T07:15:54.478+0000] {dag.py:4138} INFO - Setting next_dagrun for example_setup_teardown_taskflow to 2025-12-07 00:00:00+00:00, run_after=2025-12-08 00:00:00+00:00
[2025-12-08T07:15:54.527+0000] {processor.py:208} INFO - Processing /home/airflow/.local/lib/python3.12/site-packages/airflow/example_dags/example_setup_teardown_taskflow.py took 0.190 seconds
[2025-12-08T07:16:24.995+0000] {processor.py:186} INFO - Started process (PID=1171) to work on /home/airflow/.local/lib/python3.12/site-packages/airflow/example_dags/example_setup_teardown_taskflow.py
[2025-12-08T07:16:24.999+0000] {processor.py:914} INFO - Processing file /home/airflow/.local/lib/python3.12/site-packages/airflow/example_dags/example_setup_teardown_taskflow.py for tasks to queue
[2025-12-08T07:16:25.006+0000] {logging_mixin.py:190} INFO - [2025-12-08T07:16:25.003+0000] {dagbag.py:587} INFO - Filling up the DagBag from /home/airflow/.local/lib/python3.12/site-packages/airflow/example_dags/example_setup_teardown_taskflow.py
[2025-12-08T07:16:25.031+0000] {processor.py:925} INFO - DAG(s) 'example_setup_teardown_taskflow' retrieved from /home/airflow/.local/lib/python3.12/site-packages/airflow/example_dags/example_setup_teardown_taskflow.py
[2025-12-08T07:16:25.087+0000] {logging_mixin.py:190} INFO - [2025-12-08T07:16:25.087+0000] {dag.py:3211} INFO - Sync 1 DAGs
[2025-12-08T07:16:25.142+0000] {logging_mixin.py:190} INFO - [2025-12-08T07:16:25.142+0000] {dag.py:4138} INFO - Setting next_dagrun for example_setup_teardown_taskflow to 2025-12-07 00:00:00+00:00, run_after=2025-12-08 00:00:00+00:00
[2025-12-08T07:16:25.189+0000] {processor.py:208} INFO - Processing /home/airflow/.local/lib/python3.12/site-packages/airflow/example_dags/example_setup_teardown_taskflow.py took 0.213 seconds
[2025-12-08T07:16:55.630+0000] {processor.py:186} INFO - Started process (PID=1233) to work on /home/airflow/.local/lib/python3.12/site-packages/airflow/example_dags/example_setup_teardown_taskflow.py
[2025-12-08T07:16:55.632+0000] {processor.py:914} INFO - Processing file /home/airflow/.local/lib/python3.12/site-packages/airflow/example_dags/example_setup_teardown_taskflow.py for tasks to queue
[2025-12-08T07:16:55.642+0000] {logging_mixin.py:190} INFO - [2025-12-08T07:16:55.639+0000] {dagbag.py:587} INFO - Filling up the DagBag from /home/airflow/.local/lib/python3.12/site-packages/airflow/example_dags/example_setup_teardown_taskflow.py
[2025-12-08T07:16:55.669+0000] {processor.py:925} INFO - DAG(s) 'example_setup_teardown_taskflow' retrieved from /home/airflow/.local/lib/python3.12/site-packages/airflow/example_dags/example_setup_teardown_taskflow.py
[2025-12-08T07:16:55.727+0000] {logging_mixin.py:190} INFO - [2025-12-08T07:16:55.726+0000] {dag.py:3211} INFO - Sync 1 DAGs
[2025-12-08T07:16:55.808+0000] {logging_mixin.py:190} INFO - [2025-12-08T07:16:55.807+0000] {dag.py:4138} INFO - Setting next_dagrun for example_setup_teardown_taskflow to 2025-12-07 00:00:00+00:00, run_after=2025-12-08 00:00:00+00:00
[2025-12-08T07:16:55.854+0000] {processor.py:208} INFO - Processing /home/airflow/.local/lib/python3.12/site-packages/airflow/example_dags/example_setup_teardown_taskflow.py took 0.239 seconds
[2025-12-08T07:17:26.212+0000] {processor.py:186} INFO - Started process (PID=1294) to work on /home/airflow/.local/lib/python3.12/site-packages/airflow/example_dags/example_setup_teardown_taskflow.py
[2025-12-08T07:17:26.215+0000] {processor.py:914} INFO - Processing file /home/airflow/.local/lib/python3.12/site-packages/airflow/example_dags/example_setup_teardown_taskflow.py for tasks to queue
[2025-12-08T07:17:26.222+0000] {logging_mixin.py:190} INFO - [2025-12-08T07:17:26.222+0000] {dagbag.py:587} INFO - Filling up the DagBag from /home/airflow/.local/lib/python3.12/site-packages/airflow/example_dags/example_setup_teardown_taskflow.py
[2025-12-08T07:17:26.251+0000] {processor.py:925} INFO - DAG(s) 'example_setup_teardown_taskflow' retrieved from /home/airflow/.local/lib/python3.12/site-packages/airflow/example_dags/example_setup_teardown_taskflow.py
[2025-12-08T07:17:26.291+0000] {logging_mixin.py:190} INFO - [2025-12-08T07:17:26.291+0000] {dag.py:3211} INFO - Sync 1 DAGs
[2025-12-08T07:17:26.328+0000] {logging_mixin.py:190} INFO - [2025-12-08T07:17:26.328+0000] {dag.py:4138} INFO - Setting next_dagrun for example_setup_teardown_taskflow to 2025-12-07 00:00:00+00:00, run_after=2025-12-08 00:00:00+00:00
[2025-12-08T07:17:26.364+0000] {processor.py:208} INFO - Processing /home/airflow/.local/lib/python3.12/site-packages/airflow/example_dags/example_setup_teardown_taskflow.py took 0.172 seconds
[2025-12-08T07:17:56.601+0000] {processor.py:186} INFO - Started process (PID=1356) to work on /home/airflow/.local/lib/python3.12/site-packages/airflow/example_dags/example_setup_teardown_taskflow.py
[2025-12-08T07:17:56.604+0000] {processor.py:914} INFO - Processing file /home/airflow/.local/lib/python3.12/site-packages/airflow/example_dags/example_setup_teardown_taskflow.py for tasks to queue
[2025-12-08T07:17:56.610+0000] {logging_mixin.py:190} INFO - [2025-12-08T07:17:56.609+0000] {dagbag.py:587} INFO - Filling up the DagBag from /home/airflow/.local/lib/python3.12/site-packages/airflow/example_dags/example_setup_teardown_taskflow.py
[2025-12-08T07:17:56.629+0000] {processor.py:925} INFO - DAG(s) 'example_setup_teardown_taskflow' retrieved from /home/airflow/.local/lib/python3.12/site-packages/airflow/example_dags/example_setup_teardown_taskflow.py
[2025-12-08T07:17:56.679+0000] {logging_mixin.py:190} INFO - [2025-12-08T07:17:56.678+0000] {dag.py:3211} INFO - Sync 1 DAGs
[2025-12-08T07:17:56.716+0000] {logging_mixin.py:190} INFO - [2025-12-08T07:17:56.715+0000] {dag.py:4138} INFO - Setting next_dagrun for example_setup_teardown_taskflow to 2025-12-07 00:00:00+00:00, run_after=2025-12-08 00:00:00+00:00
[2025-12-08T07:17:56.752+0000] {processor.py:208} INFO - Processing /home/airflow/.local/lib/python3.12/site-packages/airflow/example_dags/example_setup_teardown_taskflow.py took 0.168 seconds
[2025-12-08T07:18:27.625+0000] {processor.py:186} INFO - Started process (PID=1418) to work on /home/airflow/.local/lib/python3.12/site-packages/airflow/example_dags/example_setup_teardown_taskflow.py
[2025-12-08T07:18:27.627+0000] {processor.py:914} INFO - Processing file /home/airflow/.local/lib/python3.12/site-packages/airflow/example_dags/example_setup_teardown_taskflow.py for tasks to queue
[2025-12-08T07:18:27.634+0000] {logging_mixin.py:190} INFO - [2025-12-08T07:18:27.633+0000] {dagbag.py:587} INFO - Filling up the DagBag from /home/airflow/.local/lib/python3.12/site-packages/airflow/example_dags/example_setup_teardown_taskflow.py
[2025-12-08T07:18:27.660+0000] {processor.py:925} INFO - DAG(s) 'example_setup_teardown_taskflow' retrieved from /home/airflow/.local/lib/python3.12/site-packages/airflow/example_dags/example_setup_teardown_taskflow.py
[2025-12-08T07:18:27.719+0000] {logging_mixin.py:190} INFO - [2025-12-08T07:18:27.717+0000] {dag.py:3211} INFO - Sync 1 DAGs
[2025-12-08T07:18:27.796+0000] {logging_mixin.py:190} INFO - [2025-12-08T07:18:27.796+0000] {dag.py:4138} INFO - Setting next_dagrun for example_setup_teardown_taskflow to 2025-12-07 00:00:00+00:00, run_after=2025-12-08 00:00:00+00:00
[2025-12-08T07:18:27.841+0000] {processor.py:208} INFO - Processing /home/airflow/.local/lib/python3.12/site-packages/airflow/example_dags/example_setup_teardown_taskflow.py took 0.230 seconds
[2025-12-08T07:18:58.195+0000] {processor.py:186} INFO - Started process (PID=1480) to work on /home/airflow/.local/lib/python3.12/site-packages/airflow/example_dags/example_setup_teardown_taskflow.py
[2025-12-08T07:18:58.198+0000] {processor.py:914} INFO - Processing file /home/airflow/.local/lib/python3.12/site-packages/airflow/example_dags/example_setup_teardown_taskflow.py for tasks to queue
[2025-12-08T07:18:58.207+0000] {logging_mixin.py:190} INFO - [2025-12-08T07:18:58.206+0000] {dagbag.py:587} INFO - Filling up the DagBag from /home/airflow/.local/lib/python3.12/site-packages/airflow/example_dags/example_setup_teardown_taskflow.py
[2025-12-08T07:18:58.223+0000] {processor.py:925} INFO - DAG(s) 'example_setup_teardown_taskflow' retrieved from /home/airflow/.local/lib/python3.12/site-packages/airflow/example_dags/example_setup_teardown_taskflow.py
[2025-12-08T07:18:58.263+0000] {logging_mixin.py:190} INFO - [2025-12-08T07:18:58.263+0000] {dag.py:3211} INFO - Sync 1 DAGs
[2025-12-08T07:18:58.314+0000] {logging_mixin.py:190} INFO - [2025-12-08T07:18:58.314+0000] {dag.py:4138} INFO - Setting next_dagrun for example_setup_teardown_taskflow to 2025-12-07 00:00:00+00:00, run_after=2025-12-08 00:00:00+00:00
[2025-12-08T07:18:58.365+0000] {processor.py:208} INFO - Processing /home/airflow/.local/lib/python3.12/site-packages/airflow/example_dags/example_setup_teardown_taskflow.py took 0.191 seconds
[2025-12-08T07:19:28.580+0000] {processor.py:186} INFO - Started process (PID=1542) to work on /home/airflow/.local/lib/python3.12/site-packages/airflow/example_dags/example_setup_teardown_taskflow.py
[2025-12-08T07:19:28.583+0000] {processor.py:914} INFO - Processing file /home/airflow/.local/lib/python3.12/site-packages/airflow/example_dags/example_setup_teardown_taskflow.py for tasks to queue
[2025-12-08T07:19:28.589+0000] {logging_mixin.py:190} INFO - [2025-12-08T07:19:28.588+0000] {dagbag.py:587} INFO - Filling up the DagBag from /home/airflow/.local/lib/python3.12/site-packages/airflow/example_dags/example_setup_teardown_taskflow.py
[2025-12-08T07:19:28.614+0000] {processor.py:925} INFO - DAG(s) 'example_setup_teardown_taskflow' retrieved from /home/airflow/.local/lib/python3.12/site-packages/airflow/example_dags/example_setup_teardown_taskflow.py
[2025-12-08T07:19:28.650+0000] {logging_mixin.py:190} INFO - [2025-12-08T07:19:28.649+0000] {dag.py:3211} INFO - Sync 1 DAGs
[2025-12-08T07:19:28.690+0000] {logging_mixin.py:190} INFO - [2025-12-08T07:19:28.690+0000] {dag.py:4138} INFO - Setting next_dagrun for example_setup_teardown_taskflow to 2025-12-07 00:00:00+00:00, run_after=2025-12-08 00:00:00+00:00
[2025-12-08T07:19:28.725+0000] {processor.py:208} INFO - Processing /home/airflow/.local/lib/python3.12/site-packages/airflow/example_dags/example_setup_teardown_taskflow.py took 0.155 seconds
[2025-12-08T07:19:59.767+0000] {processor.py:186} INFO - Started process (PID=1605) to work on /home/airflow/.local/lib/python3.12/site-packages/airflow/example_dags/example_setup_teardown_taskflow.py
[2025-12-08T07:19:59.769+0000] {processor.py:914} INFO - Processing file /home/airflow/.local/lib/python3.12/site-packages/airflow/example_dags/example_setup_teardown_taskflow.py for tasks to queue
[2025-12-08T07:19:59.777+0000] {logging_mixin.py:190} INFO - [2025-12-08T07:19:59.776+0000] {dagbag.py:587} INFO - Filling up the DagBag from /home/airflow/.local/lib/python3.12/site-packages/airflow/example_dags/example_setup_teardown_taskflow.py
[2025-12-08T07:19:59.804+0000] {processor.py:925} INFO - DAG(s) 'example_setup_teardown_taskflow' retrieved from /home/airflow/.local/lib/python3.12/site-packages/airflow/example_dags/example_setup_teardown_taskflow.py
[2025-12-08T07:19:59.857+0000] {logging_mixin.py:190} INFO - [2025-12-08T07:19:59.857+0000] {dag.py:3211} INFO - Sync 1 DAGs
[2025-12-08T07:19:59.916+0000] {logging_mixin.py:190} INFO - [2025-12-08T07:19:59.915+0000] {dag.py:4138} INFO - Setting next_dagrun for example_setup_teardown_taskflow to 2025-12-07 00:00:00+00:00, run_after=2025-12-08 00:00:00+00:00
[2025-12-08T07:19:59.958+0000] {processor.py:208} INFO - Processing /home/airflow/.local/lib/python3.12/site-packages/airflow/example_dags/example_setup_teardown_taskflow.py took 0.210 seconds
[2025-12-08T07:20:30.280+0000] {processor.py:186} INFO - Started process (PID=1668) to work on /home/airflow/.local/lib/python3.12/site-packages/airflow/example_dags/example_setup_teardown_taskflow.py
[2025-12-08T07:20:30.283+0000] {processor.py:914} INFO - Processing file /home/airflow/.local/lib/python3.12/site-packages/airflow/example_dags/example_setup_teardown_taskflow.py for tasks to queue
[2025-12-08T07:20:30.290+0000] {logging_mixin.py:190} INFO - [2025-12-08T07:20:30.290+0000] {dagbag.py:587} INFO - Filling up the DagBag from /home/airflow/.local/lib/python3.12/site-packages/airflow/example_dags/example_setup_teardown_taskflow.py
[2025-12-08T07:20:30.313+0000] {processor.py:925} INFO - DAG(s) 'example_setup_teardown_taskflow' retrieved from /home/airflow/.local/lib/python3.12/site-packages/airflow/example_dags/example_setup_teardown_taskflow.py
[2025-12-08T07:20:30.360+0000] {logging_mixin.py:190} INFO - [2025-12-08T07:20:30.359+0000] {dag.py:3211} INFO - Sync 1 DAGs
[2025-12-08T07:20:30.402+0000] {logging_mixin.py:190} INFO - [2025-12-08T07:20:30.401+0000] {dag.py:4138} INFO - Setting next_dagrun for example_setup_teardown_taskflow to 2025-12-07 00:00:00+00:00, run_after=2025-12-08 00:00:00+00:00
[2025-12-08T07:20:30.443+0000] {processor.py:208} INFO - Processing /home/airflow/.local/lib/python3.12/site-packages/airflow/example_dags/example_setup_teardown_taskflow.py took 0.173 seconds
[2025-12-08T07:21:00.628+0000] {processor.py:186} INFO - Started process (PID=1730) to work on /home/airflow/.local/lib/python3.12/site-packages/airflow/example_dags/example_setup_teardown_taskflow.py
[2025-12-08T07:21:00.630+0000] {processor.py:914} INFO - Processing file /home/airflow/.local/lib/python3.12/site-packages/airflow/example_dags/example_setup_teardown_taskflow.py for tasks to queue
[2025-12-08T07:21:00.635+0000] {logging_mixin.py:190} INFO - [2025-12-08T07:21:00.635+0000] {dagbag.py:587} INFO - Filling up the DagBag from /home/airflow/.local/lib/python3.12/site-packages/airflow/example_dags/example_setup_teardown_taskflow.py
[2025-12-08T07:21:00.654+0000] {processor.py:925} INFO - DAG(s) 'example_setup_teardown_taskflow' retrieved from /home/airflow/.local/lib/python3.12/site-packages/airflow/example_dags/example_setup_teardown_taskflow.py
[2025-12-08T07:21:00.695+0000] {logging_mixin.py:190} INFO - [2025-12-08T07:21:00.694+0000] {dag.py:3211} INFO - Sync 1 DAGs
[2025-12-08T07:21:00.740+0000] {logging_mixin.py:190} INFO - [2025-12-08T07:21:00.739+0000] {dag.py:4138} INFO - Setting next_dagrun for example_setup_teardown_taskflow to 2025-12-07 00:00:00+00:00, run_after=2025-12-08 00:00:00+00:00
[2025-12-08T07:21:00.770+0000] {processor.py:208} INFO - Processing /home/airflow/.local/lib/python3.12/site-packages/airflow/example_dags/example_setup_teardown_taskflow.py took 0.152 seconds
[2025-12-08T07:21:31.163+0000] {processor.py:186} INFO - Started process (PID=1792) to work on /home/airflow/.local/lib/python3.12/site-packages/airflow/example_dags/example_setup_teardown_taskflow.py
[2025-12-08T07:21:31.166+0000] {processor.py:914} INFO - Processing file /home/airflow/.local/lib/python3.12/site-packages/airflow/example_dags/example_setup_teardown_taskflow.py for tasks to queue
[2025-12-08T07:21:31.175+0000] {logging_mixin.py:190} INFO - [2025-12-08T07:21:31.172+0000] {dagbag.py:587} INFO - Filling up the DagBag from /home/airflow/.local/lib/python3.12/site-packages/airflow/example_dags/example_setup_teardown_taskflow.py
[2025-12-08T07:21:31.196+0000] {processor.py:925} INFO - DAG(s) 'example_setup_teardown_taskflow' retrieved from /home/airflow/.local/lib/python3.12/site-packages/airflow/example_dags/example_setup_teardown_taskflow.py
[2025-12-08T07:21:31.247+0000] {logging_mixin.py:190} INFO - [2025-12-08T07:21:31.247+0000] {dag.py:3211} INFO - Sync 1 DAGs
[2025-12-08T07:21:31.312+0000] {logging_mixin.py:190} INFO - [2025-12-08T07:21:31.311+0000] {dag.py:4138} INFO - Setting next_dagrun for example_setup_teardown_taskflow to 2025-12-07 00:00:00+00:00, run_after=2025-12-08 00:00:00+00:00
[2025-12-08T07:21:31.366+0000] {processor.py:208} INFO - Processing /home/airflow/.local/lib/python3.12/site-packages/airflow/example_dags/example_setup_teardown_taskflow.py took 0.216 seconds
[2025-12-08T07:22:02.187+0000] {processor.py:186} INFO - Started process (PID=1854) to work on /home/airflow/.local/lib/python3.12/site-packages/airflow/example_dags/example_setup_teardown_taskflow.py
[2025-12-08T07:22:02.191+0000] {processor.py:914} INFO - Processing file /home/airflow/.local/lib/python3.12/site-packages/airflow/example_dags/example_setup_teardown_taskflow.py for tasks to queue
[2025-12-08T07:22:02.198+0000] {logging_mixin.py:190} INFO - [2025-12-08T07:22:02.198+0000] {dagbag.py:587} INFO - Filling up the DagBag from /home/airflow/.local/lib/python3.12/site-packages/airflow/example_dags/example_setup_teardown_taskflow.py
[2025-12-08T07:22:02.223+0000] {processor.py:925} INFO - DAG(s) 'example_setup_teardown_taskflow' retrieved from /home/airflow/.local/lib/python3.12/site-packages/airflow/example_dags/example_setup_teardown_taskflow.py
[2025-12-08T07:22:02.267+0000] {logging_mixin.py:190} INFO - [2025-12-08T07:22:02.266+0000] {dag.py:3211} INFO - Sync 1 DAGs
[2025-12-08T07:22:02.302+0000] {logging_mixin.py:190} INFO - [2025-12-08T07:22:02.302+0000] {dag.py:4138} INFO - Setting next_dagrun for example_setup_teardown_taskflow to 2025-12-07 00:00:00+00:00, run_after=2025-12-08 00:00:00+00:00
[2025-12-08T07:22:02.334+0000] {processor.py:208} INFO - Processing /home/airflow/.local/lib/python3.12/site-packages/airflow/example_dags/example_setup_teardown_taskflow.py took 0.160 seconds
[2025-12-08T07:22:33.074+0000] {processor.py:186} INFO - Started process (PID=1916) to work on /home/airflow/.local/lib/python3.12/site-packages/airflow/example_dags/example_setup_teardown_taskflow.py
[2025-12-08T07:22:33.077+0000] {processor.py:914} INFO - Processing file /home/airflow/.local/lib/python3.12/site-packages/airflow/example_dags/example_setup_teardown_taskflow.py for tasks to queue
[2025-12-08T07:22:33.084+0000] {logging_mixin.py:190} INFO - [2025-12-08T07:22:33.083+0000] {dagbag.py:587} INFO - Filling up the DagBag from /home/airflow/.local/lib/python3.12/site-packages/airflow/example_dags/example_setup_teardown_taskflow.py
[2025-12-08T07:22:33.105+0000] {processor.py:925} INFO - DAG(s) 'example_setup_teardown_taskflow' retrieved from /home/airflow/.local/lib/python3.12/site-packages/airflow/example_dags/example_setup_teardown_taskflow.py
[2025-12-08T07:22:33.151+0000] {logging_mixin.py:190} INFO - [2025-12-08T07:22:33.151+0000] {dag.py:3211} INFO - Sync 1 DAGs
[2025-12-08T07:22:33.196+0000] {logging_mixin.py:190} INFO - [2025-12-08T07:22:33.195+0000] {dag.py:4138} INFO - Setting next_dagrun for example_setup_teardown_taskflow to 2025-12-07 00:00:00+00:00, run_after=2025-12-08 00:00:00+00:00
[2025-12-08T07:22:33.234+0000] {processor.py:208} INFO - Processing /home/airflow/.local/lib/python3.12/site-packages/airflow/example_dags/example_setup_teardown_taskflow.py took 0.177 seconds
[2025-12-08T07:23:04.086+0000] {processor.py:186} INFO - Started process (PID=1978) to work on /home/airflow/.local/lib/python3.12/site-packages/airflow/example_dags/example_setup_teardown_taskflow.py
[2025-12-08T07:23:04.090+0000] {processor.py:914} INFO - Processing file /home/airflow/.local/lib/python3.12/site-packages/airflow/example_dags/example_setup_teardown_taskflow.py for tasks to queue
[2025-12-08T07:23:04.099+0000] {logging_mixin.py:190} INFO - [2025-12-08T07:23:04.099+0000] {dagbag.py:587} INFO - Filling up the DagBag from /home/airflow/.local/lib/python3.12/site-packages/airflow/example_dags/example_setup_teardown_taskflow.py
[2025-12-08T07:23:04.119+0000] {processor.py:925} INFO - DAG(s) 'example_setup_teardown_taskflow' retrieved from /home/airflow/.local/lib/python3.12/site-packages/airflow/example_dags/example_setup_teardown_taskflow.py
[2025-12-08T07:23:04.163+0000] {logging_mixin.py:190} INFO - [2025-12-08T07:23:04.162+0000] {dag.py:3211} INFO - Sync 1 DAGs
[2025-12-08T07:23:04.203+0000] {logging_mixin.py:190} INFO - [2025-12-08T07:23:04.203+0000] {dag.py:4138} INFO - Setting next_dagrun for example_setup_teardown_taskflow to 2025-12-07 00:00:00+00:00, run_after=2025-12-08 00:00:00+00:00
[2025-12-08T07:23:04.238+0000] {processor.py:208} INFO - Processing /home/airflow/.local/lib/python3.12/site-packages/airflow/example_dags/example_setup_teardown_taskflow.py took 0.168 seconds
[2025-12-08T07:23:34.972+0000] {processor.py:186} INFO - Started process (PID=2040) to work on /home/airflow/.local/lib/python3.12/site-packages/airflow/example_dags/example_setup_teardown_taskflow.py
[2025-12-08T07:23:34.980+0000] {processor.py:914} INFO - Processing file /home/airflow/.local/lib/python3.12/site-packages/airflow/example_dags/example_setup_teardown_taskflow.py for tasks to queue
[2025-12-08T07:23:34.986+0000] {logging_mixin.py:190} INFO - [2025-12-08T07:23:34.985+0000] {dagbag.py:587} INFO - Filling up the DagBag from /home/airflow/.local/lib/python3.12/site-packages/airflow/example_dags/example_setup_teardown_taskflow.py
[2025-12-08T07:23:35.007+0000] {processor.py:925} INFO - DAG(s) 'example_setup_teardown_taskflow' retrieved from /home/airflow/.local/lib/python3.12/site-packages/airflow/example_dags/example_setup_teardown_taskflow.py
[2025-12-08T07:23:35.040+0000] {logging_mixin.py:190} INFO - [2025-12-08T07:23:35.039+0000] {dag.py:3211} INFO - Sync 1 DAGs
[2025-12-08T07:23:35.082+0000] {logging_mixin.py:190} INFO - [2025-12-08T07:23:35.082+0000] {dag.py:4138} INFO - Setting next_dagrun for example_setup_teardown_taskflow to 2025-12-07 00:00:00+00:00, run_after=2025-12-08 00:00:00+00:00
[2025-12-08T07:23:35.113+0000] {processor.py:208} INFO - Processing /home/airflow/.local/lib/python3.12/site-packages/airflow/example_dags/example_setup_teardown_taskflow.py took 0.154 seconds
[2025-12-08T07:24:06.191+0000] {processor.py:186} INFO - Started process (PID=2102) to work on /home/airflow/.local/lib/python3.12/site-packages/airflow/example_dags/example_setup_teardown_taskflow.py
[2025-12-08T07:24:06.201+0000] {processor.py:914} INFO - Processing file /home/airflow/.local/lib/python3.12/site-packages/airflow/example_dags/example_setup_teardown_taskflow.py for tasks to queue
[2025-12-08T07:24:06.210+0000] {logging_mixin.py:190} INFO - [2025-12-08T07:24:06.209+0000] {dagbag.py:587} INFO - Filling up the DagBag from /home/airflow/.local/lib/python3.12/site-packages/airflow/example_dags/example_setup_teardown_taskflow.py
[2025-12-08T07:24:06.258+0000] {processor.py:925} INFO - DAG(s) 'example_setup_teardown_taskflow' retrieved from /home/airflow/.local/lib/python3.12/site-packages/airflow/example_dags/example_setup_teardown_taskflow.py
[2025-12-08T07:24:06.322+0000] {logging_mixin.py:190} INFO - [2025-12-08T07:24:06.321+0000] {dag.py:3211} INFO - Sync 1 DAGs
[2025-12-08T07:24:06.393+0000] {logging_mixin.py:190} INFO - [2025-12-08T07:24:06.393+0000] {dag.py:4138} INFO - Setting next_dagrun for example_setup_teardown_taskflow to 2025-12-07 00:00:00+00:00, run_after=2025-12-08 00:00:00+00:00
[2025-12-08T07:24:06.454+0000] {processor.py:208} INFO - Processing /home/airflow/.local/lib/python3.12/site-packages/airflow/example_dags/example_setup_teardown_taskflow.py took 0.280 seconds
[2025-12-08T07:24:36.624+0000] {processor.py:186} INFO - Started process (PID=2164) to work on /home/airflow/.local/lib/python3.12/site-packages/airflow/example_dags/example_setup_teardown_taskflow.py
[2025-12-08T07:24:36.626+0000] {processor.py:914} INFO - Processing file /home/airflow/.local/lib/python3.12/site-packages/airflow/example_dags/example_setup_teardown_taskflow.py for tasks to queue
[2025-12-08T07:24:36.631+0000] {logging_mixin.py:190} INFO - [2025-12-08T07:24:36.630+0000] {dagbag.py:587} INFO - Filling up the DagBag from /home/airflow/.local/lib/python3.12/site-packages/airflow/example_dags/example_setup_teardown_taskflow.py
[2025-12-08T07:24:36.652+0000] {processor.py:925} INFO - DAG(s) 'example_setup_teardown_taskflow' retrieved from /home/airflow/.local/lib/python3.12/site-packages/airflow/example_dags/example_setup_teardown_taskflow.py
[2025-12-08T07:24:36.697+0000] {logging_mixin.py:190} INFO - [2025-12-08T07:24:36.697+0000] {dag.py:3211} INFO - Sync 1 DAGs
[2025-12-08T07:24:36.733+0000] {logging_mixin.py:190} INFO - [2025-12-08T07:24:36.733+0000] {dag.py:4138} INFO - Setting next_dagrun for example_setup_teardown_taskflow to 2025-12-07 00:00:00+00:00, run_after=2025-12-08 00:00:00+00:00
[2025-12-08T07:24:36.766+0000] {processor.py:208} INFO - Processing /home/airflow/.local/lib/python3.12/site-packages/airflow/example_dags/example_setup_teardown_taskflow.py took 0.156 seconds
[2025-12-08T07:26:41.522+0000] {processor.py:186} INFO - Started process (PID=115) to work on /home/airflow/.local/lib/python3.12/site-packages/airflow/example_dags/example_setup_teardown_taskflow.py
[2025-12-08T07:26:41.525+0000] {processor.py:914} INFO - Processing file /home/airflow/.local/lib/python3.12/site-packages/airflow/example_dags/example_setup_teardown_taskflow.py for tasks to queue
[2025-12-08T07:26:41.532+0000] {logging_mixin.py:190} INFO - [2025-12-08T07:26:41.531+0000] {dagbag.py:587} INFO - Filling up the DagBag from /home/airflow/.local/lib/python3.12/site-packages/airflow/example_dags/example_setup_teardown_taskflow.py
[2025-12-08T07:26:41.560+0000] {processor.py:925} INFO - DAG(s) 'example_setup_teardown_taskflow' retrieved from /home/airflow/.local/lib/python3.12/site-packages/airflow/example_dags/example_setup_teardown_taskflow.py
[2025-12-08T07:26:41.608+0000] {logging_mixin.py:190} INFO - [2025-12-08T07:26:41.607+0000] {dag.py:3211} INFO - Sync 1 DAGs
[2025-12-08T07:26:41.655+0000] {logging_mixin.py:190} INFO - [2025-12-08T07:26:41.654+0000] {dag.py:4138} INFO - Setting next_dagrun for example_setup_teardown_taskflow to 2025-12-07 00:00:00+00:00, run_after=2025-12-08 00:00:00+00:00
[2025-12-08T07:26:41.695+0000] {processor.py:208} INFO - Processing /home/airflow/.local/lib/python3.12/site-packages/airflow/example_dags/example_setup_teardown_taskflow.py took 0.186 seconds
[2025-12-08T07:27:13.207+0000] {processor.py:186} INFO - Started process (PID=178) to work on /home/airflow/.local/lib/python3.12/site-packages/airflow/example_dags/example_setup_teardown_taskflow.py
[2025-12-08T07:27:13.209+0000] {processor.py:914} INFO - Processing file /home/airflow/.local/lib/python3.12/site-packages/airflow/example_dags/example_setup_teardown_taskflow.py for tasks to queue
[2025-12-08T07:27:13.216+0000] {logging_mixin.py:190} INFO - [2025-12-08T07:27:13.215+0000] {dagbag.py:587} INFO - Filling up the DagBag from /home/airflow/.local/lib/python3.12/site-packages/airflow/example_dags/example_setup_teardown_taskflow.py
[2025-12-08T07:27:13.237+0000] {processor.py:925} INFO - DAG(s) 'example_setup_teardown_taskflow' retrieved from /home/airflow/.local/lib/python3.12/site-packages/airflow/example_dags/example_setup_teardown_taskflow.py
[2025-12-08T07:27:13.298+0000] {logging_mixin.py:190} INFO - [2025-12-08T07:27:13.297+0000] {dag.py:3211} INFO - Sync 1 DAGs
[2025-12-08T07:27:13.386+0000] {logging_mixin.py:190} INFO - [2025-12-08T07:27:13.386+0000] {dag.py:4138} INFO - Setting next_dagrun for example_setup_teardown_taskflow to 2025-12-07 00:00:00+00:00, run_after=2025-12-08 00:00:00+00:00
[2025-12-08T07:27:13.467+0000] {processor.py:208} INFO - Processing /home/airflow/.local/lib/python3.12/site-packages/airflow/example_dags/example_setup_teardown_taskflow.py took 0.271 seconds
[2025-12-08T07:27:44.697+0000] {processor.py:186} INFO - Started process (PID=247) to work on /home/airflow/.local/lib/python3.12/site-packages/airflow/example_dags/example_setup_teardown_taskflow.py
[2025-12-08T07:27:44.702+0000] {processor.py:914} INFO - Processing file /home/airflow/.local/lib/python3.12/site-packages/airflow/example_dags/example_setup_teardown_taskflow.py for tasks to queue
[2025-12-08T07:27:44.711+0000] {logging_mixin.py:190} INFO - [2025-12-08T07:27:44.710+0000] {dagbag.py:587} INFO - Filling up the DagBag from /home/airflow/.local/lib/python3.12/site-packages/airflow/example_dags/example_setup_teardown_taskflow.py
[2025-12-08T07:27:44.755+0000] {processor.py:925} INFO - DAG(s) 'example_setup_teardown_taskflow' retrieved from /home/airflow/.local/lib/python3.12/site-packages/airflow/example_dags/example_setup_teardown_taskflow.py
[2025-12-08T07:27:44.926+0000] {logging_mixin.py:190} INFO - [2025-12-08T07:27:44.924+0000] {dag.py:3211} INFO - Sync 1 DAGs
[2025-12-08T07:27:45.199+0000] {logging_mixin.py:190} INFO - [2025-12-08T07:27:45.198+0000] {dag.py:4138} INFO - Setting next_dagrun for example_setup_teardown_taskflow to 2025-12-07 00:00:00+00:00, run_after=2025-12-08 00:00:00+00:00
[2025-12-08T07:27:45.502+0000] {processor.py:208} INFO - Processing /home/airflow/.local/lib/python3.12/site-packages/airflow/example_dags/example_setup_teardown_taskflow.py took 0.829 seconds
[2025-12-08T07:28:15.829+0000] {processor.py:186} INFO - Started process (PID=316) to work on /home/airflow/.local/lib/python3.12/site-packages/airflow/example_dags/example_setup_teardown_taskflow.py
[2025-12-08T07:28:15.833+0000] {processor.py:914} INFO - Processing file /home/airflow/.local/lib/python3.12/site-packages/airflow/example_dags/example_setup_teardown_taskflow.py for tasks to queue
[2025-12-08T07:28:15.839+0000] {logging_mixin.py:190} INFO - [2025-12-08T07:28:15.838+0000] {dagbag.py:587} INFO - Filling up the DagBag from /home/airflow/.local/lib/python3.12/site-packages/airflow/example_dags/example_setup_teardown_taskflow.py
[2025-12-08T07:28:15.863+0000] {processor.py:925} INFO - DAG(s) 'example_setup_teardown_taskflow' retrieved from /home/airflow/.local/lib/python3.12/site-packages/airflow/example_dags/example_setup_teardown_taskflow.py
[2025-12-08T07:28:15.916+0000] {logging_mixin.py:190} INFO - [2025-12-08T07:28:15.916+0000] {dag.py:3211} INFO - Sync 1 DAGs
[2025-12-08T07:28:15.966+0000] {logging_mixin.py:190} INFO - [2025-12-08T07:28:15.966+0000] {dag.py:4138} INFO - Setting next_dagrun for example_setup_teardown_taskflow to 2025-12-07 00:00:00+00:00, run_after=2025-12-08 00:00:00+00:00
[2025-12-08T07:28:16.023+0000] {processor.py:208} INFO - Processing /home/airflow/.local/lib/python3.12/site-packages/airflow/example_dags/example_setup_teardown_taskflow.py took 0.209 seconds
[2025-12-08T07:28:50.613+0000] {processor.py:186} INFO - Started process (PID=385) to work on /home/airflow/.local/lib/python3.12/site-packages/airflow/example_dags/example_setup_teardown_taskflow.py
[2025-12-08T07:28:50.616+0000] {processor.py:914} INFO - Processing file /home/airflow/.local/lib/python3.12/site-packages/airflow/example_dags/example_setup_teardown_taskflow.py for tasks to queue
[2025-12-08T07:28:50.622+0000] {logging_mixin.py:190} INFO - [2025-12-08T07:28:50.621+0000] {dagbag.py:587} INFO - Filling up the DagBag from /home/airflow/.local/lib/python3.12/site-packages/airflow/example_dags/example_setup_teardown_taskflow.py
[2025-12-08T07:28:50.648+0000] {processor.py:925} INFO - DAG(s) 'example_setup_teardown_taskflow' retrieved from /home/airflow/.local/lib/python3.12/site-packages/airflow/example_dags/example_setup_teardown_taskflow.py
[2025-12-08T07:28:50.693+0000] {logging_mixin.py:190} INFO - [2025-12-08T07:28:50.692+0000] {dag.py:3211} INFO - Sync 1 DAGs
[2025-12-08T07:28:50.750+0000] {logging_mixin.py:190} INFO - [2025-12-08T07:28:50.749+0000] {dag.py:4138} INFO - Setting next_dagrun for example_setup_teardown_taskflow to 2025-12-07 00:00:00+00:00, run_after=2025-12-08 00:00:00+00:00
[2025-12-08T07:28:50.803+0000] {processor.py:208} INFO - Processing /home/airflow/.local/lib/python3.12/site-packages/airflow/example_dags/example_setup_teardown_taskflow.py took 0.204 seconds
[2025-12-08T07:29:21.848+0000] {processor.py:186} INFO - Started process (PID=448) to work on /home/airflow/.local/lib/python3.12/site-packages/airflow/example_dags/example_setup_teardown_taskflow.py
[2025-12-08T07:29:21.851+0000] {processor.py:914} INFO - Processing file /home/airflow/.local/lib/python3.12/site-packages/airflow/example_dags/example_setup_teardown_taskflow.py for tasks to queue
[2025-12-08T07:29:21.858+0000] {logging_mixin.py:190} INFO - [2025-12-08T07:29:21.857+0000] {dagbag.py:587} INFO - Filling up the DagBag from /home/airflow/.local/lib/python3.12/site-packages/airflow/example_dags/example_setup_teardown_taskflow.py
[2025-12-08T07:29:21.888+0000] {processor.py:925} INFO - DAG(s) 'example_setup_teardown_taskflow' retrieved from /home/airflow/.local/lib/python3.12/site-packages/airflow/example_dags/example_setup_teardown_taskflow.py
[2025-12-08T07:29:21.948+0000] {logging_mixin.py:190} INFO - [2025-12-08T07:29:21.947+0000] {dag.py:3211} INFO - Sync 1 DAGs
[2025-12-08T07:29:22.022+0000] {logging_mixin.py:190} INFO - [2025-12-08T07:29:22.021+0000] {dag.py:4138} INFO - Setting next_dagrun for example_setup_teardown_taskflow to 2025-12-07 00:00:00+00:00, run_after=2025-12-08 00:00:00+00:00
[2025-12-08T07:29:22.076+0000] {processor.py:208} INFO - Processing /home/airflow/.local/lib/python3.12/site-packages/airflow/example_dags/example_setup_teardown_taskflow.py took 0.243 seconds
[2025-12-08T07:29:52.327+0000] {processor.py:186} INFO - Started process (PID=511) to work on /home/airflow/.local/lib/python3.12/site-packages/airflow/example_dags/example_setup_teardown_taskflow.py
[2025-12-08T07:29:52.330+0000] {processor.py:914} INFO - Processing file /home/airflow/.local/lib/python3.12/site-packages/airflow/example_dags/example_setup_teardown_taskflow.py for tasks to queue
[2025-12-08T07:29:52.336+0000] {logging_mixin.py:190} INFO - [2025-12-08T07:29:52.335+0000] {dagbag.py:587} INFO - Filling up the DagBag from /home/airflow/.local/lib/python3.12/site-packages/airflow/example_dags/example_setup_teardown_taskflow.py
[2025-12-08T07:29:52.357+0000] {processor.py:925} INFO - DAG(s) 'example_setup_teardown_taskflow' retrieved from /home/airflow/.local/lib/python3.12/site-packages/airflow/example_dags/example_setup_teardown_taskflow.py
[2025-12-08T07:29:52.396+0000] {logging_mixin.py:190} INFO - [2025-12-08T07:29:52.396+0000] {dag.py:3211} INFO - Sync 1 DAGs
[2025-12-08T07:29:52.436+0000] {logging_mixin.py:190} INFO - [2025-12-08T07:29:52.435+0000] {dag.py:4138} INFO - Setting next_dagrun for example_setup_teardown_taskflow to 2025-12-07 00:00:00+00:00, run_after=2025-12-08 00:00:00+00:00
[2025-12-08T07:29:52.472+0000] {processor.py:208} INFO - Processing /home/airflow/.local/lib/python3.12/site-packages/airflow/example_dags/example_setup_teardown_taskflow.py took 0.158 seconds
[2025-12-08T07:30:22.721+0000] {processor.py:186} INFO - Started process (PID=574) to work on /home/airflow/.local/lib/python3.12/site-packages/airflow/example_dags/example_setup_teardown_taskflow.py
[2025-12-08T07:30:22.723+0000] {processor.py:914} INFO - Processing file /home/airflow/.local/lib/python3.12/site-packages/airflow/example_dags/example_setup_teardown_taskflow.py for tasks to queue
[2025-12-08T07:30:22.730+0000] {logging_mixin.py:190} INFO - [2025-12-08T07:30:22.728+0000] {dagbag.py:587} INFO - Filling up the DagBag from /home/airflow/.local/lib/python3.12/site-packages/airflow/example_dags/example_setup_teardown_taskflow.py
[2025-12-08T07:30:22.750+0000] {processor.py:925} INFO - DAG(s) 'example_setup_teardown_taskflow' retrieved from /home/airflow/.local/lib/python3.12/site-packages/airflow/example_dags/example_setup_teardown_taskflow.py
[2025-12-08T07:30:22.795+0000] {logging_mixin.py:190} INFO - [2025-12-08T07:30:22.795+0000] {dag.py:3211} INFO - Sync 1 DAGs
[2025-12-08T07:30:22.846+0000] {logging_mixin.py:190} INFO - [2025-12-08T07:30:22.845+0000] {dag.py:4138} INFO - Setting next_dagrun for example_setup_teardown_taskflow to 2025-12-07 00:00:00+00:00, run_after=2025-12-08 00:00:00+00:00
[2025-12-08T07:30:22.885+0000] {processor.py:208} INFO - Processing /home/airflow/.local/lib/python3.12/site-packages/airflow/example_dags/example_setup_teardown_taskflow.py took 0.175 seconds
[2025-12-08T07:30:53.194+0000] {processor.py:186} INFO - Started process (PID=637) to work on /home/airflow/.local/lib/python3.12/site-packages/airflow/example_dags/example_setup_teardown_taskflow.py
[2025-12-08T07:30:53.197+0000] {processor.py:914} INFO - Processing file /home/airflow/.local/lib/python3.12/site-packages/airflow/example_dags/example_setup_teardown_taskflow.py for tasks to queue
[2025-12-08T07:30:53.204+0000] {logging_mixin.py:190} INFO - [2025-12-08T07:30:53.203+0000] {dagbag.py:587} INFO - Filling up the DagBag from /home/airflow/.local/lib/python3.12/site-packages/airflow/example_dags/example_setup_teardown_taskflow.py
[2025-12-08T07:30:53.221+0000] {processor.py:925} INFO - DAG(s) 'example_setup_teardown_taskflow' retrieved from /home/airflow/.local/lib/python3.12/site-packages/airflow/example_dags/example_setup_teardown_taskflow.py
[2025-12-08T07:30:53.286+0000] {logging_mixin.py:190} INFO - [2025-12-08T07:30:53.284+0000] {dag.py:3211} INFO - Sync 1 DAGs
[2025-12-08T07:30:53.339+0000] {logging_mixin.py:190} INFO - [2025-12-08T07:30:53.339+0000] {dag.py:4138} INFO - Setting next_dagrun for example_setup_teardown_taskflow to 2025-12-07 00:00:00+00:00, run_after=2025-12-08 00:00:00+00:00
[2025-12-08T07:30:53.380+0000] {processor.py:208} INFO - Processing /home/airflow/.local/lib/python3.12/site-packages/airflow/example_dags/example_setup_teardown_taskflow.py took 0.194 seconds
[2025-12-08T07:31:24.102+0000] {processor.py:186} INFO - Started process (PID=700) to work on /home/airflow/.local/lib/python3.12/site-packages/airflow/example_dags/example_setup_teardown_taskflow.py
[2025-12-08T07:31:24.104+0000] {processor.py:914} INFO - Processing file /home/airflow/.local/lib/python3.12/site-packages/airflow/example_dags/example_setup_teardown_taskflow.py for tasks to queue
[2025-12-08T07:31:24.110+0000] {logging_mixin.py:190} INFO - [2025-12-08T07:31:24.109+0000] {dagbag.py:587} INFO - Filling up the DagBag from /home/airflow/.local/lib/python3.12/site-packages/airflow/example_dags/example_setup_teardown_taskflow.py
[2025-12-08T07:31:24.126+0000] {processor.py:925} INFO - DAG(s) 'example_setup_teardown_taskflow' retrieved from /home/airflow/.local/lib/python3.12/site-packages/airflow/example_dags/example_setup_teardown_taskflow.py
[2025-12-08T07:31:24.171+0000] {logging_mixin.py:190} INFO - [2025-12-08T07:31:24.170+0000] {dag.py:3211} INFO - Sync 1 DAGs
[2025-12-08T07:31:24.208+0000] {logging_mixin.py:190} INFO - [2025-12-08T07:31:24.208+0000] {dag.py:4138} INFO - Setting next_dagrun for example_setup_teardown_taskflow to 2025-12-07 00:00:00+00:00, run_after=2025-12-08 00:00:00+00:00
[2025-12-08T07:31:24.239+0000] {processor.py:208} INFO - Processing /home/airflow/.local/lib/python3.12/site-packages/airflow/example_dags/example_setup_teardown_taskflow.py took 0.147 seconds
[2025-12-08T07:31:55.318+0000] {processor.py:186} INFO - Started process (PID=763) to work on /home/airflow/.local/lib/python3.12/site-packages/airflow/example_dags/example_setup_teardown_taskflow.py
[2025-12-08T07:31:55.320+0000] {processor.py:914} INFO - Processing file /home/airflow/.local/lib/python3.12/site-packages/airflow/example_dags/example_setup_teardown_taskflow.py for tasks to queue
[2025-12-08T07:31:55.326+0000] {logging_mixin.py:190} INFO - [2025-12-08T07:31:55.325+0000] {dagbag.py:587} INFO - Filling up the DagBag from /home/airflow/.local/lib/python3.12/site-packages/airflow/example_dags/example_setup_teardown_taskflow.py
[2025-12-08T07:31:55.350+0000] {processor.py:925} INFO - DAG(s) 'example_setup_teardown_taskflow' retrieved from /home/airflow/.local/lib/python3.12/site-packages/airflow/example_dags/example_setup_teardown_taskflow.py
[2025-12-08T07:31:55.399+0000] {logging_mixin.py:190} INFO - [2025-12-08T07:31:55.398+0000] {dag.py:3211} INFO - Sync 1 DAGs
[2025-12-08T07:31:55.447+0000] {logging_mixin.py:190} INFO - [2025-12-08T07:31:55.446+0000] {dag.py:4138} INFO - Setting next_dagrun for example_setup_teardown_taskflow to 2025-12-07 00:00:00+00:00, run_after=2025-12-08 00:00:00+00:00
[2025-12-08T07:31:55.485+0000] {processor.py:208} INFO - Processing /home/airflow/.local/lib/python3.12/site-packages/airflow/example_dags/example_setup_teardown_taskflow.py took 0.178 seconds
[2025-12-08T07:32:26.441+0000] {processor.py:186} INFO - Started process (PID=826) to work on /home/airflow/.local/lib/python3.12/site-packages/airflow/example_dags/example_setup_teardown_taskflow.py
[2025-12-08T07:32:26.444+0000] {processor.py:914} INFO - Processing file /home/airflow/.local/lib/python3.12/site-packages/airflow/example_dags/example_setup_teardown_taskflow.py for tasks to queue
[2025-12-08T07:32:26.448+0000] {logging_mixin.py:190} INFO - [2025-12-08T07:32:26.448+0000] {dagbag.py:587} INFO - Filling up the DagBag from /home/airflow/.local/lib/python3.12/site-packages/airflow/example_dags/example_setup_teardown_taskflow.py
[2025-12-08T07:32:26.475+0000] {processor.py:925} INFO - DAG(s) 'example_setup_teardown_taskflow' retrieved from /home/airflow/.local/lib/python3.12/site-packages/airflow/example_dags/example_setup_teardown_taskflow.py
[2025-12-08T07:32:26.527+0000] {logging_mixin.py:190} INFO - [2025-12-08T07:32:26.526+0000] {dag.py:3211} INFO - Sync 1 DAGs
[2025-12-08T07:32:26.593+0000] {logging_mixin.py:190} INFO - [2025-12-08T07:32:26.592+0000] {dag.py:4138} INFO - Setting next_dagrun for example_setup_teardown_taskflow to 2025-12-07 00:00:00+00:00, run_after=2025-12-08 00:00:00+00:00
[2025-12-08T07:32:26.636+0000] {processor.py:208} INFO - Processing /home/airflow/.local/lib/python3.12/site-packages/airflow/example_dags/example_setup_teardown_taskflow.py took 0.209 seconds
[2025-12-08T07:32:57.389+0000] {processor.py:186} INFO - Started process (PID=889) to work on /home/airflow/.local/lib/python3.12/site-packages/airflow/example_dags/example_setup_teardown_taskflow.py
[2025-12-08T07:32:57.392+0000] {processor.py:914} INFO - Processing file /home/airflow/.local/lib/python3.12/site-packages/airflow/example_dags/example_setup_teardown_taskflow.py for tasks to queue
[2025-12-08T07:32:57.398+0000] {logging_mixin.py:190} INFO - [2025-12-08T07:32:57.397+0000] {dagbag.py:587} INFO - Filling up the DagBag from /home/airflow/.local/lib/python3.12/site-packages/airflow/example_dags/example_setup_teardown_taskflow.py
[2025-12-08T07:32:57.428+0000] {processor.py:925} INFO - DAG(s) 'example_setup_teardown_taskflow' retrieved from /home/airflow/.local/lib/python3.12/site-packages/airflow/example_dags/example_setup_teardown_taskflow.py
[2025-12-08T07:32:57.485+0000] {logging_mixin.py:190} INFO - [2025-12-08T07:32:57.484+0000] {dag.py:3211} INFO - Sync 1 DAGs
[2025-12-08T07:32:57.556+0000] {logging_mixin.py:190} INFO - [2025-12-08T07:32:57.555+0000] {dag.py:4138} INFO - Setting next_dagrun for example_setup_teardown_taskflow to 2025-12-07 00:00:00+00:00, run_after=2025-12-08 00:00:00+00:00
[2025-12-08T07:32:57.608+0000] {processor.py:208} INFO - Processing /home/airflow/.local/lib/python3.12/site-packages/airflow/example_dags/example_setup_teardown_taskflow.py took 0.231 seconds
[2025-12-08T07:33:27.847+0000] {processor.py:186} INFO - Started process (PID=952) to work on /home/airflow/.local/lib/python3.12/site-packages/airflow/example_dags/example_setup_teardown_taskflow.py
[2025-12-08T07:33:27.849+0000] {processor.py:914} INFO - Processing file /home/airflow/.local/lib/python3.12/site-packages/airflow/example_dags/example_setup_teardown_taskflow.py for tasks to queue
[2025-12-08T07:33:27.853+0000] {logging_mixin.py:190} INFO - [2025-12-08T07:33:27.853+0000] {dagbag.py:587} INFO - Filling up the DagBag from /home/airflow/.local/lib/python3.12/site-packages/airflow/example_dags/example_setup_teardown_taskflow.py
[2025-12-08T07:33:27.885+0000] {processor.py:925} INFO - DAG(s) 'example_setup_teardown_taskflow' retrieved from /home/airflow/.local/lib/python3.12/site-packages/airflow/example_dags/example_setup_teardown_taskflow.py
[2025-12-08T07:33:27.942+0000] {logging_mixin.py:190} INFO - [2025-12-08T07:33:27.942+0000] {dag.py:3211} INFO - Sync 1 DAGs
[2025-12-08T07:33:27.995+0000] {logging_mixin.py:190} INFO - [2025-12-08T07:33:27.994+0000] {dag.py:4138} INFO - Setting next_dagrun for example_setup_teardown_taskflow to 2025-12-07 00:00:00+00:00, run_after=2025-12-08 00:00:00+00:00
[2025-12-08T07:33:28.038+0000] {processor.py:208} INFO - Processing /home/airflow/.local/lib/python3.12/site-packages/airflow/example_dags/example_setup_teardown_taskflow.py took 0.203 seconds
[2025-12-08T07:33:58.919+0000] {processor.py:186} INFO - Started process (PID=1015) to work on /home/airflow/.local/lib/python3.12/site-packages/airflow/example_dags/example_setup_teardown_taskflow.py
[2025-12-08T07:33:58.922+0000] {processor.py:914} INFO - Processing file /home/airflow/.local/lib/python3.12/site-packages/airflow/example_dags/example_setup_teardown_taskflow.py for tasks to queue
[2025-12-08T07:33:58.931+0000] {logging_mixin.py:190} INFO - [2025-12-08T07:33:58.930+0000] {dagbag.py:587} INFO - Filling up the DagBag from /home/airflow/.local/lib/python3.12/site-packages/airflow/example_dags/example_setup_teardown_taskflow.py
[2025-12-08T07:33:58.953+0000] {processor.py:925} INFO - DAG(s) 'example_setup_teardown_taskflow' retrieved from /home/airflow/.local/lib/python3.12/site-packages/airflow/example_dags/example_setup_teardown_taskflow.py
[2025-12-08T07:33:59.003+0000] {logging_mixin.py:190} INFO - [2025-12-08T07:33:59.002+0000] {dag.py:3211} INFO - Sync 1 DAGs
[2025-12-08T07:33:59.063+0000] {logging_mixin.py:190} INFO - [2025-12-08T07:33:59.063+0000] {dag.py:4138} INFO - Setting next_dagrun for example_setup_teardown_taskflow to 2025-12-07 00:00:00+00:00, run_after=2025-12-08 00:00:00+00:00
[2025-12-08T07:33:59.100+0000] {processor.py:208} INFO - Processing /home/airflow/.local/lib/python3.12/site-packages/airflow/example_dags/example_setup_teardown_taskflow.py took 0.196 seconds
[2025-12-08T07:34:29.589+0000] {processor.py:186} INFO - Started process (PID=1079) to work on /home/airflow/.local/lib/python3.12/site-packages/airflow/example_dags/example_setup_teardown_taskflow.py
[2025-12-08T07:34:29.591+0000] {processor.py:914} INFO - Processing file /home/airflow/.local/lib/python3.12/site-packages/airflow/example_dags/example_setup_teardown_taskflow.py for tasks to queue
[2025-12-08T07:34:29.597+0000] {logging_mixin.py:190} INFO - [2025-12-08T07:34:29.596+0000] {dagbag.py:587} INFO - Filling up the DagBag from /home/airflow/.local/lib/python3.12/site-packages/airflow/example_dags/example_setup_teardown_taskflow.py
[2025-12-08T07:34:29.615+0000] {processor.py:925} INFO - DAG(s) 'example_setup_teardown_taskflow' retrieved from /home/airflow/.local/lib/python3.12/site-packages/airflow/example_dags/example_setup_teardown_taskflow.py
[2025-12-08T07:34:29.660+0000] {logging_mixin.py:190} INFO - [2025-12-08T07:34:29.659+0000] {dag.py:3211} INFO - Sync 1 DAGs
[2025-12-08T07:34:29.705+0000] {logging_mixin.py:190} INFO - [2025-12-08T07:34:29.704+0000] {dag.py:4138} INFO - Setting next_dagrun for example_setup_teardown_taskflow to 2025-12-07 00:00:00+00:00, run_after=2025-12-08 00:00:00+00:00
[2025-12-08T07:34:29.743+0000] {processor.py:208} INFO - Processing /home/airflow/.local/lib/python3.12/site-packages/airflow/example_dags/example_setup_teardown_taskflow.py took 0.167 seconds
[2025-12-08T07:35:00.291+0000] {processor.py:186} INFO - Started process (PID=1142) to work on /home/airflow/.local/lib/python3.12/site-packages/airflow/example_dags/example_setup_teardown_taskflow.py
[2025-12-08T07:35:00.295+0000] {processor.py:914} INFO - Processing file /home/airflow/.local/lib/python3.12/site-packages/airflow/example_dags/example_setup_teardown_taskflow.py for tasks to queue
[2025-12-08T07:35:00.302+0000] {logging_mixin.py:190} INFO - [2025-12-08T07:35:00.301+0000] {dagbag.py:587} INFO - Filling up the DagBag from /home/airflow/.local/lib/python3.12/site-packages/airflow/example_dags/example_setup_teardown_taskflow.py
[2025-12-08T07:35:00.338+0000] {processor.py:925} INFO - DAG(s) 'example_setup_teardown_taskflow' retrieved from /home/airflow/.local/lib/python3.12/site-packages/airflow/example_dags/example_setup_teardown_taskflow.py
[2025-12-08T07:35:00.382+0000] {logging_mixin.py:190} INFO - [2025-12-08T07:35:00.381+0000] {dag.py:3211} INFO - Sync 1 DAGs
[2025-12-08T07:35:00.444+0000] {logging_mixin.py:190} INFO - [2025-12-08T07:35:00.443+0000] {dag.py:4138} INFO - Setting next_dagrun for example_setup_teardown_taskflow to 2025-12-07 00:00:00+00:00, run_after=2025-12-08 00:00:00+00:00
[2025-12-08T07:35:00.486+0000] {processor.py:208} INFO - Processing /home/airflow/.local/lib/python3.12/site-packages/airflow/example_dags/example_setup_teardown_taskflow.py took 0.208 seconds
[2025-12-08T07:35:30.710+0000] {processor.py:186} INFO - Started process (PID=1205) to work on /home/airflow/.local/lib/python3.12/site-packages/airflow/example_dags/example_setup_teardown_taskflow.py
[2025-12-08T07:35:30.713+0000] {processor.py:914} INFO - Processing file /home/airflow/.local/lib/python3.12/site-packages/airflow/example_dags/example_setup_teardown_taskflow.py for tasks to queue
[2025-12-08T07:35:30.718+0000] {logging_mixin.py:190} INFO - [2025-12-08T07:35:30.717+0000] {dagbag.py:587} INFO - Filling up the DagBag from /home/airflow/.local/lib/python3.12/site-packages/airflow/example_dags/example_setup_teardown_taskflow.py
[2025-12-08T07:35:30.743+0000] {processor.py:925} INFO - DAG(s) 'example_setup_teardown_taskflow' retrieved from /home/airflow/.local/lib/python3.12/site-packages/airflow/example_dags/example_setup_teardown_taskflow.py
[2025-12-08T07:35:30.793+0000] {logging_mixin.py:190} INFO - [2025-12-08T07:35:30.793+0000] {dag.py:3211} INFO - Sync 1 DAGs
[2025-12-08T07:35:30.839+0000] {logging_mixin.py:190} INFO - [2025-12-08T07:35:30.838+0000] {dag.py:4138} INFO - Setting next_dagrun for example_setup_teardown_taskflow to 2025-12-07 00:00:00+00:00, run_after=2025-12-08 00:00:00+00:00
[2025-12-08T07:35:30.882+0000] {processor.py:208} INFO - Processing /home/airflow/.local/lib/python3.12/site-packages/airflow/example_dags/example_setup_teardown_taskflow.py took 0.189 seconds
[2025-12-08T07:36:00.991+0000] {processor.py:186} INFO - Started process (PID=1268) to work on /home/airflow/.local/lib/python3.12/site-packages/airflow/example_dags/example_setup_teardown_taskflow.py
[2025-12-08T07:36:00.994+0000] {processor.py:914} INFO - Processing file /home/airflow/.local/lib/python3.12/site-packages/airflow/example_dags/example_setup_teardown_taskflow.py for tasks to queue
[2025-12-08T07:36:01.000+0000] {logging_mixin.py:190} INFO - [2025-12-08T07:36:00.999+0000] {dagbag.py:587} INFO - Filling up the DagBag from /home/airflow/.local/lib/python3.12/site-packages/airflow/example_dags/example_setup_teardown_taskflow.py
[2025-12-08T07:36:01.024+0000] {processor.py:925} INFO - DAG(s) 'example_setup_teardown_taskflow' retrieved from /home/airflow/.local/lib/python3.12/site-packages/airflow/example_dags/example_setup_teardown_taskflow.py
[2025-12-08T07:36:01.073+0000] {logging_mixin.py:190} INFO - [2025-12-08T07:36:01.072+0000] {dag.py:3211} INFO - Sync 1 DAGs
[2025-12-08T07:36:01.124+0000] {logging_mixin.py:190} INFO - [2025-12-08T07:36:01.124+0000] {dag.py:4138} INFO - Setting next_dagrun for example_setup_teardown_taskflow to 2025-12-07 00:00:00+00:00, run_after=2025-12-08 00:00:00+00:00
[2025-12-08T07:36:01.173+0000] {processor.py:208} INFO - Processing /home/airflow/.local/lib/python3.12/site-packages/airflow/example_dags/example_setup_teardown_taskflow.py took 0.194 seconds
[2025-12-08T07:36:31.610+0000] {processor.py:186} INFO - Started process (PID=1331) to work on /home/airflow/.local/lib/python3.12/site-packages/airflow/example_dags/example_setup_teardown_taskflow.py
[2025-12-08T07:36:31.612+0000] {processor.py:914} INFO - Processing file /home/airflow/.local/lib/python3.12/site-packages/airflow/example_dags/example_setup_teardown_taskflow.py for tasks to queue
[2025-12-08T07:36:31.619+0000] {logging_mixin.py:190} INFO - [2025-12-08T07:36:31.618+0000] {dagbag.py:587} INFO - Filling up the DagBag from /home/airflow/.local/lib/python3.12/site-packages/airflow/example_dags/example_setup_teardown_taskflow.py
[2025-12-08T07:36:31.644+0000] {processor.py:925} INFO - DAG(s) 'example_setup_teardown_taskflow' retrieved from /home/airflow/.local/lib/python3.12/site-packages/airflow/example_dags/example_setup_teardown_taskflow.py
[2025-12-08T07:36:31.690+0000] {logging_mixin.py:190} INFO - [2025-12-08T07:36:31.689+0000] {dag.py:3211} INFO - Sync 1 DAGs
[2025-12-08T07:36:31.738+0000] {logging_mixin.py:190} INFO - [2025-12-08T07:36:31.738+0000] {dag.py:4138} INFO - Setting next_dagrun for example_setup_teardown_taskflow to 2025-12-07 00:00:00+00:00, run_after=2025-12-08 00:00:00+00:00
[2025-12-08T07:36:31.782+0000] {processor.py:208} INFO - Processing /home/airflow/.local/lib/python3.12/site-packages/airflow/example_dags/example_setup_teardown_taskflow.py took 0.185 seconds
[2025-12-08T07:37:02.142+0000] {processor.py:186} INFO - Started process (PID=1394) to work on /home/airflow/.local/lib/python3.12/site-packages/airflow/example_dags/example_setup_teardown_taskflow.py
[2025-12-08T07:37:02.145+0000] {processor.py:914} INFO - Processing file /home/airflow/.local/lib/python3.12/site-packages/airflow/example_dags/example_setup_teardown_taskflow.py for tasks to queue
[2025-12-08T07:37:02.158+0000] {logging_mixin.py:190} INFO - [2025-12-08T07:37:02.157+0000] {dagbag.py:587} INFO - Filling up the DagBag from /home/airflow/.local/lib/python3.12/site-packages/airflow/example_dags/example_setup_teardown_taskflow.py
[2025-12-08T07:37:02.214+0000] {processor.py:925} INFO - DAG(s) 'example_setup_teardown_taskflow' retrieved from /home/airflow/.local/lib/python3.12/site-packages/airflow/example_dags/example_setup_teardown_taskflow.py
[2025-12-08T07:37:02.300+0000] {logging_mixin.py:190} INFO - [2025-12-08T07:37:02.299+0000] {dag.py:3211} INFO - Sync 1 DAGs
[2025-12-08T07:37:02.368+0000] {logging_mixin.py:190} INFO - [2025-12-08T07:37:02.367+0000] {dag.py:4138} INFO - Setting next_dagrun for example_setup_teardown_taskflow to 2025-12-07 00:00:00+00:00, run_after=2025-12-08 00:00:00+00:00
[2025-12-08T07:37:02.429+0000] {processor.py:208} INFO - Processing /home/airflow/.local/lib/python3.12/site-packages/airflow/example_dags/example_setup_teardown_taskflow.py took 0.309 seconds
[2025-12-08T07:37:32.835+0000] {processor.py:186} INFO - Started process (PID=1457) to work on /home/airflow/.local/lib/python3.12/site-packages/airflow/example_dags/example_setup_teardown_taskflow.py
[2025-12-08T07:37:32.838+0000] {processor.py:914} INFO - Processing file /home/airflow/.local/lib/python3.12/site-packages/airflow/example_dags/example_setup_teardown_taskflow.py for tasks to queue
[2025-12-08T07:37:32.846+0000] {logging_mixin.py:190} INFO - [2025-12-08T07:37:32.845+0000] {dagbag.py:587} INFO - Filling up the DagBag from /home/airflow/.local/lib/python3.12/site-packages/airflow/example_dags/example_setup_teardown_taskflow.py
[2025-12-08T07:37:32.873+0000] {processor.py:925} INFO - DAG(s) 'example_setup_teardown_taskflow' retrieved from /home/airflow/.local/lib/python3.12/site-packages/airflow/example_dags/example_setup_teardown_taskflow.py
[2025-12-08T07:37:32.932+0000] {logging_mixin.py:190} INFO - [2025-12-08T07:37:32.931+0000] {dag.py:3211} INFO - Sync 1 DAGs
[2025-12-08T07:37:32.992+0000] {logging_mixin.py:190} INFO - [2025-12-08T07:37:32.992+0000] {dag.py:4138} INFO - Setting next_dagrun for example_setup_teardown_taskflow to 2025-12-07 00:00:00+00:00, run_after=2025-12-08 00:00:00+00:00
[2025-12-08T07:37:33.041+0000] {processor.py:208} INFO - Processing /home/airflow/.local/lib/python3.12/site-packages/airflow/example_dags/example_setup_teardown_taskflow.py took 0.217 seconds
[2025-12-08T07:38:03.156+0000] {processor.py:186} INFO - Started process (PID=1521) to work on /home/airflow/.local/lib/python3.12/site-packages/airflow/example_dags/example_setup_teardown_taskflow.py
[2025-12-08T07:38:03.158+0000] {processor.py:914} INFO - Processing file /home/airflow/.local/lib/python3.12/site-packages/airflow/example_dags/example_setup_teardown_taskflow.py for tasks to queue
[2025-12-08T07:38:03.164+0000] {logging_mixin.py:190} INFO - [2025-12-08T07:38:03.164+0000] {dagbag.py:587} INFO - Filling up the DagBag from /home/airflow/.local/lib/python3.12/site-packages/airflow/example_dags/example_setup_teardown_taskflow.py
[2025-12-08T07:38:03.183+0000] {processor.py:925} INFO - DAG(s) 'example_setup_teardown_taskflow' retrieved from /home/airflow/.local/lib/python3.12/site-packages/airflow/example_dags/example_setup_teardown_taskflow.py
[2025-12-08T07:38:03.229+0000] {logging_mixin.py:190} INFO - [2025-12-08T07:38:03.228+0000] {dag.py:3211} INFO - Sync 1 DAGs
[2025-12-08T07:38:03.278+0000] {logging_mixin.py:190} INFO - [2025-12-08T07:38:03.278+0000] {dag.py:4138} INFO - Setting next_dagrun for example_setup_teardown_taskflow to 2025-12-07 00:00:00+00:00, run_after=2025-12-08 00:00:00+00:00
[2025-12-08T07:38:03.319+0000] {processor.py:208} INFO - Processing /home/airflow/.local/lib/python3.12/site-packages/airflow/example_dags/example_setup_teardown_taskflow.py took 0.177 seconds
[2025-12-08T07:38:33.793+0000] {processor.py:186} INFO - Started process (PID=1584) to work on /home/airflow/.local/lib/python3.12/site-packages/airflow/example_dags/example_setup_teardown_taskflow.py
[2025-12-08T07:38:33.795+0000] {processor.py:914} INFO - Processing file /home/airflow/.local/lib/python3.12/site-packages/airflow/example_dags/example_setup_teardown_taskflow.py for tasks to queue
[2025-12-08T07:38:33.800+0000] {logging_mixin.py:190} INFO - [2025-12-08T07:38:33.799+0000] {dagbag.py:587} INFO - Filling up the DagBag from /home/airflow/.local/lib/python3.12/site-packages/airflow/example_dags/example_setup_teardown_taskflow.py
[2025-12-08T07:38:33.826+0000] {processor.py:925} INFO - DAG(s) 'example_setup_teardown_taskflow' retrieved from /home/airflow/.local/lib/python3.12/site-packages/airflow/example_dags/example_setup_teardown_taskflow.py
[2025-12-08T07:38:33.868+0000] {logging_mixin.py:190} INFO - [2025-12-08T07:38:33.868+0000] {dag.py:3211} INFO - Sync 1 DAGs
[2025-12-08T07:38:33.908+0000] {logging_mixin.py:190} INFO - [2025-12-08T07:38:33.908+0000] {dag.py:4138} INFO - Setting next_dagrun for example_setup_teardown_taskflow to 2025-12-07 00:00:00+00:00, run_after=2025-12-08 00:00:00+00:00
[2025-12-08T07:38:33.951+0000] {processor.py:208} INFO - Processing /home/airflow/.local/lib/python3.12/site-packages/airflow/example_dags/example_setup_teardown_taskflow.py took 0.171 seconds
[2025-12-08T07:39:04.232+0000] {processor.py:186} INFO - Started process (PID=1648) to work on /home/airflow/.local/lib/python3.12/site-packages/airflow/example_dags/example_setup_teardown_taskflow.py
[2025-12-08T07:39:04.235+0000] {processor.py:914} INFO - Processing file /home/airflow/.local/lib/python3.12/site-packages/airflow/example_dags/example_setup_teardown_taskflow.py for tasks to queue
[2025-12-08T07:39:04.241+0000] {logging_mixin.py:190} INFO - [2025-12-08T07:39:04.240+0000] {dagbag.py:587} INFO - Filling up the DagBag from /home/airflow/.local/lib/python3.12/site-packages/airflow/example_dags/example_setup_teardown_taskflow.py
[2025-12-08T07:39:04.262+0000] {processor.py:925} INFO - DAG(s) 'example_setup_teardown_taskflow' retrieved from /home/airflow/.local/lib/python3.12/site-packages/airflow/example_dags/example_setup_teardown_taskflow.py
[2025-12-08T07:39:04.308+0000] {logging_mixin.py:190} INFO - [2025-12-08T07:39:04.307+0000] {dag.py:3211} INFO - Sync 1 DAGs
[2025-12-08T07:39:04.359+0000] {logging_mixin.py:190} INFO - [2025-12-08T07:39:04.358+0000] {dag.py:4138} INFO - Setting next_dagrun for example_setup_teardown_taskflow to 2025-12-07 00:00:00+00:00, run_after=2025-12-08 00:00:00+00:00
[2025-12-08T07:39:04.397+0000] {processor.py:208} INFO - Processing /home/airflow/.local/lib/python3.12/site-packages/airflow/example_dags/example_setup_teardown_taskflow.py took 0.177 seconds
[2025-12-08T07:39:35.302+0000] {processor.py:186} INFO - Started process (PID=1711) to work on /home/airflow/.local/lib/python3.12/site-packages/airflow/example_dags/example_setup_teardown_taskflow.py
[2025-12-08T07:39:35.305+0000] {processor.py:914} INFO - Processing file /home/airflow/.local/lib/python3.12/site-packages/airflow/example_dags/example_setup_teardown_taskflow.py for tasks to queue
[2025-12-08T07:39:35.311+0000] {logging_mixin.py:190} INFO - [2025-12-08T07:39:35.310+0000] {dagbag.py:587} INFO - Filling up the DagBag from /home/airflow/.local/lib/python3.12/site-packages/airflow/example_dags/example_setup_teardown_taskflow.py
[2025-12-08T07:39:35.330+0000] {processor.py:925} INFO - DAG(s) 'example_setup_teardown_taskflow' retrieved from /home/airflow/.local/lib/python3.12/site-packages/airflow/example_dags/example_setup_teardown_taskflow.py
[2025-12-08T07:39:35.367+0000] {logging_mixin.py:190} INFO - [2025-12-08T07:39:35.366+0000] {dag.py:3211} INFO - Sync 1 DAGs
[2025-12-08T07:39:35.403+0000] {logging_mixin.py:190} INFO - [2025-12-08T07:39:35.402+0000] {dag.py:4138} INFO - Setting next_dagrun for example_setup_teardown_taskflow to 2025-12-07 00:00:00+00:00, run_after=2025-12-08 00:00:00+00:00
[2025-12-08T07:39:35.440+0000] {processor.py:208} INFO - Processing /home/airflow/.local/lib/python3.12/site-packages/airflow/example_dags/example_setup_teardown_taskflow.py took 0.146 seconds
[2025-12-08T07:40:06.556+0000] {processor.py:186} INFO - Started process (PID=1774) to work on /home/airflow/.local/lib/python3.12/site-packages/airflow/example_dags/example_setup_teardown_taskflow.py
[2025-12-08T07:40:06.560+0000] {processor.py:914} INFO - Processing file /home/airflow/.local/lib/python3.12/site-packages/airflow/example_dags/example_setup_teardown_taskflow.py for tasks to queue
[2025-12-08T07:40:06.570+0000] {logging_mixin.py:190} INFO - [2025-12-08T07:40:06.569+0000] {dagbag.py:587} INFO - Filling up the DagBag from /home/airflow/.local/lib/python3.12/site-packages/airflow/example_dags/example_setup_teardown_taskflow.py
[2025-12-08T07:40:06.616+0000] {processor.py:925} INFO - DAG(s) 'example_setup_teardown_taskflow' retrieved from /home/airflow/.local/lib/python3.12/site-packages/airflow/example_dags/example_setup_teardown_taskflow.py
[2025-12-08T07:40:06.665+0000] {logging_mixin.py:190} INFO - [2025-12-08T07:40:06.664+0000] {dag.py:3211} INFO - Sync 1 DAGs
[2025-12-08T07:40:06.728+0000] {logging_mixin.py:190} INFO - [2025-12-08T07:40:06.728+0000] {dag.py:4138} INFO - Setting next_dagrun for example_setup_teardown_taskflow to 2025-12-07 00:00:00+00:00, run_after=2025-12-08 00:00:00+00:00
[2025-12-08T07:40:06.780+0000] {processor.py:208} INFO - Processing /home/airflow/.local/lib/python3.12/site-packages/airflow/example_dags/example_setup_teardown_taskflow.py took 0.242 seconds
[2025-12-08T07:40:36.909+0000] {processor.py:186} INFO - Started process (PID=1837) to work on /home/airflow/.local/lib/python3.12/site-packages/airflow/example_dags/example_setup_teardown_taskflow.py
[2025-12-08T07:40:36.912+0000] {processor.py:914} INFO - Processing file /home/airflow/.local/lib/python3.12/site-packages/airflow/example_dags/example_setup_teardown_taskflow.py for tasks to queue
[2025-12-08T07:40:36.917+0000] {logging_mixin.py:190} INFO - [2025-12-08T07:40:36.916+0000] {dagbag.py:587} INFO - Filling up the DagBag from /home/airflow/.local/lib/python3.12/site-packages/airflow/example_dags/example_setup_teardown_taskflow.py
[2025-12-08T07:40:36.942+0000] {processor.py:925} INFO - DAG(s) 'example_setup_teardown_taskflow' retrieved from /home/airflow/.local/lib/python3.12/site-packages/airflow/example_dags/example_setup_teardown_taskflow.py
[2025-12-08T07:40:36.985+0000] {logging_mixin.py:190} INFO - [2025-12-08T07:40:36.985+0000] {dag.py:3211} INFO - Sync 1 DAGs
[2025-12-08T07:40:37.041+0000] {logging_mixin.py:190} INFO - [2025-12-08T07:40:37.041+0000] {dag.py:4138} INFO - Setting next_dagrun for example_setup_teardown_taskflow to 2025-12-07 00:00:00+00:00, run_after=2025-12-08 00:00:00+00:00
[2025-12-08T07:40:37.097+0000] {processor.py:208} INFO - Processing /home/airflow/.local/lib/python3.12/site-packages/airflow/example_dags/example_setup_teardown_taskflow.py took 0.201 seconds
[2025-12-08T07:41:07.981+0000] {processor.py:186} INFO - Started process (PID=1900) to work on /home/airflow/.local/lib/python3.12/site-packages/airflow/example_dags/example_setup_teardown_taskflow.py
[2025-12-08T07:41:07.984+0000] {processor.py:914} INFO - Processing file /home/airflow/.local/lib/python3.12/site-packages/airflow/example_dags/example_setup_teardown_taskflow.py for tasks to queue
[2025-12-08T07:41:07.992+0000] {logging_mixin.py:190} INFO - [2025-12-08T07:41:07.991+0000] {dagbag.py:587} INFO - Filling up the DagBag from /home/airflow/.local/lib/python3.12/site-packages/airflow/example_dags/example_setup_teardown_taskflow.py
[2025-12-08T07:41:08.013+0000] {processor.py:925} INFO - DAG(s) 'example_setup_teardown_taskflow' retrieved from /home/airflow/.local/lib/python3.12/site-packages/airflow/example_dags/example_setup_teardown_taskflow.py
[2025-12-08T07:41:08.061+0000] {logging_mixin.py:190} INFO - [2025-12-08T07:41:08.060+0000] {dag.py:3211} INFO - Sync 1 DAGs
[2025-12-08T07:41:08.107+0000] {logging_mixin.py:190} INFO - [2025-12-08T07:41:08.106+0000] {dag.py:4138} INFO - Setting next_dagrun for example_setup_teardown_taskflow to 2025-12-07 00:00:00+00:00, run_after=2025-12-08 00:00:00+00:00
[2025-12-08T07:41:08.150+0000] {processor.py:208} INFO - Processing /home/airflow/.local/lib/python3.12/site-packages/airflow/example_dags/example_setup_teardown_taskflow.py took 0.179 seconds
[2025-12-08T07:41:38.483+0000] {processor.py:186} INFO - Started process (PID=1963) to work on /home/airflow/.local/lib/python3.12/site-packages/airflow/example_dags/example_setup_teardown_taskflow.py
[2025-12-08T07:41:38.486+0000] {processor.py:914} INFO - Processing file /home/airflow/.local/lib/python3.12/site-packages/airflow/example_dags/example_setup_teardown_taskflow.py for tasks to queue
[2025-12-08T07:41:38.493+0000] {logging_mixin.py:190} INFO - [2025-12-08T07:41:38.492+0000] {dagbag.py:587} INFO - Filling up the DagBag from /home/airflow/.local/lib/python3.12/site-packages/airflow/example_dags/example_setup_teardown_taskflow.py
[2025-12-08T07:41:38.518+0000] {processor.py:925} INFO - DAG(s) 'example_setup_teardown_taskflow' retrieved from /home/airflow/.local/lib/python3.12/site-packages/airflow/example_dags/example_setup_teardown_taskflow.py
[2025-12-08T07:41:38.572+0000] {logging_mixin.py:190} INFO - [2025-12-08T07:41:38.572+0000] {dag.py:3211} INFO - Sync 1 DAGs
[2025-12-08T07:41:38.626+0000] {logging_mixin.py:190} INFO - [2025-12-08T07:41:38.625+0000] {dag.py:4138} INFO - Setting next_dagrun for example_setup_teardown_taskflow to 2025-12-07 00:00:00+00:00, run_after=2025-12-08 00:00:00+00:00
[2025-12-08T07:41:38.679+0000] {processor.py:208} INFO - Processing /home/airflow/.local/lib/python3.12/site-packages/airflow/example_dags/example_setup_teardown_taskflow.py took 0.210 seconds
[2025-12-08T07:42:09.985+0000] {processor.py:186} INFO - Started process (PID=2026) to work on /home/airflow/.local/lib/python3.12/site-packages/airflow/example_dags/example_setup_teardown_taskflow.py
[2025-12-08T07:42:09.988+0000] {processor.py:914} INFO - Processing file /home/airflow/.local/lib/python3.12/site-packages/airflow/example_dags/example_setup_teardown_taskflow.py for tasks to queue
[2025-12-08T07:42:09.994+0000] {logging_mixin.py:190} INFO - [2025-12-08T07:42:09.993+0000] {dagbag.py:587} INFO - Filling up the DagBag from /home/airflow/.local/lib/python3.12/site-packages/airflow/example_dags/example_setup_teardown_taskflow.py
[2025-12-08T07:42:10.020+0000] {processor.py:925} INFO - DAG(s) 'example_setup_teardown_taskflow' retrieved from /home/airflow/.local/lib/python3.12/site-packages/airflow/example_dags/example_setup_teardown_taskflow.py
[2025-12-08T07:42:10.078+0000] {logging_mixin.py:190} INFO - [2025-12-08T07:42:10.077+0000] {dag.py:3211} INFO - Sync 1 DAGs
[2025-12-08T07:42:10.134+0000] {logging_mixin.py:190} INFO - [2025-12-08T07:42:10.134+0000] {dag.py:4138} INFO - Setting next_dagrun for example_setup_teardown_taskflow to 2025-12-07 00:00:00+00:00, run_after=2025-12-08 00:00:00+00:00
[2025-12-08T07:42:10.195+0000] {processor.py:208} INFO - Processing /home/airflow/.local/lib/python3.12/site-packages/airflow/example_dags/example_setup_teardown_taskflow.py took 0.222 seconds
[2025-12-08T07:42:41.690+0000] {processor.py:186} INFO - Started process (PID=2090) to work on /home/airflow/.local/lib/python3.12/site-packages/airflow/example_dags/example_setup_teardown_taskflow.py
[2025-12-08T07:42:41.693+0000] {processor.py:914} INFO - Processing file /home/airflow/.local/lib/python3.12/site-packages/airflow/example_dags/example_setup_teardown_taskflow.py for tasks to queue
[2025-12-08T07:42:41.702+0000] {logging_mixin.py:190} INFO - [2025-12-08T07:42:41.700+0000] {dagbag.py:587} INFO - Filling up the DagBag from /home/airflow/.local/lib/python3.12/site-packages/airflow/example_dags/example_setup_teardown_taskflow.py
[2025-12-08T07:42:41.730+0000] {processor.py:925} INFO - DAG(s) 'example_setup_teardown_taskflow' retrieved from /home/airflow/.local/lib/python3.12/site-packages/airflow/example_dags/example_setup_teardown_taskflow.py
[2025-12-08T07:42:41.791+0000] {logging_mixin.py:190} INFO - [2025-12-08T07:42:41.791+0000] {dag.py:3211} INFO - Sync 1 DAGs
[2025-12-08T07:42:41.845+0000] {logging_mixin.py:190} INFO - [2025-12-08T07:42:41.844+0000] {dag.py:4138} INFO - Setting next_dagrun for example_setup_teardown_taskflow to 2025-12-07 00:00:00+00:00, run_after=2025-12-08 00:00:00+00:00
[2025-12-08T07:42:41.906+0000] {processor.py:208} INFO - Processing /home/airflow/.local/lib/python3.12/site-packages/airflow/example_dags/example_setup_teardown_taskflow.py took 0.227 seconds
[2025-12-08T07:43:12.380+0000] {processor.py:186} INFO - Started process (PID=2153) to work on /home/airflow/.local/lib/python3.12/site-packages/airflow/example_dags/example_setup_teardown_taskflow.py
[2025-12-08T07:43:12.383+0000] {processor.py:914} INFO - Processing file /home/airflow/.local/lib/python3.12/site-packages/airflow/example_dags/example_setup_teardown_taskflow.py for tasks to queue
[2025-12-08T07:43:12.391+0000] {logging_mixin.py:190} INFO - [2025-12-08T07:43:12.389+0000] {dagbag.py:587} INFO - Filling up the DagBag from /home/airflow/.local/lib/python3.12/site-packages/airflow/example_dags/example_setup_teardown_taskflow.py
[2025-12-08T07:43:12.415+0000] {processor.py:925} INFO - DAG(s) 'example_setup_teardown_taskflow' retrieved from /home/airflow/.local/lib/python3.12/site-packages/airflow/example_dags/example_setup_teardown_taskflow.py
[2025-12-08T07:43:12.459+0000] {logging_mixin.py:190} INFO - [2025-12-08T07:43:12.457+0000] {dag.py:3211} INFO - Sync 1 DAGs
[2025-12-08T07:43:12.504+0000] {logging_mixin.py:190} INFO - [2025-12-08T07:43:12.503+0000] {dag.py:4138} INFO - Setting next_dagrun for example_setup_teardown_taskflow to 2025-12-07 00:00:00+00:00, run_after=2025-12-08 00:00:00+00:00
[2025-12-08T07:43:12.551+0000] {processor.py:208} INFO - Processing /home/airflow/.local/lib/python3.12/site-packages/airflow/example_dags/example_setup_teardown_taskflow.py took 0.180 seconds
[2025-12-08T07:43:42.676+0000] {processor.py:186} INFO - Started process (PID=2216) to work on /home/airflow/.local/lib/python3.12/site-packages/airflow/example_dags/example_setup_teardown_taskflow.py
[2025-12-08T07:43:42.678+0000] {processor.py:914} INFO - Processing file /home/airflow/.local/lib/python3.12/site-packages/airflow/example_dags/example_setup_teardown_taskflow.py for tasks to queue
[2025-12-08T07:43:42.684+0000] {logging_mixin.py:190} INFO - [2025-12-08T07:43:42.684+0000] {dagbag.py:587} INFO - Filling up the DagBag from /home/airflow/.local/lib/python3.12/site-packages/airflow/example_dags/example_setup_teardown_taskflow.py
[2025-12-08T07:43:42.712+0000] {processor.py:925} INFO - DAG(s) 'example_setup_teardown_taskflow' retrieved from /home/airflow/.local/lib/python3.12/site-packages/airflow/example_dags/example_setup_teardown_taskflow.py
[2025-12-08T07:43:42.777+0000] {logging_mixin.py:190} INFO - [2025-12-08T07:43:42.776+0000] {dag.py:3211} INFO - Sync 1 DAGs
[2025-12-08T07:43:42.856+0000] {logging_mixin.py:190} INFO - [2025-12-08T07:43:42.855+0000] {dag.py:4138} INFO - Setting next_dagrun for example_setup_teardown_taskflow to 2025-12-07 00:00:00+00:00, run_after=2025-12-08 00:00:00+00:00
[2025-12-08T07:43:42.909+0000] {processor.py:208} INFO - Processing /home/airflow/.local/lib/python3.12/site-packages/airflow/example_dags/example_setup_teardown_taskflow.py took 0.244 seconds
[2025-12-08T07:44:14.229+0000] {processor.py:186} INFO - Started process (PID=2279) to work on /home/airflow/.local/lib/python3.12/site-packages/airflow/example_dags/example_setup_teardown_taskflow.py
[2025-12-08T07:44:14.231+0000] {processor.py:914} INFO - Processing file /home/airflow/.local/lib/python3.12/site-packages/airflow/example_dags/example_setup_teardown_taskflow.py for tasks to queue
[2025-12-08T07:44:14.237+0000] {logging_mixin.py:190} INFO - [2025-12-08T07:44:14.236+0000] {dagbag.py:587} INFO - Filling up the DagBag from /home/airflow/.local/lib/python3.12/site-packages/airflow/example_dags/example_setup_teardown_taskflow.py
[2025-12-08T07:44:14.261+0000] {processor.py:925} INFO - DAG(s) 'example_setup_teardown_taskflow' retrieved from /home/airflow/.local/lib/python3.12/site-packages/airflow/example_dags/example_setup_teardown_taskflow.py
[2025-12-08T07:44:14.308+0000] {logging_mixin.py:190} INFO - [2025-12-08T07:44:14.307+0000] {dag.py:3211} INFO - Sync 1 DAGs
[2025-12-08T07:44:14.360+0000] {logging_mixin.py:190} INFO - [2025-12-08T07:44:14.359+0000] {dag.py:4138} INFO - Setting next_dagrun for example_setup_teardown_taskflow to 2025-12-07 00:00:00+00:00, run_after=2025-12-08 00:00:00+00:00
[2025-12-08T07:44:14.411+0000] {processor.py:208} INFO - Processing /home/airflow/.local/lib/python3.12/site-packages/airflow/example_dags/example_setup_teardown_taskflow.py took 0.195 seconds
[2025-12-08T07:44:45.473+0000] {processor.py:186} INFO - Started process (PID=2342) to work on /home/airflow/.local/lib/python3.12/site-packages/airflow/example_dags/example_setup_teardown_taskflow.py
[2025-12-08T07:44:45.475+0000] {processor.py:914} INFO - Processing file /home/airflow/.local/lib/python3.12/site-packages/airflow/example_dags/example_setup_teardown_taskflow.py for tasks to queue
[2025-12-08T07:44:45.480+0000] {logging_mixin.py:190} INFO - [2025-12-08T07:44:45.480+0000] {dagbag.py:587} INFO - Filling up the DagBag from /home/airflow/.local/lib/python3.12/site-packages/airflow/example_dags/example_setup_teardown_taskflow.py
[2025-12-08T07:44:45.502+0000] {processor.py:925} INFO - DAG(s) 'example_setup_teardown_taskflow' retrieved from /home/airflow/.local/lib/python3.12/site-packages/airflow/example_dags/example_setup_teardown_taskflow.py
[2025-12-08T07:44:45.542+0000] {logging_mixin.py:190} INFO - [2025-12-08T07:44:45.542+0000] {dag.py:3211} INFO - Sync 1 DAGs
[2025-12-08T07:44:45.583+0000] {logging_mixin.py:190} INFO - [2025-12-08T07:44:45.583+0000] {dag.py:4138} INFO - Setting next_dagrun for example_setup_teardown_taskflow to 2025-12-07 00:00:00+00:00, run_after=2025-12-08 00:00:00+00:00
[2025-12-08T07:44:45.637+0000] {processor.py:208} INFO - Processing /home/airflow/.local/lib/python3.12/site-packages/airflow/example_dags/example_setup_teardown_taskflow.py took 0.174 seconds
[2025-12-08T07:45:16.362+0000] {processor.py:186} INFO - Started process (PID=2405) to work on /home/airflow/.local/lib/python3.12/site-packages/airflow/example_dags/example_setup_teardown_taskflow.py
[2025-12-08T07:45:16.364+0000] {processor.py:914} INFO - Processing file /home/airflow/.local/lib/python3.12/site-packages/airflow/example_dags/example_setup_teardown_taskflow.py for tasks to queue
[2025-12-08T07:45:16.370+0000] {logging_mixin.py:190} INFO - [2025-12-08T07:45:16.370+0000] {dagbag.py:587} INFO - Filling up the DagBag from /home/airflow/.local/lib/python3.12/site-packages/airflow/example_dags/example_setup_teardown_taskflow.py
[2025-12-08T07:45:16.396+0000] {processor.py:925} INFO - DAG(s) 'example_setup_teardown_taskflow' retrieved from /home/airflow/.local/lib/python3.12/site-packages/airflow/example_dags/example_setup_teardown_taskflow.py
[2025-12-08T07:45:16.443+0000] {logging_mixin.py:190} INFO - [2025-12-08T07:45:16.443+0000] {dag.py:3211} INFO - Sync 1 DAGs
[2025-12-08T07:45:16.491+0000] {logging_mixin.py:190} INFO - [2025-12-08T07:45:16.490+0000] {dag.py:4138} INFO - Setting next_dagrun for example_setup_teardown_taskflow to 2025-12-07 00:00:00+00:00, run_after=2025-12-08 00:00:00+00:00
[2025-12-08T07:45:16.551+0000] {processor.py:208} INFO - Processing /home/airflow/.local/lib/python3.12/site-packages/airflow/example_dags/example_setup_teardown_taskflow.py took 0.203 seconds
[2025-12-08T07:45:46.917+0000] {processor.py:186} INFO - Started process (PID=2474) to work on /home/airflow/.local/lib/python3.12/site-packages/airflow/example_dags/example_setup_teardown_taskflow.py
[2025-12-08T07:45:46.920+0000] {processor.py:914} INFO - Processing file /home/airflow/.local/lib/python3.12/site-packages/airflow/example_dags/example_setup_teardown_taskflow.py for tasks to queue
[2025-12-08T07:45:46.932+0000] {logging_mixin.py:190} INFO - [2025-12-08T07:45:46.931+0000] {dagbag.py:587} INFO - Filling up the DagBag from /home/airflow/.local/lib/python3.12/site-packages/airflow/example_dags/example_setup_teardown_taskflow.py
[2025-12-08T07:45:46.964+0000] {processor.py:925} INFO - DAG(s) 'example_setup_teardown_taskflow' retrieved from /home/airflow/.local/lib/python3.12/site-packages/airflow/example_dags/example_setup_teardown_taskflow.py
[2025-12-08T07:45:47.035+0000] {logging_mixin.py:190} INFO - [2025-12-08T07:45:47.034+0000] {dag.py:3211} INFO - Sync 1 DAGs
[2025-12-08T07:45:47.116+0000] {logging_mixin.py:190} INFO - [2025-12-08T07:45:47.115+0000] {dag.py:4138} INFO - Setting next_dagrun for example_setup_teardown_taskflow to 2025-12-07 00:00:00+00:00, run_after=2025-12-08 00:00:00+00:00
[2025-12-08T07:45:47.179+0000] {processor.py:208} INFO - Processing /home/airflow/.local/lib/python3.12/site-packages/airflow/example_dags/example_setup_teardown_taskflow.py took 0.279 seconds
[2025-12-08T07:46:18.009+0000] {processor.py:186} INFO - Started process (PID=2537) to work on /home/airflow/.local/lib/python3.12/site-packages/airflow/example_dags/example_setup_teardown_taskflow.py
[2025-12-08T07:46:18.012+0000] {processor.py:914} INFO - Processing file /home/airflow/.local/lib/python3.12/site-packages/airflow/example_dags/example_setup_teardown_taskflow.py for tasks to queue
[2025-12-08T07:46:18.017+0000] {logging_mixin.py:190} INFO - [2025-12-08T07:46:18.016+0000] {dagbag.py:587} INFO - Filling up the DagBag from /home/airflow/.local/lib/python3.12/site-packages/airflow/example_dags/example_setup_teardown_taskflow.py
[2025-12-08T07:46:18.053+0000] {processor.py:925} INFO - DAG(s) 'example_setup_teardown_taskflow' retrieved from /home/airflow/.local/lib/python3.12/site-packages/airflow/example_dags/example_setup_teardown_taskflow.py
[2025-12-08T07:46:18.111+0000] {logging_mixin.py:190} INFO - [2025-12-08T07:46:18.110+0000] {dag.py:3211} INFO - Sync 1 DAGs
[2025-12-08T07:46:18.180+0000] {logging_mixin.py:190} INFO - [2025-12-08T07:46:18.179+0000] {dag.py:4138} INFO - Setting next_dagrun for example_setup_teardown_taskflow to 2025-12-07 00:00:00+00:00, run_after=2025-12-08 00:00:00+00:00
[2025-12-08T07:46:18.237+0000] {processor.py:208} INFO - Processing /home/airflow/.local/lib/python3.12/site-packages/airflow/example_dags/example_setup_teardown_taskflow.py took 0.241 seconds
[2025-12-08T07:46:48.486+0000] {processor.py:186} INFO - Started process (PID=2599) to work on /home/airflow/.local/lib/python3.12/site-packages/airflow/example_dags/example_setup_teardown_taskflow.py
[2025-12-08T07:46:48.489+0000] {processor.py:914} INFO - Processing file /home/airflow/.local/lib/python3.12/site-packages/airflow/example_dags/example_setup_teardown_taskflow.py for tasks to queue
[2025-12-08T07:46:48.499+0000] {logging_mixin.py:190} INFO - [2025-12-08T07:46:48.497+0000] {dagbag.py:587} INFO - Filling up the DagBag from /home/airflow/.local/lib/python3.12/site-packages/airflow/example_dags/example_setup_teardown_taskflow.py
[2025-12-08T07:46:48.530+0000] {processor.py:925} INFO - DAG(s) 'example_setup_teardown_taskflow' retrieved from /home/airflow/.local/lib/python3.12/site-packages/airflow/example_dags/example_setup_teardown_taskflow.py
[2025-12-08T07:46:48.582+0000] {logging_mixin.py:190} INFO - [2025-12-08T07:46:48.582+0000] {dag.py:3211} INFO - Sync 1 DAGs
[2025-12-08T07:46:48.653+0000] {logging_mixin.py:190} INFO - [2025-12-08T07:46:48.653+0000] {dag.py:4138} INFO - Setting next_dagrun for example_setup_teardown_taskflow to 2025-12-07 00:00:00+00:00, run_after=2025-12-08 00:00:00+00:00
[2025-12-08T07:46:48.718+0000] {processor.py:208} INFO - Processing /home/airflow/.local/lib/python3.12/site-packages/airflow/example_dags/example_setup_teardown_taskflow.py took 0.248 seconds
[2025-12-08T07:47:19.515+0000] {processor.py:186} INFO - Started process (PID=2662) to work on /home/airflow/.local/lib/python3.12/site-packages/airflow/example_dags/example_setup_teardown_taskflow.py
[2025-12-08T07:47:19.517+0000] {processor.py:914} INFO - Processing file /home/airflow/.local/lib/python3.12/site-packages/airflow/example_dags/example_setup_teardown_taskflow.py for tasks to queue
[2025-12-08T07:47:19.524+0000] {logging_mixin.py:190} INFO - [2025-12-08T07:47:19.524+0000] {dagbag.py:587} INFO - Filling up the DagBag from /home/airflow/.local/lib/python3.12/site-packages/airflow/example_dags/example_setup_teardown_taskflow.py
[2025-12-08T07:47:19.554+0000] {processor.py:925} INFO - DAG(s) 'example_setup_teardown_taskflow' retrieved from /home/airflow/.local/lib/python3.12/site-packages/airflow/example_dags/example_setup_teardown_taskflow.py
[2025-12-08T07:47:19.619+0000] {logging_mixin.py:190} INFO - [2025-12-08T07:47:19.618+0000] {dag.py:3211} INFO - Sync 1 DAGs
[2025-12-08T07:47:19.678+0000] {logging_mixin.py:190} INFO - [2025-12-08T07:47:19.678+0000] {dag.py:4138} INFO - Setting next_dagrun for example_setup_teardown_taskflow to 2025-12-07 00:00:00+00:00, run_after=2025-12-08 00:00:00+00:00
[2025-12-08T07:47:19.721+0000] {processor.py:208} INFO - Processing /home/airflow/.local/lib/python3.12/site-packages/airflow/example_dags/example_setup_teardown_taskflow.py took 0.222 seconds
[2025-12-08T07:47:51.629+0000] {processor.py:186} INFO - Started process (PID=2725) to work on /home/airflow/.local/lib/python3.12/site-packages/airflow/example_dags/example_setup_teardown_taskflow.py
[2025-12-08T07:47:51.632+0000] {processor.py:914} INFO - Processing file /home/airflow/.local/lib/python3.12/site-packages/airflow/example_dags/example_setup_teardown_taskflow.py for tasks to queue
[2025-12-08T07:47:51.640+0000] {logging_mixin.py:190} INFO - [2025-12-08T07:47:51.639+0000] {dagbag.py:587} INFO - Filling up the DagBag from /home/airflow/.local/lib/python3.12/site-packages/airflow/example_dags/example_setup_teardown_taskflow.py
[2025-12-08T07:47:51.669+0000] {processor.py:925} INFO - DAG(s) 'example_setup_teardown_taskflow' retrieved from /home/airflow/.local/lib/python3.12/site-packages/airflow/example_dags/example_setup_teardown_taskflow.py
[2025-12-08T07:47:51.716+0000] {logging_mixin.py:190} INFO - [2025-12-08T07:47:51.715+0000] {dag.py:3211} INFO - Sync 1 DAGs
[2025-12-08T07:47:51.763+0000] {logging_mixin.py:190} INFO - [2025-12-08T07:47:51.763+0000] {dag.py:4138} INFO - Setting next_dagrun for example_setup_teardown_taskflow to 2025-12-07 00:00:00+00:00, run_after=2025-12-08 00:00:00+00:00
[2025-12-08T07:47:52.146+0000] {processor.py:208} INFO - Processing /home/airflow/.local/lib/python3.12/site-packages/airflow/example_dags/example_setup_teardown_taskflow.py took 0.531 seconds
[2025-12-08T07:48:23.093+0000] {processor.py:186} INFO - Started process (PID=2788) to work on /home/airflow/.local/lib/python3.12/site-packages/airflow/example_dags/example_setup_teardown_taskflow.py
[2025-12-08T07:48:23.097+0000] {processor.py:914} INFO - Processing file /home/airflow/.local/lib/python3.12/site-packages/airflow/example_dags/example_setup_teardown_taskflow.py for tasks to queue
[2025-12-08T07:48:23.106+0000] {logging_mixin.py:190} INFO - [2025-12-08T07:48:23.104+0000] {dagbag.py:587} INFO - Filling up the DagBag from /home/airflow/.local/lib/python3.12/site-packages/airflow/example_dags/example_setup_teardown_taskflow.py
[2025-12-08T07:48:23.130+0000] {processor.py:925} INFO - DAG(s) 'example_setup_teardown_taskflow' retrieved from /home/airflow/.local/lib/python3.12/site-packages/airflow/example_dags/example_setup_teardown_taskflow.py
[2025-12-08T07:48:23.167+0000] {logging_mixin.py:190} INFO - [2025-12-08T07:48:23.166+0000] {dag.py:3211} INFO - Sync 1 DAGs
[2025-12-08T07:48:23.218+0000] {logging_mixin.py:190} INFO - [2025-12-08T07:48:23.218+0000] {dag.py:4138} INFO - Setting next_dagrun for example_setup_teardown_taskflow to 2025-12-07 00:00:00+00:00, run_after=2025-12-08 00:00:00+00:00
[2025-12-08T07:48:23.263+0000] {processor.py:208} INFO - Processing /home/airflow/.local/lib/python3.12/site-packages/airflow/example_dags/example_setup_teardown_taskflow.py took 0.184 seconds
[2025-12-08T07:48:54.472+0000] {processor.py:186} INFO - Started process (PID=2851) to work on /home/airflow/.local/lib/python3.12/site-packages/airflow/example_dags/example_setup_teardown_taskflow.py
[2025-12-08T07:48:54.475+0000] {processor.py:914} INFO - Processing file /home/airflow/.local/lib/python3.12/site-packages/airflow/example_dags/example_setup_teardown_taskflow.py for tasks to queue
[2025-12-08T07:48:54.484+0000] {logging_mixin.py:190} INFO - [2025-12-08T07:48:54.483+0000] {dagbag.py:587} INFO - Filling up the DagBag from /home/airflow/.local/lib/python3.12/site-packages/airflow/example_dags/example_setup_teardown_taskflow.py
[2025-12-08T07:48:54.523+0000] {processor.py:925} INFO - DAG(s) 'example_setup_teardown_taskflow' retrieved from /home/airflow/.local/lib/python3.12/site-packages/airflow/example_dags/example_setup_teardown_taskflow.py
[2025-12-08T07:48:54.599+0000] {logging_mixin.py:190} INFO - [2025-12-08T07:48:54.598+0000] {dag.py:3211} INFO - Sync 1 DAGs
[2025-12-08T07:48:54.664+0000] {logging_mixin.py:190} INFO - [2025-12-08T07:48:54.664+0000] {dag.py:4138} INFO - Setting next_dagrun for example_setup_teardown_taskflow to 2025-12-07 00:00:00+00:00, run_after=2025-12-08 00:00:00+00:00
[2025-12-08T07:48:54.720+0000] {processor.py:208} INFO - Processing /home/airflow/.local/lib/python3.12/site-packages/airflow/example_dags/example_setup_teardown_taskflow.py took 0.272 seconds
[2025-12-08T07:49:25.538+0000] {processor.py:186} INFO - Started process (PID=2913) to work on /home/airflow/.local/lib/python3.12/site-packages/airflow/example_dags/example_setup_teardown_taskflow.py
[2025-12-08T07:49:25.540+0000] {processor.py:914} INFO - Processing file /home/airflow/.local/lib/python3.12/site-packages/airflow/example_dags/example_setup_teardown_taskflow.py for tasks to queue
[2025-12-08T07:49:25.544+0000] {logging_mixin.py:190} INFO - [2025-12-08T07:49:25.544+0000] {dagbag.py:587} INFO - Filling up the DagBag from /home/airflow/.local/lib/python3.12/site-packages/airflow/example_dags/example_setup_teardown_taskflow.py
[2025-12-08T07:49:25.576+0000] {processor.py:925} INFO - DAG(s) 'example_setup_teardown_taskflow' retrieved from /home/airflow/.local/lib/python3.12/site-packages/airflow/example_dags/example_setup_teardown_taskflow.py
[2025-12-08T07:49:25.614+0000] {logging_mixin.py:190} INFO - [2025-12-08T07:49:25.614+0000] {dag.py:3211} INFO - Sync 1 DAGs
[2025-12-08T07:49:25.652+0000] {logging_mixin.py:190} INFO - [2025-12-08T07:49:25.652+0000] {dag.py:4138} INFO - Setting next_dagrun for example_setup_teardown_taskflow to 2025-12-07 00:00:00+00:00, run_after=2025-12-08 00:00:00+00:00
[2025-12-08T07:49:25.688+0000] {processor.py:208} INFO - Processing /home/airflow/.local/lib/python3.12/site-packages/airflow/example_dags/example_setup_teardown_taskflow.py took 0.164 seconds
[2025-12-08T07:49:56.417+0000] {processor.py:186} INFO - Started process (PID=2976) to work on /home/airflow/.local/lib/python3.12/site-packages/airflow/example_dags/example_setup_teardown_taskflow.py
[2025-12-08T07:49:56.419+0000] {processor.py:914} INFO - Processing file /home/airflow/.local/lib/python3.12/site-packages/airflow/example_dags/example_setup_teardown_taskflow.py for tasks to queue
[2025-12-08T07:49:56.425+0000] {logging_mixin.py:190} INFO - [2025-12-08T07:49:56.424+0000] {dagbag.py:587} INFO - Filling up the DagBag from /home/airflow/.local/lib/python3.12/site-packages/airflow/example_dags/example_setup_teardown_taskflow.py
[2025-12-08T07:49:56.446+0000] {processor.py:925} INFO - DAG(s) 'example_setup_teardown_taskflow' retrieved from /home/airflow/.local/lib/python3.12/site-packages/airflow/example_dags/example_setup_teardown_taskflow.py
[2025-12-08T07:49:56.492+0000] {logging_mixin.py:190} INFO - [2025-12-08T07:49:56.492+0000] {dag.py:3211} INFO - Sync 1 DAGs
[2025-12-08T07:49:56.842+0000] {logging_mixin.py:190} INFO - [2025-12-08T07:49:56.842+0000] {dag.py:4138} INFO - Setting next_dagrun for example_setup_teardown_taskflow to 2025-12-07 00:00:00+00:00, run_after=2025-12-08 00:00:00+00:00
[2025-12-08T07:49:56.878+0000] {processor.py:208} INFO - Processing /home/airflow/.local/lib/python3.12/site-packages/airflow/example_dags/example_setup_teardown_taskflow.py took 0.471 seconds
[2025-12-08T07:50:27.494+0000] {processor.py:186} INFO - Started process (PID=3045) to work on /home/airflow/.local/lib/python3.12/site-packages/airflow/example_dags/example_setup_teardown_taskflow.py
[2025-12-08T07:50:27.497+0000] {processor.py:914} INFO - Processing file /home/airflow/.local/lib/python3.12/site-packages/airflow/example_dags/example_setup_teardown_taskflow.py for tasks to queue
[2025-12-08T07:50:27.503+0000] {logging_mixin.py:190} INFO - [2025-12-08T07:50:27.501+0000] {dagbag.py:587} INFO - Filling up the DagBag from /home/airflow/.local/lib/python3.12/site-packages/airflow/example_dags/example_setup_teardown_taskflow.py
[2025-12-08T07:50:27.527+0000] {processor.py:925} INFO - DAG(s) 'example_setup_teardown_taskflow' retrieved from /home/airflow/.local/lib/python3.12/site-packages/airflow/example_dags/example_setup_teardown_taskflow.py
[2025-12-08T07:50:27.571+0000] {logging_mixin.py:190} INFO - [2025-12-08T07:50:27.571+0000] {dag.py:3211} INFO - Sync 1 DAGs
[2025-12-08T07:50:27.937+0000] {logging_mixin.py:190} INFO - [2025-12-08T07:50:27.937+0000] {dag.py:4138} INFO - Setting next_dagrun for example_setup_teardown_taskflow to 2025-12-07 00:00:00+00:00, run_after=2025-12-08 00:00:00+00:00
[2025-12-08T07:50:27.983+0000] {processor.py:208} INFO - Processing /home/airflow/.local/lib/python3.12/site-packages/airflow/example_dags/example_setup_teardown_taskflow.py took 0.504 seconds
[2025-12-08T07:50:58.803+0000] {processor.py:186} INFO - Started process (PID=3108) to work on /home/airflow/.local/lib/python3.12/site-packages/airflow/example_dags/example_setup_teardown_taskflow.py
[2025-12-08T07:50:58.805+0000] {processor.py:914} INFO - Processing file /home/airflow/.local/lib/python3.12/site-packages/airflow/example_dags/example_setup_teardown_taskflow.py for tasks to queue
[2025-12-08T07:50:58.812+0000] {logging_mixin.py:190} INFO - [2025-12-08T07:50:58.811+0000] {dagbag.py:587} INFO - Filling up the DagBag from /home/airflow/.local/lib/python3.12/site-packages/airflow/example_dags/example_setup_teardown_taskflow.py
[2025-12-08T07:50:58.829+0000] {processor.py:925} INFO - DAG(s) 'example_setup_teardown_taskflow' retrieved from /home/airflow/.local/lib/python3.12/site-packages/airflow/example_dags/example_setup_teardown_taskflow.py
[2025-12-08T07:50:58.867+0000] {logging_mixin.py:190} INFO - [2025-12-08T07:50:58.867+0000] {dag.py:3211} INFO - Sync 1 DAGs
[2025-12-08T07:50:58.905+0000] {logging_mixin.py:190} INFO - [2025-12-08T07:50:58.905+0000] {dag.py:4138} INFO - Setting next_dagrun for example_setup_teardown_taskflow to 2025-12-07 00:00:00+00:00, run_after=2025-12-08 00:00:00+00:00
[2025-12-08T07:50:58.948+0000] {processor.py:208} INFO - Processing /home/airflow/.local/lib/python3.12/site-packages/airflow/example_dags/example_setup_teardown_taskflow.py took 0.154 seconds
[2025-12-08T07:51:29.302+0000] {processor.py:186} INFO - Started process (PID=3171) to work on /home/airflow/.local/lib/python3.12/site-packages/airflow/example_dags/example_setup_teardown_taskflow.py
[2025-12-08T07:51:29.304+0000] {processor.py:914} INFO - Processing file /home/airflow/.local/lib/python3.12/site-packages/airflow/example_dags/example_setup_teardown_taskflow.py for tasks to queue
[2025-12-08T07:51:29.308+0000] {logging_mixin.py:190} INFO - [2025-12-08T07:51:29.307+0000] {dagbag.py:587} INFO - Filling up the DagBag from /home/airflow/.local/lib/python3.12/site-packages/airflow/example_dags/example_setup_teardown_taskflow.py
[2025-12-08T07:51:29.324+0000] {processor.py:925} INFO - DAG(s) 'example_setup_teardown_taskflow' retrieved from /home/airflow/.local/lib/python3.12/site-packages/airflow/example_dags/example_setup_teardown_taskflow.py
[2025-12-08T07:51:29.351+0000] {logging_mixin.py:190} INFO - [2025-12-08T07:51:29.350+0000] {dag.py:3211} INFO - Sync 1 DAGs
[2025-12-08T07:51:29.377+0000] {logging_mixin.py:190} INFO - [2025-12-08T07:51:29.377+0000] {dag.py:4138} INFO - Setting next_dagrun for example_setup_teardown_taskflow to 2025-12-07 00:00:00+00:00, run_after=2025-12-08 00:00:00+00:00
[2025-12-08T07:51:29.403+0000] {processor.py:208} INFO - Processing /home/airflow/.local/lib/python3.12/site-packages/airflow/example_dags/example_setup_teardown_taskflow.py took 0.108 seconds
[2025-12-08T07:51:59.987+0000] {processor.py:186} INFO - Started process (PID=3234) to work on /home/airflow/.local/lib/python3.12/site-packages/airflow/example_dags/example_setup_teardown_taskflow.py
[2025-12-08T07:51:59.989+0000] {processor.py:914} INFO - Processing file /home/airflow/.local/lib/python3.12/site-packages/airflow/example_dags/example_setup_teardown_taskflow.py for tasks to queue
[2025-12-08T07:51:59.993+0000] {logging_mixin.py:190} INFO - [2025-12-08T07:51:59.992+0000] {dagbag.py:587} INFO - Filling up the DagBag from /home/airflow/.local/lib/python3.12/site-packages/airflow/example_dags/example_setup_teardown_taskflow.py
[2025-12-08T07:52:00.010+0000] {processor.py:925} INFO - DAG(s) 'example_setup_teardown_taskflow' retrieved from /home/airflow/.local/lib/python3.12/site-packages/airflow/example_dags/example_setup_teardown_taskflow.py
[2025-12-08T07:52:00.040+0000] {logging_mixin.py:190} INFO - [2025-12-08T07:52:00.039+0000] {dag.py:3211} INFO - Sync 1 DAGs
[2025-12-08T07:52:00.082+0000] {logging_mixin.py:190} INFO - [2025-12-08T07:52:00.082+0000] {dag.py:4138} INFO - Setting next_dagrun for example_setup_teardown_taskflow to 2025-12-07 00:00:00+00:00, run_after=2025-12-08 00:00:00+00:00
[2025-12-08T07:52:00.110+0000] {processor.py:208} INFO - Processing /home/airflow/.local/lib/python3.12/site-packages/airflow/example_dags/example_setup_teardown_taskflow.py took 0.129 seconds
[2025-12-08T07:52:30.447+0000] {processor.py:186} INFO - Started process (PID=3297) to work on /home/airflow/.local/lib/python3.12/site-packages/airflow/example_dags/example_setup_teardown_taskflow.py
[2025-12-08T07:52:30.450+0000] {processor.py:914} INFO - Processing file /home/airflow/.local/lib/python3.12/site-packages/airflow/example_dags/example_setup_teardown_taskflow.py for tasks to queue
[2025-12-08T07:52:30.454+0000] {logging_mixin.py:190} INFO - [2025-12-08T07:52:30.454+0000] {dagbag.py:587} INFO - Filling up the DagBag from /home/airflow/.local/lib/python3.12/site-packages/airflow/example_dags/example_setup_teardown_taskflow.py
[2025-12-08T07:52:30.473+0000] {processor.py:925} INFO - DAG(s) 'example_setup_teardown_taskflow' retrieved from /home/airflow/.local/lib/python3.12/site-packages/airflow/example_dags/example_setup_teardown_taskflow.py
[2025-12-08T07:52:30.508+0000] {logging_mixin.py:190} INFO - [2025-12-08T07:52:30.507+0000] {dag.py:3211} INFO - Sync 1 DAGs
[2025-12-08T07:52:30.546+0000] {logging_mixin.py:190} INFO - [2025-12-08T07:52:30.545+0000] {dag.py:4138} INFO - Setting next_dagrun for example_setup_teardown_taskflow to 2025-12-07 00:00:00+00:00, run_after=2025-12-08 00:00:00+00:00
[2025-12-08T07:52:30.576+0000] {processor.py:208} INFO - Processing /home/airflow/.local/lib/python3.12/site-packages/airflow/example_dags/example_setup_teardown_taskflow.py took 0.138 seconds
[2025-12-08T07:53:01.456+0000] {processor.py:186} INFO - Started process (PID=3360) to work on /home/airflow/.local/lib/python3.12/site-packages/airflow/example_dags/example_setup_teardown_taskflow.py
[2025-12-08T07:53:01.458+0000] {processor.py:914} INFO - Processing file /home/airflow/.local/lib/python3.12/site-packages/airflow/example_dags/example_setup_teardown_taskflow.py for tasks to queue
[2025-12-08T07:53:01.463+0000] {logging_mixin.py:190} INFO - [2025-12-08T07:53:01.463+0000] {dagbag.py:587} INFO - Filling up the DagBag from /home/airflow/.local/lib/python3.12/site-packages/airflow/example_dags/example_setup_teardown_taskflow.py
[2025-12-08T07:53:01.484+0000] {processor.py:925} INFO - DAG(s) 'example_setup_teardown_taskflow' retrieved from /home/airflow/.local/lib/python3.12/site-packages/airflow/example_dags/example_setup_teardown_taskflow.py
[2025-12-08T07:53:01.510+0000] {logging_mixin.py:190} INFO - [2025-12-08T07:53:01.510+0000] {dag.py:3211} INFO - Sync 1 DAGs
[2025-12-08T07:53:01.542+0000] {logging_mixin.py:190} INFO - [2025-12-08T07:53:01.542+0000] {dag.py:4138} INFO - Setting next_dagrun for example_setup_teardown_taskflow to 2025-12-07 00:00:00+00:00, run_after=2025-12-08 00:00:00+00:00
[2025-12-08T07:53:01.572+0000] {processor.py:208} INFO - Processing /home/airflow/.local/lib/python3.12/site-packages/airflow/example_dags/example_setup_teardown_taskflow.py took 0.126 seconds
[2025-12-08T07:53:32.328+0000] {processor.py:186} INFO - Started process (PID=3423) to work on /home/airflow/.local/lib/python3.12/site-packages/airflow/example_dags/example_setup_teardown_taskflow.py
[2025-12-08T07:53:32.333+0000] {processor.py:914} INFO - Processing file /home/airflow/.local/lib/python3.12/site-packages/airflow/example_dags/example_setup_teardown_taskflow.py for tasks to queue
[2025-12-08T07:53:32.340+0000] {logging_mixin.py:190} INFO - [2025-12-08T07:53:32.339+0000] {dagbag.py:587} INFO - Filling up the DagBag from /home/airflow/.local/lib/python3.12/site-packages/airflow/example_dags/example_setup_teardown_taskflow.py
[2025-12-08T07:53:32.356+0000] {processor.py:925} INFO - DAG(s) 'example_setup_teardown_taskflow' retrieved from /home/airflow/.local/lib/python3.12/site-packages/airflow/example_dags/example_setup_teardown_taskflow.py
[2025-12-08T07:53:32.393+0000] {logging_mixin.py:190} INFO - [2025-12-08T07:53:32.392+0000] {dag.py:3211} INFO - Sync 1 DAGs
[2025-12-08T07:53:32.437+0000] {logging_mixin.py:190} INFO - [2025-12-08T07:53:32.436+0000] {dag.py:4138} INFO - Setting next_dagrun for example_setup_teardown_taskflow to 2025-12-07 00:00:00+00:00, run_after=2025-12-08 00:00:00+00:00
[2025-12-08T07:53:32.475+0000] {processor.py:208} INFO - Processing /home/airflow/.local/lib/python3.12/site-packages/airflow/example_dags/example_setup_teardown_taskflow.py took 0.157 seconds
[2025-12-08T07:54:02.752+0000] {processor.py:186} INFO - Started process (PID=3486) to work on /home/airflow/.local/lib/python3.12/site-packages/airflow/example_dags/example_setup_teardown_taskflow.py
[2025-12-08T07:54:02.754+0000] {processor.py:914} INFO - Processing file /home/airflow/.local/lib/python3.12/site-packages/airflow/example_dags/example_setup_teardown_taskflow.py for tasks to queue
[2025-12-08T07:54:02.759+0000] {logging_mixin.py:190} INFO - [2025-12-08T07:54:02.758+0000] {dagbag.py:587} INFO - Filling up the DagBag from /home/airflow/.local/lib/python3.12/site-packages/airflow/example_dags/example_setup_teardown_taskflow.py
[2025-12-08T07:54:02.780+0000] {processor.py:925} INFO - DAG(s) 'example_setup_teardown_taskflow' retrieved from /home/airflow/.local/lib/python3.12/site-packages/airflow/example_dags/example_setup_teardown_taskflow.py
[2025-12-08T07:54:02.831+0000] {logging_mixin.py:190} INFO - [2025-12-08T07:54:02.831+0000] {dag.py:3211} INFO - Sync 1 DAGs
[2025-12-08T07:54:02.881+0000] {logging_mixin.py:190} INFO - [2025-12-08T07:54:02.881+0000] {dag.py:4138} INFO - Setting next_dagrun for example_setup_teardown_taskflow to 2025-12-07 00:00:00+00:00, run_after=2025-12-08 00:00:00+00:00
[2025-12-08T07:54:02.927+0000] {processor.py:208} INFO - Processing /home/airflow/.local/lib/python3.12/site-packages/airflow/example_dags/example_setup_teardown_taskflow.py took 0.188 seconds
[2025-12-08T07:54:33.146+0000] {processor.py:186} INFO - Started process (PID=3549) to work on /home/airflow/.local/lib/python3.12/site-packages/airflow/example_dags/example_setup_teardown_taskflow.py
[2025-12-08T07:54:33.153+0000] {processor.py:914} INFO - Processing file /home/airflow/.local/lib/python3.12/site-packages/airflow/example_dags/example_setup_teardown_taskflow.py for tasks to queue
[2025-12-08T07:54:33.165+0000] {logging_mixin.py:190} INFO - [2025-12-08T07:54:33.164+0000] {dagbag.py:587} INFO - Filling up the DagBag from /home/airflow/.local/lib/python3.12/site-packages/airflow/example_dags/example_setup_teardown_taskflow.py
[2025-12-08T07:54:33.205+0000] {processor.py:925} INFO - DAG(s) 'example_setup_teardown_taskflow' retrieved from /home/airflow/.local/lib/python3.12/site-packages/airflow/example_dags/example_setup_teardown_taskflow.py
[2025-12-08T07:54:33.282+0000] {logging_mixin.py:190} INFO - [2025-12-08T07:54:33.281+0000] {dag.py:3211} INFO - Sync 1 DAGs
[2025-12-08T07:54:33.353+0000] {logging_mixin.py:190} INFO - [2025-12-08T07:54:33.352+0000] {dag.py:4138} INFO - Setting next_dagrun for example_setup_teardown_taskflow to 2025-12-07 00:00:00+00:00, run_after=2025-12-08 00:00:00+00:00
[2025-12-08T07:54:33.416+0000] {processor.py:208} INFO - Processing /home/airflow/.local/lib/python3.12/site-packages/airflow/example_dags/example_setup_teardown_taskflow.py took 0.291 seconds
[2025-12-08T07:55:03.530+0000] {processor.py:186} INFO - Started process (PID=3612) to work on /home/airflow/.local/lib/python3.12/site-packages/airflow/example_dags/example_setup_teardown_taskflow.py
[2025-12-08T07:55:03.532+0000] {processor.py:914} INFO - Processing file /home/airflow/.local/lib/python3.12/site-packages/airflow/example_dags/example_setup_teardown_taskflow.py for tasks to queue
[2025-12-08T07:55:03.536+0000] {logging_mixin.py:190} INFO - [2025-12-08T07:55:03.535+0000] {dagbag.py:587} INFO - Filling up the DagBag from /home/airflow/.local/lib/python3.12/site-packages/airflow/example_dags/example_setup_teardown_taskflow.py
[2025-12-08T07:55:03.550+0000] {processor.py:925} INFO - DAG(s) 'example_setup_teardown_taskflow' retrieved from /home/airflow/.local/lib/python3.12/site-packages/airflow/example_dags/example_setup_teardown_taskflow.py
[2025-12-08T07:55:03.582+0000] {logging_mixin.py:190} INFO - [2025-12-08T07:55:03.581+0000] {dag.py:3211} INFO - Sync 1 DAGs
[2025-12-08T07:55:03.611+0000] {logging_mixin.py:190} INFO - [2025-12-08T07:55:03.611+0000] {dag.py:4138} INFO - Setting next_dagrun for example_setup_teardown_taskflow to 2025-12-07 00:00:00+00:00, run_after=2025-12-08 00:00:00+00:00
[2025-12-08T07:55:03.637+0000] {processor.py:208} INFO - Processing /home/airflow/.local/lib/python3.12/site-packages/airflow/example_dags/example_setup_teardown_taskflow.py took 0.114 seconds
[2025-12-08T07:55:34.302+0000] {processor.py:186} INFO - Started process (PID=3676) to work on /home/airflow/.local/lib/python3.12/site-packages/airflow/example_dags/example_setup_teardown_taskflow.py
[2025-12-08T07:55:34.305+0000] {processor.py:914} INFO - Processing file /home/airflow/.local/lib/python3.12/site-packages/airflow/example_dags/example_setup_teardown_taskflow.py for tasks to queue
[2025-12-08T07:55:34.311+0000] {logging_mixin.py:190} INFO - [2025-12-08T07:55:34.310+0000] {dagbag.py:587} INFO - Filling up the DagBag from /home/airflow/.local/lib/python3.12/site-packages/airflow/example_dags/example_setup_teardown_taskflow.py
[2025-12-08T07:55:34.332+0000] {processor.py:925} INFO - DAG(s) 'example_setup_teardown_taskflow' retrieved from /home/airflow/.local/lib/python3.12/site-packages/airflow/example_dags/example_setup_teardown_taskflow.py
[2025-12-08T07:55:34.380+0000] {logging_mixin.py:190} INFO - [2025-12-08T07:55:34.379+0000] {dag.py:3211} INFO - Sync 1 DAGs
[2025-12-08T07:55:34.434+0000] {logging_mixin.py:190} INFO - [2025-12-08T07:55:34.434+0000] {dag.py:4138} INFO - Setting next_dagrun for example_setup_teardown_taskflow to 2025-12-07 00:00:00+00:00, run_after=2025-12-08 00:00:00+00:00
[2025-12-08T07:55:34.477+0000] {processor.py:208} INFO - Processing /home/airflow/.local/lib/python3.12/site-packages/airflow/example_dags/example_setup_teardown_taskflow.py took 0.190 seconds
[2025-12-08T07:56:04.699+0000] {processor.py:186} INFO - Started process (PID=3740) to work on /home/airflow/.local/lib/python3.12/site-packages/airflow/example_dags/example_setup_teardown_taskflow.py
[2025-12-08T07:56:04.701+0000] {processor.py:914} INFO - Processing file /home/airflow/.local/lib/python3.12/site-packages/airflow/example_dags/example_setup_teardown_taskflow.py for tasks to queue
[2025-12-08T07:56:04.705+0000] {logging_mixin.py:190} INFO - [2025-12-08T07:56:04.705+0000] {dagbag.py:587} INFO - Filling up the DagBag from /home/airflow/.local/lib/python3.12/site-packages/airflow/example_dags/example_setup_teardown_taskflow.py
[2025-12-08T07:56:04.719+0000] {processor.py:925} INFO - DAG(s) 'example_setup_teardown_taskflow' retrieved from /home/airflow/.local/lib/python3.12/site-packages/airflow/example_dags/example_setup_teardown_taskflow.py
[2025-12-08T07:56:04.747+0000] {logging_mixin.py:190} INFO - [2025-12-08T07:56:04.747+0000] {dag.py:3211} INFO - Sync 1 DAGs
[2025-12-08T07:56:04.780+0000] {logging_mixin.py:190} INFO - [2025-12-08T07:56:04.780+0000] {dag.py:4138} INFO - Setting next_dagrun for example_setup_teardown_taskflow to 2025-12-07 00:00:00+00:00, run_after=2025-12-08 00:00:00+00:00
[2025-12-08T07:56:04.808+0000] {processor.py:208} INFO - Processing /home/airflow/.local/lib/python3.12/site-packages/airflow/example_dags/example_setup_teardown_taskflow.py took 0.116 seconds
[2025-12-08T07:56:35.244+0000] {processor.py:186} INFO - Started process (PID=3803) to work on /home/airflow/.local/lib/python3.12/site-packages/airflow/example_dags/example_setup_teardown_taskflow.py
[2025-12-08T07:56:35.247+0000] {processor.py:914} INFO - Processing file /home/airflow/.local/lib/python3.12/site-packages/airflow/example_dags/example_setup_teardown_taskflow.py for tasks to queue
[2025-12-08T07:56:35.259+0000] {logging_mixin.py:190} INFO - [2025-12-08T07:56:35.258+0000] {dagbag.py:587} INFO - Filling up the DagBag from /home/airflow/.local/lib/python3.12/site-packages/airflow/example_dags/example_setup_teardown_taskflow.py
[2025-12-08T07:56:35.292+0000] {processor.py:925} INFO - DAG(s) 'example_setup_teardown_taskflow' retrieved from /home/airflow/.local/lib/python3.12/site-packages/airflow/example_dags/example_setup_teardown_taskflow.py
[2025-12-08T07:56:35.387+0000] {logging_mixin.py:190} INFO - [2025-12-08T07:56:35.386+0000] {dag.py:3211} INFO - Sync 1 DAGs
[2025-12-08T07:56:35.453+0000] {logging_mixin.py:190} INFO - [2025-12-08T07:56:35.452+0000] {dag.py:4138} INFO - Setting next_dagrun for example_setup_teardown_taskflow to 2025-12-07 00:00:00+00:00, run_after=2025-12-08 00:00:00+00:00
[2025-12-08T07:56:35.511+0000] {processor.py:208} INFO - Processing /home/airflow/.local/lib/python3.12/site-packages/airflow/example_dags/example_setup_teardown_taskflow.py took 0.281 seconds
[2025-12-08T07:57:05.803+0000] {processor.py:186} INFO - Started process (PID=3866) to work on /home/airflow/.local/lib/python3.12/site-packages/airflow/example_dags/example_setup_teardown_taskflow.py
[2025-12-08T07:57:05.805+0000] {processor.py:914} INFO - Processing file /home/airflow/.local/lib/python3.12/site-packages/airflow/example_dags/example_setup_teardown_taskflow.py for tasks to queue
[2025-12-08T07:57:05.809+0000] {logging_mixin.py:190} INFO - [2025-12-08T07:57:05.808+0000] {dagbag.py:587} INFO - Filling up the DagBag from /home/airflow/.local/lib/python3.12/site-packages/airflow/example_dags/example_setup_teardown_taskflow.py
[2025-12-08T07:57:05.820+0000] {processor.py:925} INFO - DAG(s) 'example_setup_teardown_taskflow' retrieved from /home/airflow/.local/lib/python3.12/site-packages/airflow/example_dags/example_setup_teardown_taskflow.py
[2025-12-08T07:57:05.848+0000] {logging_mixin.py:190} INFO - [2025-12-08T07:57:05.847+0000] {dag.py:3211} INFO - Sync 1 DAGs
[2025-12-08T07:57:05.876+0000] {logging_mixin.py:190} INFO - [2025-12-08T07:57:05.876+0000] {dag.py:4138} INFO - Setting next_dagrun for example_setup_teardown_taskflow to 2025-12-07 00:00:00+00:00, run_after=2025-12-08 00:00:00+00:00
[2025-12-08T07:57:05.906+0000] {processor.py:208} INFO - Processing /home/airflow/.local/lib/python3.12/site-packages/airflow/example_dags/example_setup_teardown_taskflow.py took 0.110 seconds
[2025-12-08T07:57:36.163+0000] {processor.py:186} INFO - Started process (PID=3930) to work on /home/airflow/.local/lib/python3.12/site-packages/airflow/example_dags/example_setup_teardown_taskflow.py
[2025-12-08T07:57:36.164+0000] {processor.py:914} INFO - Processing file /home/airflow/.local/lib/python3.12/site-packages/airflow/example_dags/example_setup_teardown_taskflow.py for tasks to queue
[2025-12-08T07:57:36.169+0000] {logging_mixin.py:190} INFO - [2025-12-08T07:57:36.168+0000] {dagbag.py:587} INFO - Filling up the DagBag from /home/airflow/.local/lib/python3.12/site-packages/airflow/example_dags/example_setup_teardown_taskflow.py
[2025-12-08T07:57:36.181+0000] {processor.py:925} INFO - DAG(s) 'example_setup_teardown_taskflow' retrieved from /home/airflow/.local/lib/python3.12/site-packages/airflow/example_dags/example_setup_teardown_taskflow.py
[2025-12-08T07:57:36.210+0000] {logging_mixin.py:190} INFO - [2025-12-08T07:57:36.209+0000] {dag.py:3211} INFO - Sync 1 DAGs
[2025-12-08T07:57:36.239+0000] {logging_mixin.py:190} INFO - [2025-12-08T07:57:36.239+0000] {dag.py:4138} INFO - Setting next_dagrun for example_setup_teardown_taskflow to 2025-12-07 00:00:00+00:00, run_after=2025-12-08 00:00:00+00:00
[2025-12-08T07:57:36.269+0000] {processor.py:208} INFO - Processing /home/airflow/.local/lib/python3.12/site-packages/airflow/example_dags/example_setup_teardown_taskflow.py took 0.114 seconds
[2025-12-08T07:58:07.181+0000] {processor.py:186} INFO - Started process (PID=3993) to work on /home/airflow/.local/lib/python3.12/site-packages/airflow/example_dags/example_setup_teardown_taskflow.py
[2025-12-08T07:58:07.184+0000] {processor.py:914} INFO - Processing file /home/airflow/.local/lib/python3.12/site-packages/airflow/example_dags/example_setup_teardown_taskflow.py for tasks to queue
[2025-12-08T07:58:07.191+0000] {logging_mixin.py:190} INFO - [2025-12-08T07:58:07.189+0000] {dagbag.py:587} INFO - Filling up the DagBag from /home/airflow/.local/lib/python3.12/site-packages/airflow/example_dags/example_setup_teardown_taskflow.py
[2025-12-08T07:58:07.220+0000] {processor.py:925} INFO - DAG(s) 'example_setup_teardown_taskflow' retrieved from /home/airflow/.local/lib/python3.12/site-packages/airflow/example_dags/example_setup_teardown_taskflow.py
[2025-12-08T07:58:07.284+0000] {logging_mixin.py:190} INFO - [2025-12-08T07:58:07.283+0000] {dag.py:3211} INFO - Sync 1 DAGs
[2025-12-08T07:58:07.343+0000] {logging_mixin.py:190} INFO - [2025-12-08T07:58:07.342+0000] {dag.py:4138} INFO - Setting next_dagrun for example_setup_teardown_taskflow to 2025-12-07 00:00:00+00:00, run_after=2025-12-08 00:00:00+00:00
[2025-12-08T07:58:07.395+0000] {processor.py:208} INFO - Processing /home/airflow/.local/lib/python3.12/site-packages/airflow/example_dags/example_setup_teardown_taskflow.py took 0.230 seconds
[2025-12-08T07:58:37.577+0000] {processor.py:186} INFO - Started process (PID=4057) to work on /home/airflow/.local/lib/python3.12/site-packages/airflow/example_dags/example_setup_teardown_taskflow.py
[2025-12-08T07:58:37.578+0000] {processor.py:914} INFO - Processing file /home/airflow/.local/lib/python3.12/site-packages/airflow/example_dags/example_setup_teardown_taskflow.py for tasks to queue
[2025-12-08T07:58:37.582+0000] {logging_mixin.py:190} INFO - [2025-12-08T07:58:37.582+0000] {dagbag.py:587} INFO - Filling up the DagBag from /home/airflow/.local/lib/python3.12/site-packages/airflow/example_dags/example_setup_teardown_taskflow.py
[2025-12-08T07:58:37.594+0000] {processor.py:925} INFO - DAG(s) 'example_setup_teardown_taskflow' retrieved from /home/airflow/.local/lib/python3.12/site-packages/airflow/example_dags/example_setup_teardown_taskflow.py
[2025-12-08T07:58:37.618+0000] {logging_mixin.py:190} INFO - [2025-12-08T07:58:37.618+0000] {dag.py:3211} INFO - Sync 1 DAGs
[2025-12-08T07:58:37.643+0000] {logging_mixin.py:190} INFO - [2025-12-08T07:58:37.643+0000] {dag.py:4138} INFO - Setting next_dagrun for example_setup_teardown_taskflow to 2025-12-07 00:00:00+00:00, run_after=2025-12-08 00:00:00+00:00
[2025-12-08T07:58:37.669+0000] {processor.py:208} INFO - Processing /home/airflow/.local/lib/python3.12/site-packages/airflow/example_dags/example_setup_teardown_taskflow.py took 0.101 seconds
[2025-12-08T07:59:07.875+0000] {processor.py:186} INFO - Started process (PID=4120) to work on /home/airflow/.local/lib/python3.12/site-packages/airflow/example_dags/example_setup_teardown_taskflow.py
[2025-12-08T07:59:07.877+0000] {processor.py:914} INFO - Processing file /home/airflow/.local/lib/python3.12/site-packages/airflow/example_dags/example_setup_teardown_taskflow.py for tasks to queue
[2025-12-08T07:59:07.881+0000] {logging_mixin.py:190} INFO - [2025-12-08T07:59:07.881+0000] {dagbag.py:587} INFO - Filling up the DagBag from /home/airflow/.local/lib/python3.12/site-packages/airflow/example_dags/example_setup_teardown_taskflow.py
[2025-12-08T07:59:07.892+0000] {processor.py:925} INFO - DAG(s) 'example_setup_teardown_taskflow' retrieved from /home/airflow/.local/lib/python3.12/site-packages/airflow/example_dags/example_setup_teardown_taskflow.py
[2025-12-08T07:59:07.916+0000] {logging_mixin.py:190} INFO - [2025-12-08T07:59:07.916+0000] {dag.py:3211} INFO - Sync 1 DAGs
[2025-12-08T07:59:07.939+0000] {logging_mixin.py:190} INFO - [2025-12-08T07:59:07.938+0000] {dag.py:4138} INFO - Setting next_dagrun for example_setup_teardown_taskflow to 2025-12-07 00:00:00+00:00, run_after=2025-12-08 00:00:00+00:00
[2025-12-08T07:59:07.962+0000] {processor.py:208} INFO - Processing /home/airflow/.local/lib/python3.12/site-packages/airflow/example_dags/example_setup_teardown_taskflow.py took 0.094 seconds
[2025-12-08T07:59:38.304+0000] {processor.py:186} INFO - Started process (PID=4183) to work on /home/airflow/.local/lib/python3.12/site-packages/airflow/example_dags/example_setup_teardown_taskflow.py
[2025-12-08T07:59:38.305+0000] {processor.py:914} INFO - Processing file /home/airflow/.local/lib/python3.12/site-packages/airflow/example_dags/example_setup_teardown_taskflow.py for tasks to queue
[2025-12-08T07:59:38.309+0000] {logging_mixin.py:190} INFO - [2025-12-08T07:59:38.308+0000] {dagbag.py:587} INFO - Filling up the DagBag from /home/airflow/.local/lib/python3.12/site-packages/airflow/example_dags/example_setup_teardown_taskflow.py
[2025-12-08T07:59:38.326+0000] {processor.py:925} INFO - DAG(s) 'example_setup_teardown_taskflow' retrieved from /home/airflow/.local/lib/python3.12/site-packages/airflow/example_dags/example_setup_teardown_taskflow.py
[2025-12-08T07:59:38.355+0000] {logging_mixin.py:190} INFO - [2025-12-08T07:59:38.355+0000] {dag.py:3211} INFO - Sync 1 DAGs
[2025-12-08T07:59:38.390+0000] {logging_mixin.py:190} INFO - [2025-12-08T07:59:38.390+0000] {dag.py:4138} INFO - Setting next_dagrun for example_setup_teardown_taskflow to 2025-12-07 00:00:00+00:00, run_after=2025-12-08 00:00:00+00:00
[2025-12-08T07:59:38.420+0000] {processor.py:208} INFO - Processing /home/airflow/.local/lib/python3.12/site-packages/airflow/example_dags/example_setup_teardown_taskflow.py took 0.123 seconds
[2025-12-08T08:00:08.583+0000] {processor.py:186} INFO - Started process (PID=4246) to work on /home/airflow/.local/lib/python3.12/site-packages/airflow/example_dags/example_setup_teardown_taskflow.py
[2025-12-08T08:00:08.588+0000] {processor.py:914} INFO - Processing file /home/airflow/.local/lib/python3.12/site-packages/airflow/example_dags/example_setup_teardown_taskflow.py for tasks to queue
[2025-12-08T08:00:08.592+0000] {logging_mixin.py:190} INFO - [2025-12-08T08:00:08.591+0000] {dagbag.py:587} INFO - Filling up the DagBag from /home/airflow/.local/lib/python3.12/site-packages/airflow/example_dags/example_setup_teardown_taskflow.py
[2025-12-08T08:00:08.604+0000] {processor.py:925} INFO - DAG(s) 'example_setup_teardown_taskflow' retrieved from /home/airflow/.local/lib/python3.12/site-packages/airflow/example_dags/example_setup_teardown_taskflow.py
[2025-12-08T08:00:08.630+0000] {logging_mixin.py:190} INFO - [2025-12-08T08:00:08.630+0000] {dag.py:3211} INFO - Sync 1 DAGs
[2025-12-08T08:00:08.656+0000] {logging_mixin.py:190} INFO - [2025-12-08T08:00:08.656+0000] {dag.py:4138} INFO - Setting next_dagrun for example_setup_teardown_taskflow to 2025-12-07 00:00:00+00:00, run_after=2025-12-08 00:00:00+00:00
[2025-12-08T08:00:08.678+0000] {processor.py:208} INFO - Processing /home/airflow/.local/lib/python3.12/site-packages/airflow/example_dags/example_setup_teardown_taskflow.py took 0.102 seconds
[2025-12-08T08:00:38.884+0000] {processor.py:186} INFO - Started process (PID=4308) to work on /home/airflow/.local/lib/python3.12/site-packages/airflow/example_dags/example_setup_teardown_taskflow.py
[2025-12-08T08:00:38.885+0000] {processor.py:914} INFO - Processing file /home/airflow/.local/lib/python3.12/site-packages/airflow/example_dags/example_setup_teardown_taskflow.py for tasks to queue
[2025-12-08T08:00:38.889+0000] {logging_mixin.py:190} INFO - [2025-12-08T08:00:38.888+0000] {dagbag.py:587} INFO - Filling up the DagBag from /home/airflow/.local/lib/python3.12/site-packages/airflow/example_dags/example_setup_teardown_taskflow.py
[2025-12-08T08:00:38.905+0000] {processor.py:925} INFO - DAG(s) 'example_setup_teardown_taskflow' retrieved from /home/airflow/.local/lib/python3.12/site-packages/airflow/example_dags/example_setup_teardown_taskflow.py
[2025-12-08T08:00:38.939+0000] {logging_mixin.py:190} INFO - [2025-12-08T08:00:38.939+0000] {dag.py:3211} INFO - Sync 1 DAGs
[2025-12-08T08:00:38.970+0000] {logging_mixin.py:190} INFO - [2025-12-08T08:00:38.969+0000] {dag.py:4138} INFO - Setting next_dagrun for example_setup_teardown_taskflow to 2025-12-07 00:00:00+00:00, run_after=2025-12-08 00:00:00+00:00
[2025-12-08T08:00:39.004+0000] {processor.py:208} INFO - Processing /home/airflow/.local/lib/python3.12/site-packages/airflow/example_dags/example_setup_teardown_taskflow.py took 0.127 seconds
[2025-12-08T08:01:09.077+0000] {processor.py:186} INFO - Started process (PID=4371) to work on /home/airflow/.local/lib/python3.12/site-packages/airflow/example_dags/example_setup_teardown_taskflow.py
[2025-12-08T08:01:09.078+0000] {processor.py:914} INFO - Processing file /home/airflow/.local/lib/python3.12/site-packages/airflow/example_dags/example_setup_teardown_taskflow.py for tasks to queue
[2025-12-08T08:01:09.082+0000] {logging_mixin.py:190} INFO - [2025-12-08T08:01:09.082+0000] {dagbag.py:587} INFO - Filling up the DagBag from /home/airflow/.local/lib/python3.12/site-packages/airflow/example_dags/example_setup_teardown_taskflow.py
[2025-12-08T08:01:09.096+0000] {processor.py:925} INFO - DAG(s) 'example_setup_teardown_taskflow' retrieved from /home/airflow/.local/lib/python3.12/site-packages/airflow/example_dags/example_setup_teardown_taskflow.py
[2025-12-08T08:01:09.126+0000] {logging_mixin.py:190} INFO - [2025-12-08T08:01:09.125+0000] {dag.py:3211} INFO - Sync 1 DAGs
[2025-12-08T08:01:09.152+0000] {logging_mixin.py:190} INFO - [2025-12-08T08:01:09.152+0000] {dag.py:4138} INFO - Setting next_dagrun for example_setup_teardown_taskflow to 2025-12-07 00:00:00+00:00, run_after=2025-12-08 00:00:00+00:00
[2025-12-08T08:01:09.179+0000] {processor.py:208} INFO - Processing /home/airflow/.local/lib/python3.12/site-packages/airflow/example_dags/example_setup_teardown_taskflow.py took 0.109 seconds
[2025-12-08T08:01:39.618+0000] {processor.py:186} INFO - Started process (PID=4434) to work on /home/airflow/.local/lib/python3.12/site-packages/airflow/example_dags/example_setup_teardown_taskflow.py
[2025-12-08T08:01:39.620+0000] {processor.py:914} INFO - Processing file /home/airflow/.local/lib/python3.12/site-packages/airflow/example_dags/example_setup_teardown_taskflow.py for tasks to queue
[2025-12-08T08:01:39.624+0000] {logging_mixin.py:190} INFO - [2025-12-08T08:01:39.623+0000] {dagbag.py:587} INFO - Filling up the DagBag from /home/airflow/.local/lib/python3.12/site-packages/airflow/example_dags/example_setup_teardown_taskflow.py
[2025-12-08T08:01:39.637+0000] {processor.py:925} INFO - DAG(s) 'example_setup_teardown_taskflow' retrieved from /home/airflow/.local/lib/python3.12/site-packages/airflow/example_dags/example_setup_teardown_taskflow.py
[2025-12-08T08:01:39.663+0000] {logging_mixin.py:190} INFO - [2025-12-08T08:01:39.663+0000] {dag.py:3211} INFO - Sync 1 DAGs
[2025-12-08T08:01:39.687+0000] {logging_mixin.py:190} INFO - [2025-12-08T08:01:39.686+0000] {dag.py:4138} INFO - Setting next_dagrun for example_setup_teardown_taskflow to 2025-12-07 00:00:00+00:00, run_after=2025-12-08 00:00:00+00:00
[2025-12-08T08:01:39.711+0000] {processor.py:208} INFO - Processing /home/airflow/.local/lib/python3.12/site-packages/airflow/example_dags/example_setup_teardown_taskflow.py took 0.100 seconds
[2025-12-08T08:02:09.936+0000] {processor.py:186} INFO - Started process (PID=4497) to work on /home/airflow/.local/lib/python3.12/site-packages/airflow/example_dags/example_setup_teardown_taskflow.py
[2025-12-08T08:02:09.938+0000] {processor.py:914} INFO - Processing file /home/airflow/.local/lib/python3.12/site-packages/airflow/example_dags/example_setup_teardown_taskflow.py for tasks to queue
[2025-12-08T08:02:09.942+0000] {logging_mixin.py:190} INFO - [2025-12-08T08:02:09.941+0000] {dagbag.py:587} INFO - Filling up the DagBag from /home/airflow/.local/lib/python3.12/site-packages/airflow/example_dags/example_setup_teardown_taskflow.py
[2025-12-08T08:02:09.953+0000] {processor.py:925} INFO - DAG(s) 'example_setup_teardown_taskflow' retrieved from /home/airflow/.local/lib/python3.12/site-packages/airflow/example_dags/example_setup_teardown_taskflow.py
[2025-12-08T08:02:09.982+0000] {logging_mixin.py:190} INFO - [2025-12-08T08:02:09.981+0000] {dag.py:3211} INFO - Sync 1 DAGs
[2025-12-08T08:02:10.006+0000] {logging_mixin.py:190} INFO - [2025-12-08T08:02:10.006+0000] {dag.py:4138} INFO - Setting next_dagrun for example_setup_teardown_taskflow to 2025-12-07 00:00:00+00:00, run_after=2025-12-08 00:00:00+00:00
[2025-12-08T08:02:10.030+0000] {processor.py:208} INFO - Processing /home/airflow/.local/lib/python3.12/site-packages/airflow/example_dags/example_setup_teardown_taskflow.py took 0.100 seconds
[2025-12-08T08:02:40.430+0000] {processor.py:186} INFO - Started process (PID=4560) to work on /home/airflow/.local/lib/python3.12/site-packages/airflow/example_dags/example_setup_teardown_taskflow.py
[2025-12-08T08:02:40.431+0000] {processor.py:914} INFO - Processing file /home/airflow/.local/lib/python3.12/site-packages/airflow/example_dags/example_setup_teardown_taskflow.py for tasks to queue
[2025-12-08T08:02:40.436+0000] {logging_mixin.py:190} INFO - [2025-12-08T08:02:40.435+0000] {dagbag.py:587} INFO - Filling up the DagBag from /home/airflow/.local/lib/python3.12/site-packages/airflow/example_dags/example_setup_teardown_taskflow.py
[2025-12-08T08:02:40.449+0000] {processor.py:925} INFO - DAG(s) 'example_setup_teardown_taskflow' retrieved from /home/airflow/.local/lib/python3.12/site-packages/airflow/example_dags/example_setup_teardown_taskflow.py
[2025-12-08T08:02:40.479+0000] {logging_mixin.py:190} INFO - [2025-12-08T08:02:40.479+0000] {dag.py:3211} INFO - Sync 1 DAGs
[2025-12-08T08:02:40.504+0000] {logging_mixin.py:190} INFO - [2025-12-08T08:02:40.504+0000] {dag.py:4138} INFO - Setting next_dagrun for example_setup_teardown_taskflow to 2025-12-07 00:00:00+00:00, run_after=2025-12-08 00:00:00+00:00
[2025-12-08T08:02:40.528+0000] {processor.py:208} INFO - Processing /home/airflow/.local/lib/python3.12/site-packages/airflow/example_dags/example_setup_teardown_taskflow.py took 0.105 seconds
[2025-12-08T08:03:11.583+0000] {processor.py:186} INFO - Started process (PID=4623) to work on /home/airflow/.local/lib/python3.12/site-packages/airflow/example_dags/example_setup_teardown_taskflow.py
[2025-12-08T08:03:11.584+0000] {processor.py:914} INFO - Processing file /home/airflow/.local/lib/python3.12/site-packages/airflow/example_dags/example_setup_teardown_taskflow.py for tasks to queue
[2025-12-08T08:03:11.589+0000] {logging_mixin.py:190} INFO - [2025-12-08T08:03:11.588+0000] {dagbag.py:587} INFO - Filling up the DagBag from /home/airflow/.local/lib/python3.12/site-packages/airflow/example_dags/example_setup_teardown_taskflow.py
[2025-12-08T08:03:11.602+0000] {processor.py:925} INFO - DAG(s) 'example_setup_teardown_taskflow' retrieved from /home/airflow/.local/lib/python3.12/site-packages/airflow/example_dags/example_setup_teardown_taskflow.py
[2025-12-08T08:03:11.630+0000] {logging_mixin.py:190} INFO - [2025-12-08T08:03:11.630+0000] {dag.py:3211} INFO - Sync 1 DAGs
[2025-12-08T08:03:11.654+0000] {logging_mixin.py:190} INFO - [2025-12-08T08:03:11.654+0000] {dag.py:4138} INFO - Setting next_dagrun for example_setup_teardown_taskflow to 2025-12-07 00:00:00+00:00, run_after=2025-12-08 00:00:00+00:00
[2025-12-08T08:03:11.682+0000] {processor.py:208} INFO - Processing /home/airflow/.local/lib/python3.12/site-packages/airflow/example_dags/example_setup_teardown_taskflow.py took 0.106 seconds
[2025-12-08T08:03:42.462+0000] {processor.py:186} INFO - Started process (PID=4686) to work on /home/airflow/.local/lib/python3.12/site-packages/airflow/example_dags/example_setup_teardown_taskflow.py
[2025-12-08T08:03:42.463+0000] {processor.py:914} INFO - Processing file /home/airflow/.local/lib/python3.12/site-packages/airflow/example_dags/example_setup_teardown_taskflow.py for tasks to queue
[2025-12-08T08:03:42.467+0000] {logging_mixin.py:190} INFO - [2025-12-08T08:03:42.467+0000] {dagbag.py:587} INFO - Filling up the DagBag from /home/airflow/.local/lib/python3.12/site-packages/airflow/example_dags/example_setup_teardown_taskflow.py
[2025-12-08T08:03:42.480+0000] {processor.py:925} INFO - DAG(s) 'example_setup_teardown_taskflow' retrieved from /home/airflow/.local/lib/python3.12/site-packages/airflow/example_dags/example_setup_teardown_taskflow.py
[2025-12-08T08:03:42.509+0000] {logging_mixin.py:190} INFO - [2025-12-08T08:03:42.508+0000] {dag.py:3211} INFO - Sync 1 DAGs
[2025-12-08T08:03:42.537+0000] {logging_mixin.py:190} INFO - [2025-12-08T08:03:42.537+0000] {dag.py:4138} INFO - Setting next_dagrun for example_setup_teardown_taskflow to 2025-12-07 00:00:00+00:00, run_after=2025-12-08 00:00:00+00:00
[2025-12-08T08:03:42.563+0000] {processor.py:208} INFO - Processing /home/airflow/.local/lib/python3.12/site-packages/airflow/example_dags/example_setup_teardown_taskflow.py took 0.108 seconds
[2025-12-08T08:04:14.023+0000] {processor.py:186} INFO - Started process (PID=4749) to work on /home/airflow/.local/lib/python3.12/site-packages/airflow/example_dags/example_setup_teardown_taskflow.py
[2025-12-08T08:04:14.025+0000] {processor.py:914} INFO - Processing file /home/airflow/.local/lib/python3.12/site-packages/airflow/example_dags/example_setup_teardown_taskflow.py for tasks to queue
[2025-12-08T08:04:14.034+0000] {logging_mixin.py:190} INFO - [2025-12-08T08:04:14.033+0000] {dagbag.py:587} INFO - Filling up the DagBag from /home/airflow/.local/lib/python3.12/site-packages/airflow/example_dags/example_setup_teardown_taskflow.py
[2025-12-08T08:04:14.064+0000] {processor.py:925} INFO - DAG(s) 'example_setup_teardown_taskflow' retrieved from /home/airflow/.local/lib/python3.12/site-packages/airflow/example_dags/example_setup_teardown_taskflow.py
[2025-12-08T08:04:14.125+0000] {logging_mixin.py:190} INFO - [2025-12-08T08:04:14.124+0000] {dag.py:3211} INFO - Sync 1 DAGs
[2025-12-08T08:04:14.192+0000] {logging_mixin.py:190} INFO - [2025-12-08T08:04:14.192+0000] {dag.py:4138} INFO - Setting next_dagrun for example_setup_teardown_taskflow to 2025-12-07 00:00:00+00:00, run_after=2025-12-08 00:00:00+00:00
[2025-12-08T08:04:14.244+0000] {processor.py:208} INFO - Processing /home/airflow/.local/lib/python3.12/site-packages/airflow/example_dags/example_setup_teardown_taskflow.py took 0.240 seconds
[2025-12-08T08:04:44.510+0000] {processor.py:186} INFO - Started process (PID=4812) to work on /home/airflow/.local/lib/python3.12/site-packages/airflow/example_dags/example_setup_teardown_taskflow.py
[2025-12-08T08:04:44.511+0000] {processor.py:914} INFO - Processing file /home/airflow/.local/lib/python3.12/site-packages/airflow/example_dags/example_setup_teardown_taskflow.py for tasks to queue
[2025-12-08T08:04:44.516+0000] {logging_mixin.py:190} INFO - [2025-12-08T08:04:44.516+0000] {dagbag.py:587} INFO - Filling up the DagBag from /home/airflow/.local/lib/python3.12/site-packages/airflow/example_dags/example_setup_teardown_taskflow.py
[2025-12-08T08:04:44.534+0000] {processor.py:925} INFO - DAG(s) 'example_setup_teardown_taskflow' retrieved from /home/airflow/.local/lib/python3.12/site-packages/airflow/example_dags/example_setup_teardown_taskflow.py
[2025-12-08T08:04:44.565+0000] {logging_mixin.py:190} INFO - [2025-12-08T08:04:44.564+0000] {dag.py:3211} INFO - Sync 1 DAGs
[2025-12-08T08:04:44.592+0000] {logging_mixin.py:190} INFO - [2025-12-08T08:04:44.591+0000] {dag.py:4138} INFO - Setting next_dagrun for example_setup_teardown_taskflow to 2025-12-07 00:00:00+00:00, run_after=2025-12-08 00:00:00+00:00
[2025-12-08T08:04:44.622+0000] {processor.py:208} INFO - Processing /home/airflow/.local/lib/python3.12/site-packages/airflow/example_dags/example_setup_teardown_taskflow.py took 0.121 seconds
[2025-12-08T08:05:14.897+0000] {processor.py:186} INFO - Started process (PID=4875) to work on /home/airflow/.local/lib/python3.12/site-packages/airflow/example_dags/example_setup_teardown_taskflow.py
[2025-12-08T08:05:14.899+0000] {processor.py:914} INFO - Processing file /home/airflow/.local/lib/python3.12/site-packages/airflow/example_dags/example_setup_teardown_taskflow.py for tasks to queue
[2025-12-08T08:05:14.904+0000] {logging_mixin.py:190} INFO - [2025-12-08T08:05:14.904+0000] {dagbag.py:587} INFO - Filling up the DagBag from /home/airflow/.local/lib/python3.12/site-packages/airflow/example_dags/example_setup_teardown_taskflow.py
[2025-12-08T08:05:14.915+0000] {processor.py:925} INFO - DAG(s) 'example_setup_teardown_taskflow' retrieved from /home/airflow/.local/lib/python3.12/site-packages/airflow/example_dags/example_setup_teardown_taskflow.py
[2025-12-08T08:05:14.948+0000] {logging_mixin.py:190} INFO - [2025-12-08T08:05:14.947+0000] {dag.py:3211} INFO - Sync 1 DAGs
[2025-12-08T08:05:14.977+0000] {logging_mixin.py:190} INFO - [2025-12-08T08:05:14.977+0000] {dag.py:4138} INFO - Setting next_dagrun for example_setup_teardown_taskflow to 2025-12-07 00:00:00+00:00, run_after=2025-12-08 00:00:00+00:00
[2025-12-08T08:05:15.005+0000] {processor.py:208} INFO - Processing /home/airflow/.local/lib/python3.12/site-packages/airflow/example_dags/example_setup_teardown_taskflow.py took 0.114 seconds
[2025-12-08T08:05:45.718+0000] {processor.py:186} INFO - Started process (PID=4938) to work on /home/airflow/.local/lib/python3.12/site-packages/airflow/example_dags/example_setup_teardown_taskflow.py
[2025-12-08T08:05:45.719+0000] {processor.py:914} INFO - Processing file /home/airflow/.local/lib/python3.12/site-packages/airflow/example_dags/example_setup_teardown_taskflow.py for tasks to queue
[2025-12-08T08:05:45.722+0000] {logging_mixin.py:190} INFO - [2025-12-08T08:05:45.722+0000] {dagbag.py:587} INFO - Filling up the DagBag from /home/airflow/.local/lib/python3.12/site-packages/airflow/example_dags/example_setup_teardown_taskflow.py
[2025-12-08T08:05:45.734+0000] {processor.py:925} INFO - DAG(s) 'example_setup_teardown_taskflow' retrieved from /home/airflow/.local/lib/python3.12/site-packages/airflow/example_dags/example_setup_teardown_taskflow.py
[2025-12-08T08:05:45.759+0000] {logging_mixin.py:190} INFO - [2025-12-08T08:05:45.759+0000] {dag.py:3211} INFO - Sync 1 DAGs
[2025-12-08T08:05:45.786+0000] {logging_mixin.py:190} INFO - [2025-12-08T08:05:45.786+0000] {dag.py:4138} INFO - Setting next_dagrun for example_setup_teardown_taskflow to 2025-12-07 00:00:00+00:00, run_after=2025-12-08 00:00:00+00:00
[2025-12-08T08:05:45.809+0000] {processor.py:208} INFO - Processing /home/airflow/.local/lib/python3.12/site-packages/airflow/example_dags/example_setup_teardown_taskflow.py took 0.097 seconds
[2025-12-08T08:06:17.406+0000] {processor.py:186} INFO - Started process (PID=5001) to work on /home/airflow/.local/lib/python3.12/site-packages/airflow/example_dags/example_setup_teardown_taskflow.py
[2025-12-08T08:06:17.411+0000] {processor.py:914} INFO - Processing file /home/airflow/.local/lib/python3.12/site-packages/airflow/example_dags/example_setup_teardown_taskflow.py for tasks to queue
[2025-12-08T08:06:17.425+0000] {logging_mixin.py:190} INFO - [2025-12-08T08:06:17.424+0000] {dagbag.py:587} INFO - Filling up the DagBag from /home/airflow/.local/lib/python3.12/site-packages/airflow/example_dags/example_setup_teardown_taskflow.py
[2025-12-08T08:06:17.464+0000] {processor.py:925} INFO - DAG(s) 'example_setup_teardown_taskflow' retrieved from /home/airflow/.local/lib/python3.12/site-packages/airflow/example_dags/example_setup_teardown_taskflow.py
[2025-12-08T08:06:17.544+0000] {logging_mixin.py:190} INFO - [2025-12-08T08:06:17.543+0000] {dag.py:3211} INFO - Sync 1 DAGs
[2025-12-08T08:06:17.686+0000] {logging_mixin.py:190} INFO - [2025-12-08T08:06:17.686+0000] {dag.py:4138} INFO - Setting next_dagrun for example_setup_teardown_taskflow to 2025-12-07 00:00:00+00:00, run_after=2025-12-08 00:00:00+00:00
[2025-12-08T08:06:17.740+0000] {processor.py:208} INFO - Processing /home/airflow/.local/lib/python3.12/site-packages/airflow/example_dags/example_setup_teardown_taskflow.py took 0.302 seconds
[2025-12-08T08:06:47.836+0000] {processor.py:186} INFO - Started process (PID=5070) to work on /home/airflow/.local/lib/python3.12/site-packages/airflow/example_dags/example_setup_teardown_taskflow.py
[2025-12-08T08:06:47.839+0000] {processor.py:914} INFO - Processing file /home/airflow/.local/lib/python3.12/site-packages/airflow/example_dags/example_setup_teardown_taskflow.py for tasks to queue
[2025-12-08T08:06:47.846+0000] {logging_mixin.py:190} INFO - [2025-12-08T08:06:47.844+0000] {dagbag.py:587} INFO - Filling up the DagBag from /home/airflow/.local/lib/python3.12/site-packages/airflow/example_dags/example_setup_teardown_taskflow.py
[2025-12-08T08:06:47.867+0000] {processor.py:925} INFO - DAG(s) 'example_setup_teardown_taskflow' retrieved from /home/airflow/.local/lib/python3.12/site-packages/airflow/example_dags/example_setup_teardown_taskflow.py
[2025-12-08T08:06:47.904+0000] {logging_mixin.py:190} INFO - [2025-12-08T08:06:47.903+0000] {dag.py:3211} INFO - Sync 1 DAGs
[2025-12-08T08:06:47.943+0000] {logging_mixin.py:190} INFO - [2025-12-08T08:06:47.943+0000] {dag.py:4138} INFO - Setting next_dagrun for example_setup_teardown_taskflow to 2025-12-07 00:00:00+00:00, run_after=2025-12-08 00:00:00+00:00
[2025-12-08T08:06:47.974+0000] {processor.py:208} INFO - Processing /home/airflow/.local/lib/python3.12/site-packages/airflow/example_dags/example_setup_teardown_taskflow.py took 0.149 seconds
[2025-12-08T08:07:18.797+0000] {processor.py:186} INFO - Started process (PID=5133) to work on /home/airflow/.local/lib/python3.12/site-packages/airflow/example_dags/example_setup_teardown_taskflow.py
[2025-12-08T08:07:18.799+0000] {processor.py:914} INFO - Processing file /home/airflow/.local/lib/python3.12/site-packages/airflow/example_dags/example_setup_teardown_taskflow.py for tasks to queue
[2025-12-08T08:07:18.804+0000] {logging_mixin.py:190} INFO - [2025-12-08T08:07:18.803+0000] {dagbag.py:587} INFO - Filling up the DagBag from /home/airflow/.local/lib/python3.12/site-packages/airflow/example_dags/example_setup_teardown_taskflow.py
[2025-12-08T08:07:18.820+0000] {processor.py:925} INFO - DAG(s) 'example_setup_teardown_taskflow' retrieved from /home/airflow/.local/lib/python3.12/site-packages/airflow/example_dags/example_setup_teardown_taskflow.py
[2025-12-08T08:07:18.855+0000] {logging_mixin.py:190} INFO - [2025-12-08T08:07:18.855+0000] {dag.py:3211} INFO - Sync 1 DAGs
[2025-12-08T08:07:18.889+0000] {logging_mixin.py:190} INFO - [2025-12-08T08:07:18.889+0000] {dag.py:4138} INFO - Setting next_dagrun for example_setup_teardown_taskflow to 2025-12-07 00:00:00+00:00, run_after=2025-12-08 00:00:00+00:00
[2025-12-08T08:07:18.919+0000] {processor.py:208} INFO - Processing /home/airflow/.local/lib/python3.12/site-packages/airflow/example_dags/example_setup_teardown_taskflow.py took 0.129 seconds
[2025-12-08T08:07:49.287+0000] {processor.py:186} INFO - Started process (PID=5197) to work on /home/airflow/.local/lib/python3.12/site-packages/airflow/example_dags/example_setup_teardown_taskflow.py
[2025-12-08T08:07:49.289+0000] {processor.py:914} INFO - Processing file /home/airflow/.local/lib/python3.12/site-packages/airflow/example_dags/example_setup_teardown_taskflow.py for tasks to queue
[2025-12-08T08:07:49.294+0000] {logging_mixin.py:190} INFO - [2025-12-08T08:07:49.293+0000] {dagbag.py:587} INFO - Filling up the DagBag from /home/airflow/.local/lib/python3.12/site-packages/airflow/example_dags/example_setup_teardown_taskflow.py
[2025-12-08T08:07:49.313+0000] {processor.py:925} INFO - DAG(s) 'example_setup_teardown_taskflow' retrieved from /home/airflow/.local/lib/python3.12/site-packages/airflow/example_dags/example_setup_teardown_taskflow.py
[2025-12-08T08:07:49.353+0000] {logging_mixin.py:190} INFO - [2025-12-08T08:07:49.353+0000] {dag.py:3211} INFO - Sync 1 DAGs
[2025-12-08T08:07:49.391+0000] {logging_mixin.py:190} INFO - [2025-12-08T08:07:49.391+0000] {dag.py:4138} INFO - Setting next_dagrun for example_setup_teardown_taskflow to 2025-12-07 00:00:00+00:00, run_after=2025-12-08 00:00:00+00:00
[2025-12-08T08:07:49.429+0000] {processor.py:208} INFO - Processing /home/airflow/.local/lib/python3.12/site-packages/airflow/example_dags/example_setup_teardown_taskflow.py took 0.149 seconds
[2025-12-08T08:08:19.545+0000] {processor.py:186} INFO - Started process (PID=5260) to work on /home/airflow/.local/lib/python3.12/site-packages/airflow/example_dags/example_setup_teardown_taskflow.py
[2025-12-08T08:08:19.547+0000] {processor.py:914} INFO - Processing file /home/airflow/.local/lib/python3.12/site-packages/airflow/example_dags/example_setup_teardown_taskflow.py for tasks to queue
[2025-12-08T08:08:19.554+0000] {logging_mixin.py:190} INFO - [2025-12-08T08:08:19.553+0000] {dagbag.py:587} INFO - Filling up the DagBag from /home/airflow/.local/lib/python3.12/site-packages/airflow/example_dags/example_setup_teardown_taskflow.py
[2025-12-08T08:08:19.568+0000] {processor.py:925} INFO - DAG(s) 'example_setup_teardown_taskflow' retrieved from /home/airflow/.local/lib/python3.12/site-packages/airflow/example_dags/example_setup_teardown_taskflow.py
[2025-12-08T08:08:19.598+0000] {logging_mixin.py:190} INFO - [2025-12-08T08:08:19.598+0000] {dag.py:3211} INFO - Sync 1 DAGs
[2025-12-08T08:08:19.631+0000] {logging_mixin.py:190} INFO - [2025-12-08T08:08:19.630+0000] {dag.py:4138} INFO - Setting next_dagrun for example_setup_teardown_taskflow to 2025-12-07 00:00:00+00:00, run_after=2025-12-08 00:00:00+00:00
[2025-12-08T08:08:19.656+0000] {processor.py:208} INFO - Processing /home/airflow/.local/lib/python3.12/site-packages/airflow/example_dags/example_setup_teardown_taskflow.py took 0.121 seconds
[2025-12-08T08:08:50.455+0000] {processor.py:186} INFO - Started process (PID=5323) to work on /home/airflow/.local/lib/python3.12/site-packages/airflow/example_dags/example_setup_teardown_taskflow.py
[2025-12-08T08:08:50.457+0000] {processor.py:914} INFO - Processing file /home/airflow/.local/lib/python3.12/site-packages/airflow/example_dags/example_setup_teardown_taskflow.py for tasks to queue
[2025-12-08T08:08:50.461+0000] {logging_mixin.py:190} INFO - [2025-12-08T08:08:50.460+0000] {dagbag.py:587} INFO - Filling up the DagBag from /home/airflow/.local/lib/python3.12/site-packages/airflow/example_dags/example_setup_teardown_taskflow.py
[2025-12-08T08:08:50.474+0000] {processor.py:925} INFO - DAG(s) 'example_setup_teardown_taskflow' retrieved from /home/airflow/.local/lib/python3.12/site-packages/airflow/example_dags/example_setup_teardown_taskflow.py
[2025-12-08T08:08:50.503+0000] {logging_mixin.py:190} INFO - [2025-12-08T08:08:50.503+0000] {dag.py:3211} INFO - Sync 1 DAGs
[2025-12-08T08:08:50.533+0000] {logging_mixin.py:190} INFO - [2025-12-08T08:08:50.532+0000] {dag.py:4138} INFO - Setting next_dagrun for example_setup_teardown_taskflow to 2025-12-07 00:00:00+00:00, run_after=2025-12-08 00:00:00+00:00
[2025-12-08T08:08:50.559+0000] {processor.py:208} INFO - Processing /home/airflow/.local/lib/python3.12/site-packages/airflow/example_dags/example_setup_teardown_taskflow.py took 0.110 seconds
[2025-12-08T08:09:21.354+0000] {processor.py:186} INFO - Started process (PID=5386) to work on /home/airflow/.local/lib/python3.12/site-packages/airflow/example_dags/example_setup_teardown_taskflow.py
[2025-12-08T08:09:21.356+0000] {processor.py:914} INFO - Processing file /home/airflow/.local/lib/python3.12/site-packages/airflow/example_dags/example_setup_teardown_taskflow.py for tasks to queue
[2025-12-08T08:09:21.360+0000] {logging_mixin.py:190} INFO - [2025-12-08T08:09:21.360+0000] {dagbag.py:587} INFO - Filling up the DagBag from /home/airflow/.local/lib/python3.12/site-packages/airflow/example_dags/example_setup_teardown_taskflow.py
[2025-12-08T08:09:21.377+0000] {processor.py:925} INFO - DAG(s) 'example_setup_teardown_taskflow' retrieved from /home/airflow/.local/lib/python3.12/site-packages/airflow/example_dags/example_setup_teardown_taskflow.py
[2025-12-08T08:09:21.409+0000] {logging_mixin.py:190} INFO - [2025-12-08T08:09:21.408+0000] {dag.py:3211} INFO - Sync 1 DAGs
[2025-12-08T08:09:21.445+0000] {logging_mixin.py:190} INFO - [2025-12-08T08:09:21.445+0000] {dag.py:4138} INFO - Setting next_dagrun for example_setup_teardown_taskflow to 2025-12-07 00:00:00+00:00, run_after=2025-12-08 00:00:00+00:00
[2025-12-08T08:09:21.476+0000] {processor.py:208} INFO - Processing /home/airflow/.local/lib/python3.12/site-packages/airflow/example_dags/example_setup_teardown_taskflow.py took 0.130 seconds
[2025-12-08T08:09:52.346+0000] {processor.py:186} INFO - Started process (PID=5449) to work on /home/airflow/.local/lib/python3.12/site-packages/airflow/example_dags/example_setup_teardown_taskflow.py
[2025-12-08T08:09:52.348+0000] {processor.py:914} INFO - Processing file /home/airflow/.local/lib/python3.12/site-packages/airflow/example_dags/example_setup_teardown_taskflow.py for tasks to queue
[2025-12-08T08:09:52.353+0000] {logging_mixin.py:190} INFO - [2025-12-08T08:09:52.352+0000] {dagbag.py:587} INFO - Filling up the DagBag from /home/airflow/.local/lib/python3.12/site-packages/airflow/example_dags/example_setup_teardown_taskflow.py
[2025-12-08T08:09:52.378+0000] {processor.py:925} INFO - DAG(s) 'example_setup_teardown_taskflow' retrieved from /home/airflow/.local/lib/python3.12/site-packages/airflow/example_dags/example_setup_teardown_taskflow.py
[2025-12-08T08:09:52.425+0000] {logging_mixin.py:190} INFO - [2025-12-08T08:09:52.425+0000] {dag.py:3211} INFO - Sync 1 DAGs
[2025-12-08T08:09:52.462+0000] {logging_mixin.py:190} INFO - [2025-12-08T08:09:52.461+0000] {dag.py:4138} INFO - Setting next_dagrun for example_setup_teardown_taskflow to 2025-12-07 00:00:00+00:00, run_after=2025-12-08 00:00:00+00:00
[2025-12-08T08:09:52.500+0000] {processor.py:208} INFO - Processing /home/airflow/.local/lib/python3.12/site-packages/airflow/example_dags/example_setup_teardown_taskflow.py took 0.175 seconds
[2025-12-08T08:10:22.947+0000] {processor.py:186} INFO - Started process (PID=5512) to work on /home/airflow/.local/lib/python3.12/site-packages/airflow/example_dags/example_setup_teardown_taskflow.py
[2025-12-08T08:10:22.949+0000] {processor.py:914} INFO - Processing file /home/airflow/.local/lib/python3.12/site-packages/airflow/example_dags/example_setup_teardown_taskflow.py for tasks to queue
[2025-12-08T08:10:22.952+0000] {logging_mixin.py:190} INFO - [2025-12-08T08:10:22.952+0000] {dagbag.py:587} INFO - Filling up the DagBag from /home/airflow/.local/lib/python3.12/site-packages/airflow/example_dags/example_setup_teardown_taskflow.py
[2025-12-08T08:10:22.964+0000] {processor.py:925} INFO - DAG(s) 'example_setup_teardown_taskflow' retrieved from /home/airflow/.local/lib/python3.12/site-packages/airflow/example_dags/example_setup_teardown_taskflow.py
[2025-12-08T08:10:22.991+0000] {logging_mixin.py:190} INFO - [2025-12-08T08:10:22.990+0000] {dag.py:3211} INFO - Sync 1 DAGs
[2025-12-08T08:10:23.015+0000] {logging_mixin.py:190} INFO - [2025-12-08T08:10:23.015+0000] {dag.py:4138} INFO - Setting next_dagrun for example_setup_teardown_taskflow to 2025-12-07 00:00:00+00:00, run_after=2025-12-08 00:00:00+00:00
[2025-12-08T08:10:23.040+0000] {processor.py:208} INFO - Processing /home/airflow/.local/lib/python3.12/site-packages/airflow/example_dags/example_setup_teardown_taskflow.py took 0.100 seconds
[2025-12-08T08:10:53.586+0000] {processor.py:186} INFO - Started process (PID=5575) to work on /home/airflow/.local/lib/python3.12/site-packages/airflow/example_dags/example_setup_teardown_taskflow.py
[2025-12-08T08:10:53.588+0000] {processor.py:914} INFO - Processing file /home/airflow/.local/lib/python3.12/site-packages/airflow/example_dags/example_setup_teardown_taskflow.py for tasks to queue
[2025-12-08T08:10:53.592+0000] {logging_mixin.py:190} INFO - [2025-12-08T08:10:53.591+0000] {dagbag.py:587} INFO - Filling up the DagBag from /home/airflow/.local/lib/python3.12/site-packages/airflow/example_dags/example_setup_teardown_taskflow.py
[2025-12-08T08:10:53.607+0000] {processor.py:925} INFO - DAG(s) 'example_setup_teardown_taskflow' retrieved from /home/airflow/.local/lib/python3.12/site-packages/airflow/example_dags/example_setup_teardown_taskflow.py
[2025-12-08T08:10:53.636+0000] {logging_mixin.py:190} INFO - [2025-12-08T08:10:53.635+0000] {dag.py:3211} INFO - Sync 1 DAGs
[2025-12-08T08:10:53.666+0000] {logging_mixin.py:190} INFO - [2025-12-08T08:10:53.665+0000] {dag.py:4138} INFO - Setting next_dagrun for example_setup_teardown_taskflow to 2025-12-07 00:00:00+00:00, run_after=2025-12-08 00:00:00+00:00
[2025-12-08T08:10:53.694+0000] {processor.py:208} INFO - Processing /home/airflow/.local/lib/python3.12/site-packages/airflow/example_dags/example_setup_teardown_taskflow.py took 0.115 seconds
[2025-12-08T08:11:23.923+0000] {processor.py:186} INFO - Started process (PID=5638) to work on /home/airflow/.local/lib/python3.12/site-packages/airflow/example_dags/example_setup_teardown_taskflow.py
[2025-12-08T08:11:23.925+0000] {processor.py:914} INFO - Processing file /home/airflow/.local/lib/python3.12/site-packages/airflow/example_dags/example_setup_teardown_taskflow.py for tasks to queue
[2025-12-08T08:11:23.928+0000] {logging_mixin.py:190} INFO - [2025-12-08T08:11:23.928+0000] {dagbag.py:587} INFO - Filling up the DagBag from /home/airflow/.local/lib/python3.12/site-packages/airflow/example_dags/example_setup_teardown_taskflow.py
[2025-12-08T08:11:23.942+0000] {processor.py:925} INFO - DAG(s) 'example_setup_teardown_taskflow' retrieved from /home/airflow/.local/lib/python3.12/site-packages/airflow/example_dags/example_setup_teardown_taskflow.py
[2025-12-08T08:11:23.969+0000] {logging_mixin.py:190} INFO - [2025-12-08T08:11:23.969+0000] {dag.py:3211} INFO - Sync 1 DAGs
[2025-12-08T08:11:23.995+0000] {logging_mixin.py:190} INFO - [2025-12-08T08:11:23.995+0000] {dag.py:4138} INFO - Setting next_dagrun for example_setup_teardown_taskflow to 2025-12-07 00:00:00+00:00, run_after=2025-12-08 00:00:00+00:00
[2025-12-08T08:11:24.021+0000] {processor.py:208} INFO - Processing /home/airflow/.local/lib/python3.12/site-packages/airflow/example_dags/example_setup_teardown_taskflow.py took 0.105 seconds
[2025-12-08T08:11:54.390+0000] {processor.py:186} INFO - Started process (PID=5701) to work on /home/airflow/.local/lib/python3.12/site-packages/airflow/example_dags/example_setup_teardown_taskflow.py
[2025-12-08T08:11:54.391+0000] {processor.py:914} INFO - Processing file /home/airflow/.local/lib/python3.12/site-packages/airflow/example_dags/example_setup_teardown_taskflow.py for tasks to queue
[2025-12-08T08:11:54.395+0000] {logging_mixin.py:190} INFO - [2025-12-08T08:11:54.394+0000] {dagbag.py:587} INFO - Filling up the DagBag from /home/airflow/.local/lib/python3.12/site-packages/airflow/example_dags/example_setup_teardown_taskflow.py
[2025-12-08T08:11:54.409+0000] {processor.py:925} INFO - DAG(s) 'example_setup_teardown_taskflow' retrieved from /home/airflow/.local/lib/python3.12/site-packages/airflow/example_dags/example_setup_teardown_taskflow.py
[2025-12-08T08:11:54.442+0000] {logging_mixin.py:190} INFO - [2025-12-08T08:11:54.442+0000] {dag.py:3211} INFO - Sync 1 DAGs
[2025-12-08T08:11:54.475+0000] {logging_mixin.py:190} INFO - [2025-12-08T08:11:54.474+0000] {dag.py:4138} INFO - Setting next_dagrun for example_setup_teardown_taskflow to 2025-12-07 00:00:00+00:00, run_after=2025-12-08 00:00:00+00:00
[2025-12-08T08:11:54.504+0000] {processor.py:208} INFO - Processing /home/airflow/.local/lib/python3.12/site-packages/airflow/example_dags/example_setup_teardown_taskflow.py took 0.126 seconds
[2025-12-08T08:12:25.617+0000] {processor.py:186} INFO - Started process (PID=5764) to work on /home/airflow/.local/lib/python3.12/site-packages/airflow/example_dags/example_setup_teardown_taskflow.py
[2025-12-08T08:12:25.622+0000] {processor.py:914} INFO - Processing file /home/airflow/.local/lib/python3.12/site-packages/airflow/example_dags/example_setup_teardown_taskflow.py for tasks to queue
[2025-12-08T08:12:25.633+0000] {logging_mixin.py:190} INFO - [2025-12-08T08:12:25.631+0000] {dagbag.py:587} INFO - Filling up the DagBag from /home/airflow/.local/lib/python3.12/site-packages/airflow/example_dags/example_setup_teardown_taskflow.py
[2025-12-08T08:12:25.696+0000] {processor.py:925} INFO - DAG(s) 'example_setup_teardown_taskflow' retrieved from /home/airflow/.local/lib/python3.12/site-packages/airflow/example_dags/example_setup_teardown_taskflow.py
[2025-12-08T08:12:25.804+0000] {logging_mixin.py:190} INFO - [2025-12-08T08:12:25.803+0000] {dag.py:3211} INFO - Sync 1 DAGs
[2025-12-08T08:12:25.968+0000] {logging_mixin.py:190} INFO - [2025-12-08T08:12:25.967+0000] {dag.py:4138} INFO - Setting next_dagrun for example_setup_teardown_taskflow to 2025-12-07 00:00:00+00:00, run_after=2025-12-08 00:00:00+00:00
[2025-12-08T08:12:26.055+0000] {processor.py:208} INFO - Processing /home/airflow/.local/lib/python3.12/site-packages/airflow/example_dags/example_setup_teardown_taskflow.py took 0.474 seconds
[2025-12-08T08:12:57.040+0000] {processor.py:186} INFO - Started process (PID=5828) to work on /home/airflow/.local/lib/python3.12/site-packages/airflow/example_dags/example_setup_teardown_taskflow.py
[2025-12-08T08:12:57.043+0000] {processor.py:914} INFO - Processing file /home/airflow/.local/lib/python3.12/site-packages/airflow/example_dags/example_setup_teardown_taskflow.py for tasks to queue
[2025-12-08T08:12:57.051+0000] {logging_mixin.py:190} INFO - [2025-12-08T08:12:57.049+0000] {dagbag.py:587} INFO - Filling up the DagBag from /home/airflow/.local/lib/python3.12/site-packages/airflow/example_dags/example_setup_teardown_taskflow.py
[2025-12-08T08:12:57.078+0000] {processor.py:925} INFO - DAG(s) 'example_setup_teardown_taskflow' retrieved from /home/airflow/.local/lib/python3.12/site-packages/airflow/example_dags/example_setup_teardown_taskflow.py
[2025-12-08T08:12:57.130+0000] {logging_mixin.py:190} INFO - [2025-12-08T08:12:57.129+0000] {dag.py:3211} INFO - Sync 1 DAGs
[2025-12-08T08:12:57.188+0000] {logging_mixin.py:190} INFO - [2025-12-08T08:12:57.188+0000] {dag.py:4138} INFO - Setting next_dagrun for example_setup_teardown_taskflow to 2025-12-07 00:00:00+00:00, run_after=2025-12-08 00:00:00+00:00
[2025-12-08T08:12:57.235+0000] {processor.py:208} INFO - Processing /home/airflow/.local/lib/python3.12/site-packages/airflow/example_dags/example_setup_teardown_taskflow.py took 0.209 seconds
[2025-12-08T08:13:27.731+0000] {processor.py:186} INFO - Started process (PID=5891) to work on /home/airflow/.local/lib/python3.12/site-packages/airflow/example_dags/example_setup_teardown_taskflow.py
[2025-12-08T08:13:27.736+0000] {processor.py:914} INFO - Processing file /home/airflow/.local/lib/python3.12/site-packages/airflow/example_dags/example_setup_teardown_taskflow.py for tasks to queue
[2025-12-08T08:13:27.752+0000] {logging_mixin.py:190} INFO - [2025-12-08T08:13:27.749+0000] {dagbag.py:587} INFO - Filling up the DagBag from /home/airflow/.local/lib/python3.12/site-packages/airflow/example_dags/example_setup_teardown_taskflow.py
[2025-12-08T08:13:27.781+0000] {processor.py:925} INFO - DAG(s) 'example_setup_teardown_taskflow' retrieved from /home/airflow/.local/lib/python3.12/site-packages/airflow/example_dags/example_setup_teardown_taskflow.py
[2025-12-08T08:13:27.897+0000] {logging_mixin.py:190} INFO - [2025-12-08T08:13:27.897+0000] {dag.py:3211} INFO - Sync 1 DAGs
[2025-12-08T08:13:27.964+0000] {logging_mixin.py:190} INFO - [2025-12-08T08:13:27.963+0000] {dag.py:4138} INFO - Setting next_dagrun for example_setup_teardown_taskflow to 2025-12-07 00:00:00+00:00, run_after=2025-12-08 00:00:00+00:00
[2025-12-08T08:13:28.040+0000] {processor.py:208} INFO - Processing /home/airflow/.local/lib/python3.12/site-packages/airflow/example_dags/example_setup_teardown_taskflow.py took 0.322 seconds
[2025-12-08T08:13:58.999+0000] {processor.py:186} INFO - Started process (PID=5955) to work on /home/airflow/.local/lib/python3.12/site-packages/airflow/example_dags/example_setup_teardown_taskflow.py
[2025-12-08T08:13:59.000+0000] {processor.py:914} INFO - Processing file /home/airflow/.local/lib/python3.12/site-packages/airflow/example_dags/example_setup_teardown_taskflow.py for tasks to queue
[2025-12-08T08:13:59.004+0000] {logging_mixin.py:190} INFO - [2025-12-08T08:13:59.003+0000] {dagbag.py:587} INFO - Filling up the DagBag from /home/airflow/.local/lib/python3.12/site-packages/airflow/example_dags/example_setup_teardown_taskflow.py
[2025-12-08T08:13:59.018+0000] {processor.py:925} INFO - DAG(s) 'example_setup_teardown_taskflow' retrieved from /home/airflow/.local/lib/python3.12/site-packages/airflow/example_dags/example_setup_teardown_taskflow.py
[2025-12-08T08:13:59.052+0000] {logging_mixin.py:190} INFO - [2025-12-08T08:13:59.052+0000] {dag.py:3211} INFO - Sync 1 DAGs
[2025-12-08T08:13:59.079+0000] {logging_mixin.py:190} INFO - [2025-12-08T08:13:59.079+0000] {dag.py:4138} INFO - Setting next_dagrun for example_setup_teardown_taskflow to 2025-12-07 00:00:00+00:00, run_after=2025-12-08 00:00:00+00:00
[2025-12-08T08:13:59.107+0000] {processor.py:208} INFO - Processing /home/airflow/.local/lib/python3.12/site-packages/airflow/example_dags/example_setup_teardown_taskflow.py took 0.117 seconds
[2025-12-08T08:14:29.566+0000] {processor.py:186} INFO - Started process (PID=6018) to work on /home/airflow/.local/lib/python3.12/site-packages/airflow/example_dags/example_setup_teardown_taskflow.py
[2025-12-08T08:14:29.568+0000] {processor.py:914} INFO - Processing file /home/airflow/.local/lib/python3.12/site-packages/airflow/example_dags/example_setup_teardown_taskflow.py for tasks to queue
[2025-12-08T08:14:29.571+0000] {logging_mixin.py:190} INFO - [2025-12-08T08:14:29.571+0000] {dagbag.py:587} INFO - Filling up the DagBag from /home/airflow/.local/lib/python3.12/site-packages/airflow/example_dags/example_setup_teardown_taskflow.py
[2025-12-08T08:14:29.582+0000] {processor.py:925} INFO - DAG(s) 'example_setup_teardown_taskflow' retrieved from /home/airflow/.local/lib/python3.12/site-packages/airflow/example_dags/example_setup_teardown_taskflow.py
[2025-12-08T08:14:29.609+0000] {logging_mixin.py:190} INFO - [2025-12-08T08:14:29.608+0000] {dag.py:3211} INFO - Sync 1 DAGs
[2025-12-08T08:14:29.634+0000] {logging_mixin.py:190} INFO - [2025-12-08T08:14:29.634+0000] {dag.py:4138} INFO - Setting next_dagrun for example_setup_teardown_taskflow to 2025-12-07 00:00:00+00:00, run_after=2025-12-08 00:00:00+00:00
[2025-12-08T08:14:29.667+0000] {processor.py:208} INFO - Processing /home/airflow/.local/lib/python3.12/site-packages/airflow/example_dags/example_setup_teardown_taskflow.py took 0.107 seconds
[2025-12-08T08:15:00.372+0000] {processor.py:186} INFO - Started process (PID=6082) to work on /home/airflow/.local/lib/python3.12/site-packages/airflow/example_dags/example_setup_teardown_taskflow.py
[2025-12-08T08:15:00.374+0000] {processor.py:914} INFO - Processing file /home/airflow/.local/lib/python3.12/site-packages/airflow/example_dags/example_setup_teardown_taskflow.py for tasks to queue
[2025-12-08T08:15:00.378+0000] {logging_mixin.py:190} INFO - [2025-12-08T08:15:00.377+0000] {dagbag.py:587} INFO - Filling up the DagBag from /home/airflow/.local/lib/python3.12/site-packages/airflow/example_dags/example_setup_teardown_taskflow.py
[2025-12-08T08:15:00.389+0000] {processor.py:925} INFO - DAG(s) 'example_setup_teardown_taskflow' retrieved from /home/airflow/.local/lib/python3.12/site-packages/airflow/example_dags/example_setup_teardown_taskflow.py
[2025-12-08T08:15:00.411+0000] {logging_mixin.py:190} INFO - [2025-12-08T08:15:00.411+0000] {dag.py:3211} INFO - Sync 1 DAGs
[2025-12-08T08:15:00.435+0000] {logging_mixin.py:190} INFO - [2025-12-08T08:15:00.435+0000] {dag.py:4138} INFO - Setting next_dagrun for example_setup_teardown_taskflow to 2025-12-07 00:00:00+00:00, run_after=2025-12-08 00:00:00+00:00
[2025-12-08T08:15:00.465+0000] {processor.py:208} INFO - Processing /home/airflow/.local/lib/python3.12/site-packages/airflow/example_dags/example_setup_teardown_taskflow.py took 0.098 seconds
[2025-12-08T08:15:31.280+0000] {processor.py:186} INFO - Started process (PID=6145) to work on /home/airflow/.local/lib/python3.12/site-packages/airflow/example_dags/example_setup_teardown_taskflow.py
[2025-12-08T08:15:31.281+0000] {processor.py:914} INFO - Processing file /home/airflow/.local/lib/python3.12/site-packages/airflow/example_dags/example_setup_teardown_taskflow.py for tasks to queue
[2025-12-08T08:15:31.284+0000] {logging_mixin.py:190} INFO - [2025-12-08T08:15:31.284+0000] {dagbag.py:587} INFO - Filling up the DagBag from /home/airflow/.local/lib/python3.12/site-packages/airflow/example_dags/example_setup_teardown_taskflow.py
[2025-12-08T08:15:31.295+0000] {processor.py:925} INFO - DAG(s) 'example_setup_teardown_taskflow' retrieved from /home/airflow/.local/lib/python3.12/site-packages/airflow/example_dags/example_setup_teardown_taskflow.py
[2025-12-08T08:15:31.319+0000] {logging_mixin.py:190} INFO - [2025-12-08T08:15:31.319+0000] {dag.py:3211} INFO - Sync 1 DAGs
[2025-12-08T08:15:31.342+0000] {logging_mixin.py:190} INFO - [2025-12-08T08:15:31.342+0000] {dag.py:4138} INFO - Setting next_dagrun for example_setup_teardown_taskflow to 2025-12-07 00:00:00+00:00, run_after=2025-12-08 00:00:00+00:00
[2025-12-08T08:15:31.366+0000] {processor.py:208} INFO - Processing /home/airflow/.local/lib/python3.12/site-packages/airflow/example_dags/example_setup_teardown_taskflow.py took 0.092 seconds
[2025-12-08T08:16:01.738+0000] {processor.py:186} INFO - Started process (PID=6208) to work on /home/airflow/.local/lib/python3.12/site-packages/airflow/example_dags/example_setup_teardown_taskflow.py
[2025-12-08T08:16:01.740+0000] {processor.py:914} INFO - Processing file /home/airflow/.local/lib/python3.12/site-packages/airflow/example_dags/example_setup_teardown_taskflow.py for tasks to queue
[2025-12-08T08:16:01.744+0000] {logging_mixin.py:190} INFO - [2025-12-08T08:16:01.743+0000] {dagbag.py:587} INFO - Filling up the DagBag from /home/airflow/.local/lib/python3.12/site-packages/airflow/example_dags/example_setup_teardown_taskflow.py
[2025-12-08T08:16:01.757+0000] {processor.py:925} INFO - DAG(s) 'example_setup_teardown_taskflow' retrieved from /home/airflow/.local/lib/python3.12/site-packages/airflow/example_dags/example_setup_teardown_taskflow.py
[2025-12-08T08:16:01.782+0000] {logging_mixin.py:190} INFO - [2025-12-08T08:16:01.781+0000] {dag.py:3211} INFO - Sync 1 DAGs
[2025-12-08T08:16:01.807+0000] {logging_mixin.py:190} INFO - [2025-12-08T08:16:01.807+0000] {dag.py:4138} INFO - Setting next_dagrun for example_setup_teardown_taskflow to 2025-12-07 00:00:00+00:00, run_after=2025-12-08 00:00:00+00:00
[2025-12-08T08:16:01.830+0000] {processor.py:208} INFO - Processing /home/airflow/.local/lib/python3.12/site-packages/airflow/example_dags/example_setup_teardown_taskflow.py took 0.098 seconds
[2025-12-08T08:16:32.086+0000] {processor.py:186} INFO - Started process (PID=6271) to work on /home/airflow/.local/lib/python3.12/site-packages/airflow/example_dags/example_setup_teardown_taskflow.py
[2025-12-08T08:16:32.087+0000] {processor.py:914} INFO - Processing file /home/airflow/.local/lib/python3.12/site-packages/airflow/example_dags/example_setup_teardown_taskflow.py for tasks to queue
[2025-12-08T08:16:32.091+0000] {logging_mixin.py:190} INFO - [2025-12-08T08:16:32.090+0000] {dagbag.py:587} INFO - Filling up the DagBag from /home/airflow/.local/lib/python3.12/site-packages/airflow/example_dags/example_setup_teardown_taskflow.py
[2025-12-08T08:16:32.102+0000] {processor.py:925} INFO - DAG(s) 'example_setup_teardown_taskflow' retrieved from /home/airflow/.local/lib/python3.12/site-packages/airflow/example_dags/example_setup_teardown_taskflow.py
[2025-12-08T08:16:32.125+0000] {logging_mixin.py:190} INFO - [2025-12-08T08:16:32.124+0000] {dag.py:3211} INFO - Sync 1 DAGs
[2025-12-08T08:16:32.149+0000] {logging_mixin.py:190} INFO - [2025-12-08T08:16:32.148+0000] {dag.py:4138} INFO - Setting next_dagrun for example_setup_teardown_taskflow to 2025-12-07 00:00:00+00:00, run_after=2025-12-08 00:00:00+00:00
[2025-12-08T08:16:32.172+0000] {processor.py:208} INFO - Processing /home/airflow/.local/lib/python3.12/site-packages/airflow/example_dags/example_setup_teardown_taskflow.py took 0.092 seconds
[2025-12-08T08:17:02.553+0000] {processor.py:186} INFO - Started process (PID=6334) to work on /home/airflow/.local/lib/python3.12/site-packages/airflow/example_dags/example_setup_teardown_taskflow.py
[2025-12-08T08:17:02.554+0000] {processor.py:914} INFO - Processing file /home/airflow/.local/lib/python3.12/site-packages/airflow/example_dags/example_setup_teardown_taskflow.py for tasks to queue
[2025-12-08T08:17:02.557+0000] {logging_mixin.py:190} INFO - [2025-12-08T08:17:02.557+0000] {dagbag.py:587} INFO - Filling up the DagBag from /home/airflow/.local/lib/python3.12/site-packages/airflow/example_dags/example_setup_teardown_taskflow.py
[2025-12-08T08:17:02.568+0000] {processor.py:925} INFO - DAG(s) 'example_setup_teardown_taskflow' retrieved from /home/airflow/.local/lib/python3.12/site-packages/airflow/example_dags/example_setup_teardown_taskflow.py
[2025-12-08T08:17:02.592+0000] {logging_mixin.py:190} INFO - [2025-12-08T08:17:02.591+0000] {dag.py:3211} INFO - Sync 1 DAGs
[2025-12-08T08:17:02.616+0000] {logging_mixin.py:190} INFO - [2025-12-08T08:17:02.616+0000] {dag.py:4138} INFO - Setting next_dagrun for example_setup_teardown_taskflow to 2025-12-07 00:00:00+00:00, run_after=2025-12-08 00:00:00+00:00
[2025-12-08T08:17:02.639+0000] {processor.py:208} INFO - Processing /home/airflow/.local/lib/python3.12/site-packages/airflow/example_dags/example_setup_teardown_taskflow.py took 0.092 seconds
[2025-12-08T08:17:33.176+0000] {processor.py:186} INFO - Started process (PID=6397) to work on /home/airflow/.local/lib/python3.12/site-packages/airflow/example_dags/example_setup_teardown_taskflow.py
[2025-12-08T08:17:33.178+0000] {processor.py:914} INFO - Processing file /home/airflow/.local/lib/python3.12/site-packages/airflow/example_dags/example_setup_teardown_taskflow.py for tasks to queue
[2025-12-08T08:17:33.183+0000] {logging_mixin.py:190} INFO - [2025-12-08T08:17:33.182+0000] {dagbag.py:587} INFO - Filling up the DagBag from /home/airflow/.local/lib/python3.12/site-packages/airflow/example_dags/example_setup_teardown_taskflow.py
[2025-12-08T08:17:33.198+0000] {processor.py:925} INFO - DAG(s) 'example_setup_teardown_taskflow' retrieved from /home/airflow/.local/lib/python3.12/site-packages/airflow/example_dags/example_setup_teardown_taskflow.py
[2025-12-08T08:17:33.221+0000] {logging_mixin.py:190} INFO - [2025-12-08T08:17:33.220+0000] {dag.py:3211} INFO - Sync 1 DAGs
[2025-12-08T08:17:33.246+0000] {logging_mixin.py:190} INFO - [2025-12-08T08:17:33.246+0000] {dag.py:4138} INFO - Setting next_dagrun for example_setup_teardown_taskflow to 2025-12-07 00:00:00+00:00, run_after=2025-12-08 00:00:00+00:00
[2025-12-08T08:17:33.268+0000] {processor.py:208} INFO - Processing /home/airflow/.local/lib/python3.12/site-packages/airflow/example_dags/example_setup_teardown_taskflow.py took 0.106 seconds
[2025-12-08T08:18:03.491+0000] {processor.py:186} INFO - Started process (PID=6460) to work on /home/airflow/.local/lib/python3.12/site-packages/airflow/example_dags/example_setup_teardown_taskflow.py
[2025-12-08T08:18:03.493+0000] {processor.py:914} INFO - Processing file /home/airflow/.local/lib/python3.12/site-packages/airflow/example_dags/example_setup_teardown_taskflow.py for tasks to queue
[2025-12-08T08:18:03.496+0000] {logging_mixin.py:190} INFO - [2025-12-08T08:18:03.496+0000] {dagbag.py:587} INFO - Filling up the DagBag from /home/airflow/.local/lib/python3.12/site-packages/airflow/example_dags/example_setup_teardown_taskflow.py
[2025-12-08T08:18:03.512+0000] {processor.py:925} INFO - DAG(s) 'example_setup_teardown_taskflow' retrieved from /home/airflow/.local/lib/python3.12/site-packages/airflow/example_dags/example_setup_teardown_taskflow.py
[2025-12-08T08:18:03.538+0000] {logging_mixin.py:190} INFO - [2025-12-08T08:18:03.538+0000] {dag.py:3211} INFO - Sync 1 DAGs
[2025-12-08T08:18:03.564+0000] {logging_mixin.py:190} INFO - [2025-12-08T08:18:03.564+0000] {dag.py:4138} INFO - Setting next_dagrun for example_setup_teardown_taskflow to 2025-12-07 00:00:00+00:00, run_after=2025-12-08 00:00:00+00:00
[2025-12-08T08:18:03.589+0000] {processor.py:208} INFO - Processing /home/airflow/.local/lib/python3.12/site-packages/airflow/example_dags/example_setup_teardown_taskflow.py took 0.107 seconds
[2025-12-08T08:18:34.231+0000] {processor.py:186} INFO - Started process (PID=6523) to work on /home/airflow/.local/lib/python3.12/site-packages/airflow/example_dags/example_setup_teardown_taskflow.py
[2025-12-08T08:18:34.233+0000] {processor.py:914} INFO - Processing file /home/airflow/.local/lib/python3.12/site-packages/airflow/example_dags/example_setup_teardown_taskflow.py for tasks to queue
[2025-12-08T08:18:34.236+0000] {logging_mixin.py:190} INFO - [2025-12-08T08:18:34.236+0000] {dagbag.py:587} INFO - Filling up the DagBag from /home/airflow/.local/lib/python3.12/site-packages/airflow/example_dags/example_setup_teardown_taskflow.py
[2025-12-08T08:18:34.249+0000] {processor.py:925} INFO - DAG(s) 'example_setup_teardown_taskflow' retrieved from /home/airflow/.local/lib/python3.12/site-packages/airflow/example_dags/example_setup_teardown_taskflow.py
[2025-12-08T08:18:34.276+0000] {logging_mixin.py:190} INFO - [2025-12-08T08:18:34.275+0000] {dag.py:3211} INFO - Sync 1 DAGs
[2025-12-08T08:18:34.301+0000] {logging_mixin.py:190} INFO - [2025-12-08T08:18:34.300+0000] {dag.py:4138} INFO - Setting next_dagrun for example_setup_teardown_taskflow to 2025-12-07 00:00:00+00:00, run_after=2025-12-08 00:00:00+00:00
[2025-12-08T08:18:34.325+0000] {processor.py:208} INFO - Processing /home/airflow/.local/lib/python3.12/site-packages/airflow/example_dags/example_setup_teardown_taskflow.py took 0.100 seconds
[2025-12-08T08:19:04.552+0000] {processor.py:186} INFO - Started process (PID=6586) to work on /home/airflow/.local/lib/python3.12/site-packages/airflow/example_dags/example_setup_teardown_taskflow.py
[2025-12-08T08:19:04.556+0000] {processor.py:914} INFO - Processing file /home/airflow/.local/lib/python3.12/site-packages/airflow/example_dags/example_setup_teardown_taskflow.py for tasks to queue
[2025-12-08T08:19:04.564+0000] {logging_mixin.py:190} INFO - [2025-12-08T08:19:04.563+0000] {dagbag.py:587} INFO - Filling up the DagBag from /home/airflow/.local/lib/python3.12/site-packages/airflow/example_dags/example_setup_teardown_taskflow.py
[2025-12-08T08:19:04.596+0000] {processor.py:925} INFO - DAG(s) 'example_setup_teardown_taskflow' retrieved from /home/airflow/.local/lib/python3.12/site-packages/airflow/example_dags/example_setup_teardown_taskflow.py
[2025-12-08T08:19:04.649+0000] {logging_mixin.py:190} INFO - [2025-12-08T08:19:04.648+0000] {dag.py:3211} INFO - Sync 1 DAGs
[2025-12-08T08:19:04.690+0000] {logging_mixin.py:190} INFO - [2025-12-08T08:19:04.690+0000] {dag.py:4138} INFO - Setting next_dagrun for example_setup_teardown_taskflow to 2025-12-07 00:00:00+00:00, run_after=2025-12-08 00:00:00+00:00
[2025-12-08T08:19:04.744+0000] {processor.py:208} INFO - Processing /home/airflow/.local/lib/python3.12/site-packages/airflow/example_dags/example_setup_teardown_taskflow.py took 0.213 seconds
[2025-12-08T08:19:34.906+0000] {processor.py:186} INFO - Started process (PID=6648) to work on /home/airflow/.local/lib/python3.12/site-packages/airflow/example_dags/example_setup_teardown_taskflow.py
[2025-12-08T08:19:34.909+0000] {processor.py:914} INFO - Processing file /home/airflow/.local/lib/python3.12/site-packages/airflow/example_dags/example_setup_teardown_taskflow.py for tasks to queue
[2025-12-08T08:19:34.915+0000] {logging_mixin.py:190} INFO - [2025-12-08T08:19:34.914+0000] {dagbag.py:587} INFO - Filling up the DagBag from /home/airflow/.local/lib/python3.12/site-packages/airflow/example_dags/example_setup_teardown_taskflow.py
[2025-12-08T08:19:34.945+0000] {processor.py:925} INFO - DAG(s) 'example_setup_teardown_taskflow' retrieved from /home/airflow/.local/lib/python3.12/site-packages/airflow/example_dags/example_setup_teardown_taskflow.py
[2025-12-08T08:19:35.005+0000] {logging_mixin.py:190} INFO - [2025-12-08T08:19:35.004+0000] {dag.py:3211} INFO - Sync 1 DAGs
[2025-12-08T08:19:35.064+0000] {logging_mixin.py:190} INFO - [2025-12-08T08:19:35.063+0000] {dag.py:4138} INFO - Setting next_dagrun for example_setup_teardown_taskflow to 2025-12-07 00:00:00+00:00, run_after=2025-12-08 00:00:00+00:00
[2025-12-08T08:19:35.111+0000] {processor.py:208} INFO - Processing /home/airflow/.local/lib/python3.12/site-packages/airflow/example_dags/example_setup_teardown_taskflow.py took 0.221 seconds
[2025-12-08T08:20:05.467+0000] {processor.py:186} INFO - Started process (PID=6711) to work on /home/airflow/.local/lib/python3.12/site-packages/airflow/example_dags/example_setup_teardown_taskflow.py
[2025-12-08T08:20:05.469+0000] {processor.py:914} INFO - Processing file /home/airflow/.local/lib/python3.12/site-packages/airflow/example_dags/example_setup_teardown_taskflow.py for tasks to queue
[2025-12-08T08:20:05.477+0000] {logging_mixin.py:190} INFO - [2025-12-08T08:20:05.476+0000] {dagbag.py:587} INFO - Filling up the DagBag from /home/airflow/.local/lib/python3.12/site-packages/airflow/example_dags/example_setup_teardown_taskflow.py
[2025-12-08T08:20:05.497+0000] {processor.py:925} INFO - DAG(s) 'example_setup_teardown_taskflow' retrieved from /home/airflow/.local/lib/python3.12/site-packages/airflow/example_dags/example_setup_teardown_taskflow.py
[2025-12-08T08:20:05.535+0000] {logging_mixin.py:190} INFO - [2025-12-08T08:20:05.535+0000] {dag.py:3211} INFO - Sync 1 DAGs
[2025-12-08T08:20:05.577+0000] {logging_mixin.py:190} INFO - [2025-12-08T08:20:05.577+0000] {dag.py:4138} INFO - Setting next_dagrun for example_setup_teardown_taskflow to 2025-12-07 00:00:00+00:00, run_after=2025-12-08 00:00:00+00:00
[2025-12-08T08:20:05.619+0000] {processor.py:208} INFO - Processing /home/airflow/.local/lib/python3.12/site-packages/airflow/example_dags/example_setup_teardown_taskflow.py took 0.163 seconds
[2025-12-08T08:20:36.685+0000] {processor.py:186} INFO - Started process (PID=6774) to work on /home/airflow/.local/lib/python3.12/site-packages/airflow/example_dags/example_setup_teardown_taskflow.py
[2025-12-08T08:20:36.687+0000] {processor.py:914} INFO - Processing file /home/airflow/.local/lib/python3.12/site-packages/airflow/example_dags/example_setup_teardown_taskflow.py for tasks to queue
[2025-12-08T08:20:36.690+0000] {logging_mixin.py:190} INFO - [2025-12-08T08:20:36.690+0000] {dagbag.py:587} INFO - Filling up the DagBag from /home/airflow/.local/lib/python3.12/site-packages/airflow/example_dags/example_setup_teardown_taskflow.py
[2025-12-08T08:20:36.724+0000] {processor.py:925} INFO - DAG(s) 'example_setup_teardown_taskflow' retrieved from /home/airflow/.local/lib/python3.12/site-packages/airflow/example_dags/example_setup_teardown_taskflow.py
[2025-12-08T08:20:36.788+0000] {logging_mixin.py:190} INFO - [2025-12-08T08:20:36.788+0000] {dag.py:3211} INFO - Sync 1 DAGs
[2025-12-08T08:20:36.838+0000] {logging_mixin.py:190} INFO - [2025-12-08T08:20:36.838+0000] {dag.py:4138} INFO - Setting next_dagrun for example_setup_teardown_taskflow to 2025-12-07 00:00:00+00:00, run_after=2025-12-08 00:00:00+00:00
[2025-12-08T08:20:36.875+0000] {processor.py:208} INFO - Processing /home/airflow/.local/lib/python3.12/site-packages/airflow/example_dags/example_setup_teardown_taskflow.py took 0.204 seconds
[2025-12-08T08:21:07.460+0000] {processor.py:186} INFO - Started process (PID=6839) to work on /home/airflow/.local/lib/python3.12/site-packages/airflow/example_dags/example_setup_teardown_taskflow.py
[2025-12-08T08:21:07.463+0000] {processor.py:914} INFO - Processing file /home/airflow/.local/lib/python3.12/site-packages/airflow/example_dags/example_setup_teardown_taskflow.py for tasks to queue
[2025-12-08T08:21:07.468+0000] {logging_mixin.py:190} INFO - [2025-12-08T08:21:07.467+0000] {dagbag.py:587} INFO - Filling up the DagBag from /home/airflow/.local/lib/python3.12/site-packages/airflow/example_dags/example_setup_teardown_taskflow.py
[2025-12-08T08:21:07.487+0000] {processor.py:925} INFO - DAG(s) 'example_setup_teardown_taskflow' retrieved from /home/airflow/.local/lib/python3.12/site-packages/airflow/example_dags/example_setup_teardown_taskflow.py
[2025-12-08T08:21:07.525+0000] {logging_mixin.py:190} INFO - [2025-12-08T08:21:07.524+0000] {dag.py:3211} INFO - Sync 1 DAGs
[2025-12-08T08:21:07.562+0000] {logging_mixin.py:190} INFO - [2025-12-08T08:21:07.561+0000] {dag.py:4138} INFO - Setting next_dagrun for example_setup_teardown_taskflow to 2025-12-07 00:00:00+00:00, run_after=2025-12-08 00:00:00+00:00
[2025-12-08T08:21:07.598+0000] {processor.py:208} INFO - Processing /home/airflow/.local/lib/python3.12/site-packages/airflow/example_dags/example_setup_teardown_taskflow.py took 0.149 seconds
[2025-12-08T08:21:38.681+0000] {processor.py:186} INFO - Started process (PID=6902) to work on /home/airflow/.local/lib/python3.12/site-packages/airflow/example_dags/example_setup_teardown_taskflow.py
[2025-12-08T08:21:38.684+0000] {processor.py:914} INFO - Processing file /home/airflow/.local/lib/python3.12/site-packages/airflow/example_dags/example_setup_teardown_taskflow.py for tasks to queue
[2025-12-08T08:21:38.691+0000] {logging_mixin.py:190} INFO - [2025-12-08T08:21:38.690+0000] {dagbag.py:587} INFO - Filling up the DagBag from /home/airflow/.local/lib/python3.12/site-packages/airflow/example_dags/example_setup_teardown_taskflow.py
[2025-12-08T08:21:38.712+0000] {processor.py:925} INFO - DAG(s) 'example_setup_teardown_taskflow' retrieved from /home/airflow/.local/lib/python3.12/site-packages/airflow/example_dags/example_setup_teardown_taskflow.py
[2025-12-08T08:21:38.751+0000] {logging_mixin.py:190} INFO - [2025-12-08T08:21:38.751+0000] {dag.py:3211} INFO - Sync 1 DAGs
[2025-12-08T08:21:38.797+0000] {logging_mixin.py:190} INFO - [2025-12-08T08:21:38.797+0000] {dag.py:4138} INFO - Setting next_dagrun for example_setup_teardown_taskflow to 2025-12-07 00:00:00+00:00, run_after=2025-12-08 00:00:00+00:00
[2025-12-08T08:21:38.835+0000] {processor.py:208} INFO - Processing /home/airflow/.local/lib/python3.12/site-packages/airflow/example_dags/example_setup_teardown_taskflow.py took 0.167 seconds
[2025-12-08T08:22:08.937+0000] {processor.py:186} INFO - Started process (PID=6966) to work on /home/airflow/.local/lib/python3.12/site-packages/airflow/example_dags/example_setup_teardown_taskflow.py
[2025-12-08T08:22:08.938+0000] {processor.py:914} INFO - Processing file /home/airflow/.local/lib/python3.12/site-packages/airflow/example_dags/example_setup_teardown_taskflow.py for tasks to queue
[2025-12-08T08:22:08.943+0000] {logging_mixin.py:190} INFO - [2025-12-08T08:22:08.942+0000] {dagbag.py:587} INFO - Filling up the DagBag from /home/airflow/.local/lib/python3.12/site-packages/airflow/example_dags/example_setup_teardown_taskflow.py
[2025-12-08T08:22:08.957+0000] {processor.py:925} INFO - DAG(s) 'example_setup_teardown_taskflow' retrieved from /home/airflow/.local/lib/python3.12/site-packages/airflow/example_dags/example_setup_teardown_taskflow.py
[2025-12-08T08:22:08.985+0000] {logging_mixin.py:190} INFO - [2025-12-08T08:22:08.985+0000] {dag.py:3211} INFO - Sync 1 DAGs
[2025-12-08T08:22:09.023+0000] {logging_mixin.py:190} INFO - [2025-12-08T08:22:09.022+0000] {dag.py:4138} INFO - Setting next_dagrun for example_setup_teardown_taskflow to 2025-12-07 00:00:00+00:00, run_after=2025-12-08 00:00:00+00:00
[2025-12-08T08:22:09.045+0000] {processor.py:208} INFO - Processing /home/airflow/.local/lib/python3.12/site-packages/airflow/example_dags/example_setup_teardown_taskflow.py took 0.115 seconds
[2025-12-08T08:22:39.626+0000] {processor.py:186} INFO - Started process (PID=7029) to work on /home/airflow/.local/lib/python3.12/site-packages/airflow/example_dags/example_setup_teardown_taskflow.py
[2025-12-08T08:22:39.628+0000] {processor.py:914} INFO - Processing file /home/airflow/.local/lib/python3.12/site-packages/airflow/example_dags/example_setup_teardown_taskflow.py for tasks to queue
[2025-12-08T08:22:39.631+0000] {logging_mixin.py:190} INFO - [2025-12-08T08:22:39.631+0000] {dagbag.py:587} INFO - Filling up the DagBag from /home/airflow/.local/lib/python3.12/site-packages/airflow/example_dags/example_setup_teardown_taskflow.py
[2025-12-08T08:22:39.643+0000] {processor.py:925} INFO - DAG(s) 'example_setup_teardown_taskflow' retrieved from /home/airflow/.local/lib/python3.12/site-packages/airflow/example_dags/example_setup_teardown_taskflow.py
[2025-12-08T08:22:39.669+0000] {logging_mixin.py:190} INFO - [2025-12-08T08:22:39.669+0000] {dag.py:3211} INFO - Sync 1 DAGs
[2025-12-08T08:22:39.693+0000] {logging_mixin.py:190} INFO - [2025-12-08T08:22:39.692+0000] {dag.py:4138} INFO - Setting next_dagrun for example_setup_teardown_taskflow to 2025-12-07 00:00:00+00:00, run_after=2025-12-08 00:00:00+00:00
[2025-12-08T08:22:39.715+0000] {processor.py:208} INFO - Processing /home/airflow/.local/lib/python3.12/site-packages/airflow/example_dags/example_setup_teardown_taskflow.py took 0.096 seconds
[2025-12-08T08:23:09.831+0000] {processor.py:186} INFO - Started process (PID=7092) to work on /home/airflow/.local/lib/python3.12/site-packages/airflow/example_dags/example_setup_teardown_taskflow.py
[2025-12-08T08:23:09.833+0000] {processor.py:914} INFO - Processing file /home/airflow/.local/lib/python3.12/site-packages/airflow/example_dags/example_setup_teardown_taskflow.py for tasks to queue
[2025-12-08T08:23:09.836+0000] {logging_mixin.py:190} INFO - [2025-12-08T08:23:09.835+0000] {dagbag.py:587} INFO - Filling up the DagBag from /home/airflow/.local/lib/python3.12/site-packages/airflow/example_dags/example_setup_teardown_taskflow.py
[2025-12-08T08:23:09.850+0000] {processor.py:925} INFO - DAG(s) 'example_setup_teardown_taskflow' retrieved from /home/airflow/.local/lib/python3.12/site-packages/airflow/example_dags/example_setup_teardown_taskflow.py
[2025-12-08T08:23:09.878+0000] {logging_mixin.py:190} INFO - [2025-12-08T08:23:09.878+0000] {dag.py:3211} INFO - Sync 1 DAGs
[2025-12-08T08:23:09.904+0000] {logging_mixin.py:190} INFO - [2025-12-08T08:23:09.903+0000] {dag.py:4138} INFO - Setting next_dagrun for example_setup_teardown_taskflow to 2025-12-07 00:00:00+00:00, run_after=2025-12-08 00:00:00+00:00
[2025-12-08T08:23:09.928+0000] {processor.py:208} INFO - Processing /home/airflow/.local/lib/python3.12/site-packages/airflow/example_dags/example_setup_teardown_taskflow.py took 0.104 seconds
[2025-12-08T08:23:40.259+0000] {processor.py:186} INFO - Started process (PID=7155) to work on /home/airflow/.local/lib/python3.12/site-packages/airflow/example_dags/example_setup_teardown_taskflow.py
[2025-12-08T08:23:40.261+0000] {processor.py:914} INFO - Processing file /home/airflow/.local/lib/python3.12/site-packages/airflow/example_dags/example_setup_teardown_taskflow.py for tasks to queue
[2025-12-08T08:23:40.264+0000] {logging_mixin.py:190} INFO - [2025-12-08T08:23:40.264+0000] {dagbag.py:587} INFO - Filling up the DagBag from /home/airflow/.local/lib/python3.12/site-packages/airflow/example_dags/example_setup_teardown_taskflow.py
[2025-12-08T08:23:40.275+0000] {processor.py:925} INFO - DAG(s) 'example_setup_teardown_taskflow' retrieved from /home/airflow/.local/lib/python3.12/site-packages/airflow/example_dags/example_setup_teardown_taskflow.py
[2025-12-08T08:23:40.300+0000] {logging_mixin.py:190} INFO - [2025-12-08T08:23:40.300+0000] {dag.py:3211} INFO - Sync 1 DAGs
[2025-12-08T08:23:40.325+0000] {logging_mixin.py:190} INFO - [2025-12-08T08:23:40.325+0000] {dag.py:4138} INFO - Setting next_dagrun for example_setup_teardown_taskflow to 2025-12-07 00:00:00+00:00, run_after=2025-12-08 00:00:00+00:00
[2025-12-08T08:23:40.350+0000] {processor.py:208} INFO - Processing /home/airflow/.local/lib/python3.12/site-packages/airflow/example_dags/example_setup_teardown_taskflow.py took 0.097 seconds
[2025-12-08T08:24:11.027+0000] {processor.py:186} INFO - Started process (PID=7218) to work on /home/airflow/.local/lib/python3.12/site-packages/airflow/example_dags/example_setup_teardown_taskflow.py
[2025-12-08T08:24:11.031+0000] {processor.py:914} INFO - Processing file /home/airflow/.local/lib/python3.12/site-packages/airflow/example_dags/example_setup_teardown_taskflow.py for tasks to queue
[2025-12-08T08:24:11.038+0000] {logging_mixin.py:190} INFO - [2025-12-08T08:24:11.037+0000] {dagbag.py:587} INFO - Filling up the DagBag from /home/airflow/.local/lib/python3.12/site-packages/airflow/example_dags/example_setup_teardown_taskflow.py
[2025-12-08T08:24:11.057+0000] {processor.py:925} INFO - DAG(s) 'example_setup_teardown_taskflow' retrieved from /home/airflow/.local/lib/python3.12/site-packages/airflow/example_dags/example_setup_teardown_taskflow.py
[2025-12-08T08:24:11.091+0000] {logging_mixin.py:190} INFO - [2025-12-08T08:24:11.091+0000] {dag.py:3211} INFO - Sync 1 DAGs
[2025-12-08T08:24:11.117+0000] {logging_mixin.py:190} INFO - [2025-12-08T08:24:11.116+0000] {dag.py:4138} INFO - Setting next_dagrun for example_setup_teardown_taskflow to 2025-12-07 00:00:00+00:00, run_after=2025-12-08 00:00:00+00:00
[2025-12-08T08:24:11.139+0000] {processor.py:208} INFO - Processing /home/airflow/.local/lib/python3.12/site-packages/airflow/example_dags/example_setup_teardown_taskflow.py took 0.127 seconds
[2025-12-08T08:24:42.437+0000] {processor.py:186} INFO - Started process (PID=7287) to work on /home/airflow/.local/lib/python3.12/site-packages/airflow/example_dags/example_setup_teardown_taskflow.py
[2025-12-08T08:24:42.438+0000] {processor.py:914} INFO - Processing file /home/airflow/.local/lib/python3.12/site-packages/airflow/example_dags/example_setup_teardown_taskflow.py for tasks to queue
[2025-12-08T08:24:42.442+0000] {logging_mixin.py:190} INFO - [2025-12-08T08:24:42.441+0000] {dagbag.py:587} INFO - Filling up the DagBag from /home/airflow/.local/lib/python3.12/site-packages/airflow/example_dags/example_setup_teardown_taskflow.py
[2025-12-08T08:24:42.453+0000] {processor.py:925} INFO - DAG(s) 'example_setup_teardown_taskflow' retrieved from /home/airflow/.local/lib/python3.12/site-packages/airflow/example_dags/example_setup_teardown_taskflow.py
[2025-12-08T08:24:42.474+0000] {logging_mixin.py:190} INFO - [2025-12-08T08:24:42.474+0000] {dag.py:3211} INFO - Sync 1 DAGs
[2025-12-08T08:24:42.499+0000] {logging_mixin.py:190} INFO - [2025-12-08T08:24:42.499+0000] {dag.py:4138} INFO - Setting next_dagrun for example_setup_teardown_taskflow to 2025-12-07 00:00:00+00:00, run_after=2025-12-08 00:00:00+00:00
[2025-12-08T08:24:42.522+0000] {processor.py:208} INFO - Processing /home/airflow/.local/lib/python3.12/site-packages/airflow/example_dags/example_setup_teardown_taskflow.py took 0.095 seconds
[2025-12-08T08:25:13.014+0000] {processor.py:186} INFO - Started process (PID=7350) to work on /home/airflow/.local/lib/python3.12/site-packages/airflow/example_dags/example_setup_teardown_taskflow.py
[2025-12-08T08:25:13.017+0000] {processor.py:914} INFO - Processing file /home/airflow/.local/lib/python3.12/site-packages/airflow/example_dags/example_setup_teardown_taskflow.py for tasks to queue
[2025-12-08T08:25:13.022+0000] {logging_mixin.py:190} INFO - [2025-12-08T08:25:13.021+0000] {dagbag.py:587} INFO - Filling up the DagBag from /home/airflow/.local/lib/python3.12/site-packages/airflow/example_dags/example_setup_teardown_taskflow.py
[2025-12-08T08:25:13.046+0000] {processor.py:925} INFO - DAG(s) 'example_setup_teardown_taskflow' retrieved from /home/airflow/.local/lib/python3.12/site-packages/airflow/example_dags/example_setup_teardown_taskflow.py
[2025-12-08T08:25:13.092+0000] {logging_mixin.py:190} INFO - [2025-12-08T08:25:13.091+0000] {dag.py:3211} INFO - Sync 1 DAGs
[2025-12-08T08:25:13.138+0000] {logging_mixin.py:190} INFO - [2025-12-08T08:25:13.138+0000] {dag.py:4138} INFO - Setting next_dagrun for example_setup_teardown_taskflow to 2025-12-07 00:00:00+00:00, run_after=2025-12-08 00:00:00+00:00
[2025-12-08T08:25:13.182+0000] {processor.py:208} INFO - Processing /home/airflow/.local/lib/python3.12/site-packages/airflow/example_dags/example_setup_teardown_taskflow.py took 0.181 seconds
[2025-12-08T08:25:43.973+0000] {processor.py:186} INFO - Started process (PID=7413) to work on /home/airflow/.local/lib/python3.12/site-packages/airflow/example_dags/example_setup_teardown_taskflow.py
[2025-12-08T08:25:43.975+0000] {processor.py:914} INFO - Processing file /home/airflow/.local/lib/python3.12/site-packages/airflow/example_dags/example_setup_teardown_taskflow.py for tasks to queue
[2025-12-08T08:25:43.984+0000] {logging_mixin.py:190} INFO - [2025-12-08T08:25:43.983+0000] {dagbag.py:587} INFO - Filling up the DagBag from /home/airflow/.local/lib/python3.12/site-packages/airflow/example_dags/example_setup_teardown_taskflow.py
[2025-12-08T08:25:44.010+0000] {processor.py:925} INFO - DAG(s) 'example_setup_teardown_taskflow' retrieved from /home/airflow/.local/lib/python3.12/site-packages/airflow/example_dags/example_setup_teardown_taskflow.py
[2025-12-08T08:25:44.066+0000] {logging_mixin.py:190} INFO - [2025-12-08T08:25:44.066+0000] {dag.py:3211} INFO - Sync 1 DAGs
[2025-12-08T08:25:44.137+0000] {logging_mixin.py:190} INFO - [2025-12-08T08:25:44.137+0000] {dag.py:4138} INFO - Setting next_dagrun for example_setup_teardown_taskflow to 2025-12-07 00:00:00+00:00, run_after=2025-12-08 00:00:00+00:00
[2025-12-08T08:25:44.185+0000] {processor.py:208} INFO - Processing /home/airflow/.local/lib/python3.12/site-packages/airflow/example_dags/example_setup_teardown_taskflow.py took 0.222 seconds
[2025-12-08T08:26:14.300+0000] {processor.py:186} INFO - Started process (PID=7476) to work on /home/airflow/.local/lib/python3.12/site-packages/airflow/example_dags/example_setup_teardown_taskflow.py
[2025-12-08T08:26:14.302+0000] {processor.py:914} INFO - Processing file /home/airflow/.local/lib/python3.12/site-packages/airflow/example_dags/example_setup_teardown_taskflow.py for tasks to queue
[2025-12-08T08:26:14.307+0000] {logging_mixin.py:190} INFO - [2025-12-08T08:26:14.307+0000] {dagbag.py:587} INFO - Filling up the DagBag from /home/airflow/.local/lib/python3.12/site-packages/airflow/example_dags/example_setup_teardown_taskflow.py
[2025-12-08T08:26:14.319+0000] {processor.py:925} INFO - DAG(s) 'example_setup_teardown_taskflow' retrieved from /home/airflow/.local/lib/python3.12/site-packages/airflow/example_dags/example_setup_teardown_taskflow.py
[2025-12-08T08:26:14.345+0000] {logging_mixin.py:190} INFO - [2025-12-08T08:26:14.344+0000] {dag.py:3211} INFO - Sync 1 DAGs
[2025-12-08T08:26:14.367+0000] {logging_mixin.py:190} INFO - [2025-12-08T08:26:14.367+0000] {dag.py:4138} INFO - Setting next_dagrun for example_setup_teardown_taskflow to 2025-12-07 00:00:00+00:00, run_after=2025-12-08 00:00:00+00:00
[2025-12-08T08:26:14.388+0000] {processor.py:208} INFO - Processing /home/airflow/.local/lib/python3.12/site-packages/airflow/example_dags/example_setup_teardown_taskflow.py took 0.097 seconds
[2025-12-08T08:26:44.752+0000] {processor.py:186} INFO - Started process (PID=7540) to work on /home/airflow/.local/lib/python3.12/site-packages/airflow/example_dags/example_setup_teardown_taskflow.py
[2025-12-08T08:26:44.753+0000] {processor.py:914} INFO - Processing file /home/airflow/.local/lib/python3.12/site-packages/airflow/example_dags/example_setup_teardown_taskflow.py for tasks to queue
[2025-12-08T08:26:44.758+0000] {logging_mixin.py:190} INFO - [2025-12-08T08:26:44.757+0000] {dagbag.py:587} INFO - Filling up the DagBag from /home/airflow/.local/lib/python3.12/site-packages/airflow/example_dags/example_setup_teardown_taskflow.py
[2025-12-08T08:26:44.771+0000] {processor.py:925} INFO - DAG(s) 'example_setup_teardown_taskflow' retrieved from /home/airflow/.local/lib/python3.12/site-packages/airflow/example_dags/example_setup_teardown_taskflow.py
[2025-12-08T08:26:44.798+0000] {logging_mixin.py:190} INFO - [2025-12-08T08:26:44.797+0000] {dag.py:3211} INFO - Sync 1 DAGs
[2025-12-08T08:26:44.833+0000] {logging_mixin.py:190} INFO - [2025-12-08T08:26:44.833+0000] {dag.py:4138} INFO - Setting next_dagrun for example_setup_teardown_taskflow to 2025-12-07 00:00:00+00:00, run_after=2025-12-08 00:00:00+00:00
[2025-12-08T08:26:44.862+0000] {processor.py:208} INFO - Processing /home/airflow/.local/lib/python3.12/site-packages/airflow/example_dags/example_setup_teardown_taskflow.py took 0.117 seconds
[2025-12-08T08:27:15.029+0000] {processor.py:186} INFO - Started process (PID=7603) to work on /home/airflow/.local/lib/python3.12/site-packages/airflow/example_dags/example_setup_teardown_taskflow.py
[2025-12-08T08:27:15.030+0000] {processor.py:914} INFO - Processing file /home/airflow/.local/lib/python3.12/site-packages/airflow/example_dags/example_setup_teardown_taskflow.py for tasks to queue
[2025-12-08T08:27:15.034+0000] {logging_mixin.py:190} INFO - [2025-12-08T08:27:15.033+0000] {dagbag.py:587} INFO - Filling up the DagBag from /home/airflow/.local/lib/python3.12/site-packages/airflow/example_dags/example_setup_teardown_taskflow.py
[2025-12-08T08:27:15.046+0000] {processor.py:925} INFO - DAG(s) 'example_setup_teardown_taskflow' retrieved from /home/airflow/.local/lib/python3.12/site-packages/airflow/example_dags/example_setup_teardown_taskflow.py
[2025-12-08T08:27:15.073+0000] {logging_mixin.py:190} INFO - [2025-12-08T08:27:15.073+0000] {dag.py:3211} INFO - Sync 1 DAGs
[2025-12-08T08:27:15.100+0000] {logging_mixin.py:190} INFO - [2025-12-08T08:27:15.100+0000] {dag.py:4138} INFO - Setting next_dagrun for example_setup_teardown_taskflow to 2025-12-07 00:00:00+00:00, run_after=2025-12-08 00:00:00+00:00
[2025-12-08T08:27:15.126+0000] {processor.py:208} INFO - Processing /home/airflow/.local/lib/python3.12/site-packages/airflow/example_dags/example_setup_teardown_taskflow.py took 0.105 seconds
[2025-12-08T08:27:45.379+0000] {processor.py:186} INFO - Started process (PID=7666) to work on /home/airflow/.local/lib/python3.12/site-packages/airflow/example_dags/example_setup_teardown_taskflow.py
[2025-12-08T08:27:45.381+0000] {processor.py:914} INFO - Processing file /home/airflow/.local/lib/python3.12/site-packages/airflow/example_dags/example_setup_teardown_taskflow.py for tasks to queue
[2025-12-08T08:27:45.384+0000] {logging_mixin.py:190} INFO - [2025-12-08T08:27:45.384+0000] {dagbag.py:587} INFO - Filling up the DagBag from /home/airflow/.local/lib/python3.12/site-packages/airflow/example_dags/example_setup_teardown_taskflow.py
[2025-12-08T08:27:45.398+0000] {processor.py:925} INFO - DAG(s) 'example_setup_teardown_taskflow' retrieved from /home/airflow/.local/lib/python3.12/site-packages/airflow/example_dags/example_setup_teardown_taskflow.py
[2025-12-08T08:27:45.427+0000] {logging_mixin.py:190} INFO - [2025-12-08T08:27:45.427+0000] {dag.py:3211} INFO - Sync 1 DAGs
[2025-12-08T08:27:45.454+0000] {logging_mixin.py:190} INFO - [2025-12-08T08:27:45.454+0000] {dag.py:4138} INFO - Setting next_dagrun for example_setup_teardown_taskflow to 2025-12-07 00:00:00+00:00, run_after=2025-12-08 00:00:00+00:00
[2025-12-08T08:27:45.478+0000] {processor.py:208} INFO - Processing /home/airflow/.local/lib/python3.12/site-packages/airflow/example_dags/example_setup_teardown_taskflow.py took 0.105 seconds
[2025-12-08T08:28:15.559+0000] {processor.py:186} INFO - Started process (PID=7729) to work on /home/airflow/.local/lib/python3.12/site-packages/airflow/example_dags/example_setup_teardown_taskflow.py
[2025-12-08T08:28:15.561+0000] {processor.py:914} INFO - Processing file /home/airflow/.local/lib/python3.12/site-packages/airflow/example_dags/example_setup_teardown_taskflow.py for tasks to queue
[2025-12-08T08:28:15.564+0000] {logging_mixin.py:190} INFO - [2025-12-08T08:28:15.564+0000] {dagbag.py:587} INFO - Filling up the DagBag from /home/airflow/.local/lib/python3.12/site-packages/airflow/example_dags/example_setup_teardown_taskflow.py
[2025-12-08T08:28:15.575+0000] {processor.py:925} INFO - DAG(s) 'example_setup_teardown_taskflow' retrieved from /home/airflow/.local/lib/python3.12/site-packages/airflow/example_dags/example_setup_teardown_taskflow.py
[2025-12-08T08:28:15.598+0000] {logging_mixin.py:190} INFO - [2025-12-08T08:28:15.598+0000] {dag.py:3211} INFO - Sync 1 DAGs
[2025-12-08T08:28:15.621+0000] {logging_mixin.py:190} INFO - [2025-12-08T08:28:15.621+0000] {dag.py:4138} INFO - Setting next_dagrun for example_setup_teardown_taskflow to 2025-12-07 00:00:00+00:00, run_after=2025-12-08 00:00:00+00:00
[2025-12-08T08:28:15.643+0000] {processor.py:208} INFO - Processing /home/airflow/.local/lib/python3.12/site-packages/airflow/example_dags/example_setup_teardown_taskflow.py took 0.091 seconds
[2025-12-08T08:28:45.802+0000] {processor.py:186} INFO - Started process (PID=7791) to work on /home/airflow/.local/lib/python3.12/site-packages/airflow/example_dags/example_setup_teardown_taskflow.py
[2025-12-08T08:28:45.805+0000] {processor.py:914} INFO - Processing file /home/airflow/.local/lib/python3.12/site-packages/airflow/example_dags/example_setup_teardown_taskflow.py for tasks to queue
[2025-12-08T08:28:45.809+0000] {logging_mixin.py:190} INFO - [2025-12-08T08:28:45.808+0000] {dagbag.py:587} INFO - Filling up the DagBag from /home/airflow/.local/lib/python3.12/site-packages/airflow/example_dags/example_setup_teardown_taskflow.py
[2025-12-08T08:28:45.821+0000] {processor.py:925} INFO - DAG(s) 'example_setup_teardown_taskflow' retrieved from /home/airflow/.local/lib/python3.12/site-packages/airflow/example_dags/example_setup_teardown_taskflow.py
[2025-12-08T08:28:45.848+0000] {logging_mixin.py:190} INFO - [2025-12-08T08:28:45.848+0000] {dag.py:3211} INFO - Sync 1 DAGs
[2025-12-08T08:28:45.874+0000] {logging_mixin.py:190} INFO - [2025-12-08T08:28:45.873+0000] {dag.py:4138} INFO - Setting next_dagrun for example_setup_teardown_taskflow to 2025-12-07 00:00:00+00:00, run_after=2025-12-08 00:00:00+00:00
[2025-12-08T08:28:45.892+0000] {processor.py:208} INFO - Processing /home/airflow/.local/lib/python3.12/site-packages/airflow/example_dags/example_setup_teardown_taskflow.py took 0.100 seconds
[2025-12-08T08:29:16.226+0000] {processor.py:186} INFO - Started process (PID=7854) to work on /home/airflow/.local/lib/python3.12/site-packages/airflow/example_dags/example_setup_teardown_taskflow.py
[2025-12-08T08:29:16.227+0000] {processor.py:914} INFO - Processing file /home/airflow/.local/lib/python3.12/site-packages/airflow/example_dags/example_setup_teardown_taskflow.py for tasks to queue
[2025-12-08T08:29:16.231+0000] {logging_mixin.py:190} INFO - [2025-12-08T08:29:16.230+0000] {dagbag.py:587} INFO - Filling up the DagBag from /home/airflow/.local/lib/python3.12/site-packages/airflow/example_dags/example_setup_teardown_taskflow.py
[2025-12-08T08:29:16.241+0000] {processor.py:925} INFO - DAG(s) 'example_setup_teardown_taskflow' retrieved from /home/airflow/.local/lib/python3.12/site-packages/airflow/example_dags/example_setup_teardown_taskflow.py
[2025-12-08T08:29:16.266+0000] {logging_mixin.py:190} INFO - [2025-12-08T08:29:16.266+0000] {dag.py:3211} INFO - Sync 1 DAGs
[2025-12-08T08:29:16.290+0000] {logging_mixin.py:190} INFO - [2025-12-08T08:29:16.290+0000] {dag.py:4138} INFO - Setting next_dagrun for example_setup_teardown_taskflow to 2025-12-07 00:00:00+00:00, run_after=2025-12-08 00:00:00+00:00
[2025-12-08T08:29:16.310+0000] {processor.py:208} INFO - Processing /home/airflow/.local/lib/python3.12/site-packages/airflow/example_dags/example_setup_teardown_taskflow.py took 0.090 seconds
[2025-12-08T08:29:46.824+0000] {processor.py:186} INFO - Started process (PID=7918) to work on /home/airflow/.local/lib/python3.12/site-packages/airflow/example_dags/example_setup_teardown_taskflow.py
[2025-12-08T08:29:46.826+0000] {processor.py:914} INFO - Processing file /home/airflow/.local/lib/python3.12/site-packages/airflow/example_dags/example_setup_teardown_taskflow.py for tasks to queue
[2025-12-08T08:29:46.830+0000] {logging_mixin.py:190} INFO - [2025-12-08T08:29:46.830+0000] {dagbag.py:587} INFO - Filling up the DagBag from /home/airflow/.local/lib/python3.12/site-packages/airflow/example_dags/example_setup_teardown_taskflow.py
[2025-12-08T08:29:46.845+0000] {processor.py:925} INFO - DAG(s) 'example_setup_teardown_taskflow' retrieved from /home/airflow/.local/lib/python3.12/site-packages/airflow/example_dags/example_setup_teardown_taskflow.py
[2025-12-08T08:29:46.887+0000] {logging_mixin.py:190} INFO - [2025-12-08T08:29:46.887+0000] {dag.py:3211} INFO - Sync 1 DAGs
[2025-12-08T08:29:46.914+0000] {logging_mixin.py:190} INFO - [2025-12-08T08:29:46.914+0000] {dag.py:4138} INFO - Setting next_dagrun for example_setup_teardown_taskflow to 2025-12-07 00:00:00+00:00, run_after=2025-12-08 00:00:00+00:00
[2025-12-08T08:29:46.938+0000] {processor.py:208} INFO - Processing /home/airflow/.local/lib/python3.12/site-packages/airflow/example_dags/example_setup_teardown_taskflow.py took 0.124 seconds
[2025-12-08T08:30:17.653+0000] {processor.py:186} INFO - Started process (PID=7980) to work on /home/airflow/.local/lib/python3.12/site-packages/airflow/example_dags/example_setup_teardown_taskflow.py
[2025-12-08T08:30:17.655+0000] {processor.py:914} INFO - Processing file /home/airflow/.local/lib/python3.12/site-packages/airflow/example_dags/example_setup_teardown_taskflow.py for tasks to queue
[2025-12-08T08:30:17.659+0000] {logging_mixin.py:190} INFO - [2025-12-08T08:30:17.659+0000] {dagbag.py:587} INFO - Filling up the DagBag from /home/airflow/.local/lib/python3.12/site-packages/airflow/example_dags/example_setup_teardown_taskflow.py
[2025-12-08T08:30:17.672+0000] {processor.py:925} INFO - DAG(s) 'example_setup_teardown_taskflow' retrieved from /home/airflow/.local/lib/python3.12/site-packages/airflow/example_dags/example_setup_teardown_taskflow.py
[2025-12-08T08:30:17.701+0000] {logging_mixin.py:190} INFO - [2025-12-08T08:30:17.700+0000] {dag.py:3211} INFO - Sync 1 DAGs
[2025-12-08T08:30:17.730+0000] {logging_mixin.py:190} INFO - [2025-12-08T08:30:17.730+0000] {dag.py:4138} INFO - Setting next_dagrun for example_setup_teardown_taskflow to 2025-12-07 00:00:00+00:00, run_after=2025-12-08 00:00:00+00:00
[2025-12-08T08:30:17.755+0000] {processor.py:208} INFO - Processing /home/airflow/.local/lib/python3.12/site-packages/airflow/example_dags/example_setup_teardown_taskflow.py took 0.109 seconds
[2025-12-08T08:30:51.121+0000] {processor.py:186} INFO - Started process (PID=8043) to work on /home/airflow/.local/lib/python3.12/site-packages/airflow/example_dags/example_setup_teardown_taskflow.py
[2025-12-08T08:30:51.123+0000] {processor.py:914} INFO - Processing file /home/airflow/.local/lib/python3.12/site-packages/airflow/example_dags/example_setup_teardown_taskflow.py for tasks to queue
[2025-12-08T08:30:51.130+0000] {logging_mixin.py:190} INFO - [2025-12-08T08:30:51.129+0000] {dagbag.py:587} INFO - Filling up the DagBag from /home/airflow/.local/lib/python3.12/site-packages/airflow/example_dags/example_setup_teardown_taskflow.py
[2025-12-08T08:30:51.151+0000] {processor.py:925} INFO - DAG(s) 'example_setup_teardown_taskflow' retrieved from /home/airflow/.local/lib/python3.12/site-packages/airflow/example_dags/example_setup_teardown_taskflow.py
[2025-12-08T08:30:51.182+0000] {logging_mixin.py:190} INFO - [2025-12-08T08:30:51.181+0000] {dag.py:3211} INFO - Sync 1 DAGs
[2025-12-08T08:30:51.211+0000] {logging_mixin.py:190} INFO - [2025-12-08T08:30:51.211+0000] {dag.py:4138} INFO - Setting next_dagrun for example_setup_teardown_taskflow to 2025-12-07 00:00:00+00:00, run_after=2025-12-08 00:00:00+00:00
[2025-12-08T08:30:51.238+0000] {processor.py:208} INFO - Processing /home/airflow/.local/lib/python3.12/site-packages/airflow/example_dags/example_setup_teardown_taskflow.py took 0.127 seconds
[2025-12-08T08:31:21.416+0000] {processor.py:186} INFO - Started process (PID=8106) to work on /home/airflow/.local/lib/python3.12/site-packages/airflow/example_dags/example_setup_teardown_taskflow.py
[2025-12-08T08:31:21.418+0000] {processor.py:914} INFO - Processing file /home/airflow/.local/lib/python3.12/site-packages/airflow/example_dags/example_setup_teardown_taskflow.py for tasks to queue
[2025-12-08T08:31:21.421+0000] {logging_mixin.py:190} INFO - [2025-12-08T08:31:21.421+0000] {dagbag.py:587} INFO - Filling up the DagBag from /home/airflow/.local/lib/python3.12/site-packages/airflow/example_dags/example_setup_teardown_taskflow.py
[2025-12-08T08:31:21.435+0000] {processor.py:925} INFO - DAG(s) 'example_setup_teardown_taskflow' retrieved from /home/airflow/.local/lib/python3.12/site-packages/airflow/example_dags/example_setup_teardown_taskflow.py
[2025-12-08T08:31:21.463+0000] {logging_mixin.py:190} INFO - [2025-12-08T08:31:21.463+0000] {dag.py:3211} INFO - Sync 1 DAGs
[2025-12-08T08:31:21.489+0000] {logging_mixin.py:190} INFO - [2025-12-08T08:31:21.489+0000] {dag.py:4138} INFO - Setting next_dagrun for example_setup_teardown_taskflow to 2025-12-07 00:00:00+00:00, run_after=2025-12-08 00:00:00+00:00
[2025-12-08T08:31:21.512+0000] {processor.py:208} INFO - Processing /home/airflow/.local/lib/python3.12/site-packages/airflow/example_dags/example_setup_teardown_taskflow.py took 0.102 seconds
[2025-12-08T08:31:52.053+0000] {processor.py:186} INFO - Started process (PID=8169) to work on /home/airflow/.local/lib/python3.12/site-packages/airflow/example_dags/example_setup_teardown_taskflow.py
[2025-12-08T08:31:52.055+0000] {processor.py:914} INFO - Processing file /home/airflow/.local/lib/python3.12/site-packages/airflow/example_dags/example_setup_teardown_taskflow.py for tasks to queue
[2025-12-08T08:31:52.058+0000] {logging_mixin.py:190} INFO - [2025-12-08T08:31:52.058+0000] {dagbag.py:587} INFO - Filling up the DagBag from /home/airflow/.local/lib/python3.12/site-packages/airflow/example_dags/example_setup_teardown_taskflow.py
[2025-12-08T08:31:52.073+0000] {processor.py:925} INFO - DAG(s) 'example_setup_teardown_taskflow' retrieved from /home/airflow/.local/lib/python3.12/site-packages/airflow/example_dags/example_setup_teardown_taskflow.py
[2025-12-08T08:31:52.100+0000] {logging_mixin.py:190} INFO - [2025-12-08T08:31:52.099+0000] {dag.py:3211} INFO - Sync 1 DAGs
[2025-12-08T08:31:52.124+0000] {logging_mixin.py:190} INFO - [2025-12-08T08:31:52.124+0000] {dag.py:4138} INFO - Setting next_dagrun for example_setup_teardown_taskflow to 2025-12-07 00:00:00+00:00, run_after=2025-12-08 00:00:00+00:00
[2025-12-08T08:31:52.146+0000] {processor.py:208} INFO - Processing /home/airflow/.local/lib/python3.12/site-packages/airflow/example_dags/example_setup_teardown_taskflow.py took 0.102 seconds
[2025-12-08T08:32:22.406+0000] {processor.py:186} INFO - Started process (PID=8232) to work on /home/airflow/.local/lib/python3.12/site-packages/airflow/example_dags/example_setup_teardown_taskflow.py
[2025-12-08T08:32:22.408+0000] {processor.py:914} INFO - Processing file /home/airflow/.local/lib/python3.12/site-packages/airflow/example_dags/example_setup_teardown_taskflow.py for tasks to queue
[2025-12-08T08:32:22.412+0000] {logging_mixin.py:190} INFO - [2025-12-08T08:32:22.411+0000] {dagbag.py:587} INFO - Filling up the DagBag from /home/airflow/.local/lib/python3.12/site-packages/airflow/example_dags/example_setup_teardown_taskflow.py
[2025-12-08T08:32:22.424+0000] {processor.py:925} INFO - DAG(s) 'example_setup_teardown_taskflow' retrieved from /home/airflow/.local/lib/python3.12/site-packages/airflow/example_dags/example_setup_teardown_taskflow.py
[2025-12-08T08:32:22.533+0000] {logging_mixin.py:190} INFO - [2025-12-08T08:32:22.533+0000] {dag.py:3211} INFO - Sync 1 DAGs
[2025-12-08T08:32:22.560+0000] {logging_mixin.py:190} INFO - [2025-12-08T08:32:22.559+0000] {dag.py:4138} INFO - Setting next_dagrun for example_setup_teardown_taskflow to 2025-12-07 00:00:00+00:00, run_after=2025-12-08 00:00:00+00:00
[2025-12-08T08:32:22.586+0000] {processor.py:208} INFO - Processing /home/airflow/.local/lib/python3.12/site-packages/airflow/example_dags/example_setup_teardown_taskflow.py took 0.106 seconds
[2025-12-08T08:32:52.804+0000] {processor.py:186} INFO - Started process (PID=8296) to work on /home/airflow/.local/lib/python3.12/site-packages/airflow/example_dags/example_setup_teardown_taskflow.py
[2025-12-08T08:32:52.806+0000] {processor.py:914} INFO - Processing file /home/airflow/.local/lib/python3.12/site-packages/airflow/example_dags/example_setup_teardown_taskflow.py for tasks to queue
[2025-12-08T08:32:52.812+0000] {logging_mixin.py:190} INFO - [2025-12-08T08:32:52.811+0000] {dagbag.py:587} INFO - Filling up the DagBag from /home/airflow/.local/lib/python3.12/site-packages/airflow/example_dags/example_setup_teardown_taskflow.py
[2025-12-08T08:32:52.825+0000] {processor.py:925} INFO - DAG(s) 'example_setup_teardown_taskflow' retrieved from /home/airflow/.local/lib/python3.12/site-packages/airflow/example_dags/example_setup_teardown_taskflow.py
[2025-12-08T08:32:52.857+0000] {logging_mixin.py:190} INFO - [2025-12-08T08:32:52.856+0000] {dag.py:3211} INFO - Sync 1 DAGs
[2025-12-08T08:32:52.887+0000] {logging_mixin.py:190} INFO - [2025-12-08T08:32:52.887+0000] {dag.py:4138} INFO - Setting next_dagrun for example_setup_teardown_taskflow to 2025-12-07 00:00:00+00:00, run_after=2025-12-08 00:00:00+00:00
[2025-12-08T08:32:52.910+0000] {processor.py:208} INFO - Processing /home/airflow/.local/lib/python3.12/site-packages/airflow/example_dags/example_setup_teardown_taskflow.py took 0.114 seconds
[2025-12-08T08:33:23.766+0000] {processor.py:186} INFO - Started process (PID=8359) to work on /home/airflow/.local/lib/python3.12/site-packages/airflow/example_dags/example_setup_teardown_taskflow.py
[2025-12-08T08:33:23.769+0000] {processor.py:914} INFO - Processing file /home/airflow/.local/lib/python3.12/site-packages/airflow/example_dags/example_setup_teardown_taskflow.py for tasks to queue
[2025-12-08T08:33:23.775+0000] {logging_mixin.py:190} INFO - [2025-12-08T08:33:23.774+0000] {dagbag.py:587} INFO - Filling up the DagBag from /home/airflow/.local/lib/python3.12/site-packages/airflow/example_dags/example_setup_teardown_taskflow.py
[2025-12-08T08:33:23.801+0000] {processor.py:925} INFO - DAG(s) 'example_setup_teardown_taskflow' retrieved from /home/airflow/.local/lib/python3.12/site-packages/airflow/example_dags/example_setup_teardown_taskflow.py
[2025-12-08T08:33:23.865+0000] {logging_mixin.py:190} INFO - [2025-12-08T08:33:23.865+0000] {dag.py:3211} INFO - Sync 1 DAGs
[2025-12-08T08:33:23.916+0000] {logging_mixin.py:190} INFO - [2025-12-08T08:33:23.915+0000] {dag.py:4138} INFO - Setting next_dagrun for example_setup_teardown_taskflow to 2025-12-07 00:00:00+00:00, run_after=2025-12-08 00:00:00+00:00
[2025-12-08T08:33:23.965+0000] {processor.py:208} INFO - Processing /home/airflow/.local/lib/python3.12/site-packages/airflow/example_dags/example_setup_teardown_taskflow.py took 0.212 seconds
[2025-12-08T08:33:54.127+0000] {processor.py:186} INFO - Started process (PID=8422) to work on /home/airflow/.local/lib/python3.12/site-packages/airflow/example_dags/example_setup_teardown_taskflow.py
[2025-12-08T08:33:54.130+0000] {processor.py:914} INFO - Processing file /home/airflow/.local/lib/python3.12/site-packages/airflow/example_dags/example_setup_teardown_taskflow.py for tasks to queue
[2025-12-08T08:33:54.134+0000] {logging_mixin.py:190} INFO - [2025-12-08T08:33:54.134+0000] {dagbag.py:587} INFO - Filling up the DagBag from /home/airflow/.local/lib/python3.12/site-packages/airflow/example_dags/example_setup_teardown_taskflow.py
[2025-12-08T08:33:54.148+0000] {processor.py:925} INFO - DAG(s) 'example_setup_teardown_taskflow' retrieved from /home/airflow/.local/lib/python3.12/site-packages/airflow/example_dags/example_setup_teardown_taskflow.py
[2025-12-08T08:33:54.175+0000] {logging_mixin.py:190} INFO - [2025-12-08T08:33:54.175+0000] {dag.py:3211} INFO - Sync 1 DAGs
[2025-12-08T08:33:54.198+0000] {logging_mixin.py:190} INFO - [2025-12-08T08:33:54.198+0000] {dag.py:4138} INFO - Setting next_dagrun for example_setup_teardown_taskflow to 2025-12-07 00:00:00+00:00, run_after=2025-12-08 00:00:00+00:00
[2025-12-08T08:33:54.219+0000] {processor.py:208} INFO - Processing /home/airflow/.local/lib/python3.12/site-packages/airflow/example_dags/example_setup_teardown_taskflow.py took 0.104 seconds
[2025-12-08T08:34:25.234+0000] {processor.py:186} INFO - Started process (PID=8485) to work on /home/airflow/.local/lib/python3.12/site-packages/airflow/example_dags/example_setup_teardown_taskflow.py
[2025-12-08T08:34:25.236+0000] {processor.py:914} INFO - Processing file /home/airflow/.local/lib/python3.12/site-packages/airflow/example_dags/example_setup_teardown_taskflow.py for tasks to queue
[2025-12-08T08:34:25.239+0000] {logging_mixin.py:190} INFO - [2025-12-08T08:34:25.239+0000] {dagbag.py:587} INFO - Filling up the DagBag from /home/airflow/.local/lib/python3.12/site-packages/airflow/example_dags/example_setup_teardown_taskflow.py
[2025-12-08T08:34:25.251+0000] {processor.py:925} INFO - DAG(s) 'example_setup_teardown_taskflow' retrieved from /home/airflow/.local/lib/python3.12/site-packages/airflow/example_dags/example_setup_teardown_taskflow.py
[2025-12-08T08:34:25.275+0000] {logging_mixin.py:190} INFO - [2025-12-08T08:34:25.274+0000] {dag.py:3211} INFO - Sync 1 DAGs
[2025-12-08T08:34:25.298+0000] {logging_mixin.py:190} INFO - [2025-12-08T08:34:25.298+0000] {dag.py:4138} INFO - Setting next_dagrun for example_setup_teardown_taskflow to 2025-12-07 00:00:00+00:00, run_after=2025-12-08 00:00:00+00:00
[2025-12-08T08:34:25.320+0000] {processor.py:208} INFO - Processing /home/airflow/.local/lib/python3.12/site-packages/airflow/example_dags/example_setup_teardown_taskflow.py took 0.094 seconds
[2025-12-08T08:34:55.947+0000] {processor.py:186} INFO - Started process (PID=8548) to work on /home/airflow/.local/lib/python3.12/site-packages/airflow/example_dags/example_setup_teardown_taskflow.py
[2025-12-08T08:34:55.948+0000] {processor.py:914} INFO - Processing file /home/airflow/.local/lib/python3.12/site-packages/airflow/example_dags/example_setup_teardown_taskflow.py for tasks to queue
[2025-12-08T08:34:55.953+0000] {logging_mixin.py:190} INFO - [2025-12-08T08:34:55.952+0000] {dagbag.py:587} INFO - Filling up the DagBag from /home/airflow/.local/lib/python3.12/site-packages/airflow/example_dags/example_setup_teardown_taskflow.py
[2025-12-08T08:34:55.965+0000] {processor.py:925} INFO - DAG(s) 'example_setup_teardown_taskflow' retrieved from /home/airflow/.local/lib/python3.12/site-packages/airflow/example_dags/example_setup_teardown_taskflow.py
[2025-12-08T08:34:55.996+0000] {logging_mixin.py:190} INFO - [2025-12-08T08:34:55.995+0000] {dag.py:3211} INFO - Sync 1 DAGs
[2025-12-08T08:34:56.024+0000] {logging_mixin.py:190} INFO - [2025-12-08T08:34:56.023+0000] {dag.py:4138} INFO - Setting next_dagrun for example_setup_teardown_taskflow to 2025-12-07 00:00:00+00:00, run_after=2025-12-08 00:00:00+00:00
[2025-12-08T08:34:56.044+0000] {processor.py:208} INFO - Processing /home/airflow/.local/lib/python3.12/site-packages/airflow/example_dags/example_setup_teardown_taskflow.py took 0.105 seconds
[2025-12-08T08:35:26.427+0000] {processor.py:186} INFO - Started process (PID=8611) to work on /home/airflow/.local/lib/python3.12/site-packages/airflow/example_dags/example_setup_teardown_taskflow.py
[2025-12-08T08:35:26.429+0000] {processor.py:914} INFO - Processing file /home/airflow/.local/lib/python3.12/site-packages/airflow/example_dags/example_setup_teardown_taskflow.py for tasks to queue
[2025-12-08T08:35:26.432+0000] {logging_mixin.py:190} INFO - [2025-12-08T08:35:26.432+0000] {dagbag.py:587} INFO - Filling up the DagBag from /home/airflow/.local/lib/python3.12/site-packages/airflow/example_dags/example_setup_teardown_taskflow.py
[2025-12-08T08:35:26.442+0000] {processor.py:925} INFO - DAG(s) 'example_setup_teardown_taskflow' retrieved from /home/airflow/.local/lib/python3.12/site-packages/airflow/example_dags/example_setup_teardown_taskflow.py
[2025-12-08T08:35:26.464+0000] {logging_mixin.py:190} INFO - [2025-12-08T08:35:26.464+0000] {dag.py:3211} INFO - Sync 1 DAGs
[2025-12-08T08:35:26.485+0000] {logging_mixin.py:190} INFO - [2025-12-08T08:35:26.484+0000] {dag.py:4138} INFO - Setting next_dagrun for example_setup_teardown_taskflow to 2025-12-07 00:00:00+00:00, run_after=2025-12-08 00:00:00+00:00
[2025-12-08T08:35:26.504+0000] {processor.py:208} INFO - Processing /home/airflow/.local/lib/python3.12/site-packages/airflow/example_dags/example_setup_teardown_taskflow.py took 0.085 seconds
[2025-12-08T08:35:56.980+0000] {processor.py:186} INFO - Started process (PID=8674) to work on /home/airflow/.local/lib/python3.12/site-packages/airflow/example_dags/example_setup_teardown_taskflow.py
[2025-12-08T08:35:56.982+0000] {processor.py:914} INFO - Processing file /home/airflow/.local/lib/python3.12/site-packages/airflow/example_dags/example_setup_teardown_taskflow.py for tasks to queue
[2025-12-08T08:35:56.984+0000] {logging_mixin.py:190} INFO - [2025-12-08T08:35:56.984+0000] {dagbag.py:587} INFO - Filling up the DagBag from /home/airflow/.local/lib/python3.12/site-packages/airflow/example_dags/example_setup_teardown_taskflow.py
[2025-12-08T08:35:56.995+0000] {processor.py:925} INFO - DAG(s) 'example_setup_teardown_taskflow' retrieved from /home/airflow/.local/lib/python3.12/site-packages/airflow/example_dags/example_setup_teardown_taskflow.py
[2025-12-08T08:35:57.017+0000] {logging_mixin.py:190} INFO - [2025-12-08T08:35:57.017+0000] {dag.py:3211} INFO - Sync 1 DAGs
[2025-12-08T08:35:57.039+0000] {logging_mixin.py:190} INFO - [2025-12-08T08:35:57.039+0000] {dag.py:4138} INFO - Setting next_dagrun for example_setup_teardown_taskflow to 2025-12-07 00:00:00+00:00, run_after=2025-12-08 00:00:00+00:00
[2025-12-08T08:35:57.060+0000] {processor.py:208} INFO - Processing /home/airflow/.local/lib/python3.12/site-packages/airflow/example_dags/example_setup_teardown_taskflow.py took 0.086 seconds
[2025-12-08T08:36:27.263+0000] {processor.py:186} INFO - Started process (PID=8737) to work on /home/airflow/.local/lib/python3.12/site-packages/airflow/example_dags/example_setup_teardown_taskflow.py
[2025-12-08T08:36:27.265+0000] {processor.py:914} INFO - Processing file /home/airflow/.local/lib/python3.12/site-packages/airflow/example_dags/example_setup_teardown_taskflow.py for tasks to queue
[2025-12-08T08:36:27.267+0000] {logging_mixin.py:190} INFO - [2025-12-08T08:36:27.267+0000] {dagbag.py:587} INFO - Filling up the DagBag from /home/airflow/.local/lib/python3.12/site-packages/airflow/example_dags/example_setup_teardown_taskflow.py
[2025-12-08T08:36:27.277+0000] {processor.py:925} INFO - DAG(s) 'example_setup_teardown_taskflow' retrieved from /home/airflow/.local/lib/python3.12/site-packages/airflow/example_dags/example_setup_teardown_taskflow.py
[2025-12-08T08:36:27.297+0000] {logging_mixin.py:190} INFO - [2025-12-08T08:36:27.297+0000] {dag.py:3211} INFO - Sync 1 DAGs
[2025-12-08T08:36:27.318+0000] {logging_mixin.py:190} INFO - [2025-12-08T08:36:27.318+0000] {dag.py:4138} INFO - Setting next_dagrun for example_setup_teardown_taskflow to 2025-12-07 00:00:00+00:00, run_after=2025-12-08 00:00:00+00:00
[2025-12-08T08:36:27.347+0000] {processor.py:208} INFO - Processing /home/airflow/.local/lib/python3.12/site-packages/airflow/example_dags/example_setup_teardown_taskflow.py took 0.090 seconds
[2025-12-08T08:36:57.541+0000] {processor.py:186} INFO - Started process (PID=8800) to work on /home/airflow/.local/lib/python3.12/site-packages/airflow/example_dags/example_setup_teardown_taskflow.py
[2025-12-08T08:36:57.543+0000] {processor.py:914} INFO - Processing file /home/airflow/.local/lib/python3.12/site-packages/airflow/example_dags/example_setup_teardown_taskflow.py for tasks to queue
[2025-12-08T08:36:57.547+0000] {logging_mixin.py:190} INFO - [2025-12-08T08:36:57.546+0000] {dagbag.py:587} INFO - Filling up the DagBag from /home/airflow/.local/lib/python3.12/site-packages/airflow/example_dags/example_setup_teardown_taskflow.py
[2025-12-08T08:36:57.556+0000] {processor.py:925} INFO - DAG(s) 'example_setup_teardown_taskflow' retrieved from /home/airflow/.local/lib/python3.12/site-packages/airflow/example_dags/example_setup_teardown_taskflow.py
[2025-12-08T08:36:57.580+0000] {logging_mixin.py:190} INFO - [2025-12-08T08:36:57.580+0000] {dag.py:3211} INFO - Sync 1 DAGs
[2025-12-08T08:36:57.599+0000] {logging_mixin.py:190} INFO - [2025-12-08T08:36:57.599+0000] {dag.py:4138} INFO - Setting next_dagrun for example_setup_teardown_taskflow to 2025-12-07 00:00:00+00:00, run_after=2025-12-08 00:00:00+00:00
[2025-12-08T08:36:57.618+0000] {processor.py:208} INFO - Processing /home/airflow/.local/lib/python3.12/site-packages/airflow/example_dags/example_setup_teardown_taskflow.py took 0.090 seconds
[2025-12-08T08:37:27.711+0000] {processor.py:186} INFO - Started process (PID=8863) to work on /home/airflow/.local/lib/python3.12/site-packages/airflow/example_dags/example_setup_teardown_taskflow.py
[2025-12-08T08:37:27.713+0000] {processor.py:914} INFO - Processing file /home/airflow/.local/lib/python3.12/site-packages/airflow/example_dags/example_setup_teardown_taskflow.py for tasks to queue
[2025-12-08T08:37:27.716+0000] {logging_mixin.py:190} INFO - [2025-12-08T08:37:27.715+0000] {dagbag.py:587} INFO - Filling up the DagBag from /home/airflow/.local/lib/python3.12/site-packages/airflow/example_dags/example_setup_teardown_taskflow.py
[2025-12-08T08:37:27.726+0000] {processor.py:925} INFO - DAG(s) 'example_setup_teardown_taskflow' retrieved from /home/airflow/.local/lib/python3.12/site-packages/airflow/example_dags/example_setup_teardown_taskflow.py
[2025-12-08T08:37:27.749+0000] {logging_mixin.py:190} INFO - [2025-12-08T08:37:27.749+0000] {dag.py:3211} INFO - Sync 1 DAGs
[2025-12-08T08:37:27.772+0000] {logging_mixin.py:190} INFO - [2025-12-08T08:37:27.771+0000] {dag.py:4138} INFO - Setting next_dagrun for example_setup_teardown_taskflow to 2025-12-07 00:00:00+00:00, run_after=2025-12-08 00:00:00+00:00
[2025-12-08T08:37:27.794+0000] {processor.py:208} INFO - Processing /home/airflow/.local/lib/python3.12/site-packages/airflow/example_dags/example_setup_teardown_taskflow.py took 0.089 seconds
[2025-12-08T08:37:58.027+0000] {processor.py:186} INFO - Started process (PID=8926) to work on /home/airflow/.local/lib/python3.12/site-packages/airflow/example_dags/example_setup_teardown_taskflow.py
[2025-12-08T08:37:58.030+0000] {processor.py:914} INFO - Processing file /home/airflow/.local/lib/python3.12/site-packages/airflow/example_dags/example_setup_teardown_taskflow.py for tasks to queue
[2025-12-08T08:37:58.033+0000] {logging_mixin.py:190} INFO - [2025-12-08T08:37:58.033+0000] {dagbag.py:587} INFO - Filling up the DagBag from /home/airflow/.local/lib/python3.12/site-packages/airflow/example_dags/example_setup_teardown_taskflow.py
[2025-12-08T08:37:58.044+0000] {processor.py:925} INFO - DAG(s) 'example_setup_teardown_taskflow' retrieved from /home/airflow/.local/lib/python3.12/site-packages/airflow/example_dags/example_setup_teardown_taskflow.py
[2025-12-08T08:37:58.071+0000] {logging_mixin.py:190} INFO - [2025-12-08T08:37:58.071+0000] {dag.py:3211} INFO - Sync 1 DAGs
[2025-12-08T08:37:58.093+0000] {logging_mixin.py:190} INFO - [2025-12-08T08:37:58.093+0000] {dag.py:4138} INFO - Setting next_dagrun for example_setup_teardown_taskflow to 2025-12-07 00:00:00+00:00, run_after=2025-12-08 00:00:00+00:00
[2025-12-08T08:37:58.117+0000] {processor.py:208} INFO - Processing /home/airflow/.local/lib/python3.12/site-packages/airflow/example_dags/example_setup_teardown_taskflow.py took 0.096 seconds
[2025-12-08T08:38:28.648+0000] {processor.py:186} INFO - Started process (PID=8989) to work on /home/airflow/.local/lib/python3.12/site-packages/airflow/example_dags/example_setup_teardown_taskflow.py
[2025-12-08T08:38:28.650+0000] {processor.py:914} INFO - Processing file /home/airflow/.local/lib/python3.12/site-packages/airflow/example_dags/example_setup_teardown_taskflow.py for tasks to queue
[2025-12-08T08:38:28.654+0000] {logging_mixin.py:190} INFO - [2025-12-08T08:38:28.653+0000] {dagbag.py:587} INFO - Filling up the DagBag from /home/airflow/.local/lib/python3.12/site-packages/airflow/example_dags/example_setup_teardown_taskflow.py
[2025-12-08T08:38:28.666+0000] {processor.py:925} INFO - DAG(s) 'example_setup_teardown_taskflow' retrieved from /home/airflow/.local/lib/python3.12/site-packages/airflow/example_dags/example_setup_teardown_taskflow.py
[2025-12-08T08:38:28.694+0000] {logging_mixin.py:190} INFO - [2025-12-08T08:38:28.693+0000] {dag.py:3211} INFO - Sync 1 DAGs
[2025-12-08T08:38:28.720+0000] {logging_mixin.py:190} INFO - [2025-12-08T08:38:28.719+0000] {dag.py:4138} INFO - Setting next_dagrun for example_setup_teardown_taskflow to 2025-12-07 00:00:00+00:00, run_after=2025-12-08 00:00:00+00:00
[2025-12-08T08:38:28.748+0000] {processor.py:208} INFO - Processing /home/airflow/.local/lib/python3.12/site-packages/airflow/example_dags/example_setup_teardown_taskflow.py took 0.106 seconds
[2025-12-08T08:38:59.994+0000] {processor.py:186} INFO - Started process (PID=9052) to work on /home/airflow/.local/lib/python3.12/site-packages/airflow/example_dags/example_setup_teardown_taskflow.py
[2025-12-08T08:38:59.996+0000] {processor.py:914} INFO - Processing file /home/airflow/.local/lib/python3.12/site-packages/airflow/example_dags/example_setup_teardown_taskflow.py for tasks to queue
[2025-12-08T08:39:00.001+0000] {logging_mixin.py:190} INFO - [2025-12-08T08:39:00.000+0000] {dagbag.py:587} INFO - Filling up the DagBag from /home/airflow/.local/lib/python3.12/site-packages/airflow/example_dags/example_setup_teardown_taskflow.py
[2025-12-08T08:39:00.014+0000] {processor.py:925} INFO - DAG(s) 'example_setup_teardown_taskflow' retrieved from /home/airflow/.local/lib/python3.12/site-packages/airflow/example_dags/example_setup_teardown_taskflow.py
[2025-12-08T08:39:00.043+0000] {logging_mixin.py:190} INFO - [2025-12-08T08:39:00.043+0000] {dag.py:3211} INFO - Sync 1 DAGs
[2025-12-08T08:39:00.072+0000] {logging_mixin.py:190} INFO - [2025-12-08T08:39:00.071+0000] {dag.py:4138} INFO - Setting next_dagrun for example_setup_teardown_taskflow to 2025-12-07 00:00:00+00:00, run_after=2025-12-08 00:00:00+00:00
[2025-12-08T08:39:00.274+0000] {processor.py:208} INFO - Processing /home/airflow/.local/lib/python3.12/site-packages/airflow/example_dags/example_setup_teardown_taskflow.py took 0.290 seconds
[2025-12-08T08:39:30.588+0000] {processor.py:186} INFO - Started process (PID=9115) to work on /home/airflow/.local/lib/python3.12/site-packages/airflow/example_dags/example_setup_teardown_taskflow.py
[2025-12-08T08:39:30.590+0000] {processor.py:914} INFO - Processing file /home/airflow/.local/lib/python3.12/site-packages/airflow/example_dags/example_setup_teardown_taskflow.py for tasks to queue
[2025-12-08T08:39:30.593+0000] {logging_mixin.py:190} INFO - [2025-12-08T08:39:30.593+0000] {dagbag.py:587} INFO - Filling up the DagBag from /home/airflow/.local/lib/python3.12/site-packages/airflow/example_dags/example_setup_teardown_taskflow.py
[2025-12-08T08:39:30.606+0000] {processor.py:925} INFO - DAG(s) 'example_setup_teardown_taskflow' retrieved from /home/airflow/.local/lib/python3.12/site-packages/airflow/example_dags/example_setup_teardown_taskflow.py
[2025-12-08T08:39:30.634+0000] {logging_mixin.py:190} INFO - [2025-12-08T08:39:30.634+0000] {dag.py:3211} INFO - Sync 1 DAGs
[2025-12-08T08:39:30.661+0000] {logging_mixin.py:190} INFO - [2025-12-08T08:39:30.661+0000] {dag.py:4138} INFO - Setting next_dagrun for example_setup_teardown_taskflow to 2025-12-07 00:00:00+00:00, run_after=2025-12-08 00:00:00+00:00
[2025-12-08T08:39:30.682+0000] {processor.py:208} INFO - Processing /home/airflow/.local/lib/python3.12/site-packages/airflow/example_dags/example_setup_teardown_taskflow.py took 0.101 seconds
[2025-12-08T08:40:01.094+0000] {processor.py:186} INFO - Started process (PID=9178) to work on /home/airflow/.local/lib/python3.12/site-packages/airflow/example_dags/example_setup_teardown_taskflow.py
[2025-12-08T08:40:01.097+0000] {processor.py:914} INFO - Processing file /home/airflow/.local/lib/python3.12/site-packages/airflow/example_dags/example_setup_teardown_taskflow.py for tasks to queue
[2025-12-08T08:40:01.104+0000] {logging_mixin.py:190} INFO - [2025-12-08T08:40:01.104+0000] {dagbag.py:587} INFO - Filling up the DagBag from /home/airflow/.local/lib/python3.12/site-packages/airflow/example_dags/example_setup_teardown_taskflow.py
[2025-12-08T08:40:01.116+0000] {processor.py:925} INFO - DAG(s) 'example_setup_teardown_taskflow' retrieved from /home/airflow/.local/lib/python3.12/site-packages/airflow/example_dags/example_setup_teardown_taskflow.py
[2025-12-08T08:40:01.146+0000] {logging_mixin.py:190} INFO - [2025-12-08T08:40:01.146+0000] {dag.py:3211} INFO - Sync 1 DAGs
[2025-12-08T08:40:01.171+0000] {logging_mixin.py:190} INFO - [2025-12-08T08:40:01.171+0000] {dag.py:4138} INFO - Setting next_dagrun for example_setup_teardown_taskflow to 2025-12-07 00:00:00+00:00, run_after=2025-12-08 00:00:00+00:00
[2025-12-08T08:40:01.199+0000] {processor.py:208} INFO - Processing /home/airflow/.local/lib/python3.12/site-packages/airflow/example_dags/example_setup_teardown_taskflow.py took 0.117 seconds
[2025-12-08T08:40:31.519+0000] {processor.py:186} INFO - Started process (PID=9241) to work on /home/airflow/.local/lib/python3.12/site-packages/airflow/example_dags/example_setup_teardown_taskflow.py
[2025-12-08T08:40:31.520+0000] {processor.py:914} INFO - Processing file /home/airflow/.local/lib/python3.12/site-packages/airflow/example_dags/example_setup_teardown_taskflow.py for tasks to queue
[2025-12-08T08:40:31.524+0000] {logging_mixin.py:190} INFO - [2025-12-08T08:40:31.523+0000] {dagbag.py:587} INFO - Filling up the DagBag from /home/airflow/.local/lib/python3.12/site-packages/airflow/example_dags/example_setup_teardown_taskflow.py
[2025-12-08T08:40:31.536+0000] {processor.py:925} INFO - DAG(s) 'example_setup_teardown_taskflow' retrieved from /home/airflow/.local/lib/python3.12/site-packages/airflow/example_dags/example_setup_teardown_taskflow.py
[2025-12-08T08:40:31.568+0000] {logging_mixin.py:190} INFO - [2025-12-08T08:40:31.568+0000] {dag.py:3211} INFO - Sync 1 DAGs
[2025-12-08T08:40:31.597+0000] {logging_mixin.py:190} INFO - [2025-12-08T08:40:31.596+0000] {dag.py:4138} INFO - Setting next_dagrun for example_setup_teardown_taskflow to 2025-12-07 00:00:00+00:00, run_after=2025-12-08 00:00:00+00:00
[2025-12-08T08:40:31.621+0000] {processor.py:208} INFO - Processing /home/airflow/.local/lib/python3.12/site-packages/airflow/example_dags/example_setup_teardown_taskflow.py took 0.108 seconds
[2025-12-08T08:41:02.503+0000] {processor.py:186} INFO - Started process (PID=9304) to work on /home/airflow/.local/lib/python3.12/site-packages/airflow/example_dags/example_setup_teardown_taskflow.py
[2025-12-08T08:41:02.505+0000] {processor.py:914} INFO - Processing file /home/airflow/.local/lib/python3.12/site-packages/airflow/example_dags/example_setup_teardown_taskflow.py for tasks to queue
[2025-12-08T08:41:02.510+0000] {logging_mixin.py:190} INFO - [2025-12-08T08:41:02.509+0000] {dagbag.py:587} INFO - Filling up the DagBag from /home/airflow/.local/lib/python3.12/site-packages/airflow/example_dags/example_setup_teardown_taskflow.py
[2025-12-08T08:41:02.524+0000] {processor.py:925} INFO - DAG(s) 'example_setup_teardown_taskflow' retrieved from /home/airflow/.local/lib/python3.12/site-packages/airflow/example_dags/example_setup_teardown_taskflow.py
[2025-12-08T08:41:02.754+0000] {logging_mixin.py:190} INFO - [2025-12-08T08:41:02.754+0000] {dag.py:3211} INFO - Sync 1 DAGs
[2025-12-08T08:41:02.777+0000] {logging_mixin.py:190} INFO - [2025-12-08T08:41:02.777+0000] {dag.py:4138} INFO - Setting next_dagrun for example_setup_teardown_taskflow to 2025-12-07 00:00:00+00:00, run_after=2025-12-08 00:00:00+00:00
[2025-12-08T08:41:02.805+0000] {processor.py:208} INFO - Processing /home/airflow/.local/lib/python3.12/site-packages/airflow/example_dags/example_setup_teardown_taskflow.py took 0.309 seconds
[2025-12-08T08:41:33.415+0000] {processor.py:186} INFO - Started process (PID=9368) to work on /home/airflow/.local/lib/python3.12/site-packages/airflow/example_dags/example_setup_teardown_taskflow.py
[2025-12-08T08:41:33.416+0000] {processor.py:914} INFO - Processing file /home/airflow/.local/lib/python3.12/site-packages/airflow/example_dags/example_setup_teardown_taskflow.py for tasks to queue
[2025-12-08T08:41:33.420+0000] {logging_mixin.py:190} INFO - [2025-12-08T08:41:33.419+0000] {dagbag.py:587} INFO - Filling up the DagBag from /home/airflow/.local/lib/python3.12/site-packages/airflow/example_dags/example_setup_teardown_taskflow.py
[2025-12-08T08:41:33.432+0000] {processor.py:925} INFO - DAG(s) 'example_setup_teardown_taskflow' retrieved from /home/airflow/.local/lib/python3.12/site-packages/airflow/example_dags/example_setup_teardown_taskflow.py
[2025-12-08T08:41:33.458+0000] {logging_mixin.py:190} INFO - [2025-12-08T08:41:33.458+0000] {dag.py:3211} INFO - Sync 1 DAGs
[2025-12-08T08:41:33.637+0000] {logging_mixin.py:190} INFO - [2025-12-08T08:41:33.637+0000] {dag.py:4138} INFO - Setting next_dagrun for example_setup_teardown_taskflow to 2025-12-07 00:00:00+00:00, run_after=2025-12-08 00:00:00+00:00
[2025-12-08T08:41:33.656+0000] {processor.py:208} INFO - Processing /home/airflow/.local/lib/python3.12/site-packages/airflow/example_dags/example_setup_teardown_taskflow.py took 0.246 seconds
[2025-12-08T08:42:03.878+0000] {processor.py:186} INFO - Started process (PID=9431) to work on /home/airflow/.local/lib/python3.12/site-packages/airflow/example_dags/example_setup_teardown_taskflow.py
[2025-12-08T08:42:03.879+0000] {processor.py:914} INFO - Processing file /home/airflow/.local/lib/python3.12/site-packages/airflow/example_dags/example_setup_teardown_taskflow.py for tasks to queue
[2025-12-08T08:42:03.883+0000] {logging_mixin.py:190} INFO - [2025-12-08T08:42:03.883+0000] {dagbag.py:587} INFO - Filling up the DagBag from /home/airflow/.local/lib/python3.12/site-packages/airflow/example_dags/example_setup_teardown_taskflow.py
[2025-12-08T08:42:03.897+0000] {processor.py:925} INFO - DAG(s) 'example_setup_teardown_taskflow' retrieved from /home/airflow/.local/lib/python3.12/site-packages/airflow/example_dags/example_setup_teardown_taskflow.py
[2025-12-08T08:42:03.926+0000] {logging_mixin.py:190} INFO - [2025-12-08T08:42:03.926+0000] {dag.py:3211} INFO - Sync 1 DAGs
[2025-12-08T08:42:03.951+0000] {logging_mixin.py:190} INFO - [2025-12-08T08:42:03.951+0000] {dag.py:4138} INFO - Setting next_dagrun for example_setup_teardown_taskflow to 2025-12-07 00:00:00+00:00, run_after=2025-12-08 00:00:00+00:00
[2025-12-08T08:42:03.975+0000] {processor.py:208} INFO - Processing /home/airflow/.local/lib/python3.12/site-packages/airflow/example_dags/example_setup_teardown_taskflow.py took 0.104 seconds
[2025-12-08T08:42:34.520+0000] {processor.py:186} INFO - Started process (PID=9494) to work on /home/airflow/.local/lib/python3.12/site-packages/airflow/example_dags/example_setup_teardown_taskflow.py
[2025-12-08T08:42:34.521+0000] {processor.py:914} INFO - Processing file /home/airflow/.local/lib/python3.12/site-packages/airflow/example_dags/example_setup_teardown_taskflow.py for tasks to queue
[2025-12-08T08:42:34.525+0000] {logging_mixin.py:190} INFO - [2025-12-08T08:42:34.524+0000] {dagbag.py:587} INFO - Filling up the DagBag from /home/airflow/.local/lib/python3.12/site-packages/airflow/example_dags/example_setup_teardown_taskflow.py
[2025-12-08T08:42:34.536+0000] {processor.py:925} INFO - DAG(s) 'example_setup_teardown_taskflow' retrieved from /home/airflow/.local/lib/python3.12/site-packages/airflow/example_dags/example_setup_teardown_taskflow.py
[2025-12-08T08:42:34.560+0000] {logging_mixin.py:190} INFO - [2025-12-08T08:42:34.560+0000] {dag.py:3211} INFO - Sync 1 DAGs
[2025-12-08T08:42:34.582+0000] {logging_mixin.py:190} INFO - [2025-12-08T08:42:34.582+0000] {dag.py:4138} INFO - Setting next_dagrun for example_setup_teardown_taskflow to 2025-12-07 00:00:00+00:00, run_after=2025-12-08 00:00:00+00:00
[2025-12-08T08:42:34.605+0000] {processor.py:208} INFO - Processing /home/airflow/.local/lib/python3.12/site-packages/airflow/example_dags/example_setup_teardown_taskflow.py took 0.091 seconds
[2025-12-08T08:43:05.186+0000] {processor.py:186} INFO - Started process (PID=9557) to work on /home/airflow/.local/lib/python3.12/site-packages/airflow/example_dags/example_setup_teardown_taskflow.py
[2025-12-08T08:43:05.187+0000] {processor.py:914} INFO - Processing file /home/airflow/.local/lib/python3.12/site-packages/airflow/example_dags/example_setup_teardown_taskflow.py for tasks to queue
[2025-12-08T08:43:05.191+0000] {logging_mixin.py:190} INFO - [2025-12-08T08:43:05.191+0000] {dagbag.py:587} INFO - Filling up the DagBag from /home/airflow/.local/lib/python3.12/site-packages/airflow/example_dags/example_setup_teardown_taskflow.py
[2025-12-08T08:43:05.203+0000] {processor.py:925} INFO - DAG(s) 'example_setup_teardown_taskflow' retrieved from /home/airflow/.local/lib/python3.12/site-packages/airflow/example_dags/example_setup_teardown_taskflow.py
[2025-12-08T08:43:05.229+0000] {logging_mixin.py:190} INFO - [2025-12-08T08:43:05.229+0000] {dag.py:3211} INFO - Sync 1 DAGs
[2025-12-08T08:43:05.255+0000] {logging_mixin.py:190} INFO - [2025-12-08T08:43:05.254+0000] {dag.py:4138} INFO - Setting next_dagrun for example_setup_teardown_taskflow to 2025-12-07 00:00:00+00:00, run_after=2025-12-08 00:00:00+00:00
[2025-12-08T08:43:05.277+0000] {processor.py:208} INFO - Processing /home/airflow/.local/lib/python3.12/site-packages/airflow/example_dags/example_setup_teardown_taskflow.py took 0.097 seconds
