[2025-12-08T07:00:34.976+0000] {processor.py:186} INFO - Started process (PID=84) to work on /home/airflow/.local/lib/python3.12/site-packages/airflow/example_dags/example_python_decorator.py
[2025-12-08T07:00:34.981+0000] {processor.py:914} INFO - Processing file /home/airflow/.local/lib/python3.12/site-packages/airflow/example_dags/example_python_decorator.py for tasks to queue
[2025-12-08T07:00:34.994+0000] {logging_mixin.py:190} INFO - [2025-12-08T07:00:34.994+0000] {dagbag.py:587} INFO - Filling up the DagBag from /home/airflow/.local/lib/python3.12/site-packages/airflow/example_dags/example_python_decorator.py
[2025-12-08T07:00:35.058+0000] {processor.py:925} INFO - DAG(s) 'example_python_decorator' retrieved from /home/airflow/.local/lib/python3.12/site-packages/airflow/example_dags/example_python_decorator.py
[2025-12-08T07:00:35.626+0000] {logging_mixin.py:190} INFO - [2025-12-08T07:00:35.625+0000] {dag.py:3211} INFO - Sync 1 DAGs
[2025-12-08T07:00:35.691+0000] {logging_mixin.py:190} INFO - [2025-12-08T07:00:35.690+0000] {dag.py:4138} INFO - Setting next_dagrun for example_python_decorator to None, run_after=None
[2025-12-08T07:00:35.788+0000] {processor.py:208} INFO - Processing /home/airflow/.local/lib/python3.12/site-packages/airflow/example_dags/example_python_decorator.py took 0.830 seconds
[2025-12-08T07:01:06.083+0000] {processor.py:186} INFO - Started process (PID=146) to work on /home/airflow/.local/lib/python3.12/site-packages/airflow/example_dags/example_python_decorator.py
[2025-12-08T07:01:06.087+0000] {processor.py:914} INFO - Processing file /home/airflow/.local/lib/python3.12/site-packages/airflow/example_dags/example_python_decorator.py for tasks to queue
[2025-12-08T07:01:06.094+0000] {logging_mixin.py:190} INFO - [2025-12-08T07:01:06.093+0000] {dagbag.py:587} INFO - Filling up the DagBag from /home/airflow/.local/lib/python3.12/site-packages/airflow/example_dags/example_python_decorator.py
[2025-12-08T07:01:06.124+0000] {processor.py:925} INFO - DAG(s) 'example_python_decorator' retrieved from /home/airflow/.local/lib/python3.12/site-packages/airflow/example_dags/example_python_decorator.py
[2025-12-08T07:01:06.218+0000] {logging_mixin.py:190} INFO - [2025-12-08T07:01:06.216+0000] {dag.py:3211} INFO - Sync 1 DAGs
[2025-12-08T07:01:06.248+0000] {logging_mixin.py:190} INFO - [2025-12-08T07:01:06.247+0000] {dag.py:4138} INFO - Setting next_dagrun for example_python_decorator to None, run_after=None
[2025-12-08T07:01:06.294+0000] {processor.py:208} INFO - Processing /home/airflow/.local/lib/python3.12/site-packages/airflow/example_dags/example_python_decorator.py took 0.224 seconds
[2025-12-08T07:01:37.411+0000] {processor.py:186} INFO - Started process (PID=208) to work on /home/airflow/.local/lib/python3.12/site-packages/airflow/example_dags/example_python_decorator.py
[2025-12-08T07:01:37.420+0000] {processor.py:914} INFO - Processing file /home/airflow/.local/lib/python3.12/site-packages/airflow/example_dags/example_python_decorator.py for tasks to queue
[2025-12-08T07:01:37.441+0000] {logging_mixin.py:190} INFO - [2025-12-08T07:01:37.440+0000] {dagbag.py:587} INFO - Filling up the DagBag from /home/airflow/.local/lib/python3.12/site-packages/airflow/example_dags/example_python_decorator.py
[2025-12-08T07:01:37.528+0000] {processor.py:925} INFO - DAG(s) 'example_python_decorator' retrieved from /home/airflow/.local/lib/python3.12/site-packages/airflow/example_dags/example_python_decorator.py
[2025-12-08T07:01:37.722+0000] {logging_mixin.py:190} INFO - [2025-12-08T07:01:37.721+0000] {dag.py:3211} INFO - Sync 1 DAGs
[2025-12-08T07:01:37.794+0000] {logging_mixin.py:190} INFO - [2025-12-08T07:01:37.794+0000] {dag.py:4138} INFO - Setting next_dagrun for example_python_decorator to None, run_after=None
[2025-12-08T07:01:37.911+0000] {processor.py:208} INFO - Processing /home/airflow/.local/lib/python3.12/site-packages/airflow/example_dags/example_python_decorator.py took 0.489 seconds
[2025-12-08T07:02:08.166+0000] {processor.py:186} INFO - Started process (PID=269) to work on /home/airflow/.local/lib/python3.12/site-packages/airflow/example_dags/example_python_decorator.py
[2025-12-08T07:02:08.169+0000] {processor.py:914} INFO - Processing file /home/airflow/.local/lib/python3.12/site-packages/airflow/example_dags/example_python_decorator.py for tasks to queue
[2025-12-08T07:02:08.173+0000] {logging_mixin.py:190} INFO - [2025-12-08T07:02:08.172+0000] {dagbag.py:587} INFO - Filling up the DagBag from /home/airflow/.local/lib/python3.12/site-packages/airflow/example_dags/example_python_decorator.py
[2025-12-08T07:02:08.192+0000] {processor.py:925} INFO - DAG(s) 'example_python_decorator' retrieved from /home/airflow/.local/lib/python3.12/site-packages/airflow/example_dags/example_python_decorator.py
[2025-12-08T07:02:08.222+0000] {logging_mixin.py:190} INFO - [2025-12-08T07:02:08.222+0000] {dag.py:3211} INFO - Sync 1 DAGs
[2025-12-08T07:02:08.240+0000] {logging_mixin.py:190} INFO - [2025-12-08T07:02:08.240+0000] {dag.py:4138} INFO - Setting next_dagrun for example_python_decorator to None, run_after=None
[2025-12-08T07:02:08.270+0000] {processor.py:208} INFO - Processing /home/airflow/.local/lib/python3.12/site-packages/airflow/example_dags/example_python_decorator.py took 0.113 seconds
[2025-12-08T07:02:38.659+0000] {processor.py:186} INFO - Started process (PID=331) to work on /home/airflow/.local/lib/python3.12/site-packages/airflow/example_dags/example_python_decorator.py
[2025-12-08T07:02:38.662+0000] {processor.py:914} INFO - Processing file /home/airflow/.local/lib/python3.12/site-packages/airflow/example_dags/example_python_decorator.py for tasks to queue
[2025-12-08T07:02:38.666+0000] {logging_mixin.py:190} INFO - [2025-12-08T07:02:38.666+0000] {dagbag.py:587} INFO - Filling up the DagBag from /home/airflow/.local/lib/python3.12/site-packages/airflow/example_dags/example_python_decorator.py
[2025-12-08T07:02:38.690+0000] {processor.py:925} INFO - DAG(s) 'example_python_decorator' retrieved from /home/airflow/.local/lib/python3.12/site-packages/airflow/example_dags/example_python_decorator.py
[2025-12-08T07:02:38.726+0000] {logging_mixin.py:190} INFO - [2025-12-08T07:02:38.725+0000] {dag.py:3211} INFO - Sync 1 DAGs
[2025-12-08T07:02:38.747+0000] {logging_mixin.py:190} INFO - [2025-12-08T07:02:38.747+0000] {dag.py:4138} INFO - Setting next_dagrun for example_python_decorator to None, run_after=None
[2025-12-08T07:02:38.777+0000] {processor.py:208} INFO - Processing /home/airflow/.local/lib/python3.12/site-packages/airflow/example_dags/example_python_decorator.py took 0.130 seconds
[2025-12-08T07:03:09.764+0000] {processor.py:186} INFO - Started process (PID=392) to work on /home/airflow/.local/lib/python3.12/site-packages/airflow/example_dags/example_python_decorator.py
[2025-12-08T07:03:09.768+0000] {processor.py:914} INFO - Processing file /home/airflow/.local/lib/python3.12/site-packages/airflow/example_dags/example_python_decorator.py for tasks to queue
[2025-12-08T07:03:09.774+0000] {logging_mixin.py:190} INFO - [2025-12-08T07:03:09.773+0000] {dagbag.py:587} INFO - Filling up the DagBag from /home/airflow/.local/lib/python3.12/site-packages/airflow/example_dags/example_python_decorator.py
[2025-12-08T07:03:09.799+0000] {processor.py:925} INFO - DAG(s) 'example_python_decorator' retrieved from /home/airflow/.local/lib/python3.12/site-packages/airflow/example_dags/example_python_decorator.py
[2025-12-08T07:03:09.844+0000] {logging_mixin.py:190} INFO - [2025-12-08T07:03:09.843+0000] {dag.py:3211} INFO - Sync 1 DAGs
[2025-12-08T07:03:09.872+0000] {logging_mixin.py:190} INFO - [2025-12-08T07:03:09.871+0000] {dag.py:4138} INFO - Setting next_dagrun for example_python_decorator to None, run_after=None
[2025-12-08T07:03:09.910+0000] {processor.py:208} INFO - Processing /home/airflow/.local/lib/python3.12/site-packages/airflow/example_dags/example_python_decorator.py took 0.171 seconds
[2025-12-08T07:03:40.569+0000] {processor.py:186} INFO - Started process (PID=455) to work on /home/airflow/.local/lib/python3.12/site-packages/airflow/example_dags/example_python_decorator.py
[2025-12-08T07:03:40.571+0000] {processor.py:914} INFO - Processing file /home/airflow/.local/lib/python3.12/site-packages/airflow/example_dags/example_python_decorator.py for tasks to queue
[2025-12-08T07:03:40.579+0000] {logging_mixin.py:190} INFO - [2025-12-08T07:03:40.578+0000] {dagbag.py:587} INFO - Filling up the DagBag from /home/airflow/.local/lib/python3.12/site-packages/airflow/example_dags/example_python_decorator.py
[2025-12-08T07:03:40.612+0000] {processor.py:925} INFO - DAG(s) 'example_python_decorator' retrieved from /home/airflow/.local/lib/python3.12/site-packages/airflow/example_dags/example_python_decorator.py
[2025-12-08T07:03:40.665+0000] {logging_mixin.py:190} INFO - [2025-12-08T07:03:40.664+0000] {dag.py:3211} INFO - Sync 1 DAGs
[2025-12-08T07:03:40.691+0000] {logging_mixin.py:190} INFO - [2025-12-08T07:03:40.690+0000] {dag.py:4138} INFO - Setting next_dagrun for example_python_decorator to None, run_after=None
[2025-12-08T07:03:40.748+0000] {processor.py:208} INFO - Processing /home/airflow/.local/lib/python3.12/site-packages/airflow/example_dags/example_python_decorator.py took 0.198 seconds
[2025-12-08T07:04:11.109+0000] {processor.py:186} INFO - Started process (PID=517) to work on /home/airflow/.local/lib/python3.12/site-packages/airflow/example_dags/example_python_decorator.py
[2025-12-08T07:04:11.111+0000] {processor.py:914} INFO - Processing file /home/airflow/.local/lib/python3.12/site-packages/airflow/example_dags/example_python_decorator.py for tasks to queue
[2025-12-08T07:04:11.117+0000] {logging_mixin.py:190} INFO - [2025-12-08T07:04:11.117+0000] {dagbag.py:587} INFO - Filling up the DagBag from /home/airflow/.local/lib/python3.12/site-packages/airflow/example_dags/example_python_decorator.py
[2025-12-08T07:04:11.153+0000] {processor.py:925} INFO - DAG(s) 'example_python_decorator' retrieved from /home/airflow/.local/lib/python3.12/site-packages/airflow/example_dags/example_python_decorator.py
[2025-12-08T07:04:11.196+0000] {logging_mixin.py:190} INFO - [2025-12-08T07:04:11.195+0000] {dag.py:3211} INFO - Sync 1 DAGs
[2025-12-08T07:04:11.220+0000] {logging_mixin.py:190} INFO - [2025-12-08T07:04:11.219+0000] {dag.py:4138} INFO - Setting next_dagrun for example_python_decorator to None, run_after=None
[2025-12-08T07:04:11.258+0000] {processor.py:208} INFO - Processing /home/airflow/.local/lib/python3.12/site-packages/airflow/example_dags/example_python_decorator.py took 0.165 seconds
[2025-12-08T07:04:41.837+0000] {processor.py:186} INFO - Started process (PID=579) to work on /home/airflow/.local/lib/python3.12/site-packages/airflow/example_dags/example_python_decorator.py
[2025-12-08T07:04:41.840+0000] {processor.py:914} INFO - Processing file /home/airflow/.local/lib/python3.12/site-packages/airflow/example_dags/example_python_decorator.py for tasks to queue
[2025-12-08T07:04:41.845+0000] {logging_mixin.py:190} INFO - [2025-12-08T07:04:41.845+0000] {dagbag.py:587} INFO - Filling up the DagBag from /home/airflow/.local/lib/python3.12/site-packages/airflow/example_dags/example_python_decorator.py
[2025-12-08T07:04:41.874+0000] {processor.py:925} INFO - DAG(s) 'example_python_decorator' retrieved from /home/airflow/.local/lib/python3.12/site-packages/airflow/example_dags/example_python_decorator.py
[2025-12-08T07:04:41.915+0000] {logging_mixin.py:190} INFO - [2025-12-08T07:04:41.915+0000] {dag.py:3211} INFO - Sync 1 DAGs
[2025-12-08T07:04:41.933+0000] {logging_mixin.py:190} INFO - [2025-12-08T07:04:41.932+0000] {dag.py:4138} INFO - Setting next_dagrun for example_python_decorator to None, run_after=None
[2025-12-08T07:04:41.963+0000] {processor.py:208} INFO - Processing /home/airflow/.local/lib/python3.12/site-packages/airflow/example_dags/example_python_decorator.py took 0.141 seconds
[2025-12-08T07:05:12.380+0000] {processor.py:186} INFO - Started process (PID=641) to work on /home/airflow/.local/lib/python3.12/site-packages/airflow/example_dags/example_python_decorator.py
[2025-12-08T07:05:12.381+0000] {processor.py:914} INFO - Processing file /home/airflow/.local/lib/python3.12/site-packages/airflow/example_dags/example_python_decorator.py for tasks to queue
[2025-12-08T07:05:12.387+0000] {logging_mixin.py:190} INFO - [2025-12-08T07:05:12.386+0000] {dagbag.py:587} INFO - Filling up the DagBag from /home/airflow/.local/lib/python3.12/site-packages/airflow/example_dags/example_python_decorator.py
[2025-12-08T07:05:12.413+0000] {processor.py:925} INFO - DAG(s) 'example_python_decorator' retrieved from /home/airflow/.local/lib/python3.12/site-packages/airflow/example_dags/example_python_decorator.py
[2025-12-08T07:05:12.450+0000] {logging_mixin.py:190} INFO - [2025-12-08T07:05:12.449+0000] {dag.py:3211} INFO - Sync 1 DAGs
[2025-12-08T07:05:12.483+0000] {logging_mixin.py:190} INFO - [2025-12-08T07:05:12.483+0000] {dag.py:4138} INFO - Setting next_dagrun for example_python_decorator to None, run_after=None
[2025-12-08T07:05:12.522+0000] {processor.py:208} INFO - Processing /home/airflow/.local/lib/python3.12/site-packages/airflow/example_dags/example_python_decorator.py took 0.153 seconds
[2025-12-08T07:05:42.989+0000] {processor.py:186} INFO - Started process (PID=703) to work on /home/airflow/.local/lib/python3.12/site-packages/airflow/example_dags/example_python_decorator.py
[2025-12-08T07:05:42.991+0000] {processor.py:914} INFO - Processing file /home/airflow/.local/lib/python3.12/site-packages/airflow/example_dags/example_python_decorator.py for tasks to queue
[2025-12-08T07:05:42.996+0000] {logging_mixin.py:190} INFO - [2025-12-08T07:05:42.995+0000] {dagbag.py:587} INFO - Filling up the DagBag from /home/airflow/.local/lib/python3.12/site-packages/airflow/example_dags/example_python_decorator.py
[2025-12-08T07:05:43.015+0000] {processor.py:925} INFO - DAG(s) 'example_python_decorator' retrieved from /home/airflow/.local/lib/python3.12/site-packages/airflow/example_dags/example_python_decorator.py
[2025-12-08T07:05:43.049+0000] {logging_mixin.py:190} INFO - [2025-12-08T07:05:43.049+0000] {dag.py:3211} INFO - Sync 1 DAGs
[2025-12-08T07:05:43.069+0000] {logging_mixin.py:190} INFO - [2025-12-08T07:05:43.068+0000] {dag.py:4138} INFO - Setting next_dagrun for example_python_decorator to None, run_after=None
[2025-12-08T07:05:43.096+0000] {processor.py:208} INFO - Processing /home/airflow/.local/lib/python3.12/site-packages/airflow/example_dags/example_python_decorator.py took 0.116 seconds
[2025-12-08T07:07:30.510+0000] {processor.py:186} INFO - Started process (PID=71) to work on /home/airflow/.local/lib/python3.12/site-packages/airflow/example_dags/example_python_decorator.py
[2025-12-08T07:07:30.515+0000] {processor.py:914} INFO - Processing file /home/airflow/.local/lib/python3.12/site-packages/airflow/example_dags/example_python_decorator.py for tasks to queue
[2025-12-08T07:07:30.527+0000] {logging_mixin.py:190} INFO - [2025-12-08T07:07:30.526+0000] {dagbag.py:587} INFO - Filling up the DagBag from /home/airflow/.local/lib/python3.12/site-packages/airflow/example_dags/example_python_decorator.py
[2025-12-08T07:07:30.571+0000] {processor.py:925} INFO - DAG(s) 'example_python_decorator' retrieved from /home/airflow/.local/lib/python3.12/site-packages/airflow/example_dags/example_python_decorator.py
[2025-12-08T07:07:30.904+0000] {logging_mixin.py:190} INFO - [2025-12-08T07:07:30.902+0000] {dag.py:3211} INFO - Sync 1 DAGs
[2025-12-08T07:07:30.948+0000] {logging_mixin.py:190} INFO - [2025-12-08T07:07:30.948+0000] {dag.py:4138} INFO - Setting next_dagrun for example_python_decorator to None, run_after=None
[2025-12-08T07:07:31.030+0000] {processor.py:208} INFO - Processing /home/airflow/.local/lib/python3.12/site-packages/airflow/example_dags/example_python_decorator.py took 0.537 seconds
[2025-12-08T07:08:01.734+0000] {processor.py:186} INFO - Started process (PID=134) to work on /home/airflow/.local/lib/python3.12/site-packages/airflow/example_dags/example_python_decorator.py
[2025-12-08T07:08:01.737+0000] {processor.py:914} INFO - Processing file /home/airflow/.local/lib/python3.12/site-packages/airflow/example_dags/example_python_decorator.py for tasks to queue
[2025-12-08T07:08:01.741+0000] {logging_mixin.py:190} INFO - [2025-12-08T07:08:01.741+0000] {dagbag.py:587} INFO - Filling up the DagBag from /home/airflow/.local/lib/python3.12/site-packages/airflow/example_dags/example_python_decorator.py
[2025-12-08T07:08:01.764+0000] {processor.py:925} INFO - DAG(s) 'example_python_decorator' retrieved from /home/airflow/.local/lib/python3.12/site-packages/airflow/example_dags/example_python_decorator.py
[2025-12-08T07:08:01.805+0000] {logging_mixin.py:190} INFO - [2025-12-08T07:08:01.805+0000] {dag.py:3211} INFO - Sync 1 DAGs
[2025-12-08T07:08:01.829+0000] {logging_mixin.py:190} INFO - [2025-12-08T07:08:01.829+0000] {dag.py:4138} INFO - Setting next_dagrun for example_python_decorator to None, run_after=None
[2025-12-08T07:08:01.870+0000] {processor.py:208} INFO - Processing /home/airflow/.local/lib/python3.12/site-packages/airflow/example_dags/example_python_decorator.py took 0.149 seconds
[2025-12-08T07:08:32.033+0000] {processor.py:186} INFO - Started process (PID=196) to work on /home/airflow/.local/lib/python3.12/site-packages/airflow/example_dags/example_python_decorator.py
[2025-12-08T07:08:32.037+0000] {processor.py:914} INFO - Processing file /home/airflow/.local/lib/python3.12/site-packages/airflow/example_dags/example_python_decorator.py for tasks to queue
[2025-12-08T07:08:32.044+0000] {logging_mixin.py:190} INFO - [2025-12-08T07:08:32.043+0000] {dagbag.py:587} INFO - Filling up the DagBag from /home/airflow/.local/lib/python3.12/site-packages/airflow/example_dags/example_python_decorator.py
[2025-12-08T07:08:32.073+0000] {processor.py:925} INFO - DAG(s) 'example_python_decorator' retrieved from /home/airflow/.local/lib/python3.12/site-packages/airflow/example_dags/example_python_decorator.py
[2025-12-08T07:08:32.122+0000] {logging_mixin.py:190} INFO - [2025-12-08T07:08:32.121+0000] {dag.py:3211} INFO - Sync 1 DAGs
[2025-12-08T07:08:32.151+0000] {logging_mixin.py:190} INFO - [2025-12-08T07:08:32.150+0000] {dag.py:4138} INFO - Setting next_dagrun for example_python_decorator to None, run_after=None
[2025-12-08T07:08:32.189+0000] {processor.py:208} INFO - Processing /home/airflow/.local/lib/python3.12/site-packages/airflow/example_dags/example_python_decorator.py took 0.172 seconds
[2025-12-08T07:09:02.451+0000] {processor.py:186} INFO - Started process (PID=258) to work on /home/airflow/.local/lib/python3.12/site-packages/airflow/example_dags/example_python_decorator.py
[2025-12-08T07:09:02.453+0000] {processor.py:914} INFO - Processing file /home/airflow/.local/lib/python3.12/site-packages/airflow/example_dags/example_python_decorator.py for tasks to queue
[2025-12-08T07:09:02.456+0000] {logging_mixin.py:190} INFO - [2025-12-08T07:09:02.456+0000] {dagbag.py:587} INFO - Filling up the DagBag from /home/airflow/.local/lib/python3.12/site-packages/airflow/example_dags/example_python_decorator.py
[2025-12-08T07:09:02.476+0000] {processor.py:925} INFO - DAG(s) 'example_python_decorator' retrieved from /home/airflow/.local/lib/python3.12/site-packages/airflow/example_dags/example_python_decorator.py
[2025-12-08T07:09:02.510+0000] {logging_mixin.py:190} INFO - [2025-12-08T07:09:02.509+0000] {dag.py:3211} INFO - Sync 1 DAGs
[2025-12-08T07:09:02.530+0000] {logging_mixin.py:190} INFO - [2025-12-08T07:09:02.529+0000] {dag.py:4138} INFO - Setting next_dagrun for example_python_decorator to None, run_after=None
[2025-12-08T07:09:02.563+0000] {processor.py:208} INFO - Processing /home/airflow/.local/lib/python3.12/site-packages/airflow/example_dags/example_python_decorator.py took 0.121 seconds
[2025-12-08T07:09:33.231+0000] {processor.py:186} INFO - Started process (PID=320) to work on /home/airflow/.local/lib/python3.12/site-packages/airflow/example_dags/example_python_decorator.py
[2025-12-08T07:09:33.234+0000] {processor.py:914} INFO - Processing file /home/airflow/.local/lib/python3.12/site-packages/airflow/example_dags/example_python_decorator.py for tasks to queue
[2025-12-08T07:09:33.240+0000] {logging_mixin.py:190} INFO - [2025-12-08T07:09:33.239+0000] {dagbag.py:587} INFO - Filling up the DagBag from /home/airflow/.local/lib/python3.12/site-packages/airflow/example_dags/example_python_decorator.py
[2025-12-08T07:09:33.265+0000] {processor.py:925} INFO - DAG(s) 'example_python_decorator' retrieved from /home/airflow/.local/lib/python3.12/site-packages/airflow/example_dags/example_python_decorator.py
[2025-12-08T07:09:33.308+0000] {logging_mixin.py:190} INFO - [2025-12-08T07:09:33.307+0000] {dag.py:3211} INFO - Sync 1 DAGs
[2025-12-08T07:09:33.334+0000] {logging_mixin.py:190} INFO - [2025-12-08T07:09:33.334+0000] {dag.py:4138} INFO - Setting next_dagrun for example_python_decorator to None, run_after=None
[2025-12-08T07:09:33.366+0000] {processor.py:208} INFO - Processing /home/airflow/.local/lib/python3.12/site-packages/airflow/example_dags/example_python_decorator.py took 0.147 seconds
[2025-12-08T07:10:04.085+0000] {processor.py:186} INFO - Started process (PID=382) to work on /home/airflow/.local/lib/python3.12/site-packages/airflow/example_dags/example_python_decorator.py
[2025-12-08T07:10:04.088+0000] {processor.py:914} INFO - Processing file /home/airflow/.local/lib/python3.12/site-packages/airflow/example_dags/example_python_decorator.py for tasks to queue
[2025-12-08T07:10:04.093+0000] {logging_mixin.py:190} INFO - [2025-12-08T07:10:04.092+0000] {dagbag.py:587} INFO - Filling up the DagBag from /home/airflow/.local/lib/python3.12/site-packages/airflow/example_dags/example_python_decorator.py
[2025-12-08T07:10:04.120+0000] {processor.py:925} INFO - DAG(s) 'example_python_decorator' retrieved from /home/airflow/.local/lib/python3.12/site-packages/airflow/example_dags/example_python_decorator.py
[2025-12-08T07:10:04.166+0000] {logging_mixin.py:190} INFO - [2025-12-08T07:10:04.165+0000] {dag.py:3211} INFO - Sync 1 DAGs
[2025-12-08T07:10:04.188+0000] {logging_mixin.py:190} INFO - [2025-12-08T07:10:04.188+0000] {dag.py:4138} INFO - Setting next_dagrun for example_python_decorator to None, run_after=None
[2025-12-08T07:10:04.228+0000] {processor.py:208} INFO - Processing /home/airflow/.local/lib/python3.12/site-packages/airflow/example_dags/example_python_decorator.py took 0.158 seconds
[2025-12-08T07:10:34.567+0000] {processor.py:186} INFO - Started process (PID=444) to work on /home/airflow/.local/lib/python3.12/site-packages/airflow/example_dags/example_python_decorator.py
[2025-12-08T07:10:34.568+0000] {processor.py:914} INFO - Processing file /home/airflow/.local/lib/python3.12/site-packages/airflow/example_dags/example_python_decorator.py for tasks to queue
[2025-12-08T07:10:34.571+0000] {logging_mixin.py:190} INFO - [2025-12-08T07:10:34.571+0000] {dagbag.py:587} INFO - Filling up the DagBag from /home/airflow/.local/lib/python3.12/site-packages/airflow/example_dags/example_python_decorator.py
[2025-12-08T07:10:34.584+0000] {processor.py:925} INFO - DAG(s) 'example_python_decorator' retrieved from /home/airflow/.local/lib/python3.12/site-packages/airflow/example_dags/example_python_decorator.py
[2025-12-08T07:10:34.608+0000] {logging_mixin.py:190} INFO - [2025-12-08T07:10:34.608+0000] {dag.py:3211} INFO - Sync 1 DAGs
[2025-12-08T07:10:34.621+0000] {logging_mixin.py:190} INFO - [2025-12-08T07:10:34.620+0000] {dag.py:4138} INFO - Setting next_dagrun for example_python_decorator to None, run_after=None
[2025-12-08T07:10:34.639+0000] {processor.py:208} INFO - Processing /home/airflow/.local/lib/python3.12/site-packages/airflow/example_dags/example_python_decorator.py took 0.078 seconds
[2025-12-08T07:11:04.942+0000] {processor.py:186} INFO - Started process (PID=506) to work on /home/airflow/.local/lib/python3.12/site-packages/airflow/example_dags/example_python_decorator.py
[2025-12-08T07:11:04.943+0000] {processor.py:914} INFO - Processing file /home/airflow/.local/lib/python3.12/site-packages/airflow/example_dags/example_python_decorator.py for tasks to queue
[2025-12-08T07:11:04.947+0000] {logging_mixin.py:190} INFO - [2025-12-08T07:11:04.947+0000] {dagbag.py:587} INFO - Filling up the DagBag from /home/airflow/.local/lib/python3.12/site-packages/airflow/example_dags/example_python_decorator.py
[2025-12-08T07:11:04.963+0000] {processor.py:925} INFO - DAG(s) 'example_python_decorator' retrieved from /home/airflow/.local/lib/python3.12/site-packages/airflow/example_dags/example_python_decorator.py
[2025-12-08T07:11:04.995+0000] {logging_mixin.py:190} INFO - [2025-12-08T07:11:04.994+0000] {dag.py:3211} INFO - Sync 1 DAGs
[2025-12-08T07:11:05.011+0000] {logging_mixin.py:190} INFO - [2025-12-08T07:11:05.010+0000] {dag.py:4138} INFO - Setting next_dagrun for example_python_decorator to None, run_after=None
[2025-12-08T07:11:05.039+0000] {processor.py:208} INFO - Processing /home/airflow/.local/lib/python3.12/site-packages/airflow/example_dags/example_python_decorator.py took 0.103 seconds
[2025-12-08T07:11:35.262+0000] {processor.py:186} INFO - Started process (PID=568) to work on /home/airflow/.local/lib/python3.12/site-packages/airflow/example_dags/example_python_decorator.py
[2025-12-08T07:11:35.263+0000] {processor.py:914} INFO - Processing file /home/airflow/.local/lib/python3.12/site-packages/airflow/example_dags/example_python_decorator.py for tasks to queue
[2025-12-08T07:11:35.266+0000] {logging_mixin.py:190} INFO - [2025-12-08T07:11:35.266+0000] {dagbag.py:587} INFO - Filling up the DagBag from /home/airflow/.local/lib/python3.12/site-packages/airflow/example_dags/example_python_decorator.py
[2025-12-08T07:11:35.281+0000] {processor.py:925} INFO - DAG(s) 'example_python_decorator' retrieved from /home/airflow/.local/lib/python3.12/site-packages/airflow/example_dags/example_python_decorator.py
[2025-12-08T07:11:35.303+0000] {logging_mixin.py:190} INFO - [2025-12-08T07:11:35.303+0000] {dag.py:3211} INFO - Sync 1 DAGs
[2025-12-08T07:11:35.317+0000] {logging_mixin.py:190} INFO - [2025-12-08T07:11:35.317+0000] {dag.py:4138} INFO - Setting next_dagrun for example_python_decorator to None, run_after=None
[2025-12-08T07:11:35.338+0000] {processor.py:208} INFO - Processing /home/airflow/.local/lib/python3.12/site-packages/airflow/example_dags/example_python_decorator.py took 0.081 seconds
[2025-12-08T07:12:05.438+0000] {processor.py:186} INFO - Started process (PID=630) to work on /home/airflow/.local/lib/python3.12/site-packages/airflow/example_dags/example_python_decorator.py
[2025-12-08T07:12:05.439+0000] {processor.py:914} INFO - Processing file /home/airflow/.local/lib/python3.12/site-packages/airflow/example_dags/example_python_decorator.py for tasks to queue
[2025-12-08T07:12:05.442+0000] {logging_mixin.py:190} INFO - [2025-12-08T07:12:05.442+0000] {dagbag.py:587} INFO - Filling up the DagBag from /home/airflow/.local/lib/python3.12/site-packages/airflow/example_dags/example_python_decorator.py
[2025-12-08T07:12:05.457+0000] {processor.py:925} INFO - DAG(s) 'example_python_decorator' retrieved from /home/airflow/.local/lib/python3.12/site-packages/airflow/example_dags/example_python_decorator.py
[2025-12-08T07:12:05.484+0000] {logging_mixin.py:190} INFO - [2025-12-08T07:12:05.484+0000] {dag.py:3211} INFO - Sync 1 DAGs
[2025-12-08T07:12:05.500+0000] {logging_mixin.py:190} INFO - [2025-12-08T07:12:05.499+0000] {dag.py:4138} INFO - Setting next_dagrun for example_python_decorator to None, run_after=None
[2025-12-08T07:12:05.523+0000] {processor.py:208} INFO - Processing /home/airflow/.local/lib/python3.12/site-packages/airflow/example_dags/example_python_decorator.py took 0.091 seconds
[2025-12-08T07:12:35.714+0000] {processor.py:186} INFO - Started process (PID=691) to work on /home/airflow/.local/lib/python3.12/site-packages/airflow/example_dags/example_python_decorator.py
[2025-12-08T07:12:35.716+0000] {processor.py:914} INFO - Processing file /home/airflow/.local/lib/python3.12/site-packages/airflow/example_dags/example_python_decorator.py for tasks to queue
[2025-12-08T07:12:35.719+0000] {logging_mixin.py:190} INFO - [2025-12-08T07:12:35.718+0000] {dagbag.py:587} INFO - Filling up the DagBag from /home/airflow/.local/lib/python3.12/site-packages/airflow/example_dags/example_python_decorator.py
[2025-12-08T07:12:35.732+0000] {processor.py:925} INFO - DAG(s) 'example_python_decorator' retrieved from /home/airflow/.local/lib/python3.12/site-packages/airflow/example_dags/example_python_decorator.py
[2025-12-08T07:12:35.757+0000] {logging_mixin.py:190} INFO - [2025-12-08T07:12:35.757+0000] {dag.py:3211} INFO - Sync 1 DAGs
[2025-12-08T07:12:35.773+0000] {logging_mixin.py:190} INFO - [2025-12-08T07:12:35.773+0000] {dag.py:4138} INFO - Setting next_dagrun for example_python_decorator to None, run_after=None
[2025-12-08T07:12:35.797+0000] {processor.py:208} INFO - Processing /home/airflow/.local/lib/python3.12/site-packages/airflow/example_dags/example_python_decorator.py took 0.089 seconds
[2025-12-08T07:13:06.750+0000] {processor.py:186} INFO - Started process (PID=755) to work on /home/airflow/.local/lib/python3.12/site-packages/airflow/example_dags/example_python_decorator.py
[2025-12-08T07:13:06.752+0000] {processor.py:914} INFO - Processing file /home/airflow/.local/lib/python3.12/site-packages/airflow/example_dags/example_python_decorator.py for tasks to queue
[2025-12-08T07:13:06.755+0000] {logging_mixin.py:190} INFO - [2025-12-08T07:13:06.755+0000] {dagbag.py:587} INFO - Filling up the DagBag from /home/airflow/.local/lib/python3.12/site-packages/airflow/example_dags/example_python_decorator.py
[2025-12-08T07:13:06.768+0000] {processor.py:925} INFO - DAG(s) 'example_python_decorator' retrieved from /home/airflow/.local/lib/python3.12/site-packages/airflow/example_dags/example_python_decorator.py
[2025-12-08T07:13:06.792+0000] {logging_mixin.py:190} INFO - [2025-12-08T07:13:06.791+0000] {dag.py:3211} INFO - Sync 1 DAGs
[2025-12-08T07:13:06.804+0000] {logging_mixin.py:190} INFO - [2025-12-08T07:13:06.804+0000] {dag.py:4138} INFO - Setting next_dagrun for example_python_decorator to None, run_after=None
[2025-12-08T07:13:06.825+0000] {processor.py:208} INFO - Processing /home/airflow/.local/lib/python3.12/site-packages/airflow/example_dags/example_python_decorator.py took 0.080 seconds
[2025-12-08T07:13:37.230+0000] {processor.py:186} INFO - Started process (PID=817) to work on /home/airflow/.local/lib/python3.12/site-packages/airflow/example_dags/example_python_decorator.py
[2025-12-08T07:13:37.232+0000] {processor.py:914} INFO - Processing file /home/airflow/.local/lib/python3.12/site-packages/airflow/example_dags/example_python_decorator.py for tasks to queue
[2025-12-08T07:13:37.235+0000] {logging_mixin.py:190} INFO - [2025-12-08T07:13:37.235+0000] {dagbag.py:587} INFO - Filling up the DagBag from /home/airflow/.local/lib/python3.12/site-packages/airflow/example_dags/example_python_decorator.py
[2025-12-08T07:13:37.250+0000] {processor.py:925} INFO - DAG(s) 'example_python_decorator' retrieved from /home/airflow/.local/lib/python3.12/site-packages/airflow/example_dags/example_python_decorator.py
[2025-12-08T07:13:37.273+0000] {logging_mixin.py:190} INFO - [2025-12-08T07:13:37.272+0000] {dag.py:3211} INFO - Sync 1 DAGs
[2025-12-08T07:13:37.286+0000] {logging_mixin.py:190} INFO - [2025-12-08T07:13:37.286+0000] {dag.py:4138} INFO - Setting next_dagrun for example_python_decorator to None, run_after=None
[2025-12-08T07:13:37.306+0000] {processor.py:208} INFO - Processing /home/airflow/.local/lib/python3.12/site-packages/airflow/example_dags/example_python_decorator.py took 0.082 seconds
[2025-12-08T07:14:07.542+0000] {processor.py:186} INFO - Started process (PID=879) to work on /home/airflow/.local/lib/python3.12/site-packages/airflow/example_dags/example_python_decorator.py
[2025-12-08T07:14:07.543+0000] {processor.py:914} INFO - Processing file /home/airflow/.local/lib/python3.12/site-packages/airflow/example_dags/example_python_decorator.py for tasks to queue
[2025-12-08T07:14:07.547+0000] {logging_mixin.py:190} INFO - [2025-12-08T07:14:07.546+0000] {dagbag.py:587} INFO - Filling up the DagBag from /home/airflow/.local/lib/python3.12/site-packages/airflow/example_dags/example_python_decorator.py
[2025-12-08T07:14:07.566+0000] {processor.py:925} INFO - DAG(s) 'example_python_decorator' retrieved from /home/airflow/.local/lib/python3.12/site-packages/airflow/example_dags/example_python_decorator.py
[2025-12-08T07:14:07.590+0000] {logging_mixin.py:190} INFO - [2025-12-08T07:14:07.590+0000] {dag.py:3211} INFO - Sync 1 DAGs
[2025-12-08T07:14:07.603+0000] {logging_mixin.py:190} INFO - [2025-12-08T07:14:07.603+0000] {dag.py:4138} INFO - Setting next_dagrun for example_python_decorator to None, run_after=None
[2025-12-08T07:14:07.629+0000] {processor.py:208} INFO - Processing /home/airflow/.local/lib/python3.12/site-packages/airflow/example_dags/example_python_decorator.py took 0.093 seconds
[2025-12-08T07:14:38.063+0000] {processor.py:186} INFO - Started process (PID=947) to work on /home/airflow/.local/lib/python3.12/site-packages/airflow/example_dags/example_python_decorator.py
[2025-12-08T07:14:38.065+0000] {processor.py:914} INFO - Processing file /home/airflow/.local/lib/python3.12/site-packages/airflow/example_dags/example_python_decorator.py for tasks to queue
[2025-12-08T07:14:38.068+0000] {logging_mixin.py:190} INFO - [2025-12-08T07:14:38.068+0000] {dagbag.py:587} INFO - Filling up the DagBag from /home/airflow/.local/lib/python3.12/site-packages/airflow/example_dags/example_python_decorator.py
[2025-12-08T07:14:38.082+0000] {processor.py:925} INFO - DAG(s) 'example_python_decorator' retrieved from /home/airflow/.local/lib/python3.12/site-packages/airflow/example_dags/example_python_decorator.py
[2025-12-08T07:14:38.105+0000] {logging_mixin.py:190} INFO - [2025-12-08T07:14:38.105+0000] {dag.py:3211} INFO - Sync 1 DAGs
[2025-12-08T07:14:38.119+0000] {logging_mixin.py:190} INFO - [2025-12-08T07:14:38.119+0000] {dag.py:4138} INFO - Setting next_dagrun for example_python_decorator to None, run_after=None
[2025-12-08T07:14:38.140+0000] {processor.py:208} INFO - Processing /home/airflow/.local/lib/python3.12/site-packages/airflow/example_dags/example_python_decorator.py took 0.083 seconds
[2025-12-08T07:15:08.233+0000] {processor.py:186} INFO - Started process (PID=1009) to work on /home/airflow/.local/lib/python3.12/site-packages/airflow/example_dags/example_python_decorator.py
[2025-12-08T07:15:08.234+0000] {processor.py:914} INFO - Processing file /home/airflow/.local/lib/python3.12/site-packages/airflow/example_dags/example_python_decorator.py for tasks to queue
[2025-12-08T07:15:08.237+0000] {logging_mixin.py:190} INFO - [2025-12-08T07:15:08.236+0000] {dagbag.py:587} INFO - Filling up the DagBag from /home/airflow/.local/lib/python3.12/site-packages/airflow/example_dags/example_python_decorator.py
[2025-12-08T07:15:08.250+0000] {processor.py:925} INFO - DAG(s) 'example_python_decorator' retrieved from /home/airflow/.local/lib/python3.12/site-packages/airflow/example_dags/example_python_decorator.py
[2025-12-08T07:15:08.275+0000] {logging_mixin.py:190} INFO - [2025-12-08T07:15:08.274+0000] {dag.py:3211} INFO - Sync 1 DAGs
[2025-12-08T07:15:08.287+0000] {logging_mixin.py:190} INFO - [2025-12-08T07:15:08.287+0000] {dag.py:4138} INFO - Setting next_dagrun for example_python_decorator to None, run_after=None
[2025-12-08T07:15:08.308+0000] {processor.py:208} INFO - Processing /home/airflow/.local/lib/python3.12/site-packages/airflow/example_dags/example_python_decorator.py took 0.081 seconds
[2025-12-08T07:15:38.895+0000] {processor.py:186} INFO - Started process (PID=1071) to work on /home/airflow/.local/lib/python3.12/site-packages/airflow/example_dags/example_python_decorator.py
[2025-12-08T07:15:38.897+0000] {processor.py:914} INFO - Processing file /home/airflow/.local/lib/python3.12/site-packages/airflow/example_dags/example_python_decorator.py for tasks to queue
[2025-12-08T07:15:38.902+0000] {logging_mixin.py:190} INFO - [2025-12-08T07:15:38.902+0000] {dagbag.py:587} INFO - Filling up the DagBag from /home/airflow/.local/lib/python3.12/site-packages/airflow/example_dags/example_python_decorator.py
[2025-12-08T07:15:38.925+0000] {processor.py:925} INFO - DAG(s) 'example_python_decorator' retrieved from /home/airflow/.local/lib/python3.12/site-packages/airflow/example_dags/example_python_decorator.py
[2025-12-08T07:15:38.974+0000] {logging_mixin.py:190} INFO - [2025-12-08T07:15:38.973+0000] {dag.py:3211} INFO - Sync 1 DAGs
[2025-12-08T07:15:39.010+0000] {logging_mixin.py:190} INFO - [2025-12-08T07:15:39.009+0000] {dag.py:4138} INFO - Setting next_dagrun for example_python_decorator to None, run_after=None
[2025-12-08T07:15:39.056+0000] {processor.py:208} INFO - Processing /home/airflow/.local/lib/python3.12/site-packages/airflow/example_dags/example_python_decorator.py took 0.171 seconds
[2025-12-08T07:16:09.176+0000] {processor.py:186} INFO - Started process (PID=1133) to work on /home/airflow/.local/lib/python3.12/site-packages/airflow/example_dags/example_python_decorator.py
[2025-12-08T07:16:09.178+0000] {processor.py:914} INFO - Processing file /home/airflow/.local/lib/python3.12/site-packages/airflow/example_dags/example_python_decorator.py for tasks to queue
[2025-12-08T07:16:09.185+0000] {logging_mixin.py:190} INFO - [2025-12-08T07:16:09.184+0000] {dagbag.py:587} INFO - Filling up the DagBag from /home/airflow/.local/lib/python3.12/site-packages/airflow/example_dags/example_python_decorator.py
[2025-12-08T07:16:09.216+0000] {processor.py:925} INFO - DAG(s) 'example_python_decorator' retrieved from /home/airflow/.local/lib/python3.12/site-packages/airflow/example_dags/example_python_decorator.py
[2025-12-08T07:16:09.266+0000] {logging_mixin.py:190} INFO - [2025-12-08T07:16:09.265+0000] {dag.py:3211} INFO - Sync 1 DAGs
[2025-12-08T07:16:09.292+0000] {logging_mixin.py:190} INFO - [2025-12-08T07:16:09.291+0000] {dag.py:4138} INFO - Setting next_dagrun for example_python_decorator to None, run_after=None
[2025-12-08T07:16:09.334+0000] {processor.py:208} INFO - Processing /home/airflow/.local/lib/python3.12/site-packages/airflow/example_dags/example_python_decorator.py took 0.170 seconds
[2025-12-08T07:16:39.684+0000] {processor.py:186} INFO - Started process (PID=1194) to work on /home/airflow/.local/lib/python3.12/site-packages/airflow/example_dags/example_python_decorator.py
[2025-12-08T07:16:39.686+0000] {processor.py:914} INFO - Processing file /home/airflow/.local/lib/python3.12/site-packages/airflow/example_dags/example_python_decorator.py for tasks to queue
[2025-12-08T07:16:39.691+0000] {logging_mixin.py:190} INFO - [2025-12-08T07:16:39.691+0000] {dagbag.py:587} INFO - Filling up the DagBag from /home/airflow/.local/lib/python3.12/site-packages/airflow/example_dags/example_python_decorator.py
[2025-12-08T07:16:39.714+0000] {processor.py:925} INFO - DAG(s) 'example_python_decorator' retrieved from /home/airflow/.local/lib/python3.12/site-packages/airflow/example_dags/example_python_decorator.py
[2025-12-08T07:16:39.757+0000] {logging_mixin.py:190} INFO - [2025-12-08T07:16:39.756+0000] {dag.py:3211} INFO - Sync 1 DAGs
[2025-12-08T07:16:39.790+0000] {logging_mixin.py:190} INFO - [2025-12-08T07:16:39.789+0000] {dag.py:4138} INFO - Setting next_dagrun for example_python_decorator to None, run_after=None
[2025-12-08T07:16:39.840+0000] {processor.py:208} INFO - Processing /home/airflow/.local/lib/python3.12/site-packages/airflow/example_dags/example_python_decorator.py took 0.169 seconds
[2025-12-08T07:17:10.168+0000] {processor.py:186} INFO - Started process (PID=1256) to work on /home/airflow/.local/lib/python3.12/site-packages/airflow/example_dags/example_python_decorator.py
[2025-12-08T07:17:10.170+0000] {processor.py:914} INFO - Processing file /home/airflow/.local/lib/python3.12/site-packages/airflow/example_dags/example_python_decorator.py for tasks to queue
[2025-12-08T07:17:10.174+0000] {logging_mixin.py:190} INFO - [2025-12-08T07:17:10.174+0000] {dagbag.py:587} INFO - Filling up the DagBag from /home/airflow/.local/lib/python3.12/site-packages/airflow/example_dags/example_python_decorator.py
[2025-12-08T07:17:10.205+0000] {processor.py:925} INFO - DAG(s) 'example_python_decorator' retrieved from /home/airflow/.local/lib/python3.12/site-packages/airflow/example_dags/example_python_decorator.py
[2025-12-08T07:17:10.250+0000] {logging_mixin.py:190} INFO - [2025-12-08T07:17:10.250+0000] {dag.py:3211} INFO - Sync 1 DAGs
[2025-12-08T07:17:10.278+0000] {logging_mixin.py:190} INFO - [2025-12-08T07:17:10.278+0000] {dag.py:4138} INFO - Setting next_dagrun for example_python_decorator to None, run_after=None
[2025-12-08T07:17:10.310+0000] {processor.py:208} INFO - Processing /home/airflow/.local/lib/python3.12/site-packages/airflow/example_dags/example_python_decorator.py took 0.156 seconds
[2025-12-08T07:17:40.423+0000] {processor.py:186} INFO - Started process (PID=1318) to work on /home/airflow/.local/lib/python3.12/site-packages/airflow/example_dags/example_python_decorator.py
[2025-12-08T07:17:40.426+0000] {processor.py:914} INFO - Processing file /home/airflow/.local/lib/python3.12/site-packages/airflow/example_dags/example_python_decorator.py for tasks to queue
[2025-12-08T07:17:40.431+0000] {logging_mixin.py:190} INFO - [2025-12-08T07:17:40.430+0000] {dagbag.py:587} INFO - Filling up the DagBag from /home/airflow/.local/lib/python3.12/site-packages/airflow/example_dags/example_python_decorator.py
[2025-12-08T07:17:40.458+0000] {processor.py:925} INFO - DAG(s) 'example_python_decorator' retrieved from /home/airflow/.local/lib/python3.12/site-packages/airflow/example_dags/example_python_decorator.py
[2025-12-08T07:17:40.497+0000] {logging_mixin.py:190} INFO - [2025-12-08T07:17:40.496+0000] {dag.py:3211} INFO - Sync 1 DAGs
[2025-12-08T07:17:40.521+0000] {logging_mixin.py:190} INFO - [2025-12-08T07:17:40.521+0000] {dag.py:4138} INFO - Setting next_dagrun for example_python_decorator to None, run_after=None
[2025-12-08T07:17:40.561+0000] {processor.py:208} INFO - Processing /home/airflow/.local/lib/python3.12/site-packages/airflow/example_dags/example_python_decorator.py took 0.150 seconds
[2025-12-08T07:18:10.779+0000] {processor.py:186} INFO - Started process (PID=1380) to work on /home/airflow/.local/lib/python3.12/site-packages/airflow/example_dags/example_python_decorator.py
[2025-12-08T07:18:10.795+0000] {processor.py:914} INFO - Processing file /home/airflow/.local/lib/python3.12/site-packages/airflow/example_dags/example_python_decorator.py for tasks to queue
[2025-12-08T07:18:10.806+0000] {logging_mixin.py:190} INFO - [2025-12-08T07:18:10.805+0000] {dagbag.py:587} INFO - Filling up the DagBag from /home/airflow/.local/lib/python3.12/site-packages/airflow/example_dags/example_python_decorator.py
[2025-12-08T07:18:10.844+0000] {processor.py:925} INFO - DAG(s) 'example_python_decorator' retrieved from /home/airflow/.local/lib/python3.12/site-packages/airflow/example_dags/example_python_decorator.py
[2025-12-08T07:18:10.900+0000] {logging_mixin.py:190} INFO - [2025-12-08T07:18:10.899+0000] {dag.py:3211} INFO - Sync 1 DAGs
[2025-12-08T07:18:10.925+0000] {logging_mixin.py:190} INFO - [2025-12-08T07:18:10.925+0000] {dag.py:4138} INFO - Setting next_dagrun for example_python_decorator to None, run_after=None
[2025-12-08T07:18:10.971+0000] {processor.py:208} INFO - Processing /home/airflow/.local/lib/python3.12/site-packages/airflow/example_dags/example_python_decorator.py took 0.234 seconds
[2025-12-08T07:18:41.190+0000] {processor.py:186} INFO - Started process (PID=1442) to work on /home/airflow/.local/lib/python3.12/site-packages/airflow/example_dags/example_python_decorator.py
[2025-12-08T07:18:41.193+0000] {processor.py:914} INFO - Processing file /home/airflow/.local/lib/python3.12/site-packages/airflow/example_dags/example_python_decorator.py for tasks to queue
[2025-12-08T07:18:41.200+0000] {logging_mixin.py:190} INFO - [2025-12-08T07:18:41.200+0000] {dagbag.py:587} INFO - Filling up the DagBag from /home/airflow/.local/lib/python3.12/site-packages/airflow/example_dags/example_python_decorator.py
[2025-12-08T07:18:41.235+0000] {processor.py:925} INFO - DAG(s) 'example_python_decorator' retrieved from /home/airflow/.local/lib/python3.12/site-packages/airflow/example_dags/example_python_decorator.py
[2025-12-08T07:18:41.286+0000] {logging_mixin.py:190} INFO - [2025-12-08T07:18:41.286+0000] {dag.py:3211} INFO - Sync 1 DAGs
[2025-12-08T07:18:41.316+0000] {logging_mixin.py:190} INFO - [2025-12-08T07:18:41.315+0000] {dag.py:4138} INFO - Setting next_dagrun for example_python_decorator to None, run_after=None
[2025-12-08T07:18:41.371+0000] {processor.py:208} INFO - Processing /home/airflow/.local/lib/python3.12/site-packages/airflow/example_dags/example_python_decorator.py took 0.198 seconds
[2025-12-08T07:19:11.781+0000] {processor.py:186} INFO - Started process (PID=1504) to work on /home/airflow/.local/lib/python3.12/site-packages/airflow/example_dags/example_python_decorator.py
[2025-12-08T07:19:11.784+0000] {processor.py:914} INFO - Processing file /home/airflow/.local/lib/python3.12/site-packages/airflow/example_dags/example_python_decorator.py for tasks to queue
[2025-12-08T07:19:11.791+0000] {logging_mixin.py:190} INFO - [2025-12-08T07:19:11.790+0000] {dagbag.py:587} INFO - Filling up the DagBag from /home/airflow/.local/lib/python3.12/site-packages/airflow/example_dags/example_python_decorator.py
[2025-12-08T07:19:11.826+0000] {processor.py:925} INFO - DAG(s) 'example_python_decorator' retrieved from /home/airflow/.local/lib/python3.12/site-packages/airflow/example_dags/example_python_decorator.py
[2025-12-08T07:19:11.881+0000] {logging_mixin.py:190} INFO - [2025-12-08T07:19:11.880+0000] {dag.py:3211} INFO - Sync 1 DAGs
[2025-12-08T07:19:11.909+0000] {logging_mixin.py:190} INFO - [2025-12-08T07:19:11.909+0000] {dag.py:4138} INFO - Setting next_dagrun for example_python_decorator to None, run_after=None
[2025-12-08T07:19:11.966+0000] {processor.py:208} INFO - Processing /home/airflow/.local/lib/python3.12/site-packages/airflow/example_dags/example_python_decorator.py took 0.201 seconds
[2025-12-08T07:19:42.115+0000] {processor.py:186} INFO - Started process (PID=1567) to work on /home/airflow/.local/lib/python3.12/site-packages/airflow/example_dags/example_python_decorator.py
[2025-12-08T07:19:42.120+0000] {processor.py:914} INFO - Processing file /home/airflow/.local/lib/python3.12/site-packages/airflow/example_dags/example_python_decorator.py for tasks to queue
[2025-12-08T07:19:42.125+0000] {logging_mixin.py:190} INFO - [2025-12-08T07:19:42.124+0000] {dagbag.py:587} INFO - Filling up the DagBag from /home/airflow/.local/lib/python3.12/site-packages/airflow/example_dags/example_python_decorator.py
[2025-12-08T07:19:42.159+0000] {processor.py:925} INFO - DAG(s) 'example_python_decorator' retrieved from /home/airflow/.local/lib/python3.12/site-packages/airflow/example_dags/example_python_decorator.py
[2025-12-08T07:19:42.212+0000] {logging_mixin.py:190} INFO - [2025-12-08T07:19:42.212+0000] {dag.py:3211} INFO - Sync 1 DAGs
[2025-12-08T07:19:42.238+0000] {logging_mixin.py:190} INFO - [2025-12-08T07:19:42.238+0000] {dag.py:4138} INFO - Setting next_dagrun for example_python_decorator to None, run_after=None
[2025-12-08T07:19:42.292+0000] {processor.py:208} INFO - Processing /home/airflow/.local/lib/python3.12/site-packages/airflow/example_dags/example_python_decorator.py took 0.187 seconds
[2025-12-08T07:20:12.428+0000] {processor.py:186} INFO - Started process (PID=1630) to work on /home/airflow/.local/lib/python3.12/site-packages/airflow/example_dags/example_python_decorator.py
[2025-12-08T07:20:12.431+0000] {processor.py:914} INFO - Processing file /home/airflow/.local/lib/python3.12/site-packages/airflow/example_dags/example_python_decorator.py for tasks to queue
[2025-12-08T07:20:12.437+0000] {logging_mixin.py:190} INFO - [2025-12-08T07:20:12.437+0000] {dagbag.py:587} INFO - Filling up the DagBag from /home/airflow/.local/lib/python3.12/site-packages/airflow/example_dags/example_python_decorator.py
[2025-12-08T07:20:12.474+0000] {processor.py:925} INFO - DAG(s) 'example_python_decorator' retrieved from /home/airflow/.local/lib/python3.12/site-packages/airflow/example_dags/example_python_decorator.py
[2025-12-08T07:20:12.551+0000] {logging_mixin.py:190} INFO - [2025-12-08T07:20:12.550+0000] {dag.py:3211} INFO - Sync 1 DAGs
[2025-12-08T07:20:12.598+0000] {logging_mixin.py:190} INFO - [2025-12-08T07:20:12.597+0000] {dag.py:4138} INFO - Setting next_dagrun for example_python_decorator to None, run_after=None
[2025-12-08T07:20:12.664+0000] {processor.py:208} INFO - Processing /home/airflow/.local/lib/python3.12/site-packages/airflow/example_dags/example_python_decorator.py took 0.248 seconds
[2025-12-08T07:20:42.874+0000] {processor.py:186} INFO - Started process (PID=1692) to work on /home/airflow/.local/lib/python3.12/site-packages/airflow/example_dags/example_python_decorator.py
[2025-12-08T07:20:42.877+0000] {processor.py:914} INFO - Processing file /home/airflow/.local/lib/python3.12/site-packages/airflow/example_dags/example_python_decorator.py for tasks to queue
[2025-12-08T07:20:42.883+0000] {logging_mixin.py:190} INFO - [2025-12-08T07:20:42.882+0000] {dagbag.py:587} INFO - Filling up the DagBag from /home/airflow/.local/lib/python3.12/site-packages/airflow/example_dags/example_python_decorator.py
[2025-12-08T07:20:42.920+0000] {processor.py:925} INFO - DAG(s) 'example_python_decorator' retrieved from /home/airflow/.local/lib/python3.12/site-packages/airflow/example_dags/example_python_decorator.py
[2025-12-08T07:20:42.978+0000] {logging_mixin.py:190} INFO - [2025-12-08T07:20:42.977+0000] {dag.py:3211} INFO - Sync 1 DAGs
[2025-12-08T07:20:43.006+0000] {logging_mixin.py:190} INFO - [2025-12-08T07:20:43.006+0000] {dag.py:4138} INFO - Setting next_dagrun for example_python_decorator to None, run_after=None
[2025-12-08T07:20:43.057+0000] {processor.py:208} INFO - Processing /home/airflow/.local/lib/python3.12/site-packages/airflow/example_dags/example_python_decorator.py took 0.195 seconds
[2025-12-08T07:21:13.897+0000] {processor.py:186} INFO - Started process (PID=1754) to work on /home/airflow/.local/lib/python3.12/site-packages/airflow/example_dags/example_python_decorator.py
[2025-12-08T07:21:13.900+0000] {processor.py:914} INFO - Processing file /home/airflow/.local/lib/python3.12/site-packages/airflow/example_dags/example_python_decorator.py for tasks to queue
[2025-12-08T07:21:13.907+0000] {logging_mixin.py:190} INFO - [2025-12-08T07:21:13.907+0000] {dagbag.py:587} INFO - Filling up the DagBag from /home/airflow/.local/lib/python3.12/site-packages/airflow/example_dags/example_python_decorator.py
[2025-12-08T07:21:13.930+0000] {processor.py:925} INFO - DAG(s) 'example_python_decorator' retrieved from /home/airflow/.local/lib/python3.12/site-packages/airflow/example_dags/example_python_decorator.py
[2025-12-08T07:21:13.977+0000] {logging_mixin.py:190} INFO - [2025-12-08T07:21:13.977+0000] {dag.py:3211} INFO - Sync 1 DAGs
[2025-12-08T07:21:14.004+0000] {logging_mixin.py:190} INFO - [2025-12-08T07:21:14.003+0000] {dag.py:4138} INFO - Setting next_dagrun for example_python_decorator to None, run_after=None
[2025-12-08T07:21:14.053+0000] {processor.py:208} INFO - Processing /home/airflow/.local/lib/python3.12/site-packages/airflow/example_dags/example_python_decorator.py took 0.172 seconds
[2025-12-08T07:21:44.344+0000] {processor.py:186} INFO - Started process (PID=1816) to work on /home/airflow/.local/lib/python3.12/site-packages/airflow/example_dags/example_python_decorator.py
[2025-12-08T07:21:44.347+0000] {processor.py:914} INFO - Processing file /home/airflow/.local/lib/python3.12/site-packages/airflow/example_dags/example_python_decorator.py for tasks to queue
[2025-12-08T07:21:44.353+0000] {logging_mixin.py:190} INFO - [2025-12-08T07:21:44.352+0000] {dagbag.py:587} INFO - Filling up the DagBag from /home/airflow/.local/lib/python3.12/site-packages/airflow/example_dags/example_python_decorator.py
[2025-12-08T07:21:44.387+0000] {processor.py:925} INFO - DAG(s) 'example_python_decorator' retrieved from /home/airflow/.local/lib/python3.12/site-packages/airflow/example_dags/example_python_decorator.py
[2025-12-08T07:21:44.436+0000] {logging_mixin.py:190} INFO - [2025-12-08T07:21:44.435+0000] {dag.py:3211} INFO - Sync 1 DAGs
[2025-12-08T07:21:44.466+0000] {logging_mixin.py:190} INFO - [2025-12-08T07:21:44.465+0000] {dag.py:4138} INFO - Setting next_dagrun for example_python_decorator to None, run_after=None
[2025-12-08T07:21:44.499+0000] {processor.py:208} INFO - Processing /home/airflow/.local/lib/python3.12/site-packages/airflow/example_dags/example_python_decorator.py took 0.170 seconds
[2025-12-08T07:22:15.157+0000] {processor.py:186} INFO - Started process (PID=1878) to work on /home/airflow/.local/lib/python3.12/site-packages/airflow/example_dags/example_python_decorator.py
[2025-12-08T07:22:15.159+0000] {processor.py:914} INFO - Processing file /home/airflow/.local/lib/python3.12/site-packages/airflow/example_dags/example_python_decorator.py for tasks to queue
[2025-12-08T07:22:15.164+0000] {logging_mixin.py:190} INFO - [2025-12-08T07:22:15.163+0000] {dagbag.py:587} INFO - Filling up the DagBag from /home/airflow/.local/lib/python3.12/site-packages/airflow/example_dags/example_python_decorator.py
[2025-12-08T07:22:15.199+0000] {processor.py:925} INFO - DAG(s) 'example_python_decorator' retrieved from /home/airflow/.local/lib/python3.12/site-packages/airflow/example_dags/example_python_decorator.py
[2025-12-08T07:22:15.251+0000] {logging_mixin.py:190} INFO - [2025-12-08T07:22:15.251+0000] {dag.py:3211} INFO - Sync 1 DAGs
[2025-12-08T07:22:15.293+0000] {logging_mixin.py:190} INFO - [2025-12-08T07:22:15.292+0000] {dag.py:4138} INFO - Setting next_dagrun for example_python_decorator to None, run_after=None
[2025-12-08T07:22:15.346+0000] {processor.py:208} INFO - Processing /home/airflow/.local/lib/python3.12/site-packages/airflow/example_dags/example_python_decorator.py took 0.206 seconds
[2025-12-08T07:22:45.506+0000] {processor.py:186} INFO - Started process (PID=1940) to work on /home/airflow/.local/lib/python3.12/site-packages/airflow/example_dags/example_python_decorator.py
[2025-12-08T07:22:45.508+0000] {processor.py:914} INFO - Processing file /home/airflow/.local/lib/python3.12/site-packages/airflow/example_dags/example_python_decorator.py for tasks to queue
[2025-12-08T07:22:45.513+0000] {logging_mixin.py:190} INFO - [2025-12-08T07:22:45.512+0000] {dagbag.py:587} INFO - Filling up the DagBag from /home/airflow/.local/lib/python3.12/site-packages/airflow/example_dags/example_python_decorator.py
[2025-12-08T07:22:45.541+0000] {processor.py:925} INFO - DAG(s) 'example_python_decorator' retrieved from /home/airflow/.local/lib/python3.12/site-packages/airflow/example_dags/example_python_decorator.py
[2025-12-08T07:22:45.599+0000] {logging_mixin.py:190} INFO - [2025-12-08T07:22:45.599+0000] {dag.py:3211} INFO - Sync 1 DAGs
[2025-12-08T07:22:45.627+0000] {logging_mixin.py:190} INFO - [2025-12-08T07:22:45.626+0000] {dag.py:4138} INFO - Setting next_dagrun for example_python_decorator to None, run_after=None
[2025-12-08T07:22:45.675+0000] {processor.py:208} INFO - Processing /home/airflow/.local/lib/python3.12/site-packages/airflow/example_dags/example_python_decorator.py took 0.185 seconds
[2025-12-08T07:23:16.977+0000] {processor.py:186} INFO - Started process (PID=2002) to work on /home/airflow/.local/lib/python3.12/site-packages/airflow/example_dags/example_python_decorator.py
[2025-12-08T07:23:16.980+0000] {processor.py:914} INFO - Processing file /home/airflow/.local/lib/python3.12/site-packages/airflow/example_dags/example_python_decorator.py for tasks to queue
[2025-12-08T07:23:16.989+0000] {logging_mixin.py:190} INFO - [2025-12-08T07:23:16.988+0000] {dagbag.py:587} INFO - Filling up the DagBag from /home/airflow/.local/lib/python3.12/site-packages/airflow/example_dags/example_python_decorator.py
[2025-12-08T07:23:17.020+0000] {processor.py:925} INFO - DAG(s) 'example_python_decorator' retrieved from /home/airflow/.local/lib/python3.12/site-packages/airflow/example_dags/example_python_decorator.py
[2025-12-08T07:23:17.081+0000] {logging_mixin.py:190} INFO - [2025-12-08T07:23:17.080+0000] {dag.py:3211} INFO - Sync 1 DAGs
[2025-12-08T07:23:17.111+0000] {logging_mixin.py:190} INFO - [2025-12-08T07:23:17.111+0000] {dag.py:4138} INFO - Setting next_dagrun for example_python_decorator to None, run_after=None
[2025-12-08T07:23:17.171+0000] {processor.py:208} INFO - Processing /home/airflow/.local/lib/python3.12/site-packages/airflow/example_dags/example_python_decorator.py took 0.211 seconds
[2025-12-08T07:23:47.369+0000] {processor.py:186} INFO - Started process (PID=2063) to work on /home/airflow/.local/lib/python3.12/site-packages/airflow/example_dags/example_python_decorator.py
[2025-12-08T07:23:47.372+0000] {processor.py:914} INFO - Processing file /home/airflow/.local/lib/python3.12/site-packages/airflow/example_dags/example_python_decorator.py for tasks to queue
[2025-12-08T07:23:47.378+0000] {logging_mixin.py:190} INFO - [2025-12-08T07:23:47.377+0000] {dagbag.py:587} INFO - Filling up the DagBag from /home/airflow/.local/lib/python3.12/site-packages/airflow/example_dags/example_python_decorator.py
[2025-12-08T07:23:47.420+0000] {processor.py:925} INFO - DAG(s) 'example_python_decorator' retrieved from /home/airflow/.local/lib/python3.12/site-packages/airflow/example_dags/example_python_decorator.py
[2025-12-08T07:23:47.516+0000] {logging_mixin.py:190} INFO - [2025-12-08T07:23:47.515+0000] {dag.py:3211} INFO - Sync 1 DAGs
[2025-12-08T07:23:47.565+0000] {logging_mixin.py:190} INFO - [2025-12-08T07:23:47.565+0000] {dag.py:4138} INFO - Setting next_dagrun for example_python_decorator to None, run_after=None
[2025-12-08T07:23:47.627+0000] {processor.py:208} INFO - Processing /home/airflow/.local/lib/python3.12/site-packages/airflow/example_dags/example_python_decorator.py took 0.279 seconds
[2025-12-08T07:24:17.762+0000] {processor.py:186} INFO - Started process (PID=2125) to work on /home/airflow/.local/lib/python3.12/site-packages/airflow/example_dags/example_python_decorator.py
[2025-12-08T07:24:17.765+0000] {processor.py:914} INFO - Processing file /home/airflow/.local/lib/python3.12/site-packages/airflow/example_dags/example_python_decorator.py for tasks to queue
[2025-12-08T07:24:17.770+0000] {logging_mixin.py:190} INFO - [2025-12-08T07:24:17.769+0000] {dagbag.py:587} INFO - Filling up the DagBag from /home/airflow/.local/lib/python3.12/site-packages/airflow/example_dags/example_python_decorator.py
[2025-12-08T07:24:17.803+0000] {processor.py:925} INFO - DAG(s) 'example_python_decorator' retrieved from /home/airflow/.local/lib/python3.12/site-packages/airflow/example_dags/example_python_decorator.py
[2025-12-08T07:24:17.850+0000] {logging_mixin.py:190} INFO - [2025-12-08T07:24:17.849+0000] {dag.py:3211} INFO - Sync 1 DAGs
[2025-12-08T07:24:17.875+0000] {logging_mixin.py:190} INFO - [2025-12-08T07:24:17.875+0000] {dag.py:4138} INFO - Setting next_dagrun for example_python_decorator to None, run_after=None
[2025-12-08T07:24:17.918+0000] {processor.py:208} INFO - Processing /home/airflow/.local/lib/python3.12/site-packages/airflow/example_dags/example_python_decorator.py took 0.169 seconds
[2025-12-08T07:24:48.223+0000] {processor.py:186} INFO - Started process (PID=2187) to work on /home/airflow/.local/lib/python3.12/site-packages/airflow/example_dags/example_python_decorator.py
[2025-12-08T07:24:48.226+0000] {processor.py:914} INFO - Processing file /home/airflow/.local/lib/python3.12/site-packages/airflow/example_dags/example_python_decorator.py for tasks to queue
[2025-12-08T07:24:48.232+0000] {logging_mixin.py:190} INFO - [2025-12-08T07:24:48.231+0000] {dagbag.py:587} INFO - Filling up the DagBag from /home/airflow/.local/lib/python3.12/site-packages/airflow/example_dags/example_python_decorator.py
[2025-12-08T07:24:48.261+0000] {processor.py:925} INFO - DAG(s) 'example_python_decorator' retrieved from /home/airflow/.local/lib/python3.12/site-packages/airflow/example_dags/example_python_decorator.py
[2025-12-08T07:24:48.296+0000] {logging_mixin.py:190} INFO - [2025-12-08T07:24:48.296+0000] {dag.py:3211} INFO - Sync 1 DAGs
[2025-12-08T07:24:48.317+0000] {logging_mixin.py:190} INFO - [2025-12-08T07:24:48.316+0000] {dag.py:4138} INFO - Setting next_dagrun for example_python_decorator to None, run_after=None
[2025-12-08T07:24:48.353+0000] {processor.py:208} INFO - Processing /home/airflow/.local/lib/python3.12/site-packages/airflow/example_dags/example_python_decorator.py took 0.142 seconds
[2025-12-08T07:26:34.773+0000] {processor.py:186} INFO - Started process (PID=77) to work on /home/airflow/.local/lib/python3.12/site-packages/airflow/example_dags/example_python_decorator.py
[2025-12-08T07:26:34.776+0000] {processor.py:914} INFO - Processing file /home/airflow/.local/lib/python3.12/site-packages/airflow/example_dags/example_python_decorator.py for tasks to queue
[2025-12-08T07:26:34.784+0000] {logging_mixin.py:190} INFO - [2025-12-08T07:26:34.783+0000] {dagbag.py:587} INFO - Filling up the DagBag from /home/airflow/.local/lib/python3.12/site-packages/airflow/example_dags/example_python_decorator.py
[2025-12-08T07:26:34.814+0000] {processor.py:925} INFO - DAG(s) 'example_python_decorator' retrieved from /home/airflow/.local/lib/python3.12/site-packages/airflow/example_dags/example_python_decorator.py
[2025-12-08T07:26:35.127+0000] {logging_mixin.py:190} INFO - [2025-12-08T07:26:35.127+0000] {dag.py:3211} INFO - Sync 1 DAGs
[2025-12-08T07:26:35.155+0000] {logging_mixin.py:190} INFO - [2025-12-08T07:26:35.154+0000] {dag.py:4138} INFO - Setting next_dagrun for example_python_decorator to None, run_after=None
[2025-12-08T07:26:35.205+0000] {processor.py:208} INFO - Processing /home/airflow/.local/lib/python3.12/site-packages/airflow/example_dags/example_python_decorator.py took 0.448 seconds
[2025-12-08T07:27:05.407+0000] {processor.py:186} INFO - Started process (PID=139) to work on /home/airflow/.local/lib/python3.12/site-packages/airflow/example_dags/example_python_decorator.py
[2025-12-08T07:27:05.412+0000] {processor.py:914} INFO - Processing file /home/airflow/.local/lib/python3.12/site-packages/airflow/example_dags/example_python_decorator.py for tasks to queue
[2025-12-08T07:27:05.419+0000] {logging_mixin.py:190} INFO - [2025-12-08T07:27:05.418+0000] {dagbag.py:587} INFO - Filling up the DagBag from /home/airflow/.local/lib/python3.12/site-packages/airflow/example_dags/example_python_decorator.py
[2025-12-08T07:27:05.456+0000] {processor.py:925} INFO - DAG(s) 'example_python_decorator' retrieved from /home/airflow/.local/lib/python3.12/site-packages/airflow/example_dags/example_python_decorator.py
[2025-12-08T07:27:05.505+0000] {logging_mixin.py:190} INFO - [2025-12-08T07:27:05.505+0000] {dag.py:3211} INFO - Sync 1 DAGs
[2025-12-08T07:27:05.545+0000] {logging_mixin.py:190} INFO - [2025-12-08T07:27:05.544+0000] {dag.py:4138} INFO - Setting next_dagrun for example_python_decorator to None, run_after=None
[2025-12-08T07:27:05.588+0000] {processor.py:208} INFO - Processing /home/airflow/.local/lib/python3.12/site-packages/airflow/example_dags/example_python_decorator.py took 0.195 seconds
[2025-12-08T07:27:36.214+0000] {processor.py:186} INFO - Started process (PID=202) to work on /home/airflow/.local/lib/python3.12/site-packages/airflow/example_dags/example_python_decorator.py
[2025-12-08T07:27:36.217+0000] {processor.py:914} INFO - Processing file /home/airflow/.local/lib/python3.12/site-packages/airflow/example_dags/example_python_decorator.py for tasks to queue
[2025-12-08T07:27:36.224+0000] {logging_mixin.py:190} INFO - [2025-12-08T07:27:36.224+0000] {dagbag.py:587} INFO - Filling up the DagBag from /home/airflow/.local/lib/python3.12/site-packages/airflow/example_dags/example_python_decorator.py
[2025-12-08T07:27:36.254+0000] {processor.py:925} INFO - DAG(s) 'example_python_decorator' retrieved from /home/airflow/.local/lib/python3.12/site-packages/airflow/example_dags/example_python_decorator.py
[2025-12-08T07:27:36.300+0000] {logging_mixin.py:190} INFO - [2025-12-08T07:27:36.299+0000] {dag.py:3211} INFO - Sync 1 DAGs
[2025-12-08T07:27:36.327+0000] {logging_mixin.py:190} INFO - [2025-12-08T07:27:36.327+0000] {dag.py:4138} INFO - Setting next_dagrun for example_python_decorator to None, run_after=None
[2025-12-08T07:27:36.372+0000] {processor.py:208} INFO - Processing /home/airflow/.local/lib/python3.12/site-packages/airflow/example_dags/example_python_decorator.py took 0.169 seconds
[2025-12-08T07:28:07.327+0000] {processor.py:186} INFO - Started process (PID=277) to work on /home/airflow/.local/lib/python3.12/site-packages/airflow/example_dags/example_python_decorator.py
[2025-12-08T07:28:07.329+0000] {processor.py:914} INFO - Processing file /home/airflow/.local/lib/python3.12/site-packages/airflow/example_dags/example_python_decorator.py for tasks to queue
[2025-12-08T07:28:07.336+0000] {logging_mixin.py:190} INFO - [2025-12-08T07:28:07.335+0000] {dagbag.py:587} INFO - Filling up the DagBag from /home/airflow/.local/lib/python3.12/site-packages/airflow/example_dags/example_python_decorator.py
[2025-12-08T07:28:07.371+0000] {processor.py:925} INFO - DAG(s) 'example_python_decorator' retrieved from /home/airflow/.local/lib/python3.12/site-packages/airflow/example_dags/example_python_decorator.py
[2025-12-08T07:28:07.420+0000] {logging_mixin.py:190} INFO - [2025-12-08T07:28:07.420+0000] {dag.py:3211} INFO - Sync 1 DAGs
[2025-12-08T07:28:07.452+0000] {logging_mixin.py:190} INFO - [2025-12-08T07:28:07.451+0000] {dag.py:4138} INFO - Setting next_dagrun for example_python_decorator to None, run_after=None
[2025-12-08T07:28:07.494+0000] {processor.py:208} INFO - Processing /home/airflow/.local/lib/python3.12/site-packages/airflow/example_dags/example_python_decorator.py took 0.178 seconds
[2025-12-08T07:28:37.769+0000] {processor.py:186} INFO - Started process (PID=340) to work on /home/airflow/.local/lib/python3.12/site-packages/airflow/example_dags/example_python_decorator.py
[2025-12-08T07:28:37.771+0000] {processor.py:914} INFO - Processing file /home/airflow/.local/lib/python3.12/site-packages/airflow/example_dags/example_python_decorator.py for tasks to queue
[2025-12-08T07:28:37.779+0000] {logging_mixin.py:190} INFO - [2025-12-08T07:28:37.778+0000] {dagbag.py:587} INFO - Filling up the DagBag from /home/airflow/.local/lib/python3.12/site-packages/airflow/example_dags/example_python_decorator.py
[2025-12-08T07:28:37.810+0000] {processor.py:925} INFO - DAG(s) 'example_python_decorator' retrieved from /home/airflow/.local/lib/python3.12/site-packages/airflow/example_dags/example_python_decorator.py
[2025-12-08T07:28:37.870+0000] {logging_mixin.py:190} INFO - [2025-12-08T07:28:37.869+0000] {dag.py:3211} INFO - Sync 1 DAGs
[2025-12-08T07:28:37.941+0000] {logging_mixin.py:190} INFO - [2025-12-08T07:28:37.930+0000] {dag.py:4138} INFO - Setting next_dagrun for example_python_decorator to None, run_after=None
[2025-12-08T07:28:38.031+0000] {processor.py:208} INFO - Processing /home/airflow/.local/lib/python3.12/site-packages/airflow/example_dags/example_python_decorator.py took 0.277 seconds
[2025-12-08T07:29:08.221+0000] {processor.py:186} INFO - Started process (PID=403) to work on /home/airflow/.local/lib/python3.12/site-packages/airflow/example_dags/example_python_decorator.py
[2025-12-08T07:29:08.224+0000] {processor.py:914} INFO - Processing file /home/airflow/.local/lib/python3.12/site-packages/airflow/example_dags/example_python_decorator.py for tasks to queue
[2025-12-08T07:29:08.229+0000] {logging_mixin.py:190} INFO - [2025-12-08T07:29:08.228+0000] {dagbag.py:587} INFO - Filling up the DagBag from /home/airflow/.local/lib/python3.12/site-packages/airflow/example_dags/example_python_decorator.py
[2025-12-08T07:29:08.253+0000] {processor.py:925} INFO - DAG(s) 'example_python_decorator' retrieved from /home/airflow/.local/lib/python3.12/site-packages/airflow/example_dags/example_python_decorator.py
[2025-12-08T07:29:08.302+0000] {logging_mixin.py:190} INFO - [2025-12-08T07:29:08.301+0000] {dag.py:3211} INFO - Sync 1 DAGs
[2025-12-08T07:29:08.329+0000] {logging_mixin.py:190} INFO - [2025-12-08T07:29:08.328+0000] {dag.py:4138} INFO - Setting next_dagrun for example_python_decorator to None, run_after=None
[2025-12-08T07:29:08.375+0000] {processor.py:208} INFO - Processing /home/airflow/.local/lib/python3.12/site-packages/airflow/example_dags/example_python_decorator.py took 0.166 seconds
[2025-12-08T07:29:38.596+0000] {processor.py:186} INFO - Started process (PID=466) to work on /home/airflow/.local/lib/python3.12/site-packages/airflow/example_dags/example_python_decorator.py
[2025-12-08T07:29:38.598+0000] {processor.py:914} INFO - Processing file /home/airflow/.local/lib/python3.12/site-packages/airflow/example_dags/example_python_decorator.py for tasks to queue
[2025-12-08T07:29:38.604+0000] {logging_mixin.py:190} INFO - [2025-12-08T07:29:38.603+0000] {dagbag.py:587} INFO - Filling up the DagBag from /home/airflow/.local/lib/python3.12/site-packages/airflow/example_dags/example_python_decorator.py
[2025-12-08T07:29:38.633+0000] {processor.py:925} INFO - DAG(s) 'example_python_decorator' retrieved from /home/airflow/.local/lib/python3.12/site-packages/airflow/example_dags/example_python_decorator.py
[2025-12-08T07:29:38.672+0000] {logging_mixin.py:190} INFO - [2025-12-08T07:29:38.672+0000] {dag.py:3211} INFO - Sync 1 DAGs
[2025-12-08T07:29:38.701+0000] {logging_mixin.py:190} INFO - [2025-12-08T07:29:38.701+0000] {dag.py:4138} INFO - Setting next_dagrun for example_python_decorator to None, run_after=None
[2025-12-08T07:29:38.742+0000] {processor.py:208} INFO - Processing /home/airflow/.local/lib/python3.12/site-packages/airflow/example_dags/example_python_decorator.py took 0.160 seconds
[2025-12-08T07:30:08.961+0000] {processor.py:186} INFO - Started process (PID=529) to work on /home/airflow/.local/lib/python3.12/site-packages/airflow/example_dags/example_python_decorator.py
[2025-12-08T07:30:08.964+0000] {processor.py:914} INFO - Processing file /home/airflow/.local/lib/python3.12/site-packages/airflow/example_dags/example_python_decorator.py for tasks to queue
[2025-12-08T07:30:08.969+0000] {logging_mixin.py:190} INFO - [2025-12-08T07:30:08.968+0000] {dagbag.py:587} INFO - Filling up the DagBag from /home/airflow/.local/lib/python3.12/site-packages/airflow/example_dags/example_python_decorator.py
[2025-12-08T07:30:08.991+0000] {processor.py:925} INFO - DAG(s) 'example_python_decorator' retrieved from /home/airflow/.local/lib/python3.12/site-packages/airflow/example_dags/example_python_decorator.py
[2025-12-08T07:30:09.033+0000] {logging_mixin.py:190} INFO - [2025-12-08T07:30:09.033+0000] {dag.py:3211} INFO - Sync 1 DAGs
[2025-12-08T07:30:09.059+0000] {logging_mixin.py:190} INFO - [2025-12-08T07:30:09.059+0000] {dag.py:4138} INFO - Setting next_dagrun for example_python_decorator to None, run_after=None
[2025-12-08T07:30:09.095+0000] {processor.py:208} INFO - Processing /home/airflow/.local/lib/python3.12/site-packages/airflow/example_dags/example_python_decorator.py took 0.150 seconds
[2025-12-08T07:30:39.503+0000] {processor.py:186} INFO - Started process (PID=592) to work on /home/airflow/.local/lib/python3.12/site-packages/airflow/example_dags/example_python_decorator.py
[2025-12-08T07:30:39.508+0000] {processor.py:914} INFO - Processing file /home/airflow/.local/lib/python3.12/site-packages/airflow/example_dags/example_python_decorator.py for tasks to queue
[2025-12-08T07:30:39.521+0000] {logging_mixin.py:190} INFO - [2025-12-08T07:30:39.520+0000] {dagbag.py:587} INFO - Filling up the DagBag from /home/airflow/.local/lib/python3.12/site-packages/airflow/example_dags/example_python_decorator.py
[2025-12-08T07:30:39.586+0000] {processor.py:925} INFO - DAG(s) 'example_python_decorator' retrieved from /home/airflow/.local/lib/python3.12/site-packages/airflow/example_dags/example_python_decorator.py
[2025-12-08T07:30:39.695+0000] {logging_mixin.py:190} INFO - [2025-12-08T07:30:39.694+0000] {dag.py:3211} INFO - Sync 1 DAGs
[2025-12-08T07:30:39.752+0000] {logging_mixin.py:190} INFO - [2025-12-08T07:30:39.751+0000] {dag.py:4138} INFO - Setting next_dagrun for example_python_decorator to None, run_after=None
[2025-12-08T07:30:39.817+0000] {processor.py:208} INFO - Processing /home/airflow/.local/lib/python3.12/site-packages/airflow/example_dags/example_python_decorator.py took 0.331 seconds
[2025-12-08T07:31:10.885+0000] {processor.py:186} INFO - Started process (PID=655) to work on /home/airflow/.local/lib/python3.12/site-packages/airflow/example_dags/example_python_decorator.py
[2025-12-08T07:31:10.888+0000] {processor.py:914} INFO - Processing file /home/airflow/.local/lib/python3.12/site-packages/airflow/example_dags/example_python_decorator.py for tasks to queue
[2025-12-08T07:31:10.893+0000] {logging_mixin.py:190} INFO - [2025-12-08T07:31:10.892+0000] {dagbag.py:587} INFO - Filling up the DagBag from /home/airflow/.local/lib/python3.12/site-packages/airflow/example_dags/example_python_decorator.py
[2025-12-08T07:31:10.931+0000] {processor.py:925} INFO - DAG(s) 'example_python_decorator' retrieved from /home/airflow/.local/lib/python3.12/site-packages/airflow/example_dags/example_python_decorator.py
[2025-12-08T07:31:10.985+0000] {logging_mixin.py:190} INFO - [2025-12-08T07:31:10.985+0000] {dag.py:3211} INFO - Sync 1 DAGs
[2025-12-08T07:31:11.021+0000] {logging_mixin.py:190} INFO - [2025-12-08T07:31:11.020+0000] {dag.py:4138} INFO - Setting next_dagrun for example_python_decorator to None, run_after=None
[2025-12-08T07:31:11.071+0000] {processor.py:208} INFO - Processing /home/airflow/.local/lib/python3.12/site-packages/airflow/example_dags/example_python_decorator.py took 0.200 seconds
[2025-12-08T07:31:41.300+0000] {processor.py:186} INFO - Started process (PID=718) to work on /home/airflow/.local/lib/python3.12/site-packages/airflow/example_dags/example_python_decorator.py
[2025-12-08T07:31:41.306+0000] {processor.py:914} INFO - Processing file /home/airflow/.local/lib/python3.12/site-packages/airflow/example_dags/example_python_decorator.py for tasks to queue
[2025-12-08T07:31:41.310+0000] {logging_mixin.py:190} INFO - [2025-12-08T07:31:41.310+0000] {dagbag.py:587} INFO - Filling up the DagBag from /home/airflow/.local/lib/python3.12/site-packages/airflow/example_dags/example_python_decorator.py
[2025-12-08T07:31:41.341+0000] {processor.py:925} INFO - DAG(s) 'example_python_decorator' retrieved from /home/airflow/.local/lib/python3.12/site-packages/airflow/example_dags/example_python_decorator.py
[2025-12-08T07:31:41.388+0000] {logging_mixin.py:190} INFO - [2025-12-08T07:31:41.387+0000] {dag.py:3211} INFO - Sync 1 DAGs
[2025-12-08T07:31:41.416+0000] {logging_mixin.py:190} INFO - [2025-12-08T07:31:41.415+0000] {dag.py:4138} INFO - Setting next_dagrun for example_python_decorator to None, run_after=None
[2025-12-08T07:31:41.457+0000] {processor.py:208} INFO - Processing /home/airflow/.local/lib/python3.12/site-packages/airflow/example_dags/example_python_decorator.py took 0.170 seconds
[2025-12-08T07:32:12.029+0000] {processor.py:186} INFO - Started process (PID=781) to work on /home/airflow/.local/lib/python3.12/site-packages/airflow/example_dags/example_python_decorator.py
[2025-12-08T07:32:12.032+0000] {processor.py:914} INFO - Processing file /home/airflow/.local/lib/python3.12/site-packages/airflow/example_dags/example_python_decorator.py for tasks to queue
[2025-12-08T07:32:12.038+0000] {logging_mixin.py:190} INFO - [2025-12-08T07:32:12.038+0000] {dagbag.py:587} INFO - Filling up the DagBag from /home/airflow/.local/lib/python3.12/site-packages/airflow/example_dags/example_python_decorator.py
[2025-12-08T07:32:12.072+0000] {processor.py:925} INFO - DAG(s) 'example_python_decorator' retrieved from /home/airflow/.local/lib/python3.12/site-packages/airflow/example_dags/example_python_decorator.py
[2025-12-08T07:32:12.121+0000] {logging_mixin.py:190} INFO - [2025-12-08T07:32:12.120+0000] {dag.py:3211} INFO - Sync 1 DAGs
[2025-12-08T07:32:12.149+0000] {logging_mixin.py:190} INFO - [2025-12-08T07:32:12.148+0000] {dag.py:4138} INFO - Setting next_dagrun for example_python_decorator to None, run_after=None
[2025-12-08T07:32:12.204+0000] {processor.py:208} INFO - Processing /home/airflow/.local/lib/python3.12/site-packages/airflow/example_dags/example_python_decorator.py took 0.190 seconds
[2025-12-08T07:32:42.537+0000] {processor.py:186} INFO - Started process (PID=844) to work on /home/airflow/.local/lib/python3.12/site-packages/airflow/example_dags/example_python_decorator.py
[2025-12-08T07:32:42.540+0000] {processor.py:914} INFO - Processing file /home/airflow/.local/lib/python3.12/site-packages/airflow/example_dags/example_python_decorator.py for tasks to queue
[2025-12-08T07:32:42.547+0000] {logging_mixin.py:190} INFO - [2025-12-08T07:32:42.546+0000] {dagbag.py:587} INFO - Filling up the DagBag from /home/airflow/.local/lib/python3.12/site-packages/airflow/example_dags/example_python_decorator.py
[2025-12-08T07:32:42.593+0000] {processor.py:925} INFO - DAG(s) 'example_python_decorator' retrieved from /home/airflow/.local/lib/python3.12/site-packages/airflow/example_dags/example_python_decorator.py
[2025-12-08T07:32:42.660+0000] {logging_mixin.py:190} INFO - [2025-12-08T07:32:42.658+0000] {dag.py:3211} INFO - Sync 1 DAGs
[2025-12-08T07:32:42.689+0000] {logging_mixin.py:190} INFO - [2025-12-08T07:32:42.689+0000] {dag.py:4138} INFO - Setting next_dagrun for example_python_decorator to None, run_after=None
[2025-12-08T07:32:42.737+0000] {processor.py:208} INFO - Processing /home/airflow/.local/lib/python3.12/site-packages/airflow/example_dags/example_python_decorator.py took 0.217 seconds
[2025-12-08T07:33:13.077+0000] {processor.py:186} INFO - Started process (PID=907) to work on /home/airflow/.local/lib/python3.12/site-packages/airflow/example_dags/example_python_decorator.py
[2025-12-08T07:33:13.080+0000] {processor.py:914} INFO - Processing file /home/airflow/.local/lib/python3.12/site-packages/airflow/example_dags/example_python_decorator.py for tasks to queue
[2025-12-08T07:33:13.089+0000] {logging_mixin.py:190} INFO - [2025-12-08T07:33:13.087+0000] {dagbag.py:587} INFO - Filling up the DagBag from /home/airflow/.local/lib/python3.12/site-packages/airflow/example_dags/example_python_decorator.py
[2025-12-08T07:33:13.117+0000] {processor.py:925} INFO - DAG(s) 'example_python_decorator' retrieved from /home/airflow/.local/lib/python3.12/site-packages/airflow/example_dags/example_python_decorator.py
[2025-12-08T07:33:13.164+0000] {logging_mixin.py:190} INFO - [2025-12-08T07:33:13.163+0000] {dag.py:3211} INFO - Sync 1 DAGs
[2025-12-08T07:33:13.199+0000] {logging_mixin.py:190} INFO - [2025-12-08T07:33:13.198+0000] {dag.py:4138} INFO - Setting next_dagrun for example_python_decorator to None, run_after=None
[2025-12-08T07:33:13.257+0000] {processor.py:208} INFO - Processing /home/airflow/.local/lib/python3.12/site-packages/airflow/example_dags/example_python_decorator.py took 0.201 seconds
[2025-12-08T07:33:43.829+0000] {processor.py:186} INFO - Started process (PID=970) to work on /home/airflow/.local/lib/python3.12/site-packages/airflow/example_dags/example_python_decorator.py
[2025-12-08T07:33:43.832+0000] {processor.py:914} INFO - Processing file /home/airflow/.local/lib/python3.12/site-packages/airflow/example_dags/example_python_decorator.py for tasks to queue
[2025-12-08T07:33:43.839+0000] {logging_mixin.py:190} INFO - [2025-12-08T07:33:43.838+0000] {dagbag.py:587} INFO - Filling up the DagBag from /home/airflow/.local/lib/python3.12/site-packages/airflow/example_dags/example_python_decorator.py
[2025-12-08T07:33:43.869+0000] {processor.py:925} INFO - DAG(s) 'example_python_decorator' retrieved from /home/airflow/.local/lib/python3.12/site-packages/airflow/example_dags/example_python_decorator.py
[2025-12-08T07:33:43.932+0000] {logging_mixin.py:190} INFO - [2025-12-08T07:33:43.931+0000] {dag.py:3211} INFO - Sync 1 DAGs
[2025-12-08T07:33:43.962+0000] {logging_mixin.py:190} INFO - [2025-12-08T07:33:43.961+0000] {dag.py:4138} INFO - Setting next_dagrun for example_python_decorator to None, run_after=None
[2025-12-08T07:33:44.022+0000] {processor.py:208} INFO - Processing /home/airflow/.local/lib/python3.12/site-packages/airflow/example_dags/example_python_decorator.py took 0.205 seconds
[2025-12-08T07:34:14.644+0000] {processor.py:186} INFO - Started process (PID=1033) to work on /home/airflow/.local/lib/python3.12/site-packages/airflow/example_dags/example_python_decorator.py
[2025-12-08T07:34:14.647+0000] {processor.py:914} INFO - Processing file /home/airflow/.local/lib/python3.12/site-packages/airflow/example_dags/example_python_decorator.py for tasks to queue
[2025-12-08T07:34:14.651+0000] {logging_mixin.py:190} INFO - [2025-12-08T07:34:14.650+0000] {dagbag.py:587} INFO - Filling up the DagBag from /home/airflow/.local/lib/python3.12/site-packages/airflow/example_dags/example_python_decorator.py
[2025-12-08T07:34:14.682+0000] {processor.py:925} INFO - DAG(s) 'example_python_decorator' retrieved from /home/airflow/.local/lib/python3.12/site-packages/airflow/example_dags/example_python_decorator.py
[2025-12-08T07:34:14.725+0000] {logging_mixin.py:190} INFO - [2025-12-08T07:34:14.724+0000] {dag.py:3211} INFO - Sync 1 DAGs
[2025-12-08T07:34:14.753+0000] {logging_mixin.py:190} INFO - [2025-12-08T07:34:14.753+0000] {dag.py:4138} INFO - Setting next_dagrun for example_python_decorator to None, run_after=None
[2025-12-08T07:34:14.795+0000] {processor.py:208} INFO - Processing /home/airflow/.local/lib/python3.12/site-packages/airflow/example_dags/example_python_decorator.py took 0.162 seconds
[2025-12-08T07:34:45.164+0000] {processor.py:186} INFO - Started process (PID=1096) to work on /home/airflow/.local/lib/python3.12/site-packages/airflow/example_dags/example_python_decorator.py
[2025-12-08T07:34:45.167+0000] {processor.py:914} INFO - Processing file /home/airflow/.local/lib/python3.12/site-packages/airflow/example_dags/example_python_decorator.py for tasks to queue
[2025-12-08T07:34:45.172+0000] {logging_mixin.py:190} INFO - [2025-12-08T07:34:45.171+0000] {dagbag.py:587} INFO - Filling up the DagBag from /home/airflow/.local/lib/python3.12/site-packages/airflow/example_dags/example_python_decorator.py
[2025-12-08T07:34:45.200+0000] {processor.py:925} INFO - DAG(s) 'example_python_decorator' retrieved from /home/airflow/.local/lib/python3.12/site-packages/airflow/example_dags/example_python_decorator.py
[2025-12-08T07:34:45.248+0000] {logging_mixin.py:190} INFO - [2025-12-08T07:34:45.248+0000] {dag.py:3211} INFO - Sync 1 DAGs
[2025-12-08T07:34:45.275+0000] {logging_mixin.py:190} INFO - [2025-12-08T07:34:45.275+0000] {dag.py:4138} INFO - Setting next_dagrun for example_python_decorator to None, run_after=None
[2025-12-08T07:34:45.313+0000] {processor.py:208} INFO - Processing /home/airflow/.local/lib/python3.12/site-packages/airflow/example_dags/example_python_decorator.py took 0.161 seconds
[2025-12-08T07:35:15.467+0000] {processor.py:186} INFO - Started process (PID=1160) to work on /home/airflow/.local/lib/python3.12/site-packages/airflow/example_dags/example_python_decorator.py
[2025-12-08T07:35:15.469+0000] {processor.py:914} INFO - Processing file /home/airflow/.local/lib/python3.12/site-packages/airflow/example_dags/example_python_decorator.py for tasks to queue
[2025-12-08T07:35:15.475+0000] {logging_mixin.py:190} INFO - [2025-12-08T07:35:15.474+0000] {dagbag.py:587} INFO - Filling up the DagBag from /home/airflow/.local/lib/python3.12/site-packages/airflow/example_dags/example_python_decorator.py
[2025-12-08T07:35:15.509+0000] {processor.py:925} INFO - DAG(s) 'example_python_decorator' retrieved from /home/airflow/.local/lib/python3.12/site-packages/airflow/example_dags/example_python_decorator.py
[2025-12-08T07:35:15.563+0000] {logging_mixin.py:190} INFO - [2025-12-08T07:35:15.562+0000] {dag.py:3211} INFO - Sync 1 DAGs
[2025-12-08T07:35:15.590+0000] {logging_mixin.py:190} INFO - [2025-12-08T07:35:15.590+0000] {dag.py:4138} INFO - Setting next_dagrun for example_python_decorator to None, run_after=None
[2025-12-08T07:35:15.670+0000] {processor.py:208} INFO - Processing /home/airflow/.local/lib/python3.12/site-packages/airflow/example_dags/example_python_decorator.py took 0.214 seconds
[2025-12-08T07:35:46.406+0000] {processor.py:186} INFO - Started process (PID=1224) to work on /home/airflow/.local/lib/python3.12/site-packages/airflow/example_dags/example_python_decorator.py
[2025-12-08T07:35:46.409+0000] {processor.py:914} INFO - Processing file /home/airflow/.local/lib/python3.12/site-packages/airflow/example_dags/example_python_decorator.py for tasks to queue
[2025-12-08T07:35:46.415+0000] {logging_mixin.py:190} INFO - [2025-12-08T07:35:46.414+0000] {dagbag.py:587} INFO - Filling up the DagBag from /home/airflow/.local/lib/python3.12/site-packages/airflow/example_dags/example_python_decorator.py
[2025-12-08T07:35:46.439+0000] {processor.py:925} INFO - DAG(s) 'example_python_decorator' retrieved from /home/airflow/.local/lib/python3.12/site-packages/airflow/example_dags/example_python_decorator.py
[2025-12-08T07:35:46.479+0000] {logging_mixin.py:190} INFO - [2025-12-08T07:35:46.478+0000] {dag.py:3211} INFO - Sync 1 DAGs
[2025-12-08T07:35:46.506+0000] {logging_mixin.py:190} INFO - [2025-12-08T07:35:46.505+0000] {dag.py:4138} INFO - Setting next_dagrun for example_python_decorator to None, run_after=None
[2025-12-08T07:35:46.543+0000] {processor.py:208} INFO - Processing /home/airflow/.local/lib/python3.12/site-packages/airflow/example_dags/example_python_decorator.py took 0.146 seconds
[2025-12-08T07:36:17.130+0000] {processor.py:186} INFO - Started process (PID=1287) to work on /home/airflow/.local/lib/python3.12/site-packages/airflow/example_dags/example_python_decorator.py
[2025-12-08T07:36:17.133+0000] {processor.py:914} INFO - Processing file /home/airflow/.local/lib/python3.12/site-packages/airflow/example_dags/example_python_decorator.py for tasks to queue
[2025-12-08T07:36:17.139+0000] {logging_mixin.py:190} INFO - [2025-12-08T07:36:17.138+0000] {dagbag.py:587} INFO - Filling up the DagBag from /home/airflow/.local/lib/python3.12/site-packages/airflow/example_dags/example_python_decorator.py
[2025-12-08T07:36:17.166+0000] {processor.py:925} INFO - DAG(s) 'example_python_decorator' retrieved from /home/airflow/.local/lib/python3.12/site-packages/airflow/example_dags/example_python_decorator.py
[2025-12-08T07:36:17.207+0000] {logging_mixin.py:190} INFO - [2025-12-08T07:36:17.206+0000] {dag.py:3211} INFO - Sync 1 DAGs
[2025-12-08T07:36:17.238+0000] {logging_mixin.py:190} INFO - [2025-12-08T07:36:17.237+0000] {dag.py:4138} INFO - Setting next_dagrun for example_python_decorator to None, run_after=None
[2025-12-08T07:36:17.287+0000] {processor.py:208} INFO - Processing /home/airflow/.local/lib/python3.12/site-packages/airflow/example_dags/example_python_decorator.py took 0.167 seconds
[2025-12-08T07:36:47.665+0000] {processor.py:186} INFO - Started process (PID=1350) to work on /home/airflow/.local/lib/python3.12/site-packages/airflow/example_dags/example_python_decorator.py
[2025-12-08T07:36:47.668+0000] {processor.py:914} INFO - Processing file /home/airflow/.local/lib/python3.12/site-packages/airflow/example_dags/example_python_decorator.py for tasks to queue
[2025-12-08T07:36:47.675+0000] {logging_mixin.py:190} INFO - [2025-12-08T07:36:47.673+0000] {dagbag.py:587} INFO - Filling up the DagBag from /home/airflow/.local/lib/python3.12/site-packages/airflow/example_dags/example_python_decorator.py
[2025-12-08T07:36:47.707+0000] {processor.py:925} INFO - DAG(s) 'example_python_decorator' retrieved from /home/airflow/.local/lib/python3.12/site-packages/airflow/example_dags/example_python_decorator.py
[2025-12-08T07:36:47.755+0000] {logging_mixin.py:190} INFO - [2025-12-08T07:36:47.754+0000] {dag.py:3211} INFO - Sync 1 DAGs
[2025-12-08T07:36:47.781+0000] {logging_mixin.py:190} INFO - [2025-12-08T07:36:47.780+0000] {dag.py:4138} INFO - Setting next_dagrun for example_python_decorator to None, run_after=None
[2025-12-08T07:36:47.817+0000] {processor.py:208} INFO - Processing /home/airflow/.local/lib/python3.12/site-packages/airflow/example_dags/example_python_decorator.py took 0.162 seconds
[2025-12-08T07:37:18.534+0000] {processor.py:186} INFO - Started process (PID=1413) to work on /home/airflow/.local/lib/python3.12/site-packages/airflow/example_dags/example_python_decorator.py
[2025-12-08T07:37:18.537+0000] {processor.py:914} INFO - Processing file /home/airflow/.local/lib/python3.12/site-packages/airflow/example_dags/example_python_decorator.py for tasks to queue
[2025-12-08T07:37:18.544+0000] {logging_mixin.py:190} INFO - [2025-12-08T07:37:18.543+0000] {dagbag.py:587} INFO - Filling up the DagBag from /home/airflow/.local/lib/python3.12/site-packages/airflow/example_dags/example_python_decorator.py
[2025-12-08T07:37:18.574+0000] {processor.py:925} INFO - DAG(s) 'example_python_decorator' retrieved from /home/airflow/.local/lib/python3.12/site-packages/airflow/example_dags/example_python_decorator.py
[2025-12-08T07:37:18.622+0000] {logging_mixin.py:190} INFO - [2025-12-08T07:37:18.622+0000] {dag.py:3211} INFO - Sync 1 DAGs
[2025-12-08T07:37:18.644+0000] {logging_mixin.py:190} INFO - [2025-12-08T07:37:18.644+0000] {dag.py:4138} INFO - Setting next_dagrun for example_python_decorator to None, run_after=None
[2025-12-08T07:37:18.686+0000] {processor.py:208} INFO - Processing /home/airflow/.local/lib/python3.12/site-packages/airflow/example_dags/example_python_decorator.py took 0.163 seconds
[2025-12-08T07:37:48.986+0000] {processor.py:186} INFO - Started process (PID=1476) to work on /home/airflow/.local/lib/python3.12/site-packages/airflow/example_dags/example_python_decorator.py
[2025-12-08T07:37:48.988+0000] {processor.py:914} INFO - Processing file /home/airflow/.local/lib/python3.12/site-packages/airflow/example_dags/example_python_decorator.py for tasks to queue
[2025-12-08T07:37:48.995+0000] {logging_mixin.py:190} INFO - [2025-12-08T07:37:48.994+0000] {dagbag.py:587} INFO - Filling up the DagBag from /home/airflow/.local/lib/python3.12/site-packages/airflow/example_dags/example_python_decorator.py
[2025-12-08T07:37:49.023+0000] {processor.py:925} INFO - DAG(s) 'example_python_decorator' retrieved from /home/airflow/.local/lib/python3.12/site-packages/airflow/example_dags/example_python_decorator.py
[2025-12-08T07:37:49.080+0000] {logging_mixin.py:190} INFO - [2025-12-08T07:37:49.079+0000] {dag.py:3211} INFO - Sync 1 DAGs
[2025-12-08T07:37:49.119+0000] {logging_mixin.py:190} INFO - [2025-12-08T07:37:49.118+0000] {dag.py:4138} INFO - Setting next_dagrun for example_python_decorator to None, run_after=None
[2025-12-08T07:37:49.169+0000] {processor.py:208} INFO - Processing /home/airflow/.local/lib/python3.12/site-packages/airflow/example_dags/example_python_decorator.py took 0.197 seconds
[2025-12-08T07:38:19.862+0000] {processor.py:186} INFO - Started process (PID=1540) to work on /home/airflow/.local/lib/python3.12/site-packages/airflow/example_dags/example_python_decorator.py
[2025-12-08T07:38:19.866+0000] {processor.py:914} INFO - Processing file /home/airflow/.local/lib/python3.12/site-packages/airflow/example_dags/example_python_decorator.py for tasks to queue
[2025-12-08T07:38:19.875+0000] {logging_mixin.py:190} INFO - [2025-12-08T07:38:19.874+0000] {dagbag.py:587} INFO - Filling up the DagBag from /home/airflow/.local/lib/python3.12/site-packages/airflow/example_dags/example_python_decorator.py
[2025-12-08T07:38:19.909+0000] {processor.py:925} INFO - DAG(s) 'example_python_decorator' retrieved from /home/airflow/.local/lib/python3.12/site-packages/airflow/example_dags/example_python_decorator.py
[2025-12-08T07:38:19.964+0000] {logging_mixin.py:190} INFO - [2025-12-08T07:38:19.963+0000] {dag.py:3211} INFO - Sync 1 DAGs
[2025-12-08T07:38:19.997+0000] {logging_mixin.py:190} INFO - [2025-12-08T07:38:19.997+0000] {dag.py:4138} INFO - Setting next_dagrun for example_python_decorator to None, run_after=None
[2025-12-08T07:38:20.041+0000] {processor.py:208} INFO - Processing /home/airflow/.local/lib/python3.12/site-packages/airflow/example_dags/example_python_decorator.py took 0.194 seconds
[2025-12-08T07:38:50.234+0000] {processor.py:186} INFO - Started process (PID=1603) to work on /home/airflow/.local/lib/python3.12/site-packages/airflow/example_dags/example_python_decorator.py
[2025-12-08T07:38:50.237+0000] {processor.py:914} INFO - Processing file /home/airflow/.local/lib/python3.12/site-packages/airflow/example_dags/example_python_decorator.py for tasks to queue
[2025-12-08T07:38:50.243+0000] {logging_mixin.py:190} INFO - [2025-12-08T07:38:50.242+0000] {dagbag.py:587} INFO - Filling up the DagBag from /home/airflow/.local/lib/python3.12/site-packages/airflow/example_dags/example_python_decorator.py
[2025-12-08T07:38:50.275+0000] {processor.py:925} INFO - DAG(s) 'example_python_decorator' retrieved from /home/airflow/.local/lib/python3.12/site-packages/airflow/example_dags/example_python_decorator.py
[2025-12-08T07:38:50.316+0000] {logging_mixin.py:190} INFO - [2025-12-08T07:38:50.315+0000] {dag.py:3211} INFO - Sync 1 DAGs
[2025-12-08T07:38:50.336+0000] {logging_mixin.py:190} INFO - [2025-12-08T07:38:50.336+0000] {dag.py:4138} INFO - Setting next_dagrun for example_python_decorator to None, run_after=None
[2025-12-08T07:38:50.370+0000] {processor.py:208} INFO - Processing /home/airflow/.local/lib/python3.12/site-packages/airflow/example_dags/example_python_decorator.py took 0.150 seconds
[2025-12-08T07:39:21.121+0000] {processor.py:186} INFO - Started process (PID=1667) to work on /home/airflow/.local/lib/python3.12/site-packages/airflow/example_dags/example_python_decorator.py
[2025-12-08T07:39:21.124+0000] {processor.py:914} INFO - Processing file /home/airflow/.local/lib/python3.12/site-packages/airflow/example_dags/example_python_decorator.py for tasks to queue
[2025-12-08T07:39:21.131+0000] {logging_mixin.py:190} INFO - [2025-12-08T07:39:21.130+0000] {dagbag.py:587} INFO - Filling up the DagBag from /home/airflow/.local/lib/python3.12/site-packages/airflow/example_dags/example_python_decorator.py
[2025-12-08T07:39:21.160+0000] {processor.py:925} INFO - DAG(s) 'example_python_decorator' retrieved from /home/airflow/.local/lib/python3.12/site-packages/airflow/example_dags/example_python_decorator.py
[2025-12-08T07:39:21.201+0000] {logging_mixin.py:190} INFO - [2025-12-08T07:39:21.201+0000] {dag.py:3211} INFO - Sync 1 DAGs
[2025-12-08T07:39:21.222+0000] {logging_mixin.py:190} INFO - [2025-12-08T07:39:21.221+0000] {dag.py:4138} INFO - Setting next_dagrun for example_python_decorator to None, run_after=None
[2025-12-08T07:39:21.252+0000] {processor.py:208} INFO - Processing /home/airflow/.local/lib/python3.12/site-packages/airflow/example_dags/example_python_decorator.py took 0.145 seconds
[2025-12-08T07:39:51.727+0000] {processor.py:186} INFO - Started process (PID=1730) to work on /home/airflow/.local/lib/python3.12/site-packages/airflow/example_dags/example_python_decorator.py
[2025-12-08T07:39:51.729+0000] {processor.py:914} INFO - Processing file /home/airflow/.local/lib/python3.12/site-packages/airflow/example_dags/example_python_decorator.py for tasks to queue
[2025-12-08T07:39:51.734+0000] {logging_mixin.py:190} INFO - [2025-12-08T07:39:51.733+0000] {dagbag.py:587} INFO - Filling up the DagBag from /home/airflow/.local/lib/python3.12/site-packages/airflow/example_dags/example_python_decorator.py
[2025-12-08T07:39:51.765+0000] {processor.py:925} INFO - DAG(s) 'example_python_decorator' retrieved from /home/airflow/.local/lib/python3.12/site-packages/airflow/example_dags/example_python_decorator.py
[2025-12-08T07:39:51.819+0000] {logging_mixin.py:190} INFO - [2025-12-08T07:39:51.818+0000] {dag.py:3211} INFO - Sync 1 DAGs
[2025-12-08T07:39:51.844+0000] {logging_mixin.py:190} INFO - [2025-12-08T07:39:51.844+0000] {dag.py:4138} INFO - Setting next_dagrun for example_python_decorator to None, run_after=None
[2025-12-08T07:39:51.883+0000] {processor.py:208} INFO - Processing /home/airflow/.local/lib/python3.12/site-packages/airflow/example_dags/example_python_decorator.py took 0.167 seconds
[2025-12-08T07:40:22.186+0000] {processor.py:186} INFO - Started process (PID=1799) to work on /home/airflow/.local/lib/python3.12/site-packages/airflow/example_dags/example_python_decorator.py
[2025-12-08T07:40:22.188+0000] {processor.py:914} INFO - Processing file /home/airflow/.local/lib/python3.12/site-packages/airflow/example_dags/example_python_decorator.py for tasks to queue
[2025-12-08T07:40:22.195+0000] {logging_mixin.py:190} INFO - [2025-12-08T07:40:22.194+0000] {dagbag.py:587} INFO - Filling up the DagBag from /home/airflow/.local/lib/python3.12/site-packages/airflow/example_dags/example_python_decorator.py
[2025-12-08T07:40:22.220+0000] {processor.py:925} INFO - DAG(s) 'example_python_decorator' retrieved from /home/airflow/.local/lib/python3.12/site-packages/airflow/example_dags/example_python_decorator.py
[2025-12-08T07:40:22.268+0000] {logging_mixin.py:190} INFO - [2025-12-08T07:40:22.268+0000] {dag.py:3211} INFO - Sync 1 DAGs
[2025-12-08T07:40:22.292+0000] {logging_mixin.py:190} INFO - [2025-12-08T07:40:22.292+0000] {dag.py:4138} INFO - Setting next_dagrun for example_python_decorator to None, run_after=None
[2025-12-08T07:40:22.330+0000] {processor.py:208} INFO - Processing /home/airflow/.local/lib/python3.12/site-packages/airflow/example_dags/example_python_decorator.py took 0.153 seconds
[2025-12-08T07:40:52.747+0000] {processor.py:186} INFO - Started process (PID=1861) to work on /home/airflow/.local/lib/python3.12/site-packages/airflow/example_dags/example_python_decorator.py
[2025-12-08T07:40:52.752+0000] {processor.py:914} INFO - Processing file /home/airflow/.local/lib/python3.12/site-packages/airflow/example_dags/example_python_decorator.py for tasks to queue
[2025-12-08T07:40:52.758+0000] {logging_mixin.py:190} INFO - [2025-12-08T07:40:52.757+0000] {dagbag.py:587} INFO - Filling up the DagBag from /home/airflow/.local/lib/python3.12/site-packages/airflow/example_dags/example_python_decorator.py
[2025-12-08T07:40:52.788+0000] {processor.py:925} INFO - DAG(s) 'example_python_decorator' retrieved from /home/airflow/.local/lib/python3.12/site-packages/airflow/example_dags/example_python_decorator.py
[2025-12-08T07:40:52.843+0000] {logging_mixin.py:190} INFO - [2025-12-08T07:40:52.842+0000] {dag.py:3211} INFO - Sync 1 DAGs
[2025-12-08T07:40:52.877+0000] {logging_mixin.py:190} INFO - [2025-12-08T07:40:52.876+0000] {dag.py:4138} INFO - Setting next_dagrun for example_python_decorator to None, run_after=None
[2025-12-08T07:40:52.927+0000] {processor.py:208} INFO - Processing /home/airflow/.local/lib/python3.12/site-packages/airflow/example_dags/example_python_decorator.py took 0.190 seconds
[2025-12-08T07:41:23.185+0000] {processor.py:186} INFO - Started process (PID=1924) to work on /home/airflow/.local/lib/python3.12/site-packages/airflow/example_dags/example_python_decorator.py
[2025-12-08T07:41:23.188+0000] {processor.py:914} INFO - Processing file /home/airflow/.local/lib/python3.12/site-packages/airflow/example_dags/example_python_decorator.py for tasks to queue
[2025-12-08T07:41:23.195+0000] {logging_mixin.py:190} INFO - [2025-12-08T07:41:23.194+0000] {dagbag.py:587} INFO - Filling up the DagBag from /home/airflow/.local/lib/python3.12/site-packages/airflow/example_dags/example_python_decorator.py
[2025-12-08T07:41:23.224+0000] {processor.py:925} INFO - DAG(s) 'example_python_decorator' retrieved from /home/airflow/.local/lib/python3.12/site-packages/airflow/example_dags/example_python_decorator.py
[2025-12-08T07:41:23.275+0000] {logging_mixin.py:190} INFO - [2025-12-08T07:41:23.273+0000] {dag.py:3211} INFO - Sync 1 DAGs
[2025-12-08T07:41:23.306+0000] {logging_mixin.py:190} INFO - [2025-12-08T07:41:23.305+0000] {dag.py:4138} INFO - Setting next_dagrun for example_python_decorator to None, run_after=None
[2025-12-08T07:41:23.360+0000] {processor.py:208} INFO - Processing /home/airflow/.local/lib/python3.12/site-packages/airflow/example_dags/example_python_decorator.py took 0.185 seconds
[2025-12-08T07:41:53.744+0000] {processor.py:186} INFO - Started process (PID=1987) to work on /home/airflow/.local/lib/python3.12/site-packages/airflow/example_dags/example_python_decorator.py
[2025-12-08T07:41:53.747+0000] {processor.py:914} INFO - Processing file /home/airflow/.local/lib/python3.12/site-packages/airflow/example_dags/example_python_decorator.py for tasks to queue
[2025-12-08T07:41:53.754+0000] {logging_mixin.py:190} INFO - [2025-12-08T07:41:53.753+0000] {dagbag.py:587} INFO - Filling up the DagBag from /home/airflow/.local/lib/python3.12/site-packages/airflow/example_dags/example_python_decorator.py
[2025-12-08T07:41:53.793+0000] {processor.py:925} INFO - DAG(s) 'example_python_decorator' retrieved from /home/airflow/.local/lib/python3.12/site-packages/airflow/example_dags/example_python_decorator.py
[2025-12-08T07:41:53.850+0000] {logging_mixin.py:190} INFO - [2025-12-08T07:41:53.850+0000] {dag.py:3211} INFO - Sync 1 DAGs
[2025-12-08T07:41:53.885+0000] {logging_mixin.py:190} INFO - [2025-12-08T07:41:53.884+0000] {dag.py:4138} INFO - Setting next_dagrun for example_python_decorator to None, run_after=None
[2025-12-08T07:41:53.927+0000] {processor.py:208} INFO - Processing /home/airflow/.local/lib/python3.12/site-packages/airflow/example_dags/example_python_decorator.py took 0.194 seconds
[2025-12-08T07:42:24.573+0000] {processor.py:186} INFO - Started process (PID=2051) to work on /home/airflow/.local/lib/python3.12/site-packages/airflow/example_dags/example_python_decorator.py
[2025-12-08T07:42:24.579+0000] {processor.py:914} INFO - Processing file /home/airflow/.local/lib/python3.12/site-packages/airflow/example_dags/example_python_decorator.py for tasks to queue
[2025-12-08T07:42:24.593+0000] {logging_mixin.py:190} INFO - [2025-12-08T07:42:24.590+0000] {dagbag.py:587} INFO - Filling up the DagBag from /home/airflow/.local/lib/python3.12/site-packages/airflow/example_dags/example_python_decorator.py
[2025-12-08T07:42:24.655+0000] {processor.py:925} INFO - DAG(s) 'example_python_decorator' retrieved from /home/airflow/.local/lib/python3.12/site-packages/airflow/example_dags/example_python_decorator.py
[2025-12-08T07:42:24.797+0000] {logging_mixin.py:190} INFO - [2025-12-08T07:42:24.796+0000] {dag.py:3211} INFO - Sync 1 DAGs
[2025-12-08T07:42:24.878+0000] {logging_mixin.py:190} INFO - [2025-12-08T07:42:24.877+0000] {dag.py:4138} INFO - Setting next_dagrun for example_python_decorator to None, run_after=None
[2025-12-08T07:42:24.982+0000] {processor.py:208} INFO - Processing /home/airflow/.local/lib/python3.12/site-packages/airflow/example_dags/example_python_decorator.py took 0.438 seconds
[2025-12-08T07:42:55.152+0000] {processor.py:186} INFO - Started process (PID=2114) to work on /home/airflow/.local/lib/python3.12/site-packages/airflow/example_dags/example_python_decorator.py
[2025-12-08T07:42:55.155+0000] {processor.py:914} INFO - Processing file /home/airflow/.local/lib/python3.12/site-packages/airflow/example_dags/example_python_decorator.py for tasks to queue
[2025-12-08T07:42:55.162+0000] {logging_mixin.py:190} INFO - [2025-12-08T07:42:55.161+0000] {dagbag.py:587} INFO - Filling up the DagBag from /home/airflow/.local/lib/python3.12/site-packages/airflow/example_dags/example_python_decorator.py
[2025-12-08T07:42:55.200+0000] {processor.py:925} INFO - DAG(s) 'example_python_decorator' retrieved from /home/airflow/.local/lib/python3.12/site-packages/airflow/example_dags/example_python_decorator.py
[2025-12-08T07:42:55.245+0000] {logging_mixin.py:190} INFO - [2025-12-08T07:42:55.244+0000] {dag.py:3211} INFO - Sync 1 DAGs
[2025-12-08T07:42:55.274+0000] {logging_mixin.py:190} INFO - [2025-12-08T07:42:55.273+0000] {dag.py:4138} INFO - Setting next_dagrun for example_python_decorator to None, run_after=None
[2025-12-08T07:42:55.327+0000] {processor.py:208} INFO - Processing /home/airflow/.local/lib/python3.12/site-packages/airflow/example_dags/example_python_decorator.py took 0.187 seconds
[2025-12-08T07:43:25.843+0000] {processor.py:186} INFO - Started process (PID=2177) to work on /home/airflow/.local/lib/python3.12/site-packages/airflow/example_dags/example_python_decorator.py
[2025-12-08T07:43:25.847+0000] {processor.py:914} INFO - Processing file /home/airflow/.local/lib/python3.12/site-packages/airflow/example_dags/example_python_decorator.py for tasks to queue
[2025-12-08T07:43:25.857+0000] {logging_mixin.py:190} INFO - [2025-12-08T07:43:25.857+0000] {dagbag.py:587} INFO - Filling up the DagBag from /home/airflow/.local/lib/python3.12/site-packages/airflow/example_dags/example_python_decorator.py
[2025-12-08T07:43:25.897+0000] {processor.py:925} INFO - DAG(s) 'example_python_decorator' retrieved from /home/airflow/.local/lib/python3.12/site-packages/airflow/example_dags/example_python_decorator.py
[2025-12-08T07:43:25.997+0000] {logging_mixin.py:190} INFO - [2025-12-08T07:43:25.996+0000] {dag.py:3211} INFO - Sync 1 DAGs
[2025-12-08T07:43:26.036+0000] {logging_mixin.py:190} INFO - [2025-12-08T07:43:26.036+0000] {dag.py:4138} INFO - Setting next_dagrun for example_python_decorator to None, run_after=None
[2025-12-08T07:43:26.102+0000] {processor.py:208} INFO - Processing /home/airflow/.local/lib/python3.12/site-packages/airflow/example_dags/example_python_decorator.py took 0.273 seconds
[2025-12-08T07:43:57.018+0000] {processor.py:186} INFO - Started process (PID=2240) to work on /home/airflow/.local/lib/python3.12/site-packages/airflow/example_dags/example_python_decorator.py
[2025-12-08T07:43:57.022+0000] {processor.py:914} INFO - Processing file /home/airflow/.local/lib/python3.12/site-packages/airflow/example_dags/example_python_decorator.py for tasks to queue
[2025-12-08T07:43:57.033+0000] {logging_mixin.py:190} INFO - [2025-12-08T07:43:57.032+0000] {dagbag.py:587} INFO - Filling up the DagBag from /home/airflow/.local/lib/python3.12/site-packages/airflow/example_dags/example_python_decorator.py
[2025-12-08T07:43:57.090+0000] {processor.py:925} INFO - DAG(s) 'example_python_decorator' retrieved from /home/airflow/.local/lib/python3.12/site-packages/airflow/example_dags/example_python_decorator.py
[2025-12-08T07:43:57.185+0000] {logging_mixin.py:190} INFO - [2025-12-08T07:43:57.184+0000] {dag.py:3211} INFO - Sync 1 DAGs
[2025-12-08T07:43:57.232+0000] {logging_mixin.py:190} INFO - [2025-12-08T07:43:57.231+0000] {dag.py:4138} INFO - Setting next_dagrun for example_python_decorator to None, run_after=None
[2025-12-08T07:43:57.324+0000] {processor.py:208} INFO - Processing /home/airflow/.local/lib/python3.12/site-packages/airflow/example_dags/example_python_decorator.py took 0.320 seconds
[2025-12-08T07:44:27.765+0000] {processor.py:186} INFO - Started process (PID=2303) to work on /home/airflow/.local/lib/python3.12/site-packages/airflow/example_dags/example_python_decorator.py
[2025-12-08T07:44:27.767+0000] {processor.py:914} INFO - Processing file /home/airflow/.local/lib/python3.12/site-packages/airflow/example_dags/example_python_decorator.py for tasks to queue
[2025-12-08T07:44:27.773+0000] {logging_mixin.py:190} INFO - [2025-12-08T07:44:27.772+0000] {dagbag.py:587} INFO - Filling up the DagBag from /home/airflow/.local/lib/python3.12/site-packages/airflow/example_dags/example_python_decorator.py
[2025-12-08T07:44:27.805+0000] {processor.py:925} INFO - DAG(s) 'example_python_decorator' retrieved from /home/airflow/.local/lib/python3.12/site-packages/airflow/example_dags/example_python_decorator.py
[2025-12-08T07:44:27.852+0000] {logging_mixin.py:190} INFO - [2025-12-08T07:44:27.851+0000] {dag.py:3211} INFO - Sync 1 DAGs
[2025-12-08T07:44:27.880+0000] {logging_mixin.py:190} INFO - [2025-12-08T07:44:27.879+0000] {dag.py:4138} INFO - Setting next_dagrun for example_python_decorator to None, run_after=None
[2025-12-08T07:44:27.942+0000] {processor.py:208} INFO - Processing /home/airflow/.local/lib/python3.12/site-packages/airflow/example_dags/example_python_decorator.py took 0.189 seconds
[2025-12-08T07:44:58.170+0000] {processor.py:186} INFO - Started process (PID=2366) to work on /home/airflow/.local/lib/python3.12/site-packages/airflow/example_dags/example_python_decorator.py
[2025-12-08T07:44:58.173+0000] {processor.py:914} INFO - Processing file /home/airflow/.local/lib/python3.12/site-packages/airflow/example_dags/example_python_decorator.py for tasks to queue
[2025-12-08T07:44:58.180+0000] {logging_mixin.py:190} INFO - [2025-12-08T07:44:58.179+0000] {dagbag.py:587} INFO - Filling up the DagBag from /home/airflow/.local/lib/python3.12/site-packages/airflow/example_dags/example_python_decorator.py
[2025-12-08T07:44:58.208+0000] {processor.py:925} INFO - DAG(s) 'example_python_decorator' retrieved from /home/airflow/.local/lib/python3.12/site-packages/airflow/example_dags/example_python_decorator.py
[2025-12-08T07:44:58.262+0000] {logging_mixin.py:190} INFO - [2025-12-08T07:44:58.262+0000] {dag.py:3211} INFO - Sync 1 DAGs
[2025-12-08T07:44:58.290+0000] {logging_mixin.py:190} INFO - [2025-12-08T07:44:58.290+0000] {dag.py:4138} INFO - Setting next_dagrun for example_python_decorator to None, run_after=None
[2025-12-08T07:44:58.335+0000] {processor.py:208} INFO - Processing /home/airflow/.local/lib/python3.12/site-packages/airflow/example_dags/example_python_decorator.py took 0.177 seconds
[2025-12-08T07:45:28.832+0000] {processor.py:186} INFO - Started process (PID=2429) to work on /home/airflow/.local/lib/python3.12/site-packages/airflow/example_dags/example_python_decorator.py
[2025-12-08T07:45:28.835+0000] {processor.py:914} INFO - Processing file /home/airflow/.local/lib/python3.12/site-packages/airflow/example_dags/example_python_decorator.py for tasks to queue
[2025-12-08T07:45:28.840+0000] {logging_mixin.py:190} INFO - [2025-12-08T07:45:28.840+0000] {dagbag.py:587} INFO - Filling up the DagBag from /home/airflow/.local/lib/python3.12/site-packages/airflow/example_dags/example_python_decorator.py
[2025-12-08T07:45:28.880+0000] {processor.py:925} INFO - DAG(s) 'example_python_decorator' retrieved from /home/airflow/.local/lib/python3.12/site-packages/airflow/example_dags/example_python_decorator.py
[2025-12-08T07:45:28.928+0000] {logging_mixin.py:190} INFO - [2025-12-08T07:45:28.927+0000] {dag.py:3211} INFO - Sync 1 DAGs
[2025-12-08T07:45:28.961+0000] {logging_mixin.py:190} INFO - [2025-12-08T07:45:28.960+0000] {dag.py:4138} INFO - Setting next_dagrun for example_python_decorator to None, run_after=None
[2025-12-08T07:45:29.004+0000] {processor.py:208} INFO - Processing /home/airflow/.local/lib/python3.12/site-packages/airflow/example_dags/example_python_decorator.py took 0.185 seconds
[2025-12-08T07:45:59.447+0000] {processor.py:186} INFO - Started process (PID=2498) to work on /home/airflow/.local/lib/python3.12/site-packages/airflow/example_dags/example_python_decorator.py
[2025-12-08T07:45:59.450+0000] {processor.py:914} INFO - Processing file /home/airflow/.local/lib/python3.12/site-packages/airflow/example_dags/example_python_decorator.py for tasks to queue
[2025-12-08T07:45:59.455+0000] {logging_mixin.py:190} INFO - [2025-12-08T07:45:59.454+0000] {dagbag.py:587} INFO - Filling up the DagBag from /home/airflow/.local/lib/python3.12/site-packages/airflow/example_dags/example_python_decorator.py
[2025-12-08T07:45:59.486+0000] {processor.py:925} INFO - DAG(s) 'example_python_decorator' retrieved from /home/airflow/.local/lib/python3.12/site-packages/airflow/example_dags/example_python_decorator.py
[2025-12-08T07:45:59.539+0000] {logging_mixin.py:190} INFO - [2025-12-08T07:45:59.538+0000] {dag.py:3211} INFO - Sync 1 DAGs
[2025-12-08T07:45:59.570+0000] {logging_mixin.py:190} INFO - [2025-12-08T07:45:59.569+0000] {dag.py:4138} INFO - Setting next_dagrun for example_python_decorator to None, run_after=None
[2025-12-08T07:45:59.610+0000] {processor.py:208} INFO - Processing /home/airflow/.local/lib/python3.12/site-packages/airflow/example_dags/example_python_decorator.py took 0.175 seconds
[2025-12-08T07:46:30.040+0000] {processor.py:186} INFO - Started process (PID=2561) to work on /home/airflow/.local/lib/python3.12/site-packages/airflow/example_dags/example_python_decorator.py
[2025-12-08T07:46:30.042+0000] {processor.py:914} INFO - Processing file /home/airflow/.local/lib/python3.12/site-packages/airflow/example_dags/example_python_decorator.py for tasks to queue
[2025-12-08T07:46:30.052+0000] {logging_mixin.py:190} INFO - [2025-12-08T07:46:30.050+0000] {dagbag.py:587} INFO - Filling up the DagBag from /home/airflow/.local/lib/python3.12/site-packages/airflow/example_dags/example_python_decorator.py
[2025-12-08T07:46:30.078+0000] {processor.py:925} INFO - DAG(s) 'example_python_decorator' retrieved from /home/airflow/.local/lib/python3.12/site-packages/airflow/example_dags/example_python_decorator.py
[2025-12-08T07:46:30.129+0000] {logging_mixin.py:190} INFO - [2025-12-08T07:46:30.128+0000] {dag.py:3211} INFO - Sync 1 DAGs
[2025-12-08T07:46:30.162+0000] {logging_mixin.py:190} INFO - [2025-12-08T07:46:30.161+0000] {dag.py:4138} INFO - Setting next_dagrun for example_python_decorator to None, run_after=None
[2025-12-08T07:46:30.213+0000] {processor.py:208} INFO - Processing /home/airflow/.local/lib/python3.12/site-packages/airflow/example_dags/example_python_decorator.py took 0.188 seconds
[2025-12-08T07:47:00.785+0000] {processor.py:186} INFO - Started process (PID=2624) to work on /home/airflow/.local/lib/python3.12/site-packages/airflow/example_dags/example_python_decorator.py
[2025-12-08T07:47:00.788+0000] {processor.py:914} INFO - Processing file /home/airflow/.local/lib/python3.12/site-packages/airflow/example_dags/example_python_decorator.py for tasks to queue
[2025-12-08T07:47:00.796+0000] {logging_mixin.py:190} INFO - [2025-12-08T07:47:00.795+0000] {dagbag.py:587} INFO - Filling up the DagBag from /home/airflow/.local/lib/python3.12/site-packages/airflow/example_dags/example_python_decorator.py
[2025-12-08T07:47:00.832+0000] {processor.py:925} INFO - DAG(s) 'example_python_decorator' retrieved from /home/airflow/.local/lib/python3.12/site-packages/airflow/example_dags/example_python_decorator.py
[2025-12-08T07:47:00.885+0000] {logging_mixin.py:190} INFO - [2025-12-08T07:47:00.885+0000] {dag.py:3211} INFO - Sync 1 DAGs
[2025-12-08T07:47:00.927+0000] {logging_mixin.py:190} INFO - [2025-12-08T07:47:00.925+0000] {dag.py:4138} INFO - Setting next_dagrun for example_python_decorator to None, run_after=None
[2025-12-08T07:47:00.971+0000] {processor.py:208} INFO - Processing /home/airflow/.local/lib/python3.12/site-packages/airflow/example_dags/example_python_decorator.py took 0.202 seconds
[2025-12-08T07:47:31.634+0000] {processor.py:186} INFO - Started process (PID=2686) to work on /home/airflow/.local/lib/python3.12/site-packages/airflow/example_dags/example_python_decorator.py
[2025-12-08T07:47:31.638+0000] {processor.py:914} INFO - Processing file /home/airflow/.local/lib/python3.12/site-packages/airflow/example_dags/example_python_decorator.py for tasks to queue
[2025-12-08T07:47:31.647+0000] {logging_mixin.py:190} INFO - [2025-12-08T07:47:31.647+0000] {dagbag.py:587} INFO - Filling up the DagBag from /home/airflow/.local/lib/python3.12/site-packages/airflow/example_dags/example_python_decorator.py
[2025-12-08T07:47:31.682+0000] {processor.py:925} INFO - DAG(s) 'example_python_decorator' retrieved from /home/airflow/.local/lib/python3.12/site-packages/airflow/example_dags/example_python_decorator.py
[2025-12-08T07:47:31.739+0000] {logging_mixin.py:190} INFO - [2025-12-08T07:47:31.739+0000] {dag.py:3211} INFO - Sync 1 DAGs
[2025-12-08T07:47:31.773+0000] {logging_mixin.py:190} INFO - [2025-12-08T07:47:31.772+0000] {dag.py:4138} INFO - Setting next_dagrun for example_python_decorator to None, run_after=None
[2025-12-08T07:47:31.819+0000] {processor.py:208} INFO - Processing /home/airflow/.local/lib/python3.12/site-packages/airflow/example_dags/example_python_decorator.py took 0.203 seconds
[2025-12-08T07:48:02.656+0000] {processor.py:186} INFO - Started process (PID=2749) to work on /home/airflow/.local/lib/python3.12/site-packages/airflow/example_dags/example_python_decorator.py
[2025-12-08T07:48:02.660+0000] {processor.py:914} INFO - Processing file /home/airflow/.local/lib/python3.12/site-packages/airflow/example_dags/example_python_decorator.py for tasks to queue
[2025-12-08T07:48:02.669+0000] {logging_mixin.py:190} INFO - [2025-12-08T07:48:02.668+0000] {dagbag.py:587} INFO - Filling up the DagBag from /home/airflow/.local/lib/python3.12/site-packages/airflow/example_dags/example_python_decorator.py
[2025-12-08T07:48:02.700+0000] {processor.py:925} INFO - DAG(s) 'example_python_decorator' retrieved from /home/airflow/.local/lib/python3.12/site-packages/airflow/example_dags/example_python_decorator.py
[2025-12-08T07:48:02.754+0000] {logging_mixin.py:190} INFO - [2025-12-08T07:48:02.754+0000] {dag.py:3211} INFO - Sync 1 DAGs
[2025-12-08T07:48:02.782+0000] {logging_mixin.py:190} INFO - [2025-12-08T07:48:02.782+0000] {dag.py:4138} INFO - Setting next_dagrun for example_python_decorator to None, run_after=None
[2025-12-08T07:48:02.827+0000] {processor.py:208} INFO - Processing /home/airflow/.local/lib/python3.12/site-packages/airflow/example_dags/example_python_decorator.py took 0.184 seconds
[2025-12-08T07:48:33.488+0000] {processor.py:186} INFO - Started process (PID=2812) to work on /home/airflow/.local/lib/python3.12/site-packages/airflow/example_dags/example_python_decorator.py
[2025-12-08T07:48:33.491+0000] {processor.py:914} INFO - Processing file /home/airflow/.local/lib/python3.12/site-packages/airflow/example_dags/example_python_decorator.py for tasks to queue
[2025-12-08T07:48:33.499+0000] {logging_mixin.py:190} INFO - [2025-12-08T07:48:33.498+0000] {dagbag.py:587} INFO - Filling up the DagBag from /home/airflow/.local/lib/python3.12/site-packages/airflow/example_dags/example_python_decorator.py
[2025-12-08T07:48:33.528+0000] {processor.py:925} INFO - DAG(s) 'example_python_decorator' retrieved from /home/airflow/.local/lib/python3.12/site-packages/airflow/example_dags/example_python_decorator.py
[2025-12-08T07:48:33.571+0000] {logging_mixin.py:190} INFO - [2025-12-08T07:48:33.570+0000] {dag.py:3211} INFO - Sync 1 DAGs
[2025-12-08T07:48:33.596+0000] {logging_mixin.py:190} INFO - [2025-12-08T07:48:33.595+0000] {dag.py:4138} INFO - Setting next_dagrun for example_python_decorator to None, run_after=None
[2025-12-08T07:48:33.637+0000] {processor.py:208} INFO - Processing /home/airflow/.local/lib/python3.12/site-packages/airflow/example_dags/example_python_decorator.py took 0.161 seconds
[2025-12-08T07:49:03.888+0000] {processor.py:186} INFO - Started process (PID=2875) to work on /home/airflow/.local/lib/python3.12/site-packages/airflow/example_dags/example_python_decorator.py
[2025-12-08T07:49:03.891+0000] {processor.py:914} INFO - Processing file /home/airflow/.local/lib/python3.12/site-packages/airflow/example_dags/example_python_decorator.py for tasks to queue
[2025-12-08T07:49:03.896+0000] {logging_mixin.py:190} INFO - [2025-12-08T07:49:03.895+0000] {dagbag.py:587} INFO - Filling up the DagBag from /home/airflow/.local/lib/python3.12/site-packages/airflow/example_dags/example_python_decorator.py
[2025-12-08T07:49:03.925+0000] {processor.py:925} INFO - DAG(s) 'example_python_decorator' retrieved from /home/airflow/.local/lib/python3.12/site-packages/airflow/example_dags/example_python_decorator.py
[2025-12-08T07:49:03.976+0000] {logging_mixin.py:190} INFO - [2025-12-08T07:49:03.975+0000] {dag.py:3211} INFO - Sync 1 DAGs
[2025-12-08T07:49:04.002+0000] {logging_mixin.py:190} INFO - [2025-12-08T07:49:04.001+0000] {dag.py:4138} INFO - Setting next_dagrun for example_python_decorator to None, run_after=None
[2025-12-08T07:49:04.046+0000] {processor.py:208} INFO - Processing /home/airflow/.local/lib/python3.12/site-packages/airflow/example_dags/example_python_decorator.py took 0.172 seconds
[2025-12-08T07:49:34.621+0000] {processor.py:186} INFO - Started process (PID=2938) to work on /home/airflow/.local/lib/python3.12/site-packages/airflow/example_dags/example_python_decorator.py
[2025-12-08T07:49:34.624+0000] {processor.py:914} INFO - Processing file /home/airflow/.local/lib/python3.12/site-packages/airflow/example_dags/example_python_decorator.py for tasks to queue
[2025-12-08T07:49:34.630+0000] {logging_mixin.py:190} INFO - [2025-12-08T07:49:34.629+0000] {dagbag.py:587} INFO - Filling up the DagBag from /home/airflow/.local/lib/python3.12/site-packages/airflow/example_dags/example_python_decorator.py
[2025-12-08T07:49:34.660+0000] {processor.py:925} INFO - DAG(s) 'example_python_decorator' retrieved from /home/airflow/.local/lib/python3.12/site-packages/airflow/example_dags/example_python_decorator.py
[2025-12-08T07:49:34.708+0000] {logging_mixin.py:190} INFO - [2025-12-08T07:49:34.707+0000] {dag.py:3211} INFO - Sync 1 DAGs
[2025-12-08T07:49:34.734+0000] {logging_mixin.py:190} INFO - [2025-12-08T07:49:34.734+0000] {dag.py:4138} INFO - Setting next_dagrun for example_python_decorator to None, run_after=None
[2025-12-08T07:49:34.771+0000] {processor.py:208} INFO - Processing /home/airflow/.local/lib/python3.12/site-packages/airflow/example_dags/example_python_decorator.py took 0.161 seconds
[2025-12-08T07:50:05.162+0000] {processor.py:186} INFO - Started process (PID=3001) to work on /home/airflow/.local/lib/python3.12/site-packages/airflow/example_dags/example_python_decorator.py
[2025-12-08T07:50:05.164+0000] {processor.py:914} INFO - Processing file /home/airflow/.local/lib/python3.12/site-packages/airflow/example_dags/example_python_decorator.py for tasks to queue
[2025-12-08T07:50:05.170+0000] {logging_mixin.py:190} INFO - [2025-12-08T07:50:05.170+0000] {dagbag.py:587} INFO - Filling up the DagBag from /home/airflow/.local/lib/python3.12/site-packages/airflow/example_dags/example_python_decorator.py
[2025-12-08T07:50:05.207+0000] {processor.py:925} INFO - DAG(s) 'example_python_decorator' retrieved from /home/airflow/.local/lib/python3.12/site-packages/airflow/example_dags/example_python_decorator.py
[2025-12-08T07:50:05.259+0000] {logging_mixin.py:190} INFO - [2025-12-08T07:50:05.258+0000] {dag.py:3211} INFO - Sync 1 DAGs
[2025-12-08T07:50:05.289+0000] {logging_mixin.py:190} INFO - [2025-12-08T07:50:05.289+0000] {dag.py:4138} INFO - Setting next_dagrun for example_python_decorator to None, run_after=None
[2025-12-08T07:50:05.341+0000] {processor.py:208} INFO - Processing /home/airflow/.local/lib/python3.12/site-packages/airflow/example_dags/example_python_decorator.py took 0.194 seconds
[2025-12-08T07:50:36.106+0000] {processor.py:186} INFO - Started process (PID=3064) to work on /home/airflow/.local/lib/python3.12/site-packages/airflow/example_dags/example_python_decorator.py
[2025-12-08T07:50:36.109+0000] {processor.py:914} INFO - Processing file /home/airflow/.local/lib/python3.12/site-packages/airflow/example_dags/example_python_decorator.py for tasks to queue
[2025-12-08T07:50:36.114+0000] {logging_mixin.py:190} INFO - [2025-12-08T07:50:36.113+0000] {dagbag.py:587} INFO - Filling up the DagBag from /home/airflow/.local/lib/python3.12/site-packages/airflow/example_dags/example_python_decorator.py
[2025-12-08T07:50:36.145+0000] {processor.py:925} INFO - DAG(s) 'example_python_decorator' retrieved from /home/airflow/.local/lib/python3.12/site-packages/airflow/example_dags/example_python_decorator.py
[2025-12-08T07:50:36.186+0000] {logging_mixin.py:190} INFO - [2025-12-08T07:50:36.186+0000] {dag.py:3211} INFO - Sync 1 DAGs
[2025-12-08T07:50:36.212+0000] {logging_mixin.py:190} INFO - [2025-12-08T07:50:36.212+0000] {dag.py:4138} INFO - Setting next_dagrun for example_python_decorator to None, run_after=None
[2025-12-08T07:50:36.249+0000] {processor.py:208} INFO - Processing /home/airflow/.local/lib/python3.12/site-packages/airflow/example_dags/example_python_decorator.py took 0.155 seconds
[2025-12-08T07:51:06.586+0000] {processor.py:186} INFO - Started process (PID=3127) to work on /home/airflow/.local/lib/python3.12/site-packages/airflow/example_dags/example_python_decorator.py
[2025-12-08T07:51:06.588+0000] {processor.py:914} INFO - Processing file /home/airflow/.local/lib/python3.12/site-packages/airflow/example_dags/example_python_decorator.py for tasks to queue
[2025-12-08T07:51:06.592+0000] {logging_mixin.py:190} INFO - [2025-12-08T07:51:06.592+0000] {dagbag.py:587} INFO - Filling up the DagBag from /home/airflow/.local/lib/python3.12/site-packages/airflow/example_dags/example_python_decorator.py
[2025-12-08T07:51:06.620+0000] {processor.py:925} INFO - DAG(s) 'example_python_decorator' retrieved from /home/airflow/.local/lib/python3.12/site-packages/airflow/example_dags/example_python_decorator.py
[2025-12-08T07:51:06.668+0000] {logging_mixin.py:190} INFO - [2025-12-08T07:51:06.668+0000] {dag.py:3211} INFO - Sync 1 DAGs
[2025-12-08T07:51:06.696+0000] {logging_mixin.py:190} INFO - [2025-12-08T07:51:06.696+0000] {dag.py:4138} INFO - Setting next_dagrun for example_python_decorator to None, run_after=None
[2025-12-08T07:51:06.741+0000] {processor.py:208} INFO - Processing /home/airflow/.local/lib/python3.12/site-packages/airflow/example_dags/example_python_decorator.py took 0.165 seconds
[2025-12-08T07:51:36.981+0000] {processor.py:186} INFO - Started process (PID=3190) to work on /home/airflow/.local/lib/python3.12/site-packages/airflow/example_dags/example_python_decorator.py
[2025-12-08T07:51:36.982+0000] {processor.py:914} INFO - Processing file /home/airflow/.local/lib/python3.12/site-packages/airflow/example_dags/example_python_decorator.py for tasks to queue
[2025-12-08T07:51:36.987+0000] {logging_mixin.py:190} INFO - [2025-12-08T07:51:36.986+0000] {dagbag.py:587} INFO - Filling up the DagBag from /home/airflow/.local/lib/python3.12/site-packages/airflow/example_dags/example_python_decorator.py
[2025-12-08T07:51:37.013+0000] {processor.py:925} INFO - DAG(s) 'example_python_decorator' retrieved from /home/airflow/.local/lib/python3.12/site-packages/airflow/example_dags/example_python_decorator.py
[2025-12-08T07:51:37.038+0000] {logging_mixin.py:190} INFO - [2025-12-08T07:51:37.038+0000] {dag.py:3211} INFO - Sync 1 DAGs
[2025-12-08T07:51:37.052+0000] {logging_mixin.py:190} INFO - [2025-12-08T07:51:37.052+0000] {dag.py:4138} INFO - Setting next_dagrun for example_python_decorator to None, run_after=None
[2025-12-08T07:51:37.077+0000] {processor.py:208} INFO - Processing /home/airflow/.local/lib/python3.12/site-packages/airflow/example_dags/example_python_decorator.py took 0.103 seconds
[2025-12-08T07:52:07.469+0000] {processor.py:186} INFO - Started process (PID=3253) to work on /home/airflow/.local/lib/python3.12/site-packages/airflow/example_dags/example_python_decorator.py
[2025-12-08T07:52:07.470+0000] {processor.py:914} INFO - Processing file /home/airflow/.local/lib/python3.12/site-packages/airflow/example_dags/example_python_decorator.py for tasks to queue
[2025-12-08T07:52:07.474+0000] {logging_mixin.py:190} INFO - [2025-12-08T07:52:07.473+0000] {dagbag.py:587} INFO - Filling up the DagBag from /home/airflow/.local/lib/python3.12/site-packages/airflow/example_dags/example_python_decorator.py
[2025-12-08T07:52:07.490+0000] {processor.py:925} INFO - DAG(s) 'example_python_decorator' retrieved from /home/airflow/.local/lib/python3.12/site-packages/airflow/example_dags/example_python_decorator.py
[2025-12-08T07:52:07.516+0000] {logging_mixin.py:190} INFO - [2025-12-08T07:52:07.516+0000] {dag.py:3211} INFO - Sync 1 DAGs
[2025-12-08T07:52:07.532+0000] {logging_mixin.py:190} INFO - [2025-12-08T07:52:07.532+0000] {dag.py:4138} INFO - Setting next_dagrun for example_python_decorator to None, run_after=None
[2025-12-08T07:52:07.557+0000] {processor.py:208} INFO - Processing /home/airflow/.local/lib/python3.12/site-packages/airflow/example_dags/example_python_decorator.py took 0.095 seconds
[2025-12-08T07:52:37.830+0000] {processor.py:186} INFO - Started process (PID=3316) to work on /home/airflow/.local/lib/python3.12/site-packages/airflow/example_dags/example_python_decorator.py
[2025-12-08T07:52:37.831+0000] {processor.py:914} INFO - Processing file /home/airflow/.local/lib/python3.12/site-packages/airflow/example_dags/example_python_decorator.py for tasks to queue
[2025-12-08T07:52:37.835+0000] {logging_mixin.py:190} INFO - [2025-12-08T07:52:37.835+0000] {dagbag.py:587} INFO - Filling up the DagBag from /home/airflow/.local/lib/python3.12/site-packages/airflow/example_dags/example_python_decorator.py
[2025-12-08T07:52:37.858+0000] {processor.py:925} INFO - DAG(s) 'example_python_decorator' retrieved from /home/airflow/.local/lib/python3.12/site-packages/airflow/example_dags/example_python_decorator.py
[2025-12-08T07:52:37.887+0000] {logging_mixin.py:190} INFO - [2025-12-08T07:52:37.887+0000] {dag.py:3211} INFO - Sync 1 DAGs
[2025-12-08T07:52:37.905+0000] {logging_mixin.py:190} INFO - [2025-12-08T07:52:37.905+0000] {dag.py:4138} INFO - Setting next_dagrun for example_python_decorator to None, run_after=None
[2025-12-08T07:52:37.936+0000] {processor.py:208} INFO - Processing /home/airflow/.local/lib/python3.12/site-packages/airflow/example_dags/example_python_decorator.py took 0.115 seconds
[2025-12-08T07:53:08.121+0000] {processor.py:186} INFO - Started process (PID=3379) to work on /home/airflow/.local/lib/python3.12/site-packages/airflow/example_dags/example_python_decorator.py
[2025-12-08T07:53:08.123+0000] {processor.py:914} INFO - Processing file /home/airflow/.local/lib/python3.12/site-packages/airflow/example_dags/example_python_decorator.py for tasks to queue
[2025-12-08T07:53:08.127+0000] {logging_mixin.py:190} INFO - [2025-12-08T07:53:08.126+0000] {dagbag.py:587} INFO - Filling up the DagBag from /home/airflow/.local/lib/python3.12/site-packages/airflow/example_dags/example_python_decorator.py
[2025-12-08T07:53:08.151+0000] {processor.py:925} INFO - DAG(s) 'example_python_decorator' retrieved from /home/airflow/.local/lib/python3.12/site-packages/airflow/example_dags/example_python_decorator.py
[2025-12-08T07:53:08.196+0000] {logging_mixin.py:190} INFO - [2025-12-08T07:53:08.195+0000] {dag.py:3211} INFO - Sync 1 DAGs
[2025-12-08T07:53:08.223+0000] {logging_mixin.py:190} INFO - [2025-12-08T07:53:08.222+0000] {dag.py:4138} INFO - Setting next_dagrun for example_python_decorator to None, run_after=None
[2025-12-08T07:53:08.255+0000] {processor.py:208} INFO - Processing /home/airflow/.local/lib/python3.12/site-packages/airflow/example_dags/example_python_decorator.py took 0.144 seconds
[2025-12-08T07:53:38.899+0000] {processor.py:186} INFO - Started process (PID=3442) to work on /home/airflow/.local/lib/python3.12/site-packages/airflow/example_dags/example_python_decorator.py
[2025-12-08T07:53:38.901+0000] {processor.py:914} INFO - Processing file /home/airflow/.local/lib/python3.12/site-packages/airflow/example_dags/example_python_decorator.py for tasks to queue
[2025-12-08T07:53:38.905+0000] {logging_mixin.py:190} INFO - [2025-12-08T07:53:38.905+0000] {dagbag.py:587} INFO - Filling up the DagBag from /home/airflow/.local/lib/python3.12/site-packages/airflow/example_dags/example_python_decorator.py
[2025-12-08T07:53:38.929+0000] {processor.py:925} INFO - DAG(s) 'example_python_decorator' retrieved from /home/airflow/.local/lib/python3.12/site-packages/airflow/example_dags/example_python_decorator.py
[2025-12-08T07:53:38.961+0000] {logging_mixin.py:190} INFO - [2025-12-08T07:53:38.961+0000] {dag.py:3211} INFO - Sync 1 DAGs
[2025-12-08T07:53:38.985+0000] {logging_mixin.py:190} INFO - [2025-12-08T07:53:38.985+0000] {dag.py:4138} INFO - Setting next_dagrun for example_python_decorator to None, run_after=None
[2025-12-08T07:53:39.012+0000] {processor.py:208} INFO - Processing /home/airflow/.local/lib/python3.12/site-packages/airflow/example_dags/example_python_decorator.py took 0.124 seconds
[2025-12-08T07:54:09.604+0000] {processor.py:186} INFO - Started process (PID=3505) to work on /home/airflow/.local/lib/python3.12/site-packages/airflow/example_dags/example_python_decorator.py
[2025-12-08T07:54:09.607+0000] {processor.py:914} INFO - Processing file /home/airflow/.local/lib/python3.12/site-packages/airflow/example_dags/example_python_decorator.py for tasks to queue
[2025-12-08T07:54:09.614+0000] {logging_mixin.py:190} INFO - [2025-12-08T07:54:09.613+0000] {dagbag.py:587} INFO - Filling up the DagBag from /home/airflow/.local/lib/python3.12/site-packages/airflow/example_dags/example_python_decorator.py
[2025-12-08T07:54:09.631+0000] {processor.py:925} INFO - DAG(s) 'example_python_decorator' retrieved from /home/airflow/.local/lib/python3.12/site-packages/airflow/example_dags/example_python_decorator.py
[2025-12-08T07:54:09.657+0000] {logging_mixin.py:190} INFO - [2025-12-08T07:54:09.656+0000] {dag.py:3211} INFO - Sync 1 DAGs
[2025-12-08T07:54:09.672+0000] {logging_mixin.py:190} INFO - [2025-12-08T07:54:09.672+0000] {dag.py:4138} INFO - Setting next_dagrun for example_python_decorator to None, run_after=None
[2025-12-08T07:54:09.701+0000] {processor.py:208} INFO - Processing /home/airflow/.local/lib/python3.12/site-packages/airflow/example_dags/example_python_decorator.py took 0.107 seconds
[2025-12-08T07:54:40.539+0000] {processor.py:186} INFO - Started process (PID=3568) to work on /home/airflow/.local/lib/python3.12/site-packages/airflow/example_dags/example_python_decorator.py
[2025-12-08T07:54:40.541+0000] {processor.py:914} INFO - Processing file /home/airflow/.local/lib/python3.12/site-packages/airflow/example_dags/example_python_decorator.py for tasks to queue
[2025-12-08T07:54:40.544+0000] {logging_mixin.py:190} INFO - [2025-12-08T07:54:40.544+0000] {dagbag.py:587} INFO - Filling up the DagBag from /home/airflow/.local/lib/python3.12/site-packages/airflow/example_dags/example_python_decorator.py
[2025-12-08T07:54:40.563+0000] {processor.py:925} INFO - DAG(s) 'example_python_decorator' retrieved from /home/airflow/.local/lib/python3.12/site-packages/airflow/example_dags/example_python_decorator.py
[2025-12-08T07:54:40.591+0000] {logging_mixin.py:190} INFO - [2025-12-08T07:54:40.591+0000] {dag.py:3211} INFO - Sync 1 DAGs
[2025-12-08T07:54:40.608+0000] {logging_mixin.py:190} INFO - [2025-12-08T07:54:40.607+0000] {dag.py:4138} INFO - Setting next_dagrun for example_python_decorator to None, run_after=None
[2025-12-08T07:54:40.631+0000] {processor.py:208} INFO - Processing /home/airflow/.local/lib/python3.12/site-packages/airflow/example_dags/example_python_decorator.py took 0.105 seconds
[2025-12-08T07:55:11.288+0000] {processor.py:186} INFO - Started process (PID=3631) to work on /home/airflow/.local/lib/python3.12/site-packages/airflow/example_dags/example_python_decorator.py
[2025-12-08T07:55:11.290+0000] {processor.py:914} INFO - Processing file /home/airflow/.local/lib/python3.12/site-packages/airflow/example_dags/example_python_decorator.py for tasks to queue
[2025-12-08T07:55:11.295+0000] {logging_mixin.py:190} INFO - [2025-12-08T07:55:11.294+0000] {dagbag.py:587} INFO - Filling up the DagBag from /home/airflow/.local/lib/python3.12/site-packages/airflow/example_dags/example_python_decorator.py
[2025-12-08T07:55:11.311+0000] {processor.py:925} INFO - DAG(s) 'example_python_decorator' retrieved from /home/airflow/.local/lib/python3.12/site-packages/airflow/example_dags/example_python_decorator.py
[2025-12-08T07:55:11.339+0000] {logging_mixin.py:190} INFO - [2025-12-08T07:55:11.339+0000] {dag.py:3211} INFO - Sync 1 DAGs
[2025-12-08T07:55:11.361+0000] {logging_mixin.py:190} INFO - [2025-12-08T07:55:11.361+0000] {dag.py:4138} INFO - Setting next_dagrun for example_python_decorator to None, run_after=None
[2025-12-08T07:55:11.385+0000] {processor.py:208} INFO - Processing /home/airflow/.local/lib/python3.12/site-packages/airflow/example_dags/example_python_decorator.py took 0.105 seconds
[2025-12-08T07:55:41.615+0000] {processor.py:186} INFO - Started process (PID=3695) to work on /home/airflow/.local/lib/python3.12/site-packages/airflow/example_dags/example_python_decorator.py
[2025-12-08T07:55:41.617+0000] {processor.py:914} INFO - Processing file /home/airflow/.local/lib/python3.12/site-packages/airflow/example_dags/example_python_decorator.py for tasks to queue
[2025-12-08T07:55:41.623+0000] {logging_mixin.py:190} INFO - [2025-12-08T07:55:41.623+0000] {dagbag.py:587} INFO - Filling up the DagBag from /home/airflow/.local/lib/python3.12/site-packages/airflow/example_dags/example_python_decorator.py
[2025-12-08T07:55:41.652+0000] {processor.py:925} INFO - DAG(s) 'example_python_decorator' retrieved from /home/airflow/.local/lib/python3.12/site-packages/airflow/example_dags/example_python_decorator.py
[2025-12-08T07:55:41.703+0000] {logging_mixin.py:190} INFO - [2025-12-08T07:55:41.702+0000] {dag.py:3211} INFO - Sync 1 DAGs
[2025-12-08T07:55:41.728+0000] {logging_mixin.py:190} INFO - [2025-12-08T07:55:41.727+0000] {dag.py:4138} INFO - Setting next_dagrun for example_python_decorator to None, run_after=None
[2025-12-08T07:55:41.775+0000] {processor.py:208} INFO - Processing /home/airflow/.local/lib/python3.12/site-packages/airflow/example_dags/example_python_decorator.py took 0.171 seconds
[2025-12-08T07:56:12.017+0000] {processor.py:186} INFO - Started process (PID=3759) to work on /home/airflow/.local/lib/python3.12/site-packages/airflow/example_dags/example_python_decorator.py
[2025-12-08T07:56:12.019+0000] {processor.py:914} INFO - Processing file /home/airflow/.local/lib/python3.12/site-packages/airflow/example_dags/example_python_decorator.py for tasks to queue
[2025-12-08T07:56:12.023+0000] {logging_mixin.py:190} INFO - [2025-12-08T07:56:12.022+0000] {dagbag.py:587} INFO - Filling up the DagBag from /home/airflow/.local/lib/python3.12/site-packages/airflow/example_dags/example_python_decorator.py
[2025-12-08T07:56:12.042+0000] {processor.py:925} INFO - DAG(s) 'example_python_decorator' retrieved from /home/airflow/.local/lib/python3.12/site-packages/airflow/example_dags/example_python_decorator.py
[2025-12-08T07:56:12.073+0000] {logging_mixin.py:190} INFO - [2025-12-08T07:56:12.072+0000] {dag.py:3211} INFO - Sync 1 DAGs
[2025-12-08T07:56:12.096+0000] {logging_mixin.py:190} INFO - [2025-12-08T07:56:12.095+0000] {dag.py:4138} INFO - Setting next_dagrun for example_python_decorator to None, run_after=None
[2025-12-08T07:56:12.127+0000] {processor.py:208} INFO - Processing /home/airflow/.local/lib/python3.12/site-packages/airflow/example_dags/example_python_decorator.py took 0.118 seconds
[2025-12-08T07:56:42.793+0000] {processor.py:186} INFO - Started process (PID=3822) to work on /home/airflow/.local/lib/python3.12/site-packages/airflow/example_dags/example_python_decorator.py
[2025-12-08T07:56:42.795+0000] {processor.py:914} INFO - Processing file /home/airflow/.local/lib/python3.12/site-packages/airflow/example_dags/example_python_decorator.py for tasks to queue
[2025-12-08T07:56:42.800+0000] {logging_mixin.py:190} INFO - [2025-12-08T07:56:42.799+0000] {dagbag.py:587} INFO - Filling up the DagBag from /home/airflow/.local/lib/python3.12/site-packages/airflow/example_dags/example_python_decorator.py
[2025-12-08T07:56:42.821+0000] {processor.py:925} INFO - DAG(s) 'example_python_decorator' retrieved from /home/airflow/.local/lib/python3.12/site-packages/airflow/example_dags/example_python_decorator.py
[2025-12-08T07:56:42.857+0000] {logging_mixin.py:190} INFO - [2025-12-08T07:56:42.856+0000] {dag.py:3211} INFO - Sync 1 DAGs
[2025-12-08T07:56:42.878+0000] {logging_mixin.py:190} INFO - [2025-12-08T07:56:42.878+0000] {dag.py:4138} INFO - Setting next_dagrun for example_python_decorator to None, run_after=None
[2025-12-08T07:56:42.908+0000] {processor.py:208} INFO - Processing /home/airflow/.local/lib/python3.12/site-packages/airflow/example_dags/example_python_decorator.py took 0.122 seconds
[2025-12-08T07:57:13.595+0000] {processor.py:186} INFO - Started process (PID=3885) to work on /home/airflow/.local/lib/python3.12/site-packages/airflow/example_dags/example_python_decorator.py
[2025-12-08T07:57:13.596+0000] {processor.py:914} INFO - Processing file /home/airflow/.local/lib/python3.12/site-packages/airflow/example_dags/example_python_decorator.py for tasks to queue
[2025-12-08T07:57:13.600+0000] {logging_mixin.py:190} INFO - [2025-12-08T07:57:13.599+0000] {dagbag.py:587} INFO - Filling up the DagBag from /home/airflow/.local/lib/python3.12/site-packages/airflow/example_dags/example_python_decorator.py
[2025-12-08T07:57:13.621+0000] {processor.py:925} INFO - DAG(s) 'example_python_decorator' retrieved from /home/airflow/.local/lib/python3.12/site-packages/airflow/example_dags/example_python_decorator.py
[2025-12-08T07:57:13.652+0000] {logging_mixin.py:190} INFO - [2025-12-08T07:57:13.652+0000] {dag.py:3211} INFO - Sync 1 DAGs
[2025-12-08T07:57:13.673+0000] {logging_mixin.py:190} INFO - [2025-12-08T07:57:13.673+0000] {dag.py:4138} INFO - Setting next_dagrun for example_python_decorator to None, run_after=None
[2025-12-08T07:57:13.703+0000] {processor.py:208} INFO - Processing /home/airflow/.local/lib/python3.12/site-packages/airflow/example_dags/example_python_decorator.py took 0.116 seconds
[2025-12-08T07:57:43.839+0000] {processor.py:186} INFO - Started process (PID=3949) to work on /home/airflow/.local/lib/python3.12/site-packages/airflow/example_dags/example_python_decorator.py
[2025-12-08T07:57:43.841+0000] {processor.py:914} INFO - Processing file /home/airflow/.local/lib/python3.12/site-packages/airflow/example_dags/example_python_decorator.py for tasks to queue
[2025-12-08T07:57:43.847+0000] {logging_mixin.py:190} INFO - [2025-12-08T07:57:43.846+0000] {dagbag.py:587} INFO - Filling up the DagBag from /home/airflow/.local/lib/python3.12/site-packages/airflow/example_dags/example_python_decorator.py
[2025-12-08T07:57:43.877+0000] {processor.py:925} INFO - DAG(s) 'example_python_decorator' retrieved from /home/airflow/.local/lib/python3.12/site-packages/airflow/example_dags/example_python_decorator.py
[2025-12-08T07:57:43.929+0000] {logging_mixin.py:190} INFO - [2025-12-08T07:57:43.929+0000] {dag.py:3211} INFO - Sync 1 DAGs
[2025-12-08T07:57:43.959+0000] {logging_mixin.py:190} INFO - [2025-12-08T07:57:43.958+0000] {dag.py:4138} INFO - Setting next_dagrun for example_python_decorator to None, run_after=None
[2025-12-08T07:57:44.001+0000] {processor.py:208} INFO - Processing /home/airflow/.local/lib/python3.12/site-packages/airflow/example_dags/example_python_decorator.py took 0.176 seconds
[2025-12-08T07:58:14.449+0000] {processor.py:186} INFO - Started process (PID=4012) to work on /home/airflow/.local/lib/python3.12/site-packages/airflow/example_dags/example_python_decorator.py
[2025-12-08T07:58:14.450+0000] {processor.py:914} INFO - Processing file /home/airflow/.local/lib/python3.12/site-packages/airflow/example_dags/example_python_decorator.py for tasks to queue
[2025-12-08T07:58:14.455+0000] {logging_mixin.py:190} INFO - [2025-12-08T07:58:14.454+0000] {dagbag.py:587} INFO - Filling up the DagBag from /home/airflow/.local/lib/python3.12/site-packages/airflow/example_dags/example_python_decorator.py
[2025-12-08T07:58:14.475+0000] {processor.py:925} INFO - DAG(s) 'example_python_decorator' retrieved from /home/airflow/.local/lib/python3.12/site-packages/airflow/example_dags/example_python_decorator.py
[2025-12-08T07:58:14.513+0000] {logging_mixin.py:190} INFO - [2025-12-08T07:58:14.512+0000] {dag.py:3211} INFO - Sync 1 DAGs
[2025-12-08T07:58:14.533+0000] {logging_mixin.py:190} INFO - [2025-12-08T07:58:14.533+0000] {dag.py:4138} INFO - Setting next_dagrun for example_python_decorator to None, run_after=None
[2025-12-08T07:58:14.563+0000] {processor.py:208} INFO - Processing /home/airflow/.local/lib/python3.12/site-packages/airflow/example_dags/example_python_decorator.py took 0.122 seconds
[2025-12-08T07:58:44.679+0000] {processor.py:186} INFO - Started process (PID=4075) to work on /home/airflow/.local/lib/python3.12/site-packages/airflow/example_dags/example_python_decorator.py
[2025-12-08T07:58:44.682+0000] {processor.py:914} INFO - Processing file /home/airflow/.local/lib/python3.12/site-packages/airflow/example_dags/example_python_decorator.py for tasks to queue
[2025-12-08T07:58:44.692+0000] {logging_mixin.py:190} INFO - [2025-12-08T07:58:44.691+0000] {dagbag.py:587} INFO - Filling up the DagBag from /home/airflow/.local/lib/python3.12/site-packages/airflow/example_dags/example_python_decorator.py
[2025-12-08T07:58:44.716+0000] {processor.py:925} INFO - DAG(s) 'example_python_decorator' retrieved from /home/airflow/.local/lib/python3.12/site-packages/airflow/example_dags/example_python_decorator.py
[2025-12-08T07:58:44.741+0000] {logging_mixin.py:190} INFO - [2025-12-08T07:58:44.741+0000] {dag.py:3211} INFO - Sync 1 DAGs
[2025-12-08T07:58:44.759+0000] {logging_mixin.py:190} INFO - [2025-12-08T07:58:44.759+0000] {dag.py:4138} INFO - Setting next_dagrun for example_python_decorator to None, run_after=None
[2025-12-08T07:58:44.785+0000] {processor.py:208} INFO - Processing /home/airflow/.local/lib/python3.12/site-packages/airflow/example_dags/example_python_decorator.py took 0.123 seconds
[2025-12-08T07:59:14.918+0000] {processor.py:186} INFO - Started process (PID=4138) to work on /home/airflow/.local/lib/python3.12/site-packages/airflow/example_dags/example_python_decorator.py
[2025-12-08T07:59:14.921+0000] {processor.py:914} INFO - Processing file /home/airflow/.local/lib/python3.12/site-packages/airflow/example_dags/example_python_decorator.py for tasks to queue
[2025-12-08T07:59:14.925+0000] {logging_mixin.py:190} INFO - [2025-12-08T07:59:14.925+0000] {dagbag.py:587} INFO - Filling up the DagBag from /home/airflow/.local/lib/python3.12/site-packages/airflow/example_dags/example_python_decorator.py
[2025-12-08T07:59:14.942+0000] {processor.py:925} INFO - DAG(s) 'example_python_decorator' retrieved from /home/airflow/.local/lib/python3.12/site-packages/airflow/example_dags/example_python_decorator.py
[2025-12-08T07:59:14.968+0000] {logging_mixin.py:190} INFO - [2025-12-08T07:59:14.968+0000] {dag.py:3211} INFO - Sync 1 DAGs
[2025-12-08T07:59:14.982+0000] {logging_mixin.py:190} INFO - [2025-12-08T07:59:14.982+0000] {dag.py:4138} INFO - Setting next_dagrun for example_python_decorator to None, run_after=None
[2025-12-08T07:59:15.008+0000] {processor.py:208} INFO - Processing /home/airflow/.local/lib/python3.12/site-packages/airflow/example_dags/example_python_decorator.py took 0.096 seconds
[2025-12-08T07:59:45.414+0000] {processor.py:186} INFO - Started process (PID=4201) to work on /home/airflow/.local/lib/python3.12/site-packages/airflow/example_dags/example_python_decorator.py
[2025-12-08T07:59:45.415+0000] {processor.py:914} INFO - Processing file /home/airflow/.local/lib/python3.12/site-packages/airflow/example_dags/example_python_decorator.py for tasks to queue
[2025-12-08T07:59:45.418+0000] {logging_mixin.py:190} INFO - [2025-12-08T07:59:45.418+0000] {dagbag.py:587} INFO - Filling up the DagBag from /home/airflow/.local/lib/python3.12/site-packages/airflow/example_dags/example_python_decorator.py
[2025-12-08T07:59:45.438+0000] {processor.py:925} INFO - DAG(s) 'example_python_decorator' retrieved from /home/airflow/.local/lib/python3.12/site-packages/airflow/example_dags/example_python_decorator.py
[2025-12-08T07:59:45.467+0000] {logging_mixin.py:190} INFO - [2025-12-08T07:59:45.466+0000] {dag.py:3211} INFO - Sync 1 DAGs
[2025-12-08T07:59:45.483+0000] {logging_mixin.py:190} INFO - [2025-12-08T07:59:45.483+0000] {dag.py:4138} INFO - Setting next_dagrun for example_python_decorator to None, run_after=None
[2025-12-08T07:59:45.509+0000] {processor.py:208} INFO - Processing /home/airflow/.local/lib/python3.12/site-packages/airflow/example_dags/example_python_decorator.py took 0.103 seconds
[2025-12-08T08:00:15.677+0000] {processor.py:186} INFO - Started process (PID=4264) to work on /home/airflow/.local/lib/python3.12/site-packages/airflow/example_dags/example_python_decorator.py
[2025-12-08T08:00:15.679+0000] {processor.py:914} INFO - Processing file /home/airflow/.local/lib/python3.12/site-packages/airflow/example_dags/example_python_decorator.py for tasks to queue
[2025-12-08T08:00:15.683+0000] {logging_mixin.py:190} INFO - [2025-12-08T08:00:15.682+0000] {dagbag.py:587} INFO - Filling up the DagBag from /home/airflow/.local/lib/python3.12/site-packages/airflow/example_dags/example_python_decorator.py
[2025-12-08T08:00:15.707+0000] {processor.py:925} INFO - DAG(s) 'example_python_decorator' retrieved from /home/airflow/.local/lib/python3.12/site-packages/airflow/example_dags/example_python_decorator.py
[2025-12-08T08:00:15.738+0000] {logging_mixin.py:190} INFO - [2025-12-08T08:00:15.738+0000] {dag.py:3211} INFO - Sync 1 DAGs
[2025-12-08T08:00:15.756+0000] {logging_mixin.py:190} INFO - [2025-12-08T08:00:15.756+0000] {dag.py:4138} INFO - Setting next_dagrun for example_python_decorator to None, run_after=None
[2025-12-08T08:00:15.779+0000] {processor.py:208} INFO - Processing /home/airflow/.local/lib/python3.12/site-packages/airflow/example_dags/example_python_decorator.py took 0.114 seconds
[2025-12-08T08:00:46.244+0000] {processor.py:186} INFO - Started process (PID=4327) to work on /home/airflow/.local/lib/python3.12/site-packages/airflow/example_dags/example_python_decorator.py
[2025-12-08T08:00:46.246+0000] {processor.py:914} INFO - Processing file /home/airflow/.local/lib/python3.12/site-packages/airflow/example_dags/example_python_decorator.py for tasks to queue
[2025-12-08T08:00:46.249+0000] {logging_mixin.py:190} INFO - [2025-12-08T08:00:46.249+0000] {dagbag.py:587} INFO - Filling up the DagBag from /home/airflow/.local/lib/python3.12/site-packages/airflow/example_dags/example_python_decorator.py
[2025-12-08T08:00:46.273+0000] {processor.py:925} INFO - DAG(s) 'example_python_decorator' retrieved from /home/airflow/.local/lib/python3.12/site-packages/airflow/example_dags/example_python_decorator.py
[2025-12-08T08:00:46.305+0000] {logging_mixin.py:190} INFO - [2025-12-08T08:00:46.305+0000] {dag.py:3211} INFO - Sync 1 DAGs
[2025-12-08T08:00:46.322+0000] {logging_mixin.py:190} INFO - [2025-12-08T08:00:46.321+0000] {dag.py:4138} INFO - Setting next_dagrun for example_python_decorator to None, run_after=None
[2025-12-08T08:00:46.344+0000] {processor.py:208} INFO - Processing /home/airflow/.local/lib/python3.12/site-packages/airflow/example_dags/example_python_decorator.py took 0.110 seconds
[2025-12-08T08:01:16.570+0000] {processor.py:186} INFO - Started process (PID=4391) to work on /home/airflow/.local/lib/python3.12/site-packages/airflow/example_dags/example_python_decorator.py
[2025-12-08T08:01:16.572+0000] {processor.py:914} INFO - Processing file /home/airflow/.local/lib/python3.12/site-packages/airflow/example_dags/example_python_decorator.py for tasks to queue
[2025-12-08T08:01:16.576+0000] {logging_mixin.py:190} INFO - [2025-12-08T08:01:16.575+0000] {dagbag.py:587} INFO - Filling up the DagBag from /home/airflow/.local/lib/python3.12/site-packages/airflow/example_dags/example_python_decorator.py
[2025-12-08T08:01:16.596+0000] {processor.py:925} INFO - DAG(s) 'example_python_decorator' retrieved from /home/airflow/.local/lib/python3.12/site-packages/airflow/example_dags/example_python_decorator.py
[2025-12-08T08:01:16.730+0000] {logging_mixin.py:190} INFO - [2025-12-08T08:01:16.729+0000] {dag.py:3211} INFO - Sync 1 DAGs
[2025-12-08T08:01:16.746+0000] {logging_mixin.py:190} INFO - [2025-12-08T08:01:16.746+0000] {dag.py:4138} INFO - Setting next_dagrun for example_python_decorator to None, run_after=None
[2025-12-08T08:01:16.770+0000] {processor.py:208} INFO - Processing /home/airflow/.local/lib/python3.12/site-packages/airflow/example_dags/example_python_decorator.py took 0.110 seconds
[2025-12-08T08:01:46.929+0000] {processor.py:186} INFO - Started process (PID=4454) to work on /home/airflow/.local/lib/python3.12/site-packages/airflow/example_dags/example_python_decorator.py
[2025-12-08T08:01:46.931+0000] {processor.py:914} INFO - Processing file /home/airflow/.local/lib/python3.12/site-packages/airflow/example_dags/example_python_decorator.py for tasks to queue
[2025-12-08T08:01:46.935+0000] {logging_mixin.py:190} INFO - [2025-12-08T08:01:46.934+0000] {dagbag.py:587} INFO - Filling up the DagBag from /home/airflow/.local/lib/python3.12/site-packages/airflow/example_dags/example_python_decorator.py
[2025-12-08T08:01:46.949+0000] {processor.py:925} INFO - DAG(s) 'example_python_decorator' retrieved from /home/airflow/.local/lib/python3.12/site-packages/airflow/example_dags/example_python_decorator.py
[2025-12-08T08:01:46.975+0000] {logging_mixin.py:190} INFO - [2025-12-08T08:01:46.975+0000] {dag.py:3211} INFO - Sync 1 DAGs
[2025-12-08T08:01:46.990+0000] {logging_mixin.py:190} INFO - [2025-12-08T08:01:46.990+0000] {dag.py:4138} INFO - Setting next_dagrun for example_python_decorator to None, run_after=None
[2025-12-08T08:01:47.013+0000] {processor.py:208} INFO - Processing /home/airflow/.local/lib/python3.12/site-packages/airflow/example_dags/example_python_decorator.py took 0.090 seconds
[2025-12-08T08:02:17.180+0000] {processor.py:186} INFO - Started process (PID=4515) to work on /home/airflow/.local/lib/python3.12/site-packages/airflow/example_dags/example_python_decorator.py
[2025-12-08T08:02:17.182+0000] {processor.py:914} INFO - Processing file /home/airflow/.local/lib/python3.12/site-packages/airflow/example_dags/example_python_decorator.py for tasks to queue
[2025-12-08T08:02:17.186+0000] {logging_mixin.py:190} INFO - [2025-12-08T08:02:17.186+0000] {dagbag.py:587} INFO - Filling up the DagBag from /home/airflow/.local/lib/python3.12/site-packages/airflow/example_dags/example_python_decorator.py
[2025-12-08T08:02:17.202+0000] {processor.py:925} INFO - DAG(s) 'example_python_decorator' retrieved from /home/airflow/.local/lib/python3.12/site-packages/airflow/example_dags/example_python_decorator.py
[2025-12-08T08:02:17.229+0000] {logging_mixin.py:190} INFO - [2025-12-08T08:02:17.228+0000] {dag.py:3211} INFO - Sync 1 DAGs
[2025-12-08T08:02:17.244+0000] {logging_mixin.py:190} INFO - [2025-12-08T08:02:17.244+0000] {dag.py:4138} INFO - Setting next_dagrun for example_python_decorator to None, run_after=None
[2025-12-08T08:02:17.271+0000] {processor.py:208} INFO - Processing /home/airflow/.local/lib/python3.12/site-packages/airflow/example_dags/example_python_decorator.py took 0.107 seconds
[2025-12-08T08:02:47.739+0000] {processor.py:186} INFO - Started process (PID=4578) to work on /home/airflow/.local/lib/python3.12/site-packages/airflow/example_dags/example_python_decorator.py
[2025-12-08T08:02:47.741+0000] {processor.py:914} INFO - Processing file /home/airflow/.local/lib/python3.12/site-packages/airflow/example_dags/example_python_decorator.py for tasks to queue
[2025-12-08T08:02:47.745+0000] {logging_mixin.py:190} INFO - [2025-12-08T08:02:47.744+0000] {dagbag.py:587} INFO - Filling up the DagBag from /home/airflow/.local/lib/python3.12/site-packages/airflow/example_dags/example_python_decorator.py
[2025-12-08T08:02:47.762+0000] {processor.py:925} INFO - DAG(s) 'example_python_decorator' retrieved from /home/airflow/.local/lib/python3.12/site-packages/airflow/example_dags/example_python_decorator.py
[2025-12-08T08:02:47.789+0000] {logging_mixin.py:190} INFO - [2025-12-08T08:02:47.789+0000] {dag.py:3211} INFO - Sync 1 DAGs
[2025-12-08T08:02:47.810+0000] {logging_mixin.py:190} INFO - [2025-12-08T08:02:47.809+0000] {dag.py:4138} INFO - Setting next_dagrun for example_python_decorator to None, run_after=None
[2025-12-08T08:02:47.850+0000] {processor.py:208} INFO - Processing /home/airflow/.local/lib/python3.12/site-packages/airflow/example_dags/example_python_decorator.py took 0.118 seconds
[2025-12-08T08:03:18.533+0000] {processor.py:186} INFO - Started process (PID=4641) to work on /home/airflow/.local/lib/python3.12/site-packages/airflow/example_dags/example_python_decorator.py
[2025-12-08T08:03:18.535+0000] {processor.py:914} INFO - Processing file /home/airflow/.local/lib/python3.12/site-packages/airflow/example_dags/example_python_decorator.py for tasks to queue
[2025-12-08T08:03:18.541+0000] {logging_mixin.py:190} INFO - [2025-12-08T08:03:18.540+0000] {dagbag.py:587} INFO - Filling up the DagBag from /home/airflow/.local/lib/python3.12/site-packages/airflow/example_dags/example_python_decorator.py
[2025-12-08T08:03:18.572+0000] {processor.py:925} INFO - DAG(s) 'example_python_decorator' retrieved from /home/airflow/.local/lib/python3.12/site-packages/airflow/example_dags/example_python_decorator.py
[2025-12-08T08:03:18.636+0000] {logging_mixin.py:190} INFO - [2025-12-08T08:03:18.636+0000] {dag.py:3211} INFO - Sync 1 DAGs
[2025-12-08T08:03:18.661+0000] {logging_mixin.py:190} INFO - [2025-12-08T08:03:18.660+0000] {dag.py:4138} INFO - Setting next_dagrun for example_python_decorator to None, run_after=None
[2025-12-08T08:03:18.703+0000] {processor.py:208} INFO - Processing /home/airflow/.local/lib/python3.12/site-packages/airflow/example_dags/example_python_decorator.py took 0.179 seconds
[2025-12-08T08:03:48.795+0000] {processor.py:186} INFO - Started process (PID=4704) to work on /home/airflow/.local/lib/python3.12/site-packages/airflow/example_dags/example_python_decorator.py
[2025-12-08T08:03:48.796+0000] {processor.py:914} INFO - Processing file /home/airflow/.local/lib/python3.12/site-packages/airflow/example_dags/example_python_decorator.py for tasks to queue
[2025-12-08T08:03:48.801+0000] {logging_mixin.py:190} INFO - [2025-12-08T08:03:48.801+0000] {dagbag.py:587} INFO - Filling up the DagBag from /home/airflow/.local/lib/python3.12/site-packages/airflow/example_dags/example_python_decorator.py
[2025-12-08T08:03:48.827+0000] {processor.py:925} INFO - DAG(s) 'example_python_decorator' retrieved from /home/airflow/.local/lib/python3.12/site-packages/airflow/example_dags/example_python_decorator.py
[2025-12-08T08:03:48.862+0000] {logging_mixin.py:190} INFO - [2025-12-08T08:03:48.862+0000] {dag.py:3211} INFO - Sync 1 DAGs
[2025-12-08T08:03:48.887+0000] {logging_mixin.py:190} INFO - [2025-12-08T08:03:48.887+0000] {dag.py:4138} INFO - Setting next_dagrun for example_python_decorator to None, run_after=None
[2025-12-08T08:03:48.915+0000] {processor.py:208} INFO - Processing /home/airflow/.local/lib/python3.12/site-packages/airflow/example_dags/example_python_decorator.py took 0.128 seconds
[2025-12-08T08:04:19.066+0000] {processor.py:186} INFO - Started process (PID=4767) to work on /home/airflow/.local/lib/python3.12/site-packages/airflow/example_dags/example_python_decorator.py
[2025-12-08T08:04:19.067+0000] {processor.py:914} INFO - Processing file /home/airflow/.local/lib/python3.12/site-packages/airflow/example_dags/example_python_decorator.py for tasks to queue
[2025-12-08T08:04:19.074+0000] {logging_mixin.py:190} INFO - [2025-12-08T08:04:19.072+0000] {dagbag.py:587} INFO - Filling up the DagBag from /home/airflow/.local/lib/python3.12/site-packages/airflow/example_dags/example_python_decorator.py
[2025-12-08T08:04:19.100+0000] {processor.py:925} INFO - DAG(s) 'example_python_decorator' retrieved from /home/airflow/.local/lib/python3.12/site-packages/airflow/example_dags/example_python_decorator.py
[2025-12-08T08:04:19.138+0000] {logging_mixin.py:190} INFO - [2025-12-08T08:04:19.138+0000] {dag.py:3211} INFO - Sync 1 DAGs
[2025-12-08T08:04:19.167+0000] {logging_mixin.py:190} INFO - [2025-12-08T08:04:19.167+0000] {dag.py:4138} INFO - Setting next_dagrun for example_python_decorator to None, run_after=None
[2025-12-08T08:04:19.208+0000] {processor.py:208} INFO - Processing /home/airflow/.local/lib/python3.12/site-packages/airflow/example_dags/example_python_decorator.py took 0.153 seconds
[2025-12-08T08:04:49.463+0000] {processor.py:186} INFO - Started process (PID=4830) to work on /home/airflow/.local/lib/python3.12/site-packages/airflow/example_dags/example_python_decorator.py
[2025-12-08T08:04:49.465+0000] {processor.py:914} INFO - Processing file /home/airflow/.local/lib/python3.12/site-packages/airflow/example_dags/example_python_decorator.py for tasks to queue
[2025-12-08T08:04:49.470+0000] {logging_mixin.py:190} INFO - [2025-12-08T08:04:49.470+0000] {dagbag.py:587} INFO - Filling up the DagBag from /home/airflow/.local/lib/python3.12/site-packages/airflow/example_dags/example_python_decorator.py
[2025-12-08T08:04:49.496+0000] {processor.py:925} INFO - DAG(s) 'example_python_decorator' retrieved from /home/airflow/.local/lib/python3.12/site-packages/airflow/example_dags/example_python_decorator.py
[2025-12-08T08:04:49.542+0000] {logging_mixin.py:190} INFO - [2025-12-08T08:04:49.541+0000] {dag.py:3211} INFO - Sync 1 DAGs
[2025-12-08T08:04:49.566+0000] {logging_mixin.py:190} INFO - [2025-12-08T08:04:49.566+0000] {dag.py:4138} INFO - Setting next_dagrun for example_python_decorator to None, run_after=None
[2025-12-08T08:04:49.599+0000] {processor.py:208} INFO - Processing /home/airflow/.local/lib/python3.12/site-packages/airflow/example_dags/example_python_decorator.py took 0.153 seconds
[2025-12-08T08:05:19.924+0000] {processor.py:186} INFO - Started process (PID=4893) to work on /home/airflow/.local/lib/python3.12/site-packages/airflow/example_dags/example_python_decorator.py
[2025-12-08T08:05:19.926+0000] {processor.py:914} INFO - Processing file /home/airflow/.local/lib/python3.12/site-packages/airflow/example_dags/example_python_decorator.py for tasks to queue
[2025-12-08T08:05:19.930+0000] {logging_mixin.py:190} INFO - [2025-12-08T08:05:19.930+0000] {dagbag.py:587} INFO - Filling up the DagBag from /home/airflow/.local/lib/python3.12/site-packages/airflow/example_dags/example_python_decorator.py
[2025-12-08T08:05:19.953+0000] {processor.py:925} INFO - DAG(s) 'example_python_decorator' retrieved from /home/airflow/.local/lib/python3.12/site-packages/airflow/example_dags/example_python_decorator.py
[2025-12-08T08:05:19.984+0000] {logging_mixin.py:190} INFO - [2025-12-08T08:05:19.983+0000] {dag.py:3211} INFO - Sync 1 DAGs
[2025-12-08T08:05:20.003+0000] {logging_mixin.py:190} INFO - [2025-12-08T08:05:20.002+0000] {dag.py:4138} INFO - Setting next_dagrun for example_python_decorator to None, run_after=None
[2025-12-08T08:05:20.031+0000] {processor.py:208} INFO - Processing /home/airflow/.local/lib/python3.12/site-packages/airflow/example_dags/example_python_decorator.py took 0.116 seconds
[2025-12-08T08:05:50.851+0000] {processor.py:186} INFO - Started process (PID=4956) to work on /home/airflow/.local/lib/python3.12/site-packages/airflow/example_dags/example_python_decorator.py
[2025-12-08T08:05:50.854+0000] {processor.py:914} INFO - Processing file /home/airflow/.local/lib/python3.12/site-packages/airflow/example_dags/example_python_decorator.py for tasks to queue
[2025-12-08T08:05:50.864+0000] {logging_mixin.py:190} INFO - [2025-12-08T08:05:50.862+0000] {dagbag.py:587} INFO - Filling up the DagBag from /home/airflow/.local/lib/python3.12/site-packages/airflow/example_dags/example_python_decorator.py
[2025-12-08T08:05:50.916+0000] {processor.py:925} INFO - DAG(s) 'example_python_decorator' retrieved from /home/airflow/.local/lib/python3.12/site-packages/airflow/example_dags/example_python_decorator.py
[2025-12-08T08:05:50.977+0000] {logging_mixin.py:190} INFO - [2025-12-08T08:05:50.977+0000] {dag.py:3211} INFO - Sync 1 DAGs
[2025-12-08T08:05:51.007+0000] {logging_mixin.py:190} INFO - [2025-12-08T08:05:51.007+0000] {dag.py:4138} INFO - Setting next_dagrun for example_python_decorator to None, run_after=None
[2025-12-08T08:05:51.060+0000] {processor.py:208} INFO - Processing /home/airflow/.local/lib/python3.12/site-packages/airflow/example_dags/example_python_decorator.py took 0.231 seconds
[2025-12-08T08:06:21.887+0000] {processor.py:186} INFO - Started process (PID=5019) to work on /home/airflow/.local/lib/python3.12/site-packages/airflow/example_dags/example_python_decorator.py
[2025-12-08T08:06:21.889+0000] {processor.py:914} INFO - Processing file /home/airflow/.local/lib/python3.12/site-packages/airflow/example_dags/example_python_decorator.py for tasks to queue
[2025-12-08T08:06:21.895+0000] {logging_mixin.py:190} INFO - [2025-12-08T08:06:21.895+0000] {dagbag.py:587} INFO - Filling up the DagBag from /home/airflow/.local/lib/python3.12/site-packages/airflow/example_dags/example_python_decorator.py
[2025-12-08T08:06:21.923+0000] {processor.py:925} INFO - DAG(s) 'example_python_decorator' retrieved from /home/airflow/.local/lib/python3.12/site-packages/airflow/example_dags/example_python_decorator.py
[2025-12-08T08:06:21.978+0000] {logging_mixin.py:190} INFO - [2025-12-08T08:06:21.977+0000] {dag.py:3211} INFO - Sync 1 DAGs
[2025-12-08T08:06:22.006+0000] {logging_mixin.py:190} INFO - [2025-12-08T08:06:22.005+0000] {dag.py:4138} INFO - Setting next_dagrun for example_python_decorator to None, run_after=None
[2025-12-08T08:06:22.051+0000] {processor.py:208} INFO - Processing /home/airflow/.local/lib/python3.12/site-packages/airflow/example_dags/example_python_decorator.py took 0.171 seconds
[2025-12-08T08:06:52.524+0000] {processor.py:186} INFO - Started process (PID=5088) to work on /home/airflow/.local/lib/python3.12/site-packages/airflow/example_dags/example_python_decorator.py
[2025-12-08T08:06:52.526+0000] {processor.py:914} INFO - Processing file /home/airflow/.local/lib/python3.12/site-packages/airflow/example_dags/example_python_decorator.py for tasks to queue
[2025-12-08T08:06:52.531+0000] {logging_mixin.py:190} INFO - [2025-12-08T08:06:52.530+0000] {dagbag.py:587} INFO - Filling up the DagBag from /home/airflow/.local/lib/python3.12/site-packages/airflow/example_dags/example_python_decorator.py
[2025-12-08T08:06:52.554+0000] {processor.py:925} INFO - DAG(s) 'example_python_decorator' retrieved from /home/airflow/.local/lib/python3.12/site-packages/airflow/example_dags/example_python_decorator.py
[2025-12-08T08:06:52.590+0000] {logging_mixin.py:190} INFO - [2025-12-08T08:06:52.590+0000] {dag.py:3211} INFO - Sync 1 DAGs
[2025-12-08T08:06:52.609+0000] {logging_mixin.py:190} INFO - [2025-12-08T08:06:52.608+0000] {dag.py:4138} INFO - Setting next_dagrun for example_python_decorator to None, run_after=None
[2025-12-08T08:06:52.641+0000] {processor.py:208} INFO - Processing /home/airflow/.local/lib/python3.12/site-packages/airflow/example_dags/example_python_decorator.py took 0.124 seconds
[2025-12-08T08:07:23.462+0000] {processor.py:186} INFO - Started process (PID=5151) to work on /home/airflow/.local/lib/python3.12/site-packages/airflow/example_dags/example_python_decorator.py
[2025-12-08T08:07:23.464+0000] {processor.py:914} INFO - Processing file /home/airflow/.local/lib/python3.12/site-packages/airflow/example_dags/example_python_decorator.py for tasks to queue
[2025-12-08T08:07:23.468+0000] {logging_mixin.py:190} INFO - [2025-12-08T08:07:23.468+0000] {dagbag.py:587} INFO - Filling up the DagBag from /home/airflow/.local/lib/python3.12/site-packages/airflow/example_dags/example_python_decorator.py
[2025-12-08T08:07:23.486+0000] {processor.py:925} INFO - DAG(s) 'example_python_decorator' retrieved from /home/airflow/.local/lib/python3.12/site-packages/airflow/example_dags/example_python_decorator.py
[2025-12-08T08:07:23.520+0000] {logging_mixin.py:190} INFO - [2025-12-08T08:07:23.520+0000] {dag.py:3211} INFO - Sync 1 DAGs
[2025-12-08T08:07:23.542+0000] {logging_mixin.py:190} INFO - [2025-12-08T08:07:23.541+0000] {dag.py:4138} INFO - Setting next_dagrun for example_python_decorator to None, run_after=None
[2025-12-08T08:07:23.578+0000] {processor.py:208} INFO - Processing /home/airflow/.local/lib/python3.12/site-packages/airflow/example_dags/example_python_decorator.py took 0.125 seconds
[2025-12-08T08:07:53.947+0000] {processor.py:186} INFO - Started process (PID=5215) to work on /home/airflow/.local/lib/python3.12/site-packages/airflow/example_dags/example_python_decorator.py
[2025-12-08T08:07:53.950+0000] {processor.py:914} INFO - Processing file /home/airflow/.local/lib/python3.12/site-packages/airflow/example_dags/example_python_decorator.py for tasks to queue
[2025-12-08T08:07:53.957+0000] {logging_mixin.py:190} INFO - [2025-12-08T08:07:53.956+0000] {dagbag.py:587} INFO - Filling up the DagBag from /home/airflow/.local/lib/python3.12/site-packages/airflow/example_dags/example_python_decorator.py
[2025-12-08T08:07:53.986+0000] {processor.py:925} INFO - DAG(s) 'example_python_decorator' retrieved from /home/airflow/.local/lib/python3.12/site-packages/airflow/example_dags/example_python_decorator.py
[2025-12-08T08:07:54.018+0000] {logging_mixin.py:190} INFO - [2025-12-08T08:07:54.017+0000] {dag.py:3211} INFO - Sync 1 DAGs
[2025-12-08T08:07:54.034+0000] {logging_mixin.py:190} INFO - [2025-12-08T08:07:54.034+0000] {dag.py:4138} INFO - Setting next_dagrun for example_python_decorator to None, run_after=None
[2025-12-08T08:07:54.061+0000] {processor.py:208} INFO - Processing /home/airflow/.local/lib/python3.12/site-packages/airflow/example_dags/example_python_decorator.py took 0.132 seconds
[2025-12-08T08:08:24.195+0000] {processor.py:186} INFO - Started process (PID=5278) to work on /home/airflow/.local/lib/python3.12/site-packages/airflow/example_dags/example_python_decorator.py
[2025-12-08T08:08:24.197+0000] {processor.py:914} INFO - Processing file /home/airflow/.local/lib/python3.12/site-packages/airflow/example_dags/example_python_decorator.py for tasks to queue
[2025-12-08T08:08:24.201+0000] {logging_mixin.py:190} INFO - [2025-12-08T08:08:24.200+0000] {dagbag.py:587} INFO - Filling up the DagBag from /home/airflow/.local/lib/python3.12/site-packages/airflow/example_dags/example_python_decorator.py
[2025-12-08T08:08:24.218+0000] {processor.py:925} INFO - DAG(s) 'example_python_decorator' retrieved from /home/airflow/.local/lib/python3.12/site-packages/airflow/example_dags/example_python_decorator.py
[2025-12-08T08:08:24.246+0000] {logging_mixin.py:190} INFO - [2025-12-08T08:08:24.245+0000] {dag.py:3211} INFO - Sync 1 DAGs
[2025-12-08T08:08:24.262+0000] {logging_mixin.py:190} INFO - [2025-12-08T08:08:24.262+0000] {dag.py:4138} INFO - Setting next_dagrun for example_python_decorator to None, run_after=None
[2025-12-08T08:08:24.290+0000] {processor.py:208} INFO - Processing /home/airflow/.local/lib/python3.12/site-packages/airflow/example_dags/example_python_decorator.py took 0.113 seconds
[2025-12-08T08:08:55.172+0000] {processor.py:186} INFO - Started process (PID=5341) to work on /home/airflow/.local/lib/python3.12/site-packages/airflow/example_dags/example_python_decorator.py
[2025-12-08T08:08:55.175+0000] {processor.py:914} INFO - Processing file /home/airflow/.local/lib/python3.12/site-packages/airflow/example_dags/example_python_decorator.py for tasks to queue
[2025-12-08T08:08:55.180+0000] {logging_mixin.py:190} INFO - [2025-12-08T08:08:55.179+0000] {dagbag.py:587} INFO - Filling up the DagBag from /home/airflow/.local/lib/python3.12/site-packages/airflow/example_dags/example_python_decorator.py
[2025-12-08T08:08:55.210+0000] {processor.py:925} INFO - DAG(s) 'example_python_decorator' retrieved from /home/airflow/.local/lib/python3.12/site-packages/airflow/example_dags/example_python_decorator.py
[2025-12-08T08:08:55.251+0000] {logging_mixin.py:190} INFO - [2025-12-08T08:08:55.250+0000] {dag.py:3211} INFO - Sync 1 DAGs
[2025-12-08T08:08:55.279+0000] {logging_mixin.py:190} INFO - [2025-12-08T08:08:55.278+0000] {dag.py:4138} INFO - Setting next_dagrun for example_python_decorator to None, run_after=None
[2025-12-08T08:08:55.320+0000] {processor.py:208} INFO - Processing /home/airflow/.local/lib/python3.12/site-packages/airflow/example_dags/example_python_decorator.py took 0.157 seconds
[2025-12-08T08:09:25.962+0000] {processor.py:186} INFO - Started process (PID=5404) to work on /home/airflow/.local/lib/python3.12/site-packages/airflow/example_dags/example_python_decorator.py
[2025-12-08T08:09:25.964+0000] {processor.py:914} INFO - Processing file /home/airflow/.local/lib/python3.12/site-packages/airflow/example_dags/example_python_decorator.py for tasks to queue
[2025-12-08T08:09:25.967+0000] {logging_mixin.py:190} INFO - [2025-12-08T08:09:25.967+0000] {dagbag.py:587} INFO - Filling up the DagBag from /home/airflow/.local/lib/python3.12/site-packages/airflow/example_dags/example_python_decorator.py
[2025-12-08T08:09:25.989+0000] {processor.py:925} INFO - DAG(s) 'example_python_decorator' retrieved from /home/airflow/.local/lib/python3.12/site-packages/airflow/example_dags/example_python_decorator.py
[2025-12-08T08:09:26.025+0000] {logging_mixin.py:190} INFO - [2025-12-08T08:09:26.024+0000] {dag.py:3211} INFO - Sync 1 DAGs
[2025-12-08T08:09:26.045+0000] {logging_mixin.py:190} INFO - [2025-12-08T08:09:26.045+0000] {dag.py:4138} INFO - Setting next_dagrun for example_python_decorator to None, run_after=None
[2025-12-08T08:09:26.074+0000] {processor.py:208} INFO - Processing /home/airflow/.local/lib/python3.12/site-packages/airflow/example_dags/example_python_decorator.py took 0.120 seconds
[2025-12-08T08:09:56.199+0000] {processor.py:186} INFO - Started process (PID=5467) to work on /home/airflow/.local/lib/python3.12/site-packages/airflow/example_dags/example_python_decorator.py
[2025-12-08T08:09:56.201+0000] {processor.py:914} INFO - Processing file /home/airflow/.local/lib/python3.12/site-packages/airflow/example_dags/example_python_decorator.py for tasks to queue
[2025-12-08T08:09:56.204+0000] {logging_mixin.py:190} INFO - [2025-12-08T08:09:56.204+0000] {dagbag.py:587} INFO - Filling up the DagBag from /home/airflow/.local/lib/python3.12/site-packages/airflow/example_dags/example_python_decorator.py
[2025-12-08T08:09:56.223+0000] {processor.py:925} INFO - DAG(s) 'example_python_decorator' retrieved from /home/airflow/.local/lib/python3.12/site-packages/airflow/example_dags/example_python_decorator.py
[2025-12-08T08:09:56.255+0000] {logging_mixin.py:190} INFO - [2025-12-08T08:09:56.255+0000] {dag.py:3211} INFO - Sync 1 DAGs
[2025-12-08T08:09:56.273+0000] {logging_mixin.py:190} INFO - [2025-12-08T08:09:56.272+0000] {dag.py:4138} INFO - Setting next_dagrun for example_python_decorator to None, run_after=None
[2025-12-08T08:09:56.301+0000] {processor.py:208} INFO - Processing /home/airflow/.local/lib/python3.12/site-packages/airflow/example_dags/example_python_decorator.py took 0.113 seconds
[2025-12-08T08:10:27.261+0000] {processor.py:186} INFO - Started process (PID=5530) to work on /home/airflow/.local/lib/python3.12/site-packages/airflow/example_dags/example_python_decorator.py
[2025-12-08T08:10:27.263+0000] {processor.py:914} INFO - Processing file /home/airflow/.local/lib/python3.12/site-packages/airflow/example_dags/example_python_decorator.py for tasks to queue
[2025-12-08T08:10:27.267+0000] {logging_mixin.py:190} INFO - [2025-12-08T08:10:27.267+0000] {dagbag.py:587} INFO - Filling up the DagBag from /home/airflow/.local/lib/python3.12/site-packages/airflow/example_dags/example_python_decorator.py
[2025-12-08T08:10:27.281+0000] {processor.py:925} INFO - DAG(s) 'example_python_decorator' retrieved from /home/airflow/.local/lib/python3.12/site-packages/airflow/example_dags/example_python_decorator.py
[2025-12-08T08:10:27.309+0000] {logging_mixin.py:190} INFO - [2025-12-08T08:10:27.309+0000] {dag.py:3211} INFO - Sync 1 DAGs
[2025-12-08T08:10:27.326+0000] {logging_mixin.py:190} INFO - [2025-12-08T08:10:27.326+0000] {dag.py:4138} INFO - Setting next_dagrun for example_python_decorator to None, run_after=None
[2025-12-08T08:10:27.358+0000] {processor.py:208} INFO - Processing /home/airflow/.local/lib/python3.12/site-packages/airflow/example_dags/example_python_decorator.py took 0.103 seconds
[2025-12-08T08:10:58.300+0000] {processor.py:186} INFO - Started process (PID=5593) to work on /home/airflow/.local/lib/python3.12/site-packages/airflow/example_dags/example_python_decorator.py
[2025-12-08T08:10:58.302+0000] {processor.py:914} INFO - Processing file /home/airflow/.local/lib/python3.12/site-packages/airflow/example_dags/example_python_decorator.py for tasks to queue
[2025-12-08T08:10:58.306+0000] {logging_mixin.py:190} INFO - [2025-12-08T08:10:58.306+0000] {dagbag.py:587} INFO - Filling up the DagBag from /home/airflow/.local/lib/python3.12/site-packages/airflow/example_dags/example_python_decorator.py
[2025-12-08T08:10:58.329+0000] {processor.py:925} INFO - DAG(s) 'example_python_decorator' retrieved from /home/airflow/.local/lib/python3.12/site-packages/airflow/example_dags/example_python_decorator.py
[2025-12-08T08:10:58.366+0000] {logging_mixin.py:190} INFO - [2025-12-08T08:10:58.366+0000] {dag.py:3211} INFO - Sync 1 DAGs
[2025-12-08T08:10:58.391+0000] {logging_mixin.py:190} INFO - [2025-12-08T08:10:58.391+0000] {dag.py:4138} INFO - Setting next_dagrun for example_python_decorator to None, run_after=None
[2025-12-08T08:10:58.427+0000] {processor.py:208} INFO - Processing /home/airflow/.local/lib/python3.12/site-packages/airflow/example_dags/example_python_decorator.py took 0.135 seconds
[2025-12-08T08:11:28.630+0000] {processor.py:186} INFO - Started process (PID=5656) to work on /home/airflow/.local/lib/python3.12/site-packages/airflow/example_dags/example_python_decorator.py
[2025-12-08T08:11:28.632+0000] {processor.py:914} INFO - Processing file /home/airflow/.local/lib/python3.12/site-packages/airflow/example_dags/example_python_decorator.py for tasks to queue
[2025-12-08T08:11:28.636+0000] {logging_mixin.py:190} INFO - [2025-12-08T08:11:28.635+0000] {dagbag.py:587} INFO - Filling up the DagBag from /home/airflow/.local/lib/python3.12/site-packages/airflow/example_dags/example_python_decorator.py
[2025-12-08T08:11:28.655+0000] {processor.py:925} INFO - DAG(s) 'example_python_decorator' retrieved from /home/airflow/.local/lib/python3.12/site-packages/airflow/example_dags/example_python_decorator.py
[2025-12-08T08:11:28.686+0000] {logging_mixin.py:190} INFO - [2025-12-08T08:11:28.686+0000] {dag.py:3211} INFO - Sync 1 DAGs
[2025-12-08T08:11:28.702+0000] {logging_mixin.py:190} INFO - [2025-12-08T08:11:28.701+0000] {dag.py:4138} INFO - Setting next_dagrun for example_python_decorator to None, run_after=None
[2025-12-08T08:11:28.737+0000] {processor.py:208} INFO - Processing /home/airflow/.local/lib/python3.12/site-packages/airflow/example_dags/example_python_decorator.py took 0.114 seconds
[2025-12-08T08:11:59.499+0000] {processor.py:186} INFO - Started process (PID=5719) to work on /home/airflow/.local/lib/python3.12/site-packages/airflow/example_dags/example_python_decorator.py
[2025-12-08T08:11:59.501+0000] {processor.py:914} INFO - Processing file /home/airflow/.local/lib/python3.12/site-packages/airflow/example_dags/example_python_decorator.py for tasks to queue
[2025-12-08T08:11:59.506+0000] {logging_mixin.py:190} INFO - [2025-12-08T08:11:59.505+0000] {dagbag.py:587} INFO - Filling up the DagBag from /home/airflow/.local/lib/python3.12/site-packages/airflow/example_dags/example_python_decorator.py
[2025-12-08T08:11:59.530+0000] {processor.py:925} INFO - DAG(s) 'example_python_decorator' retrieved from /home/airflow/.local/lib/python3.12/site-packages/airflow/example_dags/example_python_decorator.py
[2025-12-08T08:11:59.566+0000] {logging_mixin.py:190} INFO - [2025-12-08T08:11:59.565+0000] {dag.py:3211} INFO - Sync 1 DAGs
[2025-12-08T08:11:59.584+0000] {logging_mixin.py:190} INFO - [2025-12-08T08:11:59.584+0000] {dag.py:4138} INFO - Setting next_dagrun for example_python_decorator to None, run_after=None
[2025-12-08T08:11:59.623+0000] {processor.py:208} INFO - Processing /home/airflow/.local/lib/python3.12/site-packages/airflow/example_dags/example_python_decorator.py took 0.132 seconds
[2025-12-08T08:12:31.035+0000] {processor.py:186} INFO - Started process (PID=5779) to work on /home/airflow/.local/lib/python3.12/site-packages/airflow/example_dags/example_python_decorator.py
[2025-12-08T08:12:31.038+0000] {processor.py:914} INFO - Processing file /home/airflow/.local/lib/python3.12/site-packages/airflow/example_dags/example_python_decorator.py for tasks to queue
[2025-12-08T08:12:31.052+0000] {logging_mixin.py:190} INFO - [2025-12-08T08:12:31.050+0000] {dagbag.py:587} INFO - Filling up the DagBag from /home/airflow/.local/lib/python3.12/site-packages/airflow/example_dags/example_python_decorator.py
[2025-12-08T08:12:31.111+0000] {processor.py:925} INFO - DAG(s) 'example_python_decorator' retrieved from /home/airflow/.local/lib/python3.12/site-packages/airflow/example_dags/example_python_decorator.py
[2025-12-08T08:12:31.215+0000] {logging_mixin.py:190} INFO - [2025-12-08T08:12:31.207+0000] {dag.py:3211} INFO - Sync 1 DAGs
[2025-12-08T08:12:31.295+0000] {logging_mixin.py:190} INFO - [2025-12-08T08:12:31.294+0000] {dag.py:4138} INFO - Setting next_dagrun for example_python_decorator to None, run_after=None
[2025-12-08T08:12:31.362+0000] {processor.py:208} INFO - Processing /home/airflow/.local/lib/python3.12/site-packages/airflow/example_dags/example_python_decorator.py took 0.354 seconds
[2025-12-08T08:13:01.838+0000] {processor.py:186} INFO - Started process (PID=5844) to work on /home/airflow/.local/lib/python3.12/site-packages/airflow/example_dags/example_python_decorator.py
[2025-12-08T08:13:01.842+0000] {processor.py:914} INFO - Processing file /home/airflow/.local/lib/python3.12/site-packages/airflow/example_dags/example_python_decorator.py for tasks to queue
[2025-12-08T08:13:01.851+0000] {logging_mixin.py:190} INFO - [2025-12-08T08:13:01.849+0000] {dagbag.py:587} INFO - Filling up the DagBag from /home/airflow/.local/lib/python3.12/site-packages/airflow/example_dags/example_python_decorator.py
[2025-12-08T08:13:01.914+0000] {processor.py:925} INFO - DAG(s) 'example_python_decorator' retrieved from /home/airflow/.local/lib/python3.12/site-packages/airflow/example_dags/example_python_decorator.py
[2025-12-08T08:13:01.988+0000] {logging_mixin.py:190} INFO - [2025-12-08T08:13:01.986+0000] {dag.py:3211} INFO - Sync 1 DAGs
[2025-12-08T08:13:02.046+0000] {logging_mixin.py:190} INFO - [2025-12-08T08:13:02.045+0000] {dag.py:4138} INFO - Setting next_dagrun for example_python_decorator to None, run_after=None
[2025-12-08T08:13:02.107+0000] {processor.py:208} INFO - Processing /home/airflow/.local/lib/python3.12/site-packages/airflow/example_dags/example_python_decorator.py took 0.285 seconds
[2025-12-08T08:13:32.330+0000] {processor.py:186} INFO - Started process (PID=5906) to work on /home/airflow/.local/lib/python3.12/site-packages/airflow/example_dags/example_python_decorator.py
[2025-12-08T08:13:32.335+0000] {processor.py:914} INFO - Processing file /home/airflow/.local/lib/python3.12/site-packages/airflow/example_dags/example_python_decorator.py for tasks to queue
[2025-12-08T08:13:32.343+0000] {logging_mixin.py:190} INFO - [2025-12-08T08:13:32.342+0000] {dagbag.py:587} INFO - Filling up the DagBag from /home/airflow/.local/lib/python3.12/site-packages/airflow/example_dags/example_python_decorator.py
[2025-12-08T08:13:32.374+0000] {processor.py:925} INFO - DAG(s) 'example_python_decorator' retrieved from /home/airflow/.local/lib/python3.12/site-packages/airflow/example_dags/example_python_decorator.py
[2025-12-08T08:13:32.419+0000] {logging_mixin.py:190} INFO - [2025-12-08T08:13:32.418+0000] {dag.py:3211} INFO - Sync 1 DAGs
[2025-12-08T08:13:32.444+0000] {logging_mixin.py:190} INFO - [2025-12-08T08:13:32.444+0000] {dag.py:4138} INFO - Setting next_dagrun for example_python_decorator to None, run_after=None
[2025-12-08T08:13:32.487+0000] {processor.py:208} INFO - Processing /home/airflow/.local/lib/python3.12/site-packages/airflow/example_dags/example_python_decorator.py took 0.180 seconds
[2025-12-08T08:14:03.291+0000] {processor.py:186} INFO - Started process (PID=5969) to work on /home/airflow/.local/lib/python3.12/site-packages/airflow/example_dags/example_python_decorator.py
[2025-12-08T08:14:03.293+0000] {processor.py:914} INFO - Processing file /home/airflow/.local/lib/python3.12/site-packages/airflow/example_dags/example_python_decorator.py for tasks to queue
[2025-12-08T08:14:03.296+0000] {logging_mixin.py:190} INFO - [2025-12-08T08:14:03.295+0000] {dagbag.py:587} INFO - Filling up the DagBag from /home/airflow/.local/lib/python3.12/site-packages/airflow/example_dags/example_python_decorator.py
[2025-12-08T08:14:03.314+0000] {processor.py:925} INFO - DAG(s) 'example_python_decorator' retrieved from /home/airflow/.local/lib/python3.12/site-packages/airflow/example_dags/example_python_decorator.py
[2025-12-08T08:14:03.344+0000] {logging_mixin.py:190} INFO - [2025-12-08T08:14:03.343+0000] {dag.py:3211} INFO - Sync 1 DAGs
[2025-12-08T08:14:03.359+0000] {logging_mixin.py:190} INFO - [2025-12-08T08:14:03.359+0000] {dag.py:4138} INFO - Setting next_dagrun for example_python_decorator to None, run_after=None
[2025-12-08T08:14:03.387+0000] {processor.py:208} INFO - Processing /home/airflow/.local/lib/python3.12/site-packages/airflow/example_dags/example_python_decorator.py took 0.104 seconds
[2025-12-08T08:14:33.817+0000] {processor.py:186} INFO - Started process (PID=6032) to work on /home/airflow/.local/lib/python3.12/site-packages/airflow/example_dags/example_python_decorator.py
[2025-12-08T08:14:33.818+0000] {processor.py:914} INFO - Processing file /home/airflow/.local/lib/python3.12/site-packages/airflow/example_dags/example_python_decorator.py for tasks to queue
[2025-12-08T08:14:33.822+0000] {logging_mixin.py:190} INFO - [2025-12-08T08:14:33.822+0000] {dagbag.py:587} INFO - Filling up the DagBag from /home/airflow/.local/lib/python3.12/site-packages/airflow/example_dags/example_python_decorator.py
[2025-12-08T08:14:33.837+0000] {processor.py:925} INFO - DAG(s) 'example_python_decorator' retrieved from /home/airflow/.local/lib/python3.12/site-packages/airflow/example_dags/example_python_decorator.py
[2025-12-08T08:14:33.862+0000] {logging_mixin.py:190} INFO - [2025-12-08T08:14:33.862+0000] {dag.py:3211} INFO - Sync 1 DAGs
[2025-12-08T08:14:33.877+0000] {logging_mixin.py:190} INFO - [2025-12-08T08:14:33.876+0000] {dag.py:4138} INFO - Setting next_dagrun for example_python_decorator to None, run_after=None
[2025-12-08T08:14:33.901+0000] {processor.py:208} INFO - Processing /home/airflow/.local/lib/python3.12/site-packages/airflow/example_dags/example_python_decorator.py took 0.091 seconds
[2025-12-08T08:15:04.645+0000] {processor.py:186} INFO - Started process (PID=6096) to work on /home/airflow/.local/lib/python3.12/site-packages/airflow/example_dags/example_python_decorator.py
[2025-12-08T08:15:04.647+0000] {processor.py:914} INFO - Processing file /home/airflow/.local/lib/python3.12/site-packages/airflow/example_dags/example_python_decorator.py for tasks to queue
[2025-12-08T08:15:04.651+0000] {logging_mixin.py:190} INFO - [2025-12-08T08:15:04.650+0000] {dagbag.py:587} INFO - Filling up the DagBag from /home/airflow/.local/lib/python3.12/site-packages/airflow/example_dags/example_python_decorator.py
[2025-12-08T08:15:04.666+0000] {processor.py:925} INFO - DAG(s) 'example_python_decorator' retrieved from /home/airflow/.local/lib/python3.12/site-packages/airflow/example_dags/example_python_decorator.py
[2025-12-08T08:15:04.691+0000] {logging_mixin.py:190} INFO - [2025-12-08T08:15:04.690+0000] {dag.py:3211} INFO - Sync 1 DAGs
[2025-12-08T08:15:04.705+0000] {logging_mixin.py:190} INFO - [2025-12-08T08:15:04.704+0000] {dag.py:4138} INFO - Setting next_dagrun for example_python_decorator to None, run_after=None
[2025-12-08T08:15:04.731+0000] {processor.py:208} INFO - Processing /home/airflow/.local/lib/python3.12/site-packages/airflow/example_dags/example_python_decorator.py took 0.093 seconds
[2025-12-08T08:15:35.429+0000] {processor.py:186} INFO - Started process (PID=6159) to work on /home/airflow/.local/lib/python3.12/site-packages/airflow/example_dags/example_python_decorator.py
[2025-12-08T08:15:35.430+0000] {processor.py:914} INFO - Processing file /home/airflow/.local/lib/python3.12/site-packages/airflow/example_dags/example_python_decorator.py for tasks to queue
[2025-12-08T08:15:35.434+0000] {logging_mixin.py:190} INFO - [2025-12-08T08:15:35.433+0000] {dagbag.py:587} INFO - Filling up the DagBag from /home/airflow/.local/lib/python3.12/site-packages/airflow/example_dags/example_python_decorator.py
[2025-12-08T08:15:35.450+0000] {processor.py:925} INFO - DAG(s) 'example_python_decorator' retrieved from /home/airflow/.local/lib/python3.12/site-packages/airflow/example_dags/example_python_decorator.py
[2025-12-08T08:15:35.478+0000] {logging_mixin.py:190} INFO - [2025-12-08T08:15:35.478+0000] {dag.py:3211} INFO - Sync 1 DAGs
[2025-12-08T08:15:35.492+0000] {logging_mixin.py:190} INFO - [2025-12-08T08:15:35.492+0000] {dag.py:4138} INFO - Setting next_dagrun for example_python_decorator to None, run_after=None
[2025-12-08T08:15:35.515+0000] {processor.py:208} INFO - Processing /home/airflow/.local/lib/python3.12/site-packages/airflow/example_dags/example_python_decorator.py took 0.095 seconds
[2025-12-08T08:16:05.904+0000] {processor.py:186} INFO - Started process (PID=6222) to work on /home/airflow/.local/lib/python3.12/site-packages/airflow/example_dags/example_python_decorator.py
[2025-12-08T08:16:05.907+0000] {processor.py:914} INFO - Processing file /home/airflow/.local/lib/python3.12/site-packages/airflow/example_dags/example_python_decorator.py for tasks to queue
[2025-12-08T08:16:05.911+0000] {logging_mixin.py:190} INFO - [2025-12-08T08:16:05.911+0000] {dagbag.py:587} INFO - Filling up the DagBag from /home/airflow/.local/lib/python3.12/site-packages/airflow/example_dags/example_python_decorator.py
[2025-12-08T08:16:05.926+0000] {processor.py:925} INFO - DAG(s) 'example_python_decorator' retrieved from /home/airflow/.local/lib/python3.12/site-packages/airflow/example_dags/example_python_decorator.py
[2025-12-08T08:16:05.949+0000] {logging_mixin.py:190} INFO - [2025-12-08T08:16:05.949+0000] {dag.py:3211} INFO - Sync 1 DAGs
[2025-12-08T08:16:05.964+0000] {logging_mixin.py:190} INFO - [2025-12-08T08:16:05.964+0000] {dag.py:4138} INFO - Setting next_dagrun for example_python_decorator to None, run_after=None
[2025-12-08T08:16:05.986+0000] {processor.py:208} INFO - Processing /home/airflow/.local/lib/python3.12/site-packages/airflow/example_dags/example_python_decorator.py took 0.090 seconds
[2025-12-08T08:16:36.302+0000] {processor.py:186} INFO - Started process (PID=6285) to work on /home/airflow/.local/lib/python3.12/site-packages/airflow/example_dags/example_python_decorator.py
[2025-12-08T08:16:36.304+0000] {processor.py:914} INFO - Processing file /home/airflow/.local/lib/python3.12/site-packages/airflow/example_dags/example_python_decorator.py for tasks to queue
[2025-12-08T08:16:36.307+0000] {logging_mixin.py:190} INFO - [2025-12-08T08:16:36.306+0000] {dagbag.py:587} INFO - Filling up the DagBag from /home/airflow/.local/lib/python3.12/site-packages/airflow/example_dags/example_python_decorator.py
[2025-12-08T08:16:36.325+0000] {processor.py:925} INFO - DAG(s) 'example_python_decorator' retrieved from /home/airflow/.local/lib/python3.12/site-packages/airflow/example_dags/example_python_decorator.py
[2025-12-08T08:16:36.350+0000] {logging_mixin.py:190} INFO - [2025-12-08T08:16:36.350+0000] {dag.py:3211} INFO - Sync 1 DAGs
[2025-12-08T08:16:36.365+0000] {logging_mixin.py:190} INFO - [2025-12-08T08:16:36.364+0000] {dag.py:4138} INFO - Setting next_dagrun for example_python_decorator to None, run_after=None
[2025-12-08T08:16:36.390+0000] {processor.py:208} INFO - Processing /home/airflow/.local/lib/python3.12/site-packages/airflow/example_dags/example_python_decorator.py took 0.095 seconds
[2025-12-08T08:17:06.676+0000] {processor.py:186} INFO - Started process (PID=6348) to work on /home/airflow/.local/lib/python3.12/site-packages/airflow/example_dags/example_python_decorator.py
[2025-12-08T08:17:06.678+0000] {processor.py:914} INFO - Processing file /home/airflow/.local/lib/python3.12/site-packages/airflow/example_dags/example_python_decorator.py for tasks to queue
[2025-12-08T08:17:06.682+0000] {logging_mixin.py:190} INFO - [2025-12-08T08:17:06.681+0000] {dagbag.py:587} INFO - Filling up the DagBag from /home/airflow/.local/lib/python3.12/site-packages/airflow/example_dags/example_python_decorator.py
[2025-12-08T08:17:06.698+0000] {processor.py:925} INFO - DAG(s) 'example_python_decorator' retrieved from /home/airflow/.local/lib/python3.12/site-packages/airflow/example_dags/example_python_decorator.py
[2025-12-08T08:17:06.722+0000] {logging_mixin.py:190} INFO - [2025-12-08T08:17:06.722+0000] {dag.py:3211} INFO - Sync 1 DAGs
[2025-12-08T08:17:06.736+0000] {logging_mixin.py:190} INFO - [2025-12-08T08:17:06.736+0000] {dag.py:4138} INFO - Setting next_dagrun for example_python_decorator to None, run_after=None
[2025-12-08T08:17:06.760+0000] {processor.py:208} INFO - Processing /home/airflow/.local/lib/python3.12/site-packages/airflow/example_dags/example_python_decorator.py took 0.092 seconds
[2025-12-08T08:17:37.335+0000] {processor.py:186} INFO - Started process (PID=6411) to work on /home/airflow/.local/lib/python3.12/site-packages/airflow/example_dags/example_python_decorator.py
[2025-12-08T08:17:37.337+0000] {processor.py:914} INFO - Processing file /home/airflow/.local/lib/python3.12/site-packages/airflow/example_dags/example_python_decorator.py for tasks to queue
[2025-12-08T08:17:37.340+0000] {logging_mixin.py:190} INFO - [2025-12-08T08:17:37.340+0000] {dagbag.py:587} INFO - Filling up the DagBag from /home/airflow/.local/lib/python3.12/site-packages/airflow/example_dags/example_python_decorator.py
[2025-12-08T08:17:37.355+0000] {processor.py:925} INFO - DAG(s) 'example_python_decorator' retrieved from /home/airflow/.local/lib/python3.12/site-packages/airflow/example_dags/example_python_decorator.py
[2025-12-08T08:17:37.380+0000] {logging_mixin.py:190} INFO - [2025-12-08T08:17:37.379+0000] {dag.py:3211} INFO - Sync 1 DAGs
[2025-12-08T08:17:37.395+0000] {logging_mixin.py:190} INFO - [2025-12-08T08:17:37.394+0000] {dag.py:4138} INFO - Setting next_dagrun for example_python_decorator to None, run_after=None
[2025-12-08T08:17:37.419+0000] {processor.py:208} INFO - Processing /home/airflow/.local/lib/python3.12/site-packages/airflow/example_dags/example_python_decorator.py took 0.091 seconds
[2025-12-08T08:18:07.858+0000] {processor.py:186} INFO - Started process (PID=6474) to work on /home/airflow/.local/lib/python3.12/site-packages/airflow/example_dags/example_python_decorator.py
[2025-12-08T08:18:07.860+0000] {processor.py:914} INFO - Processing file /home/airflow/.local/lib/python3.12/site-packages/airflow/example_dags/example_python_decorator.py for tasks to queue
[2025-12-08T08:18:07.863+0000] {logging_mixin.py:190} INFO - [2025-12-08T08:18:07.862+0000] {dagbag.py:587} INFO - Filling up the DagBag from /home/airflow/.local/lib/python3.12/site-packages/airflow/example_dags/example_python_decorator.py
[2025-12-08T08:18:07.878+0000] {processor.py:925} INFO - DAG(s) 'example_python_decorator' retrieved from /home/airflow/.local/lib/python3.12/site-packages/airflow/example_dags/example_python_decorator.py
[2025-12-08T08:18:07.904+0000] {logging_mixin.py:190} INFO - [2025-12-08T08:18:07.903+0000] {dag.py:3211} INFO - Sync 1 DAGs
[2025-12-08T08:18:07.918+0000] {logging_mixin.py:190} INFO - [2025-12-08T08:18:07.918+0000] {dag.py:4138} INFO - Setting next_dagrun for example_python_decorator to None, run_after=None
[2025-12-08T08:18:07.943+0000] {processor.py:208} INFO - Processing /home/airflow/.local/lib/python3.12/site-packages/airflow/example_dags/example_python_decorator.py took 0.090 seconds
[2025-12-08T08:18:38.473+0000] {processor.py:186} INFO - Started process (PID=6537) to work on /home/airflow/.local/lib/python3.12/site-packages/airflow/example_dags/example_python_decorator.py
[2025-12-08T08:18:38.475+0000] {processor.py:914} INFO - Processing file /home/airflow/.local/lib/python3.12/site-packages/airflow/example_dags/example_python_decorator.py for tasks to queue
[2025-12-08T08:18:38.480+0000] {logging_mixin.py:190} INFO - [2025-12-08T08:18:38.479+0000] {dagbag.py:587} INFO - Filling up the DagBag from /home/airflow/.local/lib/python3.12/site-packages/airflow/example_dags/example_python_decorator.py
[2025-12-08T08:18:38.497+0000] {processor.py:925} INFO - DAG(s) 'example_python_decorator' retrieved from /home/airflow/.local/lib/python3.12/site-packages/airflow/example_dags/example_python_decorator.py
[2025-12-08T08:18:38.528+0000] {logging_mixin.py:190} INFO - [2025-12-08T08:18:38.527+0000] {dag.py:3211} INFO - Sync 1 DAGs
[2025-12-08T08:18:38.543+0000] {logging_mixin.py:190} INFO - [2025-12-08T08:18:38.543+0000] {dag.py:4138} INFO - Setting next_dagrun for example_python_decorator to None, run_after=None
[2025-12-08T08:18:38.566+0000] {processor.py:208} INFO - Processing /home/airflow/.local/lib/python3.12/site-packages/airflow/example_dags/example_python_decorator.py took 0.102 seconds
[2025-12-08T08:19:09.252+0000] {processor.py:186} INFO - Started process (PID=6600) to work on /home/airflow/.local/lib/python3.12/site-packages/airflow/example_dags/example_python_decorator.py
[2025-12-08T08:19:09.253+0000] {processor.py:914} INFO - Processing file /home/airflow/.local/lib/python3.12/site-packages/airflow/example_dags/example_python_decorator.py for tasks to queue
[2025-12-08T08:19:09.256+0000] {logging_mixin.py:190} INFO - [2025-12-08T08:19:09.256+0000] {dagbag.py:587} INFO - Filling up the DagBag from /home/airflow/.local/lib/python3.12/site-packages/airflow/example_dags/example_python_decorator.py
[2025-12-08T08:19:09.277+0000] {processor.py:925} INFO - DAG(s) 'example_python_decorator' retrieved from /home/airflow/.local/lib/python3.12/site-packages/airflow/example_dags/example_python_decorator.py
[2025-12-08T08:19:09.322+0000] {logging_mixin.py:190} INFO - [2025-12-08T08:19:09.321+0000] {dag.py:3211} INFO - Sync 1 DAGs
[2025-12-08T08:19:09.340+0000] {logging_mixin.py:190} INFO - [2025-12-08T08:19:09.340+0000] {dag.py:4138} INFO - Setting next_dagrun for example_python_decorator to None, run_after=None
[2025-12-08T08:19:09.363+0000] {processor.py:208} INFO - Processing /home/airflow/.local/lib/python3.12/site-packages/airflow/example_dags/example_python_decorator.py took 0.117 seconds
[2025-12-08T08:19:40.465+0000] {processor.py:186} INFO - Started process (PID=6669) to work on /home/airflow/.local/lib/python3.12/site-packages/airflow/example_dags/example_python_decorator.py
[2025-12-08T08:19:40.468+0000] {processor.py:914} INFO - Processing file /home/airflow/.local/lib/python3.12/site-packages/airflow/example_dags/example_python_decorator.py for tasks to queue
[2025-12-08T08:19:40.479+0000] {logging_mixin.py:190} INFO - [2025-12-08T08:19:40.478+0000] {dagbag.py:587} INFO - Filling up the DagBag from /home/airflow/.local/lib/python3.12/site-packages/airflow/example_dags/example_python_decorator.py
[2025-12-08T08:19:40.512+0000] {processor.py:925} INFO - DAG(s) 'example_python_decorator' retrieved from /home/airflow/.local/lib/python3.12/site-packages/airflow/example_dags/example_python_decorator.py
[2025-12-08T08:19:40.573+0000] {logging_mixin.py:190} INFO - [2025-12-08T08:19:40.572+0000] {dag.py:3211} INFO - Sync 1 DAGs
[2025-12-08T08:19:40.615+0000] {logging_mixin.py:190} INFO - [2025-12-08T08:19:40.615+0000] {dag.py:4138} INFO - Setting next_dagrun for example_python_decorator to None, run_after=None
[2025-12-08T08:19:40.682+0000] {processor.py:208} INFO - Processing /home/airflow/.local/lib/python3.12/site-packages/airflow/example_dags/example_python_decorator.py took 0.229 seconds
[2025-12-08T08:20:11.557+0000] {processor.py:186} INFO - Started process (PID=6732) to work on /home/airflow/.local/lib/python3.12/site-packages/airflow/example_dags/example_python_decorator.py
[2025-12-08T08:20:11.560+0000] {processor.py:914} INFO - Processing file /home/airflow/.local/lib/python3.12/site-packages/airflow/example_dags/example_python_decorator.py for tasks to queue
[2025-12-08T08:20:11.569+0000] {logging_mixin.py:190} INFO - [2025-12-08T08:20:11.568+0000] {dagbag.py:587} INFO - Filling up the DagBag from /home/airflow/.local/lib/python3.12/site-packages/airflow/example_dags/example_python_decorator.py
[2025-12-08T08:20:11.610+0000] {processor.py:925} INFO - DAG(s) 'example_python_decorator' retrieved from /home/airflow/.local/lib/python3.12/site-packages/airflow/example_dags/example_python_decorator.py
[2025-12-08T08:20:11.660+0000] {logging_mixin.py:190} INFO - [2025-12-08T08:20:11.659+0000] {dag.py:3211} INFO - Sync 1 DAGs
[2025-12-08T08:20:11.691+0000] {logging_mixin.py:190} INFO - [2025-12-08T08:20:11.691+0000] {dag.py:4138} INFO - Setting next_dagrun for example_python_decorator to None, run_after=None
[2025-12-08T08:20:11.736+0000] {processor.py:208} INFO - Processing /home/airflow/.local/lib/python3.12/site-packages/airflow/example_dags/example_python_decorator.py took 0.200 seconds
[2025-12-08T08:20:42.350+0000] {processor.py:186} INFO - Started process (PID=6796) to work on /home/airflow/.local/lib/python3.12/site-packages/airflow/example_dags/example_python_decorator.py
[2025-12-08T08:20:42.353+0000] {processor.py:914} INFO - Processing file /home/airflow/.local/lib/python3.12/site-packages/airflow/example_dags/example_python_decorator.py for tasks to queue
[2025-12-08T08:20:42.358+0000] {logging_mixin.py:190} INFO - [2025-12-08T08:20:42.357+0000] {dagbag.py:587} INFO - Filling up the DagBag from /home/airflow/.local/lib/python3.12/site-packages/airflow/example_dags/example_python_decorator.py
[2025-12-08T08:20:42.385+0000] {processor.py:925} INFO - DAG(s) 'example_python_decorator' retrieved from /home/airflow/.local/lib/python3.12/site-packages/airflow/example_dags/example_python_decorator.py
[2025-12-08T08:20:42.446+0000] {logging_mixin.py:190} INFO - [2025-12-08T08:20:42.446+0000] {dag.py:3211} INFO - Sync 1 DAGs
[2025-12-08T08:20:42.483+0000] {logging_mixin.py:190} INFO - [2025-12-08T08:20:42.483+0000] {dag.py:4138} INFO - Setting next_dagrun for example_python_decorator to None, run_after=None
[2025-12-08T08:20:42.529+0000] {processor.py:208} INFO - Processing /home/airflow/.local/lib/python3.12/site-packages/airflow/example_dags/example_python_decorator.py took 0.198 seconds
[2025-12-08T08:21:12.788+0000] {processor.py:186} INFO - Started process (PID=6859) to work on /home/airflow/.local/lib/python3.12/site-packages/airflow/example_dags/example_python_decorator.py
[2025-12-08T08:21:12.790+0000] {processor.py:914} INFO - Processing file /home/airflow/.local/lib/python3.12/site-packages/airflow/example_dags/example_python_decorator.py for tasks to queue
[2025-12-08T08:21:12.800+0000] {logging_mixin.py:190} INFO - [2025-12-08T08:21:12.798+0000] {dagbag.py:587} INFO - Filling up the DagBag from /home/airflow/.local/lib/python3.12/site-packages/airflow/example_dags/example_python_decorator.py
[2025-12-08T08:21:12.823+0000] {processor.py:925} INFO - DAG(s) 'example_python_decorator' retrieved from /home/airflow/.local/lib/python3.12/site-packages/airflow/example_dags/example_python_decorator.py
[2025-12-08T08:21:12.878+0000] {logging_mixin.py:190} INFO - [2025-12-08T08:21:12.877+0000] {dag.py:3211} INFO - Sync 1 DAGs
[2025-12-08T08:21:12.909+0000] {logging_mixin.py:190} INFO - [2025-12-08T08:21:12.909+0000] {dag.py:4138} INFO - Setting next_dagrun for example_python_decorator to None, run_after=None
[2025-12-08T08:21:12.966+0000] {processor.py:208} INFO - Processing /home/airflow/.local/lib/python3.12/site-packages/airflow/example_dags/example_python_decorator.py took 0.189 seconds
[2025-12-08T08:21:43.635+0000] {processor.py:186} INFO - Started process (PID=6923) to work on /home/airflow/.local/lib/python3.12/site-packages/airflow/example_dags/example_python_decorator.py
[2025-12-08T08:21:43.639+0000] {processor.py:914} INFO - Processing file /home/airflow/.local/lib/python3.12/site-packages/airflow/example_dags/example_python_decorator.py for tasks to queue
[2025-12-08T08:21:43.646+0000] {logging_mixin.py:190} INFO - [2025-12-08T08:21:43.646+0000] {dagbag.py:587} INFO - Filling up the DagBag from /home/airflow/.local/lib/python3.12/site-packages/airflow/example_dags/example_python_decorator.py
[2025-12-08T08:21:43.685+0000] {processor.py:925} INFO - DAG(s) 'example_python_decorator' retrieved from /home/airflow/.local/lib/python3.12/site-packages/airflow/example_dags/example_python_decorator.py
[2025-12-08T08:21:43.738+0000] {logging_mixin.py:190} INFO - [2025-12-08T08:21:43.736+0000] {dag.py:3211} INFO - Sync 1 DAGs
[2025-12-08T08:21:43.770+0000] {logging_mixin.py:190} INFO - [2025-12-08T08:21:43.770+0000] {dag.py:4138} INFO - Setting next_dagrun for example_python_decorator to None, run_after=None
[2025-12-08T08:21:43.813+0000] {processor.py:208} INFO - Processing /home/airflow/.local/lib/python3.12/site-packages/airflow/example_dags/example_python_decorator.py took 0.195 seconds
[2025-12-08T08:22:14.742+0000] {processor.py:186} INFO - Started process (PID=6986) to work on /home/airflow/.local/lib/python3.12/site-packages/airflow/example_dags/example_python_decorator.py
[2025-12-08T08:22:14.744+0000] {processor.py:914} INFO - Processing file /home/airflow/.local/lib/python3.12/site-packages/airflow/example_dags/example_python_decorator.py for tasks to queue
[2025-12-08T08:22:14.748+0000] {logging_mixin.py:190} INFO - [2025-12-08T08:22:14.747+0000] {dagbag.py:587} INFO - Filling up the DagBag from /home/airflow/.local/lib/python3.12/site-packages/airflow/example_dags/example_python_decorator.py
[2025-12-08T08:22:14.766+0000] {processor.py:925} INFO - DAG(s) 'example_python_decorator' retrieved from /home/airflow/.local/lib/python3.12/site-packages/airflow/example_dags/example_python_decorator.py
[2025-12-08T08:22:14.790+0000] {logging_mixin.py:190} INFO - [2025-12-08T08:22:14.790+0000] {dag.py:3211} INFO - Sync 1 DAGs
[2025-12-08T08:22:14.805+0000] {logging_mixin.py:190} INFO - [2025-12-08T08:22:14.805+0000] {dag.py:4138} INFO - Setting next_dagrun for example_python_decorator to None, run_after=None
[2025-12-08T08:22:14.827+0000] {processor.py:208} INFO - Processing /home/airflow/.local/lib/python3.12/site-packages/airflow/example_dags/example_python_decorator.py took 0.092 seconds
[2025-12-08T08:22:45.127+0000] {processor.py:186} INFO - Started process (PID=7049) to work on /home/airflow/.local/lib/python3.12/site-packages/airflow/example_dags/example_python_decorator.py
[2025-12-08T08:22:45.129+0000] {processor.py:914} INFO - Processing file /home/airflow/.local/lib/python3.12/site-packages/airflow/example_dags/example_python_decorator.py for tasks to queue
[2025-12-08T08:22:45.133+0000] {logging_mixin.py:190} INFO - [2025-12-08T08:22:45.132+0000] {dagbag.py:587} INFO - Filling up the DagBag from /home/airflow/.local/lib/python3.12/site-packages/airflow/example_dags/example_python_decorator.py
[2025-12-08T08:22:45.149+0000] {processor.py:925} INFO - DAG(s) 'example_python_decorator' retrieved from /home/airflow/.local/lib/python3.12/site-packages/airflow/example_dags/example_python_decorator.py
[2025-12-08T08:22:45.181+0000] {logging_mixin.py:190} INFO - [2025-12-08T08:22:45.181+0000] {dag.py:3211} INFO - Sync 1 DAGs
[2025-12-08T08:22:45.203+0000] {logging_mixin.py:190} INFO - [2025-12-08T08:22:45.203+0000] {dag.py:4138} INFO - Setting next_dagrun for example_python_decorator to None, run_after=None
[2025-12-08T08:22:45.231+0000] {processor.py:208} INFO - Processing /home/airflow/.local/lib/python3.12/site-packages/airflow/example_dags/example_python_decorator.py took 0.114 seconds
[2025-12-08T08:23:15.362+0000] {processor.py:186} INFO - Started process (PID=7112) to work on /home/airflow/.local/lib/python3.12/site-packages/airflow/example_dags/example_python_decorator.py
[2025-12-08T08:23:15.364+0000] {processor.py:914} INFO - Processing file /home/airflow/.local/lib/python3.12/site-packages/airflow/example_dags/example_python_decorator.py for tasks to queue
[2025-12-08T08:23:15.367+0000] {logging_mixin.py:190} INFO - [2025-12-08T08:23:15.367+0000] {dagbag.py:587} INFO - Filling up the DagBag from /home/airflow/.local/lib/python3.12/site-packages/airflow/example_dags/example_python_decorator.py
[2025-12-08T08:23:15.382+0000] {processor.py:925} INFO - DAG(s) 'example_python_decorator' retrieved from /home/airflow/.local/lib/python3.12/site-packages/airflow/example_dags/example_python_decorator.py
[2025-12-08T08:23:15.405+0000] {logging_mixin.py:190} INFO - [2025-12-08T08:23:15.405+0000] {dag.py:3211} INFO - Sync 1 DAGs
[2025-12-08T08:23:15.418+0000] {logging_mixin.py:190} INFO - [2025-12-08T08:23:15.418+0000] {dag.py:4138} INFO - Setting next_dagrun for example_python_decorator to None, run_after=None
[2025-12-08T08:23:15.441+0000] {processor.py:208} INFO - Processing /home/airflow/.local/lib/python3.12/site-packages/airflow/example_dags/example_python_decorator.py took 0.084 seconds
[2025-12-08T08:23:46.204+0000] {processor.py:186} INFO - Started process (PID=7175) to work on /home/airflow/.local/lib/python3.12/site-packages/airflow/example_dags/example_python_decorator.py
[2025-12-08T08:23:46.206+0000] {processor.py:914} INFO - Processing file /home/airflow/.local/lib/python3.12/site-packages/airflow/example_dags/example_python_decorator.py for tasks to queue
[2025-12-08T08:23:46.211+0000] {logging_mixin.py:190} INFO - [2025-12-08T08:23:46.211+0000] {dagbag.py:587} INFO - Filling up the DagBag from /home/airflow/.local/lib/python3.12/site-packages/airflow/example_dags/example_python_decorator.py
[2025-12-08T08:23:46.229+0000] {processor.py:925} INFO - DAG(s) 'example_python_decorator' retrieved from /home/airflow/.local/lib/python3.12/site-packages/airflow/example_dags/example_python_decorator.py
[2025-12-08T08:23:46.256+0000] {logging_mixin.py:190} INFO - [2025-12-08T08:23:46.256+0000] {dag.py:3211} INFO - Sync 1 DAGs
[2025-12-08T08:23:46.270+0000] {logging_mixin.py:190} INFO - [2025-12-08T08:23:46.270+0000] {dag.py:4138} INFO - Setting next_dagrun for example_python_decorator to None, run_after=None
[2025-12-08T08:23:46.294+0000] {processor.py:208} INFO - Processing /home/airflow/.local/lib/python3.12/site-packages/airflow/example_dags/example_python_decorator.py took 0.098 seconds
[2025-12-08T08:24:17.029+0000] {processor.py:186} INFO - Started process (PID=7238) to work on /home/airflow/.local/lib/python3.12/site-packages/airflow/example_dags/example_python_decorator.py
[2025-12-08T08:24:17.030+0000] {processor.py:914} INFO - Processing file /home/airflow/.local/lib/python3.12/site-packages/airflow/example_dags/example_python_decorator.py for tasks to queue
[2025-12-08T08:24:17.033+0000] {logging_mixin.py:190} INFO - [2025-12-08T08:24:17.033+0000] {dagbag.py:587} INFO - Filling up the DagBag from /home/airflow/.local/lib/python3.12/site-packages/airflow/example_dags/example_python_decorator.py
[2025-12-08T08:24:17.048+0000] {processor.py:925} INFO - DAG(s) 'example_python_decorator' retrieved from /home/airflow/.local/lib/python3.12/site-packages/airflow/example_dags/example_python_decorator.py
[2025-12-08T08:24:17.071+0000] {logging_mixin.py:190} INFO - [2025-12-08T08:24:17.071+0000] {dag.py:3211} INFO - Sync 1 DAGs
[2025-12-08T08:24:17.085+0000] {logging_mixin.py:190} INFO - [2025-12-08T08:24:17.085+0000] {dag.py:4138} INFO - Setting next_dagrun for example_python_decorator to None, run_after=None
[2025-12-08T08:24:17.110+0000] {processor.py:208} INFO - Processing /home/airflow/.local/lib/python3.12/site-packages/airflow/example_dags/example_python_decorator.py took 0.088 seconds
[2025-12-08T08:24:47.710+0000] {processor.py:186} INFO - Started process (PID=7301) to work on /home/airflow/.local/lib/python3.12/site-packages/airflow/example_dags/example_python_decorator.py
[2025-12-08T08:24:47.713+0000] {processor.py:914} INFO - Processing file /home/airflow/.local/lib/python3.12/site-packages/airflow/example_dags/example_python_decorator.py for tasks to queue
[2025-12-08T08:24:47.717+0000] {logging_mixin.py:190} INFO - [2025-12-08T08:24:47.717+0000] {dagbag.py:587} INFO - Filling up the DagBag from /home/airflow/.local/lib/python3.12/site-packages/airflow/example_dags/example_python_decorator.py
[2025-12-08T08:24:47.733+0000] {processor.py:925} INFO - DAG(s) 'example_python_decorator' retrieved from /home/airflow/.local/lib/python3.12/site-packages/airflow/example_dags/example_python_decorator.py
[2025-12-08T08:24:47.758+0000] {logging_mixin.py:190} INFO - [2025-12-08T08:24:47.758+0000] {dag.py:3211} INFO - Sync 1 DAGs
[2025-12-08T08:24:47.774+0000] {logging_mixin.py:190} INFO - [2025-12-08T08:24:47.774+0000] {dag.py:4138} INFO - Setting next_dagrun for example_python_decorator to None, run_after=None
[2025-12-08T08:24:47.796+0000] {processor.py:208} INFO - Processing /home/airflow/.local/lib/python3.12/site-packages/airflow/example_dags/example_python_decorator.py took 0.092 seconds
[2025-12-08T08:25:18.583+0000] {processor.py:186} INFO - Started process (PID=7364) to work on /home/airflow/.local/lib/python3.12/site-packages/airflow/example_dags/example_python_decorator.py
[2025-12-08T08:25:18.586+0000] {processor.py:914} INFO - Processing file /home/airflow/.local/lib/python3.12/site-packages/airflow/example_dags/example_python_decorator.py for tasks to queue
[2025-12-08T08:25:18.591+0000] {logging_mixin.py:190} INFO - [2025-12-08T08:25:18.591+0000] {dagbag.py:587} INFO - Filling up the DagBag from /home/airflow/.local/lib/python3.12/site-packages/airflow/example_dags/example_python_decorator.py
[2025-12-08T08:25:18.607+0000] {processor.py:925} INFO - DAG(s) 'example_python_decorator' retrieved from /home/airflow/.local/lib/python3.12/site-packages/airflow/example_dags/example_python_decorator.py
[2025-12-08T08:25:18.634+0000] {logging_mixin.py:190} INFO - [2025-12-08T08:25:18.634+0000] {dag.py:3211} INFO - Sync 1 DAGs
[2025-12-08T08:25:18.649+0000] {logging_mixin.py:190} INFO - [2025-12-08T08:25:18.649+0000] {dag.py:4138} INFO - Setting next_dagrun for example_python_decorator to None, run_after=None
[2025-12-08T08:25:18.672+0000] {processor.py:208} INFO - Processing /home/airflow/.local/lib/python3.12/site-packages/airflow/example_dags/example_python_decorator.py took 0.100 seconds
[2025-12-08T08:25:49.414+0000] {processor.py:186} INFO - Started process (PID=7427) to work on /home/airflow/.local/lib/python3.12/site-packages/airflow/example_dags/example_python_decorator.py
[2025-12-08T08:25:49.416+0000] {processor.py:914} INFO - Processing file /home/airflow/.local/lib/python3.12/site-packages/airflow/example_dags/example_python_decorator.py for tasks to queue
[2025-12-08T08:25:49.420+0000] {logging_mixin.py:190} INFO - [2025-12-08T08:25:49.419+0000] {dagbag.py:587} INFO - Filling up the DagBag from /home/airflow/.local/lib/python3.12/site-packages/airflow/example_dags/example_python_decorator.py
[2025-12-08T08:25:49.434+0000] {processor.py:925} INFO - DAG(s) 'example_python_decorator' retrieved from /home/airflow/.local/lib/python3.12/site-packages/airflow/example_dags/example_python_decorator.py
[2025-12-08T08:25:49.461+0000] {logging_mixin.py:190} INFO - [2025-12-08T08:25:49.460+0000] {dag.py:3211} INFO - Sync 1 DAGs
[2025-12-08T08:25:49.477+0000] {logging_mixin.py:190} INFO - [2025-12-08T08:25:49.477+0000] {dag.py:4138} INFO - Setting next_dagrun for example_python_decorator to None, run_after=None
[2025-12-08T08:25:49.501+0000] {processor.py:208} INFO - Processing /home/airflow/.local/lib/python3.12/site-packages/airflow/example_dags/example_python_decorator.py took 0.097 seconds
[2025-12-08T08:26:19.678+0000] {processor.py:186} INFO - Started process (PID=7490) to work on /home/airflow/.local/lib/python3.12/site-packages/airflow/example_dags/example_python_decorator.py
[2025-12-08T08:26:19.679+0000] {processor.py:914} INFO - Processing file /home/airflow/.local/lib/python3.12/site-packages/airflow/example_dags/example_python_decorator.py for tasks to queue
[2025-12-08T08:26:19.684+0000] {logging_mixin.py:190} INFO - [2025-12-08T08:26:19.683+0000] {dagbag.py:587} INFO - Filling up the DagBag from /home/airflow/.local/lib/python3.12/site-packages/airflow/example_dags/example_python_decorator.py
[2025-12-08T08:26:19.702+0000] {processor.py:925} INFO - DAG(s) 'example_python_decorator' retrieved from /home/airflow/.local/lib/python3.12/site-packages/airflow/example_dags/example_python_decorator.py
[2025-12-08T08:26:19.730+0000] {logging_mixin.py:190} INFO - [2025-12-08T08:26:19.729+0000] {dag.py:3211} INFO - Sync 1 DAGs
[2025-12-08T08:26:19.747+0000] {logging_mixin.py:190} INFO - [2025-12-08T08:26:19.747+0000] {dag.py:4138} INFO - Setting next_dagrun for example_python_decorator to None, run_after=None
[2025-12-08T08:26:19.770+0000] {processor.py:208} INFO - Processing /home/airflow/.local/lib/python3.12/site-packages/airflow/example_dags/example_python_decorator.py took 0.102 seconds
[2025-12-08T08:26:50.044+0000] {processor.py:186} INFO - Started process (PID=7554) to work on /home/airflow/.local/lib/python3.12/site-packages/airflow/example_dags/example_python_decorator.py
[2025-12-08T08:26:50.045+0000] {processor.py:914} INFO - Processing file /home/airflow/.local/lib/python3.12/site-packages/airflow/example_dags/example_python_decorator.py for tasks to queue
[2025-12-08T08:26:50.049+0000] {logging_mixin.py:190} INFO - [2025-12-08T08:26:50.049+0000] {dagbag.py:587} INFO - Filling up the DagBag from /home/airflow/.local/lib/python3.12/site-packages/airflow/example_dags/example_python_decorator.py
[2025-12-08T08:26:50.064+0000] {processor.py:925} INFO - DAG(s) 'example_python_decorator' retrieved from /home/airflow/.local/lib/python3.12/site-packages/airflow/example_dags/example_python_decorator.py
[2025-12-08T08:26:50.092+0000] {logging_mixin.py:190} INFO - [2025-12-08T08:26:50.091+0000] {dag.py:3211} INFO - Sync 1 DAGs
[2025-12-08T08:26:50.108+0000] {logging_mixin.py:190} INFO - [2025-12-08T08:26:50.107+0000] {dag.py:4138} INFO - Setting next_dagrun for example_python_decorator to None, run_after=None
[2025-12-08T08:26:50.132+0000] {processor.py:208} INFO - Processing /home/airflow/.local/lib/python3.12/site-packages/airflow/example_dags/example_python_decorator.py took 0.095 seconds
[2025-12-08T08:27:20.266+0000] {processor.py:186} INFO - Started process (PID=7617) to work on /home/airflow/.local/lib/python3.12/site-packages/airflow/example_dags/example_python_decorator.py
[2025-12-08T08:27:20.268+0000] {processor.py:914} INFO - Processing file /home/airflow/.local/lib/python3.12/site-packages/airflow/example_dags/example_python_decorator.py for tasks to queue
[2025-12-08T08:27:20.272+0000] {logging_mixin.py:190} INFO - [2025-12-08T08:27:20.271+0000] {dagbag.py:587} INFO - Filling up the DagBag from /home/airflow/.local/lib/python3.12/site-packages/airflow/example_dags/example_python_decorator.py
[2025-12-08T08:27:20.290+0000] {processor.py:925} INFO - DAG(s) 'example_python_decorator' retrieved from /home/airflow/.local/lib/python3.12/site-packages/airflow/example_dags/example_python_decorator.py
[2025-12-08T08:27:20.319+0000] {logging_mixin.py:190} INFO - [2025-12-08T08:27:20.319+0000] {dag.py:3211} INFO - Sync 1 DAGs
[2025-12-08T08:27:20.337+0000] {logging_mixin.py:190} INFO - [2025-12-08T08:27:20.336+0000] {dag.py:4138} INFO - Setting next_dagrun for example_python_decorator to None, run_after=None
[2025-12-08T08:27:20.366+0000] {processor.py:208} INFO - Processing /home/airflow/.local/lib/python3.12/site-packages/airflow/example_dags/example_python_decorator.py took 0.108 seconds
[2025-12-08T08:27:50.594+0000] {processor.py:186} INFO - Started process (PID=7680) to work on /home/airflow/.local/lib/python3.12/site-packages/airflow/example_dags/example_python_decorator.py
[2025-12-08T08:27:50.596+0000] {processor.py:914} INFO - Processing file /home/airflow/.local/lib/python3.12/site-packages/airflow/example_dags/example_python_decorator.py for tasks to queue
[2025-12-08T08:27:50.600+0000] {logging_mixin.py:190} INFO - [2025-12-08T08:27:50.599+0000] {dagbag.py:587} INFO - Filling up the DagBag from /home/airflow/.local/lib/python3.12/site-packages/airflow/example_dags/example_python_decorator.py
[2025-12-08T08:27:50.621+0000] {processor.py:925} INFO - DAG(s) 'example_python_decorator' retrieved from /home/airflow/.local/lib/python3.12/site-packages/airflow/example_dags/example_python_decorator.py
[2025-12-08T08:27:50.652+0000] {logging_mixin.py:190} INFO - [2025-12-08T08:27:50.652+0000] {dag.py:3211} INFO - Sync 1 DAGs
[2025-12-08T08:27:50.674+0000] {logging_mixin.py:190} INFO - [2025-12-08T08:27:50.674+0000] {dag.py:4138} INFO - Setting next_dagrun for example_python_decorator to None, run_after=None
[2025-12-08T08:27:50.704+0000] {processor.py:208} INFO - Processing /home/airflow/.local/lib/python3.12/site-packages/airflow/example_dags/example_python_decorator.py took 0.120 seconds
[2025-12-08T08:28:20.865+0000] {processor.py:186} INFO - Started process (PID=7743) to work on /home/airflow/.local/lib/python3.12/site-packages/airflow/example_dags/example_python_decorator.py
[2025-12-08T08:28:20.867+0000] {processor.py:914} INFO - Processing file /home/airflow/.local/lib/python3.12/site-packages/airflow/example_dags/example_python_decorator.py for tasks to queue
[2025-12-08T08:28:20.871+0000] {logging_mixin.py:190} INFO - [2025-12-08T08:28:20.871+0000] {dagbag.py:587} INFO - Filling up the DagBag from /home/airflow/.local/lib/python3.12/site-packages/airflow/example_dags/example_python_decorator.py
[2025-12-08T08:28:20.887+0000] {processor.py:925} INFO - DAG(s) 'example_python_decorator' retrieved from /home/airflow/.local/lib/python3.12/site-packages/airflow/example_dags/example_python_decorator.py
[2025-12-08T08:28:20.913+0000] {logging_mixin.py:190} INFO - [2025-12-08T08:28:20.913+0000] {dag.py:3211} INFO - Sync 1 DAGs
[2025-12-08T08:28:20.927+0000] {logging_mixin.py:190} INFO - [2025-12-08T08:28:20.926+0000] {dag.py:4138} INFO - Setting next_dagrun for example_python_decorator to None, run_after=None
[2025-12-08T08:28:20.953+0000] {processor.py:208} INFO - Processing /home/airflow/.local/lib/python3.12/site-packages/airflow/example_dags/example_python_decorator.py took 0.097 seconds
[2025-12-08T08:28:51.493+0000] {processor.py:186} INFO - Started process (PID=7806) to work on /home/airflow/.local/lib/python3.12/site-packages/airflow/example_dags/example_python_decorator.py
[2025-12-08T08:28:51.495+0000] {processor.py:914} INFO - Processing file /home/airflow/.local/lib/python3.12/site-packages/airflow/example_dags/example_python_decorator.py for tasks to queue
[2025-12-08T08:28:51.499+0000] {logging_mixin.py:190} INFO - [2025-12-08T08:28:51.498+0000] {dagbag.py:587} INFO - Filling up the DagBag from /home/airflow/.local/lib/python3.12/site-packages/airflow/example_dags/example_python_decorator.py
[2025-12-08T08:28:51.513+0000] {processor.py:925} INFO - DAG(s) 'example_python_decorator' retrieved from /home/airflow/.local/lib/python3.12/site-packages/airflow/example_dags/example_python_decorator.py
[2025-12-08T08:28:51.537+0000] {logging_mixin.py:190} INFO - [2025-12-08T08:28:51.537+0000] {dag.py:3211} INFO - Sync 1 DAGs
[2025-12-08T08:28:51.552+0000] {logging_mixin.py:190} INFO - [2025-12-08T08:28:51.552+0000] {dag.py:4138} INFO - Setting next_dagrun for example_python_decorator to None, run_after=None
[2025-12-08T08:28:51.574+0000] {processor.py:208} INFO - Processing /home/airflow/.local/lib/python3.12/site-packages/airflow/example_dags/example_python_decorator.py took 0.089 seconds
[2025-12-08T08:29:21.730+0000] {processor.py:186} INFO - Started process (PID=7869) to work on /home/airflow/.local/lib/python3.12/site-packages/airflow/example_dags/example_python_decorator.py
[2025-12-08T08:29:21.732+0000] {processor.py:914} INFO - Processing file /home/airflow/.local/lib/python3.12/site-packages/airflow/example_dags/example_python_decorator.py for tasks to queue
[2025-12-08T08:29:21.735+0000] {logging_mixin.py:190} INFO - [2025-12-08T08:29:21.735+0000] {dagbag.py:587} INFO - Filling up the DagBag from /home/airflow/.local/lib/python3.12/site-packages/airflow/example_dags/example_python_decorator.py
[2025-12-08T08:29:21.751+0000] {processor.py:925} INFO - DAG(s) 'example_python_decorator' retrieved from /home/airflow/.local/lib/python3.12/site-packages/airflow/example_dags/example_python_decorator.py
[2025-12-08T08:29:21.776+0000] {logging_mixin.py:190} INFO - [2025-12-08T08:29:21.775+0000] {dag.py:3211} INFO - Sync 1 DAGs
[2025-12-08T08:29:21.791+0000] {logging_mixin.py:190} INFO - [2025-12-08T08:29:21.790+0000] {dag.py:4138} INFO - Setting next_dagrun for example_python_decorator to None, run_after=None
[2025-12-08T08:29:21.814+0000] {processor.py:208} INFO - Processing /home/airflow/.local/lib/python3.12/site-packages/airflow/example_dags/example_python_decorator.py took 0.092 seconds
[2025-12-08T08:29:52.404+0000] {processor.py:186} INFO - Started process (PID=7932) to work on /home/airflow/.local/lib/python3.12/site-packages/airflow/example_dags/example_python_decorator.py
[2025-12-08T08:29:52.405+0000] {processor.py:914} INFO - Processing file /home/airflow/.local/lib/python3.12/site-packages/airflow/example_dags/example_python_decorator.py for tasks to queue
[2025-12-08T08:29:52.409+0000] {logging_mixin.py:190} INFO - [2025-12-08T08:29:52.408+0000] {dagbag.py:587} INFO - Filling up the DagBag from /home/airflow/.local/lib/python3.12/site-packages/airflow/example_dags/example_python_decorator.py
[2025-12-08T08:29:52.423+0000] {processor.py:925} INFO - DAG(s) 'example_python_decorator' retrieved from /home/airflow/.local/lib/python3.12/site-packages/airflow/example_dags/example_python_decorator.py
[2025-12-08T08:29:52.446+0000] {logging_mixin.py:190} INFO - [2025-12-08T08:29:52.446+0000] {dag.py:3211} INFO - Sync 1 DAGs
[2025-12-08T08:29:52.460+0000] {logging_mixin.py:190} INFO - [2025-12-08T08:29:52.460+0000] {dag.py:4138} INFO - Setting next_dagrun for example_python_decorator to None, run_after=None
[2025-12-08T08:29:52.483+0000] {processor.py:208} INFO - Processing /home/airflow/.local/lib/python3.12/site-packages/airflow/example_dags/example_python_decorator.py took 0.087 seconds
[2025-12-08T08:30:23.281+0000] {processor.py:186} INFO - Started process (PID=7995) to work on /home/airflow/.local/lib/python3.12/site-packages/airflow/example_dags/example_python_decorator.py
[2025-12-08T08:30:23.284+0000] {processor.py:914} INFO - Processing file /home/airflow/.local/lib/python3.12/site-packages/airflow/example_dags/example_python_decorator.py for tasks to queue
[2025-12-08T08:30:23.291+0000] {logging_mixin.py:190} INFO - [2025-12-08T08:30:23.291+0000] {dagbag.py:587} INFO - Filling up the DagBag from /home/airflow/.local/lib/python3.12/site-packages/airflow/example_dags/example_python_decorator.py
[2025-12-08T08:30:23.322+0000] {processor.py:925} INFO - DAG(s) 'example_python_decorator' retrieved from /home/airflow/.local/lib/python3.12/site-packages/airflow/example_dags/example_python_decorator.py
[2025-12-08T08:30:23.407+0000] {logging_mixin.py:190} INFO - [2025-12-08T08:30:23.406+0000] {dag.py:3211} INFO - Sync 1 DAGs
[2025-12-08T08:30:23.442+0000] {logging_mixin.py:190} INFO - [2025-12-08T08:30:23.442+0000] {dag.py:4138} INFO - Setting next_dagrun for example_python_decorator to None, run_after=None
[2025-12-08T08:30:23.485+0000] {processor.py:208} INFO - Processing /home/airflow/.local/lib/python3.12/site-packages/airflow/example_dags/example_python_decorator.py took 0.223 seconds
[2025-12-08T08:30:54.115+0000] {processor.py:186} INFO - Started process (PID=8058) to work on /home/airflow/.local/lib/python3.12/site-packages/airflow/example_dags/example_python_decorator.py
[2025-12-08T08:30:54.117+0000] {processor.py:914} INFO - Processing file /home/airflow/.local/lib/python3.12/site-packages/airflow/example_dags/example_python_decorator.py for tasks to queue
[2025-12-08T08:30:54.122+0000] {logging_mixin.py:190} INFO - [2025-12-08T08:30:54.121+0000] {dagbag.py:587} INFO - Filling up the DagBag from /home/airflow/.local/lib/python3.12/site-packages/airflow/example_dags/example_python_decorator.py
[2025-12-08T08:30:54.142+0000] {processor.py:925} INFO - DAG(s) 'example_python_decorator' retrieved from /home/airflow/.local/lib/python3.12/site-packages/airflow/example_dags/example_python_decorator.py
[2025-12-08T08:30:54.172+0000] {logging_mixin.py:190} INFO - [2025-12-08T08:30:54.171+0000] {dag.py:3211} INFO - Sync 1 DAGs
[2025-12-08T08:30:54.189+0000] {logging_mixin.py:190} INFO - [2025-12-08T08:30:54.189+0000] {dag.py:4138} INFO - Setting next_dagrun for example_python_decorator to None, run_after=None
[2025-12-08T08:30:54.215+0000] {processor.py:208} INFO - Processing /home/airflow/.local/lib/python3.12/site-packages/airflow/example_dags/example_python_decorator.py took 0.111 seconds
[2025-12-08T08:31:25.358+0000] {processor.py:186} INFO - Started process (PID=8121) to work on /home/airflow/.local/lib/python3.12/site-packages/airflow/example_dags/example_python_decorator.py
[2025-12-08T08:31:25.361+0000] {processor.py:914} INFO - Processing file /home/airflow/.local/lib/python3.12/site-packages/airflow/example_dags/example_python_decorator.py for tasks to queue
[2025-12-08T08:31:25.369+0000] {logging_mixin.py:190} INFO - [2025-12-08T08:31:25.368+0000] {dagbag.py:587} INFO - Filling up the DagBag from /home/airflow/.local/lib/python3.12/site-packages/airflow/example_dags/example_python_decorator.py
[2025-12-08T08:31:25.406+0000] {processor.py:925} INFO - DAG(s) 'example_python_decorator' retrieved from /home/airflow/.local/lib/python3.12/site-packages/airflow/example_dags/example_python_decorator.py
[2025-12-08T08:31:25.452+0000] {logging_mixin.py:190} INFO - [2025-12-08T08:31:25.451+0000] {dag.py:3211} INFO - Sync 1 DAGs
[2025-12-08T08:31:25.478+0000] {logging_mixin.py:190} INFO - [2025-12-08T08:31:25.478+0000] {dag.py:4138} INFO - Setting next_dagrun for example_python_decorator to None, run_after=None
[2025-12-08T08:31:25.515+0000] {processor.py:208} INFO - Processing /home/airflow/.local/lib/python3.12/site-packages/airflow/example_dags/example_python_decorator.py took 0.175 seconds
[2025-12-08T08:31:56.434+0000] {processor.py:186} INFO - Started process (PID=8184) to work on /home/airflow/.local/lib/python3.12/site-packages/airflow/example_dags/example_python_decorator.py
[2025-12-08T08:31:56.439+0000] {processor.py:914} INFO - Processing file /home/airflow/.local/lib/python3.12/site-packages/airflow/example_dags/example_python_decorator.py for tasks to queue
[2025-12-08T08:31:56.448+0000] {logging_mixin.py:190} INFO - [2025-12-08T08:31:56.447+0000] {dagbag.py:587} INFO - Filling up the DagBag from /home/airflow/.local/lib/python3.12/site-packages/airflow/example_dags/example_python_decorator.py
[2025-12-08T08:31:56.497+0000] {processor.py:925} INFO - DAG(s) 'example_python_decorator' retrieved from /home/airflow/.local/lib/python3.12/site-packages/airflow/example_dags/example_python_decorator.py
[2025-12-08T08:31:56.529+0000] {logging_mixin.py:190} INFO - [2025-12-08T08:31:56.528+0000] {dag.py:3211} INFO - Sync 1 DAGs
[2025-12-08T08:31:56.550+0000] {logging_mixin.py:190} INFO - [2025-12-08T08:31:56.550+0000] {dag.py:4138} INFO - Setting next_dagrun for example_python_decorator to None, run_after=None
[2025-12-08T08:31:56.579+0000] {processor.py:208} INFO - Processing /home/airflow/.local/lib/python3.12/site-packages/airflow/example_dags/example_python_decorator.py took 0.161 seconds
[2025-12-08T08:32:27.033+0000] {processor.py:186} INFO - Started process (PID=8247) to work on /home/airflow/.local/lib/python3.12/site-packages/airflow/example_dags/example_python_decorator.py
[2025-12-08T08:32:27.036+0000] {processor.py:914} INFO - Processing file /home/airflow/.local/lib/python3.12/site-packages/airflow/example_dags/example_python_decorator.py for tasks to queue
[2025-12-08T08:32:27.039+0000] {logging_mixin.py:190} INFO - [2025-12-08T08:32:27.038+0000] {dagbag.py:587} INFO - Filling up the DagBag from /home/airflow/.local/lib/python3.12/site-packages/airflow/example_dags/example_python_decorator.py
[2025-12-08T08:32:27.053+0000] {processor.py:925} INFO - DAG(s) 'example_python_decorator' retrieved from /home/airflow/.local/lib/python3.12/site-packages/airflow/example_dags/example_python_decorator.py
[2025-12-08T08:32:27.080+0000] {logging_mixin.py:190} INFO - [2025-12-08T08:32:27.080+0000] {dag.py:3211} INFO - Sync 1 DAGs
[2025-12-08T08:32:27.094+0000] {logging_mixin.py:190} INFO - [2025-12-08T08:32:27.094+0000] {dag.py:4138} INFO - Setting next_dagrun for example_python_decorator to None, run_after=None
[2025-12-08T08:32:27.118+0000] {processor.py:208} INFO - Processing /home/airflow/.local/lib/python3.12/site-packages/airflow/example_dags/example_python_decorator.py took 0.093 seconds
[2025-12-08T08:32:57.632+0000] {processor.py:186} INFO - Started process (PID=8311) to work on /home/airflow/.local/lib/python3.12/site-packages/airflow/example_dags/example_python_decorator.py
[2025-12-08T08:32:57.634+0000] {processor.py:914} INFO - Processing file /home/airflow/.local/lib/python3.12/site-packages/airflow/example_dags/example_python_decorator.py for tasks to queue
[2025-12-08T08:32:57.638+0000] {logging_mixin.py:190} INFO - [2025-12-08T08:32:57.637+0000] {dagbag.py:587} INFO - Filling up the DagBag from /home/airflow/.local/lib/python3.12/site-packages/airflow/example_dags/example_python_decorator.py
[2025-12-08T08:32:57.653+0000] {processor.py:925} INFO - DAG(s) 'example_python_decorator' retrieved from /home/airflow/.local/lib/python3.12/site-packages/airflow/example_dags/example_python_decorator.py
[2025-12-08T08:32:57.678+0000] {logging_mixin.py:190} INFO - [2025-12-08T08:32:57.678+0000] {dag.py:3211} INFO - Sync 1 DAGs
[2025-12-08T08:32:57.693+0000] {logging_mixin.py:190} INFO - [2025-12-08T08:32:57.693+0000] {dag.py:4138} INFO - Setting next_dagrun for example_python_decorator to None, run_after=None
[2025-12-08T08:32:57.716+0000] {processor.py:208} INFO - Processing /home/airflow/.local/lib/python3.12/site-packages/airflow/example_dags/example_python_decorator.py took 0.094 seconds
[2025-12-08T08:33:28.501+0000] {processor.py:186} INFO - Started process (PID=8369) to work on /home/airflow/.local/lib/python3.12/site-packages/airflow/example_dags/example_python_decorator.py
[2025-12-08T08:33:28.504+0000] {processor.py:914} INFO - Processing file /home/airflow/.local/lib/python3.12/site-packages/airflow/example_dags/example_python_decorator.py for tasks to queue
[2025-12-08T08:33:28.515+0000] {logging_mixin.py:190} INFO - [2025-12-08T08:33:28.513+0000] {dagbag.py:587} INFO - Filling up the DagBag from /home/airflow/.local/lib/python3.12/site-packages/airflow/example_dags/example_python_decorator.py
[2025-12-08T08:33:28.547+0000] {processor.py:925} INFO - DAG(s) 'example_python_decorator' retrieved from /home/airflow/.local/lib/python3.12/site-packages/airflow/example_dags/example_python_decorator.py
[2025-12-08T08:33:28.608+0000] {logging_mixin.py:190} INFO - [2025-12-08T08:33:28.607+0000] {dag.py:3211} INFO - Sync 1 DAGs
[2025-12-08T08:33:28.642+0000] {logging_mixin.py:190} INFO - [2025-12-08T08:33:28.642+0000] {dag.py:4138} INFO - Setting next_dagrun for example_python_decorator to None, run_after=None
[2025-12-08T08:33:28.706+0000] {processor.py:208} INFO - Processing /home/airflow/.local/lib/python3.12/site-packages/airflow/example_dags/example_python_decorator.py took 0.220 seconds
[2025-12-08T08:33:59.496+0000] {processor.py:186} INFO - Started process (PID=8432) to work on /home/airflow/.local/lib/python3.12/site-packages/airflow/example_dags/example_python_decorator.py
[2025-12-08T08:33:59.498+0000] {processor.py:914} INFO - Processing file /home/airflow/.local/lib/python3.12/site-packages/airflow/example_dags/example_python_decorator.py for tasks to queue
[2025-12-08T08:33:59.502+0000] {logging_mixin.py:190} INFO - [2025-12-08T08:33:59.501+0000] {dagbag.py:587} INFO - Filling up the DagBag from /home/airflow/.local/lib/python3.12/site-packages/airflow/example_dags/example_python_decorator.py
[2025-12-08T08:33:59.517+0000] {processor.py:925} INFO - DAG(s) 'example_python_decorator' retrieved from /home/airflow/.local/lib/python3.12/site-packages/airflow/example_dags/example_python_decorator.py
[2025-12-08T08:33:59.544+0000] {logging_mixin.py:190} INFO - [2025-12-08T08:33:59.544+0000] {dag.py:3211} INFO - Sync 1 DAGs
[2025-12-08T08:33:59.561+0000] {logging_mixin.py:190} INFO - [2025-12-08T08:33:59.561+0000] {dag.py:4138} INFO - Setting next_dagrun for example_python_decorator to None, run_after=None
[2025-12-08T08:33:59.591+0000] {processor.py:208} INFO - Processing /home/airflow/.local/lib/python3.12/site-packages/airflow/example_dags/example_python_decorator.py took 0.102 seconds
[2025-12-08T08:34:30.467+0000] {processor.py:186} INFO - Started process (PID=8495) to work on /home/airflow/.local/lib/python3.12/site-packages/airflow/example_dags/example_python_decorator.py
[2025-12-08T08:34:30.469+0000] {processor.py:914} INFO - Processing file /home/airflow/.local/lib/python3.12/site-packages/airflow/example_dags/example_python_decorator.py for tasks to queue
[2025-12-08T08:34:30.473+0000] {logging_mixin.py:190} INFO - [2025-12-08T08:34:30.472+0000] {dagbag.py:587} INFO - Filling up the DagBag from /home/airflow/.local/lib/python3.12/site-packages/airflow/example_dags/example_python_decorator.py
[2025-12-08T08:34:30.489+0000] {processor.py:925} INFO - DAG(s) 'example_python_decorator' retrieved from /home/airflow/.local/lib/python3.12/site-packages/airflow/example_dags/example_python_decorator.py
[2025-12-08T08:34:30.515+0000] {logging_mixin.py:190} INFO - [2025-12-08T08:34:30.514+0000] {dag.py:3211} INFO - Sync 1 DAGs
[2025-12-08T08:34:30.530+0000] {logging_mixin.py:190} INFO - [2025-12-08T08:34:30.530+0000] {dag.py:4138} INFO - Setting next_dagrun for example_python_decorator to None, run_after=None
[2025-12-08T08:34:30.552+0000] {processor.py:208} INFO - Processing /home/airflow/.local/lib/python3.12/site-packages/airflow/example_dags/example_python_decorator.py took 0.092 seconds
[2025-12-08T08:35:01.158+0000] {processor.py:186} INFO - Started process (PID=8558) to work on /home/airflow/.local/lib/python3.12/site-packages/airflow/example_dags/example_python_decorator.py
[2025-12-08T08:35:01.160+0000] {processor.py:914} INFO - Processing file /home/airflow/.local/lib/python3.12/site-packages/airflow/example_dags/example_python_decorator.py for tasks to queue
[2025-12-08T08:35:01.163+0000] {logging_mixin.py:190} INFO - [2025-12-08T08:35:01.162+0000] {dagbag.py:587} INFO - Filling up the DagBag from /home/airflow/.local/lib/python3.12/site-packages/airflow/example_dags/example_python_decorator.py
[2025-12-08T08:35:01.178+0000] {processor.py:925} INFO - DAG(s) 'example_python_decorator' retrieved from /home/airflow/.local/lib/python3.12/site-packages/airflow/example_dags/example_python_decorator.py
[2025-12-08T08:35:01.205+0000] {logging_mixin.py:190} INFO - [2025-12-08T08:35:01.205+0000] {dag.py:3211} INFO - Sync 1 DAGs
[2025-12-08T08:35:01.220+0000] {logging_mixin.py:190} INFO - [2025-12-08T08:35:01.220+0000] {dag.py:4138} INFO - Setting next_dagrun for example_python_decorator to None, run_after=None
[2025-12-08T08:35:01.242+0000] {processor.py:208} INFO - Processing /home/airflow/.local/lib/python3.12/site-packages/airflow/example_dags/example_python_decorator.py took 0.090 seconds
[2025-12-08T08:35:31.459+0000] {processor.py:186} INFO - Started process (PID=8621) to work on /home/airflow/.local/lib/python3.12/site-packages/airflow/example_dags/example_python_decorator.py
[2025-12-08T08:35:31.461+0000] {processor.py:914} INFO - Processing file /home/airflow/.local/lib/python3.12/site-packages/airflow/example_dags/example_python_decorator.py for tasks to queue
[2025-12-08T08:35:31.464+0000] {logging_mixin.py:190} INFO - [2025-12-08T08:35:31.464+0000] {dagbag.py:587} INFO - Filling up the DagBag from /home/airflow/.local/lib/python3.12/site-packages/airflow/example_dags/example_python_decorator.py
[2025-12-08T08:35:31.477+0000] {processor.py:925} INFO - DAG(s) 'example_python_decorator' retrieved from /home/airflow/.local/lib/python3.12/site-packages/airflow/example_dags/example_python_decorator.py
[2025-12-08T08:35:31.499+0000] {logging_mixin.py:190} INFO - [2025-12-08T08:35:31.499+0000] {dag.py:3211} INFO - Sync 1 DAGs
[2025-12-08T08:35:31.513+0000] {logging_mixin.py:190} INFO - [2025-12-08T08:35:31.512+0000] {dag.py:4138} INFO - Setting next_dagrun for example_python_decorator to None, run_after=None
[2025-12-08T08:35:31.533+0000] {processor.py:208} INFO - Processing /home/airflow/.local/lib/python3.12/site-packages/airflow/example_dags/example_python_decorator.py took 0.079 seconds
[2025-12-08T08:36:01.999+0000] {processor.py:186} INFO - Started process (PID=8684) to work on /home/airflow/.local/lib/python3.12/site-packages/airflow/example_dags/example_python_decorator.py
[2025-12-08T08:36:02.001+0000] {processor.py:914} INFO - Processing file /home/airflow/.local/lib/python3.12/site-packages/airflow/example_dags/example_python_decorator.py for tasks to queue
[2025-12-08T08:36:02.004+0000] {logging_mixin.py:190} INFO - [2025-12-08T08:36:02.004+0000] {dagbag.py:587} INFO - Filling up the DagBag from /home/airflow/.local/lib/python3.12/site-packages/airflow/example_dags/example_python_decorator.py
[2025-12-08T08:36:02.018+0000] {processor.py:925} INFO - DAG(s) 'example_python_decorator' retrieved from /home/airflow/.local/lib/python3.12/site-packages/airflow/example_dags/example_python_decorator.py
[2025-12-08T08:36:02.042+0000] {logging_mixin.py:190} INFO - [2025-12-08T08:36:02.042+0000] {dag.py:3211} INFO - Sync 1 DAGs
[2025-12-08T08:36:02.056+0000] {logging_mixin.py:190} INFO - [2025-12-08T08:36:02.056+0000] {dag.py:4138} INFO - Setting next_dagrun for example_python_decorator to None, run_after=None
[2025-12-08T08:36:02.081+0000] {processor.py:208} INFO - Processing /home/airflow/.local/lib/python3.12/site-packages/airflow/example_dags/example_python_decorator.py took 0.088 seconds
[2025-12-08T08:36:32.419+0000] {processor.py:186} INFO - Started process (PID=8747) to work on /home/airflow/.local/lib/python3.12/site-packages/airflow/example_dags/example_python_decorator.py
[2025-12-08T08:36:32.420+0000] {processor.py:914} INFO - Processing file /home/airflow/.local/lib/python3.12/site-packages/airflow/example_dags/example_python_decorator.py for tasks to queue
[2025-12-08T08:36:32.423+0000] {logging_mixin.py:190} INFO - [2025-12-08T08:36:32.422+0000] {dagbag.py:587} INFO - Filling up the DagBag from /home/airflow/.local/lib/python3.12/site-packages/airflow/example_dags/example_python_decorator.py
[2025-12-08T08:36:32.436+0000] {processor.py:925} INFO - DAG(s) 'example_python_decorator' retrieved from /home/airflow/.local/lib/python3.12/site-packages/airflow/example_dags/example_python_decorator.py
[2025-12-08T08:36:32.457+0000] {logging_mixin.py:190} INFO - [2025-12-08T08:36:32.457+0000] {dag.py:3211} INFO - Sync 1 DAGs
[2025-12-08T08:36:32.469+0000] {logging_mixin.py:190} INFO - [2025-12-08T08:36:32.468+0000] {dag.py:4138} INFO - Setting next_dagrun for example_python_decorator to None, run_after=None
[2025-12-08T08:36:32.486+0000] {processor.py:208} INFO - Processing /home/airflow/.local/lib/python3.12/site-packages/airflow/example_dags/example_python_decorator.py took 0.072 seconds
[2025-12-08T08:37:02.995+0000] {processor.py:186} INFO - Started process (PID=8806) to work on /home/airflow/.local/lib/python3.12/site-packages/airflow/example_dags/example_python_decorator.py
[2025-12-08T08:37:02.997+0000] {processor.py:914} INFO - Processing file /home/airflow/.local/lib/python3.12/site-packages/airflow/example_dags/example_python_decorator.py for tasks to queue
[2025-12-08T08:37:03.000+0000] {logging_mixin.py:190} INFO - [2025-12-08T08:37:03.000+0000] {dagbag.py:587} INFO - Filling up the DagBag from /home/airflow/.local/lib/python3.12/site-packages/airflow/example_dags/example_python_decorator.py
[2025-12-08T08:37:03.012+0000] {processor.py:925} INFO - DAG(s) 'example_python_decorator' retrieved from /home/airflow/.local/lib/python3.12/site-packages/airflow/example_dags/example_python_decorator.py
[2025-12-08T08:37:03.033+0000] {logging_mixin.py:190} INFO - [2025-12-08T08:37:03.033+0000] {dag.py:3211} INFO - Sync 1 DAGs
[2025-12-08T08:37:03.047+0000] {logging_mixin.py:190} INFO - [2025-12-08T08:37:03.047+0000] {dag.py:4138} INFO - Setting next_dagrun for example_python_decorator to None, run_after=None
[2025-12-08T08:37:03.064+0000] {processor.py:208} INFO - Processing /home/airflow/.local/lib/python3.12/site-packages/airflow/example_dags/example_python_decorator.py took 0.074 seconds
[2025-12-08T08:37:33.179+0000] {processor.py:186} INFO - Started process (PID=8869) to work on /home/airflow/.local/lib/python3.12/site-packages/airflow/example_dags/example_python_decorator.py
[2025-12-08T08:37:33.181+0000] {processor.py:914} INFO - Processing file /home/airflow/.local/lib/python3.12/site-packages/airflow/example_dags/example_python_decorator.py for tasks to queue
[2025-12-08T08:37:33.184+0000] {logging_mixin.py:190} INFO - [2025-12-08T08:37:33.184+0000] {dagbag.py:587} INFO - Filling up the DagBag from /home/airflow/.local/lib/python3.12/site-packages/airflow/example_dags/example_python_decorator.py
[2025-12-08T08:37:33.199+0000] {processor.py:925} INFO - DAG(s) 'example_python_decorator' retrieved from /home/airflow/.local/lib/python3.12/site-packages/airflow/example_dags/example_python_decorator.py
[2025-12-08T08:37:33.225+0000] {logging_mixin.py:190} INFO - [2025-12-08T08:37:33.225+0000] {dag.py:3211} INFO - Sync 1 DAGs
[2025-12-08T08:37:33.239+0000] {logging_mixin.py:190} INFO - [2025-12-08T08:37:33.239+0000] {dag.py:4138} INFO - Setting next_dagrun for example_python_decorator to None, run_after=None
[2025-12-08T08:37:33.264+0000] {processor.py:208} INFO - Processing /home/airflow/.local/lib/python3.12/site-packages/airflow/example_dags/example_python_decorator.py took 0.091 seconds
[2025-12-08T08:38:03.462+0000] {processor.py:186} INFO - Started process (PID=8931) to work on /home/airflow/.local/lib/python3.12/site-packages/airflow/example_dags/example_python_decorator.py
[2025-12-08T08:38:03.464+0000] {processor.py:914} INFO - Processing file /home/airflow/.local/lib/python3.12/site-packages/airflow/example_dags/example_python_decorator.py for tasks to queue
[2025-12-08T08:38:03.469+0000] {logging_mixin.py:190} INFO - [2025-12-08T08:38:03.469+0000] {dagbag.py:587} INFO - Filling up the DagBag from /home/airflow/.local/lib/python3.12/site-packages/airflow/example_dags/example_python_decorator.py
[2025-12-08T08:38:03.487+0000] {processor.py:925} INFO - DAG(s) 'example_python_decorator' retrieved from /home/airflow/.local/lib/python3.12/site-packages/airflow/example_dags/example_python_decorator.py
[2025-12-08T08:38:03.515+0000] {logging_mixin.py:190} INFO - [2025-12-08T08:38:03.515+0000] {dag.py:3211} INFO - Sync 1 DAGs
[2025-12-08T08:38:03.532+0000] {logging_mixin.py:190} INFO - [2025-12-08T08:38:03.531+0000] {dag.py:4138} INFO - Setting next_dagrun for example_python_decorator to None, run_after=None
[2025-12-08T08:38:03.560+0000] {processor.py:208} INFO - Processing /home/airflow/.local/lib/python3.12/site-packages/airflow/example_dags/example_python_decorator.py took 0.111 seconds
[2025-12-08T08:38:34.228+0000] {processor.py:186} INFO - Started process (PID=8994) to work on /home/airflow/.local/lib/python3.12/site-packages/airflow/example_dags/example_python_decorator.py
[2025-12-08T08:38:34.231+0000] {processor.py:914} INFO - Processing file /home/airflow/.local/lib/python3.12/site-packages/airflow/example_dags/example_python_decorator.py for tasks to queue
[2025-12-08T08:38:34.236+0000] {logging_mixin.py:190} INFO - [2025-12-08T08:38:34.236+0000] {dagbag.py:587} INFO - Filling up the DagBag from /home/airflow/.local/lib/python3.12/site-packages/airflow/example_dags/example_python_decorator.py
[2025-12-08T08:38:34.259+0000] {processor.py:925} INFO - DAG(s) 'example_python_decorator' retrieved from /home/airflow/.local/lib/python3.12/site-packages/airflow/example_dags/example_python_decorator.py
[2025-12-08T08:38:34.285+0000] {logging_mixin.py:190} INFO - [2025-12-08T08:38:34.285+0000] {dag.py:3211} INFO - Sync 1 DAGs
[2025-12-08T08:38:34.299+0000] {logging_mixin.py:190} INFO - [2025-12-08T08:38:34.299+0000] {dag.py:4138} INFO - Setting next_dagrun for example_python_decorator to None, run_after=None
[2025-12-08T08:38:34.322+0000] {processor.py:208} INFO - Processing /home/airflow/.local/lib/python3.12/site-packages/airflow/example_dags/example_python_decorator.py took 0.099 seconds
[2025-12-08T08:39:05.023+0000] {processor.py:186} INFO - Started process (PID=9057) to work on /home/airflow/.local/lib/python3.12/site-packages/airflow/example_dags/example_python_decorator.py
[2025-12-08T08:39:05.026+0000] {processor.py:914} INFO - Processing file /home/airflow/.local/lib/python3.12/site-packages/airflow/example_dags/example_python_decorator.py for tasks to queue
[2025-12-08T08:39:05.030+0000] {logging_mixin.py:190} INFO - [2025-12-08T08:39:05.030+0000] {dagbag.py:587} INFO - Filling up the DagBag from /home/airflow/.local/lib/python3.12/site-packages/airflow/example_dags/example_python_decorator.py
[2025-12-08T08:39:05.046+0000] {processor.py:925} INFO - DAG(s) 'example_python_decorator' retrieved from /home/airflow/.local/lib/python3.12/site-packages/airflow/example_dags/example_python_decorator.py
[2025-12-08T08:39:05.069+0000] {logging_mixin.py:190} INFO - [2025-12-08T08:39:05.068+0000] {dag.py:3211} INFO - Sync 1 DAGs
[2025-12-08T08:39:05.083+0000] {logging_mixin.py:190} INFO - [2025-12-08T08:39:05.083+0000] {dag.py:4138} INFO - Setting next_dagrun for example_python_decorator to None, run_after=None
[2025-12-08T08:39:05.270+0000] {processor.py:208} INFO - Processing /home/airflow/.local/lib/python3.12/site-packages/airflow/example_dags/example_python_decorator.py took 0.255 seconds
[2025-12-08T08:39:35.987+0000] {processor.py:186} INFO - Started process (PID=9121) to work on /home/airflow/.local/lib/python3.12/site-packages/airflow/example_dags/example_python_decorator.py
[2025-12-08T08:39:35.989+0000] {processor.py:914} INFO - Processing file /home/airflow/.local/lib/python3.12/site-packages/airflow/example_dags/example_python_decorator.py for tasks to queue
[2025-12-08T08:39:35.994+0000] {logging_mixin.py:190} INFO - [2025-12-08T08:39:35.993+0000] {dagbag.py:587} INFO - Filling up the DagBag from /home/airflow/.local/lib/python3.12/site-packages/airflow/example_dags/example_python_decorator.py
[2025-12-08T08:39:36.014+0000] {processor.py:925} INFO - DAG(s) 'example_python_decorator' retrieved from /home/airflow/.local/lib/python3.12/site-packages/airflow/example_dags/example_python_decorator.py
[2025-12-08T08:39:36.047+0000] {logging_mixin.py:190} INFO - [2025-12-08T08:39:36.047+0000] {dag.py:3211} INFO - Sync 1 DAGs
[2025-12-08T08:39:36.064+0000] {logging_mixin.py:190} INFO - [2025-12-08T08:39:36.064+0000] {dag.py:4138} INFO - Setting next_dagrun for example_python_decorator to None, run_after=None
[2025-12-08T08:39:36.090+0000] {processor.py:208} INFO - Processing /home/airflow/.local/lib/python3.12/site-packages/airflow/example_dags/example_python_decorator.py took 0.110 seconds
[2025-12-08T08:40:06.479+0000] {processor.py:186} INFO - Started process (PID=9184) to work on /home/airflow/.local/lib/python3.12/site-packages/airflow/example_dags/example_python_decorator.py
[2025-12-08T08:40:06.481+0000] {processor.py:914} INFO - Processing file /home/airflow/.local/lib/python3.12/site-packages/airflow/example_dags/example_python_decorator.py for tasks to queue
[2025-12-08T08:40:06.484+0000] {logging_mixin.py:190} INFO - [2025-12-08T08:40:06.484+0000] {dagbag.py:587} INFO - Filling up the DagBag from /home/airflow/.local/lib/python3.12/site-packages/airflow/example_dags/example_python_decorator.py
[2025-12-08T08:40:06.500+0000] {processor.py:925} INFO - DAG(s) 'example_python_decorator' retrieved from /home/airflow/.local/lib/python3.12/site-packages/airflow/example_dags/example_python_decorator.py
[2025-12-08T08:40:06.529+0000] {logging_mixin.py:190} INFO - [2025-12-08T08:40:06.529+0000] {dag.py:3211} INFO - Sync 1 DAGs
[2025-12-08T08:40:06.545+0000] {logging_mixin.py:190} INFO - [2025-12-08T08:40:06.544+0000] {dag.py:4138} INFO - Setting next_dagrun for example_python_decorator to None, run_after=None
[2025-12-08T08:40:06.570+0000] {processor.py:208} INFO - Processing /home/airflow/.local/lib/python3.12/site-packages/airflow/example_dags/example_python_decorator.py took 0.097 seconds
[2025-12-08T08:40:37.076+0000] {processor.py:186} INFO - Started process (PID=9247) to work on /home/airflow/.local/lib/python3.12/site-packages/airflow/example_dags/example_python_decorator.py
[2025-12-08T08:40:37.078+0000] {processor.py:914} INFO - Processing file /home/airflow/.local/lib/python3.12/site-packages/airflow/example_dags/example_python_decorator.py for tasks to queue
[2025-12-08T08:40:37.083+0000] {logging_mixin.py:190} INFO - [2025-12-08T08:40:37.083+0000] {dagbag.py:587} INFO - Filling up the DagBag from /home/airflow/.local/lib/python3.12/site-packages/airflow/example_dags/example_python_decorator.py
[2025-12-08T08:40:37.100+0000] {processor.py:925} INFO - DAG(s) 'example_python_decorator' retrieved from /home/airflow/.local/lib/python3.12/site-packages/airflow/example_dags/example_python_decorator.py
[2025-12-08T08:40:37.140+0000] {logging_mixin.py:190} INFO - [2025-12-08T08:40:37.140+0000] {dag.py:3211} INFO - Sync 1 DAGs
[2025-12-08T08:40:37.161+0000] {logging_mixin.py:190} INFO - [2025-12-08T08:40:37.160+0000] {dag.py:4138} INFO - Setting next_dagrun for example_python_decorator to None, run_after=None
[2025-12-08T08:40:37.192+0000] {processor.py:208} INFO - Processing /home/airflow/.local/lib/python3.12/site-packages/airflow/example_dags/example_python_decorator.py took 0.126 seconds
[2025-12-08T08:41:07.261+0000] {processor.py:186} INFO - Started process (PID=9309) to work on /home/airflow/.local/lib/python3.12/site-packages/airflow/example_dags/example_python_decorator.py
[2025-12-08T08:41:07.263+0000] {processor.py:914} INFO - Processing file /home/airflow/.local/lib/python3.12/site-packages/airflow/example_dags/example_python_decorator.py for tasks to queue
[2025-12-08T08:41:07.266+0000] {logging_mixin.py:190} INFO - [2025-12-08T08:41:07.266+0000] {dagbag.py:587} INFO - Filling up the DagBag from /home/airflow/.local/lib/python3.12/site-packages/airflow/example_dags/example_python_decorator.py
[2025-12-08T08:41:07.279+0000] {processor.py:925} INFO - DAG(s) 'example_python_decorator' retrieved from /home/airflow/.local/lib/python3.12/site-packages/airflow/example_dags/example_python_decorator.py
[2025-12-08T08:41:07.302+0000] {logging_mixin.py:190} INFO - [2025-12-08T08:41:07.301+0000] {dag.py:3211} INFO - Sync 1 DAGs
[2025-12-08T08:41:07.314+0000] {logging_mixin.py:190} INFO - [2025-12-08T08:41:07.314+0000] {dag.py:4138} INFO - Setting next_dagrun for example_python_decorator to None, run_after=None
[2025-12-08T08:41:07.342+0000] {processor.py:208} INFO - Processing /home/airflow/.local/lib/python3.12/site-packages/airflow/example_dags/example_python_decorator.py took 0.087 seconds
[2025-12-08T08:41:37.906+0000] {processor.py:186} INFO - Started process (PID=9373) to work on /home/airflow/.local/lib/python3.12/site-packages/airflow/example_dags/example_python_decorator.py
[2025-12-08T08:41:37.908+0000] {processor.py:914} INFO - Processing file /home/airflow/.local/lib/python3.12/site-packages/airflow/example_dags/example_python_decorator.py for tasks to queue
[2025-12-08T08:41:37.911+0000] {logging_mixin.py:190} INFO - [2025-12-08T08:41:37.911+0000] {dagbag.py:587} INFO - Filling up the DagBag from /home/airflow/.local/lib/python3.12/site-packages/airflow/example_dags/example_python_decorator.py
[2025-12-08T08:41:37.928+0000] {processor.py:925} INFO - DAG(s) 'example_python_decorator' retrieved from /home/airflow/.local/lib/python3.12/site-packages/airflow/example_dags/example_python_decorator.py
[2025-12-08T08:41:38.153+0000] {logging_mixin.py:190} INFO - [2025-12-08T08:41:38.152+0000] {dag.py:3211} INFO - Sync 1 DAGs
[2025-12-08T08:41:38.168+0000] {logging_mixin.py:190} INFO - [2025-12-08T08:41:38.168+0000] {dag.py:4138} INFO - Setting next_dagrun for example_python_decorator to None, run_after=None
[2025-12-08T08:41:38.193+0000] {processor.py:208} INFO - Processing /home/airflow/.local/lib/python3.12/site-packages/airflow/example_dags/example_python_decorator.py took 0.296 seconds
[2025-12-08T08:42:09.135+0000] {processor.py:186} INFO - Started process (PID=9436) to work on /home/airflow/.local/lib/python3.12/site-packages/airflow/example_dags/example_python_decorator.py
[2025-12-08T08:42:09.136+0000] {processor.py:914} INFO - Processing file /home/airflow/.local/lib/python3.12/site-packages/airflow/example_dags/example_python_decorator.py for tasks to queue
[2025-12-08T08:42:09.138+0000] {logging_mixin.py:190} INFO - [2025-12-08T08:42:09.138+0000] {dagbag.py:587} INFO - Filling up the DagBag from /home/airflow/.local/lib/python3.12/site-packages/airflow/example_dags/example_python_decorator.py
[2025-12-08T08:42:09.159+0000] {processor.py:925} INFO - DAG(s) 'example_python_decorator' retrieved from /home/airflow/.local/lib/python3.12/site-packages/airflow/example_dags/example_python_decorator.py
[2025-12-08T08:42:09.195+0000] {logging_mixin.py:190} INFO - [2025-12-08T08:42:09.195+0000] {dag.py:3211} INFO - Sync 1 DAGs
[2025-12-08T08:42:09.212+0000] {logging_mixin.py:190} INFO - [2025-12-08T08:42:09.212+0000] {dag.py:4138} INFO - Setting next_dagrun for example_python_decorator to None, run_after=None
[2025-12-08T08:42:09.241+0000] {processor.py:208} INFO - Processing /home/airflow/.local/lib/python3.12/site-packages/airflow/example_dags/example_python_decorator.py took 0.115 seconds
[2025-12-08T08:42:39.896+0000] {processor.py:186} INFO - Started process (PID=9499) to work on /home/airflow/.local/lib/python3.12/site-packages/airflow/example_dags/example_python_decorator.py
[2025-12-08T08:42:39.898+0000] {processor.py:914} INFO - Processing file /home/airflow/.local/lib/python3.12/site-packages/airflow/example_dags/example_python_decorator.py for tasks to queue
[2025-12-08T08:42:39.902+0000] {logging_mixin.py:190} INFO - [2025-12-08T08:42:39.902+0000] {dagbag.py:587} INFO - Filling up the DagBag from /home/airflow/.local/lib/python3.12/site-packages/airflow/example_dags/example_python_decorator.py
[2025-12-08T08:42:39.918+0000] {processor.py:925} INFO - DAG(s) 'example_python_decorator' retrieved from /home/airflow/.local/lib/python3.12/site-packages/airflow/example_dags/example_python_decorator.py
[2025-12-08T08:42:39.943+0000] {logging_mixin.py:190} INFO - [2025-12-08T08:42:39.942+0000] {dag.py:3211} INFO - Sync 1 DAGs
[2025-12-08T08:42:39.956+0000] {logging_mixin.py:190} INFO - [2025-12-08T08:42:39.956+0000] {dag.py:4138} INFO - Setting next_dagrun for example_python_decorator to None, run_after=None
[2025-12-08T08:42:39.978+0000] {processor.py:208} INFO - Processing /home/airflow/.local/lib/python3.12/site-packages/airflow/example_dags/example_python_decorator.py took 0.088 seconds
[2025-12-08T08:43:10.409+0000] {processor.py:186} INFO - Started process (PID=9562) to work on /home/airflow/.local/lib/python3.12/site-packages/airflow/example_dags/example_python_decorator.py
[2025-12-08T08:43:10.411+0000] {processor.py:914} INFO - Processing file /home/airflow/.local/lib/python3.12/site-packages/airflow/example_dags/example_python_decorator.py for tasks to queue
[2025-12-08T08:43:10.417+0000] {logging_mixin.py:190} INFO - [2025-12-08T08:43:10.416+0000] {dagbag.py:587} INFO - Filling up the DagBag from /home/airflow/.local/lib/python3.12/site-packages/airflow/example_dags/example_python_decorator.py
[2025-12-08T08:43:10.437+0000] {processor.py:925} INFO - DAG(s) 'example_python_decorator' retrieved from /home/airflow/.local/lib/python3.12/site-packages/airflow/example_dags/example_python_decorator.py
[2025-12-08T08:43:10.468+0000] {logging_mixin.py:190} INFO - [2025-12-08T08:43:10.468+0000] {dag.py:3211} INFO - Sync 1 DAGs
[2025-12-08T08:43:10.493+0000] {logging_mixin.py:190} INFO - [2025-12-08T08:43:10.493+0000] {dag.py:4138} INFO - Setting next_dagrun for example_python_decorator to None, run_after=None
[2025-12-08T08:43:10.525+0000] {processor.py:208} INFO - Processing /home/airflow/.local/lib/python3.12/site-packages/airflow/example_dags/example_python_decorator.py took 0.125 seconds
