[2025-12-08T07:00:38.664+0000] {processor.py:186} INFO - Started process (PID=98) to work on /home/airflow/.local/lib/python3.12/site-packages/airflow/example_dags/example_nested_branch_dag.py
[2025-12-08T07:00:38.668+0000] {processor.py:914} INFO - Processing file /home/airflow/.local/lib/python3.12/site-packages/airflow/example_dags/example_nested_branch_dag.py for tasks to queue
[2025-12-08T07:00:38.680+0000] {logging_mixin.py:190} INFO - [2025-12-08T07:00:38.679+0000] {dagbag.py:587} INFO - Filling up the DagBag from /home/airflow/.local/lib/python3.12/site-packages/airflow/example_dags/example_nested_branch_dag.py
[2025-12-08T07:00:38.711+0000] {processor.py:925} INFO - DAG(s) 'example_nested_branch_dag' retrieved from /home/airflow/.local/lib/python3.12/site-packages/airflow/example_dags/example_nested_branch_dag.py
[2025-12-08T07:00:38.780+0000] {logging_mixin.py:190} INFO - [2025-12-08T07:00:38.780+0000] {dag.py:3211} INFO - Sync 1 DAGs
[2025-12-08T07:00:38.838+0000] {logging_mixin.py:190} INFO - [2025-12-08T07:00:38.837+0000] {dag.py:4138} INFO - Setting next_dagrun for example_nested_branch_dag to 2025-12-07 00:00:00+00:00, run_after=2025-12-08 00:00:00+00:00
[2025-12-08T07:00:38.892+0000] {processor.py:208} INFO - Processing /home/airflow/.local/lib/python3.12/site-packages/airflow/example_dags/example_nested_branch_dag.py took 0.243 seconds
[2025-12-08T07:01:09.243+0000] {processor.py:186} INFO - Started process (PID=160) to work on /home/airflow/.local/lib/python3.12/site-packages/airflow/example_dags/example_nested_branch_dag.py
[2025-12-08T07:01:09.247+0000] {processor.py:914} INFO - Processing file /home/airflow/.local/lib/python3.12/site-packages/airflow/example_dags/example_nested_branch_dag.py for tasks to queue
[2025-12-08T07:01:09.251+0000] {logging_mixin.py:190} INFO - [2025-12-08T07:01:09.251+0000] {dagbag.py:587} INFO - Filling up the DagBag from /home/airflow/.local/lib/python3.12/site-packages/airflow/example_dags/example_nested_branch_dag.py
[2025-12-08T07:01:09.271+0000] {processor.py:925} INFO - DAG(s) 'example_nested_branch_dag' retrieved from /home/airflow/.local/lib/python3.12/site-packages/airflow/example_dags/example_nested_branch_dag.py
[2025-12-08T07:01:09.340+0000] {logging_mixin.py:190} INFO - [2025-12-08T07:01:09.340+0000] {dag.py:3211} INFO - Sync 1 DAGs
[2025-12-08T07:01:09.408+0000] {logging_mixin.py:190} INFO - [2025-12-08T07:01:09.408+0000] {dag.py:4138} INFO - Setting next_dagrun for example_nested_branch_dag to 2025-12-07 00:00:00+00:00, run_after=2025-12-08 00:00:00+00:00
[2025-12-08T07:01:09.486+0000] {processor.py:208} INFO - Processing /home/airflow/.local/lib/python3.12/site-packages/airflow/example_dags/example_nested_branch_dag.py took 0.250 seconds
[2025-12-08T07:01:41.659+0000] {processor.py:186} INFO - Started process (PID=222) to work on /home/airflow/.local/lib/python3.12/site-packages/airflow/example_dags/example_nested_branch_dag.py
[2025-12-08T07:01:41.664+0000] {processor.py:914} INFO - Processing file /home/airflow/.local/lib/python3.12/site-packages/airflow/example_dags/example_nested_branch_dag.py for tasks to queue
[2025-12-08T07:01:41.676+0000] {logging_mixin.py:190} INFO - [2025-12-08T07:01:41.675+0000] {dagbag.py:587} INFO - Filling up the DagBag from /home/airflow/.local/lib/python3.12/site-packages/airflow/example_dags/example_nested_branch_dag.py
[2025-12-08T07:01:41.709+0000] {processor.py:925} INFO - DAG(s) 'example_nested_branch_dag' retrieved from /home/airflow/.local/lib/python3.12/site-packages/airflow/example_dags/example_nested_branch_dag.py
[2025-12-08T07:01:41.784+0000] {logging_mixin.py:190} INFO - [2025-12-08T07:01:41.783+0000] {dag.py:3211} INFO - Sync 1 DAGs
[2025-12-08T07:01:41.859+0000] {logging_mixin.py:190} INFO - [2025-12-08T07:01:41.859+0000] {dag.py:4138} INFO - Setting next_dagrun for example_nested_branch_dag to 2025-12-07 00:00:00+00:00, run_after=2025-12-08 00:00:00+00:00
[2025-12-08T07:01:41.920+0000] {processor.py:208} INFO - Processing /home/airflow/.local/lib/python3.12/site-packages/airflow/example_dags/example_nested_branch_dag.py took 0.281 seconds
[2025-12-08T07:02:12.805+0000] {processor.py:186} INFO - Started process (PID=284) to work on /home/airflow/.local/lib/python3.12/site-packages/airflow/example_dags/example_nested_branch_dag.py
[2025-12-08T07:02:12.808+0000] {processor.py:914} INFO - Processing file /home/airflow/.local/lib/python3.12/site-packages/airflow/example_dags/example_nested_branch_dag.py for tasks to queue
[2025-12-08T07:02:12.814+0000] {logging_mixin.py:190} INFO - [2025-12-08T07:02:12.813+0000] {dagbag.py:587} INFO - Filling up the DagBag from /home/airflow/.local/lib/python3.12/site-packages/airflow/example_dags/example_nested_branch_dag.py
[2025-12-08T07:02:12.837+0000] {processor.py:925} INFO - DAG(s) 'example_nested_branch_dag' retrieved from /home/airflow/.local/lib/python3.12/site-packages/airflow/example_dags/example_nested_branch_dag.py
[2025-12-08T07:02:12.880+0000] {logging_mixin.py:190} INFO - [2025-12-08T07:02:12.879+0000] {dag.py:3211} INFO - Sync 1 DAGs
[2025-12-08T07:02:12.950+0000] {logging_mixin.py:190} INFO - [2025-12-08T07:02:12.949+0000] {dag.py:4138} INFO - Setting next_dagrun for example_nested_branch_dag to 2025-12-07 00:00:00+00:00, run_after=2025-12-08 00:00:00+00:00
[2025-12-08T07:02:13.006+0000] {processor.py:208} INFO - Processing /home/airflow/.local/lib/python3.12/site-packages/airflow/example_dags/example_nested_branch_dag.py took 0.215 seconds
[2025-12-08T07:02:43.096+0000] {processor.py:186} INFO - Started process (PID=346) to work on /home/airflow/.local/lib/python3.12/site-packages/airflow/example_dags/example_nested_branch_dag.py
[2025-12-08T07:02:43.099+0000] {processor.py:914} INFO - Processing file /home/airflow/.local/lib/python3.12/site-packages/airflow/example_dags/example_nested_branch_dag.py for tasks to queue
[2025-12-08T07:02:43.103+0000] {logging_mixin.py:190} INFO - [2025-12-08T07:02:43.102+0000] {dagbag.py:587} INFO - Filling up the DagBag from /home/airflow/.local/lib/python3.12/site-packages/airflow/example_dags/example_nested_branch_dag.py
[2025-12-08T07:02:43.135+0000] {processor.py:925} INFO - DAG(s) 'example_nested_branch_dag' retrieved from /home/airflow/.local/lib/python3.12/site-packages/airflow/example_dags/example_nested_branch_dag.py
[2025-12-08T07:02:43.179+0000] {logging_mixin.py:190} INFO - [2025-12-08T07:02:43.179+0000] {dag.py:3211} INFO - Sync 1 DAGs
[2025-12-08T07:02:43.217+0000] {logging_mixin.py:190} INFO - [2025-12-08T07:02:43.216+0000] {dag.py:4138} INFO - Setting next_dagrun for example_nested_branch_dag to 2025-12-07 00:00:00+00:00, run_after=2025-12-08 00:00:00+00:00
[2025-12-08T07:02:43.257+0000] {processor.py:208} INFO - Processing /home/airflow/.local/lib/python3.12/site-packages/airflow/example_dags/example_nested_branch_dag.py took 0.170 seconds
[2025-12-08T07:03:13.818+0000] {processor.py:186} INFO - Started process (PID=407) to work on /home/airflow/.local/lib/python3.12/site-packages/airflow/example_dags/example_nested_branch_dag.py
[2025-12-08T07:03:13.820+0000] {processor.py:914} INFO - Processing file /home/airflow/.local/lib/python3.12/site-packages/airflow/example_dags/example_nested_branch_dag.py for tasks to queue
[2025-12-08T07:03:13.824+0000] {logging_mixin.py:190} INFO - [2025-12-08T07:03:13.823+0000] {dagbag.py:587} INFO - Filling up the DagBag from /home/airflow/.local/lib/python3.12/site-packages/airflow/example_dags/example_nested_branch_dag.py
[2025-12-08T07:03:13.841+0000] {processor.py:925} INFO - DAG(s) 'example_nested_branch_dag' retrieved from /home/airflow/.local/lib/python3.12/site-packages/airflow/example_dags/example_nested_branch_dag.py
[2025-12-08T07:03:13.881+0000] {logging_mixin.py:190} INFO - [2025-12-08T07:03:13.880+0000] {dag.py:3211} INFO - Sync 1 DAGs
[2025-12-08T07:03:13.920+0000] {logging_mixin.py:190} INFO - [2025-12-08T07:03:13.920+0000] {dag.py:4138} INFO - Setting next_dagrun for example_nested_branch_dag to 2025-12-07 00:00:00+00:00, run_after=2025-12-08 00:00:00+00:00
[2025-12-08T07:03:13.955+0000] {processor.py:208} INFO - Processing /home/airflow/.local/lib/python3.12/site-packages/airflow/example_dags/example_nested_branch_dag.py took 0.145 seconds
[2025-12-08T07:03:44.408+0000] {processor.py:186} INFO - Started process (PID=470) to work on /home/airflow/.local/lib/python3.12/site-packages/airflow/example_dags/example_nested_branch_dag.py
[2025-12-08T07:03:44.411+0000] {processor.py:914} INFO - Processing file /home/airflow/.local/lib/python3.12/site-packages/airflow/example_dags/example_nested_branch_dag.py for tasks to queue
[2025-12-08T07:03:44.415+0000] {logging_mixin.py:190} INFO - [2025-12-08T07:03:44.415+0000] {dagbag.py:587} INFO - Filling up the DagBag from /home/airflow/.local/lib/python3.12/site-packages/airflow/example_dags/example_nested_branch_dag.py
[2025-12-08T07:03:44.446+0000] {processor.py:925} INFO - DAG(s) 'example_nested_branch_dag' retrieved from /home/airflow/.local/lib/python3.12/site-packages/airflow/example_dags/example_nested_branch_dag.py
[2025-12-08T07:03:44.491+0000] {logging_mixin.py:190} INFO - [2025-12-08T07:03:44.490+0000] {dag.py:3211} INFO - Sync 1 DAGs
[2025-12-08T07:03:44.566+0000] {logging_mixin.py:190} INFO - [2025-12-08T07:03:44.566+0000] {dag.py:4138} INFO - Setting next_dagrun for example_nested_branch_dag to 2025-12-07 00:00:00+00:00, run_after=2025-12-08 00:00:00+00:00
[2025-12-08T07:03:44.613+0000] {processor.py:208} INFO - Processing /home/airflow/.local/lib/python3.12/site-packages/airflow/example_dags/example_nested_branch_dag.py took 0.215 seconds
[2025-12-08T07:04:16.289+0000] {processor.py:186} INFO - Started process (PID=532) to work on /home/airflow/.local/lib/python3.12/site-packages/airflow/example_dags/example_nested_branch_dag.py
[2025-12-08T07:04:16.293+0000] {processor.py:914} INFO - Processing file /home/airflow/.local/lib/python3.12/site-packages/airflow/example_dags/example_nested_branch_dag.py for tasks to queue
[2025-12-08T07:04:16.300+0000] {logging_mixin.py:190} INFO - [2025-12-08T07:04:16.299+0000] {dagbag.py:587} INFO - Filling up the DagBag from /home/airflow/.local/lib/python3.12/site-packages/airflow/example_dags/example_nested_branch_dag.py
[2025-12-08T07:04:16.327+0000] {processor.py:925} INFO - DAG(s) 'example_nested_branch_dag' retrieved from /home/airflow/.local/lib/python3.12/site-packages/airflow/example_dags/example_nested_branch_dag.py
[2025-12-08T07:04:16.378+0000] {logging_mixin.py:190} INFO - [2025-12-08T07:04:16.377+0000] {dag.py:3211} INFO - Sync 1 DAGs
[2025-12-08T07:04:16.417+0000] {logging_mixin.py:190} INFO - [2025-12-08T07:04:16.417+0000] {dag.py:4138} INFO - Setting next_dagrun for example_nested_branch_dag to 2025-12-07 00:00:00+00:00, run_after=2025-12-08 00:00:00+00:00
[2025-12-08T07:04:16.452+0000] {processor.py:208} INFO - Processing /home/airflow/.local/lib/python3.12/site-packages/airflow/example_dags/example_nested_branch_dag.py took 0.181 seconds
[2025-12-08T07:04:46.900+0000] {processor.py:186} INFO - Started process (PID=594) to work on /home/airflow/.local/lib/python3.12/site-packages/airflow/example_dags/example_nested_branch_dag.py
[2025-12-08T07:04:46.902+0000] {processor.py:914} INFO - Processing file /home/airflow/.local/lib/python3.12/site-packages/airflow/example_dags/example_nested_branch_dag.py for tasks to queue
[2025-12-08T07:04:46.907+0000] {logging_mixin.py:190} INFO - [2025-12-08T07:04:46.906+0000] {dagbag.py:587} INFO - Filling up the DagBag from /home/airflow/.local/lib/python3.12/site-packages/airflow/example_dags/example_nested_branch_dag.py
[2025-12-08T07:04:46.933+0000] {processor.py:925} INFO - DAG(s) 'example_nested_branch_dag' retrieved from /home/airflow/.local/lib/python3.12/site-packages/airflow/example_dags/example_nested_branch_dag.py
[2025-12-08T07:04:46.996+0000] {logging_mixin.py:190} INFO - [2025-12-08T07:04:46.996+0000] {dag.py:3211} INFO - Sync 1 DAGs
[2025-12-08T07:04:47.063+0000] {logging_mixin.py:190} INFO - [2025-12-08T07:04:47.062+0000] {dag.py:4138} INFO - Setting next_dagrun for example_nested_branch_dag to 2025-12-07 00:00:00+00:00, run_after=2025-12-08 00:00:00+00:00
[2025-12-08T07:04:47.115+0000] {processor.py:208} INFO - Processing /home/airflow/.local/lib/python3.12/site-packages/airflow/example_dags/example_nested_branch_dag.py took 0.228 seconds
[2025-12-08T07:05:17.715+0000] {processor.py:186} INFO - Started process (PID=656) to work on /home/airflow/.local/lib/python3.12/site-packages/airflow/example_dags/example_nested_branch_dag.py
[2025-12-08T07:05:17.717+0000] {processor.py:914} INFO - Processing file /home/airflow/.local/lib/python3.12/site-packages/airflow/example_dags/example_nested_branch_dag.py for tasks to queue
[2025-12-08T07:05:17.722+0000] {logging_mixin.py:190} INFO - [2025-12-08T07:05:17.721+0000] {dagbag.py:587} INFO - Filling up the DagBag from /home/airflow/.local/lib/python3.12/site-packages/airflow/example_dags/example_nested_branch_dag.py
[2025-12-08T07:05:17.748+0000] {processor.py:925} INFO - DAG(s) 'example_nested_branch_dag' retrieved from /home/airflow/.local/lib/python3.12/site-packages/airflow/example_dags/example_nested_branch_dag.py
[2025-12-08T07:05:17.787+0000] {logging_mixin.py:190} INFO - [2025-12-08T07:05:17.786+0000] {dag.py:3211} INFO - Sync 1 DAGs
[2025-12-08T07:05:17.822+0000] {logging_mixin.py:190} INFO - [2025-12-08T07:05:17.822+0000] {dag.py:4138} INFO - Setting next_dagrun for example_nested_branch_dag to 2025-12-07 00:00:00+00:00, run_after=2025-12-08 00:00:00+00:00
[2025-12-08T07:05:17.858+0000] {processor.py:208} INFO - Processing /home/airflow/.local/lib/python3.12/site-packages/airflow/example_dags/example_nested_branch_dag.py took 0.153 seconds
[2025-12-08T07:07:34.469+0000] {processor.py:186} INFO - Started process (PID=85) to work on /home/airflow/.local/lib/python3.12/site-packages/airflow/example_dags/example_nested_branch_dag.py
[2025-12-08T07:07:34.471+0000] {processor.py:914} INFO - Processing file /home/airflow/.local/lib/python3.12/site-packages/airflow/example_dags/example_nested_branch_dag.py for tasks to queue
[2025-12-08T07:07:34.487+0000] {logging_mixin.py:190} INFO - [2025-12-08T07:07:34.483+0000] {dagbag.py:587} INFO - Filling up the DagBag from /home/airflow/.local/lib/python3.12/site-packages/airflow/example_dags/example_nested_branch_dag.py
[2025-12-08T07:07:34.518+0000] {processor.py:925} INFO - DAG(s) 'example_nested_branch_dag' retrieved from /home/airflow/.local/lib/python3.12/site-packages/airflow/example_dags/example_nested_branch_dag.py
[2025-12-08T07:07:34.589+0000] {logging_mixin.py:190} INFO - [2025-12-08T07:07:34.589+0000] {dag.py:3211} INFO - Sync 1 DAGs
[2025-12-08T07:07:34.652+0000] {logging_mixin.py:190} INFO - [2025-12-08T07:07:34.651+0000] {dag.py:4138} INFO - Setting next_dagrun for example_nested_branch_dag to 2025-12-07 00:00:00+00:00, run_after=2025-12-08 00:00:00+00:00
[2025-12-08T07:07:34.714+0000] {processor.py:208} INFO - Processing /home/airflow/.local/lib/python3.12/site-packages/airflow/example_dags/example_nested_branch_dag.py took 0.264 seconds
[2025-12-08T07:08:05.532+0000] {processor.py:186} INFO - Started process (PID=148) to work on /home/airflow/.local/lib/python3.12/site-packages/airflow/example_dags/example_nested_branch_dag.py
[2025-12-08T07:08:05.535+0000] {processor.py:914} INFO - Processing file /home/airflow/.local/lib/python3.12/site-packages/airflow/example_dags/example_nested_branch_dag.py for tasks to queue
[2025-12-08T07:08:05.541+0000] {logging_mixin.py:190} INFO - [2025-12-08T07:08:05.541+0000] {dagbag.py:587} INFO - Filling up the DagBag from /home/airflow/.local/lib/python3.12/site-packages/airflow/example_dags/example_nested_branch_dag.py
[2025-12-08T07:08:05.577+0000] {processor.py:925} INFO - DAG(s) 'example_nested_branch_dag' retrieved from /home/airflow/.local/lib/python3.12/site-packages/airflow/example_dags/example_nested_branch_dag.py
[2025-12-08T07:08:05.655+0000] {logging_mixin.py:190} INFO - [2025-12-08T07:08:05.655+0000] {dag.py:3211} INFO - Sync 1 DAGs
[2025-12-08T07:08:05.730+0000] {logging_mixin.py:190} INFO - [2025-12-08T07:08:05.729+0000] {dag.py:4138} INFO - Setting next_dagrun for example_nested_branch_dag to 2025-12-07 00:00:00+00:00, run_after=2025-12-08 00:00:00+00:00
[2025-12-08T07:08:05.772+0000] {processor.py:208} INFO - Processing /home/airflow/.local/lib/python3.12/site-packages/airflow/example_dags/example_nested_branch_dag.py took 0.260 seconds
[2025-12-08T07:08:36.002+0000] {processor.py:186} INFO - Started process (PID=216) to work on /home/airflow/.local/lib/python3.12/site-packages/airflow/example_dags/example_nested_branch_dag.py
[2025-12-08T07:08:36.005+0000] {processor.py:914} INFO - Processing file /home/airflow/.local/lib/python3.12/site-packages/airflow/example_dags/example_nested_branch_dag.py for tasks to queue
[2025-12-08T07:08:36.009+0000] {logging_mixin.py:190} INFO - [2025-12-08T07:08:36.009+0000] {dagbag.py:587} INFO - Filling up the DagBag from /home/airflow/.local/lib/python3.12/site-packages/airflow/example_dags/example_nested_branch_dag.py
[2025-12-08T07:08:36.026+0000] {processor.py:925} INFO - DAG(s) 'example_nested_branch_dag' retrieved from /home/airflow/.local/lib/python3.12/site-packages/airflow/example_dags/example_nested_branch_dag.py
[2025-12-08T07:08:36.063+0000] {logging_mixin.py:190} INFO - [2025-12-08T07:08:36.063+0000] {dag.py:3211} INFO - Sync 1 DAGs
[2025-12-08T07:08:36.096+0000] {logging_mixin.py:190} INFO - [2025-12-08T07:08:36.096+0000] {dag.py:4138} INFO - Setting next_dagrun for example_nested_branch_dag to 2025-12-07 00:00:00+00:00, run_after=2025-12-08 00:00:00+00:00
[2025-12-08T07:08:36.129+0000] {processor.py:208} INFO - Processing /home/airflow/.local/lib/python3.12/site-packages/airflow/example_dags/example_nested_branch_dag.py took 0.139 seconds
[2025-12-08T07:09:06.759+0000] {processor.py:186} INFO - Started process (PID=278) to work on /home/airflow/.local/lib/python3.12/site-packages/airflow/example_dags/example_nested_branch_dag.py
[2025-12-08T07:09:06.760+0000] {processor.py:914} INFO - Processing file /home/airflow/.local/lib/python3.12/site-packages/airflow/example_dags/example_nested_branch_dag.py for tasks to queue
[2025-12-08T07:09:06.763+0000] {logging_mixin.py:190} INFO - [2025-12-08T07:09:06.763+0000] {dagbag.py:587} INFO - Filling up the DagBag from /home/airflow/.local/lib/python3.12/site-packages/airflow/example_dags/example_nested_branch_dag.py
[2025-12-08T07:09:06.778+0000] {processor.py:925} INFO - DAG(s) 'example_nested_branch_dag' retrieved from /home/airflow/.local/lib/python3.12/site-packages/airflow/example_dags/example_nested_branch_dag.py
[2025-12-08T07:09:06.805+0000] {logging_mixin.py:190} INFO - [2025-12-08T07:09:06.804+0000] {dag.py:3211} INFO - Sync 1 DAGs
[2025-12-08T07:09:06.833+0000] {logging_mixin.py:190} INFO - [2025-12-08T07:09:06.832+0000] {dag.py:4138} INFO - Setting next_dagrun for example_nested_branch_dag to 2025-12-07 00:00:00+00:00, run_after=2025-12-08 00:00:00+00:00
[2025-12-08T07:09:06.856+0000] {processor.py:208} INFO - Processing /home/airflow/.local/lib/python3.12/site-packages/airflow/example_dags/example_nested_branch_dag.py took 0.103 seconds
[2025-12-08T07:09:37.649+0000] {processor.py:186} INFO - Started process (PID=340) to work on /home/airflow/.local/lib/python3.12/site-packages/airflow/example_dags/example_nested_branch_dag.py
[2025-12-08T07:09:37.651+0000] {processor.py:914} INFO - Processing file /home/airflow/.local/lib/python3.12/site-packages/airflow/example_dags/example_nested_branch_dag.py for tasks to queue
[2025-12-08T07:09:37.655+0000] {logging_mixin.py:190} INFO - [2025-12-08T07:09:37.654+0000] {dagbag.py:587} INFO - Filling up the DagBag from /home/airflow/.local/lib/python3.12/site-packages/airflow/example_dags/example_nested_branch_dag.py
[2025-12-08T07:09:37.672+0000] {processor.py:925} INFO - DAG(s) 'example_nested_branch_dag' retrieved from /home/airflow/.local/lib/python3.12/site-packages/airflow/example_dags/example_nested_branch_dag.py
[2025-12-08T07:09:37.700+0000] {logging_mixin.py:190} INFO - [2025-12-08T07:09:37.700+0000] {dag.py:3211} INFO - Sync 1 DAGs
[2025-12-08T07:09:37.732+0000] {logging_mixin.py:190} INFO - [2025-12-08T07:09:37.731+0000] {dag.py:4138} INFO - Setting next_dagrun for example_nested_branch_dag to 2025-12-07 00:00:00+00:00, run_after=2025-12-08 00:00:00+00:00
[2025-12-08T07:09:37.760+0000] {processor.py:208} INFO - Processing /home/airflow/.local/lib/python3.12/site-packages/airflow/example_dags/example_nested_branch_dag.py took 0.118 seconds
[2025-12-08T07:10:08.458+0000] {processor.py:186} INFO - Started process (PID=402) to work on /home/airflow/.local/lib/python3.12/site-packages/airflow/example_dags/example_nested_branch_dag.py
[2025-12-08T07:10:08.459+0000] {processor.py:914} INFO - Processing file /home/airflow/.local/lib/python3.12/site-packages/airflow/example_dags/example_nested_branch_dag.py for tasks to queue
[2025-12-08T07:10:08.462+0000] {logging_mixin.py:190} INFO - [2025-12-08T07:10:08.462+0000] {dagbag.py:587} INFO - Filling up the DagBag from /home/airflow/.local/lib/python3.12/site-packages/airflow/example_dags/example_nested_branch_dag.py
[2025-12-08T07:10:08.475+0000] {processor.py:925} INFO - DAG(s) 'example_nested_branch_dag' retrieved from /home/airflow/.local/lib/python3.12/site-packages/airflow/example_dags/example_nested_branch_dag.py
[2025-12-08T07:10:08.499+0000] {logging_mixin.py:190} INFO - [2025-12-08T07:10:08.498+0000] {dag.py:3211} INFO - Sync 1 DAGs
[2025-12-08T07:10:08.520+0000] {logging_mixin.py:190} INFO - [2025-12-08T07:10:08.520+0000] {dag.py:4138} INFO - Setting next_dagrun for example_nested_branch_dag to 2025-12-07 00:00:00+00:00, run_after=2025-12-08 00:00:00+00:00
[2025-12-08T07:10:08.539+0000] {processor.py:208} INFO - Processing /home/airflow/.local/lib/python3.12/site-packages/airflow/example_dags/example_nested_branch_dag.py took 0.088 seconds
[2025-12-08T07:10:38.696+0000] {processor.py:186} INFO - Started process (PID=464) to work on /home/airflow/.local/lib/python3.12/site-packages/airflow/example_dags/example_nested_branch_dag.py
[2025-12-08T07:10:38.698+0000] {processor.py:914} INFO - Processing file /home/airflow/.local/lib/python3.12/site-packages/airflow/example_dags/example_nested_branch_dag.py for tasks to queue
[2025-12-08T07:10:38.700+0000] {logging_mixin.py:190} INFO - [2025-12-08T07:10:38.700+0000] {dagbag.py:587} INFO - Filling up the DagBag from /home/airflow/.local/lib/python3.12/site-packages/airflow/example_dags/example_nested_branch_dag.py
[2025-12-08T07:10:38.711+0000] {processor.py:925} INFO - DAG(s) 'example_nested_branch_dag' retrieved from /home/airflow/.local/lib/python3.12/site-packages/airflow/example_dags/example_nested_branch_dag.py
[2025-12-08T07:10:38.734+0000] {logging_mixin.py:190} INFO - [2025-12-08T07:10:38.734+0000] {dag.py:3211} INFO - Sync 1 DAGs
[2025-12-08T07:10:38.757+0000] {logging_mixin.py:190} INFO - [2025-12-08T07:10:38.757+0000] {dag.py:4138} INFO - Setting next_dagrun for example_nested_branch_dag to 2025-12-07 00:00:00+00:00, run_after=2025-12-08 00:00:00+00:00
[2025-12-08T07:10:38.778+0000] {processor.py:208} INFO - Processing /home/airflow/.local/lib/python3.12/site-packages/airflow/example_dags/example_nested_branch_dag.py took 0.087 seconds
[2025-12-08T07:11:09.077+0000] {processor.py:186} INFO - Started process (PID=526) to work on /home/airflow/.local/lib/python3.12/site-packages/airflow/example_dags/example_nested_branch_dag.py
[2025-12-08T07:11:09.078+0000] {processor.py:914} INFO - Processing file /home/airflow/.local/lib/python3.12/site-packages/airflow/example_dags/example_nested_branch_dag.py for tasks to queue
[2025-12-08T07:11:09.081+0000] {logging_mixin.py:190} INFO - [2025-12-08T07:11:09.081+0000] {dagbag.py:587} INFO - Filling up the DagBag from /home/airflow/.local/lib/python3.12/site-packages/airflow/example_dags/example_nested_branch_dag.py
[2025-12-08T07:11:09.092+0000] {processor.py:925} INFO - DAG(s) 'example_nested_branch_dag' retrieved from /home/airflow/.local/lib/python3.12/site-packages/airflow/example_dags/example_nested_branch_dag.py
[2025-12-08T07:11:09.115+0000] {logging_mixin.py:190} INFO - [2025-12-08T07:11:09.115+0000] {dag.py:3211} INFO - Sync 1 DAGs
[2025-12-08T07:11:09.137+0000] {logging_mixin.py:190} INFO - [2025-12-08T07:11:09.137+0000] {dag.py:4138} INFO - Setting next_dagrun for example_nested_branch_dag to 2025-12-07 00:00:00+00:00, run_after=2025-12-08 00:00:00+00:00
[2025-12-08T07:11:09.156+0000] {processor.py:208} INFO - Processing /home/airflow/.local/lib/python3.12/site-packages/airflow/example_dags/example_nested_branch_dag.py took 0.085 seconds
[2025-12-08T07:11:39.356+0000] {processor.py:186} INFO - Started process (PID=588) to work on /home/airflow/.local/lib/python3.12/site-packages/airflow/example_dags/example_nested_branch_dag.py
[2025-12-08T07:11:39.357+0000] {processor.py:914} INFO - Processing file /home/airflow/.local/lib/python3.12/site-packages/airflow/example_dags/example_nested_branch_dag.py for tasks to queue
[2025-12-08T07:11:39.361+0000] {logging_mixin.py:190} INFO - [2025-12-08T07:11:39.361+0000] {dagbag.py:587} INFO - Filling up the DagBag from /home/airflow/.local/lib/python3.12/site-packages/airflow/example_dags/example_nested_branch_dag.py
[2025-12-08T07:11:39.371+0000] {processor.py:925} INFO - DAG(s) 'example_nested_branch_dag' retrieved from /home/airflow/.local/lib/python3.12/site-packages/airflow/example_dags/example_nested_branch_dag.py
[2025-12-08T07:11:39.403+0000] {logging_mixin.py:190} INFO - [2025-12-08T07:11:39.402+0000] {dag.py:3211} INFO - Sync 1 DAGs
[2025-12-08T07:11:39.442+0000] {logging_mixin.py:190} INFO - [2025-12-08T07:11:39.442+0000] {dag.py:4138} INFO - Setting next_dagrun for example_nested_branch_dag to 2025-12-07 00:00:00+00:00, run_after=2025-12-08 00:00:00+00:00
[2025-12-08T07:11:39.469+0000] {processor.py:208} INFO - Processing /home/airflow/.local/lib/python3.12/site-packages/airflow/example_dags/example_nested_branch_dag.py took 0.118 seconds
[2025-12-08T07:12:09.634+0000] {processor.py:186} INFO - Started process (PID=650) to work on /home/airflow/.local/lib/python3.12/site-packages/airflow/example_dags/example_nested_branch_dag.py
[2025-12-08T07:12:09.636+0000] {processor.py:914} INFO - Processing file /home/airflow/.local/lib/python3.12/site-packages/airflow/example_dags/example_nested_branch_dag.py for tasks to queue
[2025-12-08T07:12:09.639+0000] {logging_mixin.py:190} INFO - [2025-12-08T07:12:09.639+0000] {dagbag.py:587} INFO - Filling up the DagBag from /home/airflow/.local/lib/python3.12/site-packages/airflow/example_dags/example_nested_branch_dag.py
[2025-12-08T07:12:09.649+0000] {processor.py:925} INFO - DAG(s) 'example_nested_branch_dag' retrieved from /home/airflow/.local/lib/python3.12/site-packages/airflow/example_dags/example_nested_branch_dag.py
[2025-12-08T07:12:09.670+0000] {logging_mixin.py:190} INFO - [2025-12-08T07:12:09.669+0000] {dag.py:3211} INFO - Sync 1 DAGs
[2025-12-08T07:12:09.691+0000] {logging_mixin.py:190} INFO - [2025-12-08T07:12:09.690+0000] {dag.py:4138} INFO - Setting next_dagrun for example_nested_branch_dag to 2025-12-07 00:00:00+00:00, run_after=2025-12-08 00:00:00+00:00
[2025-12-08T07:12:09.713+0000] {processor.py:208} INFO - Processing /home/airflow/.local/lib/python3.12/site-packages/airflow/example_dags/example_nested_branch_dag.py took 0.085 seconds
[2025-12-08T07:12:40.019+0000] {processor.py:186} INFO - Started process (PID=713) to work on /home/airflow/.local/lib/python3.12/site-packages/airflow/example_dags/example_nested_branch_dag.py
[2025-12-08T07:12:40.021+0000] {processor.py:914} INFO - Processing file /home/airflow/.local/lib/python3.12/site-packages/airflow/example_dags/example_nested_branch_dag.py for tasks to queue
[2025-12-08T07:12:40.025+0000] {logging_mixin.py:190} INFO - [2025-12-08T07:12:40.024+0000] {dagbag.py:587} INFO - Filling up the DagBag from /home/airflow/.local/lib/python3.12/site-packages/airflow/example_dags/example_nested_branch_dag.py
[2025-12-08T07:12:40.039+0000] {processor.py:925} INFO - DAG(s) 'example_nested_branch_dag' retrieved from /home/airflow/.local/lib/python3.12/site-packages/airflow/example_dags/example_nested_branch_dag.py
[2025-12-08T07:12:40.067+0000] {logging_mixin.py:190} INFO - [2025-12-08T07:12:40.067+0000] {dag.py:3211} INFO - Sync 1 DAGs
[2025-12-08T07:12:40.092+0000] {logging_mixin.py:190} INFO - [2025-12-08T07:12:40.091+0000] {dag.py:4138} INFO - Setting next_dagrun for example_nested_branch_dag to 2025-12-07 00:00:00+00:00, run_after=2025-12-08 00:00:00+00:00
[2025-12-08T07:12:40.116+0000] {processor.py:208} INFO - Processing /home/airflow/.local/lib/python3.12/site-packages/airflow/example_dags/example_nested_branch_dag.py took 0.106 seconds
[2025-12-08T07:13:10.892+0000] {processor.py:186} INFO - Started process (PID=775) to work on /home/airflow/.local/lib/python3.12/site-packages/airflow/example_dags/example_nested_branch_dag.py
[2025-12-08T07:13:10.894+0000] {processor.py:914} INFO - Processing file /home/airflow/.local/lib/python3.12/site-packages/airflow/example_dags/example_nested_branch_dag.py for tasks to queue
[2025-12-08T07:13:10.898+0000] {logging_mixin.py:190} INFO - [2025-12-08T07:13:10.898+0000] {dagbag.py:587} INFO - Filling up the DagBag from /home/airflow/.local/lib/python3.12/site-packages/airflow/example_dags/example_nested_branch_dag.py
[2025-12-08T07:13:10.912+0000] {processor.py:925} INFO - DAG(s) 'example_nested_branch_dag' retrieved from /home/airflow/.local/lib/python3.12/site-packages/airflow/example_dags/example_nested_branch_dag.py
[2025-12-08T07:13:10.937+0000] {logging_mixin.py:190} INFO - [2025-12-08T07:13:10.937+0000] {dag.py:3211} INFO - Sync 1 DAGs
[2025-12-08T07:13:10.960+0000] {logging_mixin.py:190} INFO - [2025-12-08T07:13:10.960+0000] {dag.py:4138} INFO - Setting next_dagrun for example_nested_branch_dag to 2025-12-07 00:00:00+00:00, run_after=2025-12-08 00:00:00+00:00
[2025-12-08T07:13:10.983+0000] {processor.py:208} INFO - Processing /home/airflow/.local/lib/python3.12/site-packages/airflow/example_dags/example_nested_branch_dag.py took 0.100 seconds
[2025-12-08T07:13:41.332+0000] {processor.py:186} INFO - Started process (PID=837) to work on /home/airflow/.local/lib/python3.12/site-packages/airflow/example_dags/example_nested_branch_dag.py
[2025-12-08T07:13:41.334+0000] {processor.py:914} INFO - Processing file /home/airflow/.local/lib/python3.12/site-packages/airflow/example_dags/example_nested_branch_dag.py for tasks to queue
[2025-12-08T07:13:41.337+0000] {logging_mixin.py:190} INFO - [2025-12-08T07:13:41.337+0000] {dagbag.py:587} INFO - Filling up the DagBag from /home/airflow/.local/lib/python3.12/site-packages/airflow/example_dags/example_nested_branch_dag.py
[2025-12-08T07:13:41.349+0000] {processor.py:925} INFO - DAG(s) 'example_nested_branch_dag' retrieved from /home/airflow/.local/lib/python3.12/site-packages/airflow/example_dags/example_nested_branch_dag.py
[2025-12-08T07:13:41.373+0000] {logging_mixin.py:190} INFO - [2025-12-08T07:13:41.372+0000] {dag.py:3211} INFO - Sync 1 DAGs
[2025-12-08T07:13:41.394+0000] {logging_mixin.py:190} INFO - [2025-12-08T07:13:41.394+0000] {dag.py:4138} INFO - Setting next_dagrun for example_nested_branch_dag to 2025-12-07 00:00:00+00:00, run_after=2025-12-08 00:00:00+00:00
[2025-12-08T07:13:41.415+0000] {processor.py:208} INFO - Processing /home/airflow/.local/lib/python3.12/site-packages/airflow/example_dags/example_nested_branch_dag.py took 0.089 seconds
[2025-12-08T07:14:11.835+0000] {processor.py:186} INFO - Started process (PID=899) to work on /home/airflow/.local/lib/python3.12/site-packages/airflow/example_dags/example_nested_branch_dag.py
[2025-12-08T07:14:11.837+0000] {processor.py:914} INFO - Processing file /home/airflow/.local/lib/python3.12/site-packages/airflow/example_dags/example_nested_branch_dag.py for tasks to queue
[2025-12-08T07:14:11.842+0000] {logging_mixin.py:190} INFO - [2025-12-08T07:14:11.841+0000] {dagbag.py:587} INFO - Filling up the DagBag from /home/airflow/.local/lib/python3.12/site-packages/airflow/example_dags/example_nested_branch_dag.py
[2025-12-08T07:14:11.853+0000] {processor.py:925} INFO - DAG(s) 'example_nested_branch_dag' retrieved from /home/airflow/.local/lib/python3.12/site-packages/airflow/example_dags/example_nested_branch_dag.py
[2025-12-08T07:14:11.878+0000] {logging_mixin.py:190} INFO - [2025-12-08T07:14:11.878+0000] {dag.py:3211} INFO - Sync 1 DAGs
[2025-12-08T07:14:11.903+0000] {logging_mixin.py:190} INFO - [2025-12-08T07:14:11.903+0000] {dag.py:4138} INFO - Setting next_dagrun for example_nested_branch_dag to 2025-12-07 00:00:00+00:00, run_after=2025-12-08 00:00:00+00:00
[2025-12-08T07:14:11.926+0000] {processor.py:208} INFO - Processing /home/airflow/.local/lib/python3.12/site-packages/airflow/example_dags/example_nested_branch_dag.py took 0.097 seconds
[2025-12-08T07:14:42.250+0000] {processor.py:186} INFO - Started process (PID=961) to work on /home/airflow/.local/lib/python3.12/site-packages/airflow/example_dags/example_nested_branch_dag.py
[2025-12-08T07:14:42.252+0000] {processor.py:914} INFO - Processing file /home/airflow/.local/lib/python3.12/site-packages/airflow/example_dags/example_nested_branch_dag.py for tasks to queue
[2025-12-08T07:14:42.255+0000] {logging_mixin.py:190} INFO - [2025-12-08T07:14:42.255+0000] {dagbag.py:587} INFO - Filling up the DagBag from /home/airflow/.local/lib/python3.12/site-packages/airflow/example_dags/example_nested_branch_dag.py
[2025-12-08T07:14:42.269+0000] {processor.py:925} INFO - DAG(s) 'example_nested_branch_dag' retrieved from /home/airflow/.local/lib/python3.12/site-packages/airflow/example_dags/example_nested_branch_dag.py
[2025-12-08T07:14:42.295+0000] {logging_mixin.py:190} INFO - [2025-12-08T07:14:42.295+0000] {dag.py:3211} INFO - Sync 1 DAGs
[2025-12-08T07:14:42.316+0000] {logging_mixin.py:190} INFO - [2025-12-08T07:14:42.316+0000] {dag.py:4138} INFO - Setting next_dagrun for example_nested_branch_dag to 2025-12-07 00:00:00+00:00, run_after=2025-12-08 00:00:00+00:00
[2025-12-08T07:14:42.339+0000] {processor.py:208} INFO - Processing /home/airflow/.local/lib/python3.12/site-packages/airflow/example_dags/example_nested_branch_dag.py took 0.097 seconds
[2025-12-08T07:15:12.426+0000] {processor.py:186} INFO - Started process (PID=1023) to work on /home/airflow/.local/lib/python3.12/site-packages/airflow/example_dags/example_nested_branch_dag.py
[2025-12-08T07:15:12.428+0000] {processor.py:914} INFO - Processing file /home/airflow/.local/lib/python3.12/site-packages/airflow/example_dags/example_nested_branch_dag.py for tasks to queue
[2025-12-08T07:15:12.431+0000] {logging_mixin.py:190} INFO - [2025-12-08T07:15:12.431+0000] {dagbag.py:587} INFO - Filling up the DagBag from /home/airflow/.local/lib/python3.12/site-packages/airflow/example_dags/example_nested_branch_dag.py
[2025-12-08T07:15:12.442+0000] {processor.py:925} INFO - DAG(s) 'example_nested_branch_dag' retrieved from /home/airflow/.local/lib/python3.12/site-packages/airflow/example_dags/example_nested_branch_dag.py
[2025-12-08T07:15:12.462+0000] {logging_mixin.py:190} INFO - [2025-12-08T07:15:12.462+0000] {dag.py:3211} INFO - Sync 1 DAGs
[2025-12-08T07:15:12.486+0000] {logging_mixin.py:190} INFO - [2025-12-08T07:15:12.485+0000] {dag.py:4138} INFO - Setting next_dagrun for example_nested_branch_dag to 2025-12-07 00:00:00+00:00, run_after=2025-12-08 00:00:00+00:00
[2025-12-08T07:15:12.507+0000] {processor.py:208} INFO - Processing /home/airflow/.local/lib/python3.12/site-packages/airflow/example_dags/example_nested_branch_dag.py took 0.086 seconds
[2025-12-08T07:15:42.869+0000] {processor.py:186} INFO - Started process (PID=1085) to work on /home/airflow/.local/lib/python3.12/site-packages/airflow/example_dags/example_nested_branch_dag.py
[2025-12-08T07:15:42.874+0000] {processor.py:914} INFO - Processing file /home/airflow/.local/lib/python3.12/site-packages/airflow/example_dags/example_nested_branch_dag.py for tasks to queue
[2025-12-08T07:15:42.881+0000] {logging_mixin.py:190} INFO - [2025-12-08T07:15:42.880+0000] {dagbag.py:587} INFO - Filling up the DagBag from /home/airflow/.local/lib/python3.12/site-packages/airflow/example_dags/example_nested_branch_dag.py
[2025-12-08T07:15:42.904+0000] {processor.py:925} INFO - DAG(s) 'example_nested_branch_dag' retrieved from /home/airflow/.local/lib/python3.12/site-packages/airflow/example_dags/example_nested_branch_dag.py
[2025-12-08T07:15:42.948+0000] {logging_mixin.py:190} INFO - [2025-12-08T07:15:42.948+0000] {dag.py:3211} INFO - Sync 1 DAGs
[2025-12-08T07:15:42.992+0000] {logging_mixin.py:190} INFO - [2025-12-08T07:15:42.991+0000] {dag.py:4138} INFO - Setting next_dagrun for example_nested_branch_dag to 2025-12-07 00:00:00+00:00, run_after=2025-12-08 00:00:00+00:00
[2025-12-08T07:15:43.029+0000] {processor.py:208} INFO - Processing /home/airflow/.local/lib/python3.12/site-packages/airflow/example_dags/example_nested_branch_dag.py took 0.173 seconds
[2025-12-08T07:16:13.871+0000] {processor.py:186} INFO - Started process (PID=1147) to work on /home/airflow/.local/lib/python3.12/site-packages/airflow/example_dags/example_nested_branch_dag.py
[2025-12-08T07:16:13.875+0000] {processor.py:914} INFO - Processing file /home/airflow/.local/lib/python3.12/site-packages/airflow/example_dags/example_nested_branch_dag.py for tasks to queue
[2025-12-08T07:16:13.884+0000] {logging_mixin.py:190} INFO - [2025-12-08T07:16:13.883+0000] {dagbag.py:587} INFO - Filling up the DagBag from /home/airflow/.local/lib/python3.12/site-packages/airflow/example_dags/example_nested_branch_dag.py
[2025-12-08T07:16:13.917+0000] {processor.py:925} INFO - DAG(s) 'example_nested_branch_dag' retrieved from /home/airflow/.local/lib/python3.12/site-packages/airflow/example_dags/example_nested_branch_dag.py
[2025-12-08T07:16:13.972+0000] {logging_mixin.py:190} INFO - [2025-12-08T07:16:13.972+0000] {dag.py:3211} INFO - Sync 1 DAGs
[2025-12-08T07:16:14.036+0000] {logging_mixin.py:190} INFO - [2025-12-08T07:16:14.036+0000] {dag.py:4138} INFO - Setting next_dagrun for example_nested_branch_dag to 2025-12-07 00:00:00+00:00, run_after=2025-12-08 00:00:00+00:00
[2025-12-08T07:16:14.101+0000] {processor.py:208} INFO - Processing /home/airflow/.local/lib/python3.12/site-packages/airflow/example_dags/example_nested_branch_dag.py took 0.249 seconds
[2025-12-08T07:16:44.487+0000] {processor.py:186} INFO - Started process (PID=1209) to work on /home/airflow/.local/lib/python3.12/site-packages/airflow/example_dags/example_nested_branch_dag.py
[2025-12-08T07:16:44.490+0000] {processor.py:914} INFO - Processing file /home/airflow/.local/lib/python3.12/site-packages/airflow/example_dags/example_nested_branch_dag.py for tasks to queue
[2025-12-08T07:16:44.497+0000] {logging_mixin.py:190} INFO - [2025-12-08T07:16:44.496+0000] {dagbag.py:587} INFO - Filling up the DagBag from /home/airflow/.local/lib/python3.12/site-packages/airflow/example_dags/example_nested_branch_dag.py
[2025-12-08T07:16:44.522+0000] {processor.py:925} INFO - DAG(s) 'example_nested_branch_dag' retrieved from /home/airflow/.local/lib/python3.12/site-packages/airflow/example_dags/example_nested_branch_dag.py
[2025-12-08T07:16:44.591+0000] {logging_mixin.py:190} INFO - [2025-12-08T07:16:44.590+0000] {dag.py:3211} INFO - Sync 1 DAGs
[2025-12-08T07:16:44.641+0000] {logging_mixin.py:190} INFO - [2025-12-08T07:16:44.641+0000] {dag.py:4138} INFO - Setting next_dagrun for example_nested_branch_dag to 2025-12-07 00:00:00+00:00, run_after=2025-12-08 00:00:00+00:00
[2025-12-08T07:16:44.686+0000] {processor.py:208} INFO - Processing /home/airflow/.local/lib/python3.12/site-packages/airflow/example_dags/example_nested_branch_dag.py took 0.210 seconds
[2025-12-08T07:17:15.306+0000] {processor.py:186} INFO - Started process (PID=1271) to work on /home/airflow/.local/lib/python3.12/site-packages/airflow/example_dags/example_nested_branch_dag.py
[2025-12-08T07:17:15.308+0000] {processor.py:914} INFO - Processing file /home/airflow/.local/lib/python3.12/site-packages/airflow/example_dags/example_nested_branch_dag.py for tasks to queue
[2025-12-08T07:17:15.314+0000] {logging_mixin.py:190} INFO - [2025-12-08T07:17:15.313+0000] {dagbag.py:587} INFO - Filling up the DagBag from /home/airflow/.local/lib/python3.12/site-packages/airflow/example_dags/example_nested_branch_dag.py
[2025-12-08T07:17:15.335+0000] {processor.py:925} INFO - DAG(s) 'example_nested_branch_dag' retrieved from /home/airflow/.local/lib/python3.12/site-packages/airflow/example_dags/example_nested_branch_dag.py
[2025-12-08T07:17:15.378+0000] {logging_mixin.py:190} INFO - [2025-12-08T07:17:15.378+0000] {dag.py:3211} INFO - Sync 1 DAGs
[2025-12-08T07:17:15.420+0000] {logging_mixin.py:190} INFO - [2025-12-08T07:17:15.420+0000] {dag.py:4138} INFO - Setting next_dagrun for example_nested_branch_dag to 2025-12-07 00:00:00+00:00, run_after=2025-12-08 00:00:00+00:00
[2025-12-08T07:17:15.460+0000] {processor.py:208} INFO - Processing /home/airflow/.local/lib/python3.12/site-packages/airflow/example_dags/example_nested_branch_dag.py took 0.168 seconds
[2025-12-08T07:17:45.634+0000] {processor.py:186} INFO - Started process (PID=1333) to work on /home/airflow/.local/lib/python3.12/site-packages/airflow/example_dags/example_nested_branch_dag.py
[2025-12-08T07:17:45.636+0000] {processor.py:914} INFO - Processing file /home/airflow/.local/lib/python3.12/site-packages/airflow/example_dags/example_nested_branch_dag.py for tasks to queue
[2025-12-08T07:17:45.643+0000] {logging_mixin.py:190} INFO - [2025-12-08T07:17:45.642+0000] {dagbag.py:587} INFO - Filling up the DagBag from /home/airflow/.local/lib/python3.12/site-packages/airflow/example_dags/example_nested_branch_dag.py
[2025-12-08T07:17:45.673+0000] {processor.py:925} INFO - DAG(s) 'example_nested_branch_dag' retrieved from /home/airflow/.local/lib/python3.12/site-packages/airflow/example_dags/example_nested_branch_dag.py
[2025-12-08T07:17:45.711+0000] {logging_mixin.py:190} INFO - [2025-12-08T07:17:45.710+0000] {dag.py:3211} INFO - Sync 1 DAGs
[2025-12-08T07:17:45.753+0000] {logging_mixin.py:190} INFO - [2025-12-08T07:17:45.752+0000] {dag.py:4138} INFO - Setting next_dagrun for example_nested_branch_dag to 2025-12-07 00:00:00+00:00, run_after=2025-12-08 00:00:00+00:00
[2025-12-08T07:17:45.790+0000] {processor.py:208} INFO - Processing /home/airflow/.local/lib/python3.12/site-packages/airflow/example_dags/example_nested_branch_dag.py took 0.169 seconds
[2025-12-08T07:18:16.803+0000] {processor.py:186} INFO - Started process (PID=1395) to work on /home/airflow/.local/lib/python3.12/site-packages/airflow/example_dags/example_nested_branch_dag.py
[2025-12-08T07:18:16.807+0000] {processor.py:914} INFO - Processing file /home/airflow/.local/lib/python3.12/site-packages/airflow/example_dags/example_nested_branch_dag.py for tasks to queue
[2025-12-08T07:18:16.815+0000] {logging_mixin.py:190} INFO - [2025-12-08T07:18:16.814+0000] {dagbag.py:587} INFO - Filling up the DagBag from /home/airflow/.local/lib/python3.12/site-packages/airflow/example_dags/example_nested_branch_dag.py
[2025-12-08T07:18:16.833+0000] {processor.py:925} INFO - DAG(s) 'example_nested_branch_dag' retrieved from /home/airflow/.local/lib/python3.12/site-packages/airflow/example_dags/example_nested_branch_dag.py
[2025-12-08T07:18:16.880+0000] {logging_mixin.py:190} INFO - [2025-12-08T07:18:16.879+0000] {dag.py:3211} INFO - Sync 1 DAGs
[2025-12-08T07:18:16.927+0000] {logging_mixin.py:190} INFO - [2025-12-08T07:18:16.926+0000] {dag.py:4138} INFO - Setting next_dagrun for example_nested_branch_dag to 2025-12-07 00:00:00+00:00, run_after=2025-12-08 00:00:00+00:00
[2025-12-08T07:18:16.966+0000] {processor.py:208} INFO - Processing /home/airflow/.local/lib/python3.12/site-packages/airflow/example_dags/example_nested_branch_dag.py took 0.175 seconds
[2025-12-08T07:18:47.600+0000] {processor.py:186} INFO - Started process (PID=1457) to work on /home/airflow/.local/lib/python3.12/site-packages/airflow/example_dags/example_nested_branch_dag.py
[2025-12-08T07:18:47.602+0000] {processor.py:914} INFO - Processing file /home/airflow/.local/lib/python3.12/site-packages/airflow/example_dags/example_nested_branch_dag.py for tasks to queue
[2025-12-08T07:18:47.608+0000] {logging_mixin.py:190} INFO - [2025-12-08T07:18:47.608+0000] {dagbag.py:587} INFO - Filling up the DagBag from /home/airflow/.local/lib/python3.12/site-packages/airflow/example_dags/example_nested_branch_dag.py
[2025-12-08T07:18:47.631+0000] {processor.py:925} INFO - DAG(s) 'example_nested_branch_dag' retrieved from /home/airflow/.local/lib/python3.12/site-packages/airflow/example_dags/example_nested_branch_dag.py
[2025-12-08T07:18:47.678+0000] {logging_mixin.py:190} INFO - [2025-12-08T07:18:47.677+0000] {dag.py:3211} INFO - Sync 1 DAGs
[2025-12-08T07:18:47.727+0000] {logging_mixin.py:190} INFO - [2025-12-08T07:18:47.726+0000] {dag.py:4138} INFO - Setting next_dagrun for example_nested_branch_dag to 2025-12-07 00:00:00+00:00, run_after=2025-12-08 00:00:00+00:00
[2025-12-08T07:18:47.771+0000] {processor.py:208} INFO - Processing /home/airflow/.local/lib/python3.12/site-packages/airflow/example_dags/example_nested_branch_dag.py took 0.180 seconds
[2025-12-08T07:19:17.890+0000] {processor.py:186} INFO - Started process (PID=1520) to work on /home/airflow/.local/lib/python3.12/site-packages/airflow/example_dags/example_nested_branch_dag.py
[2025-12-08T07:19:17.892+0000] {processor.py:914} INFO - Processing file /home/airflow/.local/lib/python3.12/site-packages/airflow/example_dags/example_nested_branch_dag.py for tasks to queue
[2025-12-08T07:19:17.897+0000] {logging_mixin.py:190} INFO - [2025-12-08T07:19:17.896+0000] {dagbag.py:587} INFO - Filling up the DagBag from /home/airflow/.local/lib/python3.12/site-packages/airflow/example_dags/example_nested_branch_dag.py
[2025-12-08T07:19:17.920+0000] {processor.py:925} INFO - DAG(s) 'example_nested_branch_dag' retrieved from /home/airflow/.local/lib/python3.12/site-packages/airflow/example_dags/example_nested_branch_dag.py
[2025-12-08T07:19:17.963+0000] {logging_mixin.py:190} INFO - [2025-12-08T07:19:17.963+0000] {dag.py:3211} INFO - Sync 1 DAGs
[2025-12-08T07:19:18.001+0000] {logging_mixin.py:190} INFO - [2025-12-08T07:19:18.000+0000] {dag.py:4138} INFO - Setting next_dagrun for example_nested_branch_dag to 2025-12-07 00:00:00+00:00, run_after=2025-12-08 00:00:00+00:00
[2025-12-08T07:19:18.033+0000] {processor.py:208} INFO - Processing /home/airflow/.local/lib/python3.12/site-packages/airflow/example_dags/example_nested_branch_dag.py took 0.152 seconds
[2025-12-08T07:19:48.693+0000] {processor.py:186} INFO - Started process (PID=1582) to work on /home/airflow/.local/lib/python3.12/site-packages/airflow/example_dags/example_nested_branch_dag.py
[2025-12-08T07:19:48.696+0000] {processor.py:914} INFO - Processing file /home/airflow/.local/lib/python3.12/site-packages/airflow/example_dags/example_nested_branch_dag.py for tasks to queue
[2025-12-08T07:19:48.701+0000] {logging_mixin.py:190} INFO - [2025-12-08T07:19:48.701+0000] {dagbag.py:587} INFO - Filling up the DagBag from /home/airflow/.local/lib/python3.12/site-packages/airflow/example_dags/example_nested_branch_dag.py
[2025-12-08T07:19:48.721+0000] {processor.py:925} INFO - DAG(s) 'example_nested_branch_dag' retrieved from /home/airflow/.local/lib/python3.12/site-packages/airflow/example_dags/example_nested_branch_dag.py
[2025-12-08T07:19:48.767+0000] {logging_mixin.py:190} INFO - [2025-12-08T07:19:48.766+0000] {dag.py:3211} INFO - Sync 1 DAGs
[2025-12-08T07:19:48.812+0000] {logging_mixin.py:190} INFO - [2025-12-08T07:19:48.811+0000] {dag.py:4138} INFO - Setting next_dagrun for example_nested_branch_dag to 2025-12-07 00:00:00+00:00, run_after=2025-12-08 00:00:00+00:00
[2025-12-08T07:19:48.859+0000] {processor.py:208} INFO - Processing /home/airflow/.local/lib/python3.12/site-packages/airflow/example_dags/example_nested_branch_dag.py took 0.189 seconds
[2025-12-08T07:20:18.995+0000] {processor.py:186} INFO - Started process (PID=1645) to work on /home/airflow/.local/lib/python3.12/site-packages/airflow/example_dags/example_nested_branch_dag.py
[2025-12-08T07:20:18.996+0000] {processor.py:914} INFO - Processing file /home/airflow/.local/lib/python3.12/site-packages/airflow/example_dags/example_nested_branch_dag.py for tasks to queue
[2025-12-08T07:20:19.001+0000] {logging_mixin.py:190} INFO - [2025-12-08T07:20:19.000+0000] {dagbag.py:587} INFO - Filling up the DagBag from /home/airflow/.local/lib/python3.12/site-packages/airflow/example_dags/example_nested_branch_dag.py
[2025-12-08T07:20:19.024+0000] {processor.py:925} INFO - DAG(s) 'example_nested_branch_dag' retrieved from /home/airflow/.local/lib/python3.12/site-packages/airflow/example_dags/example_nested_branch_dag.py
[2025-12-08T07:20:19.070+0000] {logging_mixin.py:190} INFO - [2025-12-08T07:20:19.069+0000] {dag.py:3211} INFO - Sync 1 DAGs
[2025-12-08T07:20:19.106+0000] {logging_mixin.py:190} INFO - [2025-12-08T07:20:19.105+0000] {dag.py:4138} INFO - Setting next_dagrun for example_nested_branch_dag to 2025-12-07 00:00:00+00:00, run_after=2025-12-08 00:00:00+00:00
[2025-12-08T07:20:19.143+0000] {processor.py:208} INFO - Processing /home/airflow/.local/lib/python3.12/site-packages/airflow/example_dags/example_nested_branch_dag.py took 0.158 seconds
[2025-12-08T07:20:50.396+0000] {processor.py:186} INFO - Started process (PID=1707) to work on /home/airflow/.local/lib/python3.12/site-packages/airflow/example_dags/example_nested_branch_dag.py
[2025-12-08T07:20:50.398+0000] {processor.py:914} INFO - Processing file /home/airflow/.local/lib/python3.12/site-packages/airflow/example_dags/example_nested_branch_dag.py for tasks to queue
[2025-12-08T07:20:50.403+0000] {logging_mixin.py:190} INFO - [2025-12-08T07:20:50.402+0000] {dagbag.py:587} INFO - Filling up the DagBag from /home/airflow/.local/lib/python3.12/site-packages/airflow/example_dags/example_nested_branch_dag.py
[2025-12-08T07:20:50.429+0000] {processor.py:925} INFO - DAG(s) 'example_nested_branch_dag' retrieved from /home/airflow/.local/lib/python3.12/site-packages/airflow/example_dags/example_nested_branch_dag.py
[2025-12-08T07:20:50.470+0000] {logging_mixin.py:190} INFO - [2025-12-08T07:20:50.470+0000] {dag.py:3211} INFO - Sync 1 DAGs
[2025-12-08T07:20:50.516+0000] {logging_mixin.py:190} INFO - [2025-12-08T07:20:50.515+0000] {dag.py:4138} INFO - Setting next_dagrun for example_nested_branch_dag to 2025-12-07 00:00:00+00:00, run_after=2025-12-08 00:00:00+00:00
[2025-12-08T07:20:50.561+0000] {processor.py:208} INFO - Processing /home/airflow/.local/lib/python3.12/site-packages/airflow/example_dags/example_nested_branch_dag.py took 0.177 seconds
[2025-12-08T07:21:21.309+0000] {processor.py:186} INFO - Started process (PID=1769) to work on /home/airflow/.local/lib/python3.12/site-packages/airflow/example_dags/example_nested_branch_dag.py
[2025-12-08T07:21:21.312+0000] {processor.py:914} INFO - Processing file /home/airflow/.local/lib/python3.12/site-packages/airflow/example_dags/example_nested_branch_dag.py for tasks to queue
[2025-12-08T07:21:21.317+0000] {logging_mixin.py:190} INFO - [2025-12-08T07:21:21.316+0000] {dagbag.py:587} INFO - Filling up the DagBag from /home/airflow/.local/lib/python3.12/site-packages/airflow/example_dags/example_nested_branch_dag.py
[2025-12-08T07:21:21.338+0000] {processor.py:925} INFO - DAG(s) 'example_nested_branch_dag' retrieved from /home/airflow/.local/lib/python3.12/site-packages/airflow/example_dags/example_nested_branch_dag.py
[2025-12-08T07:21:21.393+0000] {logging_mixin.py:190} INFO - [2025-12-08T07:21:21.392+0000] {dag.py:3211} INFO - Sync 1 DAGs
[2025-12-08T07:21:21.462+0000] {logging_mixin.py:190} INFO - [2025-12-08T07:21:21.461+0000] {dag.py:4138} INFO - Setting next_dagrun for example_nested_branch_dag to 2025-12-07 00:00:00+00:00, run_after=2025-12-08 00:00:00+00:00
[2025-12-08T07:21:21.523+0000] {processor.py:208} INFO - Processing /home/airflow/.local/lib/python3.12/site-packages/airflow/example_dags/example_nested_branch_dag.py took 0.228 seconds
[2025-12-08T07:21:52.670+0000] {processor.py:186} INFO - Started process (PID=1831) to work on /home/airflow/.local/lib/python3.12/site-packages/airflow/example_dags/example_nested_branch_dag.py
[2025-12-08T07:21:52.674+0000] {processor.py:914} INFO - Processing file /home/airflow/.local/lib/python3.12/site-packages/airflow/example_dags/example_nested_branch_dag.py for tasks to queue
[2025-12-08T07:21:52.681+0000] {logging_mixin.py:190} INFO - [2025-12-08T07:21:52.680+0000] {dagbag.py:587} INFO - Filling up the DagBag from /home/airflow/.local/lib/python3.12/site-packages/airflow/example_dags/example_nested_branch_dag.py
[2025-12-08T07:21:52.723+0000] {processor.py:925} INFO - DAG(s) 'example_nested_branch_dag' retrieved from /home/airflow/.local/lib/python3.12/site-packages/airflow/example_dags/example_nested_branch_dag.py
[2025-12-08T07:21:52.787+0000] {logging_mixin.py:190} INFO - [2025-12-08T07:21:52.785+0000] {dag.py:3211} INFO - Sync 1 DAGs
[2025-12-08T07:21:52.842+0000] {logging_mixin.py:190} INFO - [2025-12-08T07:21:52.841+0000] {dag.py:4138} INFO - Setting next_dagrun for example_nested_branch_dag to 2025-12-07 00:00:00+00:00, run_after=2025-12-08 00:00:00+00:00
[2025-12-08T07:21:52.899+0000] {processor.py:208} INFO - Processing /home/airflow/.local/lib/python3.12/site-packages/airflow/example_dags/example_nested_branch_dag.py took 0.247 seconds
[2025-12-08T07:22:23.316+0000] {processor.py:186} INFO - Started process (PID=1893) to work on /home/airflow/.local/lib/python3.12/site-packages/airflow/example_dags/example_nested_branch_dag.py
[2025-12-08T07:22:23.319+0000] {processor.py:914} INFO - Processing file /home/airflow/.local/lib/python3.12/site-packages/airflow/example_dags/example_nested_branch_dag.py for tasks to queue
[2025-12-08T07:22:23.324+0000] {logging_mixin.py:190} INFO - [2025-12-08T07:22:23.324+0000] {dagbag.py:587} INFO - Filling up the DagBag from /home/airflow/.local/lib/python3.12/site-packages/airflow/example_dags/example_nested_branch_dag.py
[2025-12-08T07:22:23.347+0000] {processor.py:925} INFO - DAG(s) 'example_nested_branch_dag' retrieved from /home/airflow/.local/lib/python3.12/site-packages/airflow/example_dags/example_nested_branch_dag.py
[2025-12-08T07:22:23.393+0000] {logging_mixin.py:190} INFO - [2025-12-08T07:22:23.393+0000] {dag.py:3211} INFO - Sync 1 DAGs
[2025-12-08T07:22:23.460+0000] {logging_mixin.py:190} INFO - [2025-12-08T07:22:23.460+0000] {dag.py:4138} INFO - Setting next_dagrun for example_nested_branch_dag to 2025-12-07 00:00:00+00:00, run_after=2025-12-08 00:00:00+00:00
[2025-12-08T07:22:23.532+0000] {processor.py:208} INFO - Processing /home/airflow/.local/lib/python3.12/site-packages/airflow/example_dags/example_nested_branch_dag.py took 0.231 seconds
[2025-12-08T07:22:53.632+0000] {processor.py:186} INFO - Started process (PID=1954) to work on /home/airflow/.local/lib/python3.12/site-packages/airflow/example_dags/example_nested_branch_dag.py
[2025-12-08T07:22:53.637+0000] {processor.py:914} INFO - Processing file /home/airflow/.local/lib/python3.12/site-packages/airflow/example_dags/example_nested_branch_dag.py for tasks to queue
[2025-12-08T07:22:53.642+0000] {logging_mixin.py:190} INFO - [2025-12-08T07:22:53.642+0000] {dagbag.py:587} INFO - Filling up the DagBag from /home/airflow/.local/lib/python3.12/site-packages/airflow/example_dags/example_nested_branch_dag.py
[2025-12-08T07:22:53.663+0000] {processor.py:925} INFO - DAG(s) 'example_nested_branch_dag' retrieved from /home/airflow/.local/lib/python3.12/site-packages/airflow/example_dags/example_nested_branch_dag.py
[2025-12-08T07:22:53.700+0000] {logging_mixin.py:190} INFO - [2025-12-08T07:22:53.699+0000] {dag.py:3211} INFO - Sync 1 DAGs
[2025-12-08T07:22:53.746+0000] {logging_mixin.py:190} INFO - [2025-12-08T07:22:53.746+0000] {dag.py:4138} INFO - Setting next_dagrun for example_nested_branch_dag to 2025-12-07 00:00:00+00:00, run_after=2025-12-08 00:00:00+00:00
[2025-12-08T07:22:53.785+0000] {processor.py:208} INFO - Processing /home/airflow/.local/lib/python3.12/site-packages/airflow/example_dags/example_nested_branch_dag.py took 0.165 seconds
[2025-12-08T07:23:24.084+0000] {processor.py:186} INFO - Started process (PID=2016) to work on /home/airflow/.local/lib/python3.12/site-packages/airflow/example_dags/example_nested_branch_dag.py
[2025-12-08T07:23:24.087+0000] {processor.py:914} INFO - Processing file /home/airflow/.local/lib/python3.12/site-packages/airflow/example_dags/example_nested_branch_dag.py for tasks to queue
[2025-12-08T07:23:24.092+0000] {logging_mixin.py:190} INFO - [2025-12-08T07:23:24.092+0000] {dagbag.py:587} INFO - Filling up the DagBag from /home/airflow/.local/lib/python3.12/site-packages/airflow/example_dags/example_nested_branch_dag.py
[2025-12-08T07:23:24.109+0000] {processor.py:925} INFO - DAG(s) 'example_nested_branch_dag' retrieved from /home/airflow/.local/lib/python3.12/site-packages/airflow/example_dags/example_nested_branch_dag.py
[2025-12-08T07:23:24.142+0000] {logging_mixin.py:190} INFO - [2025-12-08T07:23:24.142+0000] {dag.py:3211} INFO - Sync 1 DAGs
[2025-12-08T07:23:24.188+0000] {logging_mixin.py:190} INFO - [2025-12-08T07:23:24.187+0000] {dag.py:4138} INFO - Setting next_dagrun for example_nested_branch_dag to 2025-12-07 00:00:00+00:00, run_after=2025-12-08 00:00:00+00:00
[2025-12-08T07:23:24.226+0000] {processor.py:208} INFO - Processing /home/airflow/.local/lib/python3.12/site-packages/airflow/example_dags/example_nested_branch_dag.py took 0.152 seconds
[2025-12-08T07:23:54.794+0000] {processor.py:186} INFO - Started process (PID=2078) to work on /home/airflow/.local/lib/python3.12/site-packages/airflow/example_dags/example_nested_branch_dag.py
[2025-12-08T07:23:54.797+0000] {processor.py:914} INFO - Processing file /home/airflow/.local/lib/python3.12/site-packages/airflow/example_dags/example_nested_branch_dag.py for tasks to queue
[2025-12-08T07:23:54.803+0000] {logging_mixin.py:190} INFO - [2025-12-08T07:23:54.802+0000] {dagbag.py:587} INFO - Filling up the DagBag from /home/airflow/.local/lib/python3.12/site-packages/airflow/example_dags/example_nested_branch_dag.py
[2025-12-08T07:23:54.841+0000] {processor.py:925} INFO - DAG(s) 'example_nested_branch_dag' retrieved from /home/airflow/.local/lib/python3.12/site-packages/airflow/example_dags/example_nested_branch_dag.py
[2025-12-08T07:23:54.918+0000] {logging_mixin.py:190} INFO - [2025-12-08T07:23:54.917+0000] {dag.py:3211} INFO - Sync 1 DAGs
[2025-12-08T07:23:55.016+0000] {logging_mixin.py:190} INFO - [2025-12-08T07:23:55.015+0000] {dag.py:4138} INFO - Setting next_dagrun for example_nested_branch_dag to 2025-12-07 00:00:00+00:00, run_after=2025-12-08 00:00:00+00:00
[2025-12-08T07:23:55.126+0000] {processor.py:208} INFO - Processing /home/airflow/.local/lib/python3.12/site-packages/airflow/example_dags/example_nested_branch_dag.py took 0.350 seconds
[2025-12-08T07:24:25.578+0000] {processor.py:186} INFO - Started process (PID=2140) to work on /home/airflow/.local/lib/python3.12/site-packages/airflow/example_dags/example_nested_branch_dag.py
[2025-12-08T07:24:25.580+0000] {processor.py:914} INFO - Processing file /home/airflow/.local/lib/python3.12/site-packages/airflow/example_dags/example_nested_branch_dag.py for tasks to queue
[2025-12-08T07:24:25.586+0000] {logging_mixin.py:190} INFO - [2025-12-08T07:24:25.585+0000] {dagbag.py:587} INFO - Filling up the DagBag from /home/airflow/.local/lib/python3.12/site-packages/airflow/example_dags/example_nested_branch_dag.py
[2025-12-08T07:24:25.614+0000] {processor.py:925} INFO - DAG(s) 'example_nested_branch_dag' retrieved from /home/airflow/.local/lib/python3.12/site-packages/airflow/example_dags/example_nested_branch_dag.py
[2025-12-08T07:24:25.678+0000] {logging_mixin.py:190} INFO - [2025-12-08T07:24:25.677+0000] {dag.py:3211} INFO - Sync 1 DAGs
[2025-12-08T07:24:25.747+0000] {logging_mixin.py:190} INFO - [2025-12-08T07:24:25.746+0000] {dag.py:4138} INFO - Setting next_dagrun for example_nested_branch_dag to 2025-12-07 00:00:00+00:00, run_after=2025-12-08 00:00:00+00:00
[2025-12-08T07:24:25.796+0000] {processor.py:208} INFO - Processing /home/airflow/.local/lib/python3.12/site-packages/airflow/example_dags/example_nested_branch_dag.py took 0.239 seconds
[2025-12-08T07:26:38.006+0000] {processor.py:186} INFO - Started process (PID=91) to work on /home/airflow/.local/lib/python3.12/site-packages/airflow/example_dags/example_nested_branch_dag.py
[2025-12-08T07:26:38.009+0000] {processor.py:914} INFO - Processing file /home/airflow/.local/lib/python3.12/site-packages/airflow/example_dags/example_nested_branch_dag.py for tasks to queue
[2025-12-08T07:26:38.017+0000] {logging_mixin.py:190} INFO - [2025-12-08T07:26:38.016+0000] {dagbag.py:587} INFO - Filling up the DagBag from /home/airflow/.local/lib/python3.12/site-packages/airflow/example_dags/example_nested_branch_dag.py
[2025-12-08T07:26:38.041+0000] {processor.py:925} INFO - DAG(s) 'example_nested_branch_dag' retrieved from /home/airflow/.local/lib/python3.12/site-packages/airflow/example_dags/example_nested_branch_dag.py
[2025-12-08T07:26:38.096+0000] {logging_mixin.py:190} INFO - [2025-12-08T07:26:38.095+0000] {dag.py:3211} INFO - Sync 1 DAGs
[2025-12-08T07:26:38.148+0000] {logging_mixin.py:190} INFO - [2025-12-08T07:26:38.147+0000] {dag.py:4138} INFO - Setting next_dagrun for example_nested_branch_dag to 2025-12-07 00:00:00+00:00, run_after=2025-12-08 00:00:00+00:00
[2025-12-08T07:26:38.192+0000] {processor.py:208} INFO - Processing /home/airflow/.local/lib/python3.12/site-packages/airflow/example_dags/example_nested_branch_dag.py took 0.196 seconds
[2025-12-08T07:27:08.489+0000] {processor.py:186} INFO - Started process (PID=154) to work on /home/airflow/.local/lib/python3.12/site-packages/airflow/example_dags/example_nested_branch_dag.py
[2025-12-08T07:27:08.492+0000] {processor.py:914} INFO - Processing file /home/airflow/.local/lib/python3.12/site-packages/airflow/example_dags/example_nested_branch_dag.py for tasks to queue
[2025-12-08T07:27:08.498+0000] {logging_mixin.py:190} INFO - [2025-12-08T07:27:08.497+0000] {dagbag.py:587} INFO - Filling up the DagBag from /home/airflow/.local/lib/python3.12/site-packages/airflow/example_dags/example_nested_branch_dag.py
[2025-12-08T07:27:08.527+0000] {processor.py:925} INFO - DAG(s) 'example_nested_branch_dag' retrieved from /home/airflow/.local/lib/python3.12/site-packages/airflow/example_dags/example_nested_branch_dag.py
[2025-12-08T07:27:08.599+0000] {logging_mixin.py:190} INFO - [2025-12-08T07:27:08.599+0000] {dag.py:3211} INFO - Sync 1 DAGs
[2025-12-08T07:27:08.674+0000] {logging_mixin.py:190} INFO - [2025-12-08T07:27:08.673+0000] {dag.py:4138} INFO - Setting next_dagrun for example_nested_branch_dag to 2025-12-07 00:00:00+00:00, run_after=2025-12-08 00:00:00+00:00
[2025-12-08T07:27:08.728+0000] {processor.py:208} INFO - Processing /home/airflow/.local/lib/python3.12/site-packages/airflow/example_dags/example_nested_branch_dag.py took 0.250 seconds
[2025-12-08T07:27:39.052+0000] {processor.py:186} INFO - Started process (PID=217) to work on /home/airflow/.local/lib/python3.12/site-packages/airflow/example_dags/example_nested_branch_dag.py
[2025-12-08T07:27:39.054+0000] {processor.py:914} INFO - Processing file /home/airflow/.local/lib/python3.12/site-packages/airflow/example_dags/example_nested_branch_dag.py for tasks to queue
[2025-12-08T07:27:39.061+0000] {logging_mixin.py:190} INFO - [2025-12-08T07:27:39.060+0000] {dagbag.py:587} INFO - Filling up the DagBag from /home/airflow/.local/lib/python3.12/site-packages/airflow/example_dags/example_nested_branch_dag.py
[2025-12-08T07:27:39.080+0000] {processor.py:925} INFO - DAG(s) 'example_nested_branch_dag' retrieved from /home/airflow/.local/lib/python3.12/site-packages/airflow/example_dags/example_nested_branch_dag.py
[2025-12-08T07:27:39.117+0000] {logging_mixin.py:190} INFO - [2025-12-08T07:27:39.116+0000] {dag.py:3211} INFO - Sync 1 DAGs
[2025-12-08T07:27:39.153+0000] {logging_mixin.py:190} INFO - [2025-12-08T07:27:39.153+0000] {dag.py:4138} INFO - Setting next_dagrun for example_nested_branch_dag to 2025-12-07 00:00:00+00:00, run_after=2025-12-08 00:00:00+00:00
[2025-12-08T07:27:39.190+0000] {processor.py:208} INFO - Processing /home/airflow/.local/lib/python3.12/site-packages/airflow/example_dags/example_nested_branch_dag.py took 0.149 seconds
[2025-12-08T07:28:09.512+0000] {processor.py:186} INFO - Started process (PID=292) to work on /home/airflow/.local/lib/python3.12/site-packages/airflow/example_dags/example_nested_branch_dag.py
[2025-12-08T07:28:09.515+0000] {processor.py:914} INFO - Processing file /home/airflow/.local/lib/python3.12/site-packages/airflow/example_dags/example_nested_branch_dag.py for tasks to queue
[2025-12-08T07:28:09.521+0000] {logging_mixin.py:190} INFO - [2025-12-08T07:28:09.520+0000] {dagbag.py:587} INFO - Filling up the DagBag from /home/airflow/.local/lib/python3.12/site-packages/airflow/example_dags/example_nested_branch_dag.py
[2025-12-08T07:28:09.549+0000] {processor.py:925} INFO - DAG(s) 'example_nested_branch_dag' retrieved from /home/airflow/.local/lib/python3.12/site-packages/airflow/example_dags/example_nested_branch_dag.py
[2025-12-08T07:28:09.603+0000] {logging_mixin.py:190} INFO - [2025-12-08T07:28:09.602+0000] {dag.py:3211} INFO - Sync 1 DAGs
[2025-12-08T07:28:09.650+0000] {logging_mixin.py:190} INFO - [2025-12-08T07:28:09.649+0000] {dag.py:4138} INFO - Setting next_dagrun for example_nested_branch_dag to 2025-12-07 00:00:00+00:00, run_after=2025-12-08 00:00:00+00:00
[2025-12-08T07:28:09.694+0000] {processor.py:208} INFO - Processing /home/airflow/.local/lib/python3.12/site-packages/airflow/example_dags/example_nested_branch_dag.py took 0.194 seconds
[2025-12-08T07:28:41.624+0000] {processor.py:186} INFO - Started process (PID=355) to work on /home/airflow/.local/lib/python3.12/site-packages/airflow/example_dags/example_nested_branch_dag.py
[2025-12-08T07:28:41.627+0000] {processor.py:914} INFO - Processing file /home/airflow/.local/lib/python3.12/site-packages/airflow/example_dags/example_nested_branch_dag.py for tasks to queue
[2025-12-08T07:28:41.641+0000] {logging_mixin.py:190} INFO - [2025-12-08T07:28:41.640+0000] {dagbag.py:587} INFO - Filling up the DagBag from /home/airflow/.local/lib/python3.12/site-packages/airflow/example_dags/example_nested_branch_dag.py
[2025-12-08T07:28:41.689+0000] {processor.py:925} INFO - DAG(s) 'example_nested_branch_dag' retrieved from /home/airflow/.local/lib/python3.12/site-packages/airflow/example_dags/example_nested_branch_dag.py
[2025-12-08T07:28:41.757+0000] {logging_mixin.py:190} INFO - [2025-12-08T07:28:41.756+0000] {dag.py:3211} INFO - Sync 1 DAGs
[2025-12-08T07:28:41.879+0000] {logging_mixin.py:190} INFO - [2025-12-08T07:28:41.878+0000] {dag.py:4138} INFO - Setting next_dagrun for example_nested_branch_dag to 2025-12-07 00:00:00+00:00, run_after=2025-12-08 00:00:00+00:00
[2025-12-08T07:28:41.991+0000] {processor.py:208} INFO - Processing /home/airflow/.local/lib/python3.12/site-packages/airflow/example_dags/example_nested_branch_dag.py took 0.393 seconds
[2025-12-08T07:29:12.668+0000] {processor.py:186} INFO - Started process (PID=418) to work on /home/airflow/.local/lib/python3.12/site-packages/airflow/example_dags/example_nested_branch_dag.py
[2025-12-08T07:29:12.670+0000] {processor.py:914} INFO - Processing file /home/airflow/.local/lib/python3.12/site-packages/airflow/example_dags/example_nested_branch_dag.py for tasks to queue
[2025-12-08T07:29:12.675+0000] {logging_mixin.py:190} INFO - [2025-12-08T07:29:12.675+0000] {dagbag.py:587} INFO - Filling up the DagBag from /home/airflow/.local/lib/python3.12/site-packages/airflow/example_dags/example_nested_branch_dag.py
[2025-12-08T07:29:12.705+0000] {processor.py:925} INFO - DAG(s) 'example_nested_branch_dag' retrieved from /home/airflow/.local/lib/python3.12/site-packages/airflow/example_dags/example_nested_branch_dag.py
[2025-12-08T07:29:12.748+0000] {logging_mixin.py:190} INFO - [2025-12-08T07:29:12.747+0000] {dag.py:3211} INFO - Sync 1 DAGs
[2025-12-08T07:29:12.788+0000] {logging_mixin.py:190} INFO - [2025-12-08T07:29:12.788+0000] {dag.py:4138} INFO - Setting next_dagrun for example_nested_branch_dag to 2025-12-07 00:00:00+00:00, run_after=2025-12-08 00:00:00+00:00
[2025-12-08T07:29:12.827+0000] {processor.py:208} INFO - Processing /home/airflow/.local/lib/python3.12/site-packages/airflow/example_dags/example_nested_branch_dag.py took 0.172 seconds
[2025-12-08T07:29:42.930+0000] {processor.py:186} INFO - Started process (PID=481) to work on /home/airflow/.local/lib/python3.12/site-packages/airflow/example_dags/example_nested_branch_dag.py
[2025-12-08T07:29:42.932+0000] {processor.py:914} INFO - Processing file /home/airflow/.local/lib/python3.12/site-packages/airflow/example_dags/example_nested_branch_dag.py for tasks to queue
[2025-12-08T07:29:42.937+0000] {logging_mixin.py:190} INFO - [2025-12-08T07:29:42.936+0000] {dagbag.py:587} INFO - Filling up the DagBag from /home/airflow/.local/lib/python3.12/site-packages/airflow/example_dags/example_nested_branch_dag.py
[2025-12-08T07:29:42.957+0000] {processor.py:925} INFO - DAG(s) 'example_nested_branch_dag' retrieved from /home/airflow/.local/lib/python3.12/site-packages/airflow/example_dags/example_nested_branch_dag.py
[2025-12-08T07:29:42.993+0000] {logging_mixin.py:190} INFO - [2025-12-08T07:29:42.992+0000] {dag.py:3211} INFO - Sync 1 DAGs
[2025-12-08T07:29:43.041+0000] {logging_mixin.py:190} INFO - [2025-12-08T07:29:43.040+0000] {dag.py:4138} INFO - Setting next_dagrun for example_nested_branch_dag to 2025-12-07 00:00:00+00:00, run_after=2025-12-08 00:00:00+00:00
[2025-12-08T07:29:43.077+0000] {processor.py:208} INFO - Processing /home/airflow/.local/lib/python3.12/site-packages/airflow/example_dags/example_nested_branch_dag.py took 0.162 seconds
[2025-12-08T07:30:14.078+0000] {processor.py:186} INFO - Started process (PID=544) to work on /home/airflow/.local/lib/python3.12/site-packages/airflow/example_dags/example_nested_branch_dag.py
[2025-12-08T07:30:14.080+0000] {processor.py:914} INFO - Processing file /home/airflow/.local/lib/python3.12/site-packages/airflow/example_dags/example_nested_branch_dag.py for tasks to queue
[2025-12-08T07:30:14.087+0000] {logging_mixin.py:190} INFO - [2025-12-08T07:30:14.086+0000] {dagbag.py:587} INFO - Filling up the DagBag from /home/airflow/.local/lib/python3.12/site-packages/airflow/example_dags/example_nested_branch_dag.py
[2025-12-08T07:30:14.119+0000] {processor.py:925} INFO - DAG(s) 'example_nested_branch_dag' retrieved from /home/airflow/.local/lib/python3.12/site-packages/airflow/example_dags/example_nested_branch_dag.py
[2025-12-08T07:30:14.173+0000] {logging_mixin.py:190} INFO - [2025-12-08T07:30:14.173+0000] {dag.py:3211} INFO - Sync 1 DAGs
[2025-12-08T07:30:14.229+0000] {logging_mixin.py:190} INFO - [2025-12-08T07:30:14.228+0000] {dag.py:4138} INFO - Setting next_dagrun for example_nested_branch_dag to 2025-12-07 00:00:00+00:00, run_after=2025-12-08 00:00:00+00:00
[2025-12-08T07:30:14.273+0000] {processor.py:208} INFO - Processing /home/airflow/.local/lib/python3.12/site-packages/airflow/example_dags/example_nested_branch_dag.py took 0.223 seconds
[2025-12-08T07:30:44.618+0000] {processor.py:186} INFO - Started process (PID=607) to work on /home/airflow/.local/lib/python3.12/site-packages/airflow/example_dags/example_nested_branch_dag.py
[2025-12-08T07:30:44.620+0000] {processor.py:914} INFO - Processing file /home/airflow/.local/lib/python3.12/site-packages/airflow/example_dags/example_nested_branch_dag.py for tasks to queue
[2025-12-08T07:30:44.624+0000] {logging_mixin.py:190} INFO - [2025-12-08T07:30:44.624+0000] {dagbag.py:587} INFO - Filling up the DagBag from /home/airflow/.local/lib/python3.12/site-packages/airflow/example_dags/example_nested_branch_dag.py
[2025-12-08T07:30:44.644+0000] {processor.py:925} INFO - DAG(s) 'example_nested_branch_dag' retrieved from /home/airflow/.local/lib/python3.12/site-packages/airflow/example_dags/example_nested_branch_dag.py
[2025-12-08T07:30:44.689+0000] {logging_mixin.py:190} INFO - [2025-12-08T07:30:44.688+0000] {dag.py:3211} INFO - Sync 1 DAGs
[2025-12-08T07:30:44.746+0000] {logging_mixin.py:190} INFO - [2025-12-08T07:30:44.745+0000] {dag.py:4138} INFO - Setting next_dagrun for example_nested_branch_dag to 2025-12-07 00:00:00+00:00, run_after=2025-12-08 00:00:00+00:00
[2025-12-08T07:30:44.796+0000] {processor.py:208} INFO - Processing /home/airflow/.local/lib/python3.12/site-packages/airflow/example_dags/example_nested_branch_dag.py took 0.187 seconds
[2025-12-08T07:31:15.772+0000] {processor.py:186} INFO - Started process (PID=670) to work on /home/airflow/.local/lib/python3.12/site-packages/airflow/example_dags/example_nested_branch_dag.py
[2025-12-08T07:31:15.774+0000] {processor.py:914} INFO - Processing file /home/airflow/.local/lib/python3.12/site-packages/airflow/example_dags/example_nested_branch_dag.py for tasks to queue
[2025-12-08T07:31:15.781+0000] {logging_mixin.py:190} INFO - [2025-12-08T07:31:15.780+0000] {dagbag.py:587} INFO - Filling up the DagBag from /home/airflow/.local/lib/python3.12/site-packages/airflow/example_dags/example_nested_branch_dag.py
[2025-12-08T07:31:15.824+0000] {processor.py:925} INFO - DAG(s) 'example_nested_branch_dag' retrieved from /home/airflow/.local/lib/python3.12/site-packages/airflow/example_dags/example_nested_branch_dag.py
[2025-12-08T07:31:15.877+0000] {logging_mixin.py:190} INFO - [2025-12-08T07:31:15.876+0000] {dag.py:3211} INFO - Sync 1 DAGs
[2025-12-08T07:31:15.937+0000] {logging_mixin.py:190} INFO - [2025-12-08T07:31:15.936+0000] {dag.py:4138} INFO - Setting next_dagrun for example_nested_branch_dag to 2025-12-07 00:00:00+00:00, run_after=2025-12-08 00:00:00+00:00
[2025-12-08T07:31:15.999+0000] {processor.py:208} INFO - Processing /home/airflow/.local/lib/python3.12/site-packages/airflow/example_dags/example_nested_branch_dag.py took 0.242 seconds
[2025-12-08T07:31:46.932+0000] {processor.py:186} INFO - Started process (PID=733) to work on /home/airflow/.local/lib/python3.12/site-packages/airflow/example_dags/example_nested_branch_dag.py
[2025-12-08T07:31:46.935+0000] {processor.py:914} INFO - Processing file /home/airflow/.local/lib/python3.12/site-packages/airflow/example_dags/example_nested_branch_dag.py for tasks to queue
[2025-12-08T07:31:46.940+0000] {logging_mixin.py:190} INFO - [2025-12-08T07:31:46.940+0000] {dagbag.py:587} INFO - Filling up the DagBag from /home/airflow/.local/lib/python3.12/site-packages/airflow/example_dags/example_nested_branch_dag.py
[2025-12-08T07:31:46.967+0000] {processor.py:925} INFO - DAG(s) 'example_nested_branch_dag' retrieved from /home/airflow/.local/lib/python3.12/site-packages/airflow/example_dags/example_nested_branch_dag.py
[2025-12-08T07:31:47.016+0000] {logging_mixin.py:190} INFO - [2025-12-08T07:31:47.015+0000] {dag.py:3211} INFO - Sync 1 DAGs
[2025-12-08T07:31:47.061+0000] {logging_mixin.py:190} INFO - [2025-12-08T07:31:47.060+0000] {dag.py:4138} INFO - Setting next_dagrun for example_nested_branch_dag to 2025-12-07 00:00:00+00:00, run_after=2025-12-08 00:00:00+00:00
[2025-12-08T07:31:47.103+0000] {processor.py:208} INFO - Processing /home/airflow/.local/lib/python3.12/site-packages/airflow/example_dags/example_nested_branch_dag.py took 0.182 seconds
[2025-12-08T07:32:17.634+0000] {processor.py:186} INFO - Started process (PID=796) to work on /home/airflow/.local/lib/python3.12/site-packages/airflow/example_dags/example_nested_branch_dag.py
[2025-12-08T07:32:17.637+0000] {processor.py:914} INFO - Processing file /home/airflow/.local/lib/python3.12/site-packages/airflow/example_dags/example_nested_branch_dag.py for tasks to queue
[2025-12-08T07:32:17.643+0000] {logging_mixin.py:190} INFO - [2025-12-08T07:32:17.642+0000] {dagbag.py:587} INFO - Filling up the DagBag from /home/airflow/.local/lib/python3.12/site-packages/airflow/example_dags/example_nested_branch_dag.py
[2025-12-08T07:32:17.666+0000] {processor.py:925} INFO - DAG(s) 'example_nested_branch_dag' retrieved from /home/airflow/.local/lib/python3.12/site-packages/airflow/example_dags/example_nested_branch_dag.py
[2025-12-08T07:32:17.707+0000] {logging_mixin.py:190} INFO - [2025-12-08T07:32:17.707+0000] {dag.py:3211} INFO - Sync 1 DAGs
[2025-12-08T07:32:17.756+0000] {logging_mixin.py:190} INFO - [2025-12-08T07:32:17.756+0000] {dag.py:4138} INFO - Setting next_dagrun for example_nested_branch_dag to 2025-12-07 00:00:00+00:00, run_after=2025-12-08 00:00:00+00:00
[2025-12-08T07:32:17.799+0000] {processor.py:208} INFO - Processing /home/airflow/.local/lib/python3.12/site-packages/airflow/example_dags/example_nested_branch_dag.py took 0.175 seconds
[2025-12-08T07:32:48.806+0000] {processor.py:186} INFO - Started process (PID=865) to work on /home/airflow/.local/lib/python3.12/site-packages/airflow/example_dags/example_nested_branch_dag.py
[2025-12-08T07:32:48.810+0000] {processor.py:914} INFO - Processing file /home/airflow/.local/lib/python3.12/site-packages/airflow/example_dags/example_nested_branch_dag.py for tasks to queue
[2025-12-08T07:32:48.817+0000] {logging_mixin.py:190} INFO - [2025-12-08T07:32:48.816+0000] {dagbag.py:587} INFO - Filling up the DagBag from /home/airflow/.local/lib/python3.12/site-packages/airflow/example_dags/example_nested_branch_dag.py
[2025-12-08T07:32:48.847+0000] {processor.py:925} INFO - DAG(s) 'example_nested_branch_dag' retrieved from /home/airflow/.local/lib/python3.12/site-packages/airflow/example_dags/example_nested_branch_dag.py
[2025-12-08T07:32:48.916+0000] {logging_mixin.py:190} INFO - [2025-12-08T07:32:48.916+0000] {dag.py:3211} INFO - Sync 1 DAGs
[2025-12-08T07:32:48.969+0000] {logging_mixin.py:190} INFO - [2025-12-08T07:32:48.969+0000] {dag.py:4138} INFO - Setting next_dagrun for example_nested_branch_dag to 2025-12-07 00:00:00+00:00, run_after=2025-12-08 00:00:00+00:00
[2025-12-08T07:32:49.017+0000] {processor.py:208} INFO - Processing /home/airflow/.local/lib/python3.12/site-packages/airflow/example_dags/example_nested_branch_dag.py took 0.233 seconds
[2025-12-08T07:33:19.367+0000] {processor.py:186} INFO - Started process (PID=928) to work on /home/airflow/.local/lib/python3.12/site-packages/airflow/example_dags/example_nested_branch_dag.py
[2025-12-08T07:33:19.380+0000] {processor.py:914} INFO - Processing file /home/airflow/.local/lib/python3.12/site-packages/airflow/example_dags/example_nested_branch_dag.py for tasks to queue
[2025-12-08T07:33:19.389+0000] {logging_mixin.py:190} INFO - [2025-12-08T07:33:19.388+0000] {dagbag.py:587} INFO - Filling up the DagBag from /home/airflow/.local/lib/python3.12/site-packages/airflow/example_dags/example_nested_branch_dag.py
[2025-12-08T07:33:19.435+0000] {processor.py:925} INFO - DAG(s) 'example_nested_branch_dag' retrieved from /home/airflow/.local/lib/python3.12/site-packages/airflow/example_dags/example_nested_branch_dag.py
[2025-12-08T07:33:19.518+0000] {logging_mixin.py:190} INFO - [2025-12-08T07:33:19.517+0000] {dag.py:3211} INFO - Sync 1 DAGs
[2025-12-08T07:33:19.577+0000] {logging_mixin.py:190} INFO - [2025-12-08T07:33:19.577+0000] {dag.py:4138} INFO - Setting next_dagrun for example_nested_branch_dag to 2025-12-07 00:00:00+00:00, run_after=2025-12-08 00:00:00+00:00
[2025-12-08T07:33:19.617+0000] {processor.py:208} INFO - Processing /home/airflow/.local/lib/python3.12/site-packages/airflow/example_dags/example_nested_branch_dag.py took 0.271 seconds
[2025-12-08T07:33:49.920+0000] {processor.py:186} INFO - Started process (PID=991) to work on /home/airflow/.local/lib/python3.12/site-packages/airflow/example_dags/example_nested_branch_dag.py
[2025-12-08T07:33:49.922+0000] {processor.py:914} INFO - Processing file /home/airflow/.local/lib/python3.12/site-packages/airflow/example_dags/example_nested_branch_dag.py for tasks to queue
[2025-12-08T07:33:49.930+0000] {logging_mixin.py:190} INFO - [2025-12-08T07:33:49.929+0000] {dagbag.py:587} INFO - Filling up the DagBag from /home/airflow/.local/lib/python3.12/site-packages/airflow/example_dags/example_nested_branch_dag.py
[2025-12-08T07:33:49.958+0000] {processor.py:925} INFO - DAG(s) 'example_nested_branch_dag' retrieved from /home/airflow/.local/lib/python3.12/site-packages/airflow/example_dags/example_nested_branch_dag.py
[2025-12-08T07:33:50.021+0000] {logging_mixin.py:190} INFO - [2025-12-08T07:33:50.020+0000] {dag.py:3211} INFO - Sync 1 DAGs
[2025-12-08T07:33:50.083+0000] {logging_mixin.py:190} INFO - [2025-12-08T07:33:50.082+0000] {dag.py:4138} INFO - Setting next_dagrun for example_nested_branch_dag to 2025-12-07 00:00:00+00:00, run_after=2025-12-08 00:00:00+00:00
[2025-12-08T07:33:50.127+0000] {processor.py:208} INFO - Processing /home/airflow/.local/lib/python3.12/site-packages/airflow/example_dags/example_nested_branch_dag.py took 0.221 seconds
[2025-12-08T07:34:20.592+0000] {processor.py:186} INFO - Started process (PID=1054) to work on /home/airflow/.local/lib/python3.12/site-packages/airflow/example_dags/example_nested_branch_dag.py
[2025-12-08T07:34:20.594+0000] {processor.py:914} INFO - Processing file /home/airflow/.local/lib/python3.12/site-packages/airflow/example_dags/example_nested_branch_dag.py for tasks to queue
[2025-12-08T07:34:20.598+0000] {logging_mixin.py:190} INFO - [2025-12-08T07:34:20.598+0000] {dagbag.py:587} INFO - Filling up the DagBag from /home/airflow/.local/lib/python3.12/site-packages/airflow/example_dags/example_nested_branch_dag.py
[2025-12-08T07:34:20.617+0000] {processor.py:925} INFO - DAG(s) 'example_nested_branch_dag' retrieved from /home/airflow/.local/lib/python3.12/site-packages/airflow/example_dags/example_nested_branch_dag.py
[2025-12-08T07:34:20.654+0000] {logging_mixin.py:190} INFO - [2025-12-08T07:34:20.654+0000] {dag.py:3211} INFO - Sync 1 DAGs
[2025-12-08T07:34:20.705+0000] {logging_mixin.py:190} INFO - [2025-12-08T07:34:20.704+0000] {dag.py:4138} INFO - Setting next_dagrun for example_nested_branch_dag to 2025-12-07 00:00:00+00:00, run_after=2025-12-08 00:00:00+00:00
[2025-12-08T07:34:20.742+0000] {processor.py:208} INFO - Processing /home/airflow/.local/lib/python3.12/site-packages/airflow/example_dags/example_nested_branch_dag.py took 0.159 seconds
[2025-12-08T07:34:51.210+0000] {processor.py:186} INFO - Started process (PID=1118) to work on /home/airflow/.local/lib/python3.12/site-packages/airflow/example_dags/example_nested_branch_dag.py
[2025-12-08T07:34:51.213+0000] {processor.py:914} INFO - Processing file /home/airflow/.local/lib/python3.12/site-packages/airflow/example_dags/example_nested_branch_dag.py for tasks to queue
[2025-12-08T07:34:51.218+0000] {logging_mixin.py:190} INFO - [2025-12-08T07:34:51.217+0000] {dagbag.py:587} INFO - Filling up the DagBag from /home/airflow/.local/lib/python3.12/site-packages/airflow/example_dags/example_nested_branch_dag.py
[2025-12-08T07:34:51.242+0000] {processor.py:925} INFO - DAG(s) 'example_nested_branch_dag' retrieved from /home/airflow/.local/lib/python3.12/site-packages/airflow/example_dags/example_nested_branch_dag.py
[2025-12-08T07:34:51.281+0000] {logging_mixin.py:190} INFO - [2025-12-08T07:34:51.280+0000] {dag.py:3211} INFO - Sync 1 DAGs
[2025-12-08T07:34:51.329+0000] {logging_mixin.py:190} INFO - [2025-12-08T07:34:51.329+0000] {dag.py:4138} INFO - Setting next_dagrun for example_nested_branch_dag to 2025-12-07 00:00:00+00:00, run_after=2025-12-08 00:00:00+00:00
[2025-12-08T07:34:51.384+0000] {processor.py:208} INFO - Processing /home/airflow/.local/lib/python3.12/site-packages/airflow/example_dags/example_nested_branch_dag.py took 0.186 seconds
[2025-12-08T07:35:21.895+0000] {processor.py:186} INFO - Started process (PID=1182) to work on /home/airflow/.local/lib/python3.12/site-packages/airflow/example_dags/example_nested_branch_dag.py
[2025-12-08T07:35:21.899+0000] {processor.py:914} INFO - Processing file /home/airflow/.local/lib/python3.12/site-packages/airflow/example_dags/example_nested_branch_dag.py for tasks to queue
[2025-12-08T07:35:21.906+0000] {logging_mixin.py:190} INFO - [2025-12-08T07:35:21.905+0000] {dagbag.py:587} INFO - Filling up the DagBag from /home/airflow/.local/lib/python3.12/site-packages/airflow/example_dags/example_nested_branch_dag.py
[2025-12-08T07:35:21.933+0000] {processor.py:925} INFO - DAG(s) 'example_nested_branch_dag' retrieved from /home/airflow/.local/lib/python3.12/site-packages/airflow/example_dags/example_nested_branch_dag.py
[2025-12-08T07:35:21.984+0000] {logging_mixin.py:190} INFO - [2025-12-08T07:35:21.983+0000] {dag.py:3211} INFO - Sync 1 DAGs
[2025-12-08T07:35:22.036+0000] {logging_mixin.py:190} INFO - [2025-12-08T07:35:22.035+0000] {dag.py:4138} INFO - Setting next_dagrun for example_nested_branch_dag to 2025-12-07 00:00:00+00:00, run_after=2025-12-08 00:00:00+00:00
[2025-12-08T07:35:22.079+0000] {processor.py:208} INFO - Processing /home/airflow/.local/lib/python3.12/site-packages/airflow/example_dags/example_nested_branch_dag.py took 0.199 seconds
[2025-12-08T07:35:52.469+0000] {processor.py:186} INFO - Started process (PID=1245) to work on /home/airflow/.local/lib/python3.12/site-packages/airflow/example_dags/example_nested_branch_dag.py
[2025-12-08T07:35:52.473+0000] {processor.py:914} INFO - Processing file /home/airflow/.local/lib/python3.12/site-packages/airflow/example_dags/example_nested_branch_dag.py for tasks to queue
[2025-12-08T07:35:52.479+0000] {logging_mixin.py:190} INFO - [2025-12-08T07:35:52.478+0000] {dagbag.py:587} INFO - Filling up the DagBag from /home/airflow/.local/lib/python3.12/site-packages/airflow/example_dags/example_nested_branch_dag.py
[2025-12-08T07:35:52.508+0000] {processor.py:925} INFO - DAG(s) 'example_nested_branch_dag' retrieved from /home/airflow/.local/lib/python3.12/site-packages/airflow/example_dags/example_nested_branch_dag.py
[2025-12-08T07:35:52.550+0000] {logging_mixin.py:190} INFO - [2025-12-08T07:35:52.550+0000] {dag.py:3211} INFO - Sync 1 DAGs
[2025-12-08T07:35:52.599+0000] {logging_mixin.py:190} INFO - [2025-12-08T07:35:52.599+0000] {dag.py:4138} INFO - Setting next_dagrun for example_nested_branch_dag to 2025-12-07 00:00:00+00:00, run_after=2025-12-08 00:00:00+00:00
[2025-12-08T07:35:52.644+0000] {processor.py:208} INFO - Processing /home/airflow/.local/lib/python3.12/site-packages/airflow/example_dags/example_nested_branch_dag.py took 0.188 seconds
[2025-12-08T07:36:23.165+0000] {processor.py:186} INFO - Started process (PID=1308) to work on /home/airflow/.local/lib/python3.12/site-packages/airflow/example_dags/example_nested_branch_dag.py
[2025-12-08T07:36:23.167+0000] {processor.py:914} INFO - Processing file /home/airflow/.local/lib/python3.12/site-packages/airflow/example_dags/example_nested_branch_dag.py for tasks to queue
[2025-12-08T07:36:23.174+0000] {logging_mixin.py:190} INFO - [2025-12-08T07:36:23.173+0000] {dagbag.py:587} INFO - Filling up the DagBag from /home/airflow/.local/lib/python3.12/site-packages/airflow/example_dags/example_nested_branch_dag.py
[2025-12-08T07:36:23.196+0000] {processor.py:925} INFO - DAG(s) 'example_nested_branch_dag' retrieved from /home/airflow/.local/lib/python3.12/site-packages/airflow/example_dags/example_nested_branch_dag.py
[2025-12-08T07:36:23.242+0000] {logging_mixin.py:190} INFO - [2025-12-08T07:36:23.241+0000] {dag.py:3211} INFO - Sync 1 DAGs
[2025-12-08T07:36:23.283+0000] {logging_mixin.py:190} INFO - [2025-12-08T07:36:23.283+0000] {dag.py:4138} INFO - Setting next_dagrun for example_nested_branch_dag to 2025-12-07 00:00:00+00:00, run_after=2025-12-08 00:00:00+00:00
[2025-12-08T07:36:23.321+0000] {processor.py:208} INFO - Processing /home/airflow/.local/lib/python3.12/site-packages/airflow/example_dags/example_nested_branch_dag.py took 0.169 seconds
[2025-12-08T07:36:53.607+0000] {processor.py:186} INFO - Started process (PID=1371) to work on /home/airflow/.local/lib/python3.12/site-packages/airflow/example_dags/example_nested_branch_dag.py
[2025-12-08T07:36:53.610+0000] {processor.py:914} INFO - Processing file /home/airflow/.local/lib/python3.12/site-packages/airflow/example_dags/example_nested_branch_dag.py for tasks to queue
[2025-12-08T07:36:53.616+0000] {logging_mixin.py:190} INFO - [2025-12-08T07:36:53.615+0000] {dagbag.py:587} INFO - Filling up the DagBag from /home/airflow/.local/lib/python3.12/site-packages/airflow/example_dags/example_nested_branch_dag.py
[2025-12-08T07:36:53.644+0000] {processor.py:925} INFO - DAG(s) 'example_nested_branch_dag' retrieved from /home/airflow/.local/lib/python3.12/site-packages/airflow/example_dags/example_nested_branch_dag.py
[2025-12-08T07:36:53.695+0000] {logging_mixin.py:190} INFO - [2025-12-08T07:36:53.695+0000] {dag.py:3211} INFO - Sync 1 DAGs
[2025-12-08T07:36:53.749+0000] {logging_mixin.py:190} INFO - [2025-12-08T07:36:53.748+0000] {dag.py:4138} INFO - Setting next_dagrun for example_nested_branch_dag to 2025-12-07 00:00:00+00:00, run_after=2025-12-08 00:00:00+00:00
[2025-12-08T07:36:53.791+0000] {processor.py:208} INFO - Processing /home/airflow/.local/lib/python3.12/site-packages/airflow/example_dags/example_nested_branch_dag.py took 0.199 seconds
[2025-12-08T07:37:24.249+0000] {processor.py:186} INFO - Started process (PID=1434) to work on /home/airflow/.local/lib/python3.12/site-packages/airflow/example_dags/example_nested_branch_dag.py
[2025-12-08T07:37:24.252+0000] {processor.py:914} INFO - Processing file /home/airflow/.local/lib/python3.12/site-packages/airflow/example_dags/example_nested_branch_dag.py for tasks to queue
[2025-12-08T07:37:24.259+0000] {logging_mixin.py:190} INFO - [2025-12-08T07:37:24.258+0000] {dagbag.py:587} INFO - Filling up the DagBag from /home/airflow/.local/lib/python3.12/site-packages/airflow/example_dags/example_nested_branch_dag.py
[2025-12-08T07:37:24.288+0000] {processor.py:925} INFO - DAG(s) 'example_nested_branch_dag' retrieved from /home/airflow/.local/lib/python3.12/site-packages/airflow/example_dags/example_nested_branch_dag.py
[2025-12-08T07:37:24.348+0000] {logging_mixin.py:190} INFO - [2025-12-08T07:37:24.347+0000] {dag.py:3211} INFO - Sync 1 DAGs
[2025-12-08T07:37:24.395+0000] {logging_mixin.py:190} INFO - [2025-12-08T07:37:24.394+0000] {dag.py:4138} INFO - Setting next_dagrun for example_nested_branch_dag to 2025-12-07 00:00:00+00:00, run_after=2025-12-08 00:00:00+00:00
[2025-12-08T07:37:24.440+0000] {processor.py:208} INFO - Processing /home/airflow/.local/lib/python3.12/site-packages/airflow/example_dags/example_nested_branch_dag.py took 0.204 seconds
[2025-12-08T07:37:55.232+0000] {processor.py:186} INFO - Started process (PID=1498) to work on /home/airflow/.local/lib/python3.12/site-packages/airflow/example_dags/example_nested_branch_dag.py
[2025-12-08T07:37:55.235+0000] {processor.py:914} INFO - Processing file /home/airflow/.local/lib/python3.12/site-packages/airflow/example_dags/example_nested_branch_dag.py for tasks to queue
[2025-12-08T07:37:55.243+0000] {logging_mixin.py:190} INFO - [2025-12-08T07:37:55.242+0000] {dagbag.py:587} INFO - Filling up the DagBag from /home/airflow/.local/lib/python3.12/site-packages/airflow/example_dags/example_nested_branch_dag.py
[2025-12-08T07:37:55.286+0000] {processor.py:925} INFO - DAG(s) 'example_nested_branch_dag' retrieved from /home/airflow/.local/lib/python3.12/site-packages/airflow/example_dags/example_nested_branch_dag.py
[2025-12-08T07:37:55.340+0000] {logging_mixin.py:190} INFO - [2025-12-08T07:37:55.339+0000] {dag.py:3211} INFO - Sync 1 DAGs
[2025-12-08T07:37:55.394+0000] {logging_mixin.py:190} INFO - [2025-12-08T07:37:55.394+0000] {dag.py:4138} INFO - Setting next_dagrun for example_nested_branch_dag to 2025-12-07 00:00:00+00:00, run_after=2025-12-08 00:00:00+00:00
[2025-12-08T07:37:55.440+0000] {processor.py:208} INFO - Processing /home/airflow/.local/lib/python3.12/site-packages/airflow/example_dags/example_nested_branch_dag.py took 0.223 seconds
[2025-12-08T07:38:26.116+0000] {processor.py:186} INFO - Started process (PID=1561) to work on /home/airflow/.local/lib/python3.12/site-packages/airflow/example_dags/example_nested_branch_dag.py
[2025-12-08T07:38:26.119+0000] {processor.py:914} INFO - Processing file /home/airflow/.local/lib/python3.12/site-packages/airflow/example_dags/example_nested_branch_dag.py for tasks to queue
[2025-12-08T07:38:26.125+0000] {logging_mixin.py:190} INFO - [2025-12-08T07:38:26.124+0000] {dagbag.py:587} INFO - Filling up the DagBag from /home/airflow/.local/lib/python3.12/site-packages/airflow/example_dags/example_nested_branch_dag.py
[2025-12-08T07:38:26.159+0000] {processor.py:925} INFO - DAG(s) 'example_nested_branch_dag' retrieved from /home/airflow/.local/lib/python3.12/site-packages/airflow/example_dags/example_nested_branch_dag.py
[2025-12-08T07:38:26.218+0000] {logging_mixin.py:190} INFO - [2025-12-08T07:38:26.217+0000] {dag.py:3211} INFO - Sync 1 DAGs
[2025-12-08T07:38:26.282+0000] {logging_mixin.py:190} INFO - [2025-12-08T07:38:26.282+0000] {dag.py:4138} INFO - Setting next_dagrun for example_nested_branch_dag to 2025-12-07 00:00:00+00:00, run_after=2025-12-08 00:00:00+00:00
[2025-12-08T07:38:26.327+0000] {processor.py:208} INFO - Processing /home/airflow/.local/lib/python3.12/site-packages/airflow/example_dags/example_nested_branch_dag.py took 0.225 seconds
[2025-12-08T07:38:57.219+0000] {processor.py:186} INFO - Started process (PID=1625) to work on /home/airflow/.local/lib/python3.12/site-packages/airflow/example_dags/example_nested_branch_dag.py
[2025-12-08T07:38:57.222+0000] {processor.py:914} INFO - Processing file /home/airflow/.local/lib/python3.12/site-packages/airflow/example_dags/example_nested_branch_dag.py for tasks to queue
[2025-12-08T07:38:57.226+0000] {logging_mixin.py:190} INFO - [2025-12-08T07:38:57.226+0000] {dagbag.py:587} INFO - Filling up the DagBag from /home/airflow/.local/lib/python3.12/site-packages/airflow/example_dags/example_nested_branch_dag.py
[2025-12-08T07:38:57.247+0000] {processor.py:925} INFO - DAG(s) 'example_nested_branch_dag' retrieved from /home/airflow/.local/lib/python3.12/site-packages/airflow/example_dags/example_nested_branch_dag.py
[2025-12-08T07:38:57.291+0000] {logging_mixin.py:190} INFO - [2025-12-08T07:38:57.291+0000] {dag.py:3211} INFO - Sync 1 DAGs
[2025-12-08T07:38:57.339+0000] {logging_mixin.py:190} INFO - [2025-12-08T07:38:57.339+0000] {dag.py:4138} INFO - Setting next_dagrun for example_nested_branch_dag to 2025-12-07 00:00:00+00:00, run_after=2025-12-08 00:00:00+00:00
[2025-12-08T07:38:57.377+0000] {processor.py:208} INFO - Processing /home/airflow/.local/lib/python3.12/site-packages/airflow/example_dags/example_nested_branch_dag.py took 0.168 seconds
[2025-12-08T07:39:28.106+0000] {processor.py:186} INFO - Started process (PID=1688) to work on /home/airflow/.local/lib/python3.12/site-packages/airflow/example_dags/example_nested_branch_dag.py
[2025-12-08T07:39:28.108+0000] {processor.py:914} INFO - Processing file /home/airflow/.local/lib/python3.12/site-packages/airflow/example_dags/example_nested_branch_dag.py for tasks to queue
[2025-12-08T07:39:28.114+0000] {logging_mixin.py:190} INFO - [2025-12-08T07:39:28.114+0000] {dagbag.py:587} INFO - Filling up the DagBag from /home/airflow/.local/lib/python3.12/site-packages/airflow/example_dags/example_nested_branch_dag.py
[2025-12-08T07:39:28.141+0000] {processor.py:925} INFO - DAG(s) 'example_nested_branch_dag' retrieved from /home/airflow/.local/lib/python3.12/site-packages/airflow/example_dags/example_nested_branch_dag.py
[2025-12-08T07:39:28.182+0000] {logging_mixin.py:190} INFO - [2025-12-08T07:39:28.181+0000] {dag.py:3211} INFO - Sync 1 DAGs
[2025-12-08T07:39:28.222+0000] {logging_mixin.py:190} INFO - [2025-12-08T07:39:28.222+0000] {dag.py:4138} INFO - Setting next_dagrun for example_nested_branch_dag to 2025-12-07 00:00:00+00:00, run_after=2025-12-08 00:00:00+00:00
[2025-12-08T07:39:28.262+0000] {processor.py:208} INFO - Processing /home/airflow/.local/lib/python3.12/site-packages/airflow/example_dags/example_nested_branch_dag.py took 0.167 seconds
[2025-12-08T07:39:59.991+0000] {processor.py:186} INFO - Started process (PID=1751) to work on /home/airflow/.local/lib/python3.12/site-packages/airflow/example_dags/example_nested_branch_dag.py
[2025-12-08T07:39:59.994+0000] {processor.py:914} INFO - Processing file /home/airflow/.local/lib/python3.12/site-packages/airflow/example_dags/example_nested_branch_dag.py for tasks to queue
[2025-12-08T07:39:59.999+0000] {logging_mixin.py:190} INFO - [2025-12-08T07:39:59.999+0000] {dagbag.py:587} INFO - Filling up the DagBag from /home/airflow/.local/lib/python3.12/site-packages/airflow/example_dags/example_nested_branch_dag.py
[2025-12-08T07:40:00.025+0000] {processor.py:925} INFO - DAG(s) 'example_nested_branch_dag' retrieved from /home/airflow/.local/lib/python3.12/site-packages/airflow/example_dags/example_nested_branch_dag.py
[2025-12-08T07:40:00.074+0000] {logging_mixin.py:190} INFO - [2025-12-08T07:40:00.073+0000] {dag.py:3211} INFO - Sync 1 DAGs
[2025-12-08T07:40:00.130+0000] {logging_mixin.py:190} INFO - [2025-12-08T07:40:00.129+0000] {dag.py:4138} INFO - Setting next_dagrun for example_nested_branch_dag to 2025-12-07 00:00:00+00:00, run_after=2025-12-08 00:00:00+00:00
[2025-12-08T07:40:00.180+0000] {processor.py:208} INFO - Processing /home/airflow/.local/lib/python3.12/site-packages/airflow/example_dags/example_nested_branch_dag.py took 0.200 seconds
[2025-12-08T07:40:30.977+0000] {processor.py:186} INFO - Started process (PID=1814) to work on /home/airflow/.local/lib/python3.12/site-packages/airflow/example_dags/example_nested_branch_dag.py
[2025-12-08T07:40:30.980+0000] {processor.py:914} INFO - Processing file /home/airflow/.local/lib/python3.12/site-packages/airflow/example_dags/example_nested_branch_dag.py for tasks to queue
[2025-12-08T07:40:30.988+0000] {logging_mixin.py:190} INFO - [2025-12-08T07:40:30.987+0000] {dagbag.py:587} INFO - Filling up the DagBag from /home/airflow/.local/lib/python3.12/site-packages/airflow/example_dags/example_nested_branch_dag.py
[2025-12-08T07:40:31.020+0000] {processor.py:925} INFO - DAG(s) 'example_nested_branch_dag' retrieved from /home/airflow/.local/lib/python3.12/site-packages/airflow/example_dags/example_nested_branch_dag.py
[2025-12-08T07:40:31.080+0000] {logging_mixin.py:190} INFO - [2025-12-08T07:40:31.079+0000] {dag.py:3211} INFO - Sync 1 DAGs
[2025-12-08T07:40:31.138+0000] {logging_mixin.py:190} INFO - [2025-12-08T07:40:31.138+0000] {dag.py:4138} INFO - Setting next_dagrun for example_nested_branch_dag to 2025-12-07 00:00:00+00:00, run_after=2025-12-08 00:00:00+00:00
[2025-12-08T07:40:31.183+0000] {processor.py:208} INFO - Processing /home/airflow/.local/lib/python3.12/site-packages/airflow/example_dags/example_nested_branch_dag.py took 0.221 seconds
[2025-12-08T07:41:01.448+0000] {processor.py:186} INFO - Started process (PID=1876) to work on /home/airflow/.local/lib/python3.12/site-packages/airflow/example_dags/example_nested_branch_dag.py
[2025-12-08T07:41:01.451+0000] {processor.py:914} INFO - Processing file /home/airflow/.local/lib/python3.12/site-packages/airflow/example_dags/example_nested_branch_dag.py for tasks to queue
[2025-12-08T07:41:01.458+0000] {logging_mixin.py:190} INFO - [2025-12-08T07:41:01.457+0000] {dagbag.py:587} INFO - Filling up the DagBag from /home/airflow/.local/lib/python3.12/site-packages/airflow/example_dags/example_nested_branch_dag.py
[2025-12-08T07:41:01.477+0000] {processor.py:925} INFO - DAG(s) 'example_nested_branch_dag' retrieved from /home/airflow/.local/lib/python3.12/site-packages/airflow/example_dags/example_nested_branch_dag.py
[2025-12-08T07:41:01.527+0000] {logging_mixin.py:190} INFO - [2025-12-08T07:41:01.526+0000] {dag.py:3211} INFO - Sync 1 DAGs
[2025-12-08T07:41:01.577+0000] {logging_mixin.py:190} INFO - [2025-12-08T07:41:01.577+0000] {dag.py:4138} INFO - Setting next_dagrun for example_nested_branch_dag to 2025-12-07 00:00:00+00:00, run_after=2025-12-08 00:00:00+00:00
[2025-12-08T07:41:01.620+0000] {processor.py:208} INFO - Processing /home/airflow/.local/lib/python3.12/site-packages/airflow/example_dags/example_nested_branch_dag.py took 0.181 seconds
[2025-12-08T07:41:32.122+0000] {processor.py:186} INFO - Started process (PID=1939) to work on /home/airflow/.local/lib/python3.12/site-packages/airflow/example_dags/example_nested_branch_dag.py
[2025-12-08T07:41:32.124+0000] {processor.py:914} INFO - Processing file /home/airflow/.local/lib/python3.12/site-packages/airflow/example_dags/example_nested_branch_dag.py for tasks to queue
[2025-12-08T07:41:32.129+0000] {logging_mixin.py:190} INFO - [2025-12-08T07:41:32.128+0000] {dagbag.py:587} INFO - Filling up the DagBag from /home/airflow/.local/lib/python3.12/site-packages/airflow/example_dags/example_nested_branch_dag.py
[2025-12-08T07:41:32.153+0000] {processor.py:925} INFO - DAG(s) 'example_nested_branch_dag' retrieved from /home/airflow/.local/lib/python3.12/site-packages/airflow/example_dags/example_nested_branch_dag.py
[2025-12-08T07:41:32.196+0000] {logging_mixin.py:190} INFO - [2025-12-08T07:41:32.195+0000] {dag.py:3211} INFO - Sync 1 DAGs
[2025-12-08T07:41:32.237+0000] {logging_mixin.py:190} INFO - [2025-12-08T07:41:32.237+0000] {dag.py:4138} INFO - Setting next_dagrun for example_nested_branch_dag to 2025-12-07 00:00:00+00:00, run_after=2025-12-08 00:00:00+00:00
[2025-12-08T07:41:32.284+0000] {processor.py:208} INFO - Processing /home/airflow/.local/lib/python3.12/site-packages/airflow/example_dags/example_nested_branch_dag.py took 0.180 seconds
[2025-12-08T07:42:02.528+0000] {processor.py:186} INFO - Started process (PID=2001) to work on /home/airflow/.local/lib/python3.12/site-packages/airflow/example_dags/example_nested_branch_dag.py
[2025-12-08T07:42:02.530+0000] {processor.py:914} INFO - Processing file /home/airflow/.local/lib/python3.12/site-packages/airflow/example_dags/example_nested_branch_dag.py for tasks to queue
[2025-12-08T07:42:02.536+0000] {logging_mixin.py:190} INFO - [2025-12-08T07:42:02.536+0000] {dagbag.py:587} INFO - Filling up the DagBag from /home/airflow/.local/lib/python3.12/site-packages/airflow/example_dags/example_nested_branch_dag.py
[2025-12-08T07:42:02.562+0000] {processor.py:925} INFO - DAG(s) 'example_nested_branch_dag' retrieved from /home/airflow/.local/lib/python3.12/site-packages/airflow/example_dags/example_nested_branch_dag.py
[2025-12-08T07:42:02.616+0000] {logging_mixin.py:190} INFO - [2025-12-08T07:42:02.615+0000] {dag.py:3211} INFO - Sync 1 DAGs
[2025-12-08T07:42:02.668+0000] {logging_mixin.py:190} INFO - [2025-12-08T07:42:02.668+0000] {dag.py:4138} INFO - Setting next_dagrun for example_nested_branch_dag to 2025-12-07 00:00:00+00:00, run_after=2025-12-08 00:00:00+00:00
[2025-12-08T07:42:02.715+0000] {processor.py:208} INFO - Processing /home/airflow/.local/lib/python3.12/site-packages/airflow/example_dags/example_nested_branch_dag.py took 0.204 seconds
[2025-12-08T07:42:33.396+0000] {processor.py:186} INFO - Started process (PID=2065) to work on /home/airflow/.local/lib/python3.12/site-packages/airflow/example_dags/example_nested_branch_dag.py
[2025-12-08T07:42:33.399+0000] {processor.py:914} INFO - Processing file /home/airflow/.local/lib/python3.12/site-packages/airflow/example_dags/example_nested_branch_dag.py for tasks to queue
[2025-12-08T07:42:33.407+0000] {logging_mixin.py:190} INFO - [2025-12-08T07:42:33.406+0000] {dagbag.py:587} INFO - Filling up the DagBag from /home/airflow/.local/lib/python3.12/site-packages/airflow/example_dags/example_nested_branch_dag.py
[2025-12-08T07:42:33.443+0000] {processor.py:925} INFO - DAG(s) 'example_nested_branch_dag' retrieved from /home/airflow/.local/lib/python3.12/site-packages/airflow/example_dags/example_nested_branch_dag.py
[2025-12-08T07:42:33.534+0000] {logging_mixin.py:190} INFO - [2025-12-08T07:42:33.532+0000] {dag.py:3211} INFO - Sync 1 DAGs
[2025-12-08T07:42:33.632+0000] {logging_mixin.py:190} INFO - [2025-12-08T07:42:33.631+0000] {dag.py:4138} INFO - Setting next_dagrun for example_nested_branch_dag to 2025-12-07 00:00:00+00:00, run_after=2025-12-08 00:00:00+00:00
[2025-12-08T07:42:33.707+0000] {processor.py:208} INFO - Processing /home/airflow/.local/lib/python3.12/site-packages/airflow/example_dags/example_nested_branch_dag.py took 0.327 seconds
[2025-12-08T07:43:04.399+0000] {processor.py:186} INFO - Started process (PID=2128) to work on /home/airflow/.local/lib/python3.12/site-packages/airflow/example_dags/example_nested_branch_dag.py
[2025-12-08T07:43:04.403+0000] {processor.py:914} INFO - Processing file /home/airflow/.local/lib/python3.12/site-packages/airflow/example_dags/example_nested_branch_dag.py for tasks to queue
[2025-12-08T07:43:04.412+0000] {logging_mixin.py:190} INFO - [2025-12-08T07:43:04.411+0000] {dagbag.py:587} INFO - Filling up the DagBag from /home/airflow/.local/lib/python3.12/site-packages/airflow/example_dags/example_nested_branch_dag.py
[2025-12-08T07:43:04.446+0000] {processor.py:925} INFO - DAG(s) 'example_nested_branch_dag' retrieved from /home/airflow/.local/lib/python3.12/site-packages/airflow/example_dags/example_nested_branch_dag.py
[2025-12-08T07:43:04.510+0000] {logging_mixin.py:190} INFO - [2025-12-08T07:43:04.509+0000] {dag.py:3211} INFO - Sync 1 DAGs
[2025-12-08T07:43:04.601+0000] {logging_mixin.py:190} INFO - [2025-12-08T07:43:04.600+0000] {dag.py:4138} INFO - Setting next_dagrun for example_nested_branch_dag to 2025-12-07 00:00:00+00:00, run_after=2025-12-08 00:00:00+00:00
[2025-12-08T07:43:04.712+0000] {processor.py:208} INFO - Processing /home/airflow/.local/lib/python3.12/site-packages/airflow/example_dags/example_nested_branch_dag.py took 0.345 seconds
[2025-12-08T07:43:35.426+0000] {processor.py:186} INFO - Started process (PID=2191) to work on /home/airflow/.local/lib/python3.12/site-packages/airflow/example_dags/example_nested_branch_dag.py
[2025-12-08T07:43:35.429+0000] {processor.py:914} INFO - Processing file /home/airflow/.local/lib/python3.12/site-packages/airflow/example_dags/example_nested_branch_dag.py for tasks to queue
[2025-12-08T07:43:35.436+0000] {logging_mixin.py:190} INFO - [2025-12-08T07:43:35.435+0000] {dagbag.py:587} INFO - Filling up the DagBag from /home/airflow/.local/lib/python3.12/site-packages/airflow/example_dags/example_nested_branch_dag.py
[2025-12-08T07:43:35.458+0000] {processor.py:925} INFO - DAG(s) 'example_nested_branch_dag' retrieved from /home/airflow/.local/lib/python3.12/site-packages/airflow/example_dags/example_nested_branch_dag.py
[2025-12-08T07:43:35.511+0000] {logging_mixin.py:190} INFO - [2025-12-08T07:43:35.510+0000] {dag.py:3211} INFO - Sync 1 DAGs
[2025-12-08T07:43:35.561+0000] {logging_mixin.py:190} INFO - [2025-12-08T07:43:35.560+0000] {dag.py:4138} INFO - Setting next_dagrun for example_nested_branch_dag to 2025-12-07 00:00:00+00:00, run_after=2025-12-08 00:00:00+00:00
[2025-12-08T07:43:35.610+0000] {processor.py:208} INFO - Processing /home/airflow/.local/lib/python3.12/site-packages/airflow/example_dags/example_nested_branch_dag.py took 0.196 seconds
[2025-12-08T07:44:05.951+0000] {processor.py:186} INFO - Started process (PID=2254) to work on /home/airflow/.local/lib/python3.12/site-packages/airflow/example_dags/example_nested_branch_dag.py
[2025-12-08T07:44:05.952+0000] {processor.py:914} INFO - Processing file /home/airflow/.local/lib/python3.12/site-packages/airflow/example_dags/example_nested_branch_dag.py for tasks to queue
[2025-12-08T07:44:05.956+0000] {logging_mixin.py:190} INFO - [2025-12-08T07:44:05.956+0000] {dagbag.py:587} INFO - Filling up the DagBag from /home/airflow/.local/lib/python3.12/site-packages/airflow/example_dags/example_nested_branch_dag.py
[2025-12-08T07:44:05.983+0000] {processor.py:925} INFO - DAG(s) 'example_nested_branch_dag' retrieved from /home/airflow/.local/lib/python3.12/site-packages/airflow/example_dags/example_nested_branch_dag.py
[2025-12-08T07:44:06.030+0000] {logging_mixin.py:190} INFO - [2025-12-08T07:44:06.030+0000] {dag.py:3211} INFO - Sync 1 DAGs
[2025-12-08T07:44:06.080+0000] {logging_mixin.py:190} INFO - [2025-12-08T07:44:06.080+0000] {dag.py:4138} INFO - Setting next_dagrun for example_nested_branch_dag to 2025-12-07 00:00:00+00:00, run_after=2025-12-08 00:00:00+00:00
[2025-12-08T07:44:06.124+0000] {processor.py:208} INFO - Processing /home/airflow/.local/lib/python3.12/site-packages/airflow/example_dags/example_nested_branch_dag.py took 0.186 seconds
[2025-12-08T07:44:36.685+0000] {processor.py:186} INFO - Started process (PID=2316) to work on /home/airflow/.local/lib/python3.12/site-packages/airflow/example_dags/example_nested_branch_dag.py
[2025-12-08T07:44:36.688+0000] {processor.py:914} INFO - Processing file /home/airflow/.local/lib/python3.12/site-packages/airflow/example_dags/example_nested_branch_dag.py for tasks to queue
[2025-12-08T07:44:36.696+0000] {logging_mixin.py:190} INFO - [2025-12-08T07:44:36.693+0000] {dagbag.py:587} INFO - Filling up the DagBag from /home/airflow/.local/lib/python3.12/site-packages/airflow/example_dags/example_nested_branch_dag.py
[2025-12-08T07:44:36.731+0000] {processor.py:925} INFO - DAG(s) 'example_nested_branch_dag' retrieved from /home/airflow/.local/lib/python3.12/site-packages/airflow/example_dags/example_nested_branch_dag.py
[2025-12-08T07:44:36.786+0000] {logging_mixin.py:190} INFO - [2025-12-08T07:44:36.786+0000] {dag.py:3211} INFO - Sync 1 DAGs
[2025-12-08T07:44:36.845+0000] {logging_mixin.py:190} INFO - [2025-12-08T07:44:36.844+0000] {dag.py:4138} INFO - Setting next_dagrun for example_nested_branch_dag to 2025-12-07 00:00:00+00:00, run_after=2025-12-08 00:00:00+00:00
[2025-12-08T07:44:36.894+0000] {processor.py:208} INFO - Processing /home/airflow/.local/lib/python3.12/site-packages/airflow/example_dags/example_nested_branch_dag.py took 0.227 seconds
[2025-12-08T07:45:07.156+0000] {processor.py:186} INFO - Started process (PID=2379) to work on /home/airflow/.local/lib/python3.12/site-packages/airflow/example_dags/example_nested_branch_dag.py
[2025-12-08T07:45:07.159+0000] {processor.py:914} INFO - Processing file /home/airflow/.local/lib/python3.12/site-packages/airflow/example_dags/example_nested_branch_dag.py for tasks to queue
[2025-12-08T07:45:07.167+0000] {logging_mixin.py:190} INFO - [2025-12-08T07:45:07.166+0000] {dagbag.py:587} INFO - Filling up the DagBag from /home/airflow/.local/lib/python3.12/site-packages/airflow/example_dags/example_nested_branch_dag.py
[2025-12-08T07:45:07.197+0000] {processor.py:925} INFO - DAG(s) 'example_nested_branch_dag' retrieved from /home/airflow/.local/lib/python3.12/site-packages/airflow/example_dags/example_nested_branch_dag.py
[2025-12-08T07:45:07.248+0000] {logging_mixin.py:190} INFO - [2025-12-08T07:45:07.247+0000] {dag.py:3211} INFO - Sync 1 DAGs
[2025-12-08T07:45:07.295+0000] {logging_mixin.py:190} INFO - [2025-12-08T07:45:07.295+0000] {dag.py:4138} INFO - Setting next_dagrun for example_nested_branch_dag to 2025-12-07 00:00:00+00:00, run_after=2025-12-08 00:00:00+00:00
[2025-12-08T07:45:07.350+0000] {processor.py:208} INFO - Processing /home/airflow/.local/lib/python3.12/site-packages/airflow/example_dags/example_nested_branch_dag.py took 0.209 seconds
[2025-12-08T07:45:37.490+0000] {processor.py:186} INFO - Started process (PID=2448) to work on /home/airflow/.local/lib/python3.12/site-packages/airflow/example_dags/example_nested_branch_dag.py
[2025-12-08T07:45:37.493+0000] {processor.py:914} INFO - Processing file /home/airflow/.local/lib/python3.12/site-packages/airflow/example_dags/example_nested_branch_dag.py for tasks to queue
[2025-12-08T07:45:37.500+0000] {logging_mixin.py:190} INFO - [2025-12-08T07:45:37.500+0000] {dagbag.py:587} INFO - Filling up the DagBag from /home/airflow/.local/lib/python3.12/site-packages/airflow/example_dags/example_nested_branch_dag.py
[2025-12-08T07:45:37.524+0000] {processor.py:925} INFO - DAG(s) 'example_nested_branch_dag' retrieved from /home/airflow/.local/lib/python3.12/site-packages/airflow/example_dags/example_nested_branch_dag.py
[2025-12-08T07:45:37.571+0000] {logging_mixin.py:190} INFO - [2025-12-08T07:45:37.571+0000] {dag.py:3211} INFO - Sync 1 DAGs
[2025-12-08T07:45:37.632+0000] {logging_mixin.py:190} INFO - [2025-12-08T07:45:37.631+0000] {dag.py:4138} INFO - Setting next_dagrun for example_nested_branch_dag to 2025-12-07 00:00:00+00:00, run_after=2025-12-08 00:00:00+00:00
[2025-12-08T07:45:37.681+0000] {processor.py:208} INFO - Processing /home/airflow/.local/lib/python3.12/site-packages/airflow/example_dags/example_nested_branch_dag.py took 0.203 seconds
[2025-12-08T07:46:08.317+0000] {processor.py:186} INFO - Started process (PID=2511) to work on /home/airflow/.local/lib/python3.12/site-packages/airflow/example_dags/example_nested_branch_dag.py
[2025-12-08T07:46:08.321+0000] {processor.py:914} INFO - Processing file /home/airflow/.local/lib/python3.12/site-packages/airflow/example_dags/example_nested_branch_dag.py for tasks to queue
[2025-12-08T07:46:08.329+0000] {logging_mixin.py:190} INFO - [2025-12-08T07:46:08.328+0000] {dagbag.py:587} INFO - Filling up the DagBag from /home/airflow/.local/lib/python3.12/site-packages/airflow/example_dags/example_nested_branch_dag.py
[2025-12-08T07:46:08.357+0000] {processor.py:925} INFO - DAG(s) 'example_nested_branch_dag' retrieved from /home/airflow/.local/lib/python3.12/site-packages/airflow/example_dags/example_nested_branch_dag.py
[2025-12-08T07:46:08.417+0000] {logging_mixin.py:190} INFO - [2025-12-08T07:46:08.416+0000] {dag.py:3211} INFO - Sync 1 DAGs
[2025-12-08T07:46:08.485+0000] {logging_mixin.py:190} INFO - [2025-12-08T07:46:08.485+0000] {dag.py:4138} INFO - Setting next_dagrun for example_nested_branch_dag to 2025-12-07 00:00:00+00:00, run_after=2025-12-08 00:00:00+00:00
[2025-12-08T07:46:08.531+0000] {processor.py:208} INFO - Processing /home/airflow/.local/lib/python3.12/site-packages/airflow/example_dags/example_nested_branch_dag.py took 0.228 seconds
[2025-12-08T07:46:38.925+0000] {processor.py:186} INFO - Started process (PID=2574) to work on /home/airflow/.local/lib/python3.12/site-packages/airflow/example_dags/example_nested_branch_dag.py
[2025-12-08T07:46:38.927+0000] {processor.py:914} INFO - Processing file /home/airflow/.local/lib/python3.12/site-packages/airflow/example_dags/example_nested_branch_dag.py for tasks to queue
[2025-12-08T07:46:38.934+0000] {logging_mixin.py:190} INFO - [2025-12-08T07:46:38.933+0000] {dagbag.py:587} INFO - Filling up the DagBag from /home/airflow/.local/lib/python3.12/site-packages/airflow/example_dags/example_nested_branch_dag.py
[2025-12-08T07:46:38.967+0000] {processor.py:925} INFO - DAG(s) 'example_nested_branch_dag' retrieved from /home/airflow/.local/lib/python3.12/site-packages/airflow/example_dags/example_nested_branch_dag.py
[2025-12-08T07:46:39.027+0000] {logging_mixin.py:190} INFO - [2025-12-08T07:46:39.027+0000] {dag.py:3211} INFO - Sync 1 DAGs
[2025-12-08T07:46:39.081+0000] {logging_mixin.py:190} INFO - [2025-12-08T07:46:39.080+0000] {dag.py:4138} INFO - Setting next_dagrun for example_nested_branch_dag to 2025-12-07 00:00:00+00:00, run_after=2025-12-08 00:00:00+00:00
[2025-12-08T07:46:39.120+0000] {processor.py:208} INFO - Processing /home/airflow/.local/lib/python3.12/site-packages/airflow/example_dags/example_nested_branch_dag.py took 0.204 seconds
[2025-12-08T07:47:09.760+0000] {processor.py:186} INFO - Started process (PID=2637) to work on /home/airflow/.local/lib/python3.12/site-packages/airflow/example_dags/example_nested_branch_dag.py
[2025-12-08T07:47:09.763+0000] {processor.py:914} INFO - Processing file /home/airflow/.local/lib/python3.12/site-packages/airflow/example_dags/example_nested_branch_dag.py for tasks to queue
[2025-12-08T07:47:09.768+0000] {logging_mixin.py:190} INFO - [2025-12-08T07:47:09.768+0000] {dagbag.py:587} INFO - Filling up the DagBag from /home/airflow/.local/lib/python3.12/site-packages/airflow/example_dags/example_nested_branch_dag.py
[2025-12-08T07:47:09.800+0000] {processor.py:925} INFO - DAG(s) 'example_nested_branch_dag' retrieved from /home/airflow/.local/lib/python3.12/site-packages/airflow/example_dags/example_nested_branch_dag.py
[2025-12-08T07:47:09.845+0000] {logging_mixin.py:190} INFO - [2025-12-08T07:47:09.844+0000] {dag.py:3211} INFO - Sync 1 DAGs
[2025-12-08T07:47:09.892+0000] {logging_mixin.py:190} INFO - [2025-12-08T07:47:09.891+0000] {dag.py:4138} INFO - Setting next_dagrun for example_nested_branch_dag to 2025-12-07 00:00:00+00:00, run_after=2025-12-08 00:00:00+00:00
[2025-12-08T07:47:09.938+0000] {processor.py:208} INFO - Processing /home/airflow/.local/lib/python3.12/site-packages/airflow/example_dags/example_nested_branch_dag.py took 0.191 seconds
[2025-12-08T07:47:40.302+0000] {processor.py:186} INFO - Started process (PID=2700) to work on /home/airflow/.local/lib/python3.12/site-packages/airflow/example_dags/example_nested_branch_dag.py
[2025-12-08T07:47:40.305+0000] {processor.py:914} INFO - Processing file /home/airflow/.local/lib/python3.12/site-packages/airflow/example_dags/example_nested_branch_dag.py for tasks to queue
[2025-12-08T07:47:40.312+0000] {logging_mixin.py:190} INFO - [2025-12-08T07:47:40.311+0000] {dagbag.py:587} INFO - Filling up the DagBag from /home/airflow/.local/lib/python3.12/site-packages/airflow/example_dags/example_nested_branch_dag.py
[2025-12-08T07:47:40.333+0000] {processor.py:925} INFO - DAG(s) 'example_nested_branch_dag' retrieved from /home/airflow/.local/lib/python3.12/site-packages/airflow/example_dags/example_nested_branch_dag.py
[2025-12-08T07:47:40.381+0000] {logging_mixin.py:190} INFO - [2025-12-08T07:47:40.379+0000] {dag.py:3211} INFO - Sync 1 DAGs
[2025-12-08T07:47:40.445+0000] {logging_mixin.py:190} INFO - [2025-12-08T07:47:40.443+0000] {dag.py:4138} INFO - Setting next_dagrun for example_nested_branch_dag to 2025-12-07 00:00:00+00:00, run_after=2025-12-08 00:00:00+00:00
[2025-12-08T07:47:40.495+0000] {processor.py:208} INFO - Processing /home/airflow/.local/lib/python3.12/site-packages/airflow/example_dags/example_nested_branch_dag.py took 0.210 seconds
[2025-12-08T07:48:10.871+0000] {processor.py:186} INFO - Started process (PID=2763) to work on /home/airflow/.local/lib/python3.12/site-packages/airflow/example_dags/example_nested_branch_dag.py
[2025-12-08T07:48:10.875+0000] {processor.py:914} INFO - Processing file /home/airflow/.local/lib/python3.12/site-packages/airflow/example_dags/example_nested_branch_dag.py for tasks to queue
[2025-12-08T07:48:10.881+0000] {logging_mixin.py:190} INFO - [2025-12-08T07:48:10.880+0000] {dagbag.py:587} INFO - Filling up the DagBag from /home/airflow/.local/lib/python3.12/site-packages/airflow/example_dags/example_nested_branch_dag.py
[2025-12-08T07:48:10.907+0000] {processor.py:925} INFO - DAG(s) 'example_nested_branch_dag' retrieved from /home/airflow/.local/lib/python3.12/site-packages/airflow/example_dags/example_nested_branch_dag.py
[2025-12-08T07:48:10.962+0000] {logging_mixin.py:190} INFO - [2025-12-08T07:48:10.961+0000] {dag.py:3211} INFO - Sync 1 DAGs
[2025-12-08T07:48:11.011+0000] {logging_mixin.py:190} INFO - [2025-12-08T07:48:11.010+0000] {dag.py:4138} INFO - Setting next_dagrun for example_nested_branch_dag to 2025-12-07 00:00:00+00:00, run_after=2025-12-08 00:00:00+00:00
[2025-12-08T07:48:11.067+0000] {processor.py:208} INFO - Processing /home/airflow/.local/lib/python3.12/site-packages/airflow/example_dags/example_nested_branch_dag.py took 0.211 seconds
[2025-12-08T07:48:41.323+0000] {processor.py:186} INFO - Started process (PID=2826) to work on /home/airflow/.local/lib/python3.12/site-packages/airflow/example_dags/example_nested_branch_dag.py
[2025-12-08T07:48:41.325+0000] {processor.py:914} INFO - Processing file /home/airflow/.local/lib/python3.12/site-packages/airflow/example_dags/example_nested_branch_dag.py for tasks to queue
[2025-12-08T07:48:41.331+0000] {logging_mixin.py:190} INFO - [2025-12-08T07:48:41.330+0000] {dagbag.py:587} INFO - Filling up the DagBag from /home/airflow/.local/lib/python3.12/site-packages/airflow/example_dags/example_nested_branch_dag.py
[2025-12-08T07:48:41.352+0000] {processor.py:925} INFO - DAG(s) 'example_nested_branch_dag' retrieved from /home/airflow/.local/lib/python3.12/site-packages/airflow/example_dags/example_nested_branch_dag.py
[2025-12-08T07:48:41.406+0000] {logging_mixin.py:190} INFO - [2025-12-08T07:48:41.405+0000] {dag.py:3211} INFO - Sync 1 DAGs
[2025-12-08T07:48:41.458+0000] {logging_mixin.py:190} INFO - [2025-12-08T07:48:41.457+0000] {dag.py:4138} INFO - Setting next_dagrun for example_nested_branch_dag to 2025-12-07 00:00:00+00:00, run_after=2025-12-08 00:00:00+00:00
[2025-12-08T07:48:41.504+0000] {processor.py:208} INFO - Processing /home/airflow/.local/lib/python3.12/site-packages/airflow/example_dags/example_nested_branch_dag.py took 0.191 seconds
[2025-12-08T07:49:11.707+0000] {processor.py:186} INFO - Started process (PID=2889) to work on /home/airflow/.local/lib/python3.12/site-packages/airflow/example_dags/example_nested_branch_dag.py
[2025-12-08T07:49:11.709+0000] {processor.py:914} INFO - Processing file /home/airflow/.local/lib/python3.12/site-packages/airflow/example_dags/example_nested_branch_dag.py for tasks to queue
[2025-12-08T07:49:11.718+0000] {logging_mixin.py:190} INFO - [2025-12-08T07:49:11.717+0000] {dagbag.py:587} INFO - Filling up the DagBag from /home/airflow/.local/lib/python3.12/site-packages/airflow/example_dags/example_nested_branch_dag.py
[2025-12-08T07:49:11.740+0000] {processor.py:925} INFO - DAG(s) 'example_nested_branch_dag' retrieved from /home/airflow/.local/lib/python3.12/site-packages/airflow/example_dags/example_nested_branch_dag.py
[2025-12-08T07:49:11.786+0000] {logging_mixin.py:190} INFO - [2025-12-08T07:49:11.786+0000] {dag.py:3211} INFO - Sync 1 DAGs
[2025-12-08T07:49:12.151+0000] {logging_mixin.py:190} INFO - [2025-12-08T07:49:12.151+0000] {dag.py:4138} INFO - Setting next_dagrun for example_nested_branch_dag to 2025-12-07 00:00:00+00:00, run_after=2025-12-08 00:00:00+00:00
[2025-12-08T07:49:12.194+0000] {processor.py:208} INFO - Processing /home/airflow/.local/lib/python3.12/site-packages/airflow/example_dags/example_nested_branch_dag.py took 0.497 seconds
[2025-12-08T07:49:42.828+0000] {processor.py:186} INFO - Started process (PID=2952) to work on /home/airflow/.local/lib/python3.12/site-packages/airflow/example_dags/example_nested_branch_dag.py
[2025-12-08T07:49:42.830+0000] {processor.py:914} INFO - Processing file /home/airflow/.local/lib/python3.12/site-packages/airflow/example_dags/example_nested_branch_dag.py for tasks to queue
[2025-12-08T07:49:42.836+0000] {logging_mixin.py:190} INFO - [2025-12-08T07:49:42.836+0000] {dagbag.py:587} INFO - Filling up the DagBag from /home/airflow/.local/lib/python3.12/site-packages/airflow/example_dags/example_nested_branch_dag.py
[2025-12-08T07:49:42.867+0000] {processor.py:925} INFO - DAG(s) 'example_nested_branch_dag' retrieved from /home/airflow/.local/lib/python3.12/site-packages/airflow/example_dags/example_nested_branch_dag.py
[2025-12-08T07:49:42.906+0000] {logging_mixin.py:190} INFO - [2025-12-08T07:49:42.906+0000] {dag.py:3211} INFO - Sync 1 DAGs
[2025-12-08T07:49:42.952+0000] {logging_mixin.py:190} INFO - [2025-12-08T07:49:42.952+0000] {dag.py:4138} INFO - Setting next_dagrun for example_nested_branch_dag to 2025-12-07 00:00:00+00:00, run_after=2025-12-08 00:00:00+00:00
[2025-12-08T07:49:43.286+0000] {processor.py:208} INFO - Processing /home/airflow/.local/lib/python3.12/site-packages/airflow/example_dags/example_nested_branch_dag.py took 0.470 seconds
[2025-12-08T07:50:13.555+0000] {processor.py:186} INFO - Started process (PID=3015) to work on /home/airflow/.local/lib/python3.12/site-packages/airflow/example_dags/example_nested_branch_dag.py
[2025-12-08T07:50:13.558+0000] {processor.py:914} INFO - Processing file /home/airflow/.local/lib/python3.12/site-packages/airflow/example_dags/example_nested_branch_dag.py for tasks to queue
[2025-12-08T07:50:13.564+0000] {logging_mixin.py:190} INFO - [2025-12-08T07:50:13.563+0000] {dagbag.py:587} INFO - Filling up the DagBag from /home/airflow/.local/lib/python3.12/site-packages/airflow/example_dags/example_nested_branch_dag.py
[2025-12-08T07:50:13.587+0000] {processor.py:925} INFO - DAG(s) 'example_nested_branch_dag' retrieved from /home/airflow/.local/lib/python3.12/site-packages/airflow/example_dags/example_nested_branch_dag.py
[2025-12-08T07:50:13.623+0000] {logging_mixin.py:190} INFO - [2025-12-08T07:50:13.623+0000] {dag.py:3211} INFO - Sync 1 DAGs
[2025-12-08T07:50:13.660+0000] {logging_mixin.py:190} INFO - [2025-12-08T07:50:13.660+0000] {dag.py:4138} INFO - Setting next_dagrun for example_nested_branch_dag to 2025-12-07 00:00:00+00:00, run_after=2025-12-08 00:00:00+00:00
[2025-12-08T07:50:14.031+0000] {processor.py:208} INFO - Processing /home/airflow/.local/lib/python3.12/site-packages/airflow/example_dags/example_nested_branch_dag.py took 0.489 seconds
[2025-12-08T07:50:44.222+0000] {processor.py:186} INFO - Started process (PID=3079) to work on /home/airflow/.local/lib/python3.12/site-packages/airflow/example_dags/example_nested_branch_dag.py
[2025-12-08T07:50:44.224+0000] {processor.py:914} INFO - Processing file /home/airflow/.local/lib/python3.12/site-packages/airflow/example_dags/example_nested_branch_dag.py for tasks to queue
[2025-12-08T07:50:44.229+0000] {logging_mixin.py:190} INFO - [2025-12-08T07:50:44.229+0000] {dagbag.py:587} INFO - Filling up the DagBag from /home/airflow/.local/lib/python3.12/site-packages/airflow/example_dags/example_nested_branch_dag.py
[2025-12-08T07:50:44.252+0000] {processor.py:925} INFO - DAG(s) 'example_nested_branch_dag' retrieved from /home/airflow/.local/lib/python3.12/site-packages/airflow/example_dags/example_nested_branch_dag.py
[2025-12-08T07:50:44.295+0000] {logging_mixin.py:190} INFO - [2025-12-08T07:50:44.295+0000] {dag.py:3211} INFO - Sync 1 DAGs
[2025-12-08T07:50:44.339+0000] {logging_mixin.py:190} INFO - [2025-12-08T07:50:44.338+0000] {dag.py:4138} INFO - Setting next_dagrun for example_nested_branch_dag to 2025-12-07 00:00:00+00:00, run_after=2025-12-08 00:00:00+00:00
[2025-12-08T07:50:44.390+0000] {processor.py:208} INFO - Processing /home/airflow/.local/lib/python3.12/site-packages/airflow/example_dags/example_nested_branch_dag.py took 0.181 seconds
[2025-12-08T07:51:15.367+0000] {processor.py:186} INFO - Started process (PID=3142) to work on /home/airflow/.local/lib/python3.12/site-packages/airflow/example_dags/example_nested_branch_dag.py
[2025-12-08T07:51:15.369+0000] {processor.py:914} INFO - Processing file /home/airflow/.local/lib/python3.12/site-packages/airflow/example_dags/example_nested_branch_dag.py for tasks to queue
[2025-12-08T07:51:15.374+0000] {logging_mixin.py:190} INFO - [2025-12-08T07:51:15.373+0000] {dagbag.py:587} INFO - Filling up the DagBag from /home/airflow/.local/lib/python3.12/site-packages/airflow/example_dags/example_nested_branch_dag.py
[2025-12-08T07:51:15.389+0000] {processor.py:925} INFO - DAG(s) 'example_nested_branch_dag' retrieved from /home/airflow/.local/lib/python3.12/site-packages/airflow/example_dags/example_nested_branch_dag.py
[2025-12-08T07:51:15.418+0000] {logging_mixin.py:190} INFO - [2025-12-08T07:51:15.417+0000] {dag.py:3211} INFO - Sync 1 DAGs
[2025-12-08T07:51:15.445+0000] {logging_mixin.py:190} INFO - [2025-12-08T07:51:15.445+0000] {dag.py:4138} INFO - Setting next_dagrun for example_nested_branch_dag to 2025-12-07 00:00:00+00:00, run_after=2025-12-08 00:00:00+00:00
[2025-12-08T07:51:15.474+0000] {processor.py:208} INFO - Processing /home/airflow/.local/lib/python3.12/site-packages/airflow/example_dags/example_nested_branch_dag.py took 0.116 seconds
[2025-12-08T07:51:46.145+0000] {processor.py:186} INFO - Started process (PID=3205) to work on /home/airflow/.local/lib/python3.12/site-packages/airflow/example_dags/example_nested_branch_dag.py
[2025-12-08T07:51:46.148+0000] {processor.py:914} INFO - Processing file /home/airflow/.local/lib/python3.12/site-packages/airflow/example_dags/example_nested_branch_dag.py for tasks to queue
[2025-12-08T07:51:46.153+0000] {logging_mixin.py:190} INFO - [2025-12-08T07:51:46.153+0000] {dagbag.py:587} INFO - Filling up the DagBag from /home/airflow/.local/lib/python3.12/site-packages/airflow/example_dags/example_nested_branch_dag.py
[2025-12-08T07:51:46.171+0000] {processor.py:925} INFO - DAG(s) 'example_nested_branch_dag' retrieved from /home/airflow/.local/lib/python3.12/site-packages/airflow/example_dags/example_nested_branch_dag.py
[2025-12-08T07:51:46.199+0000] {logging_mixin.py:190} INFO - [2025-12-08T07:51:46.199+0000] {dag.py:3211} INFO - Sync 1 DAGs
[2025-12-08T07:51:46.223+0000] {logging_mixin.py:190} INFO - [2025-12-08T07:51:46.223+0000] {dag.py:4138} INFO - Setting next_dagrun for example_nested_branch_dag to 2025-12-07 00:00:00+00:00, run_after=2025-12-08 00:00:00+00:00
[2025-12-08T07:51:46.244+0000] {processor.py:208} INFO - Processing /home/airflow/.local/lib/python3.12/site-packages/airflow/example_dags/example_nested_branch_dag.py took 0.109 seconds
[2025-12-08T07:52:16.691+0000] {processor.py:186} INFO - Started process (PID=3268) to work on /home/airflow/.local/lib/python3.12/site-packages/airflow/example_dags/example_nested_branch_dag.py
[2025-12-08T07:52:16.694+0000] {processor.py:914} INFO - Processing file /home/airflow/.local/lib/python3.12/site-packages/airflow/example_dags/example_nested_branch_dag.py for tasks to queue
[2025-12-08T07:52:16.697+0000] {logging_mixin.py:190} INFO - [2025-12-08T07:52:16.697+0000] {dagbag.py:587} INFO - Filling up the DagBag from /home/airflow/.local/lib/python3.12/site-packages/airflow/example_dags/example_nested_branch_dag.py
[2025-12-08T07:52:16.711+0000] {processor.py:925} INFO - DAG(s) 'example_nested_branch_dag' retrieved from /home/airflow/.local/lib/python3.12/site-packages/airflow/example_dags/example_nested_branch_dag.py
[2025-12-08T07:52:16.737+0000] {logging_mixin.py:190} INFO - [2025-12-08T07:52:16.737+0000] {dag.py:3211} INFO - Sync 1 DAGs
[2025-12-08T07:52:16.764+0000] {logging_mixin.py:190} INFO - [2025-12-08T07:52:16.764+0000] {dag.py:4138} INFO - Setting next_dagrun for example_nested_branch_dag to 2025-12-07 00:00:00+00:00, run_after=2025-12-08 00:00:00+00:00
[2025-12-08T07:52:16.796+0000] {processor.py:208} INFO - Processing /home/airflow/.local/lib/python3.12/site-packages/airflow/example_dags/example_nested_branch_dag.py took 0.115 seconds
[2025-12-08T07:52:47.261+0000] {processor.py:186} INFO - Started process (PID=3331) to work on /home/airflow/.local/lib/python3.12/site-packages/airflow/example_dags/example_nested_branch_dag.py
[2025-12-08T07:52:47.266+0000] {processor.py:914} INFO - Processing file /home/airflow/.local/lib/python3.12/site-packages/airflow/example_dags/example_nested_branch_dag.py for tasks to queue
[2025-12-08T07:52:47.272+0000] {logging_mixin.py:190} INFO - [2025-12-08T07:52:47.271+0000] {dagbag.py:587} INFO - Filling up the DagBag from /home/airflow/.local/lib/python3.12/site-packages/airflow/example_dags/example_nested_branch_dag.py
[2025-12-08T07:52:47.290+0000] {processor.py:925} INFO - DAG(s) 'example_nested_branch_dag' retrieved from /home/airflow/.local/lib/python3.12/site-packages/airflow/example_dags/example_nested_branch_dag.py
[2025-12-08T07:52:47.332+0000] {logging_mixin.py:190} INFO - [2025-12-08T07:52:47.331+0000] {dag.py:3211} INFO - Sync 1 DAGs
[2025-12-08T07:52:47.371+0000] {logging_mixin.py:190} INFO - [2025-12-08T07:52:47.371+0000] {dag.py:4138} INFO - Setting next_dagrun for example_nested_branch_dag to 2025-12-07 00:00:00+00:00, run_after=2025-12-08 00:00:00+00:00
[2025-12-08T07:52:47.397+0000] {processor.py:208} INFO - Processing /home/airflow/.local/lib/python3.12/site-packages/airflow/example_dags/example_nested_branch_dag.py took 0.148 seconds
[2025-12-08T07:53:18.085+0000] {processor.py:186} INFO - Started process (PID=3394) to work on /home/airflow/.local/lib/python3.12/site-packages/airflow/example_dags/example_nested_branch_dag.py
[2025-12-08T07:53:18.087+0000] {processor.py:914} INFO - Processing file /home/airflow/.local/lib/python3.12/site-packages/airflow/example_dags/example_nested_branch_dag.py for tasks to queue
[2025-12-08T07:53:18.092+0000] {logging_mixin.py:190} INFO - [2025-12-08T07:53:18.091+0000] {dagbag.py:587} INFO - Filling up the DagBag from /home/airflow/.local/lib/python3.12/site-packages/airflow/example_dags/example_nested_branch_dag.py
[2025-12-08T07:53:18.118+0000] {processor.py:925} INFO - DAG(s) 'example_nested_branch_dag' retrieved from /home/airflow/.local/lib/python3.12/site-packages/airflow/example_dags/example_nested_branch_dag.py
[2025-12-08T07:53:18.153+0000] {logging_mixin.py:190} INFO - [2025-12-08T07:53:18.153+0000] {dag.py:3211} INFO - Sync 1 DAGs
[2025-12-08T07:53:18.187+0000] {logging_mixin.py:190} INFO - [2025-12-08T07:53:18.186+0000] {dag.py:4138} INFO - Setting next_dagrun for example_nested_branch_dag to 2025-12-07 00:00:00+00:00, run_after=2025-12-08 00:00:00+00:00
[2025-12-08T07:53:18.211+0000] {processor.py:208} INFO - Processing /home/airflow/.local/lib/python3.12/site-packages/airflow/example_dags/example_nested_branch_dag.py took 0.135 seconds
[2025-12-08T07:53:48.391+0000] {processor.py:186} INFO - Started process (PID=3457) to work on /home/airflow/.local/lib/python3.12/site-packages/airflow/example_dags/example_nested_branch_dag.py
[2025-12-08T07:53:48.394+0000] {processor.py:914} INFO - Processing file /home/airflow/.local/lib/python3.12/site-packages/airflow/example_dags/example_nested_branch_dag.py for tasks to queue
[2025-12-08T07:53:48.399+0000] {logging_mixin.py:190} INFO - [2025-12-08T07:53:48.398+0000] {dagbag.py:587} INFO - Filling up the DagBag from /home/airflow/.local/lib/python3.12/site-packages/airflow/example_dags/example_nested_branch_dag.py
[2025-12-08T07:53:48.414+0000] {processor.py:925} INFO - DAG(s) 'example_nested_branch_dag' retrieved from /home/airflow/.local/lib/python3.12/site-packages/airflow/example_dags/example_nested_branch_dag.py
[2025-12-08T07:53:48.444+0000] {logging_mixin.py:190} INFO - [2025-12-08T07:53:48.444+0000] {dag.py:3211} INFO - Sync 1 DAGs
[2025-12-08T07:53:48.478+0000] {logging_mixin.py:190} INFO - [2025-12-08T07:53:48.478+0000] {dag.py:4138} INFO - Setting next_dagrun for example_nested_branch_dag to 2025-12-07 00:00:00+00:00, run_after=2025-12-08 00:00:00+00:00
[2025-12-08T07:53:48.509+0000] {processor.py:208} INFO - Processing /home/airflow/.local/lib/python3.12/site-packages/airflow/example_dags/example_nested_branch_dag.py took 0.127 seconds
[2025-12-08T07:54:18.888+0000] {processor.py:186} INFO - Started process (PID=3520) to work on /home/airflow/.local/lib/python3.12/site-packages/airflow/example_dags/example_nested_branch_dag.py
[2025-12-08T07:54:18.895+0000] {processor.py:914} INFO - Processing file /home/airflow/.local/lib/python3.12/site-packages/airflow/example_dags/example_nested_branch_dag.py for tasks to queue
[2025-12-08T07:54:18.909+0000] {logging_mixin.py:190} INFO - [2025-12-08T07:54:18.908+0000] {dagbag.py:587} INFO - Filling up the DagBag from /home/airflow/.local/lib/python3.12/site-packages/airflow/example_dags/example_nested_branch_dag.py
[2025-12-08T07:54:18.944+0000] {processor.py:925} INFO - DAG(s) 'example_nested_branch_dag' retrieved from /home/airflow/.local/lib/python3.12/site-packages/airflow/example_dags/example_nested_branch_dag.py
[2025-12-08T07:54:19.020+0000] {logging_mixin.py:190} INFO - [2025-12-08T07:54:19.019+0000] {dag.py:3211} INFO - Sync 1 DAGs
[2025-12-08T07:54:19.091+0000] {logging_mixin.py:190} INFO - [2025-12-08T07:54:19.091+0000] {dag.py:4138} INFO - Setting next_dagrun for example_nested_branch_dag to 2025-12-07 00:00:00+00:00, run_after=2025-12-08 00:00:00+00:00
[2025-12-08T07:54:19.161+0000] {processor.py:208} INFO - Processing /home/airflow/.local/lib/python3.12/site-packages/airflow/example_dags/example_nested_branch_dag.py took 0.288 seconds
[2025-12-08T07:54:49.876+0000] {processor.py:186} INFO - Started process (PID=3582) to work on /home/airflow/.local/lib/python3.12/site-packages/airflow/example_dags/example_nested_branch_dag.py
[2025-12-08T07:54:49.878+0000] {processor.py:914} INFO - Processing file /home/airflow/.local/lib/python3.12/site-packages/airflow/example_dags/example_nested_branch_dag.py for tasks to queue
[2025-12-08T07:54:49.882+0000] {logging_mixin.py:190} INFO - [2025-12-08T07:54:49.882+0000] {dagbag.py:587} INFO - Filling up the DagBag from /home/airflow/.local/lib/python3.12/site-packages/airflow/example_dags/example_nested_branch_dag.py
[2025-12-08T07:54:49.898+0000] {processor.py:925} INFO - DAG(s) 'example_nested_branch_dag' retrieved from /home/airflow/.local/lib/python3.12/site-packages/airflow/example_dags/example_nested_branch_dag.py
[2025-12-08T07:54:49.925+0000] {logging_mixin.py:190} INFO - [2025-12-08T07:54:49.924+0000] {dag.py:3211} INFO - Sync 1 DAGs
[2025-12-08T07:54:49.953+0000] {logging_mixin.py:190} INFO - [2025-12-08T07:54:49.952+0000] {dag.py:4138} INFO - Setting next_dagrun for example_nested_branch_dag to 2025-12-07 00:00:00+00:00, run_after=2025-12-08 00:00:00+00:00
[2025-12-08T07:54:49.976+0000] {processor.py:208} INFO - Processing /home/airflow/.local/lib/python3.12/site-packages/airflow/example_dags/example_nested_branch_dag.py took 0.108 seconds
[2025-12-08T07:55:20.520+0000] {processor.py:186} INFO - Started process (PID=3645) to work on /home/airflow/.local/lib/python3.12/site-packages/airflow/example_dags/example_nested_branch_dag.py
[2025-12-08T07:55:20.522+0000] {processor.py:914} INFO - Processing file /home/airflow/.local/lib/python3.12/site-packages/airflow/example_dags/example_nested_branch_dag.py for tasks to queue
[2025-12-08T07:55:20.525+0000] {logging_mixin.py:190} INFO - [2025-12-08T07:55:20.525+0000] {dagbag.py:587} INFO - Filling up the DagBag from /home/airflow/.local/lib/python3.12/site-packages/airflow/example_dags/example_nested_branch_dag.py
[2025-12-08T07:55:20.542+0000] {processor.py:925} INFO - DAG(s) 'example_nested_branch_dag' retrieved from /home/airflow/.local/lib/python3.12/site-packages/airflow/example_dags/example_nested_branch_dag.py
[2025-12-08T07:55:20.578+0000] {logging_mixin.py:190} INFO - [2025-12-08T07:55:20.577+0000] {dag.py:3211} INFO - Sync 1 DAGs
[2025-12-08T07:55:20.607+0000] {logging_mixin.py:190} INFO - [2025-12-08T07:55:20.607+0000] {dag.py:4138} INFO - Setting next_dagrun for example_nested_branch_dag to 2025-12-07 00:00:00+00:00, run_after=2025-12-08 00:00:00+00:00
[2025-12-08T07:55:20.632+0000] {processor.py:208} INFO - Processing /home/airflow/.local/lib/python3.12/site-packages/airflow/example_dags/example_nested_branch_dag.py took 0.120 seconds
[2025-12-08T07:55:51.007+0000] {processor.py:186} INFO - Started process (PID=3709) to work on /home/airflow/.local/lib/python3.12/site-packages/airflow/example_dags/example_nested_branch_dag.py
[2025-12-08T07:55:51.008+0000] {processor.py:914} INFO - Processing file /home/airflow/.local/lib/python3.12/site-packages/airflow/example_dags/example_nested_branch_dag.py for tasks to queue
[2025-12-08T07:55:51.012+0000] {logging_mixin.py:190} INFO - [2025-12-08T07:55:51.011+0000] {dagbag.py:587} INFO - Filling up the DagBag from /home/airflow/.local/lib/python3.12/site-packages/airflow/example_dags/example_nested_branch_dag.py
[2025-12-08T07:55:51.029+0000] {processor.py:925} INFO - DAG(s) 'example_nested_branch_dag' retrieved from /home/airflow/.local/lib/python3.12/site-packages/airflow/example_dags/example_nested_branch_dag.py
[2025-12-08T07:55:51.057+0000] {logging_mixin.py:190} INFO - [2025-12-08T07:55:51.057+0000] {dag.py:3211} INFO - Sync 1 DAGs
[2025-12-08T07:55:51.087+0000] {logging_mixin.py:190} INFO - [2025-12-08T07:55:51.087+0000] {dag.py:4138} INFO - Setting next_dagrun for example_nested_branch_dag to 2025-12-07 00:00:00+00:00, run_after=2025-12-08 00:00:00+00:00
[2025-12-08T07:55:51.120+0000] {processor.py:208} INFO - Processing /home/airflow/.local/lib/python3.12/site-packages/airflow/example_dags/example_nested_branch_dag.py took 0.120 seconds
[2025-12-08T07:56:21.323+0000] {processor.py:186} INFO - Started process (PID=3773) to work on /home/airflow/.local/lib/python3.12/site-packages/airflow/example_dags/example_nested_branch_dag.py
[2025-12-08T07:56:21.324+0000] {processor.py:914} INFO - Processing file /home/airflow/.local/lib/python3.12/site-packages/airflow/example_dags/example_nested_branch_dag.py for tasks to queue
[2025-12-08T07:56:21.329+0000] {logging_mixin.py:190} INFO - [2025-12-08T07:56:21.328+0000] {dagbag.py:587} INFO - Filling up the DagBag from /home/airflow/.local/lib/python3.12/site-packages/airflow/example_dags/example_nested_branch_dag.py
[2025-12-08T07:56:21.344+0000] {processor.py:925} INFO - DAG(s) 'example_nested_branch_dag' retrieved from /home/airflow/.local/lib/python3.12/site-packages/airflow/example_dags/example_nested_branch_dag.py
[2025-12-08T07:56:21.378+0000] {logging_mixin.py:190} INFO - [2025-12-08T07:56:21.377+0000] {dag.py:3211} INFO - Sync 1 DAGs
[2025-12-08T07:56:21.411+0000] {logging_mixin.py:190} INFO - [2025-12-08T07:56:21.410+0000] {dag.py:4138} INFO - Setting next_dagrun for example_nested_branch_dag to 2025-12-07 00:00:00+00:00, run_after=2025-12-08 00:00:00+00:00
[2025-12-08T07:56:21.438+0000] {processor.py:208} INFO - Processing /home/airflow/.local/lib/python3.12/site-packages/airflow/example_dags/example_nested_branch_dag.py took 0.122 seconds
[2025-12-08T07:56:52.222+0000] {processor.py:186} INFO - Started process (PID=3836) to work on /home/airflow/.local/lib/python3.12/site-packages/airflow/example_dags/example_nested_branch_dag.py
[2025-12-08T07:56:52.223+0000] {processor.py:914} INFO - Processing file /home/airflow/.local/lib/python3.12/site-packages/airflow/example_dags/example_nested_branch_dag.py for tasks to queue
[2025-12-08T07:56:52.226+0000] {logging_mixin.py:190} INFO - [2025-12-08T07:56:52.225+0000] {dagbag.py:587} INFO - Filling up the DagBag from /home/airflow/.local/lib/python3.12/site-packages/airflow/example_dags/example_nested_branch_dag.py
[2025-12-08T07:56:52.238+0000] {processor.py:925} INFO - DAG(s) 'example_nested_branch_dag' retrieved from /home/airflow/.local/lib/python3.12/site-packages/airflow/example_dags/example_nested_branch_dag.py
[2025-12-08T07:56:52.264+0000] {logging_mixin.py:190} INFO - [2025-12-08T07:56:52.263+0000] {dag.py:3211} INFO - Sync 1 DAGs
[2025-12-08T07:56:52.290+0000] {logging_mixin.py:190} INFO - [2025-12-08T07:56:52.290+0000] {dag.py:4138} INFO - Setting next_dagrun for example_nested_branch_dag to 2025-12-07 00:00:00+00:00, run_after=2025-12-08 00:00:00+00:00
[2025-12-08T07:56:52.314+0000] {processor.py:208} INFO - Processing /home/airflow/.local/lib/python3.12/site-packages/airflow/example_dags/example_nested_branch_dag.py took 0.099 seconds
[2025-12-08T07:57:22.911+0000] {processor.py:186} INFO - Started process (PID=3899) to work on /home/airflow/.local/lib/python3.12/site-packages/airflow/example_dags/example_nested_branch_dag.py
[2025-12-08T07:57:22.912+0000] {processor.py:914} INFO - Processing file /home/airflow/.local/lib/python3.12/site-packages/airflow/example_dags/example_nested_branch_dag.py for tasks to queue
[2025-12-08T07:57:22.917+0000] {logging_mixin.py:190} INFO - [2025-12-08T07:57:22.917+0000] {dagbag.py:587} INFO - Filling up the DagBag from /home/airflow/.local/lib/python3.12/site-packages/airflow/example_dags/example_nested_branch_dag.py
[2025-12-08T07:57:22.933+0000] {processor.py:925} INFO - DAG(s) 'example_nested_branch_dag' retrieved from /home/airflow/.local/lib/python3.12/site-packages/airflow/example_dags/example_nested_branch_dag.py
[2025-12-08T07:57:22.964+0000] {logging_mixin.py:190} INFO - [2025-12-08T07:57:22.964+0000] {dag.py:3211} INFO - Sync 1 DAGs
[2025-12-08T07:57:22.994+0000] {logging_mixin.py:190} INFO - [2025-12-08T07:57:22.994+0000] {dag.py:4138} INFO - Setting next_dagrun for example_nested_branch_dag to 2025-12-07 00:00:00+00:00, run_after=2025-12-08 00:00:00+00:00
[2025-12-08T07:57:23.025+0000] {processor.py:208} INFO - Processing /home/airflow/.local/lib/python3.12/site-packages/airflow/example_dags/example_nested_branch_dag.py took 0.122 seconds
[2025-12-08T07:57:53.222+0000] {processor.py:186} INFO - Started process (PID=3963) to work on /home/airflow/.local/lib/python3.12/site-packages/airflow/example_dags/example_nested_branch_dag.py
[2025-12-08T07:57:53.224+0000] {processor.py:914} INFO - Processing file /home/airflow/.local/lib/python3.12/site-packages/airflow/example_dags/example_nested_branch_dag.py for tasks to queue
[2025-12-08T07:57:53.227+0000] {logging_mixin.py:190} INFO - [2025-12-08T07:57:53.226+0000] {dagbag.py:587} INFO - Filling up the DagBag from /home/airflow/.local/lib/python3.12/site-packages/airflow/example_dags/example_nested_branch_dag.py
[2025-12-08T07:57:53.239+0000] {processor.py:925} INFO - DAG(s) 'example_nested_branch_dag' retrieved from /home/airflow/.local/lib/python3.12/site-packages/airflow/example_dags/example_nested_branch_dag.py
[2025-12-08T07:57:53.262+0000] {logging_mixin.py:190} INFO - [2025-12-08T07:57:53.262+0000] {dag.py:3211} INFO - Sync 1 DAGs
[2025-12-08T07:57:53.289+0000] {logging_mixin.py:190} INFO - [2025-12-08T07:57:53.288+0000] {dag.py:4138} INFO - Setting next_dagrun for example_nested_branch_dag to 2025-12-07 00:00:00+00:00, run_after=2025-12-08 00:00:00+00:00
[2025-12-08T07:57:53.310+0000] {processor.py:208} INFO - Processing /home/airflow/.local/lib/python3.12/site-packages/airflow/example_dags/example_nested_branch_dag.py took 0.095 seconds
[2025-12-08T07:58:23.606+0000] {processor.py:186} INFO - Started process (PID=4026) to work on /home/airflow/.local/lib/python3.12/site-packages/airflow/example_dags/example_nested_branch_dag.py
[2025-12-08T07:58:23.607+0000] {processor.py:914} INFO - Processing file /home/airflow/.local/lib/python3.12/site-packages/airflow/example_dags/example_nested_branch_dag.py for tasks to queue
[2025-12-08T07:58:23.611+0000] {logging_mixin.py:190} INFO - [2025-12-08T07:58:23.610+0000] {dagbag.py:587} INFO - Filling up the DagBag from /home/airflow/.local/lib/python3.12/site-packages/airflow/example_dags/example_nested_branch_dag.py
[2025-12-08T07:58:23.624+0000] {processor.py:925} INFO - DAG(s) 'example_nested_branch_dag' retrieved from /home/airflow/.local/lib/python3.12/site-packages/airflow/example_dags/example_nested_branch_dag.py
[2025-12-08T07:58:23.655+0000] {logging_mixin.py:190} INFO - [2025-12-08T07:58:23.655+0000] {dag.py:3211} INFO - Sync 1 DAGs
[2025-12-08T07:58:23.683+0000] {logging_mixin.py:190} INFO - [2025-12-08T07:58:23.683+0000] {dag.py:4138} INFO - Setting next_dagrun for example_nested_branch_dag to 2025-12-07 00:00:00+00:00, run_after=2025-12-08 00:00:00+00:00
[2025-12-08T07:58:23.705+0000] {processor.py:208} INFO - Processing /home/airflow/.local/lib/python3.12/site-packages/airflow/example_dags/example_nested_branch_dag.py took 0.105 seconds
[2025-12-08T07:58:53.997+0000] {processor.py:186} INFO - Started process (PID=4090) to work on /home/airflow/.local/lib/python3.12/site-packages/airflow/example_dags/example_nested_branch_dag.py
[2025-12-08T07:58:53.999+0000] {processor.py:914} INFO - Processing file /home/airflow/.local/lib/python3.12/site-packages/airflow/example_dags/example_nested_branch_dag.py for tasks to queue
[2025-12-08T07:58:54.002+0000] {logging_mixin.py:190} INFO - [2025-12-08T07:58:54.002+0000] {dagbag.py:587} INFO - Filling up the DagBag from /home/airflow/.local/lib/python3.12/site-packages/airflow/example_dags/example_nested_branch_dag.py
[2025-12-08T07:58:54.014+0000] {processor.py:925} INFO - DAG(s) 'example_nested_branch_dag' retrieved from /home/airflow/.local/lib/python3.12/site-packages/airflow/example_dags/example_nested_branch_dag.py
[2025-12-08T07:58:54.041+0000] {logging_mixin.py:190} INFO - [2025-12-08T07:58:54.040+0000] {dag.py:3211} INFO - Sync 1 DAGs
[2025-12-08T07:58:54.071+0000] {logging_mixin.py:190} INFO - [2025-12-08T07:58:54.070+0000] {dag.py:4138} INFO - Setting next_dagrun for example_nested_branch_dag to 2025-12-07 00:00:00+00:00, run_after=2025-12-08 00:00:00+00:00
[2025-12-08T07:58:54.094+0000] {processor.py:208} INFO - Processing /home/airflow/.local/lib/python3.12/site-packages/airflow/example_dags/example_nested_branch_dag.py took 0.103 seconds
[2025-12-08T07:59:24.405+0000] {processor.py:186} INFO - Started process (PID=4153) to work on /home/airflow/.local/lib/python3.12/site-packages/airflow/example_dags/example_nested_branch_dag.py
[2025-12-08T07:59:24.407+0000] {processor.py:914} INFO - Processing file /home/airflow/.local/lib/python3.12/site-packages/airflow/example_dags/example_nested_branch_dag.py for tasks to queue
[2025-12-08T07:59:24.410+0000] {logging_mixin.py:190} INFO - [2025-12-08T07:59:24.410+0000] {dagbag.py:587} INFO - Filling up the DagBag from /home/airflow/.local/lib/python3.12/site-packages/airflow/example_dags/example_nested_branch_dag.py
[2025-12-08T07:59:24.423+0000] {processor.py:925} INFO - DAG(s) 'example_nested_branch_dag' retrieved from /home/airflow/.local/lib/python3.12/site-packages/airflow/example_dags/example_nested_branch_dag.py
[2025-12-08T07:59:24.447+0000] {logging_mixin.py:190} INFO - [2025-12-08T07:59:24.447+0000] {dag.py:3211} INFO - Sync 1 DAGs
[2025-12-08T07:59:24.476+0000] {logging_mixin.py:190} INFO - [2025-12-08T07:59:24.475+0000] {dag.py:4138} INFO - Setting next_dagrun for example_nested_branch_dag to 2025-12-07 00:00:00+00:00, run_after=2025-12-08 00:00:00+00:00
[2025-12-08T07:59:24.499+0000] {processor.py:208} INFO - Processing /home/airflow/.local/lib/python3.12/site-packages/airflow/example_dags/example_nested_branch_dag.py took 0.101 seconds
[2025-12-08T07:59:54.728+0000] {processor.py:186} INFO - Started process (PID=4216) to work on /home/airflow/.local/lib/python3.12/site-packages/airflow/example_dags/example_nested_branch_dag.py
[2025-12-08T07:59:54.730+0000] {processor.py:914} INFO - Processing file /home/airflow/.local/lib/python3.12/site-packages/airflow/example_dags/example_nested_branch_dag.py for tasks to queue
[2025-12-08T07:59:54.733+0000] {logging_mixin.py:190} INFO - [2025-12-08T07:59:54.733+0000] {dagbag.py:587} INFO - Filling up the DagBag from /home/airflow/.local/lib/python3.12/site-packages/airflow/example_dags/example_nested_branch_dag.py
[2025-12-08T07:59:54.746+0000] {processor.py:925} INFO - DAG(s) 'example_nested_branch_dag' retrieved from /home/airflow/.local/lib/python3.12/site-packages/airflow/example_dags/example_nested_branch_dag.py
[2025-12-08T07:59:54.771+0000] {logging_mixin.py:190} INFO - [2025-12-08T07:59:54.770+0000] {dag.py:3211} INFO - Sync 1 DAGs
[2025-12-08T07:59:54.798+0000] {logging_mixin.py:190} INFO - [2025-12-08T07:59:54.797+0000] {dag.py:4138} INFO - Setting next_dagrun for example_nested_branch_dag to 2025-12-07 00:00:00+00:00, run_after=2025-12-08 00:00:00+00:00
[2025-12-08T07:59:54.819+0000] {processor.py:208} INFO - Processing /home/airflow/.local/lib/python3.12/site-packages/airflow/example_dags/example_nested_branch_dag.py took 0.098 seconds
[2025-12-08T08:00:24.929+0000] {processor.py:186} INFO - Started process (PID=4279) to work on /home/airflow/.local/lib/python3.12/site-packages/airflow/example_dags/example_nested_branch_dag.py
[2025-12-08T08:00:24.931+0000] {processor.py:914} INFO - Processing file /home/airflow/.local/lib/python3.12/site-packages/airflow/example_dags/example_nested_branch_dag.py for tasks to queue
[2025-12-08T08:00:24.934+0000] {logging_mixin.py:190} INFO - [2025-12-08T08:00:24.934+0000] {dagbag.py:587} INFO - Filling up the DagBag from /home/airflow/.local/lib/python3.12/site-packages/airflow/example_dags/example_nested_branch_dag.py
[2025-12-08T08:00:24.948+0000] {processor.py:925} INFO - DAG(s) 'example_nested_branch_dag' retrieved from /home/airflow/.local/lib/python3.12/site-packages/airflow/example_dags/example_nested_branch_dag.py
[2025-12-08T08:00:24.971+0000] {logging_mixin.py:190} INFO - [2025-12-08T08:00:24.970+0000] {dag.py:3211} INFO - Sync 1 DAGs
[2025-12-08T08:00:24.994+0000] {logging_mixin.py:190} INFO - [2025-12-08T08:00:24.994+0000] {dag.py:4138} INFO - Setting next_dagrun for example_nested_branch_dag to 2025-12-07 00:00:00+00:00, run_after=2025-12-08 00:00:00+00:00
[2025-12-08T08:00:25.015+0000] {processor.py:208} INFO - Processing /home/airflow/.local/lib/python3.12/site-packages/airflow/example_dags/example_nested_branch_dag.py took 0.093 seconds
[2025-12-08T08:00:55.334+0000] {processor.py:186} INFO - Started process (PID=4342) to work on /home/airflow/.local/lib/python3.12/site-packages/airflow/example_dags/example_nested_branch_dag.py
[2025-12-08T08:00:55.335+0000] {processor.py:914} INFO - Processing file /home/airflow/.local/lib/python3.12/site-packages/airflow/example_dags/example_nested_branch_dag.py for tasks to queue
[2025-12-08T08:00:55.338+0000] {logging_mixin.py:190} INFO - [2025-12-08T08:00:55.338+0000] {dagbag.py:587} INFO - Filling up the DagBag from /home/airflow/.local/lib/python3.12/site-packages/airflow/example_dags/example_nested_branch_dag.py
[2025-12-08T08:00:55.354+0000] {processor.py:925} INFO - DAG(s) 'example_nested_branch_dag' retrieved from /home/airflow/.local/lib/python3.12/site-packages/airflow/example_dags/example_nested_branch_dag.py
[2025-12-08T08:00:55.382+0000] {logging_mixin.py:190} INFO - [2025-12-08T08:00:55.382+0000] {dag.py:3211} INFO - Sync 1 DAGs
[2025-12-08T08:00:55.417+0000] {logging_mixin.py:190} INFO - [2025-12-08T08:00:55.417+0000] {dag.py:4138} INFO - Setting next_dagrun for example_nested_branch_dag to 2025-12-07 00:00:00+00:00, run_after=2025-12-08 00:00:00+00:00
[2025-12-08T08:00:55.442+0000] {processor.py:208} INFO - Processing /home/airflow/.local/lib/python3.12/site-packages/airflow/example_dags/example_nested_branch_dag.py took 0.116 seconds
[2025-12-08T08:01:25.802+0000] {processor.py:186} INFO - Started process (PID=4405) to work on /home/airflow/.local/lib/python3.12/site-packages/airflow/example_dags/example_nested_branch_dag.py
[2025-12-08T08:01:25.804+0000] {processor.py:914} INFO - Processing file /home/airflow/.local/lib/python3.12/site-packages/airflow/example_dags/example_nested_branch_dag.py for tasks to queue
[2025-12-08T08:01:25.807+0000] {logging_mixin.py:190} INFO - [2025-12-08T08:01:25.807+0000] {dagbag.py:587} INFO - Filling up the DagBag from /home/airflow/.local/lib/python3.12/site-packages/airflow/example_dags/example_nested_branch_dag.py
[2025-12-08T08:01:25.820+0000] {processor.py:925} INFO - DAG(s) 'example_nested_branch_dag' retrieved from /home/airflow/.local/lib/python3.12/site-packages/airflow/example_dags/example_nested_branch_dag.py
[2025-12-08T08:01:25.844+0000] {logging_mixin.py:190} INFO - [2025-12-08T08:01:25.844+0000] {dag.py:3211} INFO - Sync 1 DAGs
[2025-12-08T08:01:25.870+0000] {logging_mixin.py:190} INFO - [2025-12-08T08:01:25.870+0000] {dag.py:4138} INFO - Setting next_dagrun for example_nested_branch_dag to 2025-12-07 00:00:00+00:00, run_after=2025-12-08 00:00:00+00:00
[2025-12-08T08:01:25.891+0000] {processor.py:208} INFO - Processing /home/airflow/.local/lib/python3.12/site-packages/airflow/example_dags/example_nested_branch_dag.py took 0.095 seconds
[2025-12-08T08:01:56.191+0000] {processor.py:186} INFO - Started process (PID=4468) to work on /home/airflow/.local/lib/python3.12/site-packages/airflow/example_dags/example_nested_branch_dag.py
[2025-12-08T08:01:56.193+0000] {processor.py:914} INFO - Processing file /home/airflow/.local/lib/python3.12/site-packages/airflow/example_dags/example_nested_branch_dag.py for tasks to queue
[2025-12-08T08:01:56.198+0000] {logging_mixin.py:190} INFO - [2025-12-08T08:01:56.197+0000] {dagbag.py:587} INFO - Filling up the DagBag from /home/airflow/.local/lib/python3.12/site-packages/airflow/example_dags/example_nested_branch_dag.py
[2025-12-08T08:01:56.214+0000] {processor.py:925} INFO - DAG(s) 'example_nested_branch_dag' retrieved from /home/airflow/.local/lib/python3.12/site-packages/airflow/example_dags/example_nested_branch_dag.py
[2025-12-08T08:01:56.243+0000] {logging_mixin.py:190} INFO - [2025-12-08T08:01:56.243+0000] {dag.py:3211} INFO - Sync 1 DAGs
[2025-12-08T08:01:56.274+0000] {logging_mixin.py:190} INFO - [2025-12-08T08:01:56.274+0000] {dag.py:4138} INFO - Setting next_dagrun for example_nested_branch_dag to 2025-12-07 00:00:00+00:00, run_after=2025-12-08 00:00:00+00:00
[2025-12-08T08:01:56.302+0000] {processor.py:208} INFO - Processing /home/airflow/.local/lib/python3.12/site-packages/airflow/example_dags/example_nested_branch_dag.py took 0.118 seconds
[2025-12-08T08:02:26.551+0000] {processor.py:186} INFO - Started process (PID=4531) to work on /home/airflow/.local/lib/python3.12/site-packages/airflow/example_dags/example_nested_branch_dag.py
[2025-12-08T08:02:26.552+0000] {processor.py:914} INFO - Processing file /home/airflow/.local/lib/python3.12/site-packages/airflow/example_dags/example_nested_branch_dag.py for tasks to queue
[2025-12-08T08:02:26.557+0000] {logging_mixin.py:190} INFO - [2025-12-08T08:02:26.556+0000] {dagbag.py:587} INFO - Filling up the DagBag from /home/airflow/.local/lib/python3.12/site-packages/airflow/example_dags/example_nested_branch_dag.py
[2025-12-08T08:02:26.577+0000] {processor.py:925} INFO - DAG(s) 'example_nested_branch_dag' retrieved from /home/airflow/.local/lib/python3.12/site-packages/airflow/example_dags/example_nested_branch_dag.py
[2025-12-08T08:02:26.605+0000] {logging_mixin.py:190} INFO - [2025-12-08T08:02:26.605+0000] {dag.py:3211} INFO - Sync 1 DAGs
[2025-12-08T08:02:26.630+0000] {logging_mixin.py:190} INFO - [2025-12-08T08:02:26.630+0000] {dag.py:4138} INFO - Setting next_dagrun for example_nested_branch_dag to 2025-12-07 00:00:00+00:00, run_after=2025-12-08 00:00:00+00:00
[2025-12-08T08:02:26.656+0000] {processor.py:208} INFO - Processing /home/airflow/.local/lib/python3.12/site-packages/airflow/example_dags/example_nested_branch_dag.py took 0.115 seconds
[2025-12-08T08:02:57.127+0000] {processor.py:186} INFO - Started process (PID=4594) to work on /home/airflow/.local/lib/python3.12/site-packages/airflow/example_dags/example_nested_branch_dag.py
[2025-12-08T08:02:57.129+0000] {processor.py:914} INFO - Processing file /home/airflow/.local/lib/python3.12/site-packages/airflow/example_dags/example_nested_branch_dag.py for tasks to queue
[2025-12-08T08:02:57.141+0000] {logging_mixin.py:190} INFO - [2025-12-08T08:02:57.140+0000] {dagbag.py:587} INFO - Filling up the DagBag from /home/airflow/.local/lib/python3.12/site-packages/airflow/example_dags/example_nested_branch_dag.py
[2025-12-08T08:02:57.164+0000] {processor.py:925} INFO - DAG(s) 'example_nested_branch_dag' retrieved from /home/airflow/.local/lib/python3.12/site-packages/airflow/example_dags/example_nested_branch_dag.py
[2025-12-08T08:02:57.202+0000] {logging_mixin.py:190} INFO - [2025-12-08T08:02:57.202+0000] {dag.py:3211} INFO - Sync 1 DAGs
[2025-12-08T08:02:57.239+0000] {logging_mixin.py:190} INFO - [2025-12-08T08:02:57.238+0000] {dag.py:4138} INFO - Setting next_dagrun for example_nested_branch_dag to 2025-12-07 00:00:00+00:00, run_after=2025-12-08 00:00:00+00:00
[2025-12-08T08:02:57.283+0000] {processor.py:208} INFO - Processing /home/airflow/.local/lib/python3.12/site-packages/airflow/example_dags/example_nested_branch_dag.py took 0.167 seconds
[2025-12-08T08:03:27.494+0000] {processor.py:186} INFO - Started process (PID=4657) to work on /home/airflow/.local/lib/python3.12/site-packages/airflow/example_dags/example_nested_branch_dag.py
[2025-12-08T08:03:27.495+0000] {processor.py:914} INFO - Processing file /home/airflow/.local/lib/python3.12/site-packages/airflow/example_dags/example_nested_branch_dag.py for tasks to queue
[2025-12-08T08:03:27.498+0000] {logging_mixin.py:190} INFO - [2025-12-08T08:03:27.498+0000] {dagbag.py:587} INFO - Filling up the DagBag from /home/airflow/.local/lib/python3.12/site-packages/airflow/example_dags/example_nested_branch_dag.py
[2025-12-08T08:03:27.508+0000] {processor.py:925} INFO - DAG(s) 'example_nested_branch_dag' retrieved from /home/airflow/.local/lib/python3.12/site-packages/airflow/example_dags/example_nested_branch_dag.py
[2025-12-08T08:03:27.529+0000] {logging_mixin.py:190} INFO - [2025-12-08T08:03:27.528+0000] {dag.py:3211} INFO - Sync 1 DAGs
[2025-12-08T08:03:27.549+0000] {logging_mixin.py:190} INFO - [2025-12-08T08:03:27.549+0000] {dag.py:4138} INFO - Setting next_dagrun for example_nested_branch_dag to 2025-12-07 00:00:00+00:00, run_after=2025-12-08 00:00:00+00:00
[2025-12-08T08:03:27.571+0000] {processor.py:208} INFO - Processing /home/airflow/.local/lib/python3.12/site-packages/airflow/example_dags/example_nested_branch_dag.py took 0.083 seconds
[2025-12-08T08:03:57.843+0000] {processor.py:186} INFO - Started process (PID=4720) to work on /home/airflow/.local/lib/python3.12/site-packages/airflow/example_dags/example_nested_branch_dag.py
[2025-12-08T08:03:57.845+0000] {processor.py:914} INFO - Processing file /home/airflow/.local/lib/python3.12/site-packages/airflow/example_dags/example_nested_branch_dag.py for tasks to queue
[2025-12-08T08:03:57.849+0000] {logging_mixin.py:190} INFO - [2025-12-08T08:03:57.848+0000] {dagbag.py:587} INFO - Filling up the DagBag from /home/airflow/.local/lib/python3.12/site-packages/airflow/example_dags/example_nested_branch_dag.py
[2025-12-08T08:03:57.863+0000] {processor.py:925} INFO - DAG(s) 'example_nested_branch_dag' retrieved from /home/airflow/.local/lib/python3.12/site-packages/airflow/example_dags/example_nested_branch_dag.py
[2025-12-08T08:03:57.889+0000] {logging_mixin.py:190} INFO - [2025-12-08T08:03:57.888+0000] {dag.py:3211} INFO - Sync 1 DAGs
[2025-12-08T08:03:57.922+0000] {logging_mixin.py:190} INFO - [2025-12-08T08:03:57.921+0000] {dag.py:4138} INFO - Setting next_dagrun for example_nested_branch_dag to 2025-12-07 00:00:00+00:00, run_after=2025-12-08 00:00:00+00:00
[2025-12-08T08:03:57.952+0000] {processor.py:208} INFO - Processing /home/airflow/.local/lib/python3.12/site-packages/airflow/example_dags/example_nested_branch_dag.py took 0.117 seconds
[2025-12-08T08:04:28.431+0000] {processor.py:186} INFO - Started process (PID=4783) to work on /home/airflow/.local/lib/python3.12/site-packages/airflow/example_dags/example_nested_branch_dag.py
[2025-12-08T08:04:28.432+0000] {processor.py:914} INFO - Processing file /home/airflow/.local/lib/python3.12/site-packages/airflow/example_dags/example_nested_branch_dag.py for tasks to queue
[2025-12-08T08:04:28.436+0000] {logging_mixin.py:190} INFO - [2025-12-08T08:04:28.436+0000] {dagbag.py:587} INFO - Filling up the DagBag from /home/airflow/.local/lib/python3.12/site-packages/airflow/example_dags/example_nested_branch_dag.py
[2025-12-08T08:04:28.448+0000] {processor.py:925} INFO - DAG(s) 'example_nested_branch_dag' retrieved from /home/airflow/.local/lib/python3.12/site-packages/airflow/example_dags/example_nested_branch_dag.py
[2025-12-08T08:04:28.479+0000] {logging_mixin.py:190} INFO - [2025-12-08T08:04:28.478+0000] {dag.py:3211} INFO - Sync 1 DAGs
[2025-12-08T08:04:28.507+0000] {logging_mixin.py:190} INFO - [2025-12-08T08:04:28.506+0000] {dag.py:4138} INFO - Setting next_dagrun for example_nested_branch_dag to 2025-12-07 00:00:00+00:00, run_after=2025-12-08 00:00:00+00:00
[2025-12-08T08:04:28.542+0000] {processor.py:208} INFO - Processing /home/airflow/.local/lib/python3.12/site-packages/airflow/example_dags/example_nested_branch_dag.py took 0.117 seconds
[2025-12-08T08:04:58.622+0000] {processor.py:186} INFO - Started process (PID=4846) to work on /home/airflow/.local/lib/python3.12/site-packages/airflow/example_dags/example_nested_branch_dag.py
[2025-12-08T08:04:58.625+0000] {processor.py:914} INFO - Processing file /home/airflow/.local/lib/python3.12/site-packages/airflow/example_dags/example_nested_branch_dag.py for tasks to queue
[2025-12-08T08:04:58.630+0000] {logging_mixin.py:190} INFO - [2025-12-08T08:04:58.630+0000] {dagbag.py:587} INFO - Filling up the DagBag from /home/airflow/.local/lib/python3.12/site-packages/airflow/example_dags/example_nested_branch_dag.py
[2025-12-08T08:04:58.655+0000] {processor.py:925} INFO - DAG(s) 'example_nested_branch_dag' retrieved from /home/airflow/.local/lib/python3.12/site-packages/airflow/example_dags/example_nested_branch_dag.py
[2025-12-08T08:04:58.696+0000] {logging_mixin.py:190} INFO - [2025-12-08T08:04:58.696+0000] {dag.py:3211} INFO - Sync 1 DAGs
[2025-12-08T08:04:58.739+0000] {logging_mixin.py:190} INFO - [2025-12-08T08:04:58.739+0000] {dag.py:4138} INFO - Setting next_dagrun for example_nested_branch_dag to 2025-12-07 00:00:00+00:00, run_after=2025-12-08 00:00:00+00:00
[2025-12-08T08:04:58.777+0000] {processor.py:208} INFO - Processing /home/airflow/.local/lib/python3.12/site-packages/airflow/example_dags/example_nested_branch_dag.py took 0.168 seconds
[2025-12-08T08:05:29.228+0000] {processor.py:186} INFO - Started process (PID=4908) to work on /home/airflow/.local/lib/python3.12/site-packages/airflow/example_dags/example_nested_branch_dag.py
[2025-12-08T08:05:29.231+0000] {processor.py:914} INFO - Processing file /home/airflow/.local/lib/python3.12/site-packages/airflow/example_dags/example_nested_branch_dag.py for tasks to queue
[2025-12-08T08:05:29.239+0000] {logging_mixin.py:190} INFO - [2025-12-08T08:05:29.238+0000] {dagbag.py:587} INFO - Filling up the DagBag from /home/airflow/.local/lib/python3.12/site-packages/airflow/example_dags/example_nested_branch_dag.py
[2025-12-08T08:05:29.265+0000] {processor.py:925} INFO - DAG(s) 'example_nested_branch_dag' retrieved from /home/airflow/.local/lib/python3.12/site-packages/airflow/example_dags/example_nested_branch_dag.py
[2025-12-08T08:05:29.310+0000] {logging_mixin.py:190} INFO - [2025-12-08T08:05:29.309+0000] {dag.py:3211} INFO - Sync 1 DAGs
[2025-12-08T08:05:29.352+0000] {logging_mixin.py:190} INFO - [2025-12-08T08:05:29.351+0000] {dag.py:4138} INFO - Setting next_dagrun for example_nested_branch_dag to 2025-12-07 00:00:00+00:00, run_after=2025-12-08 00:00:00+00:00
[2025-12-08T08:05:29.389+0000] {processor.py:208} INFO - Processing /home/airflow/.local/lib/python3.12/site-packages/airflow/example_dags/example_nested_branch_dag.py took 0.180 seconds
[2025-12-08T08:06:00.316+0000] {processor.py:186} INFO - Started process (PID=4971) to work on /home/airflow/.local/lib/python3.12/site-packages/airflow/example_dags/example_nested_branch_dag.py
[2025-12-08T08:06:00.319+0000] {processor.py:914} INFO - Processing file /home/airflow/.local/lib/python3.12/site-packages/airflow/example_dags/example_nested_branch_dag.py for tasks to queue
[2025-12-08T08:06:00.323+0000] {logging_mixin.py:190} INFO - [2025-12-08T08:06:00.323+0000] {dagbag.py:587} INFO - Filling up the DagBag from /home/airflow/.local/lib/python3.12/site-packages/airflow/example_dags/example_nested_branch_dag.py
[2025-12-08T08:06:00.342+0000] {processor.py:925} INFO - DAG(s) 'example_nested_branch_dag' retrieved from /home/airflow/.local/lib/python3.12/site-packages/airflow/example_dags/example_nested_branch_dag.py
[2025-12-08T08:06:00.375+0000] {logging_mixin.py:190} INFO - [2025-12-08T08:06:00.375+0000] {dag.py:3211} INFO - Sync 1 DAGs
[2025-12-08T08:06:00.416+0000] {logging_mixin.py:190} INFO - [2025-12-08T08:06:00.416+0000] {dag.py:4138} INFO - Setting next_dagrun for example_nested_branch_dag to 2025-12-07 00:00:00+00:00, run_after=2025-12-08 00:00:00+00:00
[2025-12-08T08:06:00.444+0000] {processor.py:208} INFO - Processing /home/airflow/.local/lib/python3.12/site-packages/airflow/example_dags/example_nested_branch_dag.py took 0.144 seconds
[2025-12-08T08:06:31.310+0000] {processor.py:186} INFO - Started process (PID=5040) to work on /home/airflow/.local/lib/python3.12/site-packages/airflow/example_dags/example_nested_branch_dag.py
[2025-12-08T08:06:31.317+0000] {processor.py:914} INFO - Processing file /home/airflow/.local/lib/python3.12/site-packages/airflow/example_dags/example_nested_branch_dag.py for tasks to queue
[2025-12-08T08:06:31.327+0000] {logging_mixin.py:190} INFO - [2025-12-08T08:06:31.325+0000] {dagbag.py:587} INFO - Filling up the DagBag from /home/airflow/.local/lib/python3.12/site-packages/airflow/example_dags/example_nested_branch_dag.py
[2025-12-08T08:06:31.407+0000] {processor.py:925} INFO - DAG(s) 'example_nested_branch_dag' retrieved from /home/airflow/.local/lib/python3.12/site-packages/airflow/example_dags/example_nested_branch_dag.py
[2025-12-08T08:06:31.533+0000] {logging_mixin.py:190} INFO - [2025-12-08T08:06:31.532+0000] {dag.py:3211} INFO - Sync 1 DAGs
[2025-12-08T08:06:31.650+0000] {logging_mixin.py:190} INFO - [2025-12-08T08:06:31.649+0000] {dag.py:4138} INFO - Setting next_dagrun for example_nested_branch_dag to 2025-12-07 00:00:00+00:00, run_after=2025-12-08 00:00:00+00:00
[2025-12-08T08:06:31.739+0000] {processor.py:208} INFO - Processing /home/airflow/.local/lib/python3.12/site-packages/airflow/example_dags/example_nested_branch_dag.py took 0.465 seconds
[2025-12-08T08:07:01.905+0000] {processor.py:186} INFO - Started process (PID=5103) to work on /home/airflow/.local/lib/python3.12/site-packages/airflow/example_dags/example_nested_branch_dag.py
[2025-12-08T08:07:01.910+0000] {processor.py:914} INFO - Processing file /home/airflow/.local/lib/python3.12/site-packages/airflow/example_dags/example_nested_branch_dag.py for tasks to queue
[2025-12-08T08:07:01.918+0000] {logging_mixin.py:190} INFO - [2025-12-08T08:07:01.916+0000] {dagbag.py:587} INFO - Filling up the DagBag from /home/airflow/.local/lib/python3.12/site-packages/airflow/example_dags/example_nested_branch_dag.py
[2025-12-08T08:07:01.942+0000] {processor.py:925} INFO - DAG(s) 'example_nested_branch_dag' retrieved from /home/airflow/.local/lib/python3.12/site-packages/airflow/example_dags/example_nested_branch_dag.py
[2025-12-08T08:07:02.000+0000] {logging_mixin.py:190} INFO - [2025-12-08T08:07:01.999+0000] {dag.py:3211} INFO - Sync 1 DAGs
[2025-12-08T08:07:02.057+0000] {logging_mixin.py:190} INFO - [2025-12-08T08:07:02.057+0000] {dag.py:4138} INFO - Setting next_dagrun for example_nested_branch_dag to 2025-12-07 00:00:00+00:00, run_after=2025-12-08 00:00:00+00:00
[2025-12-08T08:07:02.100+0000] {processor.py:208} INFO - Processing /home/airflow/.local/lib/python3.12/site-packages/airflow/example_dags/example_nested_branch_dag.py took 0.208 seconds
[2025-12-08T08:07:32.730+0000] {processor.py:186} INFO - Started process (PID=5166) to work on /home/airflow/.local/lib/python3.12/site-packages/airflow/example_dags/example_nested_branch_dag.py
[2025-12-08T08:07:32.732+0000] {processor.py:914} INFO - Processing file /home/airflow/.local/lib/python3.12/site-packages/airflow/example_dags/example_nested_branch_dag.py for tasks to queue
[2025-12-08T08:07:32.737+0000] {logging_mixin.py:190} INFO - [2025-12-08T08:07:32.737+0000] {dagbag.py:587} INFO - Filling up the DagBag from /home/airflow/.local/lib/python3.12/site-packages/airflow/example_dags/example_nested_branch_dag.py
[2025-12-08T08:07:32.756+0000] {processor.py:925} INFO - DAG(s) 'example_nested_branch_dag' retrieved from /home/airflow/.local/lib/python3.12/site-packages/airflow/example_dags/example_nested_branch_dag.py
[2025-12-08T08:07:32.789+0000] {logging_mixin.py:190} INFO - [2025-12-08T08:07:32.789+0000] {dag.py:3211} INFO - Sync 1 DAGs
[2025-12-08T08:07:32.824+0000] {logging_mixin.py:190} INFO - [2025-12-08T08:07:32.823+0000] {dag.py:4138} INFO - Setting next_dagrun for example_nested_branch_dag to 2025-12-07 00:00:00+00:00, run_after=2025-12-08 00:00:00+00:00
[2025-12-08T08:07:32.850+0000] {processor.py:208} INFO - Processing /home/airflow/.local/lib/python3.12/site-packages/airflow/example_dags/example_nested_branch_dag.py took 0.129 seconds
[2025-12-08T08:08:02.985+0000] {processor.py:186} INFO - Started process (PID=5230) to work on /home/airflow/.local/lib/python3.12/site-packages/airflow/example_dags/example_nested_branch_dag.py
[2025-12-08T08:08:02.987+0000] {processor.py:914} INFO - Processing file /home/airflow/.local/lib/python3.12/site-packages/airflow/example_dags/example_nested_branch_dag.py for tasks to queue
[2025-12-08T08:08:02.991+0000] {logging_mixin.py:190} INFO - [2025-12-08T08:08:02.990+0000] {dagbag.py:587} INFO - Filling up the DagBag from /home/airflow/.local/lib/python3.12/site-packages/airflow/example_dags/example_nested_branch_dag.py
[2025-12-08T08:08:03.006+0000] {processor.py:925} INFO - DAG(s) 'example_nested_branch_dag' retrieved from /home/airflow/.local/lib/python3.12/site-packages/airflow/example_dags/example_nested_branch_dag.py
[2025-12-08T08:08:03.041+0000] {logging_mixin.py:190} INFO - [2025-12-08T08:08:03.040+0000] {dag.py:3211} INFO - Sync 1 DAGs
[2025-12-08T08:08:03.075+0000] {logging_mixin.py:190} INFO - [2025-12-08T08:08:03.075+0000] {dag.py:4138} INFO - Setting next_dagrun for example_nested_branch_dag to 2025-12-07 00:00:00+00:00, run_after=2025-12-08 00:00:00+00:00
[2025-12-08T08:08:03.107+0000] {processor.py:208} INFO - Processing /home/airflow/.local/lib/python3.12/site-packages/airflow/example_dags/example_nested_branch_dag.py took 0.131 seconds
[2025-12-08T08:08:33.273+0000] {processor.py:186} INFO - Started process (PID=5292) to work on /home/airflow/.local/lib/python3.12/site-packages/airflow/example_dags/example_nested_branch_dag.py
[2025-12-08T08:08:33.276+0000] {processor.py:914} INFO - Processing file /home/airflow/.local/lib/python3.12/site-packages/airflow/example_dags/example_nested_branch_dag.py for tasks to queue
[2025-12-08T08:08:33.280+0000] {logging_mixin.py:190} INFO - [2025-12-08T08:08:33.280+0000] {dagbag.py:587} INFO - Filling up the DagBag from /home/airflow/.local/lib/python3.12/site-packages/airflow/example_dags/example_nested_branch_dag.py
[2025-12-08T08:08:33.293+0000] {processor.py:925} INFO - DAG(s) 'example_nested_branch_dag' retrieved from /home/airflow/.local/lib/python3.12/site-packages/airflow/example_dags/example_nested_branch_dag.py
[2025-12-08T08:08:33.321+0000] {logging_mixin.py:190} INFO - [2025-12-08T08:08:33.321+0000] {dag.py:3211} INFO - Sync 1 DAGs
[2025-12-08T08:08:33.350+0000] {logging_mixin.py:190} INFO - [2025-12-08T08:08:33.350+0000] {dag.py:4138} INFO - Setting next_dagrun for example_nested_branch_dag to 2025-12-07 00:00:00+00:00, run_after=2025-12-08 00:00:00+00:00
[2025-12-08T08:08:33.380+0000] {processor.py:208} INFO - Processing /home/airflow/.local/lib/python3.12/site-packages/airflow/example_dags/example_nested_branch_dag.py took 0.119 seconds
[2025-12-08T08:09:04.093+0000] {processor.py:186} INFO - Started process (PID=5355) to work on /home/airflow/.local/lib/python3.12/site-packages/airflow/example_dags/example_nested_branch_dag.py
[2025-12-08T08:09:04.095+0000] {processor.py:914} INFO - Processing file /home/airflow/.local/lib/python3.12/site-packages/airflow/example_dags/example_nested_branch_dag.py for tasks to queue
[2025-12-08T08:09:04.100+0000] {logging_mixin.py:190} INFO - [2025-12-08T08:09:04.099+0000] {dagbag.py:587} INFO - Filling up the DagBag from /home/airflow/.local/lib/python3.12/site-packages/airflow/example_dags/example_nested_branch_dag.py
[2025-12-08T08:09:04.117+0000] {processor.py:925} INFO - DAG(s) 'example_nested_branch_dag' retrieved from /home/airflow/.local/lib/python3.12/site-packages/airflow/example_dags/example_nested_branch_dag.py
[2025-12-08T08:09:04.144+0000] {logging_mixin.py:190} INFO - [2025-12-08T08:09:04.143+0000] {dag.py:3211} INFO - Sync 1 DAGs
[2025-12-08T08:09:04.175+0000] {logging_mixin.py:190} INFO - [2025-12-08T08:09:04.174+0000] {dag.py:4138} INFO - Setting next_dagrun for example_nested_branch_dag to 2025-12-07 00:00:00+00:00, run_after=2025-12-08 00:00:00+00:00
[2025-12-08T08:09:04.207+0000] {processor.py:208} INFO - Processing /home/airflow/.local/lib/python3.12/site-packages/airflow/example_dags/example_nested_branch_dag.py took 0.122 seconds
[2025-12-08T08:09:34.428+0000] {processor.py:186} INFO - Started process (PID=5418) to work on /home/airflow/.local/lib/python3.12/site-packages/airflow/example_dags/example_nested_branch_dag.py
[2025-12-08T08:09:34.431+0000] {processor.py:914} INFO - Processing file /home/airflow/.local/lib/python3.12/site-packages/airflow/example_dags/example_nested_branch_dag.py for tasks to queue
[2025-12-08T08:09:34.435+0000] {logging_mixin.py:190} INFO - [2025-12-08T08:09:34.434+0000] {dagbag.py:587} INFO - Filling up the DagBag from /home/airflow/.local/lib/python3.12/site-packages/airflow/example_dags/example_nested_branch_dag.py
[2025-12-08T08:09:34.452+0000] {processor.py:925} INFO - DAG(s) 'example_nested_branch_dag' retrieved from /home/airflow/.local/lib/python3.12/site-packages/airflow/example_dags/example_nested_branch_dag.py
[2025-12-08T08:09:34.493+0000] {logging_mixin.py:190} INFO - [2025-12-08T08:09:34.493+0000] {dag.py:3211} INFO - Sync 1 DAGs
[2025-12-08T08:09:34.543+0000] {logging_mixin.py:190} INFO - [2025-12-08T08:09:34.542+0000] {dag.py:4138} INFO - Setting next_dagrun for example_nested_branch_dag to 2025-12-07 00:00:00+00:00, run_after=2025-12-08 00:00:00+00:00
[2025-12-08T08:09:34.582+0000] {processor.py:208} INFO - Processing /home/airflow/.local/lib/python3.12/site-packages/airflow/example_dags/example_nested_branch_dag.py took 0.164 seconds
[2025-12-08T08:10:04.681+0000] {processor.py:186} INFO - Started process (PID=5481) to work on /home/airflow/.local/lib/python3.12/site-packages/airflow/example_dags/example_nested_branch_dag.py
[2025-12-08T08:10:04.683+0000] {processor.py:914} INFO - Processing file /home/airflow/.local/lib/python3.12/site-packages/airflow/example_dags/example_nested_branch_dag.py for tasks to queue
[2025-12-08T08:10:04.686+0000] {logging_mixin.py:190} INFO - [2025-12-08T08:10:04.686+0000] {dagbag.py:587} INFO - Filling up the DagBag from /home/airflow/.local/lib/python3.12/site-packages/airflow/example_dags/example_nested_branch_dag.py
[2025-12-08T08:10:04.704+0000] {processor.py:925} INFO - DAG(s) 'example_nested_branch_dag' retrieved from /home/airflow/.local/lib/python3.12/site-packages/airflow/example_dags/example_nested_branch_dag.py
[2025-12-08T08:10:04.736+0000] {logging_mixin.py:190} INFO - [2025-12-08T08:10:04.736+0000] {dag.py:3211} INFO - Sync 1 DAGs
[2025-12-08T08:10:04.767+0000] {logging_mixin.py:190} INFO - [2025-12-08T08:10:04.767+0000] {dag.py:4138} INFO - Setting next_dagrun for example_nested_branch_dag to 2025-12-07 00:00:00+00:00, run_after=2025-12-08 00:00:00+00:00
[2025-12-08T08:10:04.796+0000] {processor.py:208} INFO - Processing /home/airflow/.local/lib/python3.12/site-packages/airflow/example_dags/example_nested_branch_dag.py took 0.122 seconds
[2025-12-08T08:10:34.941+0000] {processor.py:186} INFO - Started process (PID=5544) to work on /home/airflow/.local/lib/python3.12/site-packages/airflow/example_dags/example_nested_branch_dag.py
[2025-12-08T08:10:34.943+0000] {processor.py:914} INFO - Processing file /home/airflow/.local/lib/python3.12/site-packages/airflow/example_dags/example_nested_branch_dag.py for tasks to queue
[2025-12-08T08:10:34.947+0000] {logging_mixin.py:190} INFO - [2025-12-08T08:10:34.947+0000] {dagbag.py:587} INFO - Filling up the DagBag from /home/airflow/.local/lib/python3.12/site-packages/airflow/example_dags/example_nested_branch_dag.py
[2025-12-08T08:10:34.964+0000] {processor.py:925} INFO - DAG(s) 'example_nested_branch_dag' retrieved from /home/airflow/.local/lib/python3.12/site-packages/airflow/example_dags/example_nested_branch_dag.py
[2025-12-08T08:10:34.994+0000] {logging_mixin.py:190} INFO - [2025-12-08T08:10:34.994+0000] {dag.py:3211} INFO - Sync 1 DAGs
[2025-12-08T08:10:35.027+0000] {logging_mixin.py:190} INFO - [2025-12-08T08:10:35.026+0000] {dag.py:4138} INFO - Setting next_dagrun for example_nested_branch_dag to 2025-12-07 00:00:00+00:00, run_after=2025-12-08 00:00:00+00:00
[2025-12-08T08:10:35.059+0000] {processor.py:208} INFO - Processing /home/airflow/.local/lib/python3.12/site-packages/airflow/example_dags/example_nested_branch_dag.py took 0.127 seconds
[2025-12-08T08:11:05.686+0000] {processor.py:186} INFO - Started process (PID=5607) to work on /home/airflow/.local/lib/python3.12/site-packages/airflow/example_dags/example_nested_branch_dag.py
[2025-12-08T08:11:05.688+0000] {processor.py:914} INFO - Processing file /home/airflow/.local/lib/python3.12/site-packages/airflow/example_dags/example_nested_branch_dag.py for tasks to queue
[2025-12-08T08:11:05.692+0000] {logging_mixin.py:190} INFO - [2025-12-08T08:11:05.691+0000] {dagbag.py:587} INFO - Filling up the DagBag from /home/airflow/.local/lib/python3.12/site-packages/airflow/example_dags/example_nested_branch_dag.py
[2025-12-08T08:11:05.709+0000] {processor.py:925} INFO - DAG(s) 'example_nested_branch_dag' retrieved from /home/airflow/.local/lib/python3.12/site-packages/airflow/example_dags/example_nested_branch_dag.py
[2025-12-08T08:11:05.740+0000] {logging_mixin.py:190} INFO - [2025-12-08T08:11:05.739+0000] {dag.py:3211} INFO - Sync 1 DAGs
[2025-12-08T08:11:05.779+0000] {logging_mixin.py:190} INFO - [2025-12-08T08:11:05.778+0000] {dag.py:4138} INFO - Setting next_dagrun for example_nested_branch_dag to 2025-12-07 00:00:00+00:00, run_after=2025-12-08 00:00:00+00:00
[2025-12-08T08:11:05.810+0000] {processor.py:208} INFO - Processing /home/airflow/.local/lib/python3.12/site-packages/airflow/example_dags/example_nested_branch_dag.py took 0.133 seconds
[2025-12-08T08:11:36.144+0000] {processor.py:186} INFO - Started process (PID=5676) to work on /home/airflow/.local/lib/python3.12/site-packages/airflow/example_dags/example_nested_branch_dag.py
[2025-12-08T08:11:36.145+0000] {processor.py:914} INFO - Processing file /home/airflow/.local/lib/python3.12/site-packages/airflow/example_dags/example_nested_branch_dag.py for tasks to queue
[2025-12-08T08:11:36.149+0000] {logging_mixin.py:190} INFO - [2025-12-08T08:11:36.149+0000] {dagbag.py:587} INFO - Filling up the DagBag from /home/airflow/.local/lib/python3.12/site-packages/airflow/example_dags/example_nested_branch_dag.py
[2025-12-08T08:11:36.165+0000] {processor.py:925} INFO - DAG(s) 'example_nested_branch_dag' retrieved from /home/airflow/.local/lib/python3.12/site-packages/airflow/example_dags/example_nested_branch_dag.py
[2025-12-08T08:11:36.193+0000] {logging_mixin.py:190} INFO - [2025-12-08T08:11:36.193+0000] {dag.py:3211} INFO - Sync 1 DAGs
[2025-12-08T08:11:36.224+0000] {logging_mixin.py:190} INFO - [2025-12-08T08:11:36.224+0000] {dag.py:4138} INFO - Setting next_dagrun for example_nested_branch_dag to 2025-12-07 00:00:00+00:00, run_after=2025-12-08 00:00:00+00:00
[2025-12-08T08:11:36.251+0000] {processor.py:208} INFO - Processing /home/airflow/.local/lib/python3.12/site-packages/airflow/example_dags/example_nested_branch_dag.py took 0.115 seconds
[2025-12-08T08:12:06.786+0000] {processor.py:186} INFO - Started process (PID=5739) to work on /home/airflow/.local/lib/python3.12/site-packages/airflow/example_dags/example_nested_branch_dag.py
[2025-12-08T08:12:06.788+0000] {processor.py:914} INFO - Processing file /home/airflow/.local/lib/python3.12/site-packages/airflow/example_dags/example_nested_branch_dag.py for tasks to queue
[2025-12-08T08:12:06.793+0000] {logging_mixin.py:190} INFO - [2025-12-08T08:12:06.793+0000] {dagbag.py:587} INFO - Filling up the DagBag from /home/airflow/.local/lib/python3.12/site-packages/airflow/example_dags/example_nested_branch_dag.py
[2025-12-08T08:12:06.808+0000] {processor.py:925} INFO - DAG(s) 'example_nested_branch_dag' retrieved from /home/airflow/.local/lib/python3.12/site-packages/airflow/example_dags/example_nested_branch_dag.py
[2025-12-08T08:12:06.841+0000] {logging_mixin.py:190} INFO - [2025-12-08T08:12:06.841+0000] {dag.py:3211} INFO - Sync 1 DAGs
[2025-12-08T08:12:06.883+0000] {logging_mixin.py:190} INFO - [2025-12-08T08:12:06.883+0000] {dag.py:4138} INFO - Setting next_dagrun for example_nested_branch_dag to 2025-12-07 00:00:00+00:00, run_after=2025-12-08 00:00:00+00:00
[2025-12-08T08:12:06.918+0000] {processor.py:208} INFO - Processing /home/airflow/.local/lib/python3.12/site-packages/airflow/example_dags/example_nested_branch_dag.py took 0.138 seconds
[2025-12-08T08:12:37.058+0000] {processor.py:186} INFO - Started process (PID=5802) to work on /home/airflow/.local/lib/python3.12/site-packages/airflow/example_dags/example_nested_branch_dag.py
[2025-12-08T08:12:37.062+0000] {processor.py:914} INFO - Processing file /home/airflow/.local/lib/python3.12/site-packages/airflow/example_dags/example_nested_branch_dag.py for tasks to queue
[2025-12-08T08:12:37.071+0000] {logging_mixin.py:190} INFO - [2025-12-08T08:12:37.070+0000] {dagbag.py:587} INFO - Filling up the DagBag from /home/airflow/.local/lib/python3.12/site-packages/airflow/example_dags/example_nested_branch_dag.py
[2025-12-08T08:12:37.098+0000] {processor.py:925} INFO - DAG(s) 'example_nested_branch_dag' retrieved from /home/airflow/.local/lib/python3.12/site-packages/airflow/example_dags/example_nested_branch_dag.py
[2025-12-08T08:12:37.169+0000] {logging_mixin.py:190} INFO - [2025-12-08T08:12:37.168+0000] {dag.py:3211} INFO - Sync 1 DAGs
[2025-12-08T08:12:37.283+0000] {logging_mixin.py:190} INFO - [2025-12-08T08:12:37.282+0000] {dag.py:4138} INFO - Setting next_dagrun for example_nested_branch_dag to 2025-12-07 00:00:00+00:00, run_after=2025-12-08 00:00:00+00:00
[2025-12-08T08:12:37.354+0000] {processor.py:208} INFO - Processing /home/airflow/.local/lib/python3.12/site-packages/airflow/example_dags/example_nested_branch_dag.py took 0.311 seconds
[2025-12-08T08:13:07.549+0000] {processor.py:186} INFO - Started process (PID=5865) to work on /home/airflow/.local/lib/python3.12/site-packages/airflow/example_dags/example_nested_branch_dag.py
[2025-12-08T08:13:07.555+0000] {processor.py:914} INFO - Processing file /home/airflow/.local/lib/python3.12/site-packages/airflow/example_dags/example_nested_branch_dag.py for tasks to queue
[2025-12-08T08:13:07.562+0000] {logging_mixin.py:190} INFO - [2025-12-08T08:13:07.561+0000] {dagbag.py:587} INFO - Filling up the DagBag from /home/airflow/.local/lib/python3.12/site-packages/airflow/example_dags/example_nested_branch_dag.py
[2025-12-08T08:13:07.595+0000] {processor.py:925} INFO - DAG(s) 'example_nested_branch_dag' retrieved from /home/airflow/.local/lib/python3.12/site-packages/airflow/example_dags/example_nested_branch_dag.py
[2025-12-08T08:13:07.665+0000] {logging_mixin.py:190} INFO - [2025-12-08T08:13:07.665+0000] {dag.py:3211} INFO - Sync 1 DAGs
[2025-12-08T08:13:07.732+0000] {logging_mixin.py:190} INFO - [2025-12-08T08:13:07.731+0000] {dag.py:4138} INFO - Setting next_dagrun for example_nested_branch_dag to 2025-12-07 00:00:00+00:00, run_after=2025-12-08 00:00:00+00:00
[2025-12-08T08:13:07.789+0000] {processor.py:208} INFO - Processing /home/airflow/.local/lib/python3.12/site-packages/airflow/example_dags/example_nested_branch_dag.py took 0.256 seconds
[2025-12-08T08:13:38.626+0000] {processor.py:186} INFO - Started process (PID=5929) to work on /home/airflow/.local/lib/python3.12/site-packages/airflow/example_dags/example_nested_branch_dag.py
[2025-12-08T08:13:38.627+0000] {processor.py:914} INFO - Processing file /home/airflow/.local/lib/python3.12/site-packages/airflow/example_dags/example_nested_branch_dag.py for tasks to queue
[2025-12-08T08:13:38.631+0000] {logging_mixin.py:190} INFO - [2025-12-08T08:13:38.630+0000] {dagbag.py:587} INFO - Filling up the DagBag from /home/airflow/.local/lib/python3.12/site-packages/airflow/example_dags/example_nested_branch_dag.py
[2025-12-08T08:13:38.653+0000] {processor.py:925} INFO - DAG(s) 'example_nested_branch_dag' retrieved from /home/airflow/.local/lib/python3.12/site-packages/airflow/example_dags/example_nested_branch_dag.py
[2025-12-08T08:13:38.686+0000] {logging_mixin.py:190} INFO - [2025-12-08T08:13:38.685+0000] {dag.py:3211} INFO - Sync 1 DAGs
[2025-12-08T08:13:38.710+0000] {logging_mixin.py:190} INFO - [2025-12-08T08:13:38.710+0000] {dag.py:4138} INFO - Setting next_dagrun for example_nested_branch_dag to 2025-12-07 00:00:00+00:00, run_after=2025-12-08 00:00:00+00:00
[2025-12-08T08:13:38.739+0000] {processor.py:208} INFO - Processing /home/airflow/.local/lib/python3.12/site-packages/airflow/example_dags/example_nested_branch_dag.py took 0.123 seconds
[2025-12-08T08:14:09.538+0000] {processor.py:186} INFO - Started process (PID=5992) to work on /home/airflow/.local/lib/python3.12/site-packages/airflow/example_dags/example_nested_branch_dag.py
[2025-12-08T08:14:09.541+0000] {processor.py:914} INFO - Processing file /home/airflow/.local/lib/python3.12/site-packages/airflow/example_dags/example_nested_branch_dag.py for tasks to queue
[2025-12-08T08:14:09.546+0000] {logging_mixin.py:190} INFO - [2025-12-08T08:14:09.545+0000] {dagbag.py:587} INFO - Filling up the DagBag from /home/airflow/.local/lib/python3.12/site-packages/airflow/example_dags/example_nested_branch_dag.py
[2025-12-08T08:14:09.559+0000] {processor.py:925} INFO - DAG(s) 'example_nested_branch_dag' retrieved from /home/airflow/.local/lib/python3.12/site-packages/airflow/example_dags/example_nested_branch_dag.py
[2025-12-08T08:14:09.584+0000] {logging_mixin.py:190} INFO - [2025-12-08T08:14:09.583+0000] {dag.py:3211} INFO - Sync 1 DAGs
[2025-12-08T08:14:09.609+0000] {logging_mixin.py:190} INFO - [2025-12-08T08:14:09.608+0000] {dag.py:4138} INFO - Setting next_dagrun for example_nested_branch_dag to 2025-12-07 00:00:00+00:00, run_after=2025-12-08 00:00:00+00:00
[2025-12-08T08:14:09.638+0000] {processor.py:208} INFO - Processing /home/airflow/.local/lib/python3.12/site-packages/airflow/example_dags/example_nested_branch_dag.py took 0.110 seconds
[2025-12-08T08:14:40.060+0000] {processor.py:186} INFO - Started process (PID=6056) to work on /home/airflow/.local/lib/python3.12/site-packages/airflow/example_dags/example_nested_branch_dag.py
[2025-12-08T08:14:40.063+0000] {processor.py:914} INFO - Processing file /home/airflow/.local/lib/python3.12/site-packages/airflow/example_dags/example_nested_branch_dag.py for tasks to queue
[2025-12-08T08:14:40.066+0000] {logging_mixin.py:190} INFO - [2025-12-08T08:14:40.065+0000] {dagbag.py:587} INFO - Filling up the DagBag from /home/airflow/.local/lib/python3.12/site-packages/airflow/example_dags/example_nested_branch_dag.py
[2025-12-08T08:14:40.082+0000] {processor.py:925} INFO - DAG(s) 'example_nested_branch_dag' retrieved from /home/airflow/.local/lib/python3.12/site-packages/airflow/example_dags/example_nested_branch_dag.py
[2025-12-08T08:14:40.111+0000] {logging_mixin.py:190} INFO - [2025-12-08T08:14:40.110+0000] {dag.py:3211} INFO - Sync 1 DAGs
[2025-12-08T08:14:40.138+0000] {logging_mixin.py:190} INFO - [2025-12-08T08:14:40.138+0000] {dag.py:4138} INFO - Setting next_dagrun for example_nested_branch_dag to 2025-12-07 00:00:00+00:00, run_after=2025-12-08 00:00:00+00:00
[2025-12-08T08:14:40.166+0000] {processor.py:208} INFO - Processing /home/airflow/.local/lib/python3.12/site-packages/airflow/example_dags/example_nested_branch_dag.py took 0.117 seconds
[2025-12-08T08:15:10.839+0000] {processor.py:186} INFO - Started process (PID=6119) to work on /home/airflow/.local/lib/python3.12/site-packages/airflow/example_dags/example_nested_branch_dag.py
[2025-12-08T08:15:10.840+0000] {processor.py:914} INFO - Processing file /home/airflow/.local/lib/python3.12/site-packages/airflow/example_dags/example_nested_branch_dag.py for tasks to queue
[2025-12-08T08:15:10.843+0000] {logging_mixin.py:190} INFO - [2025-12-08T08:15:10.843+0000] {dagbag.py:587} INFO - Filling up the DagBag from /home/airflow/.local/lib/python3.12/site-packages/airflow/example_dags/example_nested_branch_dag.py
[2025-12-08T08:15:10.855+0000] {processor.py:925} INFO - DAG(s) 'example_nested_branch_dag' retrieved from /home/airflow/.local/lib/python3.12/site-packages/airflow/example_dags/example_nested_branch_dag.py
[2025-12-08T08:15:10.880+0000] {logging_mixin.py:190} INFO - [2025-12-08T08:15:10.880+0000] {dag.py:3211} INFO - Sync 1 DAGs
[2025-12-08T08:15:10.905+0000] {logging_mixin.py:190} INFO - [2025-12-08T08:15:10.905+0000] {dag.py:4138} INFO - Setting next_dagrun for example_nested_branch_dag to 2025-12-07 00:00:00+00:00, run_after=2025-12-08 00:00:00+00:00
[2025-12-08T08:15:10.931+0000] {processor.py:208} INFO - Processing /home/airflow/.local/lib/python3.12/site-packages/airflow/example_dags/example_nested_branch_dag.py took 0.099 seconds
[2025-12-08T08:15:41.641+0000] {processor.py:186} INFO - Started process (PID=6182) to work on /home/airflow/.local/lib/python3.12/site-packages/airflow/example_dags/example_nested_branch_dag.py
[2025-12-08T08:15:41.643+0000] {processor.py:914} INFO - Processing file /home/airflow/.local/lib/python3.12/site-packages/airflow/example_dags/example_nested_branch_dag.py for tasks to queue
[2025-12-08T08:15:41.647+0000] {logging_mixin.py:190} INFO - [2025-12-08T08:15:41.647+0000] {dagbag.py:587} INFO - Filling up the DagBag from /home/airflow/.local/lib/python3.12/site-packages/airflow/example_dags/example_nested_branch_dag.py
[2025-12-08T08:15:41.659+0000] {processor.py:925} INFO - DAG(s) 'example_nested_branch_dag' retrieved from /home/airflow/.local/lib/python3.12/site-packages/airflow/example_dags/example_nested_branch_dag.py
[2025-12-08T08:15:41.687+0000] {logging_mixin.py:190} INFO - [2025-12-08T08:15:41.687+0000] {dag.py:3211} INFO - Sync 1 DAGs
[2025-12-08T08:15:41.716+0000] {logging_mixin.py:190} INFO - [2025-12-08T08:15:41.716+0000] {dag.py:4138} INFO - Setting next_dagrun for example_nested_branch_dag to 2025-12-07 00:00:00+00:00, run_after=2025-12-08 00:00:00+00:00
[2025-12-08T08:15:41.751+0000] {processor.py:208} INFO - Processing /home/airflow/.local/lib/python3.12/site-packages/airflow/example_dags/example_nested_branch_dag.py took 0.116 seconds
[2025-12-08T08:16:12.054+0000] {processor.py:186} INFO - Started process (PID=6245) to work on /home/airflow/.local/lib/python3.12/site-packages/airflow/example_dags/example_nested_branch_dag.py
[2025-12-08T08:16:12.056+0000] {processor.py:914} INFO - Processing file /home/airflow/.local/lib/python3.12/site-packages/airflow/example_dags/example_nested_branch_dag.py for tasks to queue
[2025-12-08T08:16:12.060+0000] {logging_mixin.py:190} INFO - [2025-12-08T08:16:12.060+0000] {dagbag.py:587} INFO - Filling up the DagBag from /home/airflow/.local/lib/python3.12/site-packages/airflow/example_dags/example_nested_branch_dag.py
[2025-12-08T08:16:12.073+0000] {processor.py:925} INFO - DAG(s) 'example_nested_branch_dag' retrieved from /home/airflow/.local/lib/python3.12/site-packages/airflow/example_dags/example_nested_branch_dag.py
[2025-12-08T08:16:12.097+0000] {logging_mixin.py:190} INFO - [2025-12-08T08:16:12.096+0000] {dag.py:3211} INFO - Sync 1 DAGs
[2025-12-08T08:16:12.121+0000] {logging_mixin.py:190} INFO - [2025-12-08T08:16:12.121+0000] {dag.py:4138} INFO - Setting next_dagrun for example_nested_branch_dag to 2025-12-07 00:00:00+00:00, run_after=2025-12-08 00:00:00+00:00
[2025-12-08T08:16:12.145+0000] {processor.py:208} INFO - Processing /home/airflow/.local/lib/python3.12/site-packages/airflow/example_dags/example_nested_branch_dag.py took 0.100 seconds
[2025-12-08T08:16:42.465+0000] {processor.py:186} INFO - Started process (PID=6308) to work on /home/airflow/.local/lib/python3.12/site-packages/airflow/example_dags/example_nested_branch_dag.py
[2025-12-08T08:16:42.467+0000] {processor.py:914} INFO - Processing file /home/airflow/.local/lib/python3.12/site-packages/airflow/example_dags/example_nested_branch_dag.py for tasks to queue
[2025-12-08T08:16:42.471+0000] {logging_mixin.py:190} INFO - [2025-12-08T08:16:42.470+0000] {dagbag.py:587} INFO - Filling up the DagBag from /home/airflow/.local/lib/python3.12/site-packages/airflow/example_dags/example_nested_branch_dag.py
[2025-12-08T08:16:42.483+0000] {processor.py:925} INFO - DAG(s) 'example_nested_branch_dag' retrieved from /home/airflow/.local/lib/python3.12/site-packages/airflow/example_dags/example_nested_branch_dag.py
[2025-12-08T08:16:42.509+0000] {logging_mixin.py:190} INFO - [2025-12-08T08:16:42.509+0000] {dag.py:3211} INFO - Sync 1 DAGs
[2025-12-08T08:16:42.534+0000] {logging_mixin.py:190} INFO - [2025-12-08T08:16:42.534+0000] {dag.py:4138} INFO - Setting next_dagrun for example_nested_branch_dag to 2025-12-07 00:00:00+00:00, run_after=2025-12-08 00:00:00+00:00
[2025-12-08T08:16:42.561+0000] {processor.py:208} INFO - Processing /home/airflow/.local/lib/python3.12/site-packages/airflow/example_dags/example_nested_branch_dag.py took 0.106 seconds
[2025-12-08T08:17:13.041+0000] {processor.py:186} INFO - Started process (PID=6371) to work on /home/airflow/.local/lib/python3.12/site-packages/airflow/example_dags/example_nested_branch_dag.py
[2025-12-08T08:17:13.043+0000] {processor.py:914} INFO - Processing file /home/airflow/.local/lib/python3.12/site-packages/airflow/example_dags/example_nested_branch_dag.py for tasks to queue
[2025-12-08T08:17:13.046+0000] {logging_mixin.py:190} INFO - [2025-12-08T08:17:13.045+0000] {dagbag.py:587} INFO - Filling up the DagBag from /home/airflow/.local/lib/python3.12/site-packages/airflow/example_dags/example_nested_branch_dag.py
[2025-12-08T08:17:13.059+0000] {processor.py:925} INFO - DAG(s) 'example_nested_branch_dag' retrieved from /home/airflow/.local/lib/python3.12/site-packages/airflow/example_dags/example_nested_branch_dag.py
[2025-12-08T08:17:13.088+0000] {logging_mixin.py:190} INFO - [2025-12-08T08:17:13.087+0000] {dag.py:3211} INFO - Sync 1 DAGs
[2025-12-08T08:17:13.113+0000] {logging_mixin.py:190} INFO - [2025-12-08T08:17:13.113+0000] {dag.py:4138} INFO - Setting next_dagrun for example_nested_branch_dag to 2025-12-07 00:00:00+00:00, run_after=2025-12-08 00:00:00+00:00
[2025-12-08T08:17:13.143+0000] {processor.py:208} INFO - Processing /home/airflow/.local/lib/python3.12/site-packages/airflow/example_dags/example_nested_branch_dag.py took 0.111 seconds
[2025-12-08T08:17:43.550+0000] {processor.py:186} INFO - Started process (PID=6434) to work on /home/airflow/.local/lib/python3.12/site-packages/airflow/example_dags/example_nested_branch_dag.py
[2025-12-08T08:17:43.552+0000] {processor.py:914} INFO - Processing file /home/airflow/.local/lib/python3.12/site-packages/airflow/example_dags/example_nested_branch_dag.py for tasks to queue
[2025-12-08T08:17:43.556+0000] {logging_mixin.py:190} INFO - [2025-12-08T08:17:43.556+0000] {dagbag.py:587} INFO - Filling up the DagBag from /home/airflow/.local/lib/python3.12/site-packages/airflow/example_dags/example_nested_branch_dag.py
[2025-12-08T08:17:43.569+0000] {processor.py:925} INFO - DAG(s) 'example_nested_branch_dag' retrieved from /home/airflow/.local/lib/python3.12/site-packages/airflow/example_dags/example_nested_branch_dag.py
[2025-12-08T08:17:43.593+0000] {logging_mixin.py:190} INFO - [2025-12-08T08:17:43.592+0000] {dag.py:3211} INFO - Sync 1 DAGs
[2025-12-08T08:17:43.617+0000] {logging_mixin.py:190} INFO - [2025-12-08T08:17:43.617+0000] {dag.py:4138} INFO - Setting next_dagrun for example_nested_branch_dag to 2025-12-07 00:00:00+00:00, run_after=2025-12-08 00:00:00+00:00
[2025-12-08T08:17:43.649+0000] {processor.py:208} INFO - Processing /home/airflow/.local/lib/python3.12/site-packages/airflow/example_dags/example_nested_branch_dag.py took 0.109 seconds
[2025-12-08T08:18:14.009+0000] {processor.py:186} INFO - Started process (PID=6497) to work on /home/airflow/.local/lib/python3.12/site-packages/airflow/example_dags/example_nested_branch_dag.py
[2025-12-08T08:18:14.011+0000] {processor.py:914} INFO - Processing file /home/airflow/.local/lib/python3.12/site-packages/airflow/example_dags/example_nested_branch_dag.py for tasks to queue
[2025-12-08T08:18:14.014+0000] {logging_mixin.py:190} INFO - [2025-12-08T08:18:14.013+0000] {dagbag.py:587} INFO - Filling up the DagBag from /home/airflow/.local/lib/python3.12/site-packages/airflow/example_dags/example_nested_branch_dag.py
[2025-12-08T08:18:14.025+0000] {processor.py:925} INFO - DAG(s) 'example_nested_branch_dag' retrieved from /home/airflow/.local/lib/python3.12/site-packages/airflow/example_dags/example_nested_branch_dag.py
[2025-12-08T08:18:14.049+0000] {logging_mixin.py:190} INFO - [2025-12-08T08:18:14.049+0000] {dag.py:3211} INFO - Sync 1 DAGs
[2025-12-08T08:18:14.073+0000] {logging_mixin.py:190} INFO - [2025-12-08T08:18:14.073+0000] {dag.py:4138} INFO - Setting next_dagrun for example_nested_branch_dag to 2025-12-07 00:00:00+00:00, run_after=2025-12-08 00:00:00+00:00
[2025-12-08T08:18:14.098+0000] {processor.py:208} INFO - Processing /home/airflow/.local/lib/python3.12/site-packages/airflow/example_dags/example_nested_branch_dag.py took 0.096 seconds
[2025-12-08T08:18:44.600+0000] {processor.py:186} INFO - Started process (PID=6560) to work on /home/airflow/.local/lib/python3.12/site-packages/airflow/example_dags/example_nested_branch_dag.py
[2025-12-08T08:18:44.603+0000] {processor.py:914} INFO - Processing file /home/airflow/.local/lib/python3.12/site-packages/airflow/example_dags/example_nested_branch_dag.py for tasks to queue
[2025-12-08T08:18:44.606+0000] {logging_mixin.py:190} INFO - [2025-12-08T08:18:44.606+0000] {dagbag.py:587} INFO - Filling up the DagBag from /home/airflow/.local/lib/python3.12/site-packages/airflow/example_dags/example_nested_branch_dag.py
[2025-12-08T08:18:44.618+0000] {processor.py:925} INFO - DAG(s) 'example_nested_branch_dag' retrieved from /home/airflow/.local/lib/python3.12/site-packages/airflow/example_dags/example_nested_branch_dag.py
[2025-12-08T08:18:44.642+0000] {logging_mixin.py:190} INFO - [2025-12-08T08:18:44.642+0000] {dag.py:3211} INFO - Sync 1 DAGs
[2025-12-08T08:18:44.670+0000] {logging_mixin.py:190} INFO - [2025-12-08T08:18:44.670+0000] {dag.py:4138} INFO - Setting next_dagrun for example_nested_branch_dag to 2025-12-07 00:00:00+00:00, run_after=2025-12-08 00:00:00+00:00
[2025-12-08T08:18:44.693+0000] {processor.py:208} INFO - Processing /home/airflow/.local/lib/python3.12/site-packages/airflow/example_dags/example_nested_branch_dag.py took 0.099 seconds
[2025-12-08T08:19:14.947+0000] {processor.py:186} INFO - Started process (PID=6623) to work on /home/airflow/.local/lib/python3.12/site-packages/airflow/example_dags/example_nested_branch_dag.py
[2025-12-08T08:19:14.950+0000] {processor.py:914} INFO - Processing file /home/airflow/.local/lib/python3.12/site-packages/airflow/example_dags/example_nested_branch_dag.py for tasks to queue
[2025-12-08T08:19:14.955+0000] {logging_mixin.py:190} INFO - [2025-12-08T08:19:14.955+0000] {dagbag.py:587} INFO - Filling up the DagBag from /home/airflow/.local/lib/python3.12/site-packages/airflow/example_dags/example_nested_branch_dag.py
[2025-12-08T08:19:14.985+0000] {processor.py:925} INFO - DAG(s) 'example_nested_branch_dag' retrieved from /home/airflow/.local/lib/python3.12/site-packages/airflow/example_dags/example_nested_branch_dag.py
[2025-12-08T08:19:15.019+0000] {logging_mixin.py:190} INFO - [2025-12-08T08:19:15.019+0000] {dag.py:3211} INFO - Sync 1 DAGs
[2025-12-08T08:19:15.046+0000] {logging_mixin.py:190} INFO - [2025-12-08T08:19:15.046+0000] {dag.py:4138} INFO - Setting next_dagrun for example_nested_branch_dag to 2025-12-07 00:00:00+00:00, run_after=2025-12-08 00:00:00+00:00
[2025-12-08T08:19:15.072+0000] {processor.py:208} INFO - Processing /home/airflow/.local/lib/python3.12/site-packages/airflow/example_dags/example_nested_branch_dag.py took 0.138 seconds
[2025-12-08T08:19:45.490+0000] {processor.py:186} INFO - Started process (PID=6686) to work on /home/airflow/.local/lib/python3.12/site-packages/airflow/example_dags/example_nested_branch_dag.py
[2025-12-08T08:19:45.492+0000] {processor.py:914} INFO - Processing file /home/airflow/.local/lib/python3.12/site-packages/airflow/example_dags/example_nested_branch_dag.py for tasks to queue
[2025-12-08T08:19:45.497+0000] {logging_mixin.py:190} INFO - [2025-12-08T08:19:45.496+0000] {dagbag.py:587} INFO - Filling up the DagBag from /home/airflow/.local/lib/python3.12/site-packages/airflow/example_dags/example_nested_branch_dag.py
[2025-12-08T08:19:45.529+0000] {processor.py:925} INFO - DAG(s) 'example_nested_branch_dag' retrieved from /home/airflow/.local/lib/python3.12/site-packages/airflow/example_dags/example_nested_branch_dag.py
[2025-12-08T08:19:45.576+0000] {logging_mixin.py:190} INFO - [2025-12-08T08:19:45.576+0000] {dag.py:3211} INFO - Sync 1 DAGs
[2025-12-08T08:19:45.625+0000] {logging_mixin.py:190} INFO - [2025-12-08T08:19:45.625+0000] {dag.py:4138} INFO - Setting next_dagrun for example_nested_branch_dag to 2025-12-07 00:00:00+00:00, run_after=2025-12-08 00:00:00+00:00
[2025-12-08T08:19:45.674+0000] {processor.py:208} INFO - Processing /home/airflow/.local/lib/python3.12/site-packages/airflow/example_dags/example_nested_branch_dag.py took 0.194 seconds
[2025-12-08T08:20:15.822+0000] {processor.py:186} INFO - Started process (PID=6749) to work on /home/airflow/.local/lib/python3.12/site-packages/airflow/example_dags/example_nested_branch_dag.py
[2025-12-08T08:20:15.823+0000] {processor.py:914} INFO - Processing file /home/airflow/.local/lib/python3.12/site-packages/airflow/example_dags/example_nested_branch_dag.py for tasks to queue
[2025-12-08T08:20:15.827+0000] {logging_mixin.py:190} INFO - [2025-12-08T08:20:15.826+0000] {dagbag.py:587} INFO - Filling up the DagBag from /home/airflow/.local/lib/python3.12/site-packages/airflow/example_dags/example_nested_branch_dag.py
[2025-12-08T08:20:15.843+0000] {processor.py:925} INFO - DAG(s) 'example_nested_branch_dag' retrieved from /home/airflow/.local/lib/python3.12/site-packages/airflow/example_dags/example_nested_branch_dag.py
[2025-12-08T08:20:15.870+0000] {logging_mixin.py:190} INFO - [2025-12-08T08:20:15.870+0000] {dag.py:3211} INFO - Sync 1 DAGs
[2025-12-08T08:20:15.902+0000] {logging_mixin.py:190} INFO - [2025-12-08T08:20:15.901+0000] {dag.py:4138} INFO - Setting next_dagrun for example_nested_branch_dag to 2025-12-07 00:00:00+00:00, run_after=2025-12-08 00:00:00+00:00
[2025-12-08T08:20:15.927+0000] {processor.py:208} INFO - Processing /home/airflow/.local/lib/python3.12/site-packages/airflow/example_dags/example_nested_branch_dag.py took 0.114 seconds
[2025-12-08T08:20:46.839+0000] {processor.py:186} INFO - Started process (PID=6813) to work on /home/airflow/.local/lib/python3.12/site-packages/airflow/example_dags/example_nested_branch_dag.py
[2025-12-08T08:20:46.841+0000] {processor.py:914} INFO - Processing file /home/airflow/.local/lib/python3.12/site-packages/airflow/example_dags/example_nested_branch_dag.py for tasks to queue
[2025-12-08T08:20:46.849+0000] {logging_mixin.py:190} INFO - [2025-12-08T08:20:46.847+0000] {dagbag.py:587} INFO - Filling up the DagBag from /home/airflow/.local/lib/python3.12/site-packages/airflow/example_dags/example_nested_branch_dag.py
[2025-12-08T08:20:46.877+0000] {processor.py:925} INFO - DAG(s) 'example_nested_branch_dag' retrieved from /home/airflow/.local/lib/python3.12/site-packages/airflow/example_dags/example_nested_branch_dag.py
[2025-12-08T08:20:46.938+0000] {logging_mixin.py:190} INFO - [2025-12-08T08:20:46.938+0000] {dag.py:3211} INFO - Sync 1 DAGs
[2025-12-08T08:20:47.018+0000] {logging_mixin.py:190} INFO - [2025-12-08T08:20:47.017+0000] {dag.py:4138} INFO - Setting next_dagrun for example_nested_branch_dag to 2025-12-07 00:00:00+00:00, run_after=2025-12-08 00:00:00+00:00
[2025-12-08T08:20:47.087+0000] {processor.py:208} INFO - Processing /home/airflow/.local/lib/python3.12/site-packages/airflow/example_dags/example_nested_branch_dag.py took 0.263 seconds
[2025-12-08T08:21:17.790+0000] {processor.py:186} INFO - Started process (PID=6875) to work on /home/airflow/.local/lib/python3.12/site-packages/airflow/example_dags/example_nested_branch_dag.py
[2025-12-08T08:21:17.792+0000] {processor.py:914} INFO - Processing file /home/airflow/.local/lib/python3.12/site-packages/airflow/example_dags/example_nested_branch_dag.py for tasks to queue
[2025-12-08T08:21:17.797+0000] {logging_mixin.py:190} INFO - [2025-12-08T08:21:17.797+0000] {dagbag.py:587} INFO - Filling up the DagBag from /home/airflow/.local/lib/python3.12/site-packages/airflow/example_dags/example_nested_branch_dag.py
[2025-12-08T08:21:17.812+0000] {processor.py:925} INFO - DAG(s) 'example_nested_branch_dag' retrieved from /home/airflow/.local/lib/python3.12/site-packages/airflow/example_dags/example_nested_branch_dag.py
[2025-12-08T08:21:17.844+0000] {logging_mixin.py:190} INFO - [2025-12-08T08:21:17.844+0000] {dag.py:3211} INFO - Sync 1 DAGs
[2025-12-08T08:21:17.881+0000] {logging_mixin.py:190} INFO - [2025-12-08T08:21:17.881+0000] {dag.py:4138} INFO - Setting next_dagrun for example_nested_branch_dag to 2025-12-07 00:00:00+00:00, run_after=2025-12-08 00:00:00+00:00
[2025-12-08T08:21:17.915+0000] {processor.py:208} INFO - Processing /home/airflow/.local/lib/python3.12/site-packages/airflow/example_dags/example_nested_branch_dag.py took 0.132 seconds
[2025-12-08T08:21:48.907+0000] {processor.py:186} INFO - Started process (PID=6939) to work on /home/airflow/.local/lib/python3.12/site-packages/airflow/example_dags/example_nested_branch_dag.py
[2025-12-08T08:21:48.910+0000] {processor.py:914} INFO - Processing file /home/airflow/.local/lib/python3.12/site-packages/airflow/example_dags/example_nested_branch_dag.py for tasks to queue
[2025-12-08T08:21:48.915+0000] {logging_mixin.py:190} INFO - [2025-12-08T08:21:48.914+0000] {dagbag.py:587} INFO - Filling up the DagBag from /home/airflow/.local/lib/python3.12/site-packages/airflow/example_dags/example_nested_branch_dag.py
[2025-12-08T08:21:48.934+0000] {processor.py:925} INFO - DAG(s) 'example_nested_branch_dag' retrieved from /home/airflow/.local/lib/python3.12/site-packages/airflow/example_dags/example_nested_branch_dag.py
[2025-12-08T08:21:48.972+0000] {logging_mixin.py:190} INFO - [2025-12-08T08:21:48.971+0000] {dag.py:3211} INFO - Sync 1 DAGs
[2025-12-08T08:21:49.013+0000] {logging_mixin.py:190} INFO - [2025-12-08T08:21:49.012+0000] {dag.py:4138} INFO - Setting next_dagrun for example_nested_branch_dag to 2025-12-07 00:00:00+00:00, run_after=2025-12-08 00:00:00+00:00
[2025-12-08T08:21:49.055+0000] {processor.py:208} INFO - Processing /home/airflow/.local/lib/python3.12/site-packages/airflow/example_dags/example_nested_branch_dag.py took 0.160 seconds
[2025-12-08T08:22:19.237+0000] {processor.py:186} INFO - Started process (PID=7002) to work on /home/airflow/.local/lib/python3.12/site-packages/airflow/example_dags/example_nested_branch_dag.py
[2025-12-08T08:22:19.239+0000] {processor.py:914} INFO - Processing file /home/airflow/.local/lib/python3.12/site-packages/airflow/example_dags/example_nested_branch_dag.py for tasks to queue
[2025-12-08T08:22:19.242+0000] {logging_mixin.py:190} INFO - [2025-12-08T08:22:19.242+0000] {dagbag.py:587} INFO - Filling up the DagBag from /home/airflow/.local/lib/python3.12/site-packages/airflow/example_dags/example_nested_branch_dag.py
[2025-12-08T08:22:19.258+0000] {processor.py:925} INFO - DAG(s) 'example_nested_branch_dag' retrieved from /home/airflow/.local/lib/python3.12/site-packages/airflow/example_dags/example_nested_branch_dag.py
[2025-12-08T08:22:19.285+0000] {logging_mixin.py:190} INFO - [2025-12-08T08:22:19.285+0000] {dag.py:3211} INFO - Sync 1 DAGs
[2025-12-08T08:22:19.319+0000] {logging_mixin.py:190} INFO - [2025-12-08T08:22:19.318+0000] {dag.py:4138} INFO - Setting next_dagrun for example_nested_branch_dag to 2025-12-07 00:00:00+00:00, run_after=2025-12-08 00:00:00+00:00
[2025-12-08T08:22:19.347+0000] {processor.py:208} INFO - Processing /home/airflow/.local/lib/python3.12/site-packages/airflow/example_dags/example_nested_branch_dag.py took 0.118 seconds
[2025-12-08T08:22:49.403+0000] {processor.py:186} INFO - Started process (PID=7065) to work on /home/airflow/.local/lib/python3.12/site-packages/airflow/example_dags/example_nested_branch_dag.py
[2025-12-08T08:22:49.405+0000] {processor.py:914} INFO - Processing file /home/airflow/.local/lib/python3.12/site-packages/airflow/example_dags/example_nested_branch_dag.py for tasks to queue
[2025-12-08T08:22:49.407+0000] {logging_mixin.py:190} INFO - [2025-12-08T08:22:49.407+0000] {dagbag.py:587} INFO - Filling up the DagBag from /home/airflow/.local/lib/python3.12/site-packages/airflow/example_dags/example_nested_branch_dag.py
[2025-12-08T08:22:49.419+0000] {processor.py:925} INFO - DAG(s) 'example_nested_branch_dag' retrieved from /home/airflow/.local/lib/python3.12/site-packages/airflow/example_dags/example_nested_branch_dag.py
[2025-12-08T08:22:49.444+0000] {logging_mixin.py:190} INFO - [2025-12-08T08:22:49.444+0000] {dag.py:3211} INFO - Sync 1 DAGs
[2025-12-08T08:22:49.467+0000] {logging_mixin.py:190} INFO - [2025-12-08T08:22:49.467+0000] {dag.py:4138} INFO - Setting next_dagrun for example_nested_branch_dag to 2025-12-07 00:00:00+00:00, run_after=2025-12-08 00:00:00+00:00
[2025-12-08T08:22:49.487+0000] {processor.py:208} INFO - Processing /home/airflow/.local/lib/python3.12/site-packages/airflow/example_dags/example_nested_branch_dag.py took 0.090 seconds
[2025-12-08T08:23:19.628+0000] {processor.py:186} INFO - Started process (PID=7128) to work on /home/airflow/.local/lib/python3.12/site-packages/airflow/example_dags/example_nested_branch_dag.py
[2025-12-08T08:23:19.630+0000] {processor.py:914} INFO - Processing file /home/airflow/.local/lib/python3.12/site-packages/airflow/example_dags/example_nested_branch_dag.py for tasks to queue
[2025-12-08T08:23:19.633+0000] {logging_mixin.py:190} INFO - [2025-12-08T08:23:19.633+0000] {dagbag.py:587} INFO - Filling up the DagBag from /home/airflow/.local/lib/python3.12/site-packages/airflow/example_dags/example_nested_branch_dag.py
[2025-12-08T08:23:19.649+0000] {processor.py:925} INFO - DAG(s) 'example_nested_branch_dag' retrieved from /home/airflow/.local/lib/python3.12/site-packages/airflow/example_dags/example_nested_branch_dag.py
[2025-12-08T08:23:19.679+0000] {logging_mixin.py:190} INFO - [2025-12-08T08:23:19.679+0000] {dag.py:3211} INFO - Sync 1 DAGs
[2025-12-08T08:23:19.708+0000] {logging_mixin.py:190} INFO - [2025-12-08T08:23:19.707+0000] {dag.py:4138} INFO - Setting next_dagrun for example_nested_branch_dag to 2025-12-07 00:00:00+00:00, run_after=2025-12-08 00:00:00+00:00
[2025-12-08T08:23:19.731+0000] {processor.py:208} INFO - Processing /home/airflow/.local/lib/python3.12/site-packages/airflow/example_dags/example_nested_branch_dag.py took 0.110 seconds
[2025-12-08T08:23:50.476+0000] {processor.py:186} INFO - Started process (PID=7191) to work on /home/airflow/.local/lib/python3.12/site-packages/airflow/example_dags/example_nested_branch_dag.py
[2025-12-08T08:23:50.478+0000] {processor.py:914} INFO - Processing file /home/airflow/.local/lib/python3.12/site-packages/airflow/example_dags/example_nested_branch_dag.py for tasks to queue
[2025-12-08T08:23:50.481+0000] {logging_mixin.py:190} INFO - [2025-12-08T08:23:50.481+0000] {dagbag.py:587} INFO - Filling up the DagBag from /home/airflow/.local/lib/python3.12/site-packages/airflow/example_dags/example_nested_branch_dag.py
[2025-12-08T08:23:50.494+0000] {processor.py:925} INFO - DAG(s) 'example_nested_branch_dag' retrieved from /home/airflow/.local/lib/python3.12/site-packages/airflow/example_dags/example_nested_branch_dag.py
[2025-12-08T08:23:50.519+0000] {logging_mixin.py:190} INFO - [2025-12-08T08:23:50.519+0000] {dag.py:3211} INFO - Sync 1 DAGs
[2025-12-08T08:23:50.542+0000] {logging_mixin.py:190} INFO - [2025-12-08T08:23:50.542+0000] {dag.py:4138} INFO - Setting next_dagrun for example_nested_branch_dag to 2025-12-07 00:00:00+00:00, run_after=2025-12-08 00:00:00+00:00
[2025-12-08T08:23:50.561+0000] {processor.py:208} INFO - Processing /home/airflow/.local/lib/python3.12/site-packages/airflow/example_dags/example_nested_branch_dag.py took 0.091 seconds
[2025-12-08T08:24:21.223+0000] {processor.py:186} INFO - Started process (PID=7254) to work on /home/airflow/.local/lib/python3.12/site-packages/airflow/example_dags/example_nested_branch_dag.py
[2025-12-08T08:24:21.225+0000] {processor.py:914} INFO - Processing file /home/airflow/.local/lib/python3.12/site-packages/airflow/example_dags/example_nested_branch_dag.py for tasks to queue
[2025-12-08T08:24:21.228+0000] {logging_mixin.py:190} INFO - [2025-12-08T08:24:21.228+0000] {dagbag.py:587} INFO - Filling up the DagBag from /home/airflow/.local/lib/python3.12/site-packages/airflow/example_dags/example_nested_branch_dag.py
[2025-12-08T08:24:21.243+0000] {processor.py:925} INFO - DAG(s) 'example_nested_branch_dag' retrieved from /home/airflow/.local/lib/python3.12/site-packages/airflow/example_dags/example_nested_branch_dag.py
[2025-12-08T08:24:21.266+0000] {logging_mixin.py:190} INFO - [2025-12-08T08:24:21.266+0000] {dag.py:3211} INFO - Sync 1 DAGs
[2025-12-08T08:24:21.289+0000] {logging_mixin.py:190} INFO - [2025-12-08T08:24:21.289+0000] {dag.py:4138} INFO - Setting next_dagrun for example_nested_branch_dag to 2025-12-07 00:00:00+00:00, run_after=2025-12-08 00:00:00+00:00
[2025-12-08T08:24:21.307+0000] {processor.py:208} INFO - Processing /home/airflow/.local/lib/python3.12/site-packages/airflow/example_dags/example_nested_branch_dag.py took 0.091 seconds
[2025-12-08T08:24:51.895+0000] {processor.py:186} INFO - Started process (PID=7317) to work on /home/airflow/.local/lib/python3.12/site-packages/airflow/example_dags/example_nested_branch_dag.py
[2025-12-08T08:24:51.897+0000] {processor.py:914} INFO - Processing file /home/airflow/.local/lib/python3.12/site-packages/airflow/example_dags/example_nested_branch_dag.py for tasks to queue
[2025-12-08T08:24:51.902+0000] {logging_mixin.py:190} INFO - [2025-12-08T08:24:51.902+0000] {dagbag.py:587} INFO - Filling up the DagBag from /home/airflow/.local/lib/python3.12/site-packages/airflow/example_dags/example_nested_branch_dag.py
[2025-12-08T08:24:51.914+0000] {processor.py:925} INFO - DAG(s) 'example_nested_branch_dag' retrieved from /home/airflow/.local/lib/python3.12/site-packages/airflow/example_dags/example_nested_branch_dag.py
[2025-12-08T08:24:51.938+0000] {logging_mixin.py:190} INFO - [2025-12-08T08:24:51.937+0000] {dag.py:3211} INFO - Sync 1 DAGs
[2025-12-08T08:24:51.963+0000] {logging_mixin.py:190} INFO - [2025-12-08T08:24:51.963+0000] {dag.py:4138} INFO - Setting next_dagrun for example_nested_branch_dag to 2025-12-07 00:00:00+00:00, run_after=2025-12-08 00:00:00+00:00
[2025-12-08T08:24:51.987+0000] {processor.py:208} INFO - Processing /home/airflow/.local/lib/python3.12/site-packages/airflow/example_dags/example_nested_branch_dag.py took 0.097 seconds
[2025-12-08T08:25:22.813+0000] {processor.py:186} INFO - Started process (PID=7380) to work on /home/airflow/.local/lib/python3.12/site-packages/airflow/example_dags/example_nested_branch_dag.py
[2025-12-08T08:25:22.816+0000] {processor.py:914} INFO - Processing file /home/airflow/.local/lib/python3.12/site-packages/airflow/example_dags/example_nested_branch_dag.py for tasks to queue
[2025-12-08T08:25:22.821+0000] {logging_mixin.py:190} INFO - [2025-12-08T08:25:22.820+0000] {dagbag.py:587} INFO - Filling up the DagBag from /home/airflow/.local/lib/python3.12/site-packages/airflow/example_dags/example_nested_branch_dag.py
[2025-12-08T08:25:22.842+0000] {processor.py:925} INFO - DAG(s) 'example_nested_branch_dag' retrieved from /home/airflow/.local/lib/python3.12/site-packages/airflow/example_dags/example_nested_branch_dag.py
[2025-12-08T08:25:22.883+0000] {logging_mixin.py:190} INFO - [2025-12-08T08:25:22.883+0000] {dag.py:3211} INFO - Sync 1 DAGs
[2025-12-08T08:25:22.922+0000] {logging_mixin.py:190} INFO - [2025-12-08T08:25:22.922+0000] {dag.py:4138} INFO - Setting next_dagrun for example_nested_branch_dag to 2025-12-07 00:00:00+00:00, run_after=2025-12-08 00:00:00+00:00
[2025-12-08T08:25:22.951+0000] {processor.py:208} INFO - Processing /home/airflow/.local/lib/python3.12/site-packages/airflow/example_dags/example_nested_branch_dag.py took 0.146 seconds
[2025-12-08T08:25:53.768+0000] {processor.py:186} INFO - Started process (PID=7443) to work on /home/airflow/.local/lib/python3.12/site-packages/airflow/example_dags/example_nested_branch_dag.py
[2025-12-08T08:25:53.769+0000] {processor.py:914} INFO - Processing file /home/airflow/.local/lib/python3.12/site-packages/airflow/example_dags/example_nested_branch_dag.py for tasks to queue
[2025-12-08T08:25:53.773+0000] {logging_mixin.py:190} INFO - [2025-12-08T08:25:53.773+0000] {dagbag.py:587} INFO - Filling up the DagBag from /home/airflow/.local/lib/python3.12/site-packages/airflow/example_dags/example_nested_branch_dag.py
[2025-12-08T08:25:53.787+0000] {processor.py:925} INFO - DAG(s) 'example_nested_branch_dag' retrieved from /home/airflow/.local/lib/python3.12/site-packages/airflow/example_dags/example_nested_branch_dag.py
[2025-12-08T08:25:53.814+0000] {logging_mixin.py:190} INFO - [2025-12-08T08:25:53.813+0000] {dag.py:3211} INFO - Sync 1 DAGs
[2025-12-08T08:25:53.839+0000] {logging_mixin.py:190} INFO - [2025-12-08T08:25:53.838+0000] {dag.py:4138} INFO - Setting next_dagrun for example_nested_branch_dag to 2025-12-07 00:00:00+00:00, run_after=2025-12-08 00:00:00+00:00
[2025-12-08T08:25:53.866+0000] {processor.py:208} INFO - Processing /home/airflow/.local/lib/python3.12/site-packages/airflow/example_dags/example_nested_branch_dag.py took 0.104 seconds
[2025-12-08T08:26:24.180+0000] {processor.py:186} INFO - Started process (PID=7506) to work on /home/airflow/.local/lib/python3.12/site-packages/airflow/example_dags/example_nested_branch_dag.py
[2025-12-08T08:26:24.182+0000] {processor.py:914} INFO - Processing file /home/airflow/.local/lib/python3.12/site-packages/airflow/example_dags/example_nested_branch_dag.py for tasks to queue
[2025-12-08T08:26:24.185+0000] {logging_mixin.py:190} INFO - [2025-12-08T08:26:24.185+0000] {dagbag.py:587} INFO - Filling up the DagBag from /home/airflow/.local/lib/python3.12/site-packages/airflow/example_dags/example_nested_branch_dag.py
[2025-12-08T08:26:24.197+0000] {processor.py:925} INFO - DAG(s) 'example_nested_branch_dag' retrieved from /home/airflow/.local/lib/python3.12/site-packages/airflow/example_dags/example_nested_branch_dag.py
[2025-12-08T08:26:24.224+0000] {logging_mixin.py:190} INFO - [2025-12-08T08:26:24.223+0000] {dag.py:3211} INFO - Sync 1 DAGs
[2025-12-08T08:26:24.249+0000] {logging_mixin.py:190} INFO - [2025-12-08T08:26:24.248+0000] {dag.py:4138} INFO - Setting next_dagrun for example_nested_branch_dag to 2025-12-07 00:00:00+00:00, run_after=2025-12-08 00:00:00+00:00
[2025-12-08T08:26:24.272+0000] {processor.py:208} INFO - Processing /home/airflow/.local/lib/python3.12/site-packages/airflow/example_dags/example_nested_branch_dag.py took 0.098 seconds
[2025-12-08T08:26:54.749+0000] {processor.py:186} INFO - Started process (PID=7570) to work on /home/airflow/.local/lib/python3.12/site-packages/airflow/example_dags/example_nested_branch_dag.py
[2025-12-08T08:26:54.751+0000] {processor.py:914} INFO - Processing file /home/airflow/.local/lib/python3.12/site-packages/airflow/example_dags/example_nested_branch_dag.py for tasks to queue
[2025-12-08T08:26:54.767+0000] {logging_mixin.py:190} INFO - [2025-12-08T08:26:54.763+0000] {dagbag.py:587} INFO - Filling up the DagBag from /home/airflow/.local/lib/python3.12/site-packages/airflow/example_dags/example_nested_branch_dag.py
[2025-12-08T08:26:54.797+0000] {processor.py:925} INFO - DAG(s) 'example_nested_branch_dag' retrieved from /home/airflow/.local/lib/python3.12/site-packages/airflow/example_dags/example_nested_branch_dag.py
[2025-12-08T08:26:54.836+0000] {logging_mixin.py:190} INFO - [2025-12-08T08:26:54.836+0000] {dag.py:3211} INFO - Sync 1 DAGs
[2025-12-08T08:26:54.874+0000] {logging_mixin.py:190} INFO - [2025-12-08T08:26:54.874+0000] {dag.py:4138} INFO - Setting next_dagrun for example_nested_branch_dag to 2025-12-07 00:00:00+00:00, run_after=2025-12-08 00:00:00+00:00
[2025-12-08T08:26:54.906+0000] {processor.py:208} INFO - Processing /home/airflow/.local/lib/python3.12/site-packages/airflow/example_dags/example_nested_branch_dag.py took 0.171 seconds
[2025-12-08T08:27:25.028+0000] {processor.py:186} INFO - Started process (PID=7633) to work on /home/airflow/.local/lib/python3.12/site-packages/airflow/example_dags/example_nested_branch_dag.py
[2025-12-08T08:27:25.030+0000] {processor.py:914} INFO - Processing file /home/airflow/.local/lib/python3.12/site-packages/airflow/example_dags/example_nested_branch_dag.py for tasks to queue
[2025-12-08T08:27:25.034+0000] {logging_mixin.py:190} INFO - [2025-12-08T08:27:25.033+0000] {dagbag.py:587} INFO - Filling up the DagBag from /home/airflow/.local/lib/python3.12/site-packages/airflow/example_dags/example_nested_branch_dag.py
[2025-12-08T08:27:25.046+0000] {processor.py:925} INFO - DAG(s) 'example_nested_branch_dag' retrieved from /home/airflow/.local/lib/python3.12/site-packages/airflow/example_dags/example_nested_branch_dag.py
[2025-12-08T08:27:25.072+0000] {logging_mixin.py:190} INFO - [2025-12-08T08:27:25.071+0000] {dag.py:3211} INFO - Sync 1 DAGs
[2025-12-08T08:27:25.098+0000] {logging_mixin.py:190} INFO - [2025-12-08T08:27:25.098+0000] {dag.py:4138} INFO - Setting next_dagrun for example_nested_branch_dag to 2025-12-07 00:00:00+00:00, run_after=2025-12-08 00:00:00+00:00
[2025-12-08T08:27:25.120+0000] {processor.py:208} INFO - Processing /home/airflow/.local/lib/python3.12/site-packages/airflow/example_dags/example_nested_branch_dag.py took 0.098 seconds
[2025-12-08T08:27:55.200+0000] {processor.py:186} INFO - Started process (PID=7696) to work on /home/airflow/.local/lib/python3.12/site-packages/airflow/example_dags/example_nested_branch_dag.py
[2025-12-08T08:27:55.202+0000] {processor.py:914} INFO - Processing file /home/airflow/.local/lib/python3.12/site-packages/airflow/example_dags/example_nested_branch_dag.py for tasks to queue
[2025-12-08T08:27:55.206+0000] {logging_mixin.py:190} INFO - [2025-12-08T08:27:55.205+0000] {dagbag.py:587} INFO - Filling up the DagBag from /home/airflow/.local/lib/python3.12/site-packages/airflow/example_dags/example_nested_branch_dag.py
[2025-12-08T08:27:55.218+0000] {processor.py:925} INFO - DAG(s) 'example_nested_branch_dag' retrieved from /home/airflow/.local/lib/python3.12/site-packages/airflow/example_dags/example_nested_branch_dag.py
[2025-12-08T08:27:55.243+0000] {logging_mixin.py:190} INFO - [2025-12-08T08:27:55.242+0000] {dag.py:3211} INFO - Sync 1 DAGs
[2025-12-08T08:27:55.269+0000] {logging_mixin.py:190} INFO - [2025-12-08T08:27:55.269+0000] {dag.py:4138} INFO - Setting next_dagrun for example_nested_branch_dag to 2025-12-07 00:00:00+00:00, run_after=2025-12-08 00:00:00+00:00
[2025-12-08T08:27:55.291+0000] {processor.py:208} INFO - Processing /home/airflow/.local/lib/python3.12/site-packages/airflow/example_dags/example_nested_branch_dag.py took 0.099 seconds
[2025-12-08T08:28:25.440+0000] {processor.py:186} INFO - Started process (PID=7759) to work on /home/airflow/.local/lib/python3.12/site-packages/airflow/example_dags/example_nested_branch_dag.py
[2025-12-08T08:28:25.442+0000] {processor.py:914} INFO - Processing file /home/airflow/.local/lib/python3.12/site-packages/airflow/example_dags/example_nested_branch_dag.py for tasks to queue
[2025-12-08T08:28:25.445+0000] {logging_mixin.py:190} INFO - [2025-12-08T08:28:25.445+0000] {dagbag.py:587} INFO - Filling up the DagBag from /home/airflow/.local/lib/python3.12/site-packages/airflow/example_dags/example_nested_branch_dag.py
[2025-12-08T08:28:25.462+0000] {processor.py:925} INFO - DAG(s) 'example_nested_branch_dag' retrieved from /home/airflow/.local/lib/python3.12/site-packages/airflow/example_dags/example_nested_branch_dag.py
[2025-12-08T08:28:25.494+0000] {logging_mixin.py:190} INFO - [2025-12-08T08:28:25.493+0000] {dag.py:3211} INFO - Sync 1 DAGs
[2025-12-08T08:28:25.525+0000] {logging_mixin.py:190} INFO - [2025-12-08T08:28:25.525+0000] {dag.py:4138} INFO - Setting next_dagrun for example_nested_branch_dag to 2025-12-07 00:00:00+00:00, run_after=2025-12-08 00:00:00+00:00
[2025-12-08T08:28:25.550+0000] {processor.py:208} INFO - Processing /home/airflow/.local/lib/python3.12/site-packages/airflow/example_dags/example_nested_branch_dag.py took 0.118 seconds
[2025-12-08T08:28:55.969+0000] {processor.py:186} INFO - Started process (PID=7822) to work on /home/airflow/.local/lib/python3.12/site-packages/airflow/example_dags/example_nested_branch_dag.py
[2025-12-08T08:28:55.971+0000] {processor.py:914} INFO - Processing file /home/airflow/.local/lib/python3.12/site-packages/airflow/example_dags/example_nested_branch_dag.py for tasks to queue
[2025-12-08T08:28:55.975+0000] {logging_mixin.py:190} INFO - [2025-12-08T08:28:55.975+0000] {dagbag.py:587} INFO - Filling up the DagBag from /home/airflow/.local/lib/python3.12/site-packages/airflow/example_dags/example_nested_branch_dag.py
[2025-12-08T08:28:55.988+0000] {processor.py:925} INFO - DAG(s) 'example_nested_branch_dag' retrieved from /home/airflow/.local/lib/python3.12/site-packages/airflow/example_dags/example_nested_branch_dag.py
[2025-12-08T08:28:56.014+0000] {logging_mixin.py:190} INFO - [2025-12-08T08:28:56.014+0000] {dag.py:3211} INFO - Sync 1 DAGs
[2025-12-08T08:28:56.041+0000] {logging_mixin.py:190} INFO - [2025-12-08T08:28:56.041+0000] {dag.py:4138} INFO - Setting next_dagrun for example_nested_branch_dag to 2025-12-07 00:00:00+00:00, run_after=2025-12-08 00:00:00+00:00
[2025-12-08T08:28:56.067+0000] {processor.py:208} INFO - Processing /home/airflow/.local/lib/python3.12/site-packages/airflow/example_dags/example_nested_branch_dag.py took 0.109 seconds
[2025-12-08T08:29:26.155+0000] {processor.py:186} INFO - Started process (PID=7885) to work on /home/airflow/.local/lib/python3.12/site-packages/airflow/example_dags/example_nested_branch_dag.py
[2025-12-08T08:29:26.156+0000] {processor.py:914} INFO - Processing file /home/airflow/.local/lib/python3.12/site-packages/airflow/example_dags/example_nested_branch_dag.py for tasks to queue
[2025-12-08T08:29:26.160+0000] {logging_mixin.py:190} INFO - [2025-12-08T08:29:26.159+0000] {dagbag.py:587} INFO - Filling up the DagBag from /home/airflow/.local/lib/python3.12/site-packages/airflow/example_dags/example_nested_branch_dag.py
[2025-12-08T08:29:26.173+0000] {processor.py:925} INFO - DAG(s) 'example_nested_branch_dag' retrieved from /home/airflow/.local/lib/python3.12/site-packages/airflow/example_dags/example_nested_branch_dag.py
[2025-12-08T08:29:26.201+0000] {logging_mixin.py:190} INFO - [2025-12-08T08:29:26.201+0000] {dag.py:3211} INFO - Sync 1 DAGs
[2025-12-08T08:29:26.226+0000] {logging_mixin.py:190} INFO - [2025-12-08T08:29:26.226+0000] {dag.py:4138} INFO - Setting next_dagrun for example_nested_branch_dag to 2025-12-07 00:00:00+00:00, run_after=2025-12-08 00:00:00+00:00
[2025-12-08T08:29:26.244+0000] {processor.py:208} INFO - Processing /home/airflow/.local/lib/python3.12/site-packages/airflow/example_dags/example_nested_branch_dag.py took 0.098 seconds
[2025-12-08T08:29:56.804+0000] {processor.py:186} INFO - Started process (PID=7948) to work on /home/airflow/.local/lib/python3.12/site-packages/airflow/example_dags/example_nested_branch_dag.py
[2025-12-08T08:29:56.806+0000] {processor.py:914} INFO - Processing file /home/airflow/.local/lib/python3.12/site-packages/airflow/example_dags/example_nested_branch_dag.py for tasks to queue
[2025-12-08T08:29:56.813+0000] {logging_mixin.py:190} INFO - [2025-12-08T08:29:56.812+0000] {dagbag.py:587} INFO - Filling up the DagBag from /home/airflow/.local/lib/python3.12/site-packages/airflow/example_dags/example_nested_branch_dag.py
[2025-12-08T08:29:56.829+0000] {processor.py:925} INFO - DAG(s) 'example_nested_branch_dag' retrieved from /home/airflow/.local/lib/python3.12/site-packages/airflow/example_dags/example_nested_branch_dag.py
[2025-12-08T08:29:56.854+0000] {logging_mixin.py:190} INFO - [2025-12-08T08:29:56.854+0000] {dag.py:3211} INFO - Sync 1 DAGs
[2025-12-08T08:29:56.885+0000] {logging_mixin.py:190} INFO - [2025-12-08T08:29:56.884+0000] {dag.py:4138} INFO - Setting next_dagrun for example_nested_branch_dag to 2025-12-07 00:00:00+00:00, run_after=2025-12-08 00:00:00+00:00
[2025-12-08T08:29:56.923+0000] {processor.py:208} INFO - Processing /home/airflow/.local/lib/python3.12/site-packages/airflow/example_dags/example_nested_branch_dag.py took 0.131 seconds
[2025-12-08T08:30:27.545+0000] {processor.py:186} INFO - Started process (PID=8011) to work on /home/airflow/.local/lib/python3.12/site-packages/airflow/example_dags/example_nested_branch_dag.py
[2025-12-08T08:30:27.547+0000] {processor.py:914} INFO - Processing file /home/airflow/.local/lib/python3.12/site-packages/airflow/example_dags/example_nested_branch_dag.py for tasks to queue
[2025-12-08T08:30:27.551+0000] {logging_mixin.py:190} INFO - [2025-12-08T08:30:27.550+0000] {dagbag.py:587} INFO - Filling up the DagBag from /home/airflow/.local/lib/python3.12/site-packages/airflow/example_dags/example_nested_branch_dag.py
[2025-12-08T08:30:27.565+0000] {processor.py:925} INFO - DAG(s) 'example_nested_branch_dag' retrieved from /home/airflow/.local/lib/python3.12/site-packages/airflow/example_dags/example_nested_branch_dag.py
[2025-12-08T08:30:27.596+0000] {logging_mixin.py:190} INFO - [2025-12-08T08:30:27.596+0000] {dag.py:3211} INFO - Sync 1 DAGs
[2025-12-08T08:30:27.624+0000] {logging_mixin.py:190} INFO - [2025-12-08T08:30:27.624+0000] {dag.py:4138} INFO - Setting next_dagrun for example_nested_branch_dag to 2025-12-07 00:00:00+00:00, run_after=2025-12-08 00:00:00+00:00
[2025-12-08T08:30:27.649+0000] {processor.py:208} INFO - Processing /home/airflow/.local/lib/python3.12/site-packages/airflow/example_dags/example_nested_branch_dag.py took 0.112 seconds
[2025-12-08T08:30:58.284+0000] {processor.py:186} INFO - Started process (PID=8074) to work on /home/airflow/.local/lib/python3.12/site-packages/airflow/example_dags/example_nested_branch_dag.py
[2025-12-08T08:30:58.287+0000] {processor.py:914} INFO - Processing file /home/airflow/.local/lib/python3.12/site-packages/airflow/example_dags/example_nested_branch_dag.py for tasks to queue
[2025-12-08T08:30:58.293+0000] {logging_mixin.py:190} INFO - [2025-12-08T08:30:58.292+0000] {dagbag.py:587} INFO - Filling up the DagBag from /home/airflow/.local/lib/python3.12/site-packages/airflow/example_dags/example_nested_branch_dag.py
[2025-12-08T08:30:58.322+0000] {processor.py:925} INFO - DAG(s) 'example_nested_branch_dag' retrieved from /home/airflow/.local/lib/python3.12/site-packages/airflow/example_dags/example_nested_branch_dag.py
[2025-12-08T08:30:58.382+0000] {logging_mixin.py:190} INFO - [2025-12-08T08:30:58.381+0000] {dag.py:3211} INFO - Sync 1 DAGs
[2025-12-08T08:30:58.420+0000] {logging_mixin.py:190} INFO - [2025-12-08T08:30:58.419+0000] {dag.py:4138} INFO - Setting next_dagrun for example_nested_branch_dag to 2025-12-07 00:00:00+00:00, run_after=2025-12-08 00:00:00+00:00
[2025-12-08T08:30:58.444+0000] {processor.py:208} INFO - Processing /home/airflow/.local/lib/python3.12/site-packages/airflow/example_dags/example_nested_branch_dag.py took 0.173 seconds
[2025-12-08T08:31:28.582+0000] {processor.py:186} INFO - Started process (PID=8137) to work on /home/airflow/.local/lib/python3.12/site-packages/airflow/example_dags/example_nested_branch_dag.py
[2025-12-08T08:31:28.584+0000] {processor.py:914} INFO - Processing file /home/airflow/.local/lib/python3.12/site-packages/airflow/example_dags/example_nested_branch_dag.py for tasks to queue
[2025-12-08T08:31:28.589+0000] {logging_mixin.py:190} INFO - [2025-12-08T08:31:28.589+0000] {dagbag.py:587} INFO - Filling up the DagBag from /home/airflow/.local/lib/python3.12/site-packages/airflow/example_dags/example_nested_branch_dag.py
[2025-12-08T08:31:28.607+0000] {processor.py:925} INFO - DAG(s) 'example_nested_branch_dag' retrieved from /home/airflow/.local/lib/python3.12/site-packages/airflow/example_dags/example_nested_branch_dag.py
[2025-12-08T08:31:28.641+0000] {logging_mixin.py:190} INFO - [2025-12-08T08:31:28.640+0000] {dag.py:3211} INFO - Sync 1 DAGs
[2025-12-08T08:31:28.678+0000] {logging_mixin.py:190} INFO - [2025-12-08T08:31:28.678+0000] {dag.py:4138} INFO - Setting next_dagrun for example_nested_branch_dag to 2025-12-07 00:00:00+00:00, run_after=2025-12-08 00:00:00+00:00
[2025-12-08T08:31:28.705+0000] {processor.py:208} INFO - Processing /home/airflow/.local/lib/python3.12/site-packages/airflow/example_dags/example_nested_branch_dag.py took 0.139 seconds
[2025-12-08T08:31:59.050+0000] {processor.py:186} INFO - Started process (PID=8200) to work on /home/airflow/.local/lib/python3.12/site-packages/airflow/example_dags/example_nested_branch_dag.py
[2025-12-08T08:31:59.052+0000] {processor.py:914} INFO - Processing file /home/airflow/.local/lib/python3.12/site-packages/airflow/example_dags/example_nested_branch_dag.py for tasks to queue
[2025-12-08T08:31:59.059+0000] {logging_mixin.py:190} INFO - [2025-12-08T08:31:59.059+0000] {dagbag.py:587} INFO - Filling up the DagBag from /home/airflow/.local/lib/python3.12/site-packages/airflow/example_dags/example_nested_branch_dag.py
[2025-12-08T08:31:59.088+0000] {processor.py:925} INFO - DAG(s) 'example_nested_branch_dag' retrieved from /home/airflow/.local/lib/python3.12/site-packages/airflow/example_dags/example_nested_branch_dag.py
[2025-12-08T08:31:59.136+0000] {logging_mixin.py:190} INFO - [2025-12-08T08:31:59.135+0000] {dag.py:3211} INFO - Sync 1 DAGs
[2025-12-08T08:31:59.183+0000] {logging_mixin.py:190} INFO - [2025-12-08T08:31:59.183+0000] {dag.py:4138} INFO - Setting next_dagrun for example_nested_branch_dag to 2025-12-07 00:00:00+00:00, run_after=2025-12-08 00:00:00+00:00
[2025-12-08T08:31:59.224+0000] {processor.py:208} INFO - Processing /home/airflow/.local/lib/python3.12/site-packages/airflow/example_dags/example_nested_branch_dag.py took 0.193 seconds
[2025-12-08T08:32:29.454+0000] {processor.py:186} INFO - Started process (PID=8263) to work on /home/airflow/.local/lib/python3.12/site-packages/airflow/example_dags/example_nested_branch_dag.py
[2025-12-08T08:32:29.456+0000] {processor.py:914} INFO - Processing file /home/airflow/.local/lib/python3.12/site-packages/airflow/example_dags/example_nested_branch_dag.py for tasks to queue
[2025-12-08T08:32:29.460+0000] {logging_mixin.py:190} INFO - [2025-12-08T08:32:29.460+0000] {dagbag.py:587} INFO - Filling up the DagBag from /home/airflow/.local/lib/python3.12/site-packages/airflow/example_dags/example_nested_branch_dag.py
[2025-12-08T08:32:29.474+0000] {processor.py:925} INFO - DAG(s) 'example_nested_branch_dag' retrieved from /home/airflow/.local/lib/python3.12/site-packages/airflow/example_dags/example_nested_branch_dag.py
[2025-12-08T08:32:29.501+0000] {logging_mixin.py:190} INFO - [2025-12-08T08:32:29.501+0000] {dag.py:3211} INFO - Sync 1 DAGs
[2025-12-08T08:32:29.526+0000] {logging_mixin.py:190} INFO - [2025-12-08T08:32:29.526+0000] {dag.py:4138} INFO - Setting next_dagrun for example_nested_branch_dag to 2025-12-07 00:00:00+00:00, run_after=2025-12-08 00:00:00+00:00
[2025-12-08T08:32:29.547+0000] {processor.py:208} INFO - Processing /home/airflow/.local/lib/python3.12/site-packages/airflow/example_dags/example_nested_branch_dag.py took 0.104 seconds
[2025-12-08T08:32:59.845+0000] {processor.py:186} INFO - Started process (PID=8327) to work on /home/airflow/.local/lib/python3.12/site-packages/airflow/example_dags/example_nested_branch_dag.py
[2025-12-08T08:32:59.847+0000] {processor.py:914} INFO - Processing file /home/airflow/.local/lib/python3.12/site-packages/airflow/example_dags/example_nested_branch_dag.py for tasks to queue
[2025-12-08T08:32:59.850+0000] {logging_mixin.py:190} INFO - [2025-12-08T08:32:59.850+0000] {dagbag.py:587} INFO - Filling up the DagBag from /home/airflow/.local/lib/python3.12/site-packages/airflow/example_dags/example_nested_branch_dag.py
[2025-12-08T08:32:59.864+0000] {processor.py:925} INFO - DAG(s) 'example_nested_branch_dag' retrieved from /home/airflow/.local/lib/python3.12/site-packages/airflow/example_dags/example_nested_branch_dag.py
[2025-12-08T08:32:59.890+0000] {logging_mixin.py:190} INFO - [2025-12-08T08:32:59.889+0000] {dag.py:3211} INFO - Sync 1 DAGs
[2025-12-08T08:32:59.914+0000] {logging_mixin.py:190} INFO - [2025-12-08T08:32:59.914+0000] {dag.py:4138} INFO - Setting next_dagrun for example_nested_branch_dag to 2025-12-07 00:00:00+00:00, run_after=2025-12-08 00:00:00+00:00
[2025-12-08T08:32:59.934+0000] {processor.py:208} INFO - Processing /home/airflow/.local/lib/python3.12/site-packages/airflow/example_dags/example_nested_branch_dag.py took 0.097 seconds
[2025-12-08T08:33:31.212+0000] {processor.py:186} INFO - Started process (PID=8390) to work on /home/airflow/.local/lib/python3.12/site-packages/airflow/example_dags/example_nested_branch_dag.py
[2025-12-08T08:33:31.215+0000] {processor.py:914} INFO - Processing file /home/airflow/.local/lib/python3.12/site-packages/airflow/example_dags/example_nested_branch_dag.py for tasks to queue
[2025-12-08T08:33:31.219+0000] {logging_mixin.py:190} INFO - [2025-12-08T08:33:31.219+0000] {dagbag.py:587} INFO - Filling up the DagBag from /home/airflow/.local/lib/python3.12/site-packages/airflow/example_dags/example_nested_branch_dag.py
[2025-12-08T08:33:31.238+0000] {processor.py:925} INFO - DAG(s) 'example_nested_branch_dag' retrieved from /home/airflow/.local/lib/python3.12/site-packages/airflow/example_dags/example_nested_branch_dag.py
[2025-12-08T08:33:31.280+0000] {logging_mixin.py:190} INFO - [2025-12-08T08:33:31.279+0000] {dag.py:3211} INFO - Sync 1 DAGs
[2025-12-08T08:33:31.340+0000] {logging_mixin.py:190} INFO - [2025-12-08T08:33:31.340+0000] {dag.py:4138} INFO - Setting next_dagrun for example_nested_branch_dag to 2025-12-07 00:00:00+00:00, run_after=2025-12-08 00:00:00+00:00
[2025-12-08T08:33:31.379+0000] {processor.py:208} INFO - Processing /home/airflow/.local/lib/python3.12/site-packages/airflow/example_dags/example_nested_branch_dag.py took 0.177 seconds
[2025-12-08T08:34:01.468+0000] {processor.py:186} INFO - Started process (PID=8453) to work on /home/airflow/.local/lib/python3.12/site-packages/airflow/example_dags/example_nested_branch_dag.py
[2025-12-08T08:34:01.470+0000] {processor.py:914} INFO - Processing file /home/airflow/.local/lib/python3.12/site-packages/airflow/example_dags/example_nested_branch_dag.py for tasks to queue
[2025-12-08T08:34:01.473+0000] {logging_mixin.py:190} INFO - [2025-12-08T08:34:01.473+0000] {dagbag.py:587} INFO - Filling up the DagBag from /home/airflow/.local/lib/python3.12/site-packages/airflow/example_dags/example_nested_branch_dag.py
[2025-12-08T08:34:01.485+0000] {processor.py:925} INFO - DAG(s) 'example_nested_branch_dag' retrieved from /home/airflow/.local/lib/python3.12/site-packages/airflow/example_dags/example_nested_branch_dag.py
[2025-12-08T08:34:01.510+0000] {logging_mixin.py:190} INFO - [2025-12-08T08:34:01.509+0000] {dag.py:3211} INFO - Sync 1 DAGs
[2025-12-08T08:34:01.534+0000] {logging_mixin.py:190} INFO - [2025-12-08T08:34:01.534+0000] {dag.py:4138} INFO - Setting next_dagrun for example_nested_branch_dag to 2025-12-07 00:00:00+00:00, run_after=2025-12-08 00:00:00+00:00
[2025-12-08T08:34:01.556+0000] {processor.py:208} INFO - Processing /home/airflow/.local/lib/python3.12/site-packages/airflow/example_dags/example_nested_branch_dag.py took 0.094 seconds
[2025-12-08T08:34:32.344+0000] {processor.py:186} INFO - Started process (PID=8513) to work on /home/airflow/.local/lib/python3.12/site-packages/airflow/example_dags/example_nested_branch_dag.py
[2025-12-08T08:34:32.345+0000] {processor.py:914} INFO - Processing file /home/airflow/.local/lib/python3.12/site-packages/airflow/example_dags/example_nested_branch_dag.py for tasks to queue
[2025-12-08T08:34:32.349+0000] {logging_mixin.py:190} INFO - [2025-12-08T08:34:32.349+0000] {dagbag.py:587} INFO - Filling up the DagBag from /home/airflow/.local/lib/python3.12/site-packages/airflow/example_dags/example_nested_branch_dag.py
[2025-12-08T08:34:32.366+0000] {processor.py:925} INFO - DAG(s) 'example_nested_branch_dag' retrieved from /home/airflow/.local/lib/python3.12/site-packages/airflow/example_dags/example_nested_branch_dag.py
[2025-12-08T08:34:32.396+0000] {logging_mixin.py:190} INFO - [2025-12-08T08:34:32.395+0000] {dag.py:3211} INFO - Sync 1 DAGs
[2025-12-08T08:34:32.420+0000] {logging_mixin.py:190} INFO - [2025-12-08T08:34:32.420+0000] {dag.py:4138} INFO - Setting next_dagrun for example_nested_branch_dag to 2025-12-07 00:00:00+00:00, run_after=2025-12-08 00:00:00+00:00
[2025-12-08T08:34:32.446+0000] {processor.py:208} INFO - Processing /home/airflow/.local/lib/python3.12/site-packages/airflow/example_dags/example_nested_branch_dag.py took 0.110 seconds
[2025-12-08T08:35:02.606+0000] {processor.py:186} INFO - Started process (PID=8576) to work on /home/airflow/.local/lib/python3.12/site-packages/airflow/example_dags/example_nested_branch_dag.py
[2025-12-08T08:35:02.608+0000] {processor.py:914} INFO - Processing file /home/airflow/.local/lib/python3.12/site-packages/airflow/example_dags/example_nested_branch_dag.py for tasks to queue
[2025-12-08T08:35:02.611+0000] {logging_mixin.py:190} INFO - [2025-12-08T08:35:02.611+0000] {dagbag.py:587} INFO - Filling up the DagBag from /home/airflow/.local/lib/python3.12/site-packages/airflow/example_dags/example_nested_branch_dag.py
[2025-12-08T08:35:02.626+0000] {processor.py:925} INFO - DAG(s) 'example_nested_branch_dag' retrieved from /home/airflow/.local/lib/python3.12/site-packages/airflow/example_dags/example_nested_branch_dag.py
[2025-12-08T08:35:02.650+0000] {logging_mixin.py:190} INFO - [2025-12-08T08:35:02.649+0000] {dag.py:3211} INFO - Sync 1 DAGs
[2025-12-08T08:35:02.677+0000] {logging_mixin.py:190} INFO - [2025-12-08T08:35:02.676+0000] {dag.py:4138} INFO - Setting next_dagrun for example_nested_branch_dag to 2025-12-07 00:00:00+00:00, run_after=2025-12-08 00:00:00+00:00
[2025-12-08T08:35:02.697+0000] {processor.py:208} INFO - Processing /home/airflow/.local/lib/python3.12/site-packages/airflow/example_dags/example_nested_branch_dag.py took 0.098 seconds
[2025-12-08T08:35:32.768+0000] {processor.py:186} INFO - Started process (PID=8639) to work on /home/airflow/.local/lib/python3.12/site-packages/airflow/example_dags/example_nested_branch_dag.py
[2025-12-08T08:35:32.769+0000] {processor.py:914} INFO - Processing file /home/airflow/.local/lib/python3.12/site-packages/airflow/example_dags/example_nested_branch_dag.py for tasks to queue
[2025-12-08T08:35:32.771+0000] {logging_mixin.py:190} INFO - [2025-12-08T08:35:32.771+0000] {dagbag.py:587} INFO - Filling up the DagBag from /home/airflow/.local/lib/python3.12/site-packages/airflow/example_dags/example_nested_branch_dag.py
[2025-12-08T08:35:32.782+0000] {processor.py:925} INFO - DAG(s) 'example_nested_branch_dag' retrieved from /home/airflow/.local/lib/python3.12/site-packages/airflow/example_dags/example_nested_branch_dag.py
[2025-12-08T08:35:32.805+0000] {logging_mixin.py:190} INFO - [2025-12-08T08:35:32.805+0000] {dag.py:3211} INFO - Sync 1 DAGs
[2025-12-08T08:35:32.826+0000] {logging_mixin.py:190} INFO - [2025-12-08T08:35:32.826+0000] {dag.py:4138} INFO - Setting next_dagrun for example_nested_branch_dag to 2025-12-07 00:00:00+00:00, run_after=2025-12-08 00:00:00+00:00
[2025-12-08T08:35:32.846+0000] {processor.py:208} INFO - Processing /home/airflow/.local/lib/python3.12/site-packages/airflow/example_dags/example_nested_branch_dag.py took 0.084 seconds
[2025-12-08T08:36:03.295+0000] {processor.py:186} INFO - Started process (PID=8700) to work on /home/airflow/.local/lib/python3.12/site-packages/airflow/example_dags/example_nested_branch_dag.py
[2025-12-08T08:36:03.297+0000] {processor.py:914} INFO - Processing file /home/airflow/.local/lib/python3.12/site-packages/airflow/example_dags/example_nested_branch_dag.py for tasks to queue
[2025-12-08T08:36:03.300+0000] {logging_mixin.py:190} INFO - [2025-12-08T08:36:03.300+0000] {dagbag.py:587} INFO - Filling up the DagBag from /home/airflow/.local/lib/python3.12/site-packages/airflow/example_dags/example_nested_branch_dag.py
[2025-12-08T08:36:03.312+0000] {processor.py:925} INFO - DAG(s) 'example_nested_branch_dag' retrieved from /home/airflow/.local/lib/python3.12/site-packages/airflow/example_dags/example_nested_branch_dag.py
[2025-12-08T08:36:03.336+0000] {logging_mixin.py:190} INFO - [2025-12-08T08:36:03.336+0000] {dag.py:3211} INFO - Sync 1 DAGs
[2025-12-08T08:36:03.360+0000] {logging_mixin.py:190} INFO - [2025-12-08T08:36:03.360+0000] {dag.py:4138} INFO - Setting next_dagrun for example_nested_branch_dag to 2025-12-07 00:00:00+00:00, run_after=2025-12-08 00:00:00+00:00
[2025-12-08T08:36:03.380+0000] {processor.py:208} INFO - Processing /home/airflow/.local/lib/python3.12/site-packages/airflow/example_dags/example_nested_branch_dag.py took 0.091 seconds
[2025-12-08T08:36:33.802+0000] {processor.py:186} INFO - Started process (PID=8762) to work on /home/airflow/.local/lib/python3.12/site-packages/airflow/example_dags/example_nested_branch_dag.py
[2025-12-08T08:36:33.804+0000] {processor.py:914} INFO - Processing file /home/airflow/.local/lib/python3.12/site-packages/airflow/example_dags/example_nested_branch_dag.py for tasks to queue
[2025-12-08T08:36:33.809+0000] {logging_mixin.py:190} INFO - [2025-12-08T08:36:33.808+0000] {dagbag.py:587} INFO - Filling up the DagBag from /home/airflow/.local/lib/python3.12/site-packages/airflow/example_dags/example_nested_branch_dag.py
[2025-12-08T08:36:33.824+0000] {processor.py:925} INFO - DAG(s) 'example_nested_branch_dag' retrieved from /home/airflow/.local/lib/python3.12/site-packages/airflow/example_dags/example_nested_branch_dag.py
[2025-12-08T08:36:33.847+0000] {logging_mixin.py:190} INFO - [2025-12-08T08:36:33.847+0000] {dag.py:3211} INFO - Sync 1 DAGs
[2025-12-08T08:36:33.870+0000] {logging_mixin.py:190} INFO - [2025-12-08T08:36:33.870+0000] {dag.py:4138} INFO - Setting next_dagrun for example_nested_branch_dag to 2025-12-07 00:00:00+00:00, run_after=2025-12-08 00:00:00+00:00
[2025-12-08T08:36:33.891+0000] {processor.py:208} INFO - Processing /home/airflow/.local/lib/python3.12/site-packages/airflow/example_dags/example_nested_branch_dag.py took 0.095 seconds
[2025-12-08T08:37:04.225+0000] {processor.py:186} INFO - Started process (PID=8824) to work on /home/airflow/.local/lib/python3.12/site-packages/airflow/example_dags/example_nested_branch_dag.py
[2025-12-08T08:37:04.226+0000] {processor.py:914} INFO - Processing file /home/airflow/.local/lib/python3.12/site-packages/airflow/example_dags/example_nested_branch_dag.py for tasks to queue
[2025-12-08T08:37:04.230+0000] {logging_mixin.py:190} INFO - [2025-12-08T08:37:04.229+0000] {dagbag.py:587} INFO - Filling up the DagBag from /home/airflow/.local/lib/python3.12/site-packages/airflow/example_dags/example_nested_branch_dag.py
[2025-12-08T08:37:04.240+0000] {processor.py:925} INFO - DAG(s) 'example_nested_branch_dag' retrieved from /home/airflow/.local/lib/python3.12/site-packages/airflow/example_dags/example_nested_branch_dag.py
[2025-12-08T08:37:04.262+0000] {logging_mixin.py:190} INFO - [2025-12-08T08:37:04.261+0000] {dag.py:3211} INFO - Sync 1 DAGs
[2025-12-08T08:37:04.284+0000] {logging_mixin.py:190} INFO - [2025-12-08T08:37:04.284+0000] {dag.py:4138} INFO - Setting next_dagrun for example_nested_branch_dag to 2025-12-07 00:00:00+00:00, run_after=2025-12-08 00:00:00+00:00
[2025-12-08T08:37:04.303+0000] {processor.py:208} INFO - Processing /home/airflow/.local/lib/python3.12/site-packages/airflow/example_dags/example_nested_branch_dag.py took 0.084 seconds
[2025-12-08T08:37:34.825+0000] {processor.py:186} INFO - Started process (PID=8887) to work on /home/airflow/.local/lib/python3.12/site-packages/airflow/example_dags/example_nested_branch_dag.py
[2025-12-08T08:37:34.827+0000] {processor.py:914} INFO - Processing file /home/airflow/.local/lib/python3.12/site-packages/airflow/example_dags/example_nested_branch_dag.py for tasks to queue
[2025-12-08T08:37:34.831+0000] {logging_mixin.py:190} INFO - [2025-12-08T08:37:34.830+0000] {dagbag.py:587} INFO - Filling up the DagBag from /home/airflow/.local/lib/python3.12/site-packages/airflow/example_dags/example_nested_branch_dag.py
[2025-12-08T08:37:34.847+0000] {processor.py:925} INFO - DAG(s) 'example_nested_branch_dag' retrieved from /home/airflow/.local/lib/python3.12/site-packages/airflow/example_dags/example_nested_branch_dag.py
[2025-12-08T08:37:34.873+0000] {logging_mixin.py:190} INFO - [2025-12-08T08:37:34.873+0000] {dag.py:3211} INFO - Sync 1 DAGs
[2025-12-08T08:37:34.898+0000] {logging_mixin.py:190} INFO - [2025-12-08T08:37:34.898+0000] {dag.py:4138} INFO - Setting next_dagrun for example_nested_branch_dag to 2025-12-07 00:00:00+00:00, run_after=2025-12-08 00:00:00+00:00
[2025-12-08T08:37:34.921+0000] {processor.py:208} INFO - Processing /home/airflow/.local/lib/python3.12/site-packages/airflow/example_dags/example_nested_branch_dag.py took 0.101 seconds
[2025-12-08T08:38:05.558+0000] {processor.py:186} INFO - Started process (PID=8950) to work on /home/airflow/.local/lib/python3.12/site-packages/airflow/example_dags/example_nested_branch_dag.py
[2025-12-08T08:38:05.559+0000] {processor.py:914} INFO - Processing file /home/airflow/.local/lib/python3.12/site-packages/airflow/example_dags/example_nested_branch_dag.py for tasks to queue
[2025-12-08T08:38:05.563+0000] {logging_mixin.py:190} INFO - [2025-12-08T08:38:05.563+0000] {dagbag.py:587} INFO - Filling up the DagBag from /home/airflow/.local/lib/python3.12/site-packages/airflow/example_dags/example_nested_branch_dag.py
[2025-12-08T08:38:05.575+0000] {processor.py:925} INFO - DAG(s) 'example_nested_branch_dag' retrieved from /home/airflow/.local/lib/python3.12/site-packages/airflow/example_dags/example_nested_branch_dag.py
[2025-12-08T08:38:05.602+0000] {logging_mixin.py:190} INFO - [2025-12-08T08:38:05.601+0000] {dag.py:3211} INFO - Sync 1 DAGs
[2025-12-08T08:38:05.632+0000] {logging_mixin.py:190} INFO - [2025-12-08T08:38:05.631+0000] {dag.py:4138} INFO - Setting next_dagrun for example_nested_branch_dag to 2025-12-07 00:00:00+00:00, run_after=2025-12-08 00:00:00+00:00
[2025-12-08T08:38:05.654+0000] {processor.py:208} INFO - Processing /home/airflow/.local/lib/python3.12/site-packages/airflow/example_dags/example_nested_branch_dag.py took 0.103 seconds
[2025-12-08T08:38:36.245+0000] {processor.py:186} INFO - Started process (PID=9012) to work on /home/airflow/.local/lib/python3.12/site-packages/airflow/example_dags/example_nested_branch_dag.py
[2025-12-08T08:38:36.247+0000] {processor.py:914} INFO - Processing file /home/airflow/.local/lib/python3.12/site-packages/airflow/example_dags/example_nested_branch_dag.py for tasks to queue
[2025-12-08T08:38:36.250+0000] {logging_mixin.py:190} INFO - [2025-12-08T08:38:36.250+0000] {dagbag.py:587} INFO - Filling up the DagBag from /home/airflow/.local/lib/python3.12/site-packages/airflow/example_dags/example_nested_branch_dag.py
[2025-12-08T08:38:36.265+0000] {processor.py:925} INFO - DAG(s) 'example_nested_branch_dag' retrieved from /home/airflow/.local/lib/python3.12/site-packages/airflow/example_dags/example_nested_branch_dag.py
[2025-12-08T08:38:36.297+0000] {logging_mixin.py:190} INFO - [2025-12-08T08:38:36.297+0000] {dag.py:3211} INFO - Sync 1 DAGs
[2025-12-08T08:38:36.327+0000] {logging_mixin.py:190} INFO - [2025-12-08T08:38:36.327+0000] {dag.py:4138} INFO - Setting next_dagrun for example_nested_branch_dag to 2025-12-07 00:00:00+00:00, run_after=2025-12-08 00:00:00+00:00
[2025-12-08T08:38:36.352+0000] {processor.py:208} INFO - Processing /home/airflow/.local/lib/python3.12/site-packages/airflow/example_dags/example_nested_branch_dag.py took 0.115 seconds
[2025-12-08T08:39:08.427+0000] {processor.py:186} INFO - Started process (PID=9074) to work on /home/airflow/.local/lib/python3.12/site-packages/airflow/example_dags/example_nested_branch_dag.py
[2025-12-08T08:39:08.429+0000] {processor.py:914} INFO - Processing file /home/airflow/.local/lib/python3.12/site-packages/airflow/example_dags/example_nested_branch_dag.py for tasks to queue
[2025-12-08T08:39:08.433+0000] {logging_mixin.py:190} INFO - [2025-12-08T08:39:08.432+0000] {dagbag.py:587} INFO - Filling up the DagBag from /home/airflow/.local/lib/python3.12/site-packages/airflow/example_dags/example_nested_branch_dag.py
[2025-12-08T08:39:08.448+0000] {processor.py:925} INFO - DAG(s) 'example_nested_branch_dag' retrieved from /home/airflow/.local/lib/python3.12/site-packages/airflow/example_dags/example_nested_branch_dag.py
[2025-12-08T08:39:08.480+0000] {logging_mixin.py:190} INFO - [2025-12-08T08:39:08.479+0000] {dag.py:3211} INFO - Sync 1 DAGs
[2025-12-08T08:39:08.523+0000] {logging_mixin.py:190} INFO - [2025-12-08T08:39:08.523+0000] {dag.py:4138} INFO - Setting next_dagrun for example_nested_branch_dag to 2025-12-07 00:00:00+00:00, run_after=2025-12-08 00:00:00+00:00
[2025-12-08T08:39:08.553+0000] {processor.py:208} INFO - Processing /home/airflow/.local/lib/python3.12/site-packages/airflow/example_dags/example_nested_branch_dag.py took 0.133 seconds
[2025-12-08T08:39:39.488+0000] {processor.py:186} INFO - Started process (PID=9137) to work on /home/airflow/.local/lib/python3.12/site-packages/airflow/example_dags/example_nested_branch_dag.py
[2025-12-08T08:39:39.491+0000] {processor.py:914} INFO - Processing file /home/airflow/.local/lib/python3.12/site-packages/airflow/example_dags/example_nested_branch_dag.py for tasks to queue
[2025-12-08T08:39:39.498+0000] {logging_mixin.py:190} INFO - [2025-12-08T08:39:39.497+0000] {dagbag.py:587} INFO - Filling up the DagBag from /home/airflow/.local/lib/python3.12/site-packages/airflow/example_dags/example_nested_branch_dag.py
[2025-12-08T08:39:39.524+0000] {processor.py:925} INFO - DAG(s) 'example_nested_branch_dag' retrieved from /home/airflow/.local/lib/python3.12/site-packages/airflow/example_dags/example_nested_branch_dag.py
[2025-12-08T08:39:39.554+0000] {logging_mixin.py:190} INFO - [2025-12-08T08:39:39.553+0000] {dag.py:3211} INFO - Sync 1 DAGs
[2025-12-08T08:39:39.577+0000] {logging_mixin.py:190} INFO - [2025-12-08T08:39:39.577+0000] {dag.py:4138} INFO - Setting next_dagrun for example_nested_branch_dag to 2025-12-07 00:00:00+00:00, run_after=2025-12-08 00:00:00+00:00
[2025-12-08T08:39:39.760+0000] {processor.py:208} INFO - Processing /home/airflow/.local/lib/python3.12/site-packages/airflow/example_dags/example_nested_branch_dag.py took 0.286 seconds
[2025-12-08T08:40:10.439+0000] {processor.py:186} INFO - Started process (PID=9200) to work on /home/airflow/.local/lib/python3.12/site-packages/airflow/example_dags/example_nested_branch_dag.py
[2025-12-08T08:40:10.441+0000] {processor.py:914} INFO - Processing file /home/airflow/.local/lib/python3.12/site-packages/airflow/example_dags/example_nested_branch_dag.py for tasks to queue
[2025-12-08T08:40:10.445+0000] {logging_mixin.py:190} INFO - [2025-12-08T08:40:10.445+0000] {dagbag.py:587} INFO - Filling up the DagBag from /home/airflow/.local/lib/python3.12/site-packages/airflow/example_dags/example_nested_branch_dag.py
[2025-12-08T08:40:10.459+0000] {processor.py:925} INFO - DAG(s) 'example_nested_branch_dag' retrieved from /home/airflow/.local/lib/python3.12/site-packages/airflow/example_dags/example_nested_branch_dag.py
[2025-12-08T08:40:10.483+0000] {logging_mixin.py:190} INFO - [2025-12-08T08:40:10.483+0000] {dag.py:3211} INFO - Sync 1 DAGs
[2025-12-08T08:40:10.508+0000] {logging_mixin.py:190} INFO - [2025-12-08T08:40:10.508+0000] {dag.py:4138} INFO - Setting next_dagrun for example_nested_branch_dag to 2025-12-07 00:00:00+00:00, run_after=2025-12-08 00:00:00+00:00
[2025-12-08T08:40:10.532+0000] {processor.py:208} INFO - Processing /home/airflow/.local/lib/python3.12/site-packages/airflow/example_dags/example_nested_branch_dag.py took 0.100 seconds
[2025-12-08T08:40:40.631+0000] {processor.py:186} INFO - Started process (PID=9262) to work on /home/airflow/.local/lib/python3.12/site-packages/airflow/example_dags/example_nested_branch_dag.py
[2025-12-08T08:40:40.633+0000] {processor.py:914} INFO - Processing file /home/airflow/.local/lib/python3.12/site-packages/airflow/example_dags/example_nested_branch_dag.py for tasks to queue
[2025-12-08T08:40:40.636+0000] {logging_mixin.py:190} INFO - [2025-12-08T08:40:40.635+0000] {dagbag.py:587} INFO - Filling up the DagBag from /home/airflow/.local/lib/python3.12/site-packages/airflow/example_dags/example_nested_branch_dag.py
[2025-12-08T08:40:40.650+0000] {processor.py:925} INFO - DAG(s) 'example_nested_branch_dag' retrieved from /home/airflow/.local/lib/python3.12/site-packages/airflow/example_dags/example_nested_branch_dag.py
[2025-12-08T08:40:40.680+0000] {logging_mixin.py:190} INFO - [2025-12-08T08:40:40.679+0000] {dag.py:3211} INFO - Sync 1 DAGs
[2025-12-08T08:40:40.701+0000] {logging_mixin.py:190} INFO - [2025-12-08T08:40:40.701+0000] {dag.py:4138} INFO - Setting next_dagrun for example_nested_branch_dag to 2025-12-07 00:00:00+00:00, run_after=2025-12-08 00:00:00+00:00
[2025-12-08T08:40:40.722+0000] {processor.py:208} INFO - Processing /home/airflow/.local/lib/python3.12/site-packages/airflow/example_dags/example_nested_branch_dag.py took 0.100 seconds
[2025-12-08T08:41:11.097+0000] {processor.py:186} INFO - Started process (PID=9325) to work on /home/airflow/.local/lib/python3.12/site-packages/airflow/example_dags/example_nested_branch_dag.py
[2025-12-08T08:41:11.099+0000] {processor.py:914} INFO - Processing file /home/airflow/.local/lib/python3.12/site-packages/airflow/example_dags/example_nested_branch_dag.py for tasks to queue
[2025-12-08T08:41:11.103+0000] {logging_mixin.py:190} INFO - [2025-12-08T08:41:11.102+0000] {dagbag.py:587} INFO - Filling up the DagBag from /home/airflow/.local/lib/python3.12/site-packages/airflow/example_dags/example_nested_branch_dag.py
[2025-12-08T08:41:11.121+0000] {processor.py:925} INFO - DAG(s) 'example_nested_branch_dag' retrieved from /home/airflow/.local/lib/python3.12/site-packages/airflow/example_dags/example_nested_branch_dag.py
[2025-12-08T08:41:11.152+0000] {logging_mixin.py:190} INFO - [2025-12-08T08:41:11.151+0000] {dag.py:3211} INFO - Sync 1 DAGs
[2025-12-08T08:41:11.189+0000] {logging_mixin.py:190} INFO - [2025-12-08T08:41:11.188+0000] {dag.py:4138} INFO - Setting next_dagrun for example_nested_branch_dag to 2025-12-07 00:00:00+00:00, run_after=2025-12-08 00:00:00+00:00
[2025-12-08T08:41:11.222+0000] {processor.py:208} INFO - Processing /home/airflow/.local/lib/python3.12/site-packages/airflow/example_dags/example_nested_branch_dag.py took 0.131 seconds
[2025-12-08T08:41:41.659+0000] {processor.py:186} INFO - Started process (PID=9389) to work on /home/airflow/.local/lib/python3.12/site-packages/airflow/example_dags/example_nested_branch_dag.py
[2025-12-08T08:41:41.661+0000] {processor.py:914} INFO - Processing file /home/airflow/.local/lib/python3.12/site-packages/airflow/example_dags/example_nested_branch_dag.py for tasks to queue
[2025-12-08T08:41:41.664+0000] {logging_mixin.py:190} INFO - [2025-12-08T08:41:41.664+0000] {dagbag.py:587} INFO - Filling up the DagBag from /home/airflow/.local/lib/python3.12/site-packages/airflow/example_dags/example_nested_branch_dag.py
[2025-12-08T08:41:41.885+0000] {processor.py:925} INFO - DAG(s) 'example_nested_branch_dag' retrieved from /home/airflow/.local/lib/python3.12/site-packages/airflow/example_dags/example_nested_branch_dag.py
[2025-12-08T08:41:41.914+0000] {logging_mixin.py:190} INFO - [2025-12-08T08:41:41.914+0000] {dag.py:3211} INFO - Sync 1 DAGs
[2025-12-08T08:41:41.948+0000] {logging_mixin.py:190} INFO - [2025-12-08T08:41:41.947+0000] {dag.py:4138} INFO - Setting next_dagrun for example_nested_branch_dag to 2025-12-07 00:00:00+00:00, run_after=2025-12-08 00:00:00+00:00
[2025-12-08T08:41:41.978+0000] {processor.py:208} INFO - Processing /home/airflow/.local/lib/python3.12/site-packages/airflow/example_dags/example_nested_branch_dag.py took 0.329 seconds
[2025-12-08T08:42:12.470+0000] {processor.py:186} INFO - Started process (PID=9452) to work on /home/airflow/.local/lib/python3.12/site-packages/airflow/example_dags/example_nested_branch_dag.py
[2025-12-08T08:42:12.472+0000] {processor.py:914} INFO - Processing file /home/airflow/.local/lib/python3.12/site-packages/airflow/example_dags/example_nested_branch_dag.py for tasks to queue
[2025-12-08T08:42:12.476+0000] {logging_mixin.py:190} INFO - [2025-12-08T08:42:12.475+0000] {dagbag.py:587} INFO - Filling up the DagBag from /home/airflow/.local/lib/python3.12/site-packages/airflow/example_dags/example_nested_branch_dag.py
[2025-12-08T08:42:12.488+0000] {processor.py:925} INFO - DAG(s) 'example_nested_branch_dag' retrieved from /home/airflow/.local/lib/python3.12/site-packages/airflow/example_dags/example_nested_branch_dag.py
[2025-12-08T08:42:12.517+0000] {logging_mixin.py:190} INFO - [2025-12-08T08:42:12.517+0000] {dag.py:3211} INFO - Sync 1 DAGs
[2025-12-08T08:42:12.552+0000] {logging_mixin.py:190} INFO - [2025-12-08T08:42:12.551+0000] {dag.py:4138} INFO - Setting next_dagrun for example_nested_branch_dag to 2025-12-07 00:00:00+00:00, run_after=2025-12-08 00:00:00+00:00
[2025-12-08T08:42:12.578+0000] {processor.py:208} INFO - Processing /home/airflow/.local/lib/python3.12/site-packages/airflow/example_dags/example_nested_branch_dag.py took 0.115 seconds
[2025-12-08T08:42:43.149+0000] {processor.py:186} INFO - Started process (PID=9515) to work on /home/airflow/.local/lib/python3.12/site-packages/airflow/example_dags/example_nested_branch_dag.py
[2025-12-08T08:42:43.151+0000] {processor.py:914} INFO - Processing file /home/airflow/.local/lib/python3.12/site-packages/airflow/example_dags/example_nested_branch_dag.py for tasks to queue
[2025-12-08T08:42:43.154+0000] {logging_mixin.py:190} INFO - [2025-12-08T08:42:43.154+0000] {dagbag.py:587} INFO - Filling up the DagBag from /home/airflow/.local/lib/python3.12/site-packages/airflow/example_dags/example_nested_branch_dag.py
[2025-12-08T08:42:43.166+0000] {processor.py:925} INFO - DAG(s) 'example_nested_branch_dag' retrieved from /home/airflow/.local/lib/python3.12/site-packages/airflow/example_dags/example_nested_branch_dag.py
[2025-12-08T08:42:43.190+0000] {logging_mixin.py:190} INFO - [2025-12-08T08:42:43.190+0000] {dag.py:3211} INFO - Sync 1 DAGs
[2025-12-08T08:42:43.216+0000] {logging_mixin.py:190} INFO - [2025-12-08T08:42:43.215+0000] {dag.py:4138} INFO - Setting next_dagrun for example_nested_branch_dag to 2025-12-07 00:00:00+00:00, run_after=2025-12-08 00:00:00+00:00
[2025-12-08T08:42:43.236+0000] {processor.py:208} INFO - Processing /home/airflow/.local/lib/python3.12/site-packages/airflow/example_dags/example_nested_branch_dag.py took 0.093 seconds
