[2025-12-08T07:00:40.769+0000] {processor.py:186} INFO - Started process (PID=108) to work on /home/airflow/.local/lib/python3.12/site-packages/airflow/example_dags/tutorial_objectstorage.py
[2025-12-08T07:00:40.781+0000] {processor.py:914} INFO - Processing file /home/airflow/.local/lib/python3.12/site-packages/airflow/example_dags/tutorial_objectstorage.py for tasks to queue
[2025-12-08T07:00:40.796+0000] {logging_mixin.py:190} INFO - [2025-12-08T07:00:40.795+0000] {dagbag.py:587} INFO - Filling up the DagBag from /home/airflow/.local/lib/python3.12/site-packages/airflow/example_dags/tutorial_objectstorage.py
[2025-12-08T07:00:40.832+0000] {processor.py:925} INFO - DAG(s) 'tutorial_objectstorage' retrieved from /home/airflow/.local/lib/python3.12/site-packages/airflow/example_dags/tutorial_objectstorage.py
[2025-12-08T07:00:40.913+0000] {logging_mixin.py:190} INFO - [2025-12-08T07:00:40.912+0000] {dag.py:3211} INFO - Sync 1 DAGs
[2025-12-08T07:00:40.968+0000] {logging_mixin.py:190} INFO - [2025-12-08T07:00:40.968+0000] {dag.py:4138} INFO - Setting next_dagrun for tutorial_objectstorage to None, run_after=None
[2025-12-08T07:00:41.039+0000] {processor.py:208} INFO - Processing /home/airflow/.local/lib/python3.12/site-packages/airflow/example_dags/tutorial_objectstorage.py took 0.285 seconds
[2025-12-08T07:01:11.206+0000] {processor.py:186} INFO - Started process (PID=170) to work on /home/airflow/.local/lib/python3.12/site-packages/airflow/example_dags/tutorial_objectstorage.py
[2025-12-08T07:01:11.209+0000] {processor.py:914} INFO - Processing file /home/airflow/.local/lib/python3.12/site-packages/airflow/example_dags/tutorial_objectstorage.py for tasks to queue
[2025-12-08T07:01:11.215+0000] {logging_mixin.py:190} INFO - [2025-12-08T07:01:11.214+0000] {dagbag.py:587} INFO - Filling up the DagBag from /home/airflow/.local/lib/python3.12/site-packages/airflow/example_dags/tutorial_objectstorage.py
[2025-12-08T07:01:11.234+0000] {processor.py:925} INFO - DAG(s) 'tutorial_objectstorage' retrieved from /home/airflow/.local/lib/python3.12/site-packages/airflow/example_dags/tutorial_objectstorage.py
[2025-12-08T07:01:11.274+0000] {logging_mixin.py:190} INFO - [2025-12-08T07:01:11.274+0000] {dag.py:3211} INFO - Sync 1 DAGs
[2025-12-08T07:01:11.296+0000] {logging_mixin.py:190} INFO - [2025-12-08T07:01:11.295+0000] {dag.py:4138} INFO - Setting next_dagrun for tutorial_objectstorage to None, run_after=None
[2025-12-08T07:01:11.332+0000] {processor.py:208} INFO - Processing /home/airflow/.local/lib/python3.12/site-packages/airflow/example_dags/tutorial_objectstorage.py took 0.143 seconds
[2025-12-08T07:01:43.394+0000] {processor.py:186} INFO - Started process (PID=232) to work on /home/airflow/.local/lib/python3.12/site-packages/airflow/example_dags/tutorial_objectstorage.py
[2025-12-08T07:01:43.397+0000] {processor.py:914} INFO - Processing file /home/airflow/.local/lib/python3.12/site-packages/airflow/example_dags/tutorial_objectstorage.py for tasks to queue
[2025-12-08T07:01:43.403+0000] {logging_mixin.py:190} INFO - [2025-12-08T07:01:43.402+0000] {dagbag.py:587} INFO - Filling up the DagBag from /home/airflow/.local/lib/python3.12/site-packages/airflow/example_dags/tutorial_objectstorage.py
[2025-12-08T07:01:43.419+0000] {processor.py:925} INFO - DAG(s) 'tutorial_objectstorage' retrieved from /home/airflow/.local/lib/python3.12/site-packages/airflow/example_dags/tutorial_objectstorage.py
[2025-12-08T07:01:43.475+0000] {logging_mixin.py:190} INFO - [2025-12-08T07:01:43.474+0000] {dag.py:3211} INFO - Sync 1 DAGs
[2025-12-08T07:01:43.507+0000] {logging_mixin.py:190} INFO - [2025-12-08T07:01:43.506+0000] {dag.py:4138} INFO - Setting next_dagrun for tutorial_objectstorage to None, run_after=None
[2025-12-08T07:01:43.553+0000] {processor.py:208} INFO - Processing /home/airflow/.local/lib/python3.12/site-packages/airflow/example_dags/tutorial_objectstorage.py took 0.168 seconds
[2025-12-08T07:02:15.108+0000] {processor.py:186} INFO - Started process (PID=294) to work on /home/airflow/.local/lib/python3.12/site-packages/airflow/example_dags/tutorial_objectstorage.py
[2025-12-08T07:02:15.111+0000] {processor.py:914} INFO - Processing file /home/airflow/.local/lib/python3.12/site-packages/airflow/example_dags/tutorial_objectstorage.py for tasks to queue
[2025-12-08T07:02:15.117+0000] {logging_mixin.py:190} INFO - [2025-12-08T07:02:15.115+0000] {dagbag.py:587} INFO - Filling up the DagBag from /home/airflow/.local/lib/python3.12/site-packages/airflow/example_dags/tutorial_objectstorage.py
[2025-12-08T07:02:15.132+0000] {processor.py:925} INFO - DAG(s) 'tutorial_objectstorage' retrieved from /home/airflow/.local/lib/python3.12/site-packages/airflow/example_dags/tutorial_objectstorage.py
[2025-12-08T07:02:15.192+0000] {logging_mixin.py:190} INFO - [2025-12-08T07:02:15.191+0000] {dag.py:3211} INFO - Sync 1 DAGs
[2025-12-08T07:02:15.233+0000] {logging_mixin.py:190} INFO - [2025-12-08T07:02:15.233+0000] {dag.py:4138} INFO - Setting next_dagrun for tutorial_objectstorage to None, run_after=None
[2025-12-08T07:02:15.295+0000] {processor.py:208} INFO - Processing /home/airflow/.local/lib/python3.12/site-packages/airflow/example_dags/tutorial_objectstorage.py took 0.195 seconds
[2025-12-08T07:02:45.400+0000] {processor.py:186} INFO - Started process (PID=356) to work on /home/airflow/.local/lib/python3.12/site-packages/airflow/example_dags/tutorial_objectstorage.py
[2025-12-08T07:02:45.403+0000] {processor.py:914} INFO - Processing file /home/airflow/.local/lib/python3.12/site-packages/airflow/example_dags/tutorial_objectstorage.py for tasks to queue
[2025-12-08T07:02:45.408+0000] {logging_mixin.py:190} INFO - [2025-12-08T07:02:45.407+0000] {dagbag.py:587} INFO - Filling up the DagBag from /home/airflow/.local/lib/python3.12/site-packages/airflow/example_dags/tutorial_objectstorage.py
[2025-12-08T07:02:45.426+0000] {processor.py:925} INFO - DAG(s) 'tutorial_objectstorage' retrieved from /home/airflow/.local/lib/python3.12/site-packages/airflow/example_dags/tutorial_objectstorage.py
[2025-12-08T07:02:45.461+0000] {logging_mixin.py:190} INFO - [2025-12-08T07:02:45.461+0000] {dag.py:3211} INFO - Sync 1 DAGs
[2025-12-08T07:02:45.481+0000] {logging_mixin.py:190} INFO - [2025-12-08T07:02:45.481+0000] {dag.py:4138} INFO - Setting next_dagrun for tutorial_objectstorage to None, run_after=None
[2025-12-08T07:02:45.506+0000] {processor.py:208} INFO - Processing /home/airflow/.local/lib/python3.12/site-packages/airflow/example_dags/tutorial_objectstorage.py took 0.117 seconds
[2025-12-08T07:03:15.903+0000] {processor.py:186} INFO - Started process (PID=417) to work on /home/airflow/.local/lib/python3.12/site-packages/airflow/example_dags/tutorial_objectstorage.py
[2025-12-08T07:03:15.905+0000] {processor.py:914} INFO - Processing file /home/airflow/.local/lib/python3.12/site-packages/airflow/example_dags/tutorial_objectstorage.py for tasks to queue
[2025-12-08T07:03:15.910+0000] {logging_mixin.py:190} INFO - [2025-12-08T07:03:15.909+0000] {dagbag.py:587} INFO - Filling up the DagBag from /home/airflow/.local/lib/python3.12/site-packages/airflow/example_dags/tutorial_objectstorage.py
[2025-12-08T07:03:15.924+0000] {processor.py:925} INFO - DAG(s) 'tutorial_objectstorage' retrieved from /home/airflow/.local/lib/python3.12/site-packages/airflow/example_dags/tutorial_objectstorage.py
[2025-12-08T07:03:15.958+0000] {logging_mixin.py:190} INFO - [2025-12-08T07:03:15.957+0000] {dag.py:3211} INFO - Sync 1 DAGs
[2025-12-08T07:03:15.981+0000] {logging_mixin.py:190} INFO - [2025-12-08T07:03:15.981+0000] {dag.py:4138} INFO - Setting next_dagrun for tutorial_objectstorage to None, run_after=None
[2025-12-08T07:03:16.013+0000] {processor.py:208} INFO - Processing /home/airflow/.local/lib/python3.12/site-packages/airflow/example_dags/tutorial_objectstorage.py took 0.123 seconds
[2025-12-08T07:03:46.898+0000] {processor.py:186} INFO - Started process (PID=480) to work on /home/airflow/.local/lib/python3.12/site-packages/airflow/example_dags/tutorial_objectstorage.py
[2025-12-08T07:03:46.901+0000] {processor.py:914} INFO - Processing file /home/airflow/.local/lib/python3.12/site-packages/airflow/example_dags/tutorial_objectstorage.py for tasks to queue
[2025-12-08T07:03:46.905+0000] {logging_mixin.py:190} INFO - [2025-12-08T07:03:46.905+0000] {dagbag.py:587} INFO - Filling up the DagBag from /home/airflow/.local/lib/python3.12/site-packages/airflow/example_dags/tutorial_objectstorage.py
[2025-12-08T07:03:46.919+0000] {processor.py:925} INFO - DAG(s) 'tutorial_objectstorage' retrieved from /home/airflow/.local/lib/python3.12/site-packages/airflow/example_dags/tutorial_objectstorage.py
[2025-12-08T07:03:46.951+0000] {logging_mixin.py:190} INFO - [2025-12-08T07:03:46.950+0000] {dag.py:3211} INFO - Sync 1 DAGs
[2025-12-08T07:03:46.973+0000] {logging_mixin.py:190} INFO - [2025-12-08T07:03:46.972+0000] {dag.py:4138} INFO - Setting next_dagrun for tutorial_objectstorage to None, run_after=None
[2025-12-08T07:03:47.011+0000] {processor.py:208} INFO - Processing /home/airflow/.local/lib/python3.12/site-packages/airflow/example_dags/tutorial_objectstorage.py took 0.125 seconds
[2025-12-08T07:04:18.278+0000] {processor.py:186} INFO - Started process (PID=542) to work on /home/airflow/.local/lib/python3.12/site-packages/airflow/example_dags/tutorial_objectstorage.py
[2025-12-08T07:04:18.282+0000] {processor.py:914} INFO - Processing file /home/airflow/.local/lib/python3.12/site-packages/airflow/example_dags/tutorial_objectstorage.py for tasks to queue
[2025-12-08T07:04:18.291+0000] {logging_mixin.py:190} INFO - [2025-12-08T07:04:18.290+0000] {dagbag.py:587} INFO - Filling up the DagBag from /home/airflow/.local/lib/python3.12/site-packages/airflow/example_dags/tutorial_objectstorage.py
[2025-12-08T07:04:18.321+0000] {processor.py:925} INFO - DAG(s) 'tutorial_objectstorage' retrieved from /home/airflow/.local/lib/python3.12/site-packages/airflow/example_dags/tutorial_objectstorage.py
[2025-12-08T07:04:18.387+0000] {logging_mixin.py:190} INFO - [2025-12-08T07:04:18.386+0000] {dag.py:3211} INFO - Sync 1 DAGs
[2025-12-08T07:04:18.423+0000] {logging_mixin.py:190} INFO - [2025-12-08T07:04:18.422+0000] {dag.py:4138} INFO - Setting next_dagrun for tutorial_objectstorage to None, run_after=None
[2025-12-08T07:04:18.472+0000] {processor.py:208} INFO - Processing /home/airflow/.local/lib/python3.12/site-packages/airflow/example_dags/tutorial_objectstorage.py took 0.210 seconds
[2025-12-08T07:04:48.577+0000] {processor.py:186} INFO - Started process (PID=604) to work on /home/airflow/.local/lib/python3.12/site-packages/airflow/example_dags/tutorial_objectstorage.py
[2025-12-08T07:04:48.580+0000] {processor.py:914} INFO - Processing file /home/airflow/.local/lib/python3.12/site-packages/airflow/example_dags/tutorial_objectstorage.py for tasks to queue
[2025-12-08T07:04:48.586+0000] {logging_mixin.py:190} INFO - [2025-12-08T07:04:48.586+0000] {dagbag.py:587} INFO - Filling up the DagBag from /home/airflow/.local/lib/python3.12/site-packages/airflow/example_dags/tutorial_objectstorage.py
[2025-12-08T07:04:48.601+0000] {processor.py:925} INFO - DAG(s) 'tutorial_objectstorage' retrieved from /home/airflow/.local/lib/python3.12/site-packages/airflow/example_dags/tutorial_objectstorage.py
[2025-12-08T07:04:48.637+0000] {logging_mixin.py:190} INFO - [2025-12-08T07:04:48.636+0000] {dag.py:3211} INFO - Sync 1 DAGs
[2025-12-08T07:04:48.666+0000] {logging_mixin.py:190} INFO - [2025-12-08T07:04:48.666+0000] {dag.py:4138} INFO - Setting next_dagrun for tutorial_objectstorage to None, run_after=None
[2025-12-08T07:04:48.699+0000] {processor.py:208} INFO - Processing /home/airflow/.local/lib/python3.12/site-packages/airflow/example_dags/tutorial_objectstorage.py took 0.135 seconds
[2025-12-08T07:05:18.819+0000] {processor.py:186} INFO - Started process (PID=666) to work on /home/airflow/.local/lib/python3.12/site-packages/airflow/example_dags/tutorial_objectstorage.py
[2025-12-08T07:05:18.821+0000] {processor.py:914} INFO - Processing file /home/airflow/.local/lib/python3.12/site-packages/airflow/example_dags/tutorial_objectstorage.py for tasks to queue
[2025-12-08T07:05:18.827+0000] {logging_mixin.py:190} INFO - [2025-12-08T07:05:18.826+0000] {dagbag.py:587} INFO - Filling up the DagBag from /home/airflow/.local/lib/python3.12/site-packages/airflow/example_dags/tutorial_objectstorage.py
[2025-12-08T07:05:18.845+0000] {processor.py:925} INFO - DAG(s) 'tutorial_objectstorage' retrieved from /home/airflow/.local/lib/python3.12/site-packages/airflow/example_dags/tutorial_objectstorage.py
[2025-12-08T07:05:18.877+0000] {logging_mixin.py:190} INFO - [2025-12-08T07:05:18.876+0000] {dag.py:3211} INFO - Sync 1 DAGs
[2025-12-08T07:05:18.902+0000] {logging_mixin.py:190} INFO - [2025-12-08T07:05:18.901+0000] {dag.py:4138} INFO - Setting next_dagrun for tutorial_objectstorage to None, run_after=None
[2025-12-08T07:05:18.945+0000] {processor.py:208} INFO - Processing /home/airflow/.local/lib/python3.12/site-packages/airflow/example_dags/tutorial_objectstorage.py took 0.137 seconds
[2025-12-08T07:07:38.670+0000] {processor.py:186} INFO - Started process (PID=102) to work on /home/airflow/.local/lib/python3.12/site-packages/airflow/example_dags/tutorial_objectstorage.py
[2025-12-08T07:07:38.675+0000] {processor.py:914} INFO - Processing file /home/airflow/.local/lib/python3.12/site-packages/airflow/example_dags/tutorial_objectstorage.py for tasks to queue
[2025-12-08T07:07:38.687+0000] {logging_mixin.py:190} INFO - [2025-12-08T07:07:38.686+0000] {dagbag.py:587} INFO - Filling up the DagBag from /home/airflow/.local/lib/python3.12/site-packages/airflow/example_dags/tutorial_objectstorage.py
[2025-12-08T07:07:38.713+0000] {processor.py:925} INFO - DAG(s) 'tutorial_objectstorage' retrieved from /home/airflow/.local/lib/python3.12/site-packages/airflow/example_dags/tutorial_objectstorage.py
[2025-12-08T07:07:38.826+0000] {logging_mixin.py:190} INFO - [2025-12-08T07:07:38.825+0000] {dag.py:3211} INFO - Sync 1 DAGs
[2025-12-08T07:07:38.886+0000] {logging_mixin.py:190} INFO - [2025-12-08T07:07:38.885+0000] {dag.py:4138} INFO - Setting next_dagrun for tutorial_objectstorage to None, run_after=None
[2025-12-08T07:07:38.987+0000] {processor.py:208} INFO - Processing /home/airflow/.local/lib/python3.12/site-packages/airflow/example_dags/tutorial_objectstorage.py took 0.337 seconds
[2025-12-08T07:08:09.308+0000] {processor.py:186} INFO - Started process (PID=164) to work on /home/airflow/.local/lib/python3.12/site-packages/airflow/example_dags/tutorial_objectstorage.py
[2025-12-08T07:08:09.310+0000] {processor.py:914} INFO - Processing file /home/airflow/.local/lib/python3.12/site-packages/airflow/example_dags/tutorial_objectstorage.py for tasks to queue
[2025-12-08T07:08:09.317+0000] {logging_mixin.py:190} INFO - [2025-12-08T07:08:09.315+0000] {dagbag.py:587} INFO - Filling up the DagBag from /home/airflow/.local/lib/python3.12/site-packages/airflow/example_dags/tutorial_objectstorage.py
[2025-12-08T07:08:09.345+0000] {processor.py:925} INFO - DAG(s) 'tutorial_objectstorage' retrieved from /home/airflow/.local/lib/python3.12/site-packages/airflow/example_dags/tutorial_objectstorage.py
[2025-12-08T07:08:09.421+0000] {logging_mixin.py:190} INFO - [2025-12-08T07:08:09.420+0000] {dag.py:3211} INFO - Sync 1 DAGs
[2025-12-08T07:08:09.459+0000] {logging_mixin.py:190} INFO - [2025-12-08T07:08:09.458+0000] {dag.py:4138} INFO - Setting next_dagrun for tutorial_objectstorage to None, run_after=None
[2025-12-08T07:08:09.502+0000] {processor.py:208} INFO - Processing /home/airflow/.local/lib/python3.12/site-packages/airflow/example_dags/tutorial_objectstorage.py took 0.207 seconds
[2025-12-08T07:08:40.035+0000] {processor.py:186} INFO - Started process (PID=226) to work on /home/airflow/.local/lib/python3.12/site-packages/airflow/example_dags/tutorial_objectstorage.py
[2025-12-08T07:08:40.038+0000] {processor.py:914} INFO - Processing file /home/airflow/.local/lib/python3.12/site-packages/airflow/example_dags/tutorial_objectstorage.py for tasks to queue
[2025-12-08T07:08:40.041+0000] {logging_mixin.py:190} INFO - [2025-12-08T07:08:40.040+0000] {dagbag.py:587} INFO - Filling up the DagBag from /home/airflow/.local/lib/python3.12/site-packages/airflow/example_dags/tutorial_objectstorage.py
[2025-12-08T07:08:40.050+0000] {processor.py:925} INFO - DAG(s) 'tutorial_objectstorage' retrieved from /home/airflow/.local/lib/python3.12/site-packages/airflow/example_dags/tutorial_objectstorage.py
[2025-12-08T07:08:40.074+0000] {logging_mixin.py:190} INFO - [2025-12-08T07:08:40.073+0000] {dag.py:3211} INFO - Sync 1 DAGs
[2025-12-08T07:08:40.087+0000] {logging_mixin.py:190} INFO - [2025-12-08T07:08:40.087+0000] {dag.py:4138} INFO - Setting next_dagrun for tutorial_objectstorage to None, run_after=None
[2025-12-08T07:08:40.106+0000] {processor.py:208} INFO - Processing /home/airflow/.local/lib/python3.12/site-packages/airflow/example_dags/tutorial_objectstorage.py took 0.080 seconds
[2025-12-08T07:09:10.484+0000] {processor.py:186} INFO - Started process (PID=288) to work on /home/airflow/.local/lib/python3.12/site-packages/airflow/example_dags/tutorial_objectstorage.py
[2025-12-08T07:09:10.485+0000] {processor.py:914} INFO - Processing file /home/airflow/.local/lib/python3.12/site-packages/airflow/example_dags/tutorial_objectstorage.py for tasks to queue
[2025-12-08T07:09:10.488+0000] {logging_mixin.py:190} INFO - [2025-12-08T07:09:10.488+0000] {dagbag.py:587} INFO - Filling up the DagBag from /home/airflow/.local/lib/python3.12/site-packages/airflow/example_dags/tutorial_objectstorage.py
[2025-12-08T07:09:10.499+0000] {processor.py:925} INFO - DAG(s) 'tutorial_objectstorage' retrieved from /home/airflow/.local/lib/python3.12/site-packages/airflow/example_dags/tutorial_objectstorage.py
[2025-12-08T07:09:10.525+0000] {logging_mixin.py:190} INFO - [2025-12-08T07:09:10.524+0000] {dag.py:3211} INFO - Sync 1 DAGs
[2025-12-08T07:09:10.542+0000] {logging_mixin.py:190} INFO - [2025-12-08T07:09:10.542+0000] {dag.py:4138} INFO - Setting next_dagrun for tutorial_objectstorage to None, run_after=None
[2025-12-08T07:09:10.569+0000] {processor.py:208} INFO - Processing /home/airflow/.local/lib/python3.12/site-packages/airflow/example_dags/tutorial_objectstorage.py took 0.093 seconds
[2025-12-08T07:09:41.461+0000] {processor.py:186} INFO - Started process (PID=350) to work on /home/airflow/.local/lib/python3.12/site-packages/airflow/example_dags/tutorial_objectstorage.py
[2025-12-08T07:09:41.463+0000] {processor.py:914} INFO - Processing file /home/airflow/.local/lib/python3.12/site-packages/airflow/example_dags/tutorial_objectstorage.py for tasks to queue
[2025-12-08T07:09:41.466+0000] {logging_mixin.py:190} INFO - [2025-12-08T07:09:41.465+0000] {dagbag.py:587} INFO - Filling up the DagBag from /home/airflow/.local/lib/python3.12/site-packages/airflow/example_dags/tutorial_objectstorage.py
[2025-12-08T07:09:41.474+0000] {processor.py:925} INFO - DAG(s) 'tutorial_objectstorage' retrieved from /home/airflow/.local/lib/python3.12/site-packages/airflow/example_dags/tutorial_objectstorage.py
[2025-12-08T07:09:41.497+0000] {logging_mixin.py:190} INFO - [2025-12-08T07:09:41.497+0000] {dag.py:3211} INFO - Sync 1 DAGs
[2025-12-08T07:09:41.510+0000] {logging_mixin.py:190} INFO - [2025-12-08T07:09:41.509+0000] {dag.py:4138} INFO - Setting next_dagrun for tutorial_objectstorage to None, run_after=None
[2025-12-08T07:09:41.534+0000] {processor.py:208} INFO - Processing /home/airflow/.local/lib/python3.12/site-packages/airflow/example_dags/tutorial_objectstorage.py took 0.079 seconds
[2025-12-08T07:10:12.251+0000] {processor.py:186} INFO - Started process (PID=412) to work on /home/airflow/.local/lib/python3.12/site-packages/airflow/example_dags/tutorial_objectstorage.py
[2025-12-08T07:10:12.253+0000] {processor.py:914} INFO - Processing file /home/airflow/.local/lib/python3.12/site-packages/airflow/example_dags/tutorial_objectstorage.py for tasks to queue
[2025-12-08T07:10:12.256+0000] {logging_mixin.py:190} INFO - [2025-12-08T07:10:12.255+0000] {dagbag.py:587} INFO - Filling up the DagBag from /home/airflow/.local/lib/python3.12/site-packages/airflow/example_dags/tutorial_objectstorage.py
[2025-12-08T07:10:12.265+0000] {processor.py:925} INFO - DAG(s) 'tutorial_objectstorage' retrieved from /home/airflow/.local/lib/python3.12/site-packages/airflow/example_dags/tutorial_objectstorage.py
[2025-12-08T07:10:12.286+0000] {logging_mixin.py:190} INFO - [2025-12-08T07:10:12.286+0000] {dag.py:3211} INFO - Sync 1 DAGs
[2025-12-08T07:10:12.301+0000] {logging_mixin.py:190} INFO - [2025-12-08T07:10:12.300+0000] {dag.py:4138} INFO - Setting next_dagrun for tutorial_objectstorage to None, run_after=None
[2025-12-08T07:10:12.323+0000] {processor.py:208} INFO - Processing /home/airflow/.local/lib/python3.12/site-packages/airflow/example_dags/tutorial_objectstorage.py took 0.078 seconds
[2025-12-08T07:10:42.674+0000] {processor.py:186} INFO - Started process (PID=474) to work on /home/airflow/.local/lib/python3.12/site-packages/airflow/example_dags/tutorial_objectstorage.py
[2025-12-08T07:10:42.676+0000] {processor.py:914} INFO - Processing file /home/airflow/.local/lib/python3.12/site-packages/airflow/example_dags/tutorial_objectstorage.py for tasks to queue
[2025-12-08T07:10:42.679+0000] {logging_mixin.py:190} INFO - [2025-12-08T07:10:42.679+0000] {dagbag.py:587} INFO - Filling up the DagBag from /home/airflow/.local/lib/python3.12/site-packages/airflow/example_dags/tutorial_objectstorage.py
[2025-12-08T07:10:42.689+0000] {processor.py:925} INFO - DAG(s) 'tutorial_objectstorage' retrieved from /home/airflow/.local/lib/python3.12/site-packages/airflow/example_dags/tutorial_objectstorage.py
[2025-12-08T07:10:42.715+0000] {logging_mixin.py:190} INFO - [2025-12-08T07:10:42.714+0000] {dag.py:3211} INFO - Sync 1 DAGs
[2025-12-08T07:10:42.730+0000] {logging_mixin.py:190} INFO - [2025-12-08T07:10:42.730+0000] {dag.py:4138} INFO - Setting next_dagrun for tutorial_objectstorage to None, run_after=None
[2025-12-08T07:10:42.763+0000] {processor.py:208} INFO - Processing /home/airflow/.local/lib/python3.12/site-packages/airflow/example_dags/tutorial_objectstorage.py took 0.098 seconds
[2025-12-08T07:11:12.874+0000] {processor.py:186} INFO - Started process (PID=536) to work on /home/airflow/.local/lib/python3.12/site-packages/airflow/example_dags/tutorial_objectstorage.py
[2025-12-08T07:11:12.876+0000] {processor.py:914} INFO - Processing file /home/airflow/.local/lib/python3.12/site-packages/airflow/example_dags/tutorial_objectstorage.py for tasks to queue
[2025-12-08T07:11:12.879+0000] {logging_mixin.py:190} INFO - [2025-12-08T07:11:12.878+0000] {dagbag.py:587} INFO - Filling up the DagBag from /home/airflow/.local/lib/python3.12/site-packages/airflow/example_dags/tutorial_objectstorage.py
[2025-12-08T07:11:12.887+0000] {processor.py:925} INFO - DAG(s) 'tutorial_objectstorage' retrieved from /home/airflow/.local/lib/python3.12/site-packages/airflow/example_dags/tutorial_objectstorage.py
[2025-12-08T07:11:12.907+0000] {logging_mixin.py:190} INFO - [2025-12-08T07:11:12.907+0000] {dag.py:3211} INFO - Sync 1 DAGs
[2025-12-08T07:11:12.920+0000] {logging_mixin.py:190} INFO - [2025-12-08T07:11:12.920+0000] {dag.py:4138} INFO - Setting next_dagrun for tutorial_objectstorage to None, run_after=None
[2025-12-08T07:11:12.939+0000] {processor.py:208} INFO - Processing /home/airflow/.local/lib/python3.12/site-packages/airflow/example_dags/tutorial_objectstorage.py took 0.071 seconds
[2025-12-08T07:11:43.163+0000] {processor.py:186} INFO - Started process (PID=598) to work on /home/airflow/.local/lib/python3.12/site-packages/airflow/example_dags/tutorial_objectstorage.py
[2025-12-08T07:11:43.165+0000] {processor.py:914} INFO - Processing file /home/airflow/.local/lib/python3.12/site-packages/airflow/example_dags/tutorial_objectstorage.py for tasks to queue
[2025-12-08T07:11:43.171+0000] {logging_mixin.py:190} INFO - [2025-12-08T07:11:43.170+0000] {dagbag.py:587} INFO - Filling up the DagBag from /home/airflow/.local/lib/python3.12/site-packages/airflow/example_dags/tutorial_objectstorage.py
[2025-12-08T07:11:43.183+0000] {processor.py:925} INFO - DAG(s) 'tutorial_objectstorage' retrieved from /home/airflow/.local/lib/python3.12/site-packages/airflow/example_dags/tutorial_objectstorage.py
[2025-12-08T07:11:43.210+0000] {logging_mixin.py:190} INFO - [2025-12-08T07:11:43.210+0000] {dag.py:3211} INFO - Sync 1 DAGs
[2025-12-08T07:11:43.224+0000] {logging_mixin.py:190} INFO - [2025-12-08T07:11:43.224+0000] {dag.py:4138} INFO - Setting next_dagrun for tutorial_objectstorage to None, run_after=None
[2025-12-08T07:11:43.249+0000] {processor.py:208} INFO - Processing /home/airflow/.local/lib/python3.12/site-packages/airflow/example_dags/tutorial_objectstorage.py took 0.093 seconds
[2025-12-08T07:12:13.359+0000] {processor.py:186} INFO - Started process (PID=660) to work on /home/airflow/.local/lib/python3.12/site-packages/airflow/example_dags/tutorial_objectstorage.py
[2025-12-08T07:12:13.360+0000] {processor.py:914} INFO - Processing file /home/airflow/.local/lib/python3.12/site-packages/airflow/example_dags/tutorial_objectstorage.py for tasks to queue
[2025-12-08T07:12:13.363+0000] {logging_mixin.py:190} INFO - [2025-12-08T07:12:13.363+0000] {dagbag.py:587} INFO - Filling up the DagBag from /home/airflow/.local/lib/python3.12/site-packages/airflow/example_dags/tutorial_objectstorage.py
[2025-12-08T07:12:13.372+0000] {processor.py:925} INFO - DAG(s) 'tutorial_objectstorage' retrieved from /home/airflow/.local/lib/python3.12/site-packages/airflow/example_dags/tutorial_objectstorage.py
[2025-12-08T07:12:13.398+0000] {logging_mixin.py:190} INFO - [2025-12-08T07:12:13.398+0000] {dag.py:3211} INFO - Sync 1 DAGs
[2025-12-08T07:12:13.412+0000] {logging_mixin.py:190} INFO - [2025-12-08T07:12:13.411+0000] {dag.py:4138} INFO - Setting next_dagrun for tutorial_objectstorage to None, run_after=None
[2025-12-08T07:12:13.435+0000] {processor.py:208} INFO - Processing /home/airflow/.local/lib/python3.12/site-packages/airflow/example_dags/tutorial_objectstorage.py took 0.081 seconds
[2025-12-08T07:12:43.889+0000] {processor.py:186} INFO - Started process (PID=723) to work on /home/airflow/.local/lib/python3.12/site-packages/airflow/example_dags/tutorial_objectstorage.py
[2025-12-08T07:12:43.891+0000] {processor.py:914} INFO - Processing file /home/airflow/.local/lib/python3.12/site-packages/airflow/example_dags/tutorial_objectstorage.py for tasks to queue
[2025-12-08T07:12:43.894+0000] {logging_mixin.py:190} INFO - [2025-12-08T07:12:43.893+0000] {dagbag.py:587} INFO - Filling up the DagBag from /home/airflow/.local/lib/python3.12/site-packages/airflow/example_dags/tutorial_objectstorage.py
[2025-12-08T07:12:43.903+0000] {processor.py:925} INFO - DAG(s) 'tutorial_objectstorage' retrieved from /home/airflow/.local/lib/python3.12/site-packages/airflow/example_dags/tutorial_objectstorage.py
[2025-12-08T07:12:43.924+0000] {logging_mixin.py:190} INFO - [2025-12-08T07:12:43.924+0000] {dag.py:3211} INFO - Sync 1 DAGs
[2025-12-08T07:12:43.942+0000] {logging_mixin.py:190} INFO - [2025-12-08T07:12:43.942+0000] {dag.py:4138} INFO - Setting next_dagrun for tutorial_objectstorage to None, run_after=None
[2025-12-08T07:12:43.965+0000] {processor.py:208} INFO - Processing /home/airflow/.local/lib/python3.12/site-packages/airflow/example_dags/tutorial_objectstorage.py took 0.082 seconds
[2025-12-08T07:13:14.667+0000] {processor.py:186} INFO - Started process (PID=785) to work on /home/airflow/.local/lib/python3.12/site-packages/airflow/example_dags/tutorial_objectstorage.py
[2025-12-08T07:13:14.668+0000] {processor.py:914} INFO - Processing file /home/airflow/.local/lib/python3.12/site-packages/airflow/example_dags/tutorial_objectstorage.py for tasks to queue
[2025-12-08T07:13:14.671+0000] {logging_mixin.py:190} INFO - [2025-12-08T07:13:14.670+0000] {dagbag.py:587} INFO - Filling up the DagBag from /home/airflow/.local/lib/python3.12/site-packages/airflow/example_dags/tutorial_objectstorage.py
[2025-12-08T07:13:14.680+0000] {processor.py:925} INFO - DAG(s) 'tutorial_objectstorage' retrieved from /home/airflow/.local/lib/python3.12/site-packages/airflow/example_dags/tutorial_objectstorage.py
[2025-12-08T07:13:14.706+0000] {logging_mixin.py:190} INFO - [2025-12-08T07:13:14.706+0000] {dag.py:3211} INFO - Sync 1 DAGs
[2025-12-08T07:13:14.727+0000] {logging_mixin.py:190} INFO - [2025-12-08T07:13:14.727+0000] {dag.py:4138} INFO - Setting next_dagrun for tutorial_objectstorage to None, run_after=None
[2025-12-08T07:13:14.747+0000] {processor.py:208} INFO - Processing /home/airflow/.local/lib/python3.12/site-packages/airflow/example_dags/tutorial_objectstorage.py took 0.087 seconds
[2025-12-08T07:13:44.949+0000] {processor.py:186} INFO - Started process (PID=847) to work on /home/airflow/.local/lib/python3.12/site-packages/airflow/example_dags/tutorial_objectstorage.py
[2025-12-08T07:13:44.952+0000] {processor.py:914} INFO - Processing file /home/airflow/.local/lib/python3.12/site-packages/airflow/example_dags/tutorial_objectstorage.py for tasks to queue
[2025-12-08T07:13:44.955+0000] {logging_mixin.py:190} INFO - [2025-12-08T07:13:44.955+0000] {dagbag.py:587} INFO - Filling up the DagBag from /home/airflow/.local/lib/python3.12/site-packages/airflow/example_dags/tutorial_objectstorage.py
[2025-12-08T07:13:44.965+0000] {processor.py:925} INFO - DAG(s) 'tutorial_objectstorage' retrieved from /home/airflow/.local/lib/python3.12/site-packages/airflow/example_dags/tutorial_objectstorage.py
[2025-12-08T07:13:44.990+0000] {logging_mixin.py:190} INFO - [2025-12-08T07:13:44.990+0000] {dag.py:3211} INFO - Sync 1 DAGs
[2025-12-08T07:13:45.004+0000] {logging_mixin.py:190} INFO - [2025-12-08T07:13:45.003+0000] {dag.py:4138} INFO - Setting next_dagrun for tutorial_objectstorage to None, run_after=None
[2025-12-08T07:13:45.024+0000] {processor.py:208} INFO - Processing /home/airflow/.local/lib/python3.12/site-packages/airflow/example_dags/tutorial_objectstorage.py took 0.084 seconds
[2025-12-08T07:14:15.646+0000] {processor.py:186} INFO - Started process (PID=909) to work on /home/airflow/.local/lib/python3.12/site-packages/airflow/example_dags/tutorial_objectstorage.py
[2025-12-08T07:14:15.647+0000] {processor.py:914} INFO - Processing file /home/airflow/.local/lib/python3.12/site-packages/airflow/example_dags/tutorial_objectstorage.py for tasks to queue
[2025-12-08T07:14:15.650+0000] {logging_mixin.py:190} INFO - [2025-12-08T07:14:15.650+0000] {dagbag.py:587} INFO - Filling up the DagBag from /home/airflow/.local/lib/python3.12/site-packages/airflow/example_dags/tutorial_objectstorage.py
[2025-12-08T07:14:15.660+0000] {processor.py:925} INFO - DAG(s) 'tutorial_objectstorage' retrieved from /home/airflow/.local/lib/python3.12/site-packages/airflow/example_dags/tutorial_objectstorage.py
[2025-12-08T07:14:15.683+0000] {logging_mixin.py:190} INFO - [2025-12-08T07:14:15.683+0000] {dag.py:3211} INFO - Sync 1 DAGs
[2025-12-08T07:14:15.700+0000] {logging_mixin.py:190} INFO - [2025-12-08T07:14:15.700+0000] {dag.py:4138} INFO - Setting next_dagrun for tutorial_objectstorage to None, run_after=None
[2025-12-08T07:14:15.729+0000] {processor.py:208} INFO - Processing /home/airflow/.local/lib/python3.12/site-packages/airflow/example_dags/tutorial_objectstorage.py took 0.090 seconds
[2025-12-08T07:14:46.008+0000] {processor.py:186} INFO - Started process (PID=971) to work on /home/airflow/.local/lib/python3.12/site-packages/airflow/example_dags/tutorial_objectstorage.py
[2025-12-08T07:14:46.010+0000] {processor.py:914} INFO - Processing file /home/airflow/.local/lib/python3.12/site-packages/airflow/example_dags/tutorial_objectstorage.py for tasks to queue
[2025-12-08T07:14:46.014+0000] {logging_mixin.py:190} INFO - [2025-12-08T07:14:46.014+0000] {dagbag.py:587} INFO - Filling up the DagBag from /home/airflow/.local/lib/python3.12/site-packages/airflow/example_dags/tutorial_objectstorage.py
[2025-12-08T07:14:46.027+0000] {processor.py:925} INFO - DAG(s) 'tutorial_objectstorage' retrieved from /home/airflow/.local/lib/python3.12/site-packages/airflow/example_dags/tutorial_objectstorage.py
[2025-12-08T07:14:46.046+0000] {logging_mixin.py:190} INFO - [2025-12-08T07:14:46.045+0000] {dag.py:3211} INFO - Sync 1 DAGs
[2025-12-08T07:14:46.060+0000] {logging_mixin.py:190} INFO - [2025-12-08T07:14:46.059+0000] {dag.py:4138} INFO - Setting next_dagrun for tutorial_objectstorage to None, run_after=None
[2025-12-08T07:14:46.082+0000] {processor.py:208} INFO - Processing /home/airflow/.local/lib/python3.12/site-packages/airflow/example_dags/tutorial_objectstorage.py took 0.081 seconds
[2025-12-08T07:15:17.017+0000] {processor.py:186} INFO - Started process (PID=1033) to work on /home/airflow/.local/lib/python3.12/site-packages/airflow/example_dags/tutorial_objectstorage.py
[2025-12-08T07:15:17.019+0000] {processor.py:914} INFO - Processing file /home/airflow/.local/lib/python3.12/site-packages/airflow/example_dags/tutorial_objectstorage.py for tasks to queue
[2025-12-08T07:15:17.022+0000] {logging_mixin.py:190} INFO - [2025-12-08T07:15:17.022+0000] {dagbag.py:587} INFO - Filling up the DagBag from /home/airflow/.local/lib/python3.12/site-packages/airflow/example_dags/tutorial_objectstorage.py
[2025-12-08T07:15:17.033+0000] {processor.py:925} INFO - DAG(s) 'tutorial_objectstorage' retrieved from /home/airflow/.local/lib/python3.12/site-packages/airflow/example_dags/tutorial_objectstorage.py
[2025-12-08T07:15:17.052+0000] {logging_mixin.py:190} INFO - [2025-12-08T07:15:17.052+0000] {dag.py:3211} INFO - Sync 1 DAGs
[2025-12-08T07:15:17.065+0000] {logging_mixin.py:190} INFO - [2025-12-08T07:15:17.064+0000] {dag.py:4138} INFO - Setting next_dagrun for tutorial_objectstorage to None, run_after=None
[2025-12-08T07:15:17.089+0000] {processor.py:208} INFO - Processing /home/airflow/.local/lib/python3.12/site-packages/airflow/example_dags/tutorial_objectstorage.py took 0.078 seconds
[2025-12-08T07:15:48.461+0000] {processor.py:186} INFO - Started process (PID=1095) to work on /home/airflow/.local/lib/python3.12/site-packages/airflow/example_dags/tutorial_objectstorage.py
[2025-12-08T07:15:48.465+0000] {processor.py:914} INFO - Processing file /home/airflow/.local/lib/python3.12/site-packages/airflow/example_dags/tutorial_objectstorage.py for tasks to queue
[2025-12-08T07:15:48.469+0000] {logging_mixin.py:190} INFO - [2025-12-08T07:15:48.468+0000] {dagbag.py:587} INFO - Filling up the DagBag from /home/airflow/.local/lib/python3.12/site-packages/airflow/example_dags/tutorial_objectstorage.py
[2025-12-08T07:15:48.496+0000] {processor.py:925} INFO - DAG(s) 'tutorial_objectstorage' retrieved from /home/airflow/.local/lib/python3.12/site-packages/airflow/example_dags/tutorial_objectstorage.py
[2025-12-08T07:15:48.544+0000] {logging_mixin.py:190} INFO - [2025-12-08T07:15:48.543+0000] {dag.py:3211} INFO - Sync 1 DAGs
[2025-12-08T07:15:48.573+0000] {logging_mixin.py:190} INFO - [2025-12-08T07:15:48.572+0000] {dag.py:4138} INFO - Setting next_dagrun for tutorial_objectstorage to None, run_after=None
[2025-12-08T07:15:48.625+0000] {processor.py:208} INFO - Processing /home/airflow/.local/lib/python3.12/site-packages/airflow/example_dags/tutorial_objectstorage.py took 0.187 seconds
[2025-12-08T07:16:19.335+0000] {processor.py:186} INFO - Started process (PID=1157) to work on /home/airflow/.local/lib/python3.12/site-packages/airflow/example_dags/tutorial_objectstorage.py
[2025-12-08T07:16:19.338+0000] {processor.py:914} INFO - Processing file /home/airflow/.local/lib/python3.12/site-packages/airflow/example_dags/tutorial_objectstorage.py for tasks to queue
[2025-12-08T07:16:19.344+0000] {logging_mixin.py:190} INFO - [2025-12-08T07:16:19.343+0000] {dagbag.py:587} INFO - Filling up the DagBag from /home/airflow/.local/lib/python3.12/site-packages/airflow/example_dags/tutorial_objectstorage.py
[2025-12-08T07:16:19.378+0000] {processor.py:925} INFO - DAG(s) 'tutorial_objectstorage' retrieved from /home/airflow/.local/lib/python3.12/site-packages/airflow/example_dags/tutorial_objectstorage.py
[2025-12-08T07:16:19.424+0000] {logging_mixin.py:190} INFO - [2025-12-08T07:16:19.423+0000] {dag.py:3211} INFO - Sync 1 DAGs
[2025-12-08T07:16:19.455+0000] {logging_mixin.py:190} INFO - [2025-12-08T07:16:19.454+0000] {dag.py:4138} INFO - Setting next_dagrun for tutorial_objectstorage to None, run_after=None
[2025-12-08T07:16:19.497+0000] {processor.py:208} INFO - Processing /home/airflow/.local/lib/python3.12/site-packages/airflow/example_dags/tutorial_objectstorage.py took 0.174 seconds
[2025-12-08T07:16:50.194+0000] {processor.py:186} INFO - Started process (PID=1219) to work on /home/airflow/.local/lib/python3.12/site-packages/airflow/example_dags/tutorial_objectstorage.py
[2025-12-08T07:16:50.197+0000] {processor.py:914} INFO - Processing file /home/airflow/.local/lib/python3.12/site-packages/airflow/example_dags/tutorial_objectstorage.py for tasks to queue
[2025-12-08T07:16:50.203+0000] {logging_mixin.py:190} INFO - [2025-12-08T07:16:50.202+0000] {dagbag.py:587} INFO - Filling up the DagBag from /home/airflow/.local/lib/python3.12/site-packages/airflow/example_dags/tutorial_objectstorage.py
[2025-12-08T07:16:50.223+0000] {processor.py:925} INFO - DAG(s) 'tutorial_objectstorage' retrieved from /home/airflow/.local/lib/python3.12/site-packages/airflow/example_dags/tutorial_objectstorage.py
[2025-12-08T07:16:50.262+0000] {logging_mixin.py:190} INFO - [2025-12-08T07:16:50.262+0000] {dag.py:3211} INFO - Sync 1 DAGs
[2025-12-08T07:16:50.292+0000] {logging_mixin.py:190} INFO - [2025-12-08T07:16:50.292+0000] {dag.py:4138} INFO - Setting next_dagrun for tutorial_objectstorage to None, run_after=None
[2025-12-08T07:16:50.338+0000] {processor.py:208} INFO - Processing /home/airflow/.local/lib/python3.12/site-packages/airflow/example_dags/tutorial_objectstorage.py took 0.156 seconds
[2025-12-08T07:17:20.624+0000] {processor.py:186} INFO - Started process (PID=1281) to work on /home/airflow/.local/lib/python3.12/site-packages/airflow/example_dags/tutorial_objectstorage.py
[2025-12-08T07:17:20.628+0000] {processor.py:914} INFO - Processing file /home/airflow/.local/lib/python3.12/site-packages/airflow/example_dags/tutorial_objectstorage.py for tasks to queue
[2025-12-08T07:17:20.633+0000] {logging_mixin.py:190} INFO - [2025-12-08T07:17:20.633+0000] {dagbag.py:587} INFO - Filling up the DagBag from /home/airflow/.local/lib/python3.12/site-packages/airflow/example_dags/tutorial_objectstorage.py
[2025-12-08T07:17:20.654+0000] {processor.py:925} INFO - DAG(s) 'tutorial_objectstorage' retrieved from /home/airflow/.local/lib/python3.12/site-packages/airflow/example_dags/tutorial_objectstorage.py
[2025-12-08T07:17:20.693+0000] {logging_mixin.py:190} INFO - [2025-12-08T07:17:20.693+0000] {dag.py:3211} INFO - Sync 1 DAGs
[2025-12-08T07:17:20.720+0000] {logging_mixin.py:190} INFO - [2025-12-08T07:17:20.719+0000] {dag.py:4138} INFO - Setting next_dagrun for tutorial_objectstorage to None, run_after=None
[2025-12-08T07:17:20.761+0000] {processor.py:208} INFO - Processing /home/airflow/.local/lib/python3.12/site-packages/airflow/example_dags/tutorial_objectstorage.py took 0.152 seconds
[2025-12-08T07:17:50.922+0000] {processor.py:186} INFO - Started process (PID=1343) to work on /home/airflow/.local/lib/python3.12/site-packages/airflow/example_dags/tutorial_objectstorage.py
[2025-12-08T07:17:50.925+0000] {processor.py:914} INFO - Processing file /home/airflow/.local/lib/python3.12/site-packages/airflow/example_dags/tutorial_objectstorage.py for tasks to queue
[2025-12-08T07:17:50.932+0000] {logging_mixin.py:190} INFO - [2025-12-08T07:17:50.931+0000] {dagbag.py:587} INFO - Filling up the DagBag from /home/airflow/.local/lib/python3.12/site-packages/airflow/example_dags/tutorial_objectstorage.py
[2025-12-08T07:17:50.953+0000] {processor.py:925} INFO - DAG(s) 'tutorial_objectstorage' retrieved from /home/airflow/.local/lib/python3.12/site-packages/airflow/example_dags/tutorial_objectstorage.py
[2025-12-08T07:17:51.011+0000] {logging_mixin.py:190} INFO - [2025-12-08T07:17:51.011+0000] {dag.py:3211} INFO - Sync 1 DAGs
[2025-12-08T07:17:51.044+0000] {logging_mixin.py:190} INFO - [2025-12-08T07:17:51.043+0000] {dag.py:4138} INFO - Setting next_dagrun for tutorial_objectstorage to None, run_after=None
[2025-12-08T07:17:51.095+0000] {processor.py:208} INFO - Processing /home/airflow/.local/lib/python3.12/site-packages/airflow/example_dags/tutorial_objectstorage.py took 0.189 seconds
[2025-12-08T07:18:21.284+0000] {processor.py:186} INFO - Started process (PID=1404) to work on /home/airflow/.local/lib/python3.12/site-packages/airflow/example_dags/tutorial_objectstorage.py
[2025-12-08T07:18:21.286+0000] {processor.py:914} INFO - Processing file /home/airflow/.local/lib/python3.12/site-packages/airflow/example_dags/tutorial_objectstorage.py for tasks to queue
[2025-12-08T07:18:21.292+0000] {logging_mixin.py:190} INFO - [2025-12-08T07:18:21.291+0000] {dagbag.py:587} INFO - Filling up the DagBag from /home/airflow/.local/lib/python3.12/site-packages/airflow/example_dags/tutorial_objectstorage.py
[2025-12-08T07:18:21.317+0000] {processor.py:925} INFO - DAG(s) 'tutorial_objectstorage' retrieved from /home/airflow/.local/lib/python3.12/site-packages/airflow/example_dags/tutorial_objectstorage.py
[2025-12-08T07:18:21.371+0000] {logging_mixin.py:190} INFO - [2025-12-08T07:18:21.369+0000] {dag.py:3211} INFO - Sync 1 DAGs
[2025-12-08T07:18:21.396+0000] {logging_mixin.py:190} INFO - [2025-12-08T07:18:21.395+0000] {dag.py:4138} INFO - Setting next_dagrun for tutorial_objectstorage to None, run_after=None
[2025-12-08T07:18:21.440+0000] {processor.py:208} INFO - Processing /home/airflow/.local/lib/python3.12/site-packages/airflow/example_dags/tutorial_objectstorage.py took 0.170 seconds
[2025-12-08T07:18:51.656+0000] {processor.py:186} INFO - Started process (PID=1466) to work on /home/airflow/.local/lib/python3.12/site-packages/airflow/example_dags/tutorial_objectstorage.py
[2025-12-08T07:18:51.659+0000] {processor.py:914} INFO - Processing file /home/airflow/.local/lib/python3.12/site-packages/airflow/example_dags/tutorial_objectstorage.py for tasks to queue
[2025-12-08T07:18:51.666+0000] {logging_mixin.py:190} INFO - [2025-12-08T07:18:51.665+0000] {dagbag.py:587} INFO - Filling up the DagBag from /home/airflow/.local/lib/python3.12/site-packages/airflow/example_dags/tutorial_objectstorage.py
[2025-12-08T07:18:51.689+0000] {processor.py:925} INFO - DAG(s) 'tutorial_objectstorage' retrieved from /home/airflow/.local/lib/python3.12/site-packages/airflow/example_dags/tutorial_objectstorage.py
[2025-12-08T07:18:51.738+0000] {logging_mixin.py:190} INFO - [2025-12-08T07:18:51.738+0000] {dag.py:3211} INFO - Sync 1 DAGs
[2025-12-08T07:18:51.772+0000] {logging_mixin.py:190} INFO - [2025-12-08T07:18:51.771+0000] {dag.py:4138} INFO - Setting next_dagrun for tutorial_objectstorage to None, run_after=None
[2025-12-08T07:18:51.816+0000] {processor.py:208} INFO - Processing /home/airflow/.local/lib/python3.12/site-packages/airflow/example_dags/tutorial_objectstorage.py took 0.172 seconds
[2025-12-08T07:19:22.051+0000] {processor.py:186} INFO - Started process (PID=1528) to work on /home/airflow/.local/lib/python3.12/site-packages/airflow/example_dags/tutorial_objectstorage.py
[2025-12-08T07:19:22.055+0000] {processor.py:914} INFO - Processing file /home/airflow/.local/lib/python3.12/site-packages/airflow/example_dags/tutorial_objectstorage.py for tasks to queue
[2025-12-08T07:19:22.063+0000] {logging_mixin.py:190} INFO - [2025-12-08T07:19:22.062+0000] {dagbag.py:587} INFO - Filling up the DagBag from /home/airflow/.local/lib/python3.12/site-packages/airflow/example_dags/tutorial_objectstorage.py
[2025-12-08T07:19:22.083+0000] {processor.py:925} INFO - DAG(s) 'tutorial_objectstorage' retrieved from /home/airflow/.local/lib/python3.12/site-packages/airflow/example_dags/tutorial_objectstorage.py
[2025-12-08T07:19:22.123+0000] {logging_mixin.py:190} INFO - [2025-12-08T07:19:22.123+0000] {dag.py:3211} INFO - Sync 1 DAGs
[2025-12-08T07:19:22.149+0000] {logging_mixin.py:190} INFO - [2025-12-08T07:19:22.148+0000] {dag.py:4138} INFO - Setting next_dagrun for tutorial_objectstorage to None, run_after=None
[2025-12-08T07:19:22.191+0000] {processor.py:208} INFO - Processing /home/airflow/.local/lib/python3.12/site-packages/airflow/example_dags/tutorial_objectstorage.py took 0.152 seconds
[2025-12-08T07:19:52.714+0000] {processor.py:186} INFO - Started process (PID=1591) to work on /home/airflow/.local/lib/python3.12/site-packages/airflow/example_dags/tutorial_objectstorage.py
[2025-12-08T07:19:52.717+0000] {processor.py:914} INFO - Processing file /home/airflow/.local/lib/python3.12/site-packages/airflow/example_dags/tutorial_objectstorage.py for tasks to queue
[2025-12-08T07:19:52.722+0000] {logging_mixin.py:190} INFO - [2025-12-08T07:19:52.721+0000] {dagbag.py:587} INFO - Filling up the DagBag from /home/airflow/.local/lib/python3.12/site-packages/airflow/example_dags/tutorial_objectstorage.py
[2025-12-08T07:19:52.741+0000] {processor.py:925} INFO - DAG(s) 'tutorial_objectstorage' retrieved from /home/airflow/.local/lib/python3.12/site-packages/airflow/example_dags/tutorial_objectstorage.py
[2025-12-08T07:19:52.777+0000] {logging_mixin.py:190} INFO - [2025-12-08T07:19:52.777+0000] {dag.py:3211} INFO - Sync 1 DAGs
[2025-12-08T07:19:52.803+0000] {logging_mixin.py:190} INFO - [2025-12-08T07:19:52.802+0000] {dag.py:4138} INFO - Setting next_dagrun for tutorial_objectstorage to None, run_after=None
[2025-12-08T07:19:52.868+0000] {processor.py:208} INFO - Processing /home/airflow/.local/lib/python3.12/site-packages/airflow/example_dags/tutorial_objectstorage.py took 0.168 seconds
[2025-12-08T07:20:23.084+0000] {processor.py:186} INFO - Started process (PID=1654) to work on /home/airflow/.local/lib/python3.12/site-packages/airflow/example_dags/tutorial_objectstorage.py
[2025-12-08T07:20:23.086+0000] {processor.py:914} INFO - Processing file /home/airflow/.local/lib/python3.12/site-packages/airflow/example_dags/tutorial_objectstorage.py for tasks to queue
[2025-12-08T07:20:23.092+0000] {logging_mixin.py:190} INFO - [2025-12-08T07:20:23.091+0000] {dagbag.py:587} INFO - Filling up the DagBag from /home/airflow/.local/lib/python3.12/site-packages/airflow/example_dags/tutorial_objectstorage.py
[2025-12-08T07:20:23.107+0000] {processor.py:925} INFO - DAG(s) 'tutorial_objectstorage' retrieved from /home/airflow/.local/lib/python3.12/site-packages/airflow/example_dags/tutorial_objectstorage.py
[2025-12-08T07:20:23.156+0000] {logging_mixin.py:190} INFO - [2025-12-08T07:20:23.155+0000] {dag.py:3211} INFO - Sync 1 DAGs
[2025-12-08T07:20:23.187+0000] {logging_mixin.py:190} INFO - [2025-12-08T07:20:23.186+0000] {dag.py:4138} INFO - Setting next_dagrun for tutorial_objectstorage to None, run_after=None
[2025-12-08T07:20:23.231+0000] {processor.py:208} INFO - Processing /home/airflow/.local/lib/python3.12/site-packages/airflow/example_dags/tutorial_objectstorage.py took 0.158 seconds
[2025-12-08T07:20:53.730+0000] {processor.py:186} INFO - Started process (PID=1716) to work on /home/airflow/.local/lib/python3.12/site-packages/airflow/example_dags/tutorial_objectstorage.py
[2025-12-08T07:20:53.733+0000] {processor.py:914} INFO - Processing file /home/airflow/.local/lib/python3.12/site-packages/airflow/example_dags/tutorial_objectstorage.py for tasks to queue
[2025-12-08T07:20:53.740+0000] {logging_mixin.py:190} INFO - [2025-12-08T07:20:53.739+0000] {dagbag.py:587} INFO - Filling up the DagBag from /home/airflow/.local/lib/python3.12/site-packages/airflow/example_dags/tutorial_objectstorage.py
[2025-12-08T07:20:53.763+0000] {processor.py:925} INFO - DAG(s) 'tutorial_objectstorage' retrieved from /home/airflow/.local/lib/python3.12/site-packages/airflow/example_dags/tutorial_objectstorage.py
[2025-12-08T07:20:53.802+0000] {logging_mixin.py:190} INFO - [2025-12-08T07:20:53.801+0000] {dag.py:3211} INFO - Sync 1 DAGs
[2025-12-08T07:20:53.826+0000] {logging_mixin.py:190} INFO - [2025-12-08T07:20:53.825+0000] {dag.py:4138} INFO - Setting next_dagrun for tutorial_objectstorage to None, run_after=None
[2025-12-08T07:20:53.863+0000] {processor.py:208} INFO - Processing /home/airflow/.local/lib/python3.12/site-packages/airflow/example_dags/tutorial_objectstorage.py took 0.149 seconds
[2025-12-08T07:21:24.109+0000] {processor.py:186} INFO - Started process (PID=1778) to work on /home/airflow/.local/lib/python3.12/site-packages/airflow/example_dags/tutorial_objectstorage.py
[2025-12-08T07:21:24.111+0000] {processor.py:914} INFO - Processing file /home/airflow/.local/lib/python3.12/site-packages/airflow/example_dags/tutorial_objectstorage.py for tasks to queue
[2025-12-08T07:21:24.117+0000] {logging_mixin.py:190} INFO - [2025-12-08T07:21:24.116+0000] {dagbag.py:587} INFO - Filling up the DagBag from /home/airflow/.local/lib/python3.12/site-packages/airflow/example_dags/tutorial_objectstorage.py
[2025-12-08T07:21:24.140+0000] {processor.py:925} INFO - DAG(s) 'tutorial_objectstorage' retrieved from /home/airflow/.local/lib/python3.12/site-packages/airflow/example_dags/tutorial_objectstorage.py
[2025-12-08T07:21:24.182+0000] {logging_mixin.py:190} INFO - [2025-12-08T07:21:24.181+0000] {dag.py:3211} INFO - Sync 1 DAGs
[2025-12-08T07:21:24.207+0000] {logging_mixin.py:190} INFO - [2025-12-08T07:21:24.207+0000] {dag.py:4138} INFO - Setting next_dagrun for tutorial_objectstorage to None, run_after=None
[2025-12-08T07:21:24.248+0000] {processor.py:208} INFO - Processing /home/airflow/.local/lib/python3.12/site-packages/airflow/example_dags/tutorial_objectstorage.py took 0.155 seconds
[2025-12-08T07:21:54.910+0000] {processor.py:186} INFO - Started process (PID=1840) to work on /home/airflow/.local/lib/python3.12/site-packages/airflow/example_dags/tutorial_objectstorage.py
[2025-12-08T07:21:54.913+0000] {processor.py:914} INFO - Processing file /home/airflow/.local/lib/python3.12/site-packages/airflow/example_dags/tutorial_objectstorage.py for tasks to queue
[2025-12-08T07:21:54.918+0000] {logging_mixin.py:190} INFO - [2025-12-08T07:21:54.917+0000] {dagbag.py:587} INFO - Filling up the DagBag from /home/airflow/.local/lib/python3.12/site-packages/airflow/example_dags/tutorial_objectstorage.py
[2025-12-08T07:21:54.935+0000] {processor.py:925} INFO - DAG(s) 'tutorial_objectstorage' retrieved from /home/airflow/.local/lib/python3.12/site-packages/airflow/example_dags/tutorial_objectstorage.py
[2025-12-08T07:21:54.974+0000] {logging_mixin.py:190} INFO - [2025-12-08T07:21:54.973+0000] {dag.py:3211} INFO - Sync 1 DAGs
[2025-12-08T07:21:54.995+0000] {logging_mixin.py:190} INFO - [2025-12-08T07:21:54.994+0000] {dag.py:4138} INFO - Setting next_dagrun for tutorial_objectstorage to None, run_after=None
[2025-12-08T07:21:55.038+0000] {processor.py:208} INFO - Processing /home/airflow/.local/lib/python3.12/site-packages/airflow/example_dags/tutorial_objectstorage.py took 0.138 seconds
[2025-12-08T07:22:25.800+0000] {processor.py:186} INFO - Started process (PID=1902) to work on /home/airflow/.local/lib/python3.12/site-packages/airflow/example_dags/tutorial_objectstorage.py
[2025-12-08T07:22:25.803+0000] {processor.py:914} INFO - Processing file /home/airflow/.local/lib/python3.12/site-packages/airflow/example_dags/tutorial_objectstorage.py for tasks to queue
[2025-12-08T07:22:25.810+0000] {logging_mixin.py:190} INFO - [2025-12-08T07:22:25.809+0000] {dagbag.py:587} INFO - Filling up the DagBag from /home/airflow/.local/lib/python3.12/site-packages/airflow/example_dags/tutorial_objectstorage.py
[2025-12-08T07:22:25.826+0000] {processor.py:925} INFO - DAG(s) 'tutorial_objectstorage' retrieved from /home/airflow/.local/lib/python3.12/site-packages/airflow/example_dags/tutorial_objectstorage.py
[2025-12-08T07:22:25.858+0000] {logging_mixin.py:190} INFO - [2025-12-08T07:22:25.858+0000] {dag.py:3211} INFO - Sync 1 DAGs
[2025-12-08T07:22:25.878+0000] {logging_mixin.py:190} INFO - [2025-12-08T07:22:25.878+0000] {dag.py:4138} INFO - Setting next_dagrun for tutorial_objectstorage to None, run_after=None
[2025-12-08T07:22:25.919+0000] {processor.py:208} INFO - Processing /home/airflow/.local/lib/python3.12/site-packages/airflow/example_dags/tutorial_objectstorage.py took 0.133 seconds
[2025-12-08T07:22:56.100+0000] {processor.py:186} INFO - Started process (PID=1964) to work on /home/airflow/.local/lib/python3.12/site-packages/airflow/example_dags/tutorial_objectstorage.py
[2025-12-08T07:22:56.102+0000] {processor.py:914} INFO - Processing file /home/airflow/.local/lib/python3.12/site-packages/airflow/example_dags/tutorial_objectstorage.py for tasks to queue
[2025-12-08T07:22:56.107+0000] {logging_mixin.py:190} INFO - [2025-12-08T07:22:56.107+0000] {dagbag.py:587} INFO - Filling up the DagBag from /home/airflow/.local/lib/python3.12/site-packages/airflow/example_dags/tutorial_objectstorage.py
[2025-12-08T07:22:56.127+0000] {processor.py:925} INFO - DAG(s) 'tutorial_objectstorage' retrieved from /home/airflow/.local/lib/python3.12/site-packages/airflow/example_dags/tutorial_objectstorage.py
[2025-12-08T07:22:56.163+0000] {logging_mixin.py:190} INFO - [2025-12-08T07:22:56.162+0000] {dag.py:3211} INFO - Sync 1 DAGs
[2025-12-08T07:22:56.184+0000] {logging_mixin.py:190} INFO - [2025-12-08T07:22:56.184+0000] {dag.py:4138} INFO - Setting next_dagrun for tutorial_objectstorage to None, run_after=None
[2025-12-08T07:22:56.215+0000] {processor.py:208} INFO - Processing /home/airflow/.local/lib/python3.12/site-packages/airflow/example_dags/tutorial_objectstorage.py took 0.127 seconds
[2025-12-08T07:23:26.975+0000] {processor.py:186} INFO - Started process (PID=2026) to work on /home/airflow/.local/lib/python3.12/site-packages/airflow/example_dags/tutorial_objectstorage.py
[2025-12-08T07:23:26.978+0000] {processor.py:914} INFO - Processing file /home/airflow/.local/lib/python3.12/site-packages/airflow/example_dags/tutorial_objectstorage.py for tasks to queue
[2025-12-08T07:23:26.983+0000] {logging_mixin.py:190} INFO - [2025-12-08T07:23:26.982+0000] {dagbag.py:587} INFO - Filling up the DagBag from /home/airflow/.local/lib/python3.12/site-packages/airflow/example_dags/tutorial_objectstorage.py
[2025-12-08T07:23:27.005+0000] {processor.py:925} INFO - DAG(s) 'tutorial_objectstorage' retrieved from /home/airflow/.local/lib/python3.12/site-packages/airflow/example_dags/tutorial_objectstorage.py
[2025-12-08T07:23:27.059+0000] {logging_mixin.py:190} INFO - [2025-12-08T07:23:27.058+0000] {dag.py:3211} INFO - Sync 1 DAGs
[2025-12-08T07:23:27.089+0000] {logging_mixin.py:190} INFO - [2025-12-08T07:23:27.088+0000] {dag.py:4138} INFO - Setting next_dagrun for tutorial_objectstorage to None, run_after=None
[2025-12-08T07:23:27.133+0000] {processor.py:208} INFO - Processing /home/airflow/.local/lib/python3.12/site-packages/airflow/example_dags/tutorial_objectstorage.py took 0.172 seconds
[2025-12-08T07:24:01.447+0000] {processor.py:186} INFO - Started process (PID=2088) to work on /home/airflow/.local/lib/python3.12/site-packages/airflow/example_dags/tutorial_objectstorage.py
[2025-12-08T07:24:01.458+0000] {processor.py:914} INFO - Processing file /home/airflow/.local/lib/python3.12/site-packages/airflow/example_dags/tutorial_objectstorage.py for tasks to queue
[2025-12-08T07:24:01.477+0000] {logging_mixin.py:190} INFO - [2025-12-08T07:24:01.475+0000] {dagbag.py:587} INFO - Filling up the DagBag from /home/airflow/.local/lib/python3.12/site-packages/airflow/example_dags/tutorial_objectstorage.py
[2025-12-08T07:24:01.562+0000] {processor.py:925} INFO - DAG(s) 'tutorial_objectstorage' retrieved from /home/airflow/.local/lib/python3.12/site-packages/airflow/example_dags/tutorial_objectstorage.py
[2025-12-08T07:24:01.672+0000] {logging_mixin.py:190} INFO - [2025-12-08T07:24:01.671+0000] {dag.py:3211} INFO - Sync 1 DAGs
[2025-12-08T07:24:01.731+0000] {logging_mixin.py:190} INFO - [2025-12-08T07:24:01.731+0000] {dag.py:4138} INFO - Setting next_dagrun for tutorial_objectstorage to None, run_after=None
[2025-12-08T07:24:01.863+0000] {processor.py:208} INFO - Processing /home/airflow/.local/lib/python3.12/site-packages/airflow/example_dags/tutorial_objectstorage.py took 0.464 seconds
[2025-12-08T07:24:32.471+0000] {processor.py:186} INFO - Started process (PID=2150) to work on /home/airflow/.local/lib/python3.12/site-packages/airflow/example_dags/tutorial_objectstorage.py
[2025-12-08T07:24:32.475+0000] {processor.py:914} INFO - Processing file /home/airflow/.local/lib/python3.12/site-packages/airflow/example_dags/tutorial_objectstorage.py for tasks to queue
[2025-12-08T07:24:32.482+0000] {logging_mixin.py:190} INFO - [2025-12-08T07:24:32.481+0000] {dagbag.py:587} INFO - Filling up the DagBag from /home/airflow/.local/lib/python3.12/site-packages/airflow/example_dags/tutorial_objectstorage.py
[2025-12-08T07:24:32.508+0000] {processor.py:925} INFO - DAG(s) 'tutorial_objectstorage' retrieved from /home/airflow/.local/lib/python3.12/site-packages/airflow/example_dags/tutorial_objectstorage.py
[2025-12-08T07:24:32.557+0000] {logging_mixin.py:190} INFO - [2025-12-08T07:24:32.556+0000] {dag.py:3211} INFO - Sync 1 DAGs
[2025-12-08T07:24:32.595+0000] {logging_mixin.py:190} INFO - [2025-12-08T07:24:32.594+0000] {dag.py:4138} INFO - Setting next_dagrun for tutorial_objectstorage to None, run_after=None
[2025-12-08T07:24:32.650+0000] {processor.py:208} INFO - Processing /home/airflow/.local/lib/python3.12/site-packages/airflow/example_dags/tutorial_objectstorage.py took 0.196 seconds
[2025-12-08T07:26:39.361+0000] {processor.py:186} INFO - Started process (PID=101) to work on /home/airflow/.local/lib/python3.12/site-packages/airflow/example_dags/tutorial_objectstorage.py
[2025-12-08T07:26:39.364+0000] {processor.py:914} INFO - Processing file /home/airflow/.local/lib/python3.12/site-packages/airflow/example_dags/tutorial_objectstorage.py for tasks to queue
[2025-12-08T07:26:39.371+0000] {logging_mixin.py:190} INFO - [2025-12-08T07:26:39.370+0000] {dagbag.py:587} INFO - Filling up the DagBag from /home/airflow/.local/lib/python3.12/site-packages/airflow/example_dags/tutorial_objectstorage.py
[2025-12-08T07:26:39.391+0000] {processor.py:925} INFO - DAG(s) 'tutorial_objectstorage' retrieved from /home/airflow/.local/lib/python3.12/site-packages/airflow/example_dags/tutorial_objectstorage.py
[2025-12-08T07:26:39.434+0000] {logging_mixin.py:190} INFO - [2025-12-08T07:26:39.433+0000] {dag.py:3211} INFO - Sync 1 DAGs
[2025-12-08T07:26:39.463+0000] {logging_mixin.py:190} INFO - [2025-12-08T07:26:39.463+0000] {dag.py:4138} INFO - Setting next_dagrun for tutorial_objectstorage to None, run_after=None
[2025-12-08T07:26:39.506+0000] {processor.py:208} INFO - Processing /home/airflow/.local/lib/python3.12/site-packages/airflow/example_dags/tutorial_objectstorage.py took 0.156 seconds
[2025-12-08T07:27:10.679+0000] {processor.py:186} INFO - Started process (PID=164) to work on /home/airflow/.local/lib/python3.12/site-packages/airflow/example_dags/tutorial_objectstorage.py
[2025-12-08T07:27:10.682+0000] {processor.py:914} INFO - Processing file /home/airflow/.local/lib/python3.12/site-packages/airflow/example_dags/tutorial_objectstorage.py for tasks to queue
[2025-12-08T07:27:10.688+0000] {logging_mixin.py:190} INFO - [2025-12-08T07:27:10.687+0000] {dagbag.py:587} INFO - Filling up the DagBag from /home/airflow/.local/lib/python3.12/site-packages/airflow/example_dags/tutorial_objectstorage.py
[2025-12-08T07:27:10.711+0000] {processor.py:925} INFO - DAG(s) 'tutorial_objectstorage' retrieved from /home/airflow/.local/lib/python3.12/site-packages/airflow/example_dags/tutorial_objectstorage.py
[2025-12-08T07:27:10.760+0000] {logging_mixin.py:190} INFO - [2025-12-08T07:27:10.760+0000] {dag.py:3211} INFO - Sync 1 DAGs
[2025-12-08T07:27:10.811+0000] {logging_mixin.py:190} INFO - [2025-12-08T07:27:10.808+0000] {dag.py:4138} INFO - Setting next_dagrun for tutorial_objectstorage to None, run_after=None
[2025-12-08T07:27:10.866+0000] {processor.py:208} INFO - Processing /home/airflow/.local/lib/python3.12/site-packages/airflow/example_dags/tutorial_objectstorage.py took 0.204 seconds
[2025-12-08T07:27:41.319+0000] {processor.py:186} INFO - Started process (PID=233) to work on /home/airflow/.local/lib/python3.12/site-packages/airflow/example_dags/tutorial_objectstorage.py
[2025-12-08T07:27:41.321+0000] {processor.py:914} INFO - Processing file /home/airflow/.local/lib/python3.12/site-packages/airflow/example_dags/tutorial_objectstorage.py for tasks to queue
[2025-12-08T07:27:41.329+0000] {logging_mixin.py:190} INFO - [2025-12-08T07:27:41.328+0000] {dagbag.py:587} INFO - Filling up the DagBag from /home/airflow/.local/lib/python3.12/site-packages/airflow/example_dags/tutorial_objectstorage.py
[2025-12-08T07:27:41.357+0000] {processor.py:925} INFO - DAG(s) 'tutorial_objectstorage' retrieved from /home/airflow/.local/lib/python3.12/site-packages/airflow/example_dags/tutorial_objectstorage.py
[2025-12-08T07:27:41.406+0000] {logging_mixin.py:190} INFO - [2025-12-08T07:27:41.405+0000] {dag.py:3211} INFO - Sync 1 DAGs
[2025-12-08T07:27:41.433+0000] {logging_mixin.py:190} INFO - [2025-12-08T07:27:41.433+0000] {dag.py:4138} INFO - Setting next_dagrun for tutorial_objectstorage to None, run_after=None
[2025-12-08T07:27:41.495+0000] {processor.py:208} INFO - Processing /home/airflow/.local/lib/python3.12/site-packages/airflow/example_dags/tutorial_objectstorage.py took 0.190 seconds
[2025-12-08T07:28:12.000+0000] {processor.py:186} INFO - Started process (PID=302) to work on /home/airflow/.local/lib/python3.12/site-packages/airflow/example_dags/tutorial_objectstorage.py
[2025-12-08T07:28:12.003+0000] {processor.py:914} INFO - Processing file /home/airflow/.local/lib/python3.12/site-packages/airflow/example_dags/tutorial_objectstorage.py for tasks to queue
[2025-12-08T07:28:12.009+0000] {logging_mixin.py:190} INFO - [2025-12-08T07:28:12.008+0000] {dagbag.py:587} INFO - Filling up the DagBag from /home/airflow/.local/lib/python3.12/site-packages/airflow/example_dags/tutorial_objectstorage.py
[2025-12-08T07:28:12.030+0000] {processor.py:925} INFO - DAG(s) 'tutorial_objectstorage' retrieved from /home/airflow/.local/lib/python3.12/site-packages/airflow/example_dags/tutorial_objectstorage.py
[2025-12-08T07:28:12.074+0000] {logging_mixin.py:190} INFO - [2025-12-08T07:28:12.073+0000] {dag.py:3211} INFO - Sync 1 DAGs
[2025-12-08T07:28:12.101+0000] {logging_mixin.py:190} INFO - [2025-12-08T07:28:12.100+0000] {dag.py:4138} INFO - Setting next_dagrun for tutorial_objectstorage to None, run_after=None
[2025-12-08T07:28:12.147+0000] {processor.py:208} INFO - Processing /home/airflow/.local/lib/python3.12/site-packages/airflow/example_dags/tutorial_objectstorage.py took 0.159 seconds
[2025-12-08T07:28:45.815+0000] {processor.py:186} INFO - Started process (PID=365) to work on /home/airflow/.local/lib/python3.12/site-packages/airflow/example_dags/tutorial_objectstorage.py
[2025-12-08T07:28:45.819+0000] {processor.py:914} INFO - Processing file /home/airflow/.local/lib/python3.12/site-packages/airflow/example_dags/tutorial_objectstorage.py for tasks to queue
[2025-12-08T07:28:45.831+0000] {logging_mixin.py:190} INFO - [2025-12-08T07:28:45.829+0000] {dagbag.py:587} INFO - Filling up the DagBag from /home/airflow/.local/lib/python3.12/site-packages/airflow/example_dags/tutorial_objectstorage.py
[2025-12-08T07:28:45.898+0000] {processor.py:925} INFO - DAG(s) 'tutorial_objectstorage' retrieved from /home/airflow/.local/lib/python3.12/site-packages/airflow/example_dags/tutorial_objectstorage.py
[2025-12-08T07:28:46.016+0000] {logging_mixin.py:190} INFO - [2025-12-08T07:28:46.015+0000] {dag.py:3211} INFO - Sync 1 DAGs
[2025-12-08T07:28:46.109+0000] {logging_mixin.py:190} INFO - [2025-12-08T07:28:46.108+0000] {dag.py:4138} INFO - Setting next_dagrun for tutorial_objectstorage to None, run_after=None
[2025-12-08T07:28:46.230+0000] {processor.py:208} INFO - Processing /home/airflow/.local/lib/python3.12/site-packages/airflow/example_dags/tutorial_objectstorage.py took 0.468 seconds
[2025-12-08T07:29:16.476+0000] {processor.py:186} INFO - Started process (PID=428) to work on /home/airflow/.local/lib/python3.12/site-packages/airflow/example_dags/tutorial_objectstorage.py
[2025-12-08T07:29:16.479+0000] {processor.py:914} INFO - Processing file /home/airflow/.local/lib/python3.12/site-packages/airflow/example_dags/tutorial_objectstorage.py for tasks to queue
[2025-12-08T07:29:16.485+0000] {logging_mixin.py:190} INFO - [2025-12-08T07:29:16.484+0000] {dagbag.py:587} INFO - Filling up the DagBag from /home/airflow/.local/lib/python3.12/site-packages/airflow/example_dags/tutorial_objectstorage.py
[2025-12-08T07:29:16.504+0000] {processor.py:925} INFO - DAG(s) 'tutorial_objectstorage' retrieved from /home/airflow/.local/lib/python3.12/site-packages/airflow/example_dags/tutorial_objectstorage.py
[2025-12-08T07:29:16.550+0000] {logging_mixin.py:190} INFO - [2025-12-08T07:29:16.548+0000] {dag.py:3211} INFO - Sync 1 DAGs
[2025-12-08T07:29:16.597+0000] {logging_mixin.py:190} INFO - [2025-12-08T07:29:16.597+0000] {dag.py:4138} INFO - Setting next_dagrun for tutorial_objectstorage to None, run_after=None
[2025-12-08T07:29:16.657+0000] {processor.py:208} INFO - Processing /home/airflow/.local/lib/python3.12/site-packages/airflow/example_dags/tutorial_objectstorage.py took 0.194 seconds
[2025-12-08T07:29:47.818+0000] {processor.py:186} INFO - Started process (PID=497) to work on /home/airflow/.local/lib/python3.12/site-packages/airflow/example_dags/tutorial_objectstorage.py
[2025-12-08T07:29:47.823+0000] {processor.py:914} INFO - Processing file /home/airflow/.local/lib/python3.12/site-packages/airflow/example_dags/tutorial_objectstorage.py for tasks to queue
[2025-12-08T07:29:47.829+0000] {logging_mixin.py:190} INFO - [2025-12-08T07:29:47.828+0000] {dagbag.py:587} INFO - Filling up the DagBag from /home/airflow/.local/lib/python3.12/site-packages/airflow/example_dags/tutorial_objectstorage.py
[2025-12-08T07:29:47.851+0000] {processor.py:925} INFO - DAG(s) 'tutorial_objectstorage' retrieved from /home/airflow/.local/lib/python3.12/site-packages/airflow/example_dags/tutorial_objectstorage.py
[2025-12-08T07:29:47.900+0000] {logging_mixin.py:190} INFO - [2025-12-08T07:29:47.899+0000] {dag.py:3211} INFO - Sync 1 DAGs
[2025-12-08T07:29:47.945+0000] {logging_mixin.py:190} INFO - [2025-12-08T07:29:47.944+0000] {dag.py:4138} INFO - Setting next_dagrun for tutorial_objectstorage to None, run_after=None
[2025-12-08T07:29:47.988+0000] {processor.py:208} INFO - Processing /home/airflow/.local/lib/python3.12/site-packages/airflow/example_dags/tutorial_objectstorage.py took 0.182 seconds
[2025-12-08T07:30:18.665+0000] {processor.py:186} INFO - Started process (PID=560) to work on /home/airflow/.local/lib/python3.12/site-packages/airflow/example_dags/tutorial_objectstorage.py
[2025-12-08T07:30:18.668+0000] {processor.py:914} INFO - Processing file /home/airflow/.local/lib/python3.12/site-packages/airflow/example_dags/tutorial_objectstorage.py for tasks to queue
[2025-12-08T07:30:18.675+0000] {logging_mixin.py:190} INFO - [2025-12-08T07:30:18.673+0000] {dagbag.py:587} INFO - Filling up the DagBag from /home/airflow/.local/lib/python3.12/site-packages/airflow/example_dags/tutorial_objectstorage.py
[2025-12-08T07:30:18.694+0000] {processor.py:925} INFO - DAG(s) 'tutorial_objectstorage' retrieved from /home/airflow/.local/lib/python3.12/site-packages/airflow/example_dags/tutorial_objectstorage.py
[2025-12-08T07:30:18.735+0000] {logging_mixin.py:190} INFO - [2025-12-08T07:30:18.734+0000] {dag.py:3211} INFO - Sync 1 DAGs
[2025-12-08T07:30:18.762+0000] {logging_mixin.py:190} INFO - [2025-12-08T07:30:18.762+0000] {dag.py:4138} INFO - Setting next_dagrun for tutorial_objectstorage to None, run_after=None
[2025-12-08T07:30:18.810+0000] {processor.py:208} INFO - Processing /home/airflow/.local/lib/python3.12/site-packages/airflow/example_dags/tutorial_objectstorage.py took 0.158 seconds
[2025-12-08T07:30:49.892+0000] {processor.py:186} INFO - Started process (PID=623) to work on /home/airflow/.local/lib/python3.12/site-packages/airflow/example_dags/tutorial_objectstorage.py
[2025-12-08T07:30:49.895+0000] {processor.py:914} INFO - Processing file /home/airflow/.local/lib/python3.12/site-packages/airflow/example_dags/tutorial_objectstorage.py for tasks to queue
[2025-12-08T07:30:49.903+0000] {logging_mixin.py:190} INFO - [2025-12-08T07:30:49.902+0000] {dagbag.py:587} INFO - Filling up the DagBag from /home/airflow/.local/lib/python3.12/site-packages/airflow/example_dags/tutorial_objectstorage.py
[2025-12-08T07:30:49.926+0000] {processor.py:925} INFO - DAG(s) 'tutorial_objectstorage' retrieved from /home/airflow/.local/lib/python3.12/site-packages/airflow/example_dags/tutorial_objectstorage.py
[2025-12-08T07:30:49.993+0000] {logging_mixin.py:190} INFO - [2025-12-08T07:30:49.992+0000] {dag.py:3211} INFO - Sync 1 DAGs
[2025-12-08T07:30:50.037+0000] {logging_mixin.py:190} INFO - [2025-12-08T07:30:50.037+0000] {dag.py:4138} INFO - Setting next_dagrun for tutorial_objectstorage to None, run_after=None
[2025-12-08T07:30:50.112+0000] {processor.py:208} INFO - Processing /home/airflow/.local/lib/python3.12/site-packages/airflow/example_dags/tutorial_objectstorage.py took 0.236 seconds
[2025-12-08T07:31:20.798+0000] {processor.py:186} INFO - Started process (PID=686) to work on /home/airflow/.local/lib/python3.12/site-packages/airflow/example_dags/tutorial_objectstorage.py
[2025-12-08T07:31:20.801+0000] {processor.py:914} INFO - Processing file /home/airflow/.local/lib/python3.12/site-packages/airflow/example_dags/tutorial_objectstorage.py for tasks to queue
[2025-12-08T07:31:20.807+0000] {logging_mixin.py:190} INFO - [2025-12-08T07:31:20.807+0000] {dagbag.py:587} INFO - Filling up the DagBag from /home/airflow/.local/lib/python3.12/site-packages/airflow/example_dags/tutorial_objectstorage.py
[2025-12-08T07:31:20.831+0000] {processor.py:925} INFO - DAG(s) 'tutorial_objectstorage' retrieved from /home/airflow/.local/lib/python3.12/site-packages/airflow/example_dags/tutorial_objectstorage.py
[2025-12-08T07:31:20.884+0000] {logging_mixin.py:190} INFO - [2025-12-08T07:31:20.884+0000] {dag.py:3211} INFO - Sync 1 DAGs
[2025-12-08T07:31:20.918+0000] {logging_mixin.py:190} INFO - [2025-12-08T07:31:20.917+0000] {dag.py:4138} INFO - Setting next_dagrun for tutorial_objectstorage to None, run_after=None
[2025-12-08T07:31:20.962+0000] {processor.py:208} INFO - Processing /home/airflow/.local/lib/python3.12/site-packages/airflow/example_dags/tutorial_objectstorage.py took 0.178 seconds
[2025-12-08T07:31:51.410+0000] {processor.py:186} INFO - Started process (PID=749) to work on /home/airflow/.local/lib/python3.12/site-packages/airflow/example_dags/tutorial_objectstorage.py
[2025-12-08T07:31:51.412+0000] {processor.py:914} INFO - Processing file /home/airflow/.local/lib/python3.12/site-packages/airflow/example_dags/tutorial_objectstorage.py for tasks to queue
[2025-12-08T07:31:51.421+0000] {logging_mixin.py:190} INFO - [2025-12-08T07:31:51.420+0000] {dagbag.py:587} INFO - Filling up the DagBag from /home/airflow/.local/lib/python3.12/site-packages/airflow/example_dags/tutorial_objectstorage.py
[2025-12-08T07:31:51.447+0000] {processor.py:925} INFO - DAG(s) 'tutorial_objectstorage' retrieved from /home/airflow/.local/lib/python3.12/site-packages/airflow/example_dags/tutorial_objectstorage.py
[2025-12-08T07:31:51.501+0000] {logging_mixin.py:190} INFO - [2025-12-08T07:31:51.500+0000] {dag.py:3211} INFO - Sync 1 DAGs
[2025-12-08T07:31:51.533+0000] {logging_mixin.py:190} INFO - [2025-12-08T07:31:51.533+0000] {dag.py:4138} INFO - Setting next_dagrun for tutorial_objectstorage to None, run_after=None
[2025-12-08T07:31:51.589+0000] {processor.py:208} INFO - Processing /home/airflow/.local/lib/python3.12/site-packages/airflow/example_dags/tutorial_objectstorage.py took 0.191 seconds
[2025-12-08T07:32:22.391+0000] {processor.py:186} INFO - Started process (PID=812) to work on /home/airflow/.local/lib/python3.12/site-packages/airflow/example_dags/tutorial_objectstorage.py
[2025-12-08T07:32:22.393+0000] {processor.py:914} INFO - Processing file /home/airflow/.local/lib/python3.12/site-packages/airflow/example_dags/tutorial_objectstorage.py for tasks to queue
[2025-12-08T07:32:22.403+0000] {logging_mixin.py:190} INFO - [2025-12-08T07:32:22.402+0000] {dagbag.py:587} INFO - Filling up the DagBag from /home/airflow/.local/lib/python3.12/site-packages/airflow/example_dags/tutorial_objectstorage.py
[2025-12-08T07:32:22.427+0000] {processor.py:925} INFO - DAG(s) 'tutorial_objectstorage' retrieved from /home/airflow/.local/lib/python3.12/site-packages/airflow/example_dags/tutorial_objectstorage.py
[2025-12-08T07:32:22.467+0000] {logging_mixin.py:190} INFO - [2025-12-08T07:32:22.466+0000] {dag.py:3211} INFO - Sync 1 DAGs
[2025-12-08T07:32:22.498+0000] {logging_mixin.py:190} INFO - [2025-12-08T07:32:22.497+0000] {dag.py:4138} INFO - Setting next_dagrun for tutorial_objectstorage to None, run_after=None
[2025-12-08T07:32:22.555+0000] {processor.py:208} INFO - Processing /home/airflow/.local/lib/python3.12/site-packages/airflow/example_dags/tutorial_objectstorage.py took 0.176 seconds
[2025-12-08T07:32:53.560+0000] {processor.py:186} INFO - Started process (PID=875) to work on /home/airflow/.local/lib/python3.12/site-packages/airflow/example_dags/tutorial_objectstorage.py
[2025-12-08T07:32:53.566+0000] {processor.py:914} INFO - Processing file /home/airflow/.local/lib/python3.12/site-packages/airflow/example_dags/tutorial_objectstorage.py for tasks to queue
[2025-12-08T07:32:53.574+0000] {logging_mixin.py:190} INFO - [2025-12-08T07:32:53.573+0000] {dagbag.py:587} INFO - Filling up the DagBag from /home/airflow/.local/lib/python3.12/site-packages/airflow/example_dags/tutorial_objectstorage.py
[2025-12-08T07:32:53.595+0000] {processor.py:925} INFO - DAG(s) 'tutorial_objectstorage' retrieved from /home/airflow/.local/lib/python3.12/site-packages/airflow/example_dags/tutorial_objectstorage.py
[2025-12-08T07:32:53.630+0000] {logging_mixin.py:190} INFO - [2025-12-08T07:32:53.629+0000] {dag.py:3211} INFO - Sync 1 DAGs
[2025-12-08T07:32:53.664+0000] {logging_mixin.py:190} INFO - [2025-12-08T07:32:53.663+0000] {dag.py:4138} INFO - Setting next_dagrun for tutorial_objectstorage to None, run_after=None
[2025-12-08T07:32:53.722+0000] {processor.py:208} INFO - Processing /home/airflow/.local/lib/python3.12/site-packages/airflow/example_dags/tutorial_objectstorage.py took 0.183 seconds
[2025-12-08T07:33:23.998+0000] {processor.py:186} INFO - Started process (PID=938) to work on /home/airflow/.local/lib/python3.12/site-packages/airflow/example_dags/tutorial_objectstorage.py
[2025-12-08T07:33:24.000+0000] {processor.py:914} INFO - Processing file /home/airflow/.local/lib/python3.12/site-packages/airflow/example_dags/tutorial_objectstorage.py for tasks to queue
[2025-12-08T07:33:24.006+0000] {logging_mixin.py:190} INFO - [2025-12-08T07:33:24.005+0000] {dagbag.py:587} INFO - Filling up the DagBag from /home/airflow/.local/lib/python3.12/site-packages/airflow/example_dags/tutorial_objectstorage.py
[2025-12-08T07:33:24.035+0000] {processor.py:925} INFO - DAG(s) 'tutorial_objectstorage' retrieved from /home/airflow/.local/lib/python3.12/site-packages/airflow/example_dags/tutorial_objectstorage.py
[2025-12-08T07:33:24.110+0000] {logging_mixin.py:190} INFO - [2025-12-08T07:33:24.108+0000] {dag.py:3211} INFO - Sync 1 DAGs
[2025-12-08T07:33:24.156+0000] {logging_mixin.py:190} INFO - [2025-12-08T07:33:24.156+0000] {dag.py:4138} INFO - Setting next_dagrun for tutorial_objectstorage to None, run_after=None
[2025-12-08T07:33:24.225+0000] {processor.py:208} INFO - Processing /home/airflow/.local/lib/python3.12/site-packages/airflow/example_dags/tutorial_objectstorage.py took 0.243 seconds
[2025-12-08T07:33:54.655+0000] {processor.py:186} INFO - Started process (PID=1001) to work on /home/airflow/.local/lib/python3.12/site-packages/airflow/example_dags/tutorial_objectstorage.py
[2025-12-08T07:33:54.663+0000] {processor.py:914} INFO - Processing file /home/airflow/.local/lib/python3.12/site-packages/airflow/example_dags/tutorial_objectstorage.py for tasks to queue
[2025-12-08T07:33:54.672+0000] {logging_mixin.py:190} INFO - [2025-12-08T07:33:54.670+0000] {dagbag.py:587} INFO - Filling up the DagBag from /home/airflow/.local/lib/python3.12/site-packages/airflow/example_dags/tutorial_objectstorage.py
[2025-12-08T07:33:54.704+0000] {processor.py:925} INFO - DAG(s) 'tutorial_objectstorage' retrieved from /home/airflow/.local/lib/python3.12/site-packages/airflow/example_dags/tutorial_objectstorage.py
[2025-12-08T07:33:54.759+0000] {logging_mixin.py:190} INFO - [2025-12-08T07:33:54.758+0000] {dag.py:3211} INFO - Sync 1 DAGs
[2025-12-08T07:33:54.793+0000] {logging_mixin.py:190} INFO - [2025-12-08T07:33:54.793+0000] {dag.py:4138} INFO - Setting next_dagrun for tutorial_objectstorage to None, run_after=None
[2025-12-08T07:33:54.841+0000] {processor.py:208} INFO - Processing /home/airflow/.local/lib/python3.12/site-packages/airflow/example_dags/tutorial_objectstorage.py took 0.205 seconds
[2025-12-08T07:34:25.090+0000] {processor.py:186} INFO - Started process (PID=1064) to work on /home/airflow/.local/lib/python3.12/site-packages/airflow/example_dags/tutorial_objectstorage.py
[2025-12-08T07:34:25.093+0000] {processor.py:914} INFO - Processing file /home/airflow/.local/lib/python3.12/site-packages/airflow/example_dags/tutorial_objectstorage.py for tasks to queue
[2025-12-08T07:34:25.097+0000] {logging_mixin.py:190} INFO - [2025-12-08T07:34:25.097+0000] {dagbag.py:587} INFO - Filling up the DagBag from /home/airflow/.local/lib/python3.12/site-packages/airflow/example_dags/tutorial_objectstorage.py
[2025-12-08T07:34:25.112+0000] {processor.py:925} INFO - DAG(s) 'tutorial_objectstorage' retrieved from /home/airflow/.local/lib/python3.12/site-packages/airflow/example_dags/tutorial_objectstorage.py
[2025-12-08T07:34:25.142+0000] {logging_mixin.py:190} INFO - [2025-12-08T07:34:25.142+0000] {dag.py:3211} INFO - Sync 1 DAGs
[2025-12-08T07:34:25.166+0000] {logging_mixin.py:190} INFO - [2025-12-08T07:34:25.165+0000] {dag.py:4138} INFO - Setting next_dagrun for tutorial_objectstorage to None, run_after=None
[2025-12-08T07:34:25.207+0000] {processor.py:208} INFO - Processing /home/airflow/.local/lib/python3.12/site-packages/airflow/example_dags/tutorial_objectstorage.py took 0.126 seconds
[2025-12-08T07:34:56.049+0000] {processor.py:186} INFO - Started process (PID=1128) to work on /home/airflow/.local/lib/python3.12/site-packages/airflow/example_dags/tutorial_objectstorage.py
[2025-12-08T07:34:56.052+0000] {processor.py:914} INFO - Processing file /home/airflow/.local/lib/python3.12/site-packages/airflow/example_dags/tutorial_objectstorage.py for tasks to queue
[2025-12-08T07:34:56.057+0000] {logging_mixin.py:190} INFO - [2025-12-08T07:34:56.056+0000] {dagbag.py:587} INFO - Filling up the DagBag from /home/airflow/.local/lib/python3.12/site-packages/airflow/example_dags/tutorial_objectstorage.py
[2025-12-08T07:34:56.078+0000] {processor.py:925} INFO - DAG(s) 'tutorial_objectstorage' retrieved from /home/airflow/.local/lib/python3.12/site-packages/airflow/example_dags/tutorial_objectstorage.py
[2025-12-08T07:34:56.117+0000] {logging_mixin.py:190} INFO - [2025-12-08T07:34:56.117+0000] {dag.py:3211} INFO - Sync 1 DAGs
[2025-12-08T07:34:56.146+0000] {logging_mixin.py:190} INFO - [2025-12-08T07:34:56.145+0000] {dag.py:4138} INFO - Setting next_dagrun for tutorial_objectstorage to None, run_after=None
[2025-12-08T07:34:56.201+0000] {processor.py:208} INFO - Processing /home/airflow/.local/lib/python3.12/site-packages/airflow/example_dags/tutorial_objectstorage.py took 0.166 seconds
[2025-12-08T07:35:26.722+0000] {processor.py:186} INFO - Started process (PID=1192) to work on /home/airflow/.local/lib/python3.12/site-packages/airflow/example_dags/tutorial_objectstorage.py
[2025-12-08T07:35:26.724+0000] {processor.py:914} INFO - Processing file /home/airflow/.local/lib/python3.12/site-packages/airflow/example_dags/tutorial_objectstorage.py for tasks to queue
[2025-12-08T07:35:26.734+0000] {logging_mixin.py:190} INFO - [2025-12-08T07:35:26.732+0000] {dagbag.py:587} INFO - Filling up the DagBag from /home/airflow/.local/lib/python3.12/site-packages/airflow/example_dags/tutorial_objectstorage.py
[2025-12-08T07:35:26.763+0000] {processor.py:925} INFO - DAG(s) 'tutorial_objectstorage' retrieved from /home/airflow/.local/lib/python3.12/site-packages/airflow/example_dags/tutorial_objectstorage.py
[2025-12-08T07:35:26.824+0000] {logging_mixin.py:190} INFO - [2025-12-08T07:35:26.823+0000] {dag.py:3211} INFO - Sync 1 DAGs
[2025-12-08T07:35:26.855+0000] {logging_mixin.py:190} INFO - [2025-12-08T07:35:26.854+0000] {dag.py:4138} INFO - Setting next_dagrun for tutorial_objectstorage to None, run_after=None
[2025-12-08T07:35:26.902+0000] {processor.py:208} INFO - Processing /home/airflow/.local/lib/python3.12/site-packages/airflow/example_dags/tutorial_objectstorage.py took 0.202 seconds
[2025-12-08T07:35:57.049+0000] {processor.py:186} INFO - Started process (PID=1255) to work on /home/airflow/.local/lib/python3.12/site-packages/airflow/example_dags/tutorial_objectstorage.py
[2025-12-08T07:35:57.052+0000] {processor.py:914} INFO - Processing file /home/airflow/.local/lib/python3.12/site-packages/airflow/example_dags/tutorial_objectstorage.py for tasks to queue
[2025-12-08T07:35:57.058+0000] {logging_mixin.py:190} INFO - [2025-12-08T07:35:57.057+0000] {dagbag.py:587} INFO - Filling up the DagBag from /home/airflow/.local/lib/python3.12/site-packages/airflow/example_dags/tutorial_objectstorage.py
[2025-12-08T07:35:57.084+0000] {processor.py:925} INFO - DAG(s) 'tutorial_objectstorage' retrieved from /home/airflow/.local/lib/python3.12/site-packages/airflow/example_dags/tutorial_objectstorage.py
[2025-12-08T07:35:57.135+0000] {logging_mixin.py:190} INFO - [2025-12-08T07:35:57.134+0000] {dag.py:3211} INFO - Sync 1 DAGs
[2025-12-08T07:35:57.162+0000] {logging_mixin.py:190} INFO - [2025-12-08T07:35:57.162+0000] {dag.py:4138} INFO - Setting next_dagrun for tutorial_objectstorage to None, run_after=None
[2025-12-08T07:35:57.206+0000] {processor.py:208} INFO - Processing /home/airflow/.local/lib/python3.12/site-packages/airflow/example_dags/tutorial_objectstorage.py took 0.174 seconds
[2025-12-08T07:36:27.497+0000] {processor.py:186} INFO - Started process (PID=1317) to work on /home/airflow/.local/lib/python3.12/site-packages/airflow/example_dags/tutorial_objectstorage.py
[2025-12-08T07:36:27.500+0000] {processor.py:914} INFO - Processing file /home/airflow/.local/lib/python3.12/site-packages/airflow/example_dags/tutorial_objectstorage.py for tasks to queue
[2025-12-08T07:36:27.507+0000] {logging_mixin.py:190} INFO - [2025-12-08T07:36:27.505+0000] {dagbag.py:587} INFO - Filling up the DagBag from /home/airflow/.local/lib/python3.12/site-packages/airflow/example_dags/tutorial_objectstorage.py
[2025-12-08T07:36:27.528+0000] {processor.py:925} INFO - DAG(s) 'tutorial_objectstorage' retrieved from /home/airflow/.local/lib/python3.12/site-packages/airflow/example_dags/tutorial_objectstorage.py
[2025-12-08T07:36:27.573+0000] {logging_mixin.py:190} INFO - [2025-12-08T07:36:27.572+0000] {dag.py:3211} INFO - Sync 1 DAGs
[2025-12-08T07:36:27.601+0000] {logging_mixin.py:190} INFO - [2025-12-08T07:36:27.601+0000] {dag.py:4138} INFO - Setting next_dagrun for tutorial_objectstorage to None, run_after=None
[2025-12-08T07:36:27.643+0000] {processor.py:208} INFO - Processing /home/airflow/.local/lib/python3.12/site-packages/airflow/example_dags/tutorial_objectstorage.py took 0.157 seconds
[2025-12-08T07:36:58.295+0000] {processor.py:186} INFO - Started process (PID=1380) to work on /home/airflow/.local/lib/python3.12/site-packages/airflow/example_dags/tutorial_objectstorage.py
[2025-12-08T07:36:58.297+0000] {processor.py:914} INFO - Processing file /home/airflow/.local/lib/python3.12/site-packages/airflow/example_dags/tutorial_objectstorage.py for tasks to queue
[2025-12-08T07:36:58.305+0000] {logging_mixin.py:190} INFO - [2025-12-08T07:36:58.304+0000] {dagbag.py:587} INFO - Filling up the DagBag from /home/airflow/.local/lib/python3.12/site-packages/airflow/example_dags/tutorial_objectstorage.py
[2025-12-08T07:36:58.323+0000] {processor.py:925} INFO - DAG(s) 'tutorial_objectstorage' retrieved from /home/airflow/.local/lib/python3.12/site-packages/airflow/example_dags/tutorial_objectstorage.py
[2025-12-08T07:36:58.365+0000] {logging_mixin.py:190} INFO - [2025-12-08T07:36:58.364+0000] {dag.py:3211} INFO - Sync 1 DAGs
[2025-12-08T07:36:58.389+0000] {logging_mixin.py:190} INFO - [2025-12-08T07:36:58.388+0000] {dag.py:4138} INFO - Setting next_dagrun for tutorial_objectstorage to None, run_after=None
[2025-12-08T07:36:58.425+0000] {processor.py:208} INFO - Processing /home/airflow/.local/lib/python3.12/site-packages/airflow/example_dags/tutorial_objectstorage.py took 0.143 seconds
[2025-12-08T07:37:28.798+0000] {processor.py:186} INFO - Started process (PID=1443) to work on /home/airflow/.local/lib/python3.12/site-packages/airflow/example_dags/tutorial_objectstorage.py
[2025-12-08T07:37:28.801+0000] {processor.py:914} INFO - Processing file /home/airflow/.local/lib/python3.12/site-packages/airflow/example_dags/tutorial_objectstorage.py for tasks to queue
[2025-12-08T07:37:28.807+0000] {logging_mixin.py:190} INFO - [2025-12-08T07:37:28.806+0000] {dagbag.py:587} INFO - Filling up the DagBag from /home/airflow/.local/lib/python3.12/site-packages/airflow/example_dags/tutorial_objectstorage.py
[2025-12-08T07:37:28.826+0000] {processor.py:925} INFO - DAG(s) 'tutorial_objectstorage' retrieved from /home/airflow/.local/lib/python3.12/site-packages/airflow/example_dags/tutorial_objectstorage.py
[2025-12-08T07:37:28.875+0000] {logging_mixin.py:190} INFO - [2025-12-08T07:37:28.874+0000] {dag.py:3211} INFO - Sync 1 DAGs
[2025-12-08T07:37:28.905+0000] {logging_mixin.py:190} INFO - [2025-12-08T07:37:28.904+0000] {dag.py:4138} INFO - Setting next_dagrun for tutorial_objectstorage to None, run_after=None
[2025-12-08T07:37:28.942+0000] {processor.py:208} INFO - Processing /home/airflow/.local/lib/python3.12/site-packages/airflow/example_dags/tutorial_objectstorage.py took 0.157 seconds
[2025-12-08T07:37:59.789+0000] {processor.py:186} INFO - Started process (PID=1507) to work on /home/airflow/.local/lib/python3.12/site-packages/airflow/example_dags/tutorial_objectstorage.py
[2025-12-08T07:37:59.791+0000] {processor.py:914} INFO - Processing file /home/airflow/.local/lib/python3.12/site-packages/airflow/example_dags/tutorial_objectstorage.py for tasks to queue
[2025-12-08T07:37:59.797+0000] {logging_mixin.py:190} INFO - [2025-12-08T07:37:59.797+0000] {dagbag.py:587} INFO - Filling up the DagBag from /home/airflow/.local/lib/python3.12/site-packages/airflow/example_dags/tutorial_objectstorage.py
[2025-12-08T07:37:59.816+0000] {processor.py:925} INFO - DAG(s) 'tutorial_objectstorage' retrieved from /home/airflow/.local/lib/python3.12/site-packages/airflow/example_dags/tutorial_objectstorage.py
[2025-12-08T07:37:59.855+0000] {logging_mixin.py:190} INFO - [2025-12-08T07:37:59.855+0000] {dag.py:3211} INFO - Sync 1 DAGs
[2025-12-08T07:37:59.881+0000] {logging_mixin.py:190} INFO - [2025-12-08T07:37:59.880+0000] {dag.py:4138} INFO - Setting next_dagrun for tutorial_objectstorage to None, run_after=None
[2025-12-08T07:37:59.917+0000] {processor.py:208} INFO - Processing /home/airflow/.local/lib/python3.12/site-packages/airflow/example_dags/tutorial_objectstorage.py took 0.137 seconds
[2025-12-08T07:38:30.766+0000] {processor.py:186} INFO - Started process (PID=1570) to work on /home/airflow/.local/lib/python3.12/site-packages/airflow/example_dags/tutorial_objectstorage.py
[2025-12-08T07:38:30.769+0000] {processor.py:914} INFO - Processing file /home/airflow/.local/lib/python3.12/site-packages/airflow/example_dags/tutorial_objectstorage.py for tasks to queue
[2025-12-08T07:38:30.775+0000] {logging_mixin.py:190} INFO - [2025-12-08T07:38:30.774+0000] {dagbag.py:587} INFO - Filling up the DagBag from /home/airflow/.local/lib/python3.12/site-packages/airflow/example_dags/tutorial_objectstorage.py
[2025-12-08T07:38:30.806+0000] {processor.py:925} INFO - DAG(s) 'tutorial_objectstorage' retrieved from /home/airflow/.local/lib/python3.12/site-packages/airflow/example_dags/tutorial_objectstorage.py
[2025-12-08T07:38:30.855+0000] {logging_mixin.py:190} INFO - [2025-12-08T07:38:30.854+0000] {dag.py:3211} INFO - Sync 1 DAGs
[2025-12-08T07:38:30.891+0000] {logging_mixin.py:190} INFO - [2025-12-08T07:38:30.891+0000] {dag.py:4138} INFO - Setting next_dagrun for tutorial_objectstorage to None, run_after=None
[2025-12-08T07:38:30.947+0000] {processor.py:208} INFO - Processing /home/airflow/.local/lib/python3.12/site-packages/airflow/example_dags/tutorial_objectstorage.py took 0.196 seconds
[2025-12-08T07:39:01.430+0000] {processor.py:186} INFO - Started process (PID=1634) to work on /home/airflow/.local/lib/python3.12/site-packages/airflow/example_dags/tutorial_objectstorage.py
[2025-12-08T07:39:01.432+0000] {processor.py:914} INFO - Processing file /home/airflow/.local/lib/python3.12/site-packages/airflow/example_dags/tutorial_objectstorage.py for tasks to queue
[2025-12-08T07:39:01.438+0000] {logging_mixin.py:190} INFO - [2025-12-08T07:39:01.437+0000] {dagbag.py:587} INFO - Filling up the DagBag from /home/airflow/.local/lib/python3.12/site-packages/airflow/example_dags/tutorial_objectstorage.py
[2025-12-08T07:39:01.455+0000] {processor.py:925} INFO - DAG(s) 'tutorial_objectstorage' retrieved from /home/airflow/.local/lib/python3.12/site-packages/airflow/example_dags/tutorial_objectstorage.py
[2025-12-08T07:39:01.499+0000] {logging_mixin.py:190} INFO - [2025-12-08T07:39:01.499+0000] {dag.py:3211} INFO - Sync 1 DAGs
[2025-12-08T07:39:01.531+0000] {logging_mixin.py:190} INFO - [2025-12-08T07:39:01.530+0000] {dag.py:4138} INFO - Setting next_dagrun for tutorial_objectstorage to None, run_after=None
[2025-12-08T07:39:01.569+0000] {processor.py:208} INFO - Processing /home/airflow/.local/lib/python3.12/site-packages/airflow/example_dags/tutorial_objectstorage.py took 0.150 seconds
[2025-12-08T07:39:32.264+0000] {processor.py:186} INFO - Started process (PID=1697) to work on /home/airflow/.local/lib/python3.12/site-packages/airflow/example_dags/tutorial_objectstorage.py
[2025-12-08T07:39:32.267+0000] {processor.py:914} INFO - Processing file /home/airflow/.local/lib/python3.12/site-packages/airflow/example_dags/tutorial_objectstorage.py for tasks to queue
[2025-12-08T07:39:32.274+0000] {logging_mixin.py:190} INFO - [2025-12-08T07:39:32.273+0000] {dagbag.py:587} INFO - Filling up the DagBag from /home/airflow/.local/lib/python3.12/site-packages/airflow/example_dags/tutorial_objectstorage.py
[2025-12-08T07:39:32.291+0000] {processor.py:925} INFO - DAG(s) 'tutorial_objectstorage' retrieved from /home/airflow/.local/lib/python3.12/site-packages/airflow/example_dags/tutorial_objectstorage.py
[2025-12-08T07:39:32.330+0000] {logging_mixin.py:190} INFO - [2025-12-08T07:39:32.329+0000] {dag.py:3211} INFO - Sync 1 DAGs
[2025-12-08T07:39:32.353+0000] {logging_mixin.py:190} INFO - [2025-12-08T07:39:32.353+0000] {dag.py:4138} INFO - Setting next_dagrun for tutorial_objectstorage to None, run_after=None
[2025-12-08T07:39:32.391+0000] {processor.py:208} INFO - Processing /home/airflow/.local/lib/python3.12/site-packages/airflow/example_dags/tutorial_objectstorage.py took 0.135 seconds
[2025-12-08T07:40:03.295+0000] {processor.py:186} INFO - Started process (PID=1760) to work on /home/airflow/.local/lib/python3.12/site-packages/airflow/example_dags/tutorial_objectstorage.py
[2025-12-08T07:40:03.297+0000] {processor.py:914} INFO - Processing file /home/airflow/.local/lib/python3.12/site-packages/airflow/example_dags/tutorial_objectstorage.py for tasks to queue
[2025-12-08T07:40:03.301+0000] {logging_mixin.py:190} INFO - [2025-12-08T07:40:03.300+0000] {dagbag.py:587} INFO - Filling up the DagBag from /home/airflow/.local/lib/python3.12/site-packages/airflow/example_dags/tutorial_objectstorage.py
[2025-12-08T07:40:03.316+0000] {processor.py:925} INFO - DAG(s) 'tutorial_objectstorage' retrieved from /home/airflow/.local/lib/python3.12/site-packages/airflow/example_dags/tutorial_objectstorage.py
[2025-12-08T07:40:03.355+0000] {logging_mixin.py:190} INFO - [2025-12-08T07:40:03.354+0000] {dag.py:3211} INFO - Sync 1 DAGs
[2025-12-08T07:40:03.378+0000] {logging_mixin.py:190} INFO - [2025-12-08T07:40:03.378+0000] {dag.py:4138} INFO - Setting next_dagrun for tutorial_objectstorage to None, run_after=None
[2025-12-08T07:40:03.415+0000] {processor.py:208} INFO - Processing /home/airflow/.local/lib/python3.12/site-packages/airflow/example_dags/tutorial_objectstorage.py took 0.131 seconds
[2025-12-08T07:40:33.754+0000] {processor.py:186} INFO - Started process (PID=1823) to work on /home/airflow/.local/lib/python3.12/site-packages/airflow/example_dags/tutorial_objectstorage.py
[2025-12-08T07:40:33.756+0000] {processor.py:914} INFO - Processing file /home/airflow/.local/lib/python3.12/site-packages/airflow/example_dags/tutorial_objectstorage.py for tasks to queue
[2025-12-08T07:40:33.761+0000] {logging_mixin.py:190} INFO - [2025-12-08T07:40:33.760+0000] {dagbag.py:587} INFO - Filling up the DagBag from /home/airflow/.local/lib/python3.12/site-packages/airflow/example_dags/tutorial_objectstorage.py
[2025-12-08T07:40:33.777+0000] {processor.py:925} INFO - DAG(s) 'tutorial_objectstorage' retrieved from /home/airflow/.local/lib/python3.12/site-packages/airflow/example_dags/tutorial_objectstorage.py
[2025-12-08T07:40:33.818+0000] {logging_mixin.py:190} INFO - [2025-12-08T07:40:33.817+0000] {dag.py:3211} INFO - Sync 1 DAGs
[2025-12-08T07:40:33.843+0000] {logging_mixin.py:190} INFO - [2025-12-08T07:40:33.842+0000] {dag.py:4138} INFO - Setting next_dagrun for tutorial_objectstorage to None, run_after=None
[2025-12-08T07:40:33.879+0000] {processor.py:208} INFO - Processing /home/airflow/.local/lib/python3.12/site-packages/airflow/example_dags/tutorial_objectstorage.py took 0.143 seconds
[2025-12-08T07:41:04.795+0000] {processor.py:186} INFO - Started process (PID=1886) to work on /home/airflow/.local/lib/python3.12/site-packages/airflow/example_dags/tutorial_objectstorage.py
[2025-12-08T07:41:04.798+0000] {processor.py:914} INFO - Processing file /home/airflow/.local/lib/python3.12/site-packages/airflow/example_dags/tutorial_objectstorage.py for tasks to queue
[2025-12-08T07:41:04.803+0000] {logging_mixin.py:190} INFO - [2025-12-08T07:41:04.802+0000] {dagbag.py:587} INFO - Filling up the DagBag from /home/airflow/.local/lib/python3.12/site-packages/airflow/example_dags/tutorial_objectstorage.py
[2025-12-08T07:41:04.820+0000] {processor.py:925} INFO - DAG(s) 'tutorial_objectstorage' retrieved from /home/airflow/.local/lib/python3.12/site-packages/airflow/example_dags/tutorial_objectstorage.py
[2025-12-08T07:41:04.866+0000] {logging_mixin.py:190} INFO - [2025-12-08T07:41:04.865+0000] {dag.py:3211} INFO - Sync 1 DAGs
[2025-12-08T07:41:04.917+0000] {logging_mixin.py:190} INFO - [2025-12-08T07:41:04.917+0000] {dag.py:4138} INFO - Setting next_dagrun for tutorial_objectstorage to None, run_after=None
[2025-12-08T07:41:04.966+0000] {processor.py:208} INFO - Processing /home/airflow/.local/lib/python3.12/site-packages/airflow/example_dags/tutorial_objectstorage.py took 0.179 seconds
[2025-12-08T07:41:35.415+0000] {processor.py:186} INFO - Started process (PID=1949) to work on /home/airflow/.local/lib/python3.12/site-packages/airflow/example_dags/tutorial_objectstorage.py
[2025-12-08T07:41:35.418+0000] {processor.py:914} INFO - Processing file /home/airflow/.local/lib/python3.12/site-packages/airflow/example_dags/tutorial_objectstorage.py for tasks to queue
[2025-12-08T07:41:35.423+0000] {logging_mixin.py:190} INFO - [2025-12-08T07:41:35.422+0000] {dagbag.py:587} INFO - Filling up the DagBag from /home/airflow/.local/lib/python3.12/site-packages/airflow/example_dags/tutorial_objectstorage.py
[2025-12-08T07:41:35.446+0000] {processor.py:925} INFO - DAG(s) 'tutorial_objectstorage' retrieved from /home/airflow/.local/lib/python3.12/site-packages/airflow/example_dags/tutorial_objectstorage.py
[2025-12-08T07:41:35.492+0000] {logging_mixin.py:190} INFO - [2025-12-08T07:41:35.491+0000] {dag.py:3211} INFO - Sync 1 DAGs
[2025-12-08T07:41:35.523+0000] {logging_mixin.py:190} INFO - [2025-12-08T07:41:35.523+0000] {dag.py:4138} INFO - Setting next_dagrun for tutorial_objectstorage to None, run_after=None
[2025-12-08T07:41:35.564+0000] {processor.py:208} INFO - Processing /home/airflow/.local/lib/python3.12/site-packages/airflow/example_dags/tutorial_objectstorage.py took 0.162 seconds
[2025-12-08T07:42:06.066+0000] {processor.py:186} INFO - Started process (PID=2012) to work on /home/airflow/.local/lib/python3.12/site-packages/airflow/example_dags/tutorial_objectstorage.py
[2025-12-08T07:42:06.071+0000] {processor.py:914} INFO - Processing file /home/airflow/.local/lib/python3.12/site-packages/airflow/example_dags/tutorial_objectstorage.py for tasks to queue
[2025-12-08T07:42:06.079+0000] {logging_mixin.py:190} INFO - [2025-12-08T07:42:06.078+0000] {dagbag.py:587} INFO - Filling up the DagBag from /home/airflow/.local/lib/python3.12/site-packages/airflow/example_dags/tutorial_objectstorage.py
[2025-12-08T07:42:06.114+0000] {processor.py:925} INFO - DAG(s) 'tutorial_objectstorage' retrieved from /home/airflow/.local/lib/python3.12/site-packages/airflow/example_dags/tutorial_objectstorage.py
[2025-12-08T07:42:06.182+0000] {logging_mixin.py:190} INFO - [2025-12-08T07:42:06.180+0000] {dag.py:3211} INFO - Sync 1 DAGs
[2025-12-08T07:42:06.230+0000] {logging_mixin.py:190} INFO - [2025-12-08T07:42:06.228+0000] {dag.py:4138} INFO - Setting next_dagrun for tutorial_objectstorage to None, run_after=None
[2025-12-08T07:42:06.304+0000] {processor.py:208} INFO - Processing /home/airflow/.local/lib/python3.12/site-packages/airflow/example_dags/tutorial_objectstorage.py took 0.256 seconds
[2025-12-08T07:42:37.863+0000] {processor.py:186} INFO - Started process (PID=2076) to work on /home/airflow/.local/lib/python3.12/site-packages/airflow/example_dags/tutorial_objectstorage.py
[2025-12-08T07:42:37.868+0000] {processor.py:914} INFO - Processing file /home/airflow/.local/lib/python3.12/site-packages/airflow/example_dags/tutorial_objectstorage.py for tasks to queue
[2025-12-08T07:42:37.880+0000] {logging_mixin.py:190} INFO - [2025-12-08T07:42:37.878+0000] {dagbag.py:587} INFO - Filling up the DagBag from /home/airflow/.local/lib/python3.12/site-packages/airflow/example_dags/tutorial_objectstorage.py
[2025-12-08T07:42:37.933+0000] {processor.py:925} INFO - DAG(s) 'tutorial_objectstorage' retrieved from /home/airflow/.local/lib/python3.12/site-packages/airflow/example_dags/tutorial_objectstorage.py
[2025-12-08T07:42:38.024+0000] {logging_mixin.py:190} INFO - [2025-12-08T07:42:38.023+0000] {dag.py:3211} INFO - Sync 1 DAGs
[2025-12-08T07:42:38.075+0000] {logging_mixin.py:190} INFO - [2025-12-08T07:42:38.074+0000] {dag.py:4138} INFO - Setting next_dagrun for tutorial_objectstorage to None, run_after=None
[2025-12-08T07:42:38.145+0000] {processor.py:208} INFO - Processing /home/airflow/.local/lib/python3.12/site-packages/airflow/example_dags/tutorial_objectstorage.py took 0.310 seconds
[2025-12-08T07:43:08.608+0000] {processor.py:186} INFO - Started process (PID=2139) to work on /home/airflow/.local/lib/python3.12/site-packages/airflow/example_dags/tutorial_objectstorage.py
[2025-12-08T07:43:08.611+0000] {processor.py:914} INFO - Processing file /home/airflow/.local/lib/python3.12/site-packages/airflow/example_dags/tutorial_objectstorage.py for tasks to queue
[2025-12-08T07:43:08.616+0000] {logging_mixin.py:190} INFO - [2025-12-08T07:43:08.615+0000] {dagbag.py:587} INFO - Filling up the DagBag from /home/airflow/.local/lib/python3.12/site-packages/airflow/example_dags/tutorial_objectstorage.py
[2025-12-08T07:43:08.636+0000] {processor.py:925} INFO - DAG(s) 'tutorial_objectstorage' retrieved from /home/airflow/.local/lib/python3.12/site-packages/airflow/example_dags/tutorial_objectstorage.py
[2025-12-08T07:43:08.680+0000] {logging_mixin.py:190} INFO - [2025-12-08T07:43:08.679+0000] {dag.py:3211} INFO - Sync 1 DAGs
[2025-12-08T07:43:08.714+0000] {logging_mixin.py:190} INFO - [2025-12-08T07:43:08.713+0000] {dag.py:4138} INFO - Setting next_dagrun for tutorial_objectstorage to None, run_after=None
[2025-12-08T07:43:08.763+0000] {processor.py:208} INFO - Processing /home/airflow/.local/lib/python3.12/site-packages/airflow/example_dags/tutorial_objectstorage.py took 0.166 seconds
[2025-12-08T07:43:39.304+0000] {processor.py:186} INFO - Started process (PID=2202) to work on /home/airflow/.local/lib/python3.12/site-packages/airflow/example_dags/tutorial_objectstorage.py
[2025-12-08T07:43:39.306+0000] {processor.py:914} INFO - Processing file /home/airflow/.local/lib/python3.12/site-packages/airflow/example_dags/tutorial_objectstorage.py for tasks to queue
[2025-12-08T07:43:39.311+0000] {logging_mixin.py:190} INFO - [2025-12-08T07:43:39.310+0000] {dagbag.py:587} INFO - Filling up the DagBag from /home/airflow/.local/lib/python3.12/site-packages/airflow/example_dags/tutorial_objectstorage.py
[2025-12-08T07:43:39.334+0000] {processor.py:925} INFO - DAG(s) 'tutorial_objectstorage' retrieved from /home/airflow/.local/lib/python3.12/site-packages/airflow/example_dags/tutorial_objectstorage.py
[2025-12-08T07:43:39.379+0000] {logging_mixin.py:190} INFO - [2025-12-08T07:43:39.378+0000] {dag.py:3211} INFO - Sync 1 DAGs
[2025-12-08T07:43:39.408+0000] {logging_mixin.py:190} INFO - [2025-12-08T07:43:39.407+0000] {dag.py:4138} INFO - Setting next_dagrun for tutorial_objectstorage to None, run_after=None
[2025-12-08T07:43:39.445+0000] {processor.py:208} INFO - Processing /home/airflow/.local/lib/python3.12/site-packages/airflow/example_dags/tutorial_objectstorage.py took 0.151 seconds
[2025-12-08T07:44:09.948+0000] {processor.py:186} INFO - Started process (PID=2265) to work on /home/airflow/.local/lib/python3.12/site-packages/airflow/example_dags/tutorial_objectstorage.py
[2025-12-08T07:44:09.950+0000] {processor.py:914} INFO - Processing file /home/airflow/.local/lib/python3.12/site-packages/airflow/example_dags/tutorial_objectstorage.py for tasks to queue
[2025-12-08T07:44:09.957+0000] {logging_mixin.py:190} INFO - [2025-12-08T07:44:09.956+0000] {dagbag.py:587} INFO - Filling up the DagBag from /home/airflow/.local/lib/python3.12/site-packages/airflow/example_dags/tutorial_objectstorage.py
[2025-12-08T07:44:09.974+0000] {processor.py:925} INFO - DAG(s) 'tutorial_objectstorage' retrieved from /home/airflow/.local/lib/python3.12/site-packages/airflow/example_dags/tutorial_objectstorage.py
[2025-12-08T07:44:10.016+0000] {logging_mixin.py:190} INFO - [2025-12-08T07:44:10.016+0000] {dag.py:3211} INFO - Sync 1 DAGs
[2025-12-08T07:44:10.046+0000] {logging_mixin.py:190} INFO - [2025-12-08T07:44:10.045+0000] {dag.py:4138} INFO - Setting next_dagrun for tutorial_objectstorage to None, run_after=None
[2025-12-08T07:44:10.098+0000] {processor.py:208} INFO - Processing /home/airflow/.local/lib/python3.12/site-packages/airflow/example_dags/tutorial_objectstorage.py took 0.161 seconds
[2025-12-08T07:44:40.688+0000] {processor.py:186} INFO - Started process (PID=2328) to work on /home/airflow/.local/lib/python3.12/site-packages/airflow/example_dags/tutorial_objectstorage.py
[2025-12-08T07:44:40.690+0000] {processor.py:914} INFO - Processing file /home/airflow/.local/lib/python3.12/site-packages/airflow/example_dags/tutorial_objectstorage.py for tasks to queue
[2025-12-08T07:44:40.698+0000] {logging_mixin.py:190} INFO - [2025-12-08T07:44:40.697+0000] {dagbag.py:587} INFO - Filling up the DagBag from /home/airflow/.local/lib/python3.12/site-packages/airflow/example_dags/tutorial_objectstorage.py
[2025-12-08T07:44:40.722+0000] {processor.py:925} INFO - DAG(s) 'tutorial_objectstorage' retrieved from /home/airflow/.local/lib/python3.12/site-packages/airflow/example_dags/tutorial_objectstorage.py
[2025-12-08T07:44:40.775+0000] {logging_mixin.py:190} INFO - [2025-12-08T07:44:40.774+0000] {dag.py:3211} INFO - Sync 1 DAGs
[2025-12-08T07:44:40.804+0000] {logging_mixin.py:190} INFO - [2025-12-08T07:44:40.803+0000] {dag.py:4138} INFO - Setting next_dagrun for tutorial_objectstorage to None, run_after=None
[2025-12-08T07:44:40.847+0000] {processor.py:208} INFO - Processing /home/airflow/.local/lib/python3.12/site-packages/airflow/example_dags/tutorial_objectstorage.py took 0.173 seconds
[2025-12-08T07:45:10.940+0000] {processor.py:186} INFO - Started process (PID=2390) to work on /home/airflow/.local/lib/python3.12/site-packages/airflow/example_dags/tutorial_objectstorage.py
[2025-12-08T07:45:10.943+0000] {processor.py:914} INFO - Processing file /home/airflow/.local/lib/python3.12/site-packages/airflow/example_dags/tutorial_objectstorage.py for tasks to queue
[2025-12-08T07:45:10.948+0000] {logging_mixin.py:190} INFO - [2025-12-08T07:45:10.948+0000] {dagbag.py:587} INFO - Filling up the DagBag from /home/airflow/.local/lib/python3.12/site-packages/airflow/example_dags/tutorial_objectstorage.py
[2025-12-08T07:45:10.969+0000] {processor.py:925} INFO - DAG(s) 'tutorial_objectstorage' retrieved from /home/airflow/.local/lib/python3.12/site-packages/airflow/example_dags/tutorial_objectstorage.py
[2025-12-08T07:45:11.019+0000] {logging_mixin.py:190} INFO - [2025-12-08T07:45:11.018+0000] {dag.py:3211} INFO - Sync 1 DAGs
[2025-12-08T07:45:11.050+0000] {logging_mixin.py:190} INFO - [2025-12-08T07:45:11.050+0000] {dag.py:4138} INFO - Setting next_dagrun for tutorial_objectstorage to None, run_after=None
[2025-12-08T07:45:11.101+0000] {processor.py:208} INFO - Processing /home/airflow/.local/lib/python3.12/site-packages/airflow/example_dags/tutorial_objectstorage.py took 0.171 seconds
[2025-12-08T07:45:43.166+0000] {processor.py:186} INFO - Started process (PID=2459) to work on /home/airflow/.local/lib/python3.12/site-packages/airflow/example_dags/tutorial_objectstorage.py
[2025-12-08T07:45:43.169+0000] {processor.py:914} INFO - Processing file /home/airflow/.local/lib/python3.12/site-packages/airflow/example_dags/tutorial_objectstorage.py for tasks to queue
[2025-12-08T07:45:43.176+0000] {logging_mixin.py:190} INFO - [2025-12-08T07:45:43.175+0000] {dagbag.py:587} INFO - Filling up the DagBag from /home/airflow/.local/lib/python3.12/site-packages/airflow/example_dags/tutorial_objectstorage.py
[2025-12-08T07:45:43.198+0000] {processor.py:925} INFO - DAG(s) 'tutorial_objectstorage' retrieved from /home/airflow/.local/lib/python3.12/site-packages/airflow/example_dags/tutorial_objectstorage.py
[2025-12-08T07:45:43.243+0000] {logging_mixin.py:190} INFO - [2025-12-08T07:45:43.242+0000] {dag.py:3211} INFO - Sync 1 DAGs
[2025-12-08T07:45:43.274+0000] {logging_mixin.py:190} INFO - [2025-12-08T07:45:43.273+0000] {dag.py:4138} INFO - Setting next_dagrun for tutorial_objectstorage to None, run_after=None
[2025-12-08T07:45:43.317+0000] {processor.py:208} INFO - Processing /home/airflow/.local/lib/python3.12/site-packages/airflow/example_dags/tutorial_objectstorage.py took 0.165 seconds
[2025-12-08T07:46:14.232+0000] {processor.py:186} INFO - Started process (PID=2522) to work on /home/airflow/.local/lib/python3.12/site-packages/airflow/example_dags/tutorial_objectstorage.py
[2025-12-08T07:46:14.238+0000] {processor.py:914} INFO - Processing file /home/airflow/.local/lib/python3.12/site-packages/airflow/example_dags/tutorial_objectstorage.py for tasks to queue
[2025-12-08T07:46:14.245+0000] {logging_mixin.py:190} INFO - [2025-12-08T07:46:14.244+0000] {dagbag.py:587} INFO - Filling up the DagBag from /home/airflow/.local/lib/python3.12/site-packages/airflow/example_dags/tutorial_objectstorage.py
[2025-12-08T07:46:14.275+0000] {processor.py:925} INFO - DAG(s) 'tutorial_objectstorage' retrieved from /home/airflow/.local/lib/python3.12/site-packages/airflow/example_dags/tutorial_objectstorage.py
[2025-12-08T07:46:14.323+0000] {logging_mixin.py:190} INFO - [2025-12-08T07:46:14.323+0000] {dag.py:3211} INFO - Sync 1 DAGs
[2025-12-08T07:46:14.364+0000] {logging_mixin.py:190} INFO - [2025-12-08T07:46:14.364+0000] {dag.py:4138} INFO - Setting next_dagrun for tutorial_objectstorage to None, run_after=None
[2025-12-08T07:46:14.410+0000] {processor.py:208} INFO - Processing /home/airflow/.local/lib/python3.12/site-packages/airflow/example_dags/tutorial_objectstorage.py took 0.192 seconds
[2025-12-08T07:46:45.282+0000] {processor.py:186} INFO - Started process (PID=2585) to work on /home/airflow/.local/lib/python3.12/site-packages/airflow/example_dags/tutorial_objectstorage.py
[2025-12-08T07:46:45.284+0000] {processor.py:914} INFO - Processing file /home/airflow/.local/lib/python3.12/site-packages/airflow/example_dags/tutorial_objectstorage.py for tasks to queue
[2025-12-08T07:46:45.291+0000] {logging_mixin.py:190} INFO - [2025-12-08T07:46:45.290+0000] {dagbag.py:587} INFO - Filling up the DagBag from /home/airflow/.local/lib/python3.12/site-packages/airflow/example_dags/tutorial_objectstorage.py
[2025-12-08T07:46:45.310+0000] {processor.py:925} INFO - DAG(s) 'tutorial_objectstorage' retrieved from /home/airflow/.local/lib/python3.12/site-packages/airflow/example_dags/tutorial_objectstorage.py
[2025-12-08T07:46:45.346+0000] {logging_mixin.py:190} INFO - [2025-12-08T07:46:45.346+0000] {dag.py:3211} INFO - Sync 1 DAGs
[2025-12-08T07:46:45.378+0000] {logging_mixin.py:190} INFO - [2025-12-08T07:46:45.378+0000] {dag.py:4138} INFO - Setting next_dagrun for tutorial_objectstorage to None, run_after=None
[2025-12-08T07:46:45.429+0000] {processor.py:208} INFO - Processing /home/airflow/.local/lib/python3.12/site-packages/airflow/example_dags/tutorial_objectstorage.py took 0.159 seconds
[2025-12-08T07:47:15.828+0000] {processor.py:186} INFO - Started process (PID=2647) to work on /home/airflow/.local/lib/python3.12/site-packages/airflow/example_dags/tutorial_objectstorage.py
[2025-12-08T07:47:15.836+0000] {processor.py:914} INFO - Processing file /home/airflow/.local/lib/python3.12/site-packages/airflow/example_dags/tutorial_objectstorage.py for tasks to queue
[2025-12-08T07:47:15.843+0000] {logging_mixin.py:190} INFO - [2025-12-08T07:47:15.842+0000] {dagbag.py:587} INFO - Filling up the DagBag from /home/airflow/.local/lib/python3.12/site-packages/airflow/example_dags/tutorial_objectstorage.py
[2025-12-08T07:47:15.870+0000] {processor.py:925} INFO - DAG(s) 'tutorial_objectstorage' retrieved from /home/airflow/.local/lib/python3.12/site-packages/airflow/example_dags/tutorial_objectstorage.py
[2025-12-08T07:47:15.921+0000] {logging_mixin.py:190} INFO - [2025-12-08T07:47:15.921+0000] {dag.py:3211} INFO - Sync 1 DAGs
[2025-12-08T07:47:15.952+0000] {logging_mixin.py:190} INFO - [2025-12-08T07:47:15.951+0000] {dag.py:4138} INFO - Setting next_dagrun for tutorial_objectstorage to None, run_after=None
[2025-12-08T07:47:15.992+0000] {processor.py:208} INFO - Processing /home/airflow/.local/lib/python3.12/site-packages/airflow/example_dags/tutorial_objectstorage.py took 0.181 seconds
[2025-12-08T07:47:46.455+0000] {processor.py:186} INFO - Started process (PID=2709) to work on /home/airflow/.local/lib/python3.12/site-packages/airflow/example_dags/tutorial_objectstorage.py
[2025-12-08T07:47:46.457+0000] {processor.py:914} INFO - Processing file /home/airflow/.local/lib/python3.12/site-packages/airflow/example_dags/tutorial_objectstorage.py for tasks to queue
[2025-12-08T07:47:46.464+0000] {logging_mixin.py:190} INFO - [2025-12-08T07:47:46.463+0000] {dagbag.py:587} INFO - Filling up the DagBag from /home/airflow/.local/lib/python3.12/site-packages/airflow/example_dags/tutorial_objectstorage.py
[2025-12-08T07:47:46.488+0000] {processor.py:925} INFO - DAG(s) 'tutorial_objectstorage' retrieved from /home/airflow/.local/lib/python3.12/site-packages/airflow/example_dags/tutorial_objectstorage.py
[2025-12-08T07:47:46.535+0000] {logging_mixin.py:190} INFO - [2025-12-08T07:47:46.535+0000] {dag.py:3211} INFO - Sync 1 DAGs
[2025-12-08T07:47:46.567+0000] {logging_mixin.py:190} INFO - [2025-12-08T07:47:46.566+0000] {dag.py:4138} INFO - Setting next_dagrun for tutorial_objectstorage to None, run_after=None
[2025-12-08T07:47:46.632+0000] {processor.py:208} INFO - Processing /home/airflow/.local/lib/python3.12/site-packages/airflow/example_dags/tutorial_objectstorage.py took 0.197 seconds
[2025-12-08T07:48:16.966+0000] {processor.py:186} INFO - Started process (PID=2772) to work on /home/airflow/.local/lib/python3.12/site-packages/airflow/example_dags/tutorial_objectstorage.py
[2025-12-08T07:48:16.968+0000] {processor.py:914} INFO - Processing file /home/airflow/.local/lib/python3.12/site-packages/airflow/example_dags/tutorial_objectstorage.py for tasks to queue
[2025-12-08T07:48:16.976+0000] {logging_mixin.py:190} INFO - [2025-12-08T07:48:16.975+0000] {dagbag.py:587} INFO - Filling up the DagBag from /home/airflow/.local/lib/python3.12/site-packages/airflow/example_dags/tutorial_objectstorage.py
[2025-12-08T07:48:17.000+0000] {processor.py:925} INFO - DAG(s) 'tutorial_objectstorage' retrieved from /home/airflow/.local/lib/python3.12/site-packages/airflow/example_dags/tutorial_objectstorage.py
[2025-12-08T07:48:17.053+0000] {logging_mixin.py:190} INFO - [2025-12-08T07:48:17.052+0000] {dag.py:3211} INFO - Sync 1 DAGs
[2025-12-08T07:48:17.088+0000] {logging_mixin.py:190} INFO - [2025-12-08T07:48:17.087+0000] {dag.py:4138} INFO - Setting next_dagrun for tutorial_objectstorage to None, run_after=None
[2025-12-08T07:48:17.141+0000] {processor.py:208} INFO - Processing /home/airflow/.local/lib/python3.12/site-packages/airflow/example_dags/tutorial_objectstorage.py took 0.186 seconds
[2025-12-08T07:48:47.507+0000] {processor.py:186} INFO - Started process (PID=2835) to work on /home/airflow/.local/lib/python3.12/site-packages/airflow/example_dags/tutorial_objectstorage.py
[2025-12-08T07:48:47.510+0000] {processor.py:914} INFO - Processing file /home/airflow/.local/lib/python3.12/site-packages/airflow/example_dags/tutorial_objectstorage.py for tasks to queue
[2025-12-08T07:48:47.518+0000] {logging_mixin.py:190} INFO - [2025-12-08T07:48:47.517+0000] {dagbag.py:587} INFO - Filling up the DagBag from /home/airflow/.local/lib/python3.12/site-packages/airflow/example_dags/tutorial_objectstorage.py
[2025-12-08T07:48:47.557+0000] {processor.py:925} INFO - DAG(s) 'tutorial_objectstorage' retrieved from /home/airflow/.local/lib/python3.12/site-packages/airflow/example_dags/tutorial_objectstorage.py
[2025-12-08T07:48:47.617+0000] {logging_mixin.py:190} INFO - [2025-12-08T07:48:47.617+0000] {dag.py:3211} INFO - Sync 1 DAGs
[2025-12-08T07:48:47.644+0000] {logging_mixin.py:190} INFO - [2025-12-08T07:48:47.644+0000] {dag.py:4138} INFO - Setting next_dagrun for tutorial_objectstorage to None, run_after=None
[2025-12-08T07:48:47.680+0000] {processor.py:208} INFO - Processing /home/airflow/.local/lib/python3.12/site-packages/airflow/example_dags/tutorial_objectstorage.py took 0.190 seconds
[2025-12-08T07:49:17.840+0000] {processor.py:186} INFO - Started process (PID=2898) to work on /home/airflow/.local/lib/python3.12/site-packages/airflow/example_dags/tutorial_objectstorage.py
[2025-12-08T07:49:17.843+0000] {processor.py:914} INFO - Processing file /home/airflow/.local/lib/python3.12/site-packages/airflow/example_dags/tutorial_objectstorage.py for tasks to queue
[2025-12-08T07:49:17.848+0000] {logging_mixin.py:190} INFO - [2025-12-08T07:49:17.847+0000] {dagbag.py:587} INFO - Filling up the DagBag from /home/airflow/.local/lib/python3.12/site-packages/airflow/example_dags/tutorial_objectstorage.py
[2025-12-08T07:49:17.867+0000] {processor.py:925} INFO - DAG(s) 'tutorial_objectstorage' retrieved from /home/airflow/.local/lib/python3.12/site-packages/airflow/example_dags/tutorial_objectstorage.py
[2025-12-08T07:49:17.893+0000] {logging_mixin.py:190} INFO - [2025-12-08T07:49:17.892+0000] {dag.py:3211} INFO - Sync 1 DAGs
[2025-12-08T07:49:18.126+0000] {logging_mixin.py:190} INFO - [2025-12-08T07:49:18.126+0000] {dag.py:4138} INFO - Setting next_dagrun for tutorial_objectstorage to None, run_after=None
[2025-12-08T07:49:18.154+0000] {processor.py:208} INFO - Processing /home/airflow/.local/lib/python3.12/site-packages/airflow/example_dags/tutorial_objectstorage.py took 0.330 seconds
[2025-12-08T07:49:48.404+0000] {processor.py:186} INFO - Started process (PID=2961) to work on /home/airflow/.local/lib/python3.12/site-packages/airflow/example_dags/tutorial_objectstorage.py
[2025-12-08T07:49:48.407+0000] {processor.py:914} INFO - Processing file /home/airflow/.local/lib/python3.12/site-packages/airflow/example_dags/tutorial_objectstorage.py for tasks to queue
[2025-12-08T07:49:48.413+0000] {logging_mixin.py:190} INFO - [2025-12-08T07:49:48.412+0000] {dagbag.py:587} INFO - Filling up the DagBag from /home/airflow/.local/lib/python3.12/site-packages/airflow/example_dags/tutorial_objectstorage.py
[2025-12-08T07:49:48.436+0000] {processor.py:925} INFO - DAG(s) 'tutorial_objectstorage' retrieved from /home/airflow/.local/lib/python3.12/site-packages/airflow/example_dags/tutorial_objectstorage.py
[2025-12-08T07:49:48.475+0000] {logging_mixin.py:190} INFO - [2025-12-08T07:49:48.474+0000] {dag.py:3211} INFO - Sync 1 DAGs
[2025-12-08T07:49:48.814+0000] {logging_mixin.py:190} INFO - [2025-12-08T07:49:48.814+0000] {dag.py:4138} INFO - Setting next_dagrun for tutorial_objectstorage to None, run_after=None
[2025-12-08T07:49:48.847+0000] {processor.py:208} INFO - Processing /home/airflow/.local/lib/python3.12/site-packages/airflow/example_dags/tutorial_objectstorage.py took 0.455 seconds
[2025-12-08T07:50:19.269+0000] {processor.py:186} INFO - Started process (PID=3024) to work on /home/airflow/.local/lib/python3.12/site-packages/airflow/example_dags/tutorial_objectstorage.py
[2025-12-08T07:50:19.271+0000] {processor.py:914} INFO - Processing file /home/airflow/.local/lib/python3.12/site-packages/airflow/example_dags/tutorial_objectstorage.py for tasks to queue
[2025-12-08T07:50:19.276+0000] {logging_mixin.py:190} INFO - [2025-12-08T07:50:19.275+0000] {dagbag.py:587} INFO - Filling up the DagBag from /home/airflow/.local/lib/python3.12/site-packages/airflow/example_dags/tutorial_objectstorage.py
[2025-12-08T07:50:19.291+0000] {processor.py:925} INFO - DAG(s) 'tutorial_objectstorage' retrieved from /home/airflow/.local/lib/python3.12/site-packages/airflow/example_dags/tutorial_objectstorage.py
[2025-12-08T07:50:19.328+0000] {logging_mixin.py:190} INFO - [2025-12-08T07:50:19.327+0000] {dag.py:3211} INFO - Sync 1 DAGs
[2025-12-08T07:50:19.357+0000] {logging_mixin.py:190} INFO - [2025-12-08T07:50:19.356+0000] {dag.py:4138} INFO - Setting next_dagrun for tutorial_objectstorage to None, run_after=None
[2025-12-08T07:50:19.787+0000] {processor.py:208} INFO - Processing /home/airflow/.local/lib/python3.12/site-packages/airflow/example_dags/tutorial_objectstorage.py took 0.529 seconds
[2025-12-08T07:50:50.542+0000] {processor.py:186} INFO - Started process (PID=3087) to work on /home/airflow/.local/lib/python3.12/site-packages/airflow/example_dags/tutorial_objectstorage.py
[2025-12-08T07:50:50.546+0000] {processor.py:914} INFO - Processing file /home/airflow/.local/lib/python3.12/site-packages/airflow/example_dags/tutorial_objectstorage.py for tasks to queue
[2025-12-08T07:50:50.553+0000] {logging_mixin.py:190} INFO - [2025-12-08T07:50:50.552+0000] {dagbag.py:587} INFO - Filling up the DagBag from /home/airflow/.local/lib/python3.12/site-packages/airflow/example_dags/tutorial_objectstorage.py
[2025-12-08T07:50:50.572+0000] {processor.py:925} INFO - DAG(s) 'tutorial_objectstorage' retrieved from /home/airflow/.local/lib/python3.12/site-packages/airflow/example_dags/tutorial_objectstorage.py
[2025-12-08T07:50:50.616+0000] {logging_mixin.py:190} INFO - [2025-12-08T07:50:50.615+0000] {dag.py:3211} INFO - Sync 1 DAGs
[2025-12-08T07:50:50.647+0000] {logging_mixin.py:190} INFO - [2025-12-08T07:50:50.646+0000] {dag.py:4138} INFO - Setting next_dagrun for tutorial_objectstorage to None, run_after=None
[2025-12-08T07:50:50.703+0000] {processor.py:208} INFO - Processing /home/airflow/.local/lib/python3.12/site-packages/airflow/example_dags/tutorial_objectstorage.py took 0.172 seconds
[2025-12-08T07:51:20.829+0000] {processor.py:186} INFO - Started process (PID=3150) to work on /home/airflow/.local/lib/python3.12/site-packages/airflow/example_dags/tutorial_objectstorage.py
[2025-12-08T07:51:20.832+0000] {processor.py:914} INFO - Processing file /home/airflow/.local/lib/python3.12/site-packages/airflow/example_dags/tutorial_objectstorage.py for tasks to queue
[2025-12-08T07:51:20.836+0000] {logging_mixin.py:190} INFO - [2025-12-08T07:51:20.836+0000] {dagbag.py:587} INFO - Filling up the DagBag from /home/airflow/.local/lib/python3.12/site-packages/airflow/example_dags/tutorial_objectstorage.py
[2025-12-08T07:51:20.851+0000] {processor.py:925} INFO - DAG(s) 'tutorial_objectstorage' retrieved from /home/airflow/.local/lib/python3.12/site-packages/airflow/example_dags/tutorial_objectstorage.py
[2025-12-08T07:51:20.880+0000] {logging_mixin.py:190} INFO - [2025-12-08T07:51:20.880+0000] {dag.py:3211} INFO - Sync 1 DAGs
[2025-12-08T07:51:20.898+0000] {logging_mixin.py:190} INFO - [2025-12-08T07:51:20.897+0000] {dag.py:4138} INFO - Setting next_dagrun for tutorial_objectstorage to None, run_after=None
[2025-12-08T07:51:20.926+0000] {processor.py:208} INFO - Processing /home/airflow/.local/lib/python3.12/site-packages/airflow/example_dags/tutorial_objectstorage.py took 0.105 seconds
[2025-12-08T07:51:51.647+0000] {processor.py:186} INFO - Started process (PID=3213) to work on /home/airflow/.local/lib/python3.12/site-packages/airflow/example_dags/tutorial_objectstorage.py
[2025-12-08T07:51:51.649+0000] {processor.py:914} INFO - Processing file /home/airflow/.local/lib/python3.12/site-packages/airflow/example_dags/tutorial_objectstorage.py for tasks to queue
[2025-12-08T07:51:51.652+0000] {logging_mixin.py:190} INFO - [2025-12-08T07:51:51.652+0000] {dagbag.py:587} INFO - Filling up the DagBag from /home/airflow/.local/lib/python3.12/site-packages/airflow/example_dags/tutorial_objectstorage.py
[2025-12-08T07:51:51.663+0000] {processor.py:925} INFO - DAG(s) 'tutorial_objectstorage' retrieved from /home/airflow/.local/lib/python3.12/site-packages/airflow/example_dags/tutorial_objectstorage.py
[2025-12-08T07:51:51.690+0000] {logging_mixin.py:190} INFO - [2025-12-08T07:51:51.690+0000] {dag.py:3211} INFO - Sync 1 DAGs
[2025-12-08T07:51:51.704+0000] {logging_mixin.py:190} INFO - [2025-12-08T07:51:51.704+0000] {dag.py:4138} INFO - Setting next_dagrun for tutorial_objectstorage to None, run_after=None
[2025-12-08T07:51:51.727+0000] {processor.py:208} INFO - Processing /home/airflow/.local/lib/python3.12/site-packages/airflow/example_dags/tutorial_objectstorage.py took 0.089 seconds
[2025-12-08T07:52:22.213+0000] {processor.py:186} INFO - Started process (PID=3276) to work on /home/airflow/.local/lib/python3.12/site-packages/airflow/example_dags/tutorial_objectstorage.py
[2025-12-08T07:52:22.215+0000] {processor.py:914} INFO - Processing file /home/airflow/.local/lib/python3.12/site-packages/airflow/example_dags/tutorial_objectstorage.py for tasks to queue
[2025-12-08T07:52:22.218+0000] {logging_mixin.py:190} INFO - [2025-12-08T07:52:22.217+0000] {dagbag.py:587} INFO - Filling up the DagBag from /home/airflow/.local/lib/python3.12/site-packages/airflow/example_dags/tutorial_objectstorage.py
[2025-12-08T07:52:22.228+0000] {processor.py:925} INFO - DAG(s) 'tutorial_objectstorage' retrieved from /home/airflow/.local/lib/python3.12/site-packages/airflow/example_dags/tutorial_objectstorage.py
[2025-12-08T07:52:22.251+0000] {logging_mixin.py:190} INFO - [2025-12-08T07:52:22.251+0000] {dag.py:3211} INFO - Sync 1 DAGs
[2025-12-08T07:52:22.267+0000] {logging_mixin.py:190} INFO - [2025-12-08T07:52:22.266+0000] {dag.py:4138} INFO - Setting next_dagrun for tutorial_objectstorage to None, run_after=None
[2025-12-08T07:52:22.294+0000] {processor.py:208} INFO - Processing /home/airflow/.local/lib/python3.12/site-packages/airflow/example_dags/tutorial_objectstorage.py took 0.089 seconds
[2025-12-08T07:52:52.891+0000] {processor.py:186} INFO - Started process (PID=3339) to work on /home/airflow/.local/lib/python3.12/site-packages/airflow/example_dags/tutorial_objectstorage.py
[2025-12-08T07:52:52.892+0000] {processor.py:914} INFO - Processing file /home/airflow/.local/lib/python3.12/site-packages/airflow/example_dags/tutorial_objectstorage.py for tasks to queue
[2025-12-08T07:52:52.896+0000] {logging_mixin.py:190} INFO - [2025-12-08T07:52:52.896+0000] {dagbag.py:587} INFO - Filling up the DagBag from /home/airflow/.local/lib/python3.12/site-packages/airflow/example_dags/tutorial_objectstorage.py
[2025-12-08T07:52:52.908+0000] {processor.py:925} INFO - DAG(s) 'tutorial_objectstorage' retrieved from /home/airflow/.local/lib/python3.12/site-packages/airflow/example_dags/tutorial_objectstorage.py
[2025-12-08T07:52:52.933+0000] {logging_mixin.py:190} INFO - [2025-12-08T07:52:52.933+0000] {dag.py:3211} INFO - Sync 1 DAGs
[2025-12-08T07:52:52.950+0000] {logging_mixin.py:190} INFO - [2025-12-08T07:52:52.950+0000] {dag.py:4138} INFO - Setting next_dagrun for tutorial_objectstorage to None, run_after=None
[2025-12-08T07:52:52.976+0000] {processor.py:208} INFO - Processing /home/airflow/.local/lib/python3.12/site-packages/airflow/example_dags/tutorial_objectstorage.py took 0.093 seconds
[2025-12-08T07:53:23.927+0000] {processor.py:186} INFO - Started process (PID=3402) to work on /home/airflow/.local/lib/python3.12/site-packages/airflow/example_dags/tutorial_objectstorage.py
[2025-12-08T07:53:23.929+0000] {processor.py:914} INFO - Processing file /home/airflow/.local/lib/python3.12/site-packages/airflow/example_dags/tutorial_objectstorage.py for tasks to queue
[2025-12-08T07:53:23.932+0000] {logging_mixin.py:190} INFO - [2025-12-08T07:53:23.932+0000] {dagbag.py:587} INFO - Filling up the DagBag from /home/airflow/.local/lib/python3.12/site-packages/airflow/example_dags/tutorial_objectstorage.py
[2025-12-08T07:53:23.953+0000] {processor.py:925} INFO - DAG(s) 'tutorial_objectstorage' retrieved from /home/airflow/.local/lib/python3.12/site-packages/airflow/example_dags/tutorial_objectstorage.py
[2025-12-08T07:53:23.989+0000] {logging_mixin.py:190} INFO - [2025-12-08T07:53:23.988+0000] {dag.py:3211} INFO - Sync 1 DAGs
[2025-12-08T07:53:24.021+0000] {logging_mixin.py:190} INFO - [2025-12-08T07:53:24.020+0000] {dag.py:4138} INFO - Setting next_dagrun for tutorial_objectstorage to None, run_after=None
[2025-12-08T07:53:24.062+0000] {processor.py:208} INFO - Processing /home/airflow/.local/lib/python3.12/site-packages/airflow/example_dags/tutorial_objectstorage.py took 0.145 seconds
[2025-12-08T07:53:54.167+0000] {processor.py:186} INFO - Started process (PID=3465) to work on /home/airflow/.local/lib/python3.12/site-packages/airflow/example_dags/tutorial_objectstorage.py
[2025-12-08T07:53:54.170+0000] {processor.py:914} INFO - Processing file /home/airflow/.local/lib/python3.12/site-packages/airflow/example_dags/tutorial_objectstorage.py for tasks to queue
[2025-12-08T07:53:54.174+0000] {logging_mixin.py:190} INFO - [2025-12-08T07:53:54.173+0000] {dagbag.py:587} INFO - Filling up the DagBag from /home/airflow/.local/lib/python3.12/site-packages/airflow/example_dags/tutorial_objectstorage.py
[2025-12-08T07:53:54.186+0000] {processor.py:925} INFO - DAG(s) 'tutorial_objectstorage' retrieved from /home/airflow/.local/lib/python3.12/site-packages/airflow/example_dags/tutorial_objectstorage.py
[2025-12-08T07:53:54.221+0000] {logging_mixin.py:190} INFO - [2025-12-08T07:53:54.220+0000] {dag.py:3211} INFO - Sync 1 DAGs
[2025-12-08T07:53:54.241+0000] {logging_mixin.py:190} INFO - [2025-12-08T07:53:54.241+0000] {dag.py:4138} INFO - Setting next_dagrun for tutorial_objectstorage to None, run_after=None
[2025-12-08T07:53:54.268+0000] {processor.py:208} INFO - Processing /home/airflow/.local/lib/python3.12/site-packages/airflow/example_dags/tutorial_objectstorage.py took 0.111 seconds
[2025-12-08T07:54:24.757+0000] {processor.py:186} INFO - Started process (PID=3528) to work on /home/airflow/.local/lib/python3.12/site-packages/airflow/example_dags/tutorial_objectstorage.py
[2025-12-08T07:54:24.761+0000] {processor.py:914} INFO - Processing file /home/airflow/.local/lib/python3.12/site-packages/airflow/example_dags/tutorial_objectstorage.py for tasks to queue
[2025-12-08T07:54:24.766+0000] {logging_mixin.py:190} INFO - [2025-12-08T07:54:24.765+0000] {dagbag.py:587} INFO - Filling up the DagBag from /home/airflow/.local/lib/python3.12/site-packages/airflow/example_dags/tutorial_objectstorage.py
[2025-12-08T07:54:24.778+0000] {processor.py:925} INFO - DAG(s) 'tutorial_objectstorage' retrieved from /home/airflow/.local/lib/python3.12/site-packages/airflow/example_dags/tutorial_objectstorage.py
[2025-12-08T07:54:24.804+0000] {logging_mixin.py:190} INFO - [2025-12-08T07:54:24.803+0000] {dag.py:3211} INFO - Sync 1 DAGs
[2025-12-08T07:54:24.822+0000] {logging_mixin.py:190} INFO - [2025-12-08T07:54:24.822+0000] {dag.py:4138} INFO - Setting next_dagrun for tutorial_objectstorage to None, run_after=None
[2025-12-08T07:54:24.851+0000] {processor.py:208} INFO - Processing /home/airflow/.local/lib/python3.12/site-packages/airflow/example_dags/tutorial_objectstorage.py took 0.104 seconds
[2025-12-08T07:54:55.742+0000] {processor.py:186} INFO - Started process (PID=3591) to work on /home/airflow/.local/lib/python3.12/site-packages/airflow/example_dags/tutorial_objectstorage.py
[2025-12-08T07:54:55.745+0000] {processor.py:914} INFO - Processing file /home/airflow/.local/lib/python3.12/site-packages/airflow/example_dags/tutorial_objectstorage.py for tasks to queue
[2025-12-08T07:54:55.748+0000] {logging_mixin.py:190} INFO - [2025-12-08T07:54:55.748+0000] {dagbag.py:587} INFO - Filling up the DagBag from /home/airflow/.local/lib/python3.12/site-packages/airflow/example_dags/tutorial_objectstorage.py
[2025-12-08T07:54:55.760+0000] {processor.py:925} INFO - DAG(s) 'tutorial_objectstorage' retrieved from /home/airflow/.local/lib/python3.12/site-packages/airflow/example_dags/tutorial_objectstorage.py
[2025-12-08T07:54:55.787+0000] {logging_mixin.py:190} INFO - [2025-12-08T07:54:55.787+0000] {dag.py:3211} INFO - Sync 1 DAGs
[2025-12-08T07:54:55.806+0000] {logging_mixin.py:190} INFO - [2025-12-08T07:54:55.805+0000] {dag.py:4138} INFO - Setting next_dagrun for tutorial_objectstorage to None, run_after=None
[2025-12-08T07:54:55.834+0000] {processor.py:208} INFO - Processing /home/airflow/.local/lib/python3.12/site-packages/airflow/example_dags/tutorial_objectstorage.py took 0.100 seconds
[2025-12-08T07:55:26.199+0000] {processor.py:186} INFO - Started process (PID=3654) to work on /home/airflow/.local/lib/python3.12/site-packages/airflow/example_dags/tutorial_objectstorage.py
[2025-12-08T07:55:26.201+0000] {processor.py:914} INFO - Processing file /home/airflow/.local/lib/python3.12/site-packages/airflow/example_dags/tutorial_objectstorage.py for tasks to queue
[2025-12-08T07:55:26.211+0000] {logging_mixin.py:190} INFO - [2025-12-08T07:55:26.210+0000] {dagbag.py:587} INFO - Filling up the DagBag from /home/airflow/.local/lib/python3.12/site-packages/airflow/example_dags/tutorial_objectstorage.py
[2025-12-08T07:55:26.233+0000] {processor.py:925} INFO - DAG(s) 'tutorial_objectstorage' retrieved from /home/airflow/.local/lib/python3.12/site-packages/airflow/example_dags/tutorial_objectstorage.py
[2025-12-08T07:55:26.285+0000] {logging_mixin.py:190} INFO - [2025-12-08T07:55:26.285+0000] {dag.py:3211} INFO - Sync 1 DAGs
[2025-12-08T07:55:26.345+0000] {logging_mixin.py:190} INFO - [2025-12-08T07:55:26.344+0000] {dag.py:4138} INFO - Setting next_dagrun for tutorial_objectstorage to None, run_after=None
[2025-12-08T07:55:26.393+0000] {processor.py:208} INFO - Processing /home/airflow/.local/lib/python3.12/site-packages/airflow/example_dags/tutorial_objectstorage.py took 0.206 seconds
[2025-12-08T07:55:56.671+0000] {processor.py:186} INFO - Started process (PID=3718) to work on /home/airflow/.local/lib/python3.12/site-packages/airflow/example_dags/tutorial_objectstorage.py
[2025-12-08T07:55:56.672+0000] {processor.py:914} INFO - Processing file /home/airflow/.local/lib/python3.12/site-packages/airflow/example_dags/tutorial_objectstorage.py for tasks to queue
[2025-12-08T07:55:56.675+0000] {logging_mixin.py:190} INFO - [2025-12-08T07:55:56.675+0000] {dagbag.py:587} INFO - Filling up the DagBag from /home/airflow/.local/lib/python3.12/site-packages/airflow/example_dags/tutorial_objectstorage.py
[2025-12-08T07:55:56.686+0000] {processor.py:925} INFO - DAG(s) 'tutorial_objectstorage' retrieved from /home/airflow/.local/lib/python3.12/site-packages/airflow/example_dags/tutorial_objectstorage.py
[2025-12-08T07:55:56.714+0000] {logging_mixin.py:190} INFO - [2025-12-08T07:55:56.713+0000] {dag.py:3211} INFO - Sync 1 DAGs
[2025-12-08T07:55:56.734+0000] {logging_mixin.py:190} INFO - [2025-12-08T07:55:56.734+0000] {dag.py:4138} INFO - Setting next_dagrun for tutorial_objectstorage to None, run_after=None
[2025-12-08T07:55:56.762+0000] {processor.py:208} INFO - Processing /home/airflow/.local/lib/python3.12/site-packages/airflow/example_dags/tutorial_objectstorage.py took 0.099 seconds
[2025-12-08T07:56:27.061+0000] {processor.py:186} INFO - Started process (PID=3782) to work on /home/airflow/.local/lib/python3.12/site-packages/airflow/example_dags/tutorial_objectstorage.py
[2025-12-08T07:56:27.063+0000] {processor.py:914} INFO - Processing file /home/airflow/.local/lib/python3.12/site-packages/airflow/example_dags/tutorial_objectstorage.py for tasks to queue
[2025-12-08T07:56:27.067+0000] {logging_mixin.py:190} INFO - [2025-12-08T07:56:27.066+0000] {dagbag.py:587} INFO - Filling up the DagBag from /home/airflow/.local/lib/python3.12/site-packages/airflow/example_dags/tutorial_objectstorage.py
[2025-12-08T07:56:27.077+0000] {processor.py:925} INFO - DAG(s) 'tutorial_objectstorage' retrieved from /home/airflow/.local/lib/python3.12/site-packages/airflow/example_dags/tutorial_objectstorage.py
[2025-12-08T07:56:27.105+0000] {logging_mixin.py:190} INFO - [2025-12-08T07:56:27.104+0000] {dag.py:3211} INFO - Sync 1 DAGs
[2025-12-08T07:56:27.123+0000] {logging_mixin.py:190} INFO - [2025-12-08T07:56:27.123+0000] {dag.py:4138} INFO - Setting next_dagrun for tutorial_objectstorage to None, run_after=None
[2025-12-08T07:56:27.151+0000] {processor.py:208} INFO - Processing /home/airflow/.local/lib/python3.12/site-packages/airflow/example_dags/tutorial_objectstorage.py took 0.104 seconds
[2025-12-08T07:56:57.900+0000] {processor.py:186} INFO - Started process (PID=3845) to work on /home/airflow/.local/lib/python3.12/site-packages/airflow/example_dags/tutorial_objectstorage.py
[2025-12-08T07:56:57.901+0000] {processor.py:914} INFO - Processing file /home/airflow/.local/lib/python3.12/site-packages/airflow/example_dags/tutorial_objectstorage.py for tasks to queue
[2025-12-08T07:56:57.905+0000] {logging_mixin.py:190} INFO - [2025-12-08T07:56:57.905+0000] {dagbag.py:587} INFO - Filling up the DagBag from /home/airflow/.local/lib/python3.12/site-packages/airflow/example_dags/tutorial_objectstorage.py
[2025-12-08T07:56:57.917+0000] {processor.py:925} INFO - DAG(s) 'tutorial_objectstorage' retrieved from /home/airflow/.local/lib/python3.12/site-packages/airflow/example_dags/tutorial_objectstorage.py
[2025-12-08T07:56:57.949+0000] {logging_mixin.py:190} INFO - [2025-12-08T07:56:57.949+0000] {dag.py:3211} INFO - Sync 1 DAGs
[2025-12-08T07:56:57.979+0000] {logging_mixin.py:190} INFO - [2025-12-08T07:56:57.978+0000] {dag.py:4138} INFO - Setting next_dagrun for tutorial_objectstorage to None, run_after=None
[2025-12-08T07:56:58.010+0000] {processor.py:208} INFO - Processing /home/airflow/.local/lib/python3.12/site-packages/airflow/example_dags/tutorial_objectstorage.py took 0.119 seconds
[2025-12-08T07:57:28.704+0000] {processor.py:186} INFO - Started process (PID=3908) to work on /home/airflow/.local/lib/python3.12/site-packages/airflow/example_dags/tutorial_objectstorage.py
[2025-12-08T07:57:28.706+0000] {processor.py:914} INFO - Processing file /home/airflow/.local/lib/python3.12/site-packages/airflow/example_dags/tutorial_objectstorage.py for tasks to queue
[2025-12-08T07:57:28.711+0000] {logging_mixin.py:190} INFO - [2025-12-08T07:57:28.710+0000] {dagbag.py:587} INFO - Filling up the DagBag from /home/airflow/.local/lib/python3.12/site-packages/airflow/example_dags/tutorial_objectstorage.py
[2025-12-08T07:57:28.722+0000] {processor.py:925} INFO - DAG(s) 'tutorial_objectstorage' retrieved from /home/airflow/.local/lib/python3.12/site-packages/airflow/example_dags/tutorial_objectstorage.py
[2025-12-08T07:57:28.751+0000] {logging_mixin.py:190} INFO - [2025-12-08T07:57:28.751+0000] {dag.py:3211} INFO - Sync 1 DAGs
[2025-12-08T07:57:28.768+0000] {logging_mixin.py:190} INFO - [2025-12-08T07:57:28.767+0000] {dag.py:4138} INFO - Setting next_dagrun for tutorial_objectstorage to None, run_after=None
[2025-12-08T07:57:28.799+0000] {processor.py:208} INFO - Processing /home/airflow/.local/lib/python3.12/site-packages/airflow/example_dags/tutorial_objectstorage.py took 0.103 seconds
[2025-12-08T07:57:59.099+0000] {processor.py:186} INFO - Started process (PID=3972) to work on /home/airflow/.local/lib/python3.12/site-packages/airflow/example_dags/tutorial_objectstorage.py
[2025-12-08T07:57:59.101+0000] {processor.py:914} INFO - Processing file /home/airflow/.local/lib/python3.12/site-packages/airflow/example_dags/tutorial_objectstorage.py for tasks to queue
[2025-12-08T07:57:59.106+0000] {logging_mixin.py:190} INFO - [2025-12-08T07:57:59.105+0000] {dagbag.py:587} INFO - Filling up the DagBag from /home/airflow/.local/lib/python3.12/site-packages/airflow/example_dags/tutorial_objectstorage.py
[2025-12-08T07:57:59.122+0000] {processor.py:925} INFO - DAG(s) 'tutorial_objectstorage' retrieved from /home/airflow/.local/lib/python3.12/site-packages/airflow/example_dags/tutorial_objectstorage.py
[2025-12-08T07:57:59.174+0000] {logging_mixin.py:190} INFO - [2025-12-08T07:57:59.173+0000] {dag.py:3211} INFO - Sync 1 DAGs
[2025-12-08T07:57:59.209+0000] {logging_mixin.py:190} INFO - [2025-12-08T07:57:59.209+0000] {dag.py:4138} INFO - Setting next_dagrun for tutorial_objectstorage to None, run_after=None
[2025-12-08T07:57:59.260+0000] {processor.py:208} INFO - Processing /home/airflow/.local/lib/python3.12/site-packages/airflow/example_dags/tutorial_objectstorage.py took 0.169 seconds
[2025-12-08T07:58:30.099+0000] {processor.py:186} INFO - Started process (PID=4035) to work on /home/airflow/.local/lib/python3.12/site-packages/airflow/example_dags/tutorial_objectstorage.py
[2025-12-08T07:58:30.101+0000] {processor.py:914} INFO - Processing file /home/airflow/.local/lib/python3.12/site-packages/airflow/example_dags/tutorial_objectstorage.py for tasks to queue
[2025-12-08T07:58:30.107+0000] {logging_mixin.py:190} INFO - [2025-12-08T07:58:30.107+0000] {dagbag.py:587} INFO - Filling up the DagBag from /home/airflow/.local/lib/python3.12/site-packages/airflow/example_dags/tutorial_objectstorage.py
[2025-12-08T07:58:30.124+0000] {processor.py:925} INFO - DAG(s) 'tutorial_objectstorage' retrieved from /home/airflow/.local/lib/python3.12/site-packages/airflow/example_dags/tutorial_objectstorage.py
[2025-12-08T07:58:30.153+0000] {logging_mixin.py:190} INFO - [2025-12-08T07:58:30.153+0000] {dag.py:3211} INFO - Sync 1 DAGs
[2025-12-08T07:58:30.178+0000] {logging_mixin.py:190} INFO - [2025-12-08T07:58:30.178+0000] {dag.py:4138} INFO - Setting next_dagrun for tutorial_objectstorage to None, run_after=None
[2025-12-08T07:58:30.204+0000] {processor.py:208} INFO - Processing /home/airflow/.local/lib/python3.12/site-packages/airflow/example_dags/tutorial_objectstorage.py took 0.112 seconds
[2025-12-08T07:59:00.440+0000] {processor.py:186} INFO - Started process (PID=4099) to work on /home/airflow/.local/lib/python3.12/site-packages/airflow/example_dags/tutorial_objectstorage.py
[2025-12-08T07:59:00.442+0000] {processor.py:914} INFO - Processing file /home/airflow/.local/lib/python3.12/site-packages/airflow/example_dags/tutorial_objectstorage.py for tasks to queue
[2025-12-08T07:59:00.446+0000] {logging_mixin.py:190} INFO - [2025-12-08T07:59:00.445+0000] {dagbag.py:587} INFO - Filling up the DagBag from /home/airflow/.local/lib/python3.12/site-packages/airflow/example_dags/tutorial_objectstorage.py
[2025-12-08T07:59:00.457+0000] {processor.py:925} INFO - DAG(s) 'tutorial_objectstorage' retrieved from /home/airflow/.local/lib/python3.12/site-packages/airflow/example_dags/tutorial_objectstorage.py
[2025-12-08T07:59:00.481+0000] {logging_mixin.py:190} INFO - [2025-12-08T07:59:00.481+0000] {dag.py:3211} INFO - Sync 1 DAGs
[2025-12-08T07:59:00.496+0000] {logging_mixin.py:190} INFO - [2025-12-08T07:59:00.496+0000] {dag.py:4138} INFO - Setting next_dagrun for tutorial_objectstorage to None, run_after=None
[2025-12-08T07:59:00.523+0000] {processor.py:208} INFO - Processing /home/airflow/.local/lib/python3.12/site-packages/airflow/example_dags/tutorial_objectstorage.py took 0.098 seconds
[2025-12-08T07:59:30.952+0000] {processor.py:186} INFO - Started process (PID=4168) to work on /home/airflow/.local/lib/python3.12/site-packages/airflow/example_dags/tutorial_objectstorage.py
[2025-12-08T07:59:30.953+0000] {processor.py:914} INFO - Processing file /home/airflow/.local/lib/python3.12/site-packages/airflow/example_dags/tutorial_objectstorage.py for tasks to queue
[2025-12-08T07:59:30.957+0000] {logging_mixin.py:190} INFO - [2025-12-08T07:59:30.957+0000] {dagbag.py:587} INFO - Filling up the DagBag from /home/airflow/.local/lib/python3.12/site-packages/airflow/example_dags/tutorial_objectstorage.py
[2025-12-08T07:59:30.968+0000] {processor.py:925} INFO - DAG(s) 'tutorial_objectstorage' retrieved from /home/airflow/.local/lib/python3.12/site-packages/airflow/example_dags/tutorial_objectstorage.py
[2025-12-08T07:59:30.992+0000] {logging_mixin.py:190} INFO - [2025-12-08T07:59:30.992+0000] {dag.py:3211} INFO - Sync 1 DAGs
[2025-12-08T07:59:31.008+0000] {logging_mixin.py:190} INFO - [2025-12-08T07:59:31.007+0000] {dag.py:4138} INFO - Setting next_dagrun for tutorial_objectstorage to None, run_after=None
[2025-12-08T07:59:31.032+0000] {processor.py:208} INFO - Processing /home/airflow/.local/lib/python3.12/site-packages/airflow/example_dags/tutorial_objectstorage.py took 0.086 seconds
[2025-12-08T08:00:01.308+0000] {processor.py:186} INFO - Started process (PID=4231) to work on /home/airflow/.local/lib/python3.12/site-packages/airflow/example_dags/tutorial_objectstorage.py
[2025-12-08T08:00:01.309+0000] {processor.py:914} INFO - Processing file /home/airflow/.local/lib/python3.12/site-packages/airflow/example_dags/tutorial_objectstorage.py for tasks to queue
[2025-12-08T08:00:01.312+0000] {logging_mixin.py:190} INFO - [2025-12-08T08:00:01.312+0000] {dagbag.py:587} INFO - Filling up the DagBag from /home/airflow/.local/lib/python3.12/site-packages/airflow/example_dags/tutorial_objectstorage.py
[2025-12-08T08:00:01.324+0000] {processor.py:925} INFO - DAG(s) 'tutorial_objectstorage' retrieved from /home/airflow/.local/lib/python3.12/site-packages/airflow/example_dags/tutorial_objectstorage.py
[2025-12-08T08:00:01.349+0000] {logging_mixin.py:190} INFO - [2025-12-08T08:00:01.349+0000] {dag.py:3211} INFO - Sync 1 DAGs
[2025-12-08T08:00:01.364+0000] {logging_mixin.py:190} INFO - [2025-12-08T08:00:01.364+0000] {dag.py:4138} INFO - Setting next_dagrun for tutorial_objectstorage to None, run_after=None
[2025-12-08T08:00:01.392+0000] {processor.py:208} INFO - Processing /home/airflow/.local/lib/python3.12/site-packages/airflow/example_dags/tutorial_objectstorage.py took 0.090 seconds
[2025-12-08T08:00:31.505+0000] {processor.py:186} INFO - Started process (PID=4294) to work on /home/airflow/.local/lib/python3.12/site-packages/airflow/example_dags/tutorial_objectstorage.py
[2025-12-08T08:00:31.507+0000] {processor.py:914} INFO - Processing file /home/airflow/.local/lib/python3.12/site-packages/airflow/example_dags/tutorial_objectstorage.py for tasks to queue
[2025-12-08T08:00:31.510+0000] {logging_mixin.py:190} INFO - [2025-12-08T08:00:31.510+0000] {dagbag.py:587} INFO - Filling up the DagBag from /home/airflow/.local/lib/python3.12/site-packages/airflow/example_dags/tutorial_objectstorage.py
[2025-12-08T08:00:31.523+0000] {processor.py:925} INFO - DAG(s) 'tutorial_objectstorage' retrieved from /home/airflow/.local/lib/python3.12/site-packages/airflow/example_dags/tutorial_objectstorage.py
[2025-12-08T08:00:31.549+0000] {logging_mixin.py:190} INFO - [2025-12-08T08:00:31.548+0000] {dag.py:3211} INFO - Sync 1 DAGs
[2025-12-08T08:00:31.568+0000] {logging_mixin.py:190} INFO - [2025-12-08T08:00:31.567+0000] {dag.py:4138} INFO - Setting next_dagrun for tutorial_objectstorage to None, run_after=None
[2025-12-08T08:00:31.591+0000] {processor.py:208} INFO - Processing /home/airflow/.local/lib/python3.12/site-packages/airflow/example_dags/tutorial_objectstorage.py took 0.097 seconds
[2025-12-08T08:01:02.007+0000] {processor.py:186} INFO - Started process (PID=4357) to work on /home/airflow/.local/lib/python3.12/site-packages/airflow/example_dags/tutorial_objectstorage.py
[2025-12-08T08:01:02.009+0000] {processor.py:914} INFO - Processing file /home/airflow/.local/lib/python3.12/site-packages/airflow/example_dags/tutorial_objectstorage.py for tasks to queue
[2025-12-08T08:01:02.013+0000] {logging_mixin.py:190} INFO - [2025-12-08T08:01:02.012+0000] {dagbag.py:587} INFO - Filling up the DagBag from /home/airflow/.local/lib/python3.12/site-packages/airflow/example_dags/tutorial_objectstorage.py
[2025-12-08T08:01:02.026+0000] {processor.py:925} INFO - DAG(s) 'tutorial_objectstorage' retrieved from /home/airflow/.local/lib/python3.12/site-packages/airflow/example_dags/tutorial_objectstorage.py
[2025-12-08T08:01:02.054+0000] {logging_mixin.py:190} INFO - [2025-12-08T08:01:02.053+0000] {dag.py:3211} INFO - Sync 1 DAGs
[2025-12-08T08:01:02.072+0000] {logging_mixin.py:190} INFO - [2025-12-08T08:01:02.072+0000] {dag.py:4138} INFO - Setting next_dagrun for tutorial_objectstorage to None, run_after=None
[2025-12-08T08:01:02.098+0000] {processor.py:208} INFO - Processing /home/airflow/.local/lib/python3.12/site-packages/airflow/example_dags/tutorial_objectstorage.py took 0.099 seconds
[2025-12-08T08:01:32.384+0000] {processor.py:186} INFO - Started process (PID=4420) to work on /home/airflow/.local/lib/python3.12/site-packages/airflow/example_dags/tutorial_objectstorage.py
[2025-12-08T08:01:32.386+0000] {processor.py:914} INFO - Processing file /home/airflow/.local/lib/python3.12/site-packages/airflow/example_dags/tutorial_objectstorage.py for tasks to queue
[2025-12-08T08:01:32.390+0000] {logging_mixin.py:190} INFO - [2025-12-08T08:01:32.389+0000] {dagbag.py:587} INFO - Filling up the DagBag from /home/airflow/.local/lib/python3.12/site-packages/airflow/example_dags/tutorial_objectstorage.py
[2025-12-08T08:01:32.403+0000] {processor.py:925} INFO - DAG(s) 'tutorial_objectstorage' retrieved from /home/airflow/.local/lib/python3.12/site-packages/airflow/example_dags/tutorial_objectstorage.py
[2025-12-08T08:01:32.432+0000] {logging_mixin.py:190} INFO - [2025-12-08T08:01:32.432+0000] {dag.py:3211} INFO - Sync 1 DAGs
[2025-12-08T08:01:32.448+0000] {logging_mixin.py:190} INFO - [2025-12-08T08:01:32.448+0000] {dag.py:4138} INFO - Setting next_dagrun for tutorial_objectstorage to None, run_after=None
[2025-12-08T08:01:32.477+0000] {processor.py:208} INFO - Processing /home/airflow/.local/lib/python3.12/site-packages/airflow/example_dags/tutorial_objectstorage.py took 0.100 seconds
[2025-12-08T08:02:02.744+0000] {processor.py:186} INFO - Started process (PID=4483) to work on /home/airflow/.local/lib/python3.12/site-packages/airflow/example_dags/tutorial_objectstorage.py
[2025-12-08T08:02:02.746+0000] {processor.py:914} INFO - Processing file /home/airflow/.local/lib/python3.12/site-packages/airflow/example_dags/tutorial_objectstorage.py for tasks to queue
[2025-12-08T08:02:02.750+0000] {logging_mixin.py:190} INFO - [2025-12-08T08:02:02.750+0000] {dagbag.py:587} INFO - Filling up the DagBag from /home/airflow/.local/lib/python3.12/site-packages/airflow/example_dags/tutorial_objectstorage.py
[2025-12-08T08:02:02.765+0000] {processor.py:925} INFO - DAG(s) 'tutorial_objectstorage' retrieved from /home/airflow/.local/lib/python3.12/site-packages/airflow/example_dags/tutorial_objectstorage.py
[2025-12-08T08:02:02.789+0000] {logging_mixin.py:190} INFO - [2025-12-08T08:02:02.789+0000] {dag.py:3211} INFO - Sync 1 DAGs
[2025-12-08T08:02:02.804+0000] {logging_mixin.py:190} INFO - [2025-12-08T08:02:02.804+0000] {dag.py:4138} INFO - Setting next_dagrun for tutorial_objectstorage to None, run_after=None
[2025-12-08T08:02:02.825+0000] {processor.py:208} INFO - Processing /home/airflow/.local/lib/python3.12/site-packages/airflow/example_dags/tutorial_objectstorage.py took 0.091 seconds
[2025-12-08T08:02:33.215+0000] {processor.py:186} INFO - Started process (PID=4546) to work on /home/airflow/.local/lib/python3.12/site-packages/airflow/example_dags/tutorial_objectstorage.py
[2025-12-08T08:02:33.217+0000] {processor.py:914} INFO - Processing file /home/airflow/.local/lib/python3.12/site-packages/airflow/example_dags/tutorial_objectstorage.py for tasks to queue
[2025-12-08T08:02:33.221+0000] {logging_mixin.py:190} INFO - [2025-12-08T08:02:33.220+0000] {dagbag.py:587} INFO - Filling up the DagBag from /home/airflow/.local/lib/python3.12/site-packages/airflow/example_dags/tutorial_objectstorage.py
[2025-12-08T08:02:33.233+0000] {processor.py:925} INFO - DAG(s) 'tutorial_objectstorage' retrieved from /home/airflow/.local/lib/python3.12/site-packages/airflow/example_dags/tutorial_objectstorage.py
[2025-12-08T08:02:33.260+0000] {logging_mixin.py:190} INFO - [2025-12-08T08:02:33.260+0000] {dag.py:3211} INFO - Sync 1 DAGs
[2025-12-08T08:02:33.275+0000] {logging_mixin.py:190} INFO - [2025-12-08T08:02:33.275+0000] {dag.py:4138} INFO - Setting next_dagrun for tutorial_objectstorage to None, run_after=None
[2025-12-08T08:02:33.302+0000] {processor.py:208} INFO - Processing /home/airflow/.local/lib/python3.12/site-packages/airflow/example_dags/tutorial_objectstorage.py took 0.096 seconds
[2025-12-08T08:03:03.768+0000] {processor.py:186} INFO - Started process (PID=4609) to work on /home/airflow/.local/lib/python3.12/site-packages/airflow/example_dags/tutorial_objectstorage.py
[2025-12-08T08:03:03.770+0000] {processor.py:914} INFO - Processing file /home/airflow/.local/lib/python3.12/site-packages/airflow/example_dags/tutorial_objectstorage.py for tasks to queue
[2025-12-08T08:03:03.773+0000] {logging_mixin.py:190} INFO - [2025-12-08T08:03:03.773+0000] {dagbag.py:587} INFO - Filling up the DagBag from /home/airflow/.local/lib/python3.12/site-packages/airflow/example_dags/tutorial_objectstorage.py
[2025-12-08T08:03:03.791+0000] {processor.py:925} INFO - DAG(s) 'tutorial_objectstorage' retrieved from /home/airflow/.local/lib/python3.12/site-packages/airflow/example_dags/tutorial_objectstorage.py
[2025-12-08T08:03:03.820+0000] {logging_mixin.py:190} INFO - [2025-12-08T08:03:03.820+0000] {dag.py:3211} INFO - Sync 1 DAGs
[2025-12-08T08:03:03.837+0000] {logging_mixin.py:190} INFO - [2025-12-08T08:03:03.837+0000] {dag.py:4138} INFO - Setting next_dagrun for tutorial_objectstorage to None, run_after=None
[2025-12-08T08:03:03.869+0000] {processor.py:208} INFO - Processing /home/airflow/.local/lib/python3.12/site-packages/airflow/example_dags/tutorial_objectstorage.py took 0.109 seconds
[2025-12-08T08:03:34.245+0000] {processor.py:186} INFO - Started process (PID=4672) to work on /home/airflow/.local/lib/python3.12/site-packages/airflow/example_dags/tutorial_objectstorage.py
[2025-12-08T08:03:34.250+0000] {processor.py:914} INFO - Processing file /home/airflow/.local/lib/python3.12/site-packages/airflow/example_dags/tutorial_objectstorage.py for tasks to queue
[2025-12-08T08:03:34.256+0000] {logging_mixin.py:190} INFO - [2025-12-08T08:03:34.255+0000] {dagbag.py:587} INFO - Filling up the DagBag from /home/airflow/.local/lib/python3.12/site-packages/airflow/example_dags/tutorial_objectstorage.py
[2025-12-08T08:03:34.289+0000] {processor.py:925} INFO - DAG(s) 'tutorial_objectstorage' retrieved from /home/airflow/.local/lib/python3.12/site-packages/airflow/example_dags/tutorial_objectstorage.py
[2025-12-08T08:03:34.348+0000] {logging_mixin.py:190} INFO - [2025-12-08T08:03:34.347+0000] {dag.py:3211} INFO - Sync 1 DAGs
[2025-12-08T08:03:34.373+0000] {logging_mixin.py:190} INFO - [2025-12-08T08:03:34.372+0000] {dag.py:4138} INFO - Setting next_dagrun for tutorial_objectstorage to None, run_after=None
[2025-12-08T08:03:34.417+0000] {processor.py:208} INFO - Processing /home/airflow/.local/lib/python3.12/site-packages/airflow/example_dags/tutorial_objectstorage.py took 0.187 seconds
[2025-12-08T08:04:04.570+0000] {processor.py:186} INFO - Started process (PID=4735) to work on /home/airflow/.local/lib/python3.12/site-packages/airflow/example_dags/tutorial_objectstorage.py
[2025-12-08T08:04:04.573+0000] {processor.py:914} INFO - Processing file /home/airflow/.local/lib/python3.12/site-packages/airflow/example_dags/tutorial_objectstorage.py for tasks to queue
[2025-12-08T08:04:04.578+0000] {logging_mixin.py:190} INFO - [2025-12-08T08:04:04.577+0000] {dagbag.py:587} INFO - Filling up the DagBag from /home/airflow/.local/lib/python3.12/site-packages/airflow/example_dags/tutorial_objectstorage.py
[2025-12-08T08:04:04.594+0000] {processor.py:925} INFO - DAG(s) 'tutorial_objectstorage' retrieved from /home/airflow/.local/lib/python3.12/site-packages/airflow/example_dags/tutorial_objectstorage.py
[2025-12-08T08:04:04.655+0000] {logging_mixin.py:190} INFO - [2025-12-08T08:04:04.654+0000] {dag.py:3211} INFO - Sync 1 DAGs
[2025-12-08T08:04:04.688+0000] {logging_mixin.py:190} INFO - [2025-12-08T08:04:04.688+0000] {dag.py:4138} INFO - Setting next_dagrun for tutorial_objectstorage to None, run_after=None
[2025-12-08T08:04:04.750+0000] {processor.py:208} INFO - Processing /home/airflow/.local/lib/python3.12/site-packages/airflow/example_dags/tutorial_objectstorage.py took 0.189 seconds
[2025-12-08T08:04:35.042+0000] {processor.py:186} INFO - Started process (PID=4798) to work on /home/airflow/.local/lib/python3.12/site-packages/airflow/example_dags/tutorial_objectstorage.py
[2025-12-08T08:04:35.044+0000] {processor.py:914} INFO - Processing file /home/airflow/.local/lib/python3.12/site-packages/airflow/example_dags/tutorial_objectstorage.py for tasks to queue
[2025-12-08T08:04:35.048+0000] {logging_mixin.py:190} INFO - [2025-12-08T08:04:35.048+0000] {dagbag.py:587} INFO - Filling up the DagBag from /home/airflow/.local/lib/python3.12/site-packages/airflow/example_dags/tutorial_objectstorage.py
[2025-12-08T08:04:35.062+0000] {processor.py:925} INFO - DAG(s) 'tutorial_objectstorage' retrieved from /home/airflow/.local/lib/python3.12/site-packages/airflow/example_dags/tutorial_objectstorage.py
[2025-12-08T08:04:35.092+0000] {logging_mixin.py:190} INFO - [2025-12-08T08:04:35.092+0000] {dag.py:3211} INFO - Sync 1 DAGs
[2025-12-08T08:04:35.113+0000] {logging_mixin.py:190} INFO - [2025-12-08T08:04:35.112+0000] {dag.py:4138} INFO - Setting next_dagrun for tutorial_objectstorage to None, run_after=None
[2025-12-08T08:04:35.138+0000] {processor.py:208} INFO - Processing /home/airflow/.local/lib/python3.12/site-packages/airflow/example_dags/tutorial_objectstorage.py took 0.106 seconds
[2025-12-08T08:05:05.483+0000] {processor.py:186} INFO - Started process (PID=4861) to work on /home/airflow/.local/lib/python3.12/site-packages/airflow/example_dags/tutorial_objectstorage.py
[2025-12-08T08:05:05.487+0000] {processor.py:914} INFO - Processing file /home/airflow/.local/lib/python3.12/site-packages/airflow/example_dags/tutorial_objectstorage.py for tasks to queue
[2025-12-08T08:05:05.493+0000] {logging_mixin.py:190} INFO - [2025-12-08T08:05:05.492+0000] {dagbag.py:587} INFO - Filling up the DagBag from /home/airflow/.local/lib/python3.12/site-packages/airflow/example_dags/tutorial_objectstorage.py
[2025-12-08T08:05:05.509+0000] {processor.py:925} INFO - DAG(s) 'tutorial_objectstorage' retrieved from /home/airflow/.local/lib/python3.12/site-packages/airflow/example_dags/tutorial_objectstorage.py
[2025-12-08T08:05:05.543+0000] {logging_mixin.py:190} INFO - [2025-12-08T08:05:05.542+0000] {dag.py:3211} INFO - Sync 1 DAGs
[2025-12-08T08:05:05.561+0000] {logging_mixin.py:190} INFO - [2025-12-08T08:05:05.560+0000] {dag.py:4138} INFO - Setting next_dagrun for tutorial_objectstorage to None, run_after=None
[2025-12-08T08:05:05.594+0000] {processor.py:208} INFO - Processing /home/airflow/.local/lib/python3.12/site-packages/airflow/example_dags/tutorial_objectstorage.py took 0.125 seconds
[2025-12-08T08:05:36.304+0000] {processor.py:186} INFO - Started process (PID=4924) to work on /home/airflow/.local/lib/python3.12/site-packages/airflow/example_dags/tutorial_objectstorage.py
[2025-12-08T08:05:36.306+0000] {processor.py:914} INFO - Processing file /home/airflow/.local/lib/python3.12/site-packages/airflow/example_dags/tutorial_objectstorage.py for tasks to queue
[2025-12-08T08:05:36.311+0000] {logging_mixin.py:190} INFO - [2025-12-08T08:05:36.311+0000] {dagbag.py:587} INFO - Filling up the DagBag from /home/airflow/.local/lib/python3.12/site-packages/airflow/example_dags/tutorial_objectstorage.py
[2025-12-08T08:05:36.325+0000] {processor.py:925} INFO - DAG(s) 'tutorial_objectstorage' retrieved from /home/airflow/.local/lib/python3.12/site-packages/airflow/example_dags/tutorial_objectstorage.py
[2025-12-08T08:05:36.354+0000] {logging_mixin.py:190} INFO - [2025-12-08T08:05:36.354+0000] {dag.py:3211} INFO - Sync 1 DAGs
[2025-12-08T08:05:36.374+0000] {logging_mixin.py:190} INFO - [2025-12-08T08:05:36.374+0000] {dag.py:4138} INFO - Setting next_dagrun for tutorial_objectstorage to None, run_after=None
[2025-12-08T08:05:36.402+0000] {processor.py:208} INFO - Processing /home/airflow/.local/lib/python3.12/site-packages/airflow/example_dags/tutorial_objectstorage.py took 0.107 seconds
[2025-12-08T08:06:07.038+0000] {processor.py:186} INFO - Started process (PID=4987) to work on /home/airflow/.local/lib/python3.12/site-packages/airflow/example_dags/tutorial_objectstorage.py
[2025-12-08T08:06:07.040+0000] {processor.py:914} INFO - Processing file /home/airflow/.local/lib/python3.12/site-packages/airflow/example_dags/tutorial_objectstorage.py for tasks to queue
[2025-12-08T08:06:07.045+0000] {logging_mixin.py:190} INFO - [2025-12-08T08:06:07.044+0000] {dagbag.py:587} INFO - Filling up the DagBag from /home/airflow/.local/lib/python3.12/site-packages/airflow/example_dags/tutorial_objectstorage.py
[2025-12-08T08:06:07.065+0000] {processor.py:925} INFO - DAG(s) 'tutorial_objectstorage' retrieved from /home/airflow/.local/lib/python3.12/site-packages/airflow/example_dags/tutorial_objectstorage.py
[2025-12-08T08:06:07.098+0000] {logging_mixin.py:190} INFO - [2025-12-08T08:06:07.097+0000] {dag.py:3211} INFO - Sync 1 DAGs
[2025-12-08T08:06:07.116+0000] {logging_mixin.py:190} INFO - [2025-12-08T08:06:07.115+0000] {dag.py:4138} INFO - Setting next_dagrun for tutorial_objectstorage to None, run_after=None
[2025-12-08T08:06:07.150+0000] {processor.py:208} INFO - Processing /home/airflow/.local/lib/python3.12/site-packages/airflow/example_dags/tutorial_objectstorage.py took 0.121 seconds
[2025-12-08T08:06:37.420+0000] {processor.py:186} INFO - Started process (PID=5056) to work on /home/airflow/.local/lib/python3.12/site-packages/airflow/example_dags/tutorial_objectstorage.py
[2025-12-08T08:06:37.424+0000] {processor.py:914} INFO - Processing file /home/airflow/.local/lib/python3.12/site-packages/airflow/example_dags/tutorial_objectstorage.py for tasks to queue
[2025-12-08T08:06:37.435+0000] {logging_mixin.py:190} INFO - [2025-12-08T08:06:37.433+0000] {dagbag.py:587} INFO - Filling up the DagBag from /home/airflow/.local/lib/python3.12/site-packages/airflow/example_dags/tutorial_objectstorage.py
[2025-12-08T08:06:37.469+0000] {processor.py:925} INFO - DAG(s) 'tutorial_objectstorage' retrieved from /home/airflow/.local/lib/python3.12/site-packages/airflow/example_dags/tutorial_objectstorage.py
[2025-12-08T08:06:37.539+0000] {logging_mixin.py:190} INFO - [2025-12-08T08:06:37.538+0000] {dag.py:3211} INFO - Sync 1 DAGs
[2025-12-08T08:06:37.589+0000] {logging_mixin.py:190} INFO - [2025-12-08T08:06:37.587+0000] {dag.py:4138} INFO - Setting next_dagrun for tutorial_objectstorage to None, run_after=None
[2025-12-08T08:06:37.665+0000] {processor.py:208} INFO - Processing /home/airflow/.local/lib/python3.12/site-packages/airflow/example_dags/tutorial_objectstorage.py took 0.264 seconds
[2025-12-08T08:07:07.964+0000] {processor.py:186} INFO - Started process (PID=5119) to work on /home/airflow/.local/lib/python3.12/site-packages/airflow/example_dags/tutorial_objectstorage.py
[2025-12-08T08:07:07.966+0000] {processor.py:914} INFO - Processing file /home/airflow/.local/lib/python3.12/site-packages/airflow/example_dags/tutorial_objectstorage.py for tasks to queue
[2025-12-08T08:07:07.971+0000] {logging_mixin.py:190} INFO - [2025-12-08T08:07:07.970+0000] {dagbag.py:587} INFO - Filling up the DagBag from /home/airflow/.local/lib/python3.12/site-packages/airflow/example_dags/tutorial_objectstorage.py
[2025-12-08T08:07:07.986+0000] {processor.py:925} INFO - DAG(s) 'tutorial_objectstorage' retrieved from /home/airflow/.local/lib/python3.12/site-packages/airflow/example_dags/tutorial_objectstorage.py
[2025-12-08T08:07:08.015+0000] {logging_mixin.py:190} INFO - [2025-12-08T08:07:08.015+0000] {dag.py:3211} INFO - Sync 1 DAGs
[2025-12-08T08:07:08.032+0000] {logging_mixin.py:190} INFO - [2025-12-08T08:07:08.032+0000] {dag.py:4138} INFO - Setting next_dagrun for tutorial_objectstorage to None, run_after=None
[2025-12-08T08:07:08.062+0000] {processor.py:208} INFO - Processing /home/airflow/.local/lib/python3.12/site-packages/airflow/example_dags/tutorial_objectstorage.py took 0.104 seconds
[2025-12-08T08:07:38.576+0000] {processor.py:186} INFO - Started process (PID=5183) to work on /home/airflow/.local/lib/python3.12/site-packages/airflow/example_dags/tutorial_objectstorage.py
[2025-12-08T08:07:38.578+0000] {processor.py:914} INFO - Processing file /home/airflow/.local/lib/python3.12/site-packages/airflow/example_dags/tutorial_objectstorage.py for tasks to queue
[2025-12-08T08:07:38.583+0000] {logging_mixin.py:190} INFO - [2025-12-08T08:07:38.582+0000] {dagbag.py:587} INFO - Filling up the DagBag from /home/airflow/.local/lib/python3.12/site-packages/airflow/example_dags/tutorial_objectstorage.py
[2025-12-08T08:07:38.605+0000] {processor.py:925} INFO - DAG(s) 'tutorial_objectstorage' retrieved from /home/airflow/.local/lib/python3.12/site-packages/airflow/example_dags/tutorial_objectstorage.py
[2025-12-08T08:07:38.655+0000] {logging_mixin.py:190} INFO - [2025-12-08T08:07:38.654+0000] {dag.py:3211} INFO - Sync 1 DAGs
[2025-12-08T08:07:38.695+0000] {logging_mixin.py:190} INFO - [2025-12-08T08:07:38.694+0000] {dag.py:4138} INFO - Setting next_dagrun for tutorial_objectstorage to None, run_after=None
[2025-12-08T08:07:38.741+0000] {processor.py:208} INFO - Processing /home/airflow/.local/lib/python3.12/site-packages/airflow/example_dags/tutorial_objectstorage.py took 0.181 seconds
[2025-12-08T08:08:08.991+0000] {processor.py:186} INFO - Started process (PID=5246) to work on /home/airflow/.local/lib/python3.12/site-packages/airflow/example_dags/tutorial_objectstorage.py
[2025-12-08T08:08:08.993+0000] {processor.py:914} INFO - Processing file /home/airflow/.local/lib/python3.12/site-packages/airflow/example_dags/tutorial_objectstorage.py for tasks to queue
[2025-12-08T08:08:08.999+0000] {logging_mixin.py:190} INFO - [2025-12-08T08:08:08.998+0000] {dagbag.py:587} INFO - Filling up the DagBag from /home/airflow/.local/lib/python3.12/site-packages/airflow/example_dags/tutorial_objectstorage.py
[2025-12-08T08:08:09.010+0000] {processor.py:925} INFO - DAG(s) 'tutorial_objectstorage' retrieved from /home/airflow/.local/lib/python3.12/site-packages/airflow/example_dags/tutorial_objectstorage.py
[2025-12-08T08:08:09.036+0000] {logging_mixin.py:190} INFO - [2025-12-08T08:08:09.035+0000] {dag.py:3211} INFO - Sync 1 DAGs
[2025-12-08T08:08:09.050+0000] {logging_mixin.py:190} INFO - [2025-12-08T08:08:09.050+0000] {dag.py:4138} INFO - Setting next_dagrun for tutorial_objectstorage to None, run_after=None
[2025-12-08T08:08:09.074+0000] {processor.py:208} INFO - Processing /home/airflow/.local/lib/python3.12/site-packages/airflow/example_dags/tutorial_objectstorage.py took 0.098 seconds
[2025-12-08T08:08:39.200+0000] {processor.py:186} INFO - Started process (PID=5309) to work on /home/airflow/.local/lib/python3.12/site-packages/airflow/example_dags/tutorial_objectstorage.py
[2025-12-08T08:08:39.202+0000] {processor.py:914} INFO - Processing file /home/airflow/.local/lib/python3.12/site-packages/airflow/example_dags/tutorial_objectstorage.py for tasks to queue
[2025-12-08T08:08:39.206+0000] {logging_mixin.py:190} INFO - [2025-12-08T08:08:39.206+0000] {dagbag.py:587} INFO - Filling up the DagBag from /home/airflow/.local/lib/python3.12/site-packages/airflow/example_dags/tutorial_objectstorage.py
[2025-12-08T08:08:39.220+0000] {processor.py:925} INFO - DAG(s) 'tutorial_objectstorage' retrieved from /home/airflow/.local/lib/python3.12/site-packages/airflow/example_dags/tutorial_objectstorage.py
[2025-12-08T08:08:39.246+0000] {logging_mixin.py:190} INFO - [2025-12-08T08:08:39.246+0000] {dag.py:3211} INFO - Sync 1 DAGs
[2025-12-08T08:08:39.262+0000] {logging_mixin.py:190} INFO - [2025-12-08T08:08:39.262+0000] {dag.py:4138} INFO - Setting next_dagrun for tutorial_objectstorage to None, run_after=None
[2025-12-08T08:08:39.290+0000] {processor.py:208} INFO - Processing /home/airflow/.local/lib/python3.12/site-packages/airflow/example_dags/tutorial_objectstorage.py took 0.101 seconds
[2025-12-08T08:09:09.899+0000] {processor.py:186} INFO - Started process (PID=5372) to work on /home/airflow/.local/lib/python3.12/site-packages/airflow/example_dags/tutorial_objectstorage.py
[2025-12-08T08:09:09.901+0000] {processor.py:914} INFO - Processing file /home/airflow/.local/lib/python3.12/site-packages/airflow/example_dags/tutorial_objectstorage.py for tasks to queue
[2025-12-08T08:09:09.906+0000] {logging_mixin.py:190} INFO - [2025-12-08T08:09:09.905+0000] {dagbag.py:587} INFO - Filling up the DagBag from /home/airflow/.local/lib/python3.12/site-packages/airflow/example_dags/tutorial_objectstorage.py
[2025-12-08T08:09:09.920+0000] {processor.py:925} INFO - DAG(s) 'tutorial_objectstorage' retrieved from /home/airflow/.local/lib/python3.12/site-packages/airflow/example_dags/tutorial_objectstorage.py
[2025-12-08T08:09:09.956+0000] {logging_mixin.py:190} INFO - [2025-12-08T08:09:09.955+0000] {dag.py:3211} INFO - Sync 1 DAGs
[2025-12-08T08:09:09.986+0000] {logging_mixin.py:190} INFO - [2025-12-08T08:09:09.985+0000] {dag.py:4138} INFO - Setting next_dagrun for tutorial_objectstorage to None, run_after=None
[2025-12-08T08:09:10.028+0000] {processor.py:208} INFO - Processing /home/airflow/.local/lib/python3.12/site-packages/airflow/example_dags/tutorial_objectstorage.py took 0.139 seconds
[2025-12-08T08:09:40.767+0000] {processor.py:186} INFO - Started process (PID=5435) to work on /home/airflow/.local/lib/python3.12/site-packages/airflow/example_dags/tutorial_objectstorage.py
[2025-12-08T08:09:40.769+0000] {processor.py:914} INFO - Processing file /home/airflow/.local/lib/python3.12/site-packages/airflow/example_dags/tutorial_objectstorage.py for tasks to queue
[2025-12-08T08:09:40.775+0000] {logging_mixin.py:190} INFO - [2025-12-08T08:09:40.774+0000] {dagbag.py:587} INFO - Filling up the DagBag from /home/airflow/.local/lib/python3.12/site-packages/airflow/example_dags/tutorial_objectstorage.py
[2025-12-08T08:09:40.789+0000] {processor.py:925} INFO - DAG(s) 'tutorial_objectstorage' retrieved from /home/airflow/.local/lib/python3.12/site-packages/airflow/example_dags/tutorial_objectstorage.py
[2025-12-08T08:09:40.820+0000] {logging_mixin.py:190} INFO - [2025-12-08T08:09:40.820+0000] {dag.py:3211} INFO - Sync 1 DAGs
[2025-12-08T08:09:40.842+0000] {logging_mixin.py:190} INFO - [2025-12-08T08:09:40.842+0000] {dag.py:4138} INFO - Setting next_dagrun for tutorial_objectstorage to None, run_after=None
[2025-12-08T08:09:40.874+0000] {processor.py:208} INFO - Processing /home/airflow/.local/lib/python3.12/site-packages/airflow/example_dags/tutorial_objectstorage.py took 0.117 seconds
[2025-12-08T08:10:11.787+0000] {processor.py:186} INFO - Started process (PID=5498) to work on /home/airflow/.local/lib/python3.12/site-packages/airflow/example_dags/tutorial_objectstorage.py
[2025-12-08T08:10:11.789+0000] {processor.py:914} INFO - Processing file /home/airflow/.local/lib/python3.12/site-packages/airflow/example_dags/tutorial_objectstorage.py for tasks to queue
[2025-12-08T08:10:11.796+0000] {logging_mixin.py:190} INFO - [2025-12-08T08:10:11.795+0000] {dagbag.py:587} INFO - Filling up the DagBag from /home/airflow/.local/lib/python3.12/site-packages/airflow/example_dags/tutorial_objectstorage.py
[2025-12-08T08:10:11.807+0000] {processor.py:925} INFO - DAG(s) 'tutorial_objectstorage' retrieved from /home/airflow/.local/lib/python3.12/site-packages/airflow/example_dags/tutorial_objectstorage.py
[2025-12-08T08:10:11.838+0000] {logging_mixin.py:190} INFO - [2025-12-08T08:10:11.838+0000] {dag.py:3211} INFO - Sync 1 DAGs
[2025-12-08T08:10:11.855+0000] {logging_mixin.py:190} INFO - [2025-12-08T08:10:11.855+0000] {dag.py:4138} INFO - Setting next_dagrun for tutorial_objectstorage to None, run_after=None
[2025-12-08T08:10:11.885+0000] {processor.py:208} INFO - Processing /home/airflow/.local/lib/python3.12/site-packages/airflow/example_dags/tutorial_objectstorage.py took 0.108 seconds
[2025-12-08T08:10:42.296+0000] {processor.py:186} INFO - Started process (PID=5561) to work on /home/airflow/.local/lib/python3.12/site-packages/airflow/example_dags/tutorial_objectstorage.py
[2025-12-08T08:10:42.299+0000] {processor.py:914} INFO - Processing file /home/airflow/.local/lib/python3.12/site-packages/airflow/example_dags/tutorial_objectstorage.py for tasks to queue
[2025-12-08T08:10:42.304+0000] {logging_mixin.py:190} INFO - [2025-12-08T08:10:42.303+0000] {dagbag.py:587} INFO - Filling up the DagBag from /home/airflow/.local/lib/python3.12/site-packages/airflow/example_dags/tutorial_objectstorage.py
[2025-12-08T08:10:42.319+0000] {processor.py:925} INFO - DAG(s) 'tutorial_objectstorage' retrieved from /home/airflow/.local/lib/python3.12/site-packages/airflow/example_dags/tutorial_objectstorage.py
[2025-12-08T08:10:42.351+0000] {logging_mixin.py:190} INFO - [2025-12-08T08:10:42.350+0000] {dag.py:3211} INFO - Sync 1 DAGs
[2025-12-08T08:10:42.373+0000] {logging_mixin.py:190} INFO - [2025-12-08T08:10:42.372+0000] {dag.py:4138} INFO - Setting next_dagrun for tutorial_objectstorage to None, run_after=None
[2025-12-08T08:10:42.400+0000] {processor.py:208} INFO - Processing /home/airflow/.local/lib/python3.12/site-packages/airflow/example_dags/tutorial_objectstorage.py took 0.112 seconds
[2025-12-08T08:11:12.492+0000] {processor.py:186} INFO - Started process (PID=5624) to work on /home/airflow/.local/lib/python3.12/site-packages/airflow/example_dags/tutorial_objectstorage.py
[2025-12-08T08:11:12.494+0000] {processor.py:914} INFO - Processing file /home/airflow/.local/lib/python3.12/site-packages/airflow/example_dags/tutorial_objectstorage.py for tasks to queue
[2025-12-08T08:11:12.497+0000] {logging_mixin.py:190} INFO - [2025-12-08T08:11:12.497+0000] {dagbag.py:587} INFO - Filling up the DagBag from /home/airflow/.local/lib/python3.12/site-packages/airflow/example_dags/tutorial_objectstorage.py
[2025-12-08T08:11:12.509+0000] {processor.py:925} INFO - DAG(s) 'tutorial_objectstorage' retrieved from /home/airflow/.local/lib/python3.12/site-packages/airflow/example_dags/tutorial_objectstorage.py
[2025-12-08T08:11:12.535+0000] {logging_mixin.py:190} INFO - [2025-12-08T08:11:12.535+0000] {dag.py:3211} INFO - Sync 1 DAGs
[2025-12-08T08:11:12.555+0000] {logging_mixin.py:190} INFO - [2025-12-08T08:11:12.554+0000] {dag.py:4138} INFO - Setting next_dagrun for tutorial_objectstorage to None, run_after=None
[2025-12-08T08:11:12.590+0000] {processor.py:208} INFO - Processing /home/airflow/.local/lib/python3.12/site-packages/airflow/example_dags/tutorial_objectstorage.py took 0.105 seconds
[2025-12-08T08:11:42.912+0000] {processor.py:186} INFO - Started process (PID=5687) to work on /home/airflow/.local/lib/python3.12/site-packages/airflow/example_dags/tutorial_objectstorage.py
[2025-12-08T08:11:42.913+0000] {processor.py:914} INFO - Processing file /home/airflow/.local/lib/python3.12/site-packages/airflow/example_dags/tutorial_objectstorage.py for tasks to queue
[2025-12-08T08:11:42.916+0000] {logging_mixin.py:190} INFO - [2025-12-08T08:11:42.916+0000] {dagbag.py:587} INFO - Filling up the DagBag from /home/airflow/.local/lib/python3.12/site-packages/airflow/example_dags/tutorial_objectstorage.py
[2025-12-08T08:11:42.928+0000] {processor.py:925} INFO - DAG(s) 'tutorial_objectstorage' retrieved from /home/airflow/.local/lib/python3.12/site-packages/airflow/example_dags/tutorial_objectstorage.py
[2025-12-08T08:11:42.962+0000] {logging_mixin.py:190} INFO - [2025-12-08T08:11:42.961+0000] {dag.py:3211} INFO - Sync 1 DAGs
[2025-12-08T08:11:42.982+0000] {logging_mixin.py:190} INFO - [2025-12-08T08:11:42.981+0000] {dag.py:4138} INFO - Setting next_dagrun for tutorial_objectstorage to None, run_after=None
[2025-12-08T08:11:43.014+0000] {processor.py:208} INFO - Processing /home/airflow/.local/lib/python3.12/site-packages/airflow/example_dags/tutorial_objectstorage.py took 0.109 seconds
[2025-12-08T08:12:13.629+0000] {processor.py:186} INFO - Started process (PID=5750) to work on /home/airflow/.local/lib/python3.12/site-packages/airflow/example_dags/tutorial_objectstorage.py
[2025-12-08T08:12:13.635+0000] {processor.py:914} INFO - Processing file /home/airflow/.local/lib/python3.12/site-packages/airflow/example_dags/tutorial_objectstorage.py for tasks to queue
[2025-12-08T08:12:13.641+0000] {logging_mixin.py:190} INFO - [2025-12-08T08:12:13.640+0000] {dagbag.py:587} INFO - Filling up the DagBag from /home/airflow/.local/lib/python3.12/site-packages/airflow/example_dags/tutorial_objectstorage.py
[2025-12-08T08:12:13.659+0000] {processor.py:925} INFO - DAG(s) 'tutorial_objectstorage' retrieved from /home/airflow/.local/lib/python3.12/site-packages/airflow/example_dags/tutorial_objectstorage.py
[2025-12-08T08:12:13.696+0000] {logging_mixin.py:190} INFO - [2025-12-08T08:12:13.695+0000] {dag.py:3211} INFO - Sync 1 DAGs
[2025-12-08T08:12:13.719+0000] {logging_mixin.py:190} INFO - [2025-12-08T08:12:13.719+0000] {dag.py:4138} INFO - Setting next_dagrun for tutorial_objectstorage to None, run_after=None
[2025-12-08T08:12:13.754+0000] {processor.py:208} INFO - Processing /home/airflow/.local/lib/python3.12/site-packages/airflow/example_dags/tutorial_objectstorage.py took 0.138 seconds
[2025-12-08T08:12:44.555+0000] {processor.py:186} INFO - Started process (PID=5814) to work on /home/airflow/.local/lib/python3.12/site-packages/airflow/example_dags/tutorial_objectstorage.py
[2025-12-08T08:12:44.558+0000] {processor.py:914} INFO - Processing file /home/airflow/.local/lib/python3.12/site-packages/airflow/example_dags/tutorial_objectstorage.py for tasks to queue
[2025-12-08T08:12:44.569+0000] {logging_mixin.py:190} INFO - [2025-12-08T08:12:44.568+0000] {dagbag.py:587} INFO - Filling up the DagBag from /home/airflow/.local/lib/python3.12/site-packages/airflow/example_dags/tutorial_objectstorage.py
[2025-12-08T08:12:44.601+0000] {processor.py:925} INFO - DAG(s) 'tutorial_objectstorage' retrieved from /home/airflow/.local/lib/python3.12/site-packages/airflow/example_dags/tutorial_objectstorage.py
[2025-12-08T08:12:44.681+0000] {logging_mixin.py:190} INFO - [2025-12-08T08:12:44.680+0000] {dag.py:3211} INFO - Sync 1 DAGs
[2025-12-08T08:12:44.749+0000] {logging_mixin.py:190} INFO - [2025-12-08T08:12:44.749+0000] {dag.py:4138} INFO - Setting next_dagrun for tutorial_objectstorage to None, run_after=None
[2025-12-08T08:12:44.850+0000] {processor.py:208} INFO - Processing /home/airflow/.local/lib/python3.12/site-packages/airflow/example_dags/tutorial_objectstorage.py took 0.317 seconds
[2025-12-08T08:13:15.520+0000] {processor.py:186} INFO - Started process (PID=5877) to work on /home/airflow/.local/lib/python3.12/site-packages/airflow/example_dags/tutorial_objectstorage.py
[2025-12-08T08:13:15.526+0000] {processor.py:914} INFO - Processing file /home/airflow/.local/lib/python3.12/site-packages/airflow/example_dags/tutorial_objectstorage.py for tasks to queue
[2025-12-08T08:13:15.537+0000] {logging_mixin.py:190} INFO - [2025-12-08T08:13:15.536+0000] {dagbag.py:587} INFO - Filling up the DagBag from /home/airflow/.local/lib/python3.12/site-packages/airflow/example_dags/tutorial_objectstorage.py
[2025-12-08T08:13:15.578+0000] {processor.py:925} INFO - DAG(s) 'tutorial_objectstorage' retrieved from /home/airflow/.local/lib/python3.12/site-packages/airflow/example_dags/tutorial_objectstorage.py
[2025-12-08T08:13:15.659+0000] {logging_mixin.py:190} INFO - [2025-12-08T08:13:15.658+0000] {dag.py:3211} INFO - Sync 1 DAGs
[2025-12-08T08:13:15.744+0000] {logging_mixin.py:190} INFO - [2025-12-08T08:13:15.743+0000] {dag.py:4138} INFO - Setting next_dagrun for tutorial_objectstorage to None, run_after=None
[2025-12-08T08:13:15.837+0000] {processor.py:208} INFO - Processing /home/airflow/.local/lib/python3.12/site-packages/airflow/example_dags/tutorial_objectstorage.py took 0.341 seconds
[2025-12-08T08:13:46.689+0000] {processor.py:186} INFO - Started process (PID=5940) to work on /home/airflow/.local/lib/python3.12/site-packages/airflow/example_dags/tutorial_objectstorage.py
[2025-12-08T08:13:46.695+0000] {processor.py:914} INFO - Processing file /home/airflow/.local/lib/python3.12/site-packages/airflow/example_dags/tutorial_objectstorage.py for tasks to queue
[2025-12-08T08:13:46.698+0000] {logging_mixin.py:190} INFO - [2025-12-08T08:13:46.698+0000] {dagbag.py:587} INFO - Filling up the DagBag from /home/airflow/.local/lib/python3.12/site-packages/airflow/example_dags/tutorial_objectstorage.py
[2025-12-08T08:13:46.710+0000] {processor.py:925} INFO - DAG(s) 'tutorial_objectstorage' retrieved from /home/airflow/.local/lib/python3.12/site-packages/airflow/example_dags/tutorial_objectstorage.py
[2025-12-08T08:13:46.734+0000] {logging_mixin.py:190} INFO - [2025-12-08T08:13:46.733+0000] {dag.py:3211} INFO - Sync 1 DAGs
[2025-12-08T08:13:46.747+0000] {logging_mixin.py:190} INFO - [2025-12-08T08:13:46.747+0000] {dag.py:4138} INFO - Setting next_dagrun for tutorial_objectstorage to None, run_after=None
[2025-12-08T08:13:46.780+0000] {processor.py:208} INFO - Processing /home/airflow/.local/lib/python3.12/site-packages/airflow/example_dags/tutorial_objectstorage.py took 0.098 seconds
[2025-12-08T08:14:17.292+0000] {processor.py:186} INFO - Started process (PID=6003) to work on /home/airflow/.local/lib/python3.12/site-packages/airflow/example_dags/tutorial_objectstorage.py
[2025-12-08T08:14:17.294+0000] {processor.py:914} INFO - Processing file /home/airflow/.local/lib/python3.12/site-packages/airflow/example_dags/tutorial_objectstorage.py for tasks to queue
[2025-12-08T08:14:17.298+0000] {logging_mixin.py:190} INFO - [2025-12-08T08:14:17.298+0000] {dagbag.py:587} INFO - Filling up the DagBag from /home/airflow/.local/lib/python3.12/site-packages/airflow/example_dags/tutorial_objectstorage.py
[2025-12-08T08:14:17.309+0000] {processor.py:925} INFO - DAG(s) 'tutorial_objectstorage' retrieved from /home/airflow/.local/lib/python3.12/site-packages/airflow/example_dags/tutorial_objectstorage.py
[2025-12-08T08:14:17.330+0000] {logging_mixin.py:190} INFO - [2025-12-08T08:14:17.330+0000] {dag.py:3211} INFO - Sync 1 DAGs
[2025-12-08T08:14:17.344+0000] {logging_mixin.py:190} INFO - [2025-12-08T08:14:17.343+0000] {dag.py:4138} INFO - Setting next_dagrun for tutorial_objectstorage to None, run_after=None
[2025-12-08T08:14:17.367+0000] {processor.py:208} INFO - Processing /home/airflow/.local/lib/python3.12/site-packages/airflow/example_dags/tutorial_objectstorage.py took 0.080 seconds
[2025-12-08T08:14:47.889+0000] {processor.py:186} INFO - Started process (PID=6067) to work on /home/airflow/.local/lib/python3.12/site-packages/airflow/example_dags/tutorial_objectstorage.py
[2025-12-08T08:14:47.891+0000] {processor.py:914} INFO - Processing file /home/airflow/.local/lib/python3.12/site-packages/airflow/example_dags/tutorial_objectstorage.py for tasks to queue
[2025-12-08T08:14:47.894+0000] {logging_mixin.py:190} INFO - [2025-12-08T08:14:47.894+0000] {dagbag.py:587} INFO - Filling up the DagBag from /home/airflow/.local/lib/python3.12/site-packages/airflow/example_dags/tutorial_objectstorage.py
[2025-12-08T08:14:47.905+0000] {processor.py:925} INFO - DAG(s) 'tutorial_objectstorage' retrieved from /home/airflow/.local/lib/python3.12/site-packages/airflow/example_dags/tutorial_objectstorage.py
[2025-12-08T08:14:47.929+0000] {logging_mixin.py:190} INFO - [2025-12-08T08:14:47.928+0000] {dag.py:3211} INFO - Sync 1 DAGs
[2025-12-08T08:14:47.944+0000] {logging_mixin.py:190} INFO - [2025-12-08T08:14:47.944+0000] {dag.py:4138} INFO - Setting next_dagrun for tutorial_objectstorage to None, run_after=None
[2025-12-08T08:14:47.970+0000] {processor.py:208} INFO - Processing /home/airflow/.local/lib/python3.12/site-packages/airflow/example_dags/tutorial_objectstorage.py took 0.088 seconds
[2025-12-08T08:15:18.625+0000] {processor.py:186} INFO - Started process (PID=6130) to work on /home/airflow/.local/lib/python3.12/site-packages/airflow/example_dags/tutorial_objectstorage.py
[2025-12-08T08:15:18.628+0000] {processor.py:914} INFO - Processing file /home/airflow/.local/lib/python3.12/site-packages/airflow/example_dags/tutorial_objectstorage.py for tasks to queue
[2025-12-08T08:15:18.631+0000] {logging_mixin.py:190} INFO - [2025-12-08T08:15:18.631+0000] {dagbag.py:587} INFO - Filling up the DagBag from /home/airflow/.local/lib/python3.12/site-packages/airflow/example_dags/tutorial_objectstorage.py
[2025-12-08T08:15:18.643+0000] {processor.py:925} INFO - DAG(s) 'tutorial_objectstorage' retrieved from /home/airflow/.local/lib/python3.12/site-packages/airflow/example_dags/tutorial_objectstorage.py
[2025-12-08T08:15:18.667+0000] {logging_mixin.py:190} INFO - [2025-12-08T08:15:18.667+0000] {dag.py:3211} INFO - Sync 1 DAGs
[2025-12-08T08:15:18.683+0000] {logging_mixin.py:190} INFO - [2025-12-08T08:15:18.683+0000] {dag.py:4138} INFO - Setting next_dagrun for tutorial_objectstorage to None, run_after=None
[2025-12-08T08:15:18.710+0000] {processor.py:208} INFO - Processing /home/airflow/.local/lib/python3.12/site-packages/airflow/example_dags/tutorial_objectstorage.py took 0.094 seconds
[2025-12-08T08:15:49.438+0000] {processor.py:186} INFO - Started process (PID=6193) to work on /home/airflow/.local/lib/python3.12/site-packages/airflow/example_dags/tutorial_objectstorage.py
[2025-12-08T08:15:49.512+0000] {processor.py:914} INFO - Processing file /home/airflow/.local/lib/python3.12/site-packages/airflow/example_dags/tutorial_objectstorage.py for tasks to queue
[2025-12-08T08:15:49.515+0000] {logging_mixin.py:190} INFO - [2025-12-08T08:15:49.515+0000] {dagbag.py:587} INFO - Filling up the DagBag from /home/airflow/.local/lib/python3.12/site-packages/airflow/example_dags/tutorial_objectstorage.py
[2025-12-08T08:15:49.525+0000] {processor.py:925} INFO - DAG(s) 'tutorial_objectstorage' retrieved from /home/airflow/.local/lib/python3.12/site-packages/airflow/example_dags/tutorial_objectstorage.py
[2025-12-08T08:15:49.546+0000] {logging_mixin.py:190} INFO - [2025-12-08T08:15:49.546+0000] {dag.py:3211} INFO - Sync 1 DAGs
[2025-12-08T08:15:49.561+0000] {logging_mixin.py:190} INFO - [2025-12-08T08:15:49.561+0000] {dag.py:4138} INFO - Setting next_dagrun for tutorial_objectstorage to None, run_after=None
[2025-12-08T08:15:49.587+0000] {processor.py:208} INFO - Processing /home/airflow/.local/lib/python3.12/site-packages/airflow/example_dags/tutorial_objectstorage.py took 0.087 seconds
[2025-12-08T08:16:19.846+0000] {processor.py:186} INFO - Started process (PID=6256) to work on /home/airflow/.local/lib/python3.12/site-packages/airflow/example_dags/tutorial_objectstorage.py
[2025-12-08T08:16:19.847+0000] {processor.py:914} INFO - Processing file /home/airflow/.local/lib/python3.12/site-packages/airflow/example_dags/tutorial_objectstorage.py for tasks to queue
[2025-12-08T08:16:19.851+0000] {logging_mixin.py:190} INFO - [2025-12-08T08:16:19.851+0000] {dagbag.py:587} INFO - Filling up the DagBag from /home/airflow/.local/lib/python3.12/site-packages/airflow/example_dags/tutorial_objectstorage.py
[2025-12-08T08:16:19.861+0000] {processor.py:925} INFO - DAG(s) 'tutorial_objectstorage' retrieved from /home/airflow/.local/lib/python3.12/site-packages/airflow/example_dags/tutorial_objectstorage.py
[2025-12-08T08:16:19.885+0000] {logging_mixin.py:190} INFO - [2025-12-08T08:16:19.885+0000] {dag.py:3211} INFO - Sync 1 DAGs
[2025-12-08T08:16:19.899+0000] {logging_mixin.py:190} INFO - [2025-12-08T08:16:19.899+0000] {dag.py:4138} INFO - Setting next_dagrun for tutorial_objectstorage to None, run_after=None
[2025-12-08T08:16:19.922+0000] {processor.py:208} INFO - Processing /home/airflow/.local/lib/python3.12/site-packages/airflow/example_dags/tutorial_objectstorage.py took 0.082 seconds
[2025-12-08T08:16:50.321+0000] {processor.py:186} INFO - Started process (PID=6319) to work on /home/airflow/.local/lib/python3.12/site-packages/airflow/example_dags/tutorial_objectstorage.py
[2025-12-08T08:16:50.322+0000] {processor.py:914} INFO - Processing file /home/airflow/.local/lib/python3.12/site-packages/airflow/example_dags/tutorial_objectstorage.py for tasks to queue
[2025-12-08T08:16:50.326+0000] {logging_mixin.py:190} INFO - [2025-12-08T08:16:50.326+0000] {dagbag.py:587} INFO - Filling up the DagBag from /home/airflow/.local/lib/python3.12/site-packages/airflow/example_dags/tutorial_objectstorage.py
[2025-12-08T08:16:50.336+0000] {processor.py:925} INFO - DAG(s) 'tutorial_objectstorage' retrieved from /home/airflow/.local/lib/python3.12/site-packages/airflow/example_dags/tutorial_objectstorage.py
[2025-12-08T08:16:50.360+0000] {logging_mixin.py:190} INFO - [2025-12-08T08:16:50.360+0000] {dag.py:3211} INFO - Sync 1 DAGs
[2025-12-08T08:16:50.376+0000] {logging_mixin.py:190} INFO - [2025-12-08T08:16:50.375+0000] {dag.py:4138} INFO - Setting next_dagrun for tutorial_objectstorage to None, run_after=None
[2025-12-08T08:16:50.400+0000] {processor.py:208} INFO - Processing /home/airflow/.local/lib/python3.12/site-packages/airflow/example_dags/tutorial_objectstorage.py took 0.085 seconds
[2025-12-08T08:17:20.870+0000] {processor.py:186} INFO - Started process (PID=6382) to work on /home/airflow/.local/lib/python3.12/site-packages/airflow/example_dags/tutorial_objectstorage.py
[2025-12-08T08:17:20.872+0000] {processor.py:914} INFO - Processing file /home/airflow/.local/lib/python3.12/site-packages/airflow/example_dags/tutorial_objectstorage.py for tasks to queue
[2025-12-08T08:17:20.876+0000] {logging_mixin.py:190} INFO - [2025-12-08T08:17:20.876+0000] {dagbag.py:587} INFO - Filling up the DagBag from /home/airflow/.local/lib/python3.12/site-packages/airflow/example_dags/tutorial_objectstorage.py
[2025-12-08T08:17:20.889+0000] {processor.py:925} INFO - DAG(s) 'tutorial_objectstorage' retrieved from /home/airflow/.local/lib/python3.12/site-packages/airflow/example_dags/tutorial_objectstorage.py
[2025-12-08T08:17:20.912+0000] {logging_mixin.py:190} INFO - [2025-12-08T08:17:20.912+0000] {dag.py:3211} INFO - Sync 1 DAGs
[2025-12-08T08:17:20.927+0000] {logging_mixin.py:190} INFO - [2025-12-08T08:17:20.927+0000] {dag.py:4138} INFO - Setting next_dagrun for tutorial_objectstorage to None, run_after=None
[2025-12-08T08:17:20.950+0000] {processor.py:208} INFO - Processing /home/airflow/.local/lib/python3.12/site-packages/airflow/example_dags/tutorial_objectstorage.py took 0.089 seconds
[2025-12-08T08:17:51.344+0000] {processor.py:186} INFO - Started process (PID=6445) to work on /home/airflow/.local/lib/python3.12/site-packages/airflow/example_dags/tutorial_objectstorage.py
[2025-12-08T08:17:51.346+0000] {processor.py:914} INFO - Processing file /home/airflow/.local/lib/python3.12/site-packages/airflow/example_dags/tutorial_objectstorage.py for tasks to queue
[2025-12-08T08:17:51.351+0000] {logging_mixin.py:190} INFO - [2025-12-08T08:17:51.350+0000] {dagbag.py:587} INFO - Filling up the DagBag from /home/airflow/.local/lib/python3.12/site-packages/airflow/example_dags/tutorial_objectstorage.py
[2025-12-08T08:17:51.362+0000] {processor.py:925} INFO - DAG(s) 'tutorial_objectstorage' retrieved from /home/airflow/.local/lib/python3.12/site-packages/airflow/example_dags/tutorial_objectstorage.py
[2025-12-08T08:17:51.389+0000] {logging_mixin.py:190} INFO - [2025-12-08T08:17:51.389+0000] {dag.py:3211} INFO - Sync 1 DAGs
[2025-12-08T08:17:51.409+0000] {logging_mixin.py:190} INFO - [2025-12-08T08:17:51.409+0000] {dag.py:4138} INFO - Setting next_dagrun for tutorial_objectstorage to None, run_after=None
[2025-12-08T08:17:51.446+0000] {processor.py:208} INFO - Processing /home/airflow/.local/lib/python3.12/site-packages/airflow/example_dags/tutorial_objectstorage.py took 0.109 seconds
[2025-12-08T08:18:21.903+0000] {processor.py:186} INFO - Started process (PID=6508) to work on /home/airflow/.local/lib/python3.12/site-packages/airflow/example_dags/tutorial_objectstorage.py
[2025-12-08T08:18:21.905+0000] {processor.py:914} INFO - Processing file /home/airflow/.local/lib/python3.12/site-packages/airflow/example_dags/tutorial_objectstorage.py for tasks to queue
[2025-12-08T08:18:21.909+0000] {logging_mixin.py:190} INFO - [2025-12-08T08:18:21.908+0000] {dagbag.py:587} INFO - Filling up the DagBag from /home/airflow/.local/lib/python3.12/site-packages/airflow/example_dags/tutorial_objectstorage.py
[2025-12-08T08:18:21.924+0000] {processor.py:925} INFO - DAG(s) 'tutorial_objectstorage' retrieved from /home/airflow/.local/lib/python3.12/site-packages/airflow/example_dags/tutorial_objectstorage.py
[2025-12-08T08:18:21.950+0000] {logging_mixin.py:190} INFO - [2025-12-08T08:18:21.950+0000] {dag.py:3211} INFO - Sync 1 DAGs
[2025-12-08T08:18:21.966+0000] {logging_mixin.py:190} INFO - [2025-12-08T08:18:21.966+0000] {dag.py:4138} INFO - Setting next_dagrun for tutorial_objectstorage to None, run_after=None
[2025-12-08T08:18:21.990+0000] {processor.py:208} INFO - Processing /home/airflow/.local/lib/python3.12/site-packages/airflow/example_dags/tutorial_objectstorage.py took 0.095 seconds
[2025-12-08T08:18:52.486+0000] {processor.py:186} INFO - Started process (PID=6571) to work on /home/airflow/.local/lib/python3.12/site-packages/airflow/example_dags/tutorial_objectstorage.py
[2025-12-08T08:18:52.491+0000] {processor.py:914} INFO - Processing file /home/airflow/.local/lib/python3.12/site-packages/airflow/example_dags/tutorial_objectstorage.py for tasks to queue
[2025-12-08T08:18:52.499+0000] {logging_mixin.py:190} INFO - [2025-12-08T08:18:52.498+0000] {dagbag.py:587} INFO - Filling up the DagBag from /home/airflow/.local/lib/python3.12/site-packages/airflow/example_dags/tutorial_objectstorage.py
[2025-12-08T08:18:52.519+0000] {processor.py:925} INFO - DAG(s) 'tutorial_objectstorage' retrieved from /home/airflow/.local/lib/python3.12/site-packages/airflow/example_dags/tutorial_objectstorage.py
[2025-12-08T08:18:52.561+0000] {logging_mixin.py:190} INFO - [2025-12-08T08:18:52.560+0000] {dag.py:3211} INFO - Sync 1 DAGs
[2025-12-08T08:18:52.590+0000] {logging_mixin.py:190} INFO - [2025-12-08T08:18:52.589+0000] {dag.py:4138} INFO - Setting next_dagrun for tutorial_objectstorage to None, run_after=None
[2025-12-08T08:18:52.634+0000] {processor.py:208} INFO - Processing /home/airflow/.local/lib/python3.12/site-packages/airflow/example_dags/tutorial_objectstorage.py took 0.160 seconds
[2025-12-08T08:19:23.110+0000] {processor.py:186} INFO - Started process (PID=6634) to work on /home/airflow/.local/lib/python3.12/site-packages/airflow/example_dags/tutorial_objectstorage.py
[2025-12-08T08:19:23.113+0000] {processor.py:914} INFO - Processing file /home/airflow/.local/lib/python3.12/site-packages/airflow/example_dags/tutorial_objectstorage.py for tasks to queue
[2025-12-08T08:19:23.120+0000] {logging_mixin.py:190} INFO - [2025-12-08T08:19:23.119+0000] {dagbag.py:587} INFO - Filling up the DagBag from /home/airflow/.local/lib/python3.12/site-packages/airflow/example_dags/tutorial_objectstorage.py
[2025-12-08T08:19:23.139+0000] {processor.py:925} INFO - DAG(s) 'tutorial_objectstorage' retrieved from /home/airflow/.local/lib/python3.12/site-packages/airflow/example_dags/tutorial_objectstorage.py
[2025-12-08T08:19:23.186+0000] {logging_mixin.py:190} INFO - [2025-12-08T08:19:23.185+0000] {dag.py:3211} INFO - Sync 1 DAGs
[2025-12-08T08:19:23.216+0000] {logging_mixin.py:190} INFO - [2025-12-08T08:19:23.216+0000] {dag.py:4138} INFO - Setting next_dagrun for tutorial_objectstorage to None, run_after=None
[2025-12-08T08:19:23.263+0000] {processor.py:208} INFO - Processing /home/airflow/.local/lib/python3.12/site-packages/airflow/example_dags/tutorial_objectstorage.py took 0.168 seconds
[2025-12-08T08:19:53.490+0000] {processor.py:186} INFO - Started process (PID=6697) to work on /home/airflow/.local/lib/python3.12/site-packages/airflow/example_dags/tutorial_objectstorage.py
[2025-12-08T08:19:53.493+0000] {processor.py:914} INFO - Processing file /home/airflow/.local/lib/python3.12/site-packages/airflow/example_dags/tutorial_objectstorage.py for tasks to queue
[2025-12-08T08:19:53.499+0000] {logging_mixin.py:190} INFO - [2025-12-08T08:19:53.499+0000] {dagbag.py:587} INFO - Filling up the DagBag from /home/airflow/.local/lib/python3.12/site-packages/airflow/example_dags/tutorial_objectstorage.py
[2025-12-08T08:19:53.519+0000] {processor.py:925} INFO - DAG(s) 'tutorial_objectstorage' retrieved from /home/airflow/.local/lib/python3.12/site-packages/airflow/example_dags/tutorial_objectstorage.py
[2025-12-08T08:19:53.568+0000] {logging_mixin.py:190} INFO - [2025-12-08T08:19:53.568+0000] {dag.py:3211} INFO - Sync 1 DAGs
[2025-12-08T08:19:53.598+0000] {logging_mixin.py:190} INFO - [2025-12-08T08:19:53.597+0000] {dag.py:4138} INFO - Setting next_dagrun for tutorial_objectstorage to None, run_after=None
[2025-12-08T08:19:53.646+0000] {processor.py:208} INFO - Processing /home/airflow/.local/lib/python3.12/site-packages/airflow/example_dags/tutorial_objectstorage.py took 0.171 seconds
[2025-12-08T08:20:23.857+0000] {processor.py:186} INFO - Started process (PID=6759) to work on /home/airflow/.local/lib/python3.12/site-packages/airflow/example_dags/tutorial_objectstorage.py
[2025-12-08T08:20:23.860+0000] {processor.py:914} INFO - Processing file /home/airflow/.local/lib/python3.12/site-packages/airflow/example_dags/tutorial_objectstorage.py for tasks to queue
[2025-12-08T08:20:23.865+0000] {logging_mixin.py:190} INFO - [2025-12-08T08:20:23.864+0000] {dagbag.py:587} INFO - Filling up the DagBag from /home/airflow/.local/lib/python3.12/site-packages/airflow/example_dags/tutorial_objectstorage.py
[2025-12-08T08:20:23.883+0000] {processor.py:925} INFO - DAG(s) 'tutorial_objectstorage' retrieved from /home/airflow/.local/lib/python3.12/site-packages/airflow/example_dags/tutorial_objectstorage.py
[2025-12-08T08:20:23.922+0000] {logging_mixin.py:190} INFO - [2025-12-08T08:20:23.922+0000] {dag.py:3211} INFO - Sync 1 DAGs
[2025-12-08T08:20:23.949+0000] {logging_mixin.py:190} INFO - [2025-12-08T08:20:23.948+0000] {dag.py:4138} INFO - Setting next_dagrun for tutorial_objectstorage to None, run_after=None
[2025-12-08T08:20:23.992+0000] {processor.py:208} INFO - Processing /home/airflow/.local/lib/python3.12/site-packages/airflow/example_dags/tutorial_objectstorage.py took 0.146 seconds
[2025-12-08T08:20:54.200+0000] {processor.py:186} INFO - Started process (PID=6823) to work on /home/airflow/.local/lib/python3.12/site-packages/airflow/example_dags/tutorial_objectstorage.py
[2025-12-08T08:20:54.203+0000] {processor.py:914} INFO - Processing file /home/airflow/.local/lib/python3.12/site-packages/airflow/example_dags/tutorial_objectstorage.py for tasks to queue
[2025-12-08T08:20:54.210+0000] {logging_mixin.py:190} INFO - [2025-12-08T08:20:54.209+0000] {dagbag.py:587} INFO - Filling up the DagBag from /home/airflow/.local/lib/python3.12/site-packages/airflow/example_dags/tutorial_objectstorage.py
[2025-12-08T08:20:54.230+0000] {processor.py:925} INFO - DAG(s) 'tutorial_objectstorage' retrieved from /home/airflow/.local/lib/python3.12/site-packages/airflow/example_dags/tutorial_objectstorage.py
[2025-12-08T08:20:54.275+0000] {logging_mixin.py:190} INFO - [2025-12-08T08:20:54.275+0000] {dag.py:3211} INFO - Sync 1 DAGs
[2025-12-08T08:20:54.302+0000] {logging_mixin.py:190} INFO - [2025-12-08T08:20:54.302+0000] {dag.py:4138} INFO - Setting next_dagrun for tutorial_objectstorage to None, run_after=None
[2025-12-08T08:20:54.344+0000] {processor.py:208} INFO - Processing /home/airflow/.local/lib/python3.12/site-packages/airflow/example_dags/tutorial_objectstorage.py took 0.156 seconds
[2025-12-08T08:21:24.533+0000] {processor.py:186} INFO - Started process (PID=6886) to work on /home/airflow/.local/lib/python3.12/site-packages/airflow/example_dags/tutorial_objectstorage.py
[2025-12-08T08:21:24.535+0000] {processor.py:914} INFO - Processing file /home/airflow/.local/lib/python3.12/site-packages/airflow/example_dags/tutorial_objectstorage.py for tasks to queue
[2025-12-08T08:21:24.539+0000] {logging_mixin.py:190} INFO - [2025-12-08T08:21:24.539+0000] {dagbag.py:587} INFO - Filling up the DagBag from /home/airflow/.local/lib/python3.12/site-packages/airflow/example_dags/tutorial_objectstorage.py
[2025-12-08T08:21:24.549+0000] {processor.py:925} INFO - DAG(s) 'tutorial_objectstorage' retrieved from /home/airflow/.local/lib/python3.12/site-packages/airflow/example_dags/tutorial_objectstorage.py
[2025-12-08T08:21:24.573+0000] {logging_mixin.py:190} INFO - [2025-12-08T08:21:24.573+0000] {dag.py:3211} INFO - Sync 1 DAGs
[2025-12-08T08:21:24.587+0000] {logging_mixin.py:190} INFO - [2025-12-08T08:21:24.587+0000] {dag.py:4138} INFO - Setting next_dagrun for tutorial_objectstorage to None, run_after=None
[2025-12-08T08:21:24.608+0000] {processor.py:208} INFO - Processing /home/airflow/.local/lib/python3.12/site-packages/airflow/example_dags/tutorial_objectstorage.py took 0.084 seconds
[2025-12-08T08:21:55.421+0000] {processor.py:186} INFO - Started process (PID=6950) to work on /home/airflow/.local/lib/python3.12/site-packages/airflow/example_dags/tutorial_objectstorage.py
[2025-12-08T08:21:55.423+0000] {processor.py:914} INFO - Processing file /home/airflow/.local/lib/python3.12/site-packages/airflow/example_dags/tutorial_objectstorage.py for tasks to queue
[2025-12-08T08:21:55.430+0000] {logging_mixin.py:190} INFO - [2025-12-08T08:21:55.428+0000] {dagbag.py:587} INFO - Filling up the DagBag from /home/airflow/.local/lib/python3.12/site-packages/airflow/example_dags/tutorial_objectstorage.py
[2025-12-08T08:21:55.451+0000] {processor.py:925} INFO - DAG(s) 'tutorial_objectstorage' retrieved from /home/airflow/.local/lib/python3.12/site-packages/airflow/example_dags/tutorial_objectstorage.py
[2025-12-08T08:21:55.498+0000] {logging_mixin.py:190} INFO - [2025-12-08T08:21:55.497+0000] {dag.py:3211} INFO - Sync 1 DAGs
[2025-12-08T08:21:55.525+0000] {logging_mixin.py:190} INFO - [2025-12-08T08:21:55.524+0000] {dag.py:4138} INFO - Setting next_dagrun for tutorial_objectstorage to None, run_after=None
[2025-12-08T08:21:55.580+0000] {processor.py:208} INFO - Processing /home/airflow/.local/lib/python3.12/site-packages/airflow/example_dags/tutorial_objectstorage.py took 0.173 seconds
[2025-12-08T08:22:25.995+0000] {processor.py:186} INFO - Started process (PID=7013) to work on /home/airflow/.local/lib/python3.12/site-packages/airflow/example_dags/tutorial_objectstorage.py
[2025-12-08T08:22:25.998+0000] {processor.py:914} INFO - Processing file /home/airflow/.local/lib/python3.12/site-packages/airflow/example_dags/tutorial_objectstorage.py for tasks to queue
[2025-12-08T08:22:26.007+0000] {logging_mixin.py:190} INFO - [2025-12-08T08:22:26.007+0000] {dagbag.py:587} INFO - Filling up the DagBag from /home/airflow/.local/lib/python3.12/site-packages/airflow/example_dags/tutorial_objectstorage.py
[2025-12-08T08:22:26.024+0000] {processor.py:925} INFO - DAG(s) 'tutorial_objectstorage' retrieved from /home/airflow/.local/lib/python3.12/site-packages/airflow/example_dags/tutorial_objectstorage.py
[2025-12-08T08:22:26.071+0000] {logging_mixin.py:190} INFO - [2025-12-08T08:22:26.070+0000] {dag.py:3211} INFO - Sync 1 DAGs
[2025-12-08T08:22:26.105+0000] {logging_mixin.py:190} INFO - [2025-12-08T08:22:26.105+0000] {dag.py:4138} INFO - Setting next_dagrun for tutorial_objectstorage to None, run_after=None
[2025-12-08T08:22:26.147+0000] {processor.py:208} INFO - Processing /home/airflow/.local/lib/python3.12/site-packages/airflow/example_dags/tutorial_objectstorage.py took 0.165 seconds
[2025-12-08T08:22:56.578+0000] {processor.py:186} INFO - Started process (PID=7076) to work on /home/airflow/.local/lib/python3.12/site-packages/airflow/example_dags/tutorial_objectstorage.py
[2025-12-08T08:22:56.580+0000] {processor.py:914} INFO - Processing file /home/airflow/.local/lib/python3.12/site-packages/airflow/example_dags/tutorial_objectstorage.py for tasks to queue
[2025-12-08T08:22:56.586+0000] {logging_mixin.py:190} INFO - [2025-12-08T08:22:56.586+0000] {dagbag.py:587} INFO - Filling up the DagBag from /home/airflow/.local/lib/python3.12/site-packages/airflow/example_dags/tutorial_objectstorage.py
[2025-12-08T08:22:56.602+0000] {processor.py:925} INFO - DAG(s) 'tutorial_objectstorage' retrieved from /home/airflow/.local/lib/python3.12/site-packages/airflow/example_dags/tutorial_objectstorage.py
[2025-12-08T08:22:56.631+0000] {logging_mixin.py:190} INFO - [2025-12-08T08:22:56.631+0000] {dag.py:3211} INFO - Sync 1 DAGs
[2025-12-08T08:22:56.651+0000] {logging_mixin.py:190} INFO - [2025-12-08T08:22:56.651+0000] {dag.py:4138} INFO - Setting next_dagrun for tutorial_objectstorage to None, run_after=None
[2025-12-08T08:22:56.674+0000] {processor.py:208} INFO - Processing /home/airflow/.local/lib/python3.12/site-packages/airflow/example_dags/tutorial_objectstorage.py took 0.108 seconds
[2025-12-08T08:23:26.737+0000] {processor.py:186} INFO - Started process (PID=7139) to work on /home/airflow/.local/lib/python3.12/site-packages/airflow/example_dags/tutorial_objectstorage.py
[2025-12-08T08:23:26.739+0000] {processor.py:914} INFO - Processing file /home/airflow/.local/lib/python3.12/site-packages/airflow/example_dags/tutorial_objectstorage.py for tasks to queue
[2025-12-08T08:23:26.745+0000] {logging_mixin.py:190} INFO - [2025-12-08T08:23:26.744+0000] {dagbag.py:587} INFO - Filling up the DagBag from /home/airflow/.local/lib/python3.12/site-packages/airflow/example_dags/tutorial_objectstorage.py
[2025-12-08T08:23:26.758+0000] {processor.py:925} INFO - DAG(s) 'tutorial_objectstorage' retrieved from /home/airflow/.local/lib/python3.12/site-packages/airflow/example_dags/tutorial_objectstorage.py
[2025-12-08T08:23:26.791+0000] {logging_mixin.py:190} INFO - [2025-12-08T08:23:26.790+0000] {dag.py:3211} INFO - Sync 1 DAGs
[2025-12-08T08:23:26.814+0000] {logging_mixin.py:190} INFO - [2025-12-08T08:23:26.814+0000] {dag.py:4138} INFO - Setting next_dagrun for tutorial_objectstorage to None, run_after=None
[2025-12-08T08:23:26.841+0000] {processor.py:208} INFO - Processing /home/airflow/.local/lib/python3.12/site-packages/airflow/example_dags/tutorial_objectstorage.py took 0.112 seconds
[2025-12-08T08:23:57.372+0000] {processor.py:186} INFO - Started process (PID=7202) to work on /home/airflow/.local/lib/python3.12/site-packages/airflow/example_dags/tutorial_objectstorage.py
[2025-12-08T08:23:57.374+0000] {processor.py:914} INFO - Processing file /home/airflow/.local/lib/python3.12/site-packages/airflow/example_dags/tutorial_objectstorage.py for tasks to queue
[2025-12-08T08:23:57.378+0000] {logging_mixin.py:190} INFO - [2025-12-08T08:23:57.377+0000] {dagbag.py:587} INFO - Filling up the DagBag from /home/airflow/.local/lib/python3.12/site-packages/airflow/example_dags/tutorial_objectstorage.py
[2025-12-08T08:23:57.387+0000] {processor.py:925} INFO - DAG(s) 'tutorial_objectstorage' retrieved from /home/airflow/.local/lib/python3.12/site-packages/airflow/example_dags/tutorial_objectstorage.py
[2025-12-08T08:23:57.410+0000] {logging_mixin.py:190} INFO - [2025-12-08T08:23:57.410+0000] {dag.py:3211} INFO - Sync 1 DAGs
[2025-12-08T08:23:57.425+0000] {logging_mixin.py:190} INFO - [2025-12-08T08:23:57.425+0000] {dag.py:4138} INFO - Setting next_dagrun for tutorial_objectstorage to None, run_after=None
[2025-12-08T08:23:57.449+0000] {processor.py:208} INFO - Processing /home/airflow/.local/lib/python3.12/site-packages/airflow/example_dags/tutorial_objectstorage.py took 0.087 seconds
[2025-12-08T08:24:28.045+0000] {processor.py:186} INFO - Started process (PID=7265) to work on /home/airflow/.local/lib/python3.12/site-packages/airflow/example_dags/tutorial_objectstorage.py
[2025-12-08T08:24:28.046+0000] {processor.py:914} INFO - Processing file /home/airflow/.local/lib/python3.12/site-packages/airflow/example_dags/tutorial_objectstorage.py for tasks to queue
[2025-12-08T08:24:28.050+0000] {logging_mixin.py:190} INFO - [2025-12-08T08:24:28.049+0000] {dagbag.py:587} INFO - Filling up the DagBag from /home/airflow/.local/lib/python3.12/site-packages/airflow/example_dags/tutorial_objectstorage.py
[2025-12-08T08:24:28.061+0000] {processor.py:925} INFO - DAG(s) 'tutorial_objectstorage' retrieved from /home/airflow/.local/lib/python3.12/site-packages/airflow/example_dags/tutorial_objectstorage.py
[2025-12-08T08:24:28.085+0000] {logging_mixin.py:190} INFO - [2025-12-08T08:24:28.084+0000] {dag.py:3211} INFO - Sync 1 DAGs
[2025-12-08T08:24:28.100+0000] {logging_mixin.py:190} INFO - [2025-12-08T08:24:28.100+0000] {dag.py:4138} INFO - Setting next_dagrun for tutorial_objectstorage to None, run_after=None
[2025-12-08T08:24:28.127+0000] {processor.py:208} INFO - Processing /home/airflow/.local/lib/python3.12/site-packages/airflow/example_dags/tutorial_objectstorage.py took 0.089 seconds
[2025-12-08T08:24:58.532+0000] {processor.py:186} INFO - Started process (PID=7328) to work on /home/airflow/.local/lib/python3.12/site-packages/airflow/example_dags/tutorial_objectstorage.py
[2025-12-08T08:24:58.533+0000] {processor.py:914} INFO - Processing file /home/airflow/.local/lib/python3.12/site-packages/airflow/example_dags/tutorial_objectstorage.py for tasks to queue
[2025-12-08T08:24:58.537+0000] {logging_mixin.py:190} INFO - [2025-12-08T08:24:58.536+0000] {dagbag.py:587} INFO - Filling up the DagBag from /home/airflow/.local/lib/python3.12/site-packages/airflow/example_dags/tutorial_objectstorage.py
[2025-12-08T08:24:58.547+0000] {processor.py:925} INFO - DAG(s) 'tutorial_objectstorage' retrieved from /home/airflow/.local/lib/python3.12/site-packages/airflow/example_dags/tutorial_objectstorage.py
[2025-12-08T08:24:58.570+0000] {logging_mixin.py:190} INFO - [2025-12-08T08:24:58.570+0000] {dag.py:3211} INFO - Sync 1 DAGs
[2025-12-08T08:24:58.584+0000] {logging_mixin.py:190} INFO - [2025-12-08T08:24:58.584+0000] {dag.py:4138} INFO - Setting next_dagrun for tutorial_objectstorage to None, run_after=None
[2025-12-08T08:24:58.607+0000] {processor.py:208} INFO - Processing /home/airflow/.local/lib/python3.12/site-packages/airflow/example_dags/tutorial_objectstorage.py took 0.084 seconds
[2025-12-08T08:25:29.086+0000] {processor.py:186} INFO - Started process (PID=7391) to work on /home/airflow/.local/lib/python3.12/site-packages/airflow/example_dags/tutorial_objectstorage.py
[2025-12-08T08:25:29.088+0000] {processor.py:914} INFO - Processing file /home/airflow/.local/lib/python3.12/site-packages/airflow/example_dags/tutorial_objectstorage.py for tasks to queue
[2025-12-08T08:25:29.093+0000] {logging_mixin.py:190} INFO - [2025-12-08T08:25:29.092+0000] {dagbag.py:587} INFO - Filling up the DagBag from /home/airflow/.local/lib/python3.12/site-packages/airflow/example_dags/tutorial_objectstorage.py
[2025-12-08T08:25:29.109+0000] {processor.py:925} INFO - DAG(s) 'tutorial_objectstorage' retrieved from /home/airflow/.local/lib/python3.12/site-packages/airflow/example_dags/tutorial_objectstorage.py
[2025-12-08T08:25:29.146+0000] {logging_mixin.py:190} INFO - [2025-12-08T08:25:29.145+0000] {dag.py:3211} INFO - Sync 1 DAGs
[2025-12-08T08:25:29.161+0000] {logging_mixin.py:190} INFO - [2025-12-08T08:25:29.161+0000] {dag.py:4138} INFO - Setting next_dagrun for tutorial_objectstorage to None, run_after=None
[2025-12-08T08:25:29.184+0000] {processor.py:208} INFO - Processing /home/airflow/.local/lib/python3.12/site-packages/airflow/example_dags/tutorial_objectstorage.py took 0.107 seconds
[2025-12-08T08:25:59.605+0000] {processor.py:186} INFO - Started process (PID=7454) to work on /home/airflow/.local/lib/python3.12/site-packages/airflow/example_dags/tutorial_objectstorage.py
[2025-12-08T08:25:59.607+0000] {processor.py:914} INFO - Processing file /home/airflow/.local/lib/python3.12/site-packages/airflow/example_dags/tutorial_objectstorage.py for tasks to queue
[2025-12-08T08:25:59.610+0000] {logging_mixin.py:190} INFO - [2025-12-08T08:25:59.610+0000] {dagbag.py:587} INFO - Filling up the DagBag from /home/airflow/.local/lib/python3.12/site-packages/airflow/example_dags/tutorial_objectstorage.py
[2025-12-08T08:25:59.620+0000] {processor.py:925} INFO - DAG(s) 'tutorial_objectstorage' retrieved from /home/airflow/.local/lib/python3.12/site-packages/airflow/example_dags/tutorial_objectstorage.py
[2025-12-08T08:25:59.645+0000] {logging_mixin.py:190} INFO - [2025-12-08T08:25:59.645+0000] {dag.py:3211} INFO - Sync 1 DAGs
[2025-12-08T08:25:59.659+0000] {logging_mixin.py:190} INFO - [2025-12-08T08:25:59.659+0000] {dag.py:4138} INFO - Setting next_dagrun for tutorial_objectstorage to None, run_after=None
[2025-12-08T08:25:59.692+0000] {processor.py:208} INFO - Processing /home/airflow/.local/lib/python3.12/site-packages/airflow/example_dags/tutorial_objectstorage.py took 0.097 seconds
[2025-12-08T08:26:30.079+0000] {processor.py:186} INFO - Started process (PID=7517) to work on /home/airflow/.local/lib/python3.12/site-packages/airflow/example_dags/tutorial_objectstorage.py
[2025-12-08T08:26:30.081+0000] {processor.py:914} INFO - Processing file /home/airflow/.local/lib/python3.12/site-packages/airflow/example_dags/tutorial_objectstorage.py for tasks to queue
[2025-12-08T08:26:30.085+0000] {logging_mixin.py:190} INFO - [2025-12-08T08:26:30.084+0000] {dagbag.py:587} INFO - Filling up the DagBag from /home/airflow/.local/lib/python3.12/site-packages/airflow/example_dags/tutorial_objectstorage.py
[2025-12-08T08:26:30.095+0000] {processor.py:925} INFO - DAG(s) 'tutorial_objectstorage' retrieved from /home/airflow/.local/lib/python3.12/site-packages/airflow/example_dags/tutorial_objectstorage.py
[2025-12-08T08:26:30.122+0000] {logging_mixin.py:190} INFO - [2025-12-08T08:26:30.122+0000] {dag.py:3211} INFO - Sync 1 DAGs
[2025-12-08T08:26:30.138+0000] {logging_mixin.py:190} INFO - [2025-12-08T08:26:30.137+0000] {dag.py:4138} INFO - Setting next_dagrun for tutorial_objectstorage to None, run_after=None
[2025-12-08T08:26:30.161+0000] {processor.py:208} INFO - Processing /home/airflow/.local/lib/python3.12/site-packages/airflow/example_dags/tutorial_objectstorage.py took 0.092 seconds
[2025-12-08T08:27:00.734+0000] {processor.py:186} INFO - Started process (PID=7581) to work on /home/airflow/.local/lib/python3.12/site-packages/airflow/example_dags/tutorial_objectstorage.py
[2025-12-08T08:27:00.735+0000] {processor.py:914} INFO - Processing file /home/airflow/.local/lib/python3.12/site-packages/airflow/example_dags/tutorial_objectstorage.py for tasks to queue
[2025-12-08T08:27:00.738+0000] {logging_mixin.py:190} INFO - [2025-12-08T08:27:00.738+0000] {dagbag.py:587} INFO - Filling up the DagBag from /home/airflow/.local/lib/python3.12/site-packages/airflow/example_dags/tutorial_objectstorage.py
[2025-12-08T08:27:00.749+0000] {processor.py:925} INFO - DAG(s) 'tutorial_objectstorage' retrieved from /home/airflow/.local/lib/python3.12/site-packages/airflow/example_dags/tutorial_objectstorage.py
[2025-12-08T08:27:00.770+0000] {logging_mixin.py:190} INFO - [2025-12-08T08:27:00.770+0000] {dag.py:3211} INFO - Sync 1 DAGs
[2025-12-08T08:27:00.785+0000] {logging_mixin.py:190} INFO - [2025-12-08T08:27:00.784+0000] {dag.py:4138} INFO - Setting next_dagrun for tutorial_objectstorage to None, run_after=None
[2025-12-08T08:27:00.810+0000] {processor.py:208} INFO - Processing /home/airflow/.local/lib/python3.12/site-packages/airflow/example_dags/tutorial_objectstorage.py took 0.083 seconds
[2025-12-08T08:27:30.857+0000] {processor.py:186} INFO - Started process (PID=7643) to work on /home/airflow/.local/lib/python3.12/site-packages/airflow/example_dags/tutorial_objectstorage.py
[2025-12-08T08:27:30.859+0000] {processor.py:914} INFO - Processing file /home/airflow/.local/lib/python3.12/site-packages/airflow/example_dags/tutorial_objectstorage.py for tasks to queue
[2025-12-08T08:27:30.864+0000] {logging_mixin.py:190} INFO - [2025-12-08T08:27:30.864+0000] {dagbag.py:587} INFO - Filling up the DagBag from /home/airflow/.local/lib/python3.12/site-packages/airflow/example_dags/tutorial_objectstorage.py
[2025-12-08T08:27:30.880+0000] {processor.py:925} INFO - DAG(s) 'tutorial_objectstorage' retrieved from /home/airflow/.local/lib/python3.12/site-packages/airflow/example_dags/tutorial_objectstorage.py
[2025-12-08T08:27:30.905+0000] {logging_mixin.py:190} INFO - [2025-12-08T08:27:30.905+0000] {dag.py:3211} INFO - Sync 1 DAGs
[2025-12-08T08:27:30.922+0000] {logging_mixin.py:190} INFO - [2025-12-08T08:27:30.922+0000] {dag.py:4138} INFO - Setting next_dagrun for tutorial_objectstorage to None, run_after=None
[2025-12-08T08:27:30.945+0000] {processor.py:208} INFO - Processing /home/airflow/.local/lib/python3.12/site-packages/airflow/example_dags/tutorial_objectstorage.py took 0.097 seconds
[2025-12-08T08:28:01.209+0000] {processor.py:186} INFO - Started process (PID=7706) to work on /home/airflow/.local/lib/python3.12/site-packages/airflow/example_dags/tutorial_objectstorage.py
[2025-12-08T08:28:01.211+0000] {processor.py:914} INFO - Processing file /home/airflow/.local/lib/python3.12/site-packages/airflow/example_dags/tutorial_objectstorage.py for tasks to queue
[2025-12-08T08:28:01.215+0000] {logging_mixin.py:190} INFO - [2025-12-08T08:28:01.214+0000] {dagbag.py:587} INFO - Filling up the DagBag from /home/airflow/.local/lib/python3.12/site-packages/airflow/example_dags/tutorial_objectstorage.py
[2025-12-08T08:28:01.225+0000] {processor.py:925} INFO - DAG(s) 'tutorial_objectstorage' retrieved from /home/airflow/.local/lib/python3.12/site-packages/airflow/example_dags/tutorial_objectstorage.py
[2025-12-08T08:28:01.246+0000] {logging_mixin.py:190} INFO - [2025-12-08T08:28:01.245+0000] {dag.py:3211} INFO - Sync 1 DAGs
[2025-12-08T08:28:01.261+0000] {logging_mixin.py:190} INFO - [2025-12-08T08:28:01.261+0000] {dag.py:4138} INFO - Setting next_dagrun for tutorial_objectstorage to None, run_after=None
[2025-12-08T08:28:01.285+0000] {processor.py:208} INFO - Processing /home/airflow/.local/lib/python3.12/site-packages/airflow/example_dags/tutorial_objectstorage.py took 0.082 seconds
[2025-12-08T08:28:31.502+0000] {processor.py:186} INFO - Started process (PID=7769) to work on /home/airflow/.local/lib/python3.12/site-packages/airflow/example_dags/tutorial_objectstorage.py
[2025-12-08T08:28:31.504+0000] {processor.py:914} INFO - Processing file /home/airflow/.local/lib/python3.12/site-packages/airflow/example_dags/tutorial_objectstorage.py for tasks to queue
[2025-12-08T08:28:31.509+0000] {logging_mixin.py:190} INFO - [2025-12-08T08:28:31.509+0000] {dagbag.py:587} INFO - Filling up the DagBag from /home/airflow/.local/lib/python3.12/site-packages/airflow/example_dags/tutorial_objectstorage.py
[2025-12-08T08:28:31.519+0000] {processor.py:925} INFO - DAG(s) 'tutorial_objectstorage' retrieved from /home/airflow/.local/lib/python3.12/site-packages/airflow/example_dags/tutorial_objectstorage.py
[2025-12-08T08:28:31.542+0000] {logging_mixin.py:190} INFO - [2025-12-08T08:28:31.542+0000] {dag.py:3211} INFO - Sync 1 DAGs
[2025-12-08T08:28:31.555+0000] {logging_mixin.py:190} INFO - [2025-12-08T08:28:31.555+0000] {dag.py:4138} INFO - Setting next_dagrun for tutorial_objectstorage to None, run_after=None
[2025-12-08T08:28:31.580+0000] {processor.py:208} INFO - Processing /home/airflow/.local/lib/python3.12/site-packages/airflow/example_dags/tutorial_objectstorage.py took 0.088 seconds
[2025-12-08T08:29:01.875+0000] {processor.py:186} INFO - Started process (PID=7832) to work on /home/airflow/.local/lib/python3.12/site-packages/airflow/example_dags/tutorial_objectstorage.py
[2025-12-08T08:29:01.877+0000] {processor.py:914} INFO - Processing file /home/airflow/.local/lib/python3.12/site-packages/airflow/example_dags/tutorial_objectstorage.py for tasks to queue
[2025-12-08T08:29:01.880+0000] {logging_mixin.py:190} INFO - [2025-12-08T08:29:01.880+0000] {dagbag.py:587} INFO - Filling up the DagBag from /home/airflow/.local/lib/python3.12/site-packages/airflow/example_dags/tutorial_objectstorage.py
[2025-12-08T08:29:01.893+0000] {processor.py:925} INFO - DAG(s) 'tutorial_objectstorage' retrieved from /home/airflow/.local/lib/python3.12/site-packages/airflow/example_dags/tutorial_objectstorage.py
[2025-12-08T08:29:01.920+0000] {logging_mixin.py:190} INFO - [2025-12-08T08:29:01.920+0000] {dag.py:3211} INFO - Sync 1 DAGs
[2025-12-08T08:29:01.937+0000] {logging_mixin.py:190} INFO - [2025-12-08T08:29:01.937+0000] {dag.py:4138} INFO - Setting next_dagrun for tutorial_objectstorage to None, run_after=None
[2025-12-08T08:29:01.961+0000] {processor.py:208} INFO - Processing /home/airflow/.local/lib/python3.12/site-packages/airflow/example_dags/tutorial_objectstorage.py took 0.095 seconds
[2025-12-08T08:29:32.048+0000] {processor.py:186} INFO - Started process (PID=7895) to work on /home/airflow/.local/lib/python3.12/site-packages/airflow/example_dags/tutorial_objectstorage.py
[2025-12-08T08:29:32.050+0000] {processor.py:914} INFO - Processing file /home/airflow/.local/lib/python3.12/site-packages/airflow/example_dags/tutorial_objectstorage.py for tasks to queue
[2025-12-08T08:29:32.053+0000] {logging_mixin.py:190} INFO - [2025-12-08T08:29:32.053+0000] {dagbag.py:587} INFO - Filling up the DagBag from /home/airflow/.local/lib/python3.12/site-packages/airflow/example_dags/tutorial_objectstorage.py
[2025-12-08T08:29:32.064+0000] {processor.py:925} INFO - DAG(s) 'tutorial_objectstorage' retrieved from /home/airflow/.local/lib/python3.12/site-packages/airflow/example_dags/tutorial_objectstorage.py
[2025-12-08T08:29:32.089+0000] {logging_mixin.py:190} INFO - [2025-12-08T08:29:32.088+0000] {dag.py:3211} INFO - Sync 1 DAGs
[2025-12-08T08:29:32.104+0000] {logging_mixin.py:190} INFO - [2025-12-08T08:29:32.104+0000] {dag.py:4138} INFO - Setting next_dagrun for tutorial_objectstorage to None, run_after=None
[2025-12-08T08:29:32.130+0000] {processor.py:208} INFO - Processing /home/airflow/.local/lib/python3.12/site-packages/airflow/example_dags/tutorial_objectstorage.py took 0.091 seconds
[2025-12-08T08:30:02.723+0000] {processor.py:186} INFO - Started process (PID=7958) to work on /home/airflow/.local/lib/python3.12/site-packages/airflow/example_dags/tutorial_objectstorage.py
[2025-12-08T08:30:02.726+0000] {processor.py:914} INFO - Processing file /home/airflow/.local/lib/python3.12/site-packages/airflow/example_dags/tutorial_objectstorage.py for tasks to queue
[2025-12-08T08:30:02.731+0000] {logging_mixin.py:190} INFO - [2025-12-08T08:30:02.730+0000] {dagbag.py:587} INFO - Filling up the DagBag from /home/airflow/.local/lib/python3.12/site-packages/airflow/example_dags/tutorial_objectstorage.py
[2025-12-08T08:30:02.746+0000] {processor.py:925} INFO - DAG(s) 'tutorial_objectstorage' retrieved from /home/airflow/.local/lib/python3.12/site-packages/airflow/example_dags/tutorial_objectstorage.py
[2025-12-08T08:30:02.794+0000] {logging_mixin.py:190} INFO - [2025-12-08T08:30:02.794+0000] {dag.py:3211} INFO - Sync 1 DAGs
[2025-12-08T08:30:02.820+0000] {logging_mixin.py:190} INFO - [2025-12-08T08:30:02.820+0000] {dag.py:4138} INFO - Setting next_dagrun for tutorial_objectstorage to None, run_after=None
[2025-12-08T08:30:02.850+0000] {processor.py:208} INFO - Processing /home/airflow/.local/lib/python3.12/site-packages/airflow/example_dags/tutorial_objectstorage.py took 0.138 seconds
[2025-12-08T08:30:33.370+0000] {processor.py:186} INFO - Started process (PID=8021) to work on /home/airflow/.local/lib/python3.12/site-packages/airflow/example_dags/tutorial_objectstorage.py
[2025-12-08T08:30:33.374+0000] {processor.py:914} INFO - Processing file /home/airflow/.local/lib/python3.12/site-packages/airflow/example_dags/tutorial_objectstorage.py for tasks to queue
[2025-12-08T08:30:33.383+0000] {logging_mixin.py:190} INFO - [2025-12-08T08:30:33.382+0000] {dagbag.py:587} INFO - Filling up the DagBag from /home/airflow/.local/lib/python3.12/site-packages/airflow/example_dags/tutorial_objectstorage.py
[2025-12-08T08:30:33.418+0000] {processor.py:925} INFO - DAG(s) 'tutorial_objectstorage' retrieved from /home/airflow/.local/lib/python3.12/site-packages/airflow/example_dags/tutorial_objectstorage.py
[2025-12-08T08:30:33.458+0000] {logging_mixin.py:190} INFO - [2025-12-08T08:30:33.458+0000] {dag.py:3211} INFO - Sync 1 DAGs
[2025-12-08T08:30:33.487+0000] {logging_mixin.py:190} INFO - [2025-12-08T08:30:33.486+0000] {dag.py:4138} INFO - Setting next_dagrun for tutorial_objectstorage to None, run_after=None
[2025-12-08T08:30:33.536+0000] {processor.py:208} INFO - Processing /home/airflow/.local/lib/python3.12/site-packages/airflow/example_dags/tutorial_objectstorage.py took 0.189 seconds
[2025-12-08T08:31:04.367+0000] {processor.py:186} INFO - Started process (PID=8084) to work on /home/airflow/.local/lib/python3.12/site-packages/airflow/example_dags/tutorial_objectstorage.py
[2025-12-08T08:31:04.369+0000] {processor.py:914} INFO - Processing file /home/airflow/.local/lib/python3.12/site-packages/airflow/example_dags/tutorial_objectstorage.py for tasks to queue
[2025-12-08T08:31:04.374+0000] {logging_mixin.py:190} INFO - [2025-12-08T08:31:04.373+0000] {dagbag.py:587} INFO - Filling up the DagBag from /home/airflow/.local/lib/python3.12/site-packages/airflow/example_dags/tutorial_objectstorage.py
[2025-12-08T08:31:04.398+0000] {processor.py:925} INFO - DAG(s) 'tutorial_objectstorage' retrieved from /home/airflow/.local/lib/python3.12/site-packages/airflow/example_dags/tutorial_objectstorage.py
[2025-12-08T08:31:04.427+0000] {logging_mixin.py:190} INFO - [2025-12-08T08:31:04.426+0000] {dag.py:3211} INFO - Sync 1 DAGs
[2025-12-08T08:31:04.441+0000] {logging_mixin.py:190} INFO - [2025-12-08T08:31:04.441+0000] {dag.py:4138} INFO - Setting next_dagrun for tutorial_objectstorage to None, run_after=None
[2025-12-08T08:31:04.463+0000] {processor.py:208} INFO - Processing /home/airflow/.local/lib/python3.12/site-packages/airflow/example_dags/tutorial_objectstorage.py took 0.107 seconds
[2025-12-08T08:31:35.111+0000] {processor.py:186} INFO - Started process (PID=8147) to work on /home/airflow/.local/lib/python3.12/site-packages/airflow/example_dags/tutorial_objectstorage.py
[2025-12-08T08:31:35.113+0000] {processor.py:914} INFO - Processing file /home/airflow/.local/lib/python3.12/site-packages/airflow/example_dags/tutorial_objectstorage.py for tasks to queue
[2025-12-08T08:31:35.119+0000] {logging_mixin.py:190} INFO - [2025-12-08T08:31:35.119+0000] {dagbag.py:587} INFO - Filling up the DagBag from /home/airflow/.local/lib/python3.12/site-packages/airflow/example_dags/tutorial_objectstorage.py
[2025-12-08T08:31:35.140+0000] {processor.py:925} INFO - DAG(s) 'tutorial_objectstorage' retrieved from /home/airflow/.local/lib/python3.12/site-packages/airflow/example_dags/tutorial_objectstorage.py
[2025-12-08T08:31:35.186+0000] {logging_mixin.py:190} INFO - [2025-12-08T08:31:35.186+0000] {dag.py:3211} INFO - Sync 1 DAGs
[2025-12-08T08:31:35.209+0000] {logging_mixin.py:190} INFO - [2025-12-08T08:31:35.209+0000] {dag.py:4138} INFO - Setting next_dagrun for tutorial_objectstorage to None, run_after=None
[2025-12-08T08:31:35.253+0000] {processor.py:208} INFO - Processing /home/airflow/.local/lib/python3.12/site-packages/airflow/example_dags/tutorial_objectstorage.py took 0.156 seconds
[2025-12-08T08:32:05.638+0000] {processor.py:186} INFO - Started process (PID=8210) to work on /home/airflow/.local/lib/python3.12/site-packages/airflow/example_dags/tutorial_objectstorage.py
[2025-12-08T08:32:05.640+0000] {processor.py:914} INFO - Processing file /home/airflow/.local/lib/python3.12/site-packages/airflow/example_dags/tutorial_objectstorage.py for tasks to queue
[2025-12-08T08:32:05.644+0000] {logging_mixin.py:190} INFO - [2025-12-08T08:32:05.644+0000] {dagbag.py:587} INFO - Filling up the DagBag from /home/airflow/.local/lib/python3.12/site-packages/airflow/example_dags/tutorial_objectstorage.py
[2025-12-08T08:32:05.655+0000] {processor.py:925} INFO - DAG(s) 'tutorial_objectstorage' retrieved from /home/airflow/.local/lib/python3.12/site-packages/airflow/example_dags/tutorial_objectstorage.py
[2025-12-08T08:32:05.681+0000] {logging_mixin.py:190} INFO - [2025-12-08T08:32:05.681+0000] {dag.py:3211} INFO - Sync 1 DAGs
[2025-12-08T08:32:05.697+0000] {logging_mixin.py:190} INFO - [2025-12-08T08:32:05.696+0000] {dag.py:4138} INFO - Setting next_dagrun for tutorial_objectstorage to None, run_after=None
[2025-12-08T08:32:05.722+0000] {processor.py:208} INFO - Processing /home/airflow/.local/lib/python3.12/site-packages/airflow/example_dags/tutorial_objectstorage.py took 0.092 seconds
[2025-12-08T08:32:36.432+0000] {processor.py:186} INFO - Started process (PID=8273) to work on /home/airflow/.local/lib/python3.12/site-packages/airflow/example_dags/tutorial_objectstorage.py
[2025-12-08T08:32:36.434+0000] {processor.py:914} INFO - Processing file /home/airflow/.local/lib/python3.12/site-packages/airflow/example_dags/tutorial_objectstorage.py for tasks to queue
[2025-12-08T08:32:36.437+0000] {logging_mixin.py:190} INFO - [2025-12-08T08:32:36.437+0000] {dagbag.py:587} INFO - Filling up the DagBag from /home/airflow/.local/lib/python3.12/site-packages/airflow/example_dags/tutorial_objectstorage.py
[2025-12-08T08:32:36.447+0000] {processor.py:925} INFO - DAG(s) 'tutorial_objectstorage' retrieved from /home/airflow/.local/lib/python3.12/site-packages/airflow/example_dags/tutorial_objectstorage.py
[2025-12-08T08:32:36.469+0000] {logging_mixin.py:190} INFO - [2025-12-08T08:32:36.469+0000] {dag.py:3211} INFO - Sync 1 DAGs
[2025-12-08T08:32:36.483+0000] {logging_mixin.py:190} INFO - [2025-12-08T08:32:36.483+0000] {dag.py:4138} INFO - Setting next_dagrun for tutorial_objectstorage to None, run_after=None
[2025-12-08T08:32:36.508+0000] {processor.py:208} INFO - Processing /home/airflow/.local/lib/python3.12/site-packages/airflow/example_dags/tutorial_objectstorage.py took 0.082 seconds
[2025-12-08T08:33:06.815+0000] {processor.py:186} INFO - Started process (PID=8337) to work on /home/airflow/.local/lib/python3.12/site-packages/airflow/example_dags/tutorial_objectstorage.py
[2025-12-08T08:33:06.817+0000] {processor.py:914} INFO - Processing file /home/airflow/.local/lib/python3.12/site-packages/airflow/example_dags/tutorial_objectstorage.py for tasks to queue
[2025-12-08T08:33:06.821+0000] {logging_mixin.py:190} INFO - [2025-12-08T08:33:06.820+0000] {dagbag.py:587} INFO - Filling up the DagBag from /home/airflow/.local/lib/python3.12/site-packages/airflow/example_dags/tutorial_objectstorage.py
[2025-12-08T08:33:06.831+0000] {processor.py:925} INFO - DAG(s) 'tutorial_objectstorage' retrieved from /home/airflow/.local/lib/python3.12/site-packages/airflow/example_dags/tutorial_objectstorage.py
[2025-12-08T08:33:06.855+0000] {logging_mixin.py:190} INFO - [2025-12-08T08:33:06.854+0000] {dag.py:3211} INFO - Sync 1 DAGs
[2025-12-08T08:33:06.869+0000] {logging_mixin.py:190} INFO - [2025-12-08T08:33:06.869+0000] {dag.py:4138} INFO - Setting next_dagrun for tutorial_objectstorage to None, run_after=None
[2025-12-08T08:33:06.893+0000] {processor.py:208} INFO - Processing /home/airflow/.local/lib/python3.12/site-packages/airflow/example_dags/tutorial_objectstorage.py took 0.087 seconds
[2025-12-08T08:33:37.740+0000] {processor.py:186} INFO - Started process (PID=8400) to work on /home/airflow/.local/lib/python3.12/site-packages/airflow/example_dags/tutorial_objectstorage.py
[2025-12-08T08:33:37.742+0000] {processor.py:914} INFO - Processing file /home/airflow/.local/lib/python3.12/site-packages/airflow/example_dags/tutorial_objectstorage.py for tasks to queue
[2025-12-08T08:33:37.747+0000] {logging_mixin.py:190} INFO - [2025-12-08T08:33:37.746+0000] {dagbag.py:587} INFO - Filling up the DagBag from /home/airflow/.local/lib/python3.12/site-packages/airflow/example_dags/tutorial_objectstorage.py
[2025-12-08T08:33:37.758+0000] {processor.py:925} INFO - DAG(s) 'tutorial_objectstorage' retrieved from /home/airflow/.local/lib/python3.12/site-packages/airflow/example_dags/tutorial_objectstorage.py
[2025-12-08T08:33:37.787+0000] {logging_mixin.py:190} INFO - [2025-12-08T08:33:37.786+0000] {dag.py:3211} INFO - Sync 1 DAGs
[2025-12-08T08:33:37.801+0000] {logging_mixin.py:190} INFO - [2025-12-08T08:33:37.801+0000] {dag.py:4138} INFO - Setting next_dagrun for tutorial_objectstorage to None, run_after=None
[2025-12-08T08:33:37.824+0000] {processor.py:208} INFO - Processing /home/airflow/.local/lib/python3.12/site-packages/airflow/example_dags/tutorial_objectstorage.py took 0.095 seconds
[2025-12-08T08:34:08.646+0000] {processor.py:186} INFO - Started process (PID=8463) to work on /home/airflow/.local/lib/python3.12/site-packages/airflow/example_dags/tutorial_objectstorage.py
[2025-12-08T08:34:08.649+0000] {processor.py:914} INFO - Processing file /home/airflow/.local/lib/python3.12/site-packages/airflow/example_dags/tutorial_objectstorage.py for tasks to queue
[2025-12-08T08:34:08.654+0000] {logging_mixin.py:190} INFO - [2025-12-08T08:34:08.653+0000] {dagbag.py:587} INFO - Filling up the DagBag from /home/airflow/.local/lib/python3.12/site-packages/airflow/example_dags/tutorial_objectstorage.py
[2025-12-08T08:34:08.671+0000] {processor.py:925} INFO - DAG(s) 'tutorial_objectstorage' retrieved from /home/airflow/.local/lib/python3.12/site-packages/airflow/example_dags/tutorial_objectstorage.py
[2025-12-08T08:34:08.699+0000] {logging_mixin.py:190} INFO - [2025-12-08T08:34:08.699+0000] {dag.py:3211} INFO - Sync 1 DAGs
[2025-12-08T08:34:08.717+0000] {logging_mixin.py:190} INFO - [2025-12-08T08:34:08.717+0000] {dag.py:4138} INFO - Setting next_dagrun for tutorial_objectstorage to None, run_after=None
[2025-12-08T08:34:08.743+0000] {processor.py:208} INFO - Processing /home/airflow/.local/lib/python3.12/site-packages/airflow/example_dags/tutorial_objectstorage.py took 0.110 seconds
[2025-12-08T08:34:38.865+0000] {processor.py:186} INFO - Started process (PID=8526) to work on /home/airflow/.local/lib/python3.12/site-packages/airflow/example_dags/tutorial_objectstorage.py
[2025-12-08T08:34:38.868+0000] {processor.py:914} INFO - Processing file /home/airflow/.local/lib/python3.12/site-packages/airflow/example_dags/tutorial_objectstorage.py for tasks to queue
[2025-12-08T08:34:38.876+0000] {logging_mixin.py:190} INFO - [2025-12-08T08:34:38.875+0000] {dagbag.py:587} INFO - Filling up the DagBag from /home/airflow/.local/lib/python3.12/site-packages/airflow/example_dags/tutorial_objectstorage.py
[2025-12-08T08:34:38.894+0000] {processor.py:925} INFO - DAG(s) 'tutorial_objectstorage' retrieved from /home/airflow/.local/lib/python3.12/site-packages/airflow/example_dags/tutorial_objectstorage.py
[2025-12-08T08:34:38.918+0000] {logging_mixin.py:190} INFO - [2025-12-08T08:34:38.918+0000] {dag.py:3211} INFO - Sync 1 DAGs
[2025-12-08T08:34:38.932+0000] {logging_mixin.py:190} INFO - [2025-12-08T08:34:38.932+0000] {dag.py:4138} INFO - Setting next_dagrun for tutorial_objectstorage to None, run_after=None
[2025-12-08T08:34:38.960+0000] {processor.py:208} INFO - Processing /home/airflow/.local/lib/python3.12/site-packages/airflow/example_dags/tutorial_objectstorage.py took 0.109 seconds
[2025-12-08T08:35:09.520+0000] {processor.py:186} INFO - Started process (PID=8589) to work on /home/airflow/.local/lib/python3.12/site-packages/airflow/example_dags/tutorial_objectstorage.py
[2025-12-08T08:35:09.522+0000] {processor.py:914} INFO - Processing file /home/airflow/.local/lib/python3.12/site-packages/airflow/example_dags/tutorial_objectstorage.py for tasks to queue
[2025-12-08T08:35:09.526+0000] {logging_mixin.py:190} INFO - [2025-12-08T08:35:09.525+0000] {dagbag.py:587} INFO - Filling up the DagBag from /home/airflow/.local/lib/python3.12/site-packages/airflow/example_dags/tutorial_objectstorage.py
[2025-12-08T08:35:09.538+0000] {processor.py:925} INFO - DAG(s) 'tutorial_objectstorage' retrieved from /home/airflow/.local/lib/python3.12/site-packages/airflow/example_dags/tutorial_objectstorage.py
[2025-12-08T08:35:09.564+0000] {logging_mixin.py:190} INFO - [2025-12-08T08:35:09.564+0000] {dag.py:3211} INFO - Sync 1 DAGs
[2025-12-08T08:35:09.585+0000] {logging_mixin.py:190} INFO - [2025-12-08T08:35:09.585+0000] {dag.py:4138} INFO - Setting next_dagrun for tutorial_objectstorage to None, run_after=None
[2025-12-08T08:35:09.611+0000] {processor.py:208} INFO - Processing /home/airflow/.local/lib/python3.12/site-packages/airflow/example_dags/tutorial_objectstorage.py took 0.099 seconds
[2025-12-08T08:35:39.827+0000] {processor.py:186} INFO - Started process (PID=8652) to work on /home/airflow/.local/lib/python3.12/site-packages/airflow/example_dags/tutorial_objectstorage.py
[2025-12-08T08:35:39.829+0000] {processor.py:914} INFO - Processing file /home/airflow/.local/lib/python3.12/site-packages/airflow/example_dags/tutorial_objectstorage.py for tasks to queue
[2025-12-08T08:35:39.833+0000] {logging_mixin.py:190} INFO - [2025-12-08T08:35:39.832+0000] {dagbag.py:587} INFO - Filling up the DagBag from /home/airflow/.local/lib/python3.12/site-packages/airflow/example_dags/tutorial_objectstorage.py
[2025-12-08T08:35:39.845+0000] {processor.py:925} INFO - DAG(s) 'tutorial_objectstorage' retrieved from /home/airflow/.local/lib/python3.12/site-packages/airflow/example_dags/tutorial_objectstorage.py
[2025-12-08T08:35:39.874+0000] {logging_mixin.py:190} INFO - [2025-12-08T08:35:39.874+0000] {dag.py:3211} INFO - Sync 1 DAGs
[2025-12-08T08:35:39.891+0000] {logging_mixin.py:190} INFO - [2025-12-08T08:35:39.890+0000] {dag.py:4138} INFO - Setting next_dagrun for tutorial_objectstorage to None, run_after=None
[2025-12-08T08:35:39.915+0000] {processor.py:208} INFO - Processing /home/airflow/.local/lib/python3.12/site-packages/airflow/example_dags/tutorial_objectstorage.py took 0.097 seconds
[2025-12-08T08:36:10.366+0000] {processor.py:186} INFO - Started process (PID=8715) to work on /home/airflow/.local/lib/python3.12/site-packages/airflow/example_dags/tutorial_objectstorage.py
[2025-12-08T08:36:10.367+0000] {processor.py:914} INFO - Processing file /home/airflow/.local/lib/python3.12/site-packages/airflow/example_dags/tutorial_objectstorage.py for tasks to queue
[2025-12-08T08:36:10.371+0000] {logging_mixin.py:190} INFO - [2025-12-08T08:36:10.370+0000] {dagbag.py:587} INFO - Filling up the DagBag from /home/airflow/.local/lib/python3.12/site-packages/airflow/example_dags/tutorial_objectstorage.py
[2025-12-08T08:36:10.383+0000] {processor.py:925} INFO - DAG(s) 'tutorial_objectstorage' retrieved from /home/airflow/.local/lib/python3.12/site-packages/airflow/example_dags/tutorial_objectstorage.py
[2025-12-08T08:36:10.409+0000] {logging_mixin.py:190} INFO - [2025-12-08T08:36:10.409+0000] {dag.py:3211} INFO - Sync 1 DAGs
[2025-12-08T08:36:10.427+0000] {logging_mixin.py:190} INFO - [2025-12-08T08:36:10.426+0000] {dag.py:4138} INFO - Setting next_dagrun for tutorial_objectstorage to None, run_after=None
[2025-12-08T08:36:10.454+0000] {processor.py:208} INFO - Processing /home/airflow/.local/lib/python3.12/site-packages/airflow/example_dags/tutorial_objectstorage.py took 0.095 seconds
[2025-12-08T08:36:41.004+0000] {processor.py:186} INFO - Started process (PID=8778) to work on /home/airflow/.local/lib/python3.12/site-packages/airflow/example_dags/tutorial_objectstorage.py
[2025-12-08T08:36:41.006+0000] {processor.py:914} INFO - Processing file /home/airflow/.local/lib/python3.12/site-packages/airflow/example_dags/tutorial_objectstorage.py for tasks to queue
[2025-12-08T08:36:41.010+0000] {logging_mixin.py:190} INFO - [2025-12-08T08:36:41.009+0000] {dagbag.py:587} INFO - Filling up the DagBag from /home/airflow/.local/lib/python3.12/site-packages/airflow/example_dags/tutorial_objectstorage.py
[2025-12-08T08:36:41.021+0000] {processor.py:925} INFO - DAG(s) 'tutorial_objectstorage' retrieved from /home/airflow/.local/lib/python3.12/site-packages/airflow/example_dags/tutorial_objectstorage.py
[2025-12-08T08:36:41.049+0000] {logging_mixin.py:190} INFO - [2025-12-08T08:36:41.049+0000] {dag.py:3211} INFO - Sync 1 DAGs
[2025-12-08T08:36:41.064+0000] {logging_mixin.py:190} INFO - [2025-12-08T08:36:41.064+0000] {dag.py:4138} INFO - Setting next_dagrun for tutorial_objectstorage to None, run_after=None
[2025-12-08T08:36:41.088+0000] {processor.py:208} INFO - Processing /home/airflow/.local/lib/python3.12/site-packages/airflow/example_dags/tutorial_objectstorage.py took 0.091 seconds
[2025-12-08T08:37:11.134+0000] {processor.py:186} INFO - Started process (PID=8840) to work on /home/airflow/.local/lib/python3.12/site-packages/airflow/example_dags/tutorial_objectstorage.py
[2025-12-08T08:37:11.136+0000] {processor.py:914} INFO - Processing file /home/airflow/.local/lib/python3.12/site-packages/airflow/example_dags/tutorial_objectstorage.py for tasks to queue
[2025-12-08T08:37:11.138+0000] {logging_mixin.py:190} INFO - [2025-12-08T08:37:11.138+0000] {dagbag.py:587} INFO - Filling up the DagBag from /home/airflow/.local/lib/python3.12/site-packages/airflow/example_dags/tutorial_objectstorage.py
[2025-12-08T08:37:11.146+0000] {processor.py:925} INFO - DAG(s) 'tutorial_objectstorage' retrieved from /home/airflow/.local/lib/python3.12/site-packages/airflow/example_dags/tutorial_objectstorage.py
[2025-12-08T08:37:11.167+0000] {logging_mixin.py:190} INFO - [2025-12-08T08:37:11.167+0000] {dag.py:3211} INFO - Sync 1 DAGs
[2025-12-08T08:37:11.181+0000] {logging_mixin.py:190} INFO - [2025-12-08T08:37:11.181+0000] {dag.py:4138} INFO - Setting next_dagrun for tutorial_objectstorage to None, run_after=None
[2025-12-08T08:37:11.203+0000] {processor.py:208} INFO - Processing /home/airflow/.local/lib/python3.12/site-packages/airflow/example_dags/tutorial_objectstorage.py took 0.074 seconds
[2025-12-08T08:37:41.314+0000] {processor.py:186} INFO - Started process (PID=8903) to work on /home/airflow/.local/lib/python3.12/site-packages/airflow/example_dags/tutorial_objectstorage.py
[2025-12-08T08:37:41.315+0000] {processor.py:914} INFO - Processing file /home/airflow/.local/lib/python3.12/site-packages/airflow/example_dags/tutorial_objectstorage.py for tasks to queue
[2025-12-08T08:37:41.319+0000] {logging_mixin.py:190} INFO - [2025-12-08T08:37:41.318+0000] {dagbag.py:587} INFO - Filling up the DagBag from /home/airflow/.local/lib/python3.12/site-packages/airflow/example_dags/tutorial_objectstorage.py
[2025-12-08T08:37:41.328+0000] {processor.py:925} INFO - DAG(s) 'tutorial_objectstorage' retrieved from /home/airflow/.local/lib/python3.12/site-packages/airflow/example_dags/tutorial_objectstorage.py
[2025-12-08T08:37:41.354+0000] {logging_mixin.py:190} INFO - [2025-12-08T08:37:41.353+0000] {dag.py:3211} INFO - Sync 1 DAGs
[2025-12-08T08:37:41.368+0000] {logging_mixin.py:190} INFO - [2025-12-08T08:37:41.368+0000] {dag.py:4138} INFO - Setting next_dagrun for tutorial_objectstorage to None, run_after=None
[2025-12-08T08:37:41.393+0000] {processor.py:208} INFO - Processing /home/airflow/.local/lib/python3.12/site-packages/airflow/example_dags/tutorial_objectstorage.py took 0.085 seconds
[2025-12-08T08:38:11.566+0000] {processor.py:186} INFO - Started process (PID=8966) to work on /home/airflow/.local/lib/python3.12/site-packages/airflow/example_dags/tutorial_objectstorage.py
[2025-12-08T08:38:11.568+0000] {processor.py:914} INFO - Processing file /home/airflow/.local/lib/python3.12/site-packages/airflow/example_dags/tutorial_objectstorage.py for tasks to queue
[2025-12-08T08:38:11.572+0000] {logging_mixin.py:190} INFO - [2025-12-08T08:38:11.572+0000] {dagbag.py:587} INFO - Filling up the DagBag from /home/airflow/.local/lib/python3.12/site-packages/airflow/example_dags/tutorial_objectstorage.py
[2025-12-08T08:38:11.583+0000] {processor.py:925} INFO - DAG(s) 'tutorial_objectstorage' retrieved from /home/airflow/.local/lib/python3.12/site-packages/airflow/example_dags/tutorial_objectstorage.py
[2025-12-08T08:38:11.608+0000] {logging_mixin.py:190} INFO - [2025-12-08T08:38:11.608+0000] {dag.py:3211} INFO - Sync 1 DAGs
[2025-12-08T08:38:11.622+0000] {logging_mixin.py:190} INFO - [2025-12-08T08:38:11.622+0000] {dag.py:4138} INFO - Setting next_dagrun for tutorial_objectstorage to None, run_after=None
[2025-12-08T08:38:11.643+0000] {processor.py:208} INFO - Processing /home/airflow/.local/lib/python3.12/site-packages/airflow/example_dags/tutorial_objectstorage.py took 0.088 seconds
[2025-12-08T08:38:42.316+0000] {processor.py:186} INFO - Started process (PID=9029) to work on /home/airflow/.local/lib/python3.12/site-packages/airflow/example_dags/tutorial_objectstorage.py
[2025-12-08T08:38:42.319+0000] {processor.py:914} INFO - Processing file /home/airflow/.local/lib/python3.12/site-packages/airflow/example_dags/tutorial_objectstorage.py for tasks to queue
[2025-12-08T08:38:42.323+0000] {logging_mixin.py:190} INFO - [2025-12-08T08:38:42.323+0000] {dagbag.py:587} INFO - Filling up the DagBag from /home/airflow/.local/lib/python3.12/site-packages/airflow/example_dags/tutorial_objectstorage.py
[2025-12-08T08:38:42.338+0000] {processor.py:925} INFO - DAG(s) 'tutorial_objectstorage' retrieved from /home/airflow/.local/lib/python3.12/site-packages/airflow/example_dags/tutorial_objectstorage.py
[2025-12-08T08:38:42.365+0000] {logging_mixin.py:190} INFO - [2025-12-08T08:38:42.365+0000] {dag.py:3211} INFO - Sync 1 DAGs
[2025-12-08T08:38:42.382+0000] {logging_mixin.py:190} INFO - [2025-12-08T08:38:42.381+0000] {dag.py:4138} INFO - Setting next_dagrun for tutorial_objectstorage to None, run_after=None
[2025-12-08T08:38:42.407+0000] {processor.py:208} INFO - Processing /home/airflow/.local/lib/python3.12/site-packages/airflow/example_dags/tutorial_objectstorage.py took 0.102 seconds
[2025-12-08T08:39:12.767+0000] {processor.py:186} INFO - Started process (PID=9092) to work on /home/airflow/.local/lib/python3.12/site-packages/airflow/example_dags/tutorial_objectstorage.py
[2025-12-08T08:39:12.769+0000] {processor.py:914} INFO - Processing file /home/airflow/.local/lib/python3.12/site-packages/airflow/example_dags/tutorial_objectstorage.py for tasks to queue
[2025-12-08T08:39:12.778+0000] {logging_mixin.py:190} INFO - [2025-12-08T08:39:12.777+0000] {dagbag.py:587} INFO - Filling up the DagBag from /home/airflow/.local/lib/python3.12/site-packages/airflow/example_dags/tutorial_objectstorage.py
[2025-12-08T08:39:12.796+0000] {processor.py:925} INFO - DAG(s) 'tutorial_objectstorage' retrieved from /home/airflow/.local/lib/python3.12/site-packages/airflow/example_dags/tutorial_objectstorage.py
[2025-12-08T08:39:12.839+0000] {logging_mixin.py:190} INFO - [2025-12-08T08:39:12.839+0000] {dag.py:3211} INFO - Sync 1 DAGs
[2025-12-08T08:39:12.862+0000] {logging_mixin.py:190} INFO - [2025-12-08T08:39:12.861+0000] {dag.py:4138} INFO - Setting next_dagrun for tutorial_objectstorage to None, run_after=None
[2025-12-08T08:39:12.895+0000] {processor.py:208} INFO - Processing /home/airflow/.local/lib/python3.12/site-packages/airflow/example_dags/tutorial_objectstorage.py took 0.138 seconds
[2025-12-08T08:39:43.685+0000] {processor.py:186} INFO - Started process (PID=9155) to work on /home/airflow/.local/lib/python3.12/site-packages/airflow/example_dags/tutorial_objectstorage.py
[2025-12-08T08:39:43.687+0000] {processor.py:914} INFO - Processing file /home/airflow/.local/lib/python3.12/site-packages/airflow/example_dags/tutorial_objectstorage.py for tasks to queue
[2025-12-08T08:39:43.692+0000] {logging_mixin.py:190} INFO - [2025-12-08T08:39:43.691+0000] {dagbag.py:587} INFO - Filling up the DagBag from /home/airflow/.local/lib/python3.12/site-packages/airflow/example_dags/tutorial_objectstorage.py
[2025-12-08T08:39:43.702+0000] {processor.py:925} INFO - DAG(s) 'tutorial_objectstorage' retrieved from /home/airflow/.local/lib/python3.12/site-packages/airflow/example_dags/tutorial_objectstorage.py
[2025-12-08T08:39:43.724+0000] {logging_mixin.py:190} INFO - [2025-12-08T08:39:43.724+0000] {dag.py:3211} INFO - Sync 1 DAGs
[2025-12-08T08:39:43.739+0000] {logging_mixin.py:190} INFO - [2025-12-08T08:39:43.739+0000] {dag.py:4138} INFO - Setting next_dagrun for tutorial_objectstorage to None, run_after=None
[2025-12-08T08:39:43.768+0000] {processor.py:208} INFO - Processing /home/airflow/.local/lib/python3.12/site-packages/airflow/example_dags/tutorial_objectstorage.py took 0.092 seconds
[2025-12-08T08:40:14.310+0000] {processor.py:186} INFO - Started process (PID=9218) to work on /home/airflow/.local/lib/python3.12/site-packages/airflow/example_dags/tutorial_objectstorage.py
[2025-12-08T08:40:14.312+0000] {processor.py:914} INFO - Processing file /home/airflow/.local/lib/python3.12/site-packages/airflow/example_dags/tutorial_objectstorage.py for tasks to queue
[2025-12-08T08:40:14.315+0000] {logging_mixin.py:190} INFO - [2025-12-08T08:40:14.314+0000] {dagbag.py:587} INFO - Filling up the DagBag from /home/airflow/.local/lib/python3.12/site-packages/airflow/example_dags/tutorial_objectstorage.py
[2025-12-08T08:40:14.325+0000] {processor.py:925} INFO - DAG(s) 'tutorial_objectstorage' retrieved from /home/airflow/.local/lib/python3.12/site-packages/airflow/example_dags/tutorial_objectstorage.py
[2025-12-08T08:40:14.349+0000] {logging_mixin.py:190} INFO - [2025-12-08T08:40:14.348+0000] {dag.py:3211} INFO - Sync 1 DAGs
[2025-12-08T08:40:14.547+0000] {logging_mixin.py:190} INFO - [2025-12-08T08:40:14.547+0000] {dag.py:4138} INFO - Setting next_dagrun for tutorial_objectstorage to None, run_after=None
[2025-12-08T08:40:14.576+0000] {processor.py:208} INFO - Processing /home/airflow/.local/lib/python3.12/site-packages/airflow/example_dags/tutorial_objectstorage.py took 0.276 seconds
[2025-12-08T08:40:45.077+0000] {processor.py:186} INFO - Started process (PID=9281) to work on /home/airflow/.local/lib/python3.12/site-packages/airflow/example_dags/tutorial_objectstorage.py
[2025-12-08T08:40:45.079+0000] {processor.py:914} INFO - Processing file /home/airflow/.local/lib/python3.12/site-packages/airflow/example_dags/tutorial_objectstorage.py for tasks to queue
[2025-12-08T08:40:45.082+0000] {logging_mixin.py:190} INFO - [2025-12-08T08:40:45.081+0000] {dagbag.py:587} INFO - Filling up the DagBag from /home/airflow/.local/lib/python3.12/site-packages/airflow/example_dags/tutorial_objectstorage.py
[2025-12-08T08:40:45.098+0000] {processor.py:925} INFO - DAG(s) 'tutorial_objectstorage' retrieved from /home/airflow/.local/lib/python3.12/site-packages/airflow/example_dags/tutorial_objectstorage.py
[2025-12-08T08:40:45.143+0000] {logging_mixin.py:190} INFO - [2025-12-08T08:40:45.142+0000] {dag.py:3211} INFO - Sync 1 DAGs
[2025-12-08T08:40:45.195+0000] {logging_mixin.py:190} INFO - [2025-12-08T08:40:45.194+0000] {dag.py:4138} INFO - Setting next_dagrun for tutorial_objectstorage to None, run_after=None
[2025-12-08T08:40:45.588+0000] {processor.py:208} INFO - Processing /home/airflow/.local/lib/python3.12/site-packages/airflow/example_dags/tutorial_objectstorage.py took 0.515 seconds
[2025-12-08T08:41:16.395+0000] {processor.py:186} INFO - Started process (PID=9344) to work on /home/airflow/.local/lib/python3.12/site-packages/airflow/example_dags/tutorial_objectstorage.py
[2025-12-08T08:41:16.397+0000] {processor.py:914} INFO - Processing file /home/airflow/.local/lib/python3.12/site-packages/airflow/example_dags/tutorial_objectstorage.py for tasks to queue
[2025-12-08T08:41:16.400+0000] {logging_mixin.py:190} INFO - [2025-12-08T08:41:16.400+0000] {dagbag.py:587} INFO - Filling up the DagBag from /home/airflow/.local/lib/python3.12/site-packages/airflow/example_dags/tutorial_objectstorage.py
[2025-12-08T08:41:16.411+0000] {processor.py:925} INFO - DAG(s) 'tutorial_objectstorage' retrieved from /home/airflow/.local/lib/python3.12/site-packages/airflow/example_dags/tutorial_objectstorage.py
[2025-12-08T08:41:16.433+0000] {logging_mixin.py:190} INFO - [2025-12-08T08:41:16.433+0000] {dag.py:3211} INFO - Sync 1 DAGs
[2025-12-08T08:41:16.447+0000] {logging_mixin.py:190} INFO - [2025-12-08T08:41:16.446+0000] {dag.py:4138} INFO - Setting next_dagrun for tutorial_objectstorage to None, run_after=None
[2025-12-08T08:41:16.470+0000] {processor.py:208} INFO - Processing /home/airflow/.local/lib/python3.12/site-packages/airflow/example_dags/tutorial_objectstorage.py took 0.081 seconds
[2025-12-08T08:41:47.170+0000] {processor.py:186} INFO - Started process (PID=9408) to work on /home/airflow/.local/lib/python3.12/site-packages/airflow/example_dags/tutorial_objectstorage.py
[2025-12-08T08:41:47.172+0000] {processor.py:914} INFO - Processing file /home/airflow/.local/lib/python3.12/site-packages/airflow/example_dags/tutorial_objectstorage.py for tasks to queue
[2025-12-08T08:41:47.178+0000] {logging_mixin.py:190} INFO - [2025-12-08T08:41:47.177+0000] {dagbag.py:587} INFO - Filling up the DagBag from /home/airflow/.local/lib/python3.12/site-packages/airflow/example_dags/tutorial_objectstorage.py
[2025-12-08T08:41:47.201+0000] {processor.py:925} INFO - DAG(s) 'tutorial_objectstorage' retrieved from /home/airflow/.local/lib/python3.12/site-packages/airflow/example_dags/tutorial_objectstorage.py
[2025-12-08T08:41:47.236+0000] {logging_mixin.py:190} INFO - [2025-12-08T08:41:47.235+0000] {dag.py:3211} INFO - Sync 1 DAGs
[2025-12-08T08:41:47.256+0000] {logging_mixin.py:190} INFO - [2025-12-08T08:41:47.255+0000] {dag.py:4138} INFO - Setting next_dagrun for tutorial_objectstorage to None, run_after=None
[2025-12-08T08:41:47.288+0000] {processor.py:208} INFO - Processing /home/airflow/.local/lib/python3.12/site-packages/airflow/example_dags/tutorial_objectstorage.py took 0.130 seconds
[2025-12-08T08:42:18.014+0000] {processor.py:186} INFO - Started process (PID=9471) to work on /home/airflow/.local/lib/python3.12/site-packages/airflow/example_dags/tutorial_objectstorage.py
[2025-12-08T08:42:18.020+0000] {processor.py:914} INFO - Processing file /home/airflow/.local/lib/python3.12/site-packages/airflow/example_dags/tutorial_objectstorage.py for tasks to queue
[2025-12-08T08:42:18.027+0000] {logging_mixin.py:190} INFO - [2025-12-08T08:42:18.026+0000] {dagbag.py:587} INFO - Filling up the DagBag from /home/airflow/.local/lib/python3.12/site-packages/airflow/example_dags/tutorial_objectstorage.py
[2025-12-08T08:42:18.046+0000] {processor.py:925} INFO - DAG(s) 'tutorial_objectstorage' retrieved from /home/airflow/.local/lib/python3.12/site-packages/airflow/example_dags/tutorial_objectstorage.py
[2025-12-08T08:42:18.093+0000] {logging_mixin.py:190} INFO - [2025-12-08T08:42:18.092+0000] {dag.py:3211} INFO - Sync 1 DAGs
[2025-12-08T08:42:18.118+0000] {logging_mixin.py:190} INFO - [2025-12-08T08:42:18.118+0000] {dag.py:4138} INFO - Setting next_dagrun for tutorial_objectstorage to None, run_after=None
[2025-12-08T08:42:18.166+0000] {processor.py:208} INFO - Processing /home/airflow/.local/lib/python3.12/site-packages/airflow/example_dags/tutorial_objectstorage.py took 0.164 seconds
[2025-12-08T08:42:48.295+0000] {processor.py:186} INFO - Started process (PID=9534) to work on /home/airflow/.local/lib/python3.12/site-packages/airflow/example_dags/tutorial_objectstorage.py
[2025-12-08T08:42:48.297+0000] {processor.py:914} INFO - Processing file /home/airflow/.local/lib/python3.12/site-packages/airflow/example_dags/tutorial_objectstorage.py for tasks to queue
[2025-12-08T08:42:48.300+0000] {logging_mixin.py:190} INFO - [2025-12-08T08:42:48.300+0000] {dagbag.py:587} INFO - Filling up the DagBag from /home/airflow/.local/lib/python3.12/site-packages/airflow/example_dags/tutorial_objectstorage.py
[2025-12-08T08:42:48.312+0000] {processor.py:925} INFO - DAG(s) 'tutorial_objectstorage' retrieved from /home/airflow/.local/lib/python3.12/site-packages/airflow/example_dags/tutorial_objectstorage.py
[2025-12-08T08:42:48.335+0000] {logging_mixin.py:190} INFO - [2025-12-08T08:42:48.335+0000] {dag.py:3211} INFO - Sync 1 DAGs
[2025-12-08T08:42:48.349+0000] {logging_mixin.py:190} INFO - [2025-12-08T08:42:48.348+0000] {dag.py:4138} INFO - Setting next_dagrun for tutorial_objectstorage to None, run_after=None
[2025-12-08T08:42:48.376+0000] {processor.py:208} INFO - Processing /home/airflow/.local/lib/python3.12/site-packages/airflow/example_dags/tutorial_objectstorage.py took 0.090 seconds
